order_id,customer_id,product_id,order_date,quantity,unit_price,discount_rate,total_amount,payment_method,order_status,category
O00000001,C000362,P000007,2024-01-28,1,3648.4,0.0,0.0,花呗,已完成,电子产品
O00000002,C000016,P000015,2024-10-22,2,211.1,0.0,0.0,微信支付,已取消,服装
O00000003,C000240,P000001,2023-05-24,1,1948.13,0.85,1655.91,花呗,已完成,电子产品
O00000004,C000144,P000033,2024-01-03,1,787.6,0.0,0.0,微信支付,退货中,美妆
O00000005,C000383,P000016,2024-07-29,3,312.16,0.0,0.0,信用卡,已完成,服装
O00000006,C000332,P000015,2024-03-30,1,211.1,0.0,0.0,支付宝,已完成,服装
O00000007,C000058,P000020,2023-08-14,3,2094.02,0.0,0.0,花呗,已完成,家居
O00000008,C000357,P000039,2024-04-13,1,503.15,0.85,427.68,信用卡,已完成,美妆
O00000009,C000136,P000020,2023-04-26,2,2094.02,0.0,0.0,花呗,已完成,家居
O00000010,C000320,P000007,2024-01-11,3,3648.4,0.85,9303.42,信用卡,已完成,电子产品
O00000011,C000102,P000037,2024-03-11,2,232.01,0.85,394.42,微信支付,已完成,美妆
O00000012,C000227,P000004,2023-02-03,1,4506.63,0.0,0.0,支付宝,已完成,电子产品
O00000013,C000313,P000027,2023-05-01,1,196.89,0.0,0.0,花呗,已发货,食品
O00000014,C000165,P000037,2024-12-28,2,232.01,0.0,0.0,花呗,已完成,美妆
O00000015,C000269,P000025,2023-07-31,1,175.23,0.85,148.95,花呗,已发货,食品
O00000016,C000487,P000027,2023-10-15,1,196.89,0.0,0.0,银行卡,已完成,食品
O00000017,C000334,P000005,2023-10-01,1,806.54,0.0,0.0,支付宝,退货中,电子产品
O00000018,C000130,P000021,2024-02-26,1,1114.1,0.7,779.87,微信支付,已取消,家居
O00000019,C000121,P000039,2023-05-16,2,503.15,0.9,905.67,微信支付,已完成,美妆
O00000020,C000014,P000010,2024-11-23,3,783.56,0.0,0.0,银行卡,已完成,服装
O00000021,C000108,P000015,2024-01-20,2,211.1,0.9,379.98,支付宝,已完成,服装
O00000022,C000053,P000025,2023-10-12,1,175.23,0.8,140.18,信用卡,已完成,食品
O00000023,C000002,P000008,2023-12-02,4,3065.33,0.8,9809.06,支付宝,已完成,电子产品
O00000024,C000212,P000021,2024-04-14,2,1114.1,0.9,2005.38,支付宝,已完成,家居
O00000025,C000456,P000025,2024-02-12,3,175.23,0.0,0.0,微信支付,已完成,食品
O00000026,C000361,P000006,2023-11-27,1,4189.79,0.0,0.0,花呗,已发货,电子产品
O00000027,C000099,P000022,2024-05-11,1,2860.42,0.8,2288.34,支付宝,已发货,家居
O00000028,C000237,P000001,2024-10-03,1,1948.13,0.0,0.0,支付宝,已发货,电子产品
O00000029,C000260,P000038,2023-06-11,4,117.96,0.0,0.0,信用卡,已完成,美妆
O00000030,C000111,P000017,2024-12-06,1,610.78,0.8,488.62,银行卡,已取消,家居
O00000031,C000329,P000024,2023-10-08,1,2154.25,0.0,0.0,支付宝,已完成,家居
O00000032,C000250,P000038,2024-10-26,1,117.96,0.0,0.0,银行卡,已完成,美妆
O00000033,C000297,P000009,2023-08-28,2,516.07,0.0,0.0,支付宝,已完成,服装
O00000034,C000098,P000012,2024-05-03,1,773.28,0.0,0.0,花呗,已完成,服装
O00000035,C000149,P000012,2023-01-10,2,773.28,0.0,0.0,支付宝,已完成,服装
O00000036,C000481,P000034,2024-03-08,5,644.27,0.0,0.0,微信支付,已完成,美妆
O00000037,C000308,P000036,2023-04-15,1,642.93,0.0,0.0,银行卡,已完成,美妆
O00000038,C000172,P000014,2023-05-17,1,443.12,0.9,398.81,支付宝,已完成,服装
O00000039,C000418,P000004,2023-01-09,2,4506.63,0.0,0.0,银行卡,已完成,电子产品
O00000040,C000217,P000037,2024-10-05,2,232.01,0.8,371.22,花呗,已发货,美妆
O00000041,C000431,P000021,2023-08-11,2,1114.1,0.0,0.0,支付宝,已完成,家居
O00000042,C000312,P000021,2024-01-29,2,1114.1,0.0,0.0,微信支付,已完成,家居
O00000043,C000483,P000027,2024-10-22,1,196.89,0.0,0.0,花呗,已完成,食品
O00000044,C000325,P000015,2023-10-19,2,211.1,0.9,379.98,银行卡,已发货,服装
O00000045,C000053,P000014,2024-09-13,1,443.12,0.9,398.81,银行卡,已完成,服装
O00000046,C000424,P000025,2023-09-03,2,175.23,0.0,0.0,信用卡,已完成,食品
O00000047,C000028,P000005,2023-03-14,2,806.54,0.7,1129.16,银行卡,已完成,电子产品
O00000048,C000185,P000025,2023-05-16,4,175.23,0.85,595.78,信用卡,已完成,食品
O00000049,C000188,P000015,2024-11-30,1,211.1,0.0,0.0,支付宝,已完成,服装
O00000050,C000001,P000026,2023-03-11,1,183.74,0.0,0.0,支付宝,已完成,食品
O00000051,C000379,P000006,2024-02-12,4,4189.79,0.9,15083.24,花呗,已完成,电子产品
O00000052,C000106,P000005,2024-03-09,3,806.54,0.0,0.0,花呗,已发货,电子产品
O00000053,C000226,P000006,2023-06-06,2,4189.79,0.0,0.0,花呗,已完成,电子产品
O00000054,C000093,P000040,2023-06-09,4,138.85,0.0,0.0,支付宝,已完成,美妆
O00000055,C000460,P000015,2024-03-23,1,211.1,0.85,179.44,支付宝,已发货,服装
O00000056,C000098,P000025,2024-03-20,1,175.23,0.9,157.71,支付宝,已完成,食品
O00000057,C000291,P000015,2024-11-04,1,211.1,0.0,0.0,微信支付,已发货,服装
O00000058,C000204,P000017,2023-06-17,2,610.78,0.0,0.0,花呗,已完成,家居
O00000059,C000057,P000037,2023-09-23,3,232.01,0.0,0.0,银行卡,已完成,美妆
O00000060,C000168,P000032,2023-05-01,2,22.76,0.0,0.0,信用卡,已发货,食品
O00000061,C000247,P000004,2023-03-07,1,4506.63,0.7,3154.64,支付宝,已完成,电子产品
O00000062,C000443,P000035,2024-06-07,1,181.94,0.0,0.0,花呗,已完成,美妆
O00000063,C000169,P000021,2023-06-11,1,1114.1,0.0,0.0,花呗,已完成,家居
O00000064,C000439,P000034,2023-04-29,2,644.27,0.0,0.0,支付宝,已完成,美妆
O00000065,C000237,P000023,2023-01-13,3,2547.93,0.0,0.0,信用卡,已完成,家居
O00000066,C000212,P000037,2023-07-03,4,232.01,0.8,742.43,花呗,已取消,美妆
O00000067,C000186,P000004,2024-11-02,3,4506.63,0.0,0.0,信用卡,已完成,电子产品
O00000068,C000208,P000026,2023-11-24,4,183.74,0.0,0.0,银行卡,已完成,食品
O00000069,C000347,P000040,2024-11-20,1,138.85,0.0,0.0,花呗,已取消,美妆
O00000070,C000257,P000002,2024-02-15,5,3943.44,0.0,0.0,银行卡,已完成,电子产品
O00000071,C000453,P000037,2023-11-15,3,232.01,0.0,0.0,支付宝,已完成,美妆
O00000072,C000029,P000035,2023-10-26,1,181.94,0.0,0.0,花呗,已完成,美妆
O00000073,C000109,P000017,2024-01-13,1,610.78,0.0,0.0,微信支付,已完成,家居
O00000074,C000392,P000032,2024-07-13,2,22.76,0.0,0.0,支付宝,已发货,食品
O00000075,C000456,P000035,2023-01-25,4,181.94,0.0,0.0,支付宝,已完成,美妆
O00000076,C000024,P000030,2023-01-02,4,66.13,0.0,0.0,银行卡,已发货,食品
O00000077,C000267,P000012,2024-06-26,1,773.28,0.0,0.0,支付宝,退货中,服装
O00000078,C000327,P000036,2023-05-26,5,642.93,0.0,0.0,微信支付,已发货,美妆
O00000079,C000162,P000012,2024-06-16,3,773.28,0.8,1855.87,信用卡,已完成,服装
O00000080,C000100,P000040,2023-03-28,5,138.85,0.0,0.0,信用卡,已完成,美妆
O00000081,C000237,P000022,2024-08-04,1,2860.42,0.9,2574.38,微信支付,已完成,家居
O00000082,C000217,P000023,2023-09-25,1,2547.93,0.8,2038.34,信用卡,待发货,家居
O00000083,C000257,P000025,2023-12-01,2,175.23,0.0,0.0,支付宝,已完成,食品
O00000084,C000487,P000024,2023-05-20,4,2154.25,0.0,0.0,微信支付,已发货,家居
O00000085,C000470,P000024,2024-04-05,1,2154.25,0.0,0.0,花呗,已完成,家居
O00000086,C000298,P000037,2023-08-01,1,232.01,0.0,0.0,支付宝,已完成,美妆
O00000087,C000069,P000007,2024-12-03,1,3648.4,0.9,3283.56,花呗,已完成,电子产品
O00000088,C000315,P000005,2023-12-02,1,806.54,0.9,725.89,银行卡,已完成,电子产品
O00000089,C000476,P000024,2023-02-20,1,2154.25,0.0,0.0,微信支付,已完成,家居
O00000090,C000464,P000006,2024-02-19,1,4189.79,0.0,0.0,花呗,待发货,电子产品
O00000091,C000053,P000031,2024-04-18,1,96.51,0.85,82.03,支付宝,已完成,食品
O00000092,C000372,P000013,2023-08-16,1,74.95,0.85,63.71,银行卡,已完成,服装
O00000093,C000055,P000008,2024-10-22,2,3065.33,0.0,0.0,支付宝,已完成,电子产品
O00000094,C000148,P000016,2023-03-08,1,312.16,0.9,280.94,微信支付,已完成,服装
O00000095,C000454,P000031,2023-12-06,1,96.51,0.8,77.21,支付宝,已完成,食品
O00000096,C000268,P000016,2024-08-10,1,312.16,0.9,280.94,信用卡,已完成,服装
O00000097,C000296,P000027,2024-11-30,1,196.89,0.0,0.0,微信支付,已完成,食品
O00000098,C000239,P000034,2024-04-01,1,644.27,0.0,0.0,花呗,待发货,美妆
O00000099,C000433,P000003,2024-10-24,2,4516.24,0.0,0.0,花呗,已完成,电子产品
O00000100,C000346,P000017,2023-03-31,1,610.78,0.0,0.0,微信支付,已完成,家居
O00000101,C000120,P000019,2024-06-22,2,982.38,0.7,1375.33,花呗,已完成,家居
O00000102,C000317,P000030,2024-01-27,3,66.13,0.0,0.0,花呗,已发货,食品
O00000103,C000052,P000005,2023-12-19,3,806.54,0.0,0.0,信用卡,已取消,电子产品
O00000104,C000393,P000021,2023-01-27,1,1114.1,0.0,0.0,银行卡,已完成,家居
O00000105,C000434,P000038,2024-04-28,1,117.96,0.85,100.27,微信支付,已完成,美妆
O00000106,C000476,P000029,2023-04-13,5,84.32,0.0,0.0,花呗,已完成,食品
O00000107,C000180,P000004,2023-02-27,3,4506.63,0.8,10815.91,花呗,已发货,电子产品
O00000108,C000357,P000018,2024-02-02,3,2590.73,0.85,6606.36,微信支付,已完成,家居
O00000109,C000060,P000021,2024-08-29,1,1114.1,0.9,1002.69,银行卡,已完成,家居
O00000110,C000466,P000004,2023-01-29,4,4506.63,0.0,0.0,花呗,已发货,电子产品
O00000111,C000046,P000013,2024-07-30,2,74.95,0.85,127.42,信用卡,已取消,服装
O00000112,C000290,P000026,2023-06-29,2,183.74,0.0,0.0,微信支付,已完成,食品
O00000113,C000451,P000019,2023-01-21,2,982.38,0.0,0.0,花呗,已完成,家居
O00000114,C000187,P000019,2023-05-14,1,982.38,0.0,0.0,银行卡,已完成,家居
O00000115,C000472,P000013,2023-06-01,1,74.95,0.8,59.96,支付宝,已完成,服装
O00000116,C000047,P000032,2024-01-09,3,22.76,0.0,0.0,信用卡,退货中,食品
O00000117,C000408,P000030,2023-12-11,2,66.13,0.0,0.0,微信支付,已完成,食品
O00000118,C000062,P000040,2024-03-23,2,138.85,0.7,194.39,银行卡,已发货,美妆
O00000119,C000155,P000034,2024-07-29,1,644.27,0.8,515.42,银行卡,已完成,美妆
O00000120,C000465,P000028,2024-08-26,1,28.74,0.0,0.0,银行卡,已发货,食品
O00000121,C000294,P000014,2023-01-02,1,443.12,0.8,354.5,信用卡,已取消,服装
O00000122,C000381,P000017,2024-08-04,3,610.78,0.9,1649.11,花呗,已完成,家居
O00000123,C000057,P000012,2024-08-02,1,773.28,0.0,0.0,银行卡,已完成,服装
O00000124,C000050,P000015,2023-09-01,2,211.1,0.0,0.0,支付宝,已完成,服装
O00000125,C000187,P000005,2024-11-17,3,806.54,0.8,1935.7,信用卡,已完成,电子产品
O00000126,C000351,P000039,2023-08-03,1,503.15,0.0,0.0,银行卡,已完成,美妆
O00000127,C000293,P000021,2023-01-02,3,1114.1,0.0,0.0,信用卡,已完成,家居
O00000128,C000125,P000004,2024-02-28,4,4506.63,0.0,0.0,花呗,已完成,电子产品
O00000129,C000345,P000024,2024-05-05,1,2154.25,0.0,0.0,微信支付,已发货,家居
O00000130,C000146,P000033,2023-03-17,1,787.6,0.0,0.0,支付宝,已发货,美妆
O00000131,C000408,P000015,2023-04-18,1,211.1,0.0,0.0,信用卡,已完成,服装
O00000132,C000113,P000037,2023-03-18,1,232.01,0.8,185.61,支付宝,已完成,美妆
O00000133,C000171,P000020,2024-09-20,1,2094.02,0.9,1884.62,信用卡,待发货,家居
O00000134,C000353,P000011,2023-06-18,4,652.21,0.0,0.0,支付宝,已完成,服装
O00000135,C000231,P000036,2023-07-30,1,642.93,0.0,0.0,花呗,退货中,美妆
O00000136,C000432,P000038,2024-07-07,2,117.96,0.0,0.0,微信支付,已完成,美妆
O00000137,C000205,P000005,2024-02-07,1,806.54,0.85,685.56,微信支付,已完成,电子产品
O00000138,C000049,P000009,2023-01-04,1,516.07,0.0,0.0,花呗,已完成,服装
O00000139,C000253,P000011,2023-04-10,1,652.21,0.0,0.0,银行卡,已完成,服装
O00000140,C000066,P000019,2024-04-29,5,982.38,0.0,0.0,信用卡,已发货,家居
O00000141,C000222,P000016,2024-11-07,1,312.16,0.9,280.94,信用卡,已完成,服装
O00000142,C000380,P000040,2024-01-26,1,138.85,0.0,0.0,银行卡,已完成,美妆
O00000143,C000171,P000008,2023-09-27,1,3065.33,0.0,0.0,支付宝,已完成,电子产品
O00000144,C000046,P000024,2024-12-14,1,2154.25,0.0,0.0,银行卡,已完成,家居
O00000145,C000430,P000028,2024-02-28,3,28.74,0.0,0.0,花呗,退货中,食品
O00000146,C000335,P000012,2024-02-01,1,773.28,0.0,0.0,花呗,已发货,服装
O00000147,C000453,P000033,2024-05-01,2,787.6,0.0,0.0,银行卡,已完成,美妆
O00000148,C000094,P000008,2023-02-05,1,3065.33,0.8,2452.26,花呗,已完成,电子产品
O00000149,C000256,P000032,2024-09-27,2,22.76,0.8,36.42,信用卡,已完成,食品
O00000150,C000193,P000002,2023-06-21,1,3943.44,0.85,3351.92,微信支付,退货中,电子产品
O00000151,C000003,P000037,2023-03-22,1,232.01,0.0,0.0,微信支付,退货中,美妆
O00000152,C000194,P000037,2023-09-22,3,232.01,0.9,626.43,支付宝,已完成,美妆
O00000153,C000183,P000011,2024-07-23,1,652.21,0.0,0.0,银行卡,已完成,服装
O00000154,C000020,P000034,2023-01-13,2,644.27,0.9,1159.69,花呗,已发货,美妆
O00000155,C000385,P000036,2023-04-26,3,642.93,0.0,0.0,花呗,已完成,美妆
O00000156,C000164,P000034,2023-04-13,2,644.27,0.0,0.0,支付宝,已取消,美妆
O00000157,C000097,P000015,2024-07-02,3,211.1,0.8,506.64,银行卡,待发货,服装
O00000158,C000142,P000034,2024-05-12,1,644.27,0.0,0.0,微信支付,已完成,美妆
O00000159,C000262,P000016,2023-05-28,1,312.16,0.9,280.94,信用卡,已完成,服装
O00000160,C000307,P000019,2023-12-06,1,982.38,0.0,0.0,信用卡,已完成,家居
O00000161,C000246,P000029,2024-01-17,4,84.32,0.85,286.69,银行卡,已完成,食品
O00000162,C000055,P000017,2024-05-18,1,610.78,0.9,549.7,微信支付,待发货,家居
O00000163,C000280,P000019,2024-03-29,1,982.38,0.0,0.0,信用卡,已发货,家居
O00000164,C000014,P000035,2023-04-02,2,181.94,0.0,0.0,信用卡,已完成,美妆
O00000165,C000328,P000025,2024-06-12,2,175.23,0.85,297.89,花呗,待发货,食品
O00000166,C000492,P000024,2023-03-09,3,2154.25,0.0,0.0,微信支付,已完成,家居
O00000167,C000305,P000022,2024-06-20,3,2860.42,0.0,0.0,微信支付,待发货,家居
O00000168,C000233,P000040,2023-07-25,3,138.85,0.0,0.0,信用卡,已发货,美妆
O00000169,C000357,P000028,2024-01-05,1,28.74,0.0,0.0,信用卡,已发货,食品
O00000170,C000246,P000010,2024-10-12,2,783.56,0.9,1410.41,微信支付,已取消,服装
O00000171,C000024,P000003,2024-08-31,1,4516.24,0.7,3161.37,信用卡,已完成,电子产品
O00000172,C000072,P000040,2023-12-25,2,138.85,0.85,236.04,银行卡,已完成,美妆
O00000173,C000261,P000008,2024-12-06,2,3065.33,0.0,0.0,支付宝,已完成,电子产品
O00000174,C000159,P000025,2024-08-08,1,175.23,0.0,0.0,微信支付,已发货,食品
O00000175,C000078,P000035,2024-11-24,2,181.94,0.9,327.49,花呗,已完成,美妆
O00000176,C000169,P000021,2024-11-29,1,1114.1,0.8,891.28,微信支付,已完成,家居
O00000177,C000457,P000014,2023-01-09,2,443.12,0.9,797.62,银行卡,已完成,服装
O00000178,C000444,P000016,2024-12-27,2,312.16,0.0,0.0,信用卡,已完成,服装
O00000179,C000359,P000019,2024-04-15,3,982.38,0.0,0.0,花呗,已完成,家居
O00000180,C000042,P000017,2024-02-11,3,610.78,0.0,0.0,银行卡,已完成,家居
O00000181,C000488,P000004,2024-08-31,2,4506.63,0.0,0.0,支付宝,已完成,电子产品
O00000182,C000188,P000018,2023-12-11,1,2590.73,0.9,2331.66,银行卡,退货中,家居
O00000183,C000014,P000028,2024-12-29,1,28.74,0.9,25.87,微信支付,退货中,食品
O00000184,C000092,P000008,2023-09-04,1,3065.33,0.85,2605.53,花呗,待发货,电子产品
O00000185,C000420,P000021,2023-11-24,1,1114.1,0.9,1002.69,信用卡,已完成,家居
O00000186,C000441,P000020,2023-09-23,5,2094.02,0.0,0.0,支付宝,已取消,家居
O00000187,C000128,P000021,2024-08-08,2,1114.1,0.0,0.0,微信支付,已发货,家居
O00000188,C000244,P000033,2024-10-15,2,787.6,0.8,1260.16,银行卡,已发货,美妆
O00000189,C000036,P000028,2023-06-24,2,28.74,0.8,45.98,微信支付,已发货,食品
O00000190,C000005,P000018,2024-04-27,1,2590.73,0.0,0.0,花呗,已完成,家居
O00000191,C000184,P000016,2023-07-07,3,312.16,0.8,749.18,支付宝,已取消,服装
O00000192,C000343,P000032,2023-08-17,1,22.76,0.0,0.0,银行卡,已发货,食品
O00000193,C000126,P000036,2024-08-22,1,642.93,0.8,514.34,信用卡,已完成,美妆
O00000194,C000317,P000032,2024-10-11,1,22.76,0.8,18.21,支付宝,已完成,食品
O00000195,C000341,P000029,2023-07-19,1,84.32,0.8,67.46,信用卡,已完成,食品
O00000196,C000180,P000007,2024-02-28,2,3648.4,0.8,5837.44,微信支付,已完成,电子产品
O00000197,C000340,P000034,2023-12-17,5,644.27,0.0,0.0,信用卡,已完成,美妆
O00000198,C000089,P000006,2023-07-04,1,4189.79,0.0,0.0,微信支付,已发货,电子产品
O00000199,C000426,P000017,2023-03-01,1,610.78,0.0,0.0,微信支付,已完成,家居
O00000200,C000109,P000036,2023-06-12,2,642.93,0.85,1092.98,支付宝,已完成,美妆
O00000201,C000310,P000007,2024-03-20,1,3648.4,0.0,0.0,信用卡,已完成,电子产品
O00000202,C000448,P000001,2023-02-08,1,1948.13,0.9,1753.32,支付宝,已完成,电子产品
O00000203,C000202,P000007,2024-06-27,3,3648.4,0.9,9850.68,微信支付,已完成,电子产品
O00000204,C000020,P000021,2023-12-19,1,1114.1,0.0,0.0,花呗,已完成,家居
O00000205,C000483,P000035,2023-06-21,2,181.94,0.0,0.0,银行卡,已完成,美妆
O00000206,C000433,P000016,2024-06-16,1,312.16,0.0,0.0,微信支付,已完成,服装
O00000207,C000019,P000037,2024-05-16,1,232.01,0.0,0.0,信用卡,已完成,美妆
O00000208,C000359,P000009,2023-08-18,1,516.07,0.0,0.0,支付宝,已发货,服装
O00000209,C000284,P000033,2023-06-23,2,787.6,0.9,1417.68,支付宝,已完成,美妆
O00000210,C000205,P000022,2024-10-17,1,2860.42,0.0,0.0,支付宝,已完成,家居
O00000211,C000047,P000015,2023-02-19,2,211.1,0.9,379.98,支付宝,已完成,服装
O00000212,C000126,P000018,2023-04-29,1,2590.73,0.0,0.0,花呗,已完成,家居
O00000213,C000134,P000020,2024-12-19,1,2094.02,0.9,1884.62,支付宝,已完成,家居
O00000214,C000372,P000012,2024-11-08,1,773.28,0.0,0.0,花呗,已完成,服装
O00000215,C000481,P000004,2023-05-21,2,4506.63,0.8,7210.61,花呗,已完成,电子产品
O00000216,C000082,P000035,2023-05-01,2,181.94,0.85,309.3,信用卡,已完成,美妆
O00000217,C000221,P000032,2023-07-24,1,22.76,0.85,19.35,微信支付,已发货,食品
O00000218,C000126,P000011,2024-02-24,1,652.21,0.0,0.0,信用卡,已完成,服装
O00000219,C000400,P000025,2024-12-05,4,175.23,0.0,0.0,支付宝,已取消,食品
O00000220,C000136,P000004,2023-04-02,1,4506.63,0.85,3830.64,信用卡,已取消,电子产品
O00000221,C000323,P000022,2023-04-03,1,2860.42,0.0,0.0,支付宝,已发货,家居
O00000222,C000499,P000014,2024-10-21,4,443.12,0.7,1240.74,银行卡,已完成,服装
O00000223,C000402,P000021,2023-02-21,1,1114.1,0.0,0.0,支付宝,已完成,家居
O00000224,C000152,P000018,2024-01-04,3,2590.73,0.0,0.0,支付宝,已发货,家居
O00000225,C000350,P000017,2023-02-16,1,610.78,0.0,0.0,微信支付,已完成,家居
O00000226,C000118,P000006,2024-03-24,1,4189.79,0.0,0.0,支付宝,退货中,电子产品
O00000227,C000155,P000020,2023-12-17,1,2094.02,0.0,0.0,信用卡,已完成,家居
O00000228,C000269,P000016,2024-01-30,1,312.16,0.0,0.0,信用卡,已完成,服装
O00000229,C000222,P000007,2023-06-20,2,3648.4,0.9,6567.12,支付宝,已完成,电子产品
O00000230,C000374,P000022,2023-06-13,5,2860.42,0.8,11441.68,信用卡,已完成,家居
O00000231,C000334,P000036,2024-11-25,3,642.93,0.9,1735.91,银行卡,已完成,美妆
O00000232,C000218,P000023,2024-12-01,2,2547.93,0.9,4586.27,微信支付,待发货,家居
O00000233,C000055,P000032,2024-05-14,1,22.76,0.0,0.0,支付宝,已完成,食品
O00000234,C000321,P000039,2024-11-01,1,503.15,0.9,452.84,花呗,已完成,美妆
O00000235,C000448,P000028,2024-08-13,3,28.74,0.0,0.0,银行卡,已发货,食品
O00000236,C000065,P000004,2024-12-05,2,4506.63,0.0,0.0,微信支付,已发货,电子产品
O00000237,C000299,P000032,2024-11-10,1,22.76,0.0,0.0,花呗,已完成,食品
O00000238,C000002,P000021,2024-09-19,3,1114.1,0.9,3008.07,微信支付,已完成,家居
O00000239,C000203,P000026,2024-04-25,2,183.74,0.8,293.98,支付宝,待发货,食品
O00000240,C000445,P000038,2023-11-25,3,117.96,0.7,247.72,支付宝,已完成,美妆
O00000241,C000188,P000018,2024-07-17,2,2590.73,0.0,0.0,微信支付,已完成,家居
O00000242,C000127,P000034,2024-03-30,1,644.27,0.0,0.0,信用卡,已发货,美妆
O00000243,C000133,P000030,2023-05-02,1,66.13,0.9,59.52,支付宝,退货中,食品
O00000244,C000350,P000032,2024-02-27,1,22.76,0.0,0.0,支付宝,已完成,食品
O00000245,C000319,P000009,2024-09-25,3,516.07,0.8,1238.57,花呗,已完成,服装
O00000246,C000430,P000020,2024-11-18,1,2094.02,0.0,0.0,支付宝,已完成,家居
O00000247,C000454,P000037,2024-04-10,3,232.01,0.85,591.63,花呗,已完成,美妆
O00000248,C000038,P000007,2024-11-03,1,3648.4,0.0,0.0,支付宝,已完成,电子产品
O00000249,C000365,P000008,2023-08-16,3,3065.33,0.0,0.0,银行卡,已完成,电子产品
O00000250,C000266,P000004,2024-01-18,2,4506.63,0.0,0.0,微信支付,已发货,电子产品
O00000251,C000475,P000008,2024-02-24,1,3065.33,0.9,2758.8,微信支付,已完成,电子产品
O00000252,C000041,P000022,2024-02-07,1,2860.42,0.85,2431.36,微信支付,已完成,家居
O00000253,C000308,P000028,2023-04-21,2,28.74,0.0,0.0,花呗,已发货,食品
O00000254,C000027,P000017,2024-04-06,1,610.78,0.0,0.0,花呗,已完成,家居
O00000255,C000257,P000002,2024-05-25,1,3943.44,0.9,3549.1,花呗,已完成,电子产品
O00000256,C000293,P000006,2024-08-22,4,4189.79,0.0,0.0,微信支付,已完成,电子产品
O00000257,C000471,P000033,2023-06-27,2,787.6,0.0,0.0,信用卡,已发货,美妆
O00000258,C000229,P000026,2024-09-12,2,183.74,0.0,0.0,信用卡,待发货,食品
O00000259,C000327,P000035,2024-09-15,1,181.94,0.85,154.65,银行卡,已取消,美妆
O00000260,C000455,P000006,2023-12-18,1,4189.79,0.0,0.0,微信支付,退货中,电子产品
O00000261,C000474,P000013,2024-09-08,1,74.95,0.9,67.46,银行卡,已发货,服装
O00000262,C000238,P000008,2024-07-14,3,3065.33,0.9,8276.39,花呗,待发货,电子产品
O00000263,C000192,P000019,2023-07-25,2,982.38,0.9,1768.28,银行卡,已完成,家居
O00000264,C000186,P000020,2023-05-16,4,2094.02,0.9,7538.47,微信支付,退货中,家居
O00000265,C000112,P000028,2024-12-11,2,28.74,0.9,51.73,银行卡,已完成,食品
O00000266,C000105,P000019,2024-08-19,2,982.38,0.9,1768.28,信用卡,已完成,家居
O00000267,C000324,P000022,2024-06-30,2,2860.42,0.85,4862.71,支付宝,已完成,家居
O00000268,C000234,P000022,2023-01-26,2,2860.42,0.0,0.0,支付宝,已完成,家居
O00000269,C000231,P000027,2023-06-14,1,196.89,0.9,177.2,微信支付,退货中,食品
O00000270,C000417,P000034,2024-12-08,3,644.27,0.0,0.0,花呗,已发货,美妆
O00000271,C000393,P000019,2024-04-08,1,982.38,0.8,785.9,花呗,已完成,家居
O00000272,C000098,P000009,2024-10-24,3,516.07,0.0,0.0,银行卡,已完成,服装
O00000273,C000402,P000010,2023-02-18,2,783.56,0.0,0.0,银行卡,已取消,服装
O00000274,C000392,P000026,2023-02-25,4,183.74,0.0,0.0,花呗,已完成,食品
O00000275,C000404,P000035,2024-03-29,3,181.94,0.8,436.66,银行卡,已发货,美妆
O00000276,C000408,P000031,2024-07-13,3,96.51,0.0,0.0,微信支付,已发货,食品
O00000277,C000029,P000039,2023-07-01,1,503.15,0.0,0.0,微信支付,退货中,美妆
O00000278,C000043,P000018,2023-05-03,2,2590.73,0.0,0.0,花呗,已完成,家居
O00000279,C000240,P000010,2023-06-14,1,783.56,0.0,0.0,银行卡,已完成,服装
O00000280,C000090,P000010,2023-06-08,1,783.56,0.8,626.85,花呗,已完成,服装
O00000281,C000230,P000029,2024-10-02,1,84.32,0.9,75.89,信用卡,已完成,食品
O00000282,C000003,P000018,2024-07-17,3,2590.73,0.85,6606.36,银行卡,已完成,家居
O00000283,C000344,P000029,2023-07-08,2,84.32,0.85,143.34,微信支付,已完成,食品
O00000284,C000141,P000019,2024-07-03,1,982.38,0.0,0.0,微信支付,已完成,家居
O00000285,C000234,P000011,2023-12-06,2,652.21,0.0,0.0,花呗,已完成,服装
O00000286,C000302,P000024,2024-07-28,2,2154.25,0.7,3015.95,支付宝,已发货,家居
O00000287,C000319,P000007,2023-12-21,1,3648.4,0.8,2918.72,花呗,已完成,电子产品
O00000288,C000500,P000015,2023-09-07,4,211.1,0.9,759.96,银行卡,退货中,服装
O00000289,C000198,P000037,2023-04-27,1,232.01,0.0,0.0,银行卡,已完成,美妆
O00000290,C000204,P000031,2024-06-13,1,96.51,0.0,0.0,花呗,已发货,食品
O00000291,C000496,P000020,2023-02-14,1,2094.02,0.9,1884.62,银行卡,已完成,家居
O00000292,C000247,P000002,2023-04-09,2,3943.44,0.7,5520.82,花呗,已完成,电子产品
O00000293,C000216,P000038,2024-10-03,2,117.96,0.9,212.33,微信支付,已完成,美妆
O00000294,C000185,P000016,2024-03-10,3,312.16,0.0,0.0,信用卡,已发货,服装
O00000295,C000471,P000012,2023-03-15,2,773.28,0.0,0.0,信用卡,已发货,服装
O00000296,C000235,P000020,2023-02-08,2,2094.02,0.0,0.0,银行卡,已完成,家居
O00000297,C000396,P000039,2024-08-11,2,503.15,0.8,805.04,信用卡,已发货,美妆
O00000298,C000041,P000023,2024-10-07,1,2547.93,0.0,0.0,信用卡,已完成,家居
O00000299,C000368,P000018,2024-07-01,2,2590.73,0.9,4663.31,支付宝,已完成,家居
O00000300,C000194,P000005,2024-08-22,3,806.54,0.85,2056.68,银行卡,已完成,电子产品
O00000301,C000438,P000031,2023-04-19,4,96.51,0.9,347.44,花呗,已完成,食品
O00000302,C000146,P000038,2024-03-24,1,117.96,0.85,100.27,支付宝,已完成,美妆
O00000303,C000004,P000003,2024-06-30,1,4516.24,0.9,4064.62,花呗,已完成,电子产品
O00000304,C000166,P000009,2024-10-11,1,516.07,0.9,464.46,银行卡,已完成,服装
O00000305,C000165,P000004,2023-01-12,4,4506.63,0.0,0.0,支付宝,已完成,电子产品
O00000306,C000177,P000032,2024-08-09,1,22.76,0.0,0.0,支付宝,已完成,食品
O00000307,C000236,P000026,2023-12-19,1,183.74,0.8,146.99,花呗,已完成,食品
O00000308,C000236,P000038,2023-07-08,1,117.96,0.85,100.27,微信支付,已完成,美妆
O00000309,C000470,P000040,2024-11-18,1,138.85,0.8,111.08,花呗,已发货,美妆
O00000310,C000198,P000040,2024-07-16,1,138.85,0.9,124.96,银行卡,已完成,美妆
O00000311,C000445,P000028,2024-08-17,1,28.74,0.0,0.0,微信支付,已完成,食品
O00000312,C000389,P000031,2023-08-29,2,96.51,0.9,173.72,微信支付,已完成,食品
O00000313,C000332,P000006,2024-04-06,1,4189.79,0.9,3770.81,花呗,已完成,电子产品
O00000314,C000413,P000038,2024-08-03,1,117.96,0.0,0.0,信用卡,已完成,美妆
O00000315,C000025,P000034,2023-11-17,1,644.27,0.0,0.0,信用卡,已完成,美妆
O00000316,C000078,P000016,2024-01-04,1,312.16,0.9,280.94,信用卡,已完成,服装
O00000317,C000051,P000040,2024-01-03,1,138.85,0.0,0.0,支付宝,已发货,美妆
O00000318,C000451,P000033,2024-09-13,1,787.6,0.0,0.0,微信支付,已完成,美妆
O00000319,C000157,P000023,2023-07-21,3,2547.93,0.8,6115.03,支付宝,已完成,家居
O00000320,C000202,P000015,2023-01-20,2,211.1,0.9,379.98,花呗,已发货,服装
O00000321,C000412,P000035,2024-08-27,2,181.94,0.0,0.0,银行卡,已完成,美妆
O00000322,C000341,P000029,2024-07-06,2,84.32,0.85,143.34,银行卡,已完成,食品
O00000323,C000284,P000023,2024-08-26,1,2547.93,0.0,0.0,信用卡,已发货,家居
O00000324,C000009,P000032,2023-04-03,2,22.76,0.0,0.0,微信支付,已完成,食品
O00000325,C000257,P000014,2024-09-20,3,443.12,0.85,1129.96,微信支付,已完成,服装
O00000326,C000311,P000012,2023-07-03,1,773.28,0.0,0.0,微信支付,已完成,服装
O00000327,C000057,P000023,2024-05-10,2,2547.93,0.0,0.0,信用卡,已取消,家居
O00000328,C000333,P000024,2023-09-28,1,2154.25,0.0,0.0,微信支付,已完成,家居
O00000329,C000049,P000011,2024-01-05,2,652.21,0.8,1043.54,支付宝,已完成,服装
O00000330,C000084,P000012,2024-10-26,1,773.28,0.9,695.95,花呗,已完成,服装
O00000331,C000093,P000027,2023-10-08,2,196.89,0.0,0.0,花呗,已发货,食品
O00000332,C000245,P000012,2024-01-21,2,773.28,0.0,0.0,支付宝,已完成,服装
O00000333,C000041,P000016,2024-01-21,2,312.16,0.0,0.0,信用卡,退货中,服装
O00000334,C000234,P000038,2023-12-20,1,117.96,0.0,0.0,花呗,已完成,美妆
O00000335,C000400,P000002,2023-05-23,1,3943.44,0.0,0.0,花呗,已完成,电子产品
O00000336,C000319,P000025,2023-08-05,2,175.23,0.0,0.0,花呗,已完成,食品
O00000337,C000141,P000033,2023-05-02,2,787.6,0.0,0.0,银行卡,已完成,美妆
O00000338,C000061,P000016,2024-05-08,2,312.16,0.0,0.0,花呗,已完成,服装
O00000339,C000387,P000010,2024-02-25,1,783.56,0.0,0.0,花呗,已完成,服装
O00000340,C000422,P000031,2023-05-18,2,96.51,0.0,0.0,花呗,已完成,食品
O00000341,C000022,P000003,2023-06-20,1,4516.24,0.0,0.0,信用卡,已完成,电子产品
O00000342,C000414,P000003,2024-07-31,2,4516.24,0.8,7225.98,银行卡,已完成,电子产品
O00000343,C000059,P000018,2023-08-10,4,2590.73,0.7,7254.04,信用卡,已完成,家居
O00000344,C000217,P000011,2024-02-25,1,652.21,0.85,554.38,微信支付,已完成,服装
O00000345,C000188,P000010,2024-06-07,2,783.56,0.9,1410.41,银行卡,已完成,服装
O00000346,C000378,P000015,2024-09-02,4,211.1,0.0,0.0,信用卡,已完成,服装
O00000347,C000394,P000009,2023-01-17,1,516.07,0.8,412.86,花呗,已完成,服装
O00000348,C000097,P000001,2023-06-03,2,1948.13,0.0,0.0,花呗,已完成,电子产品
O00000349,C000055,P000040,2024-06-28,2,138.85,0.0,0.0,信用卡,已完成,美妆
O00000350,C000144,P000037,2024-09-09,2,232.01,0.0,0.0,信用卡,已完成,美妆
O00000351,C000266,P000030,2024-01-15,2,66.13,0.9,119.03,信用卡,待发货,食品
O00000352,C000185,P000036,2024-05-08,1,642.93,0.0,0.0,花呗,已发货,美妆
O00000353,C000168,P000017,2024-12-14,3,610.78,0.0,0.0,银行卡,已完成,家居
O00000354,C000143,P000039,2023-08-27,1,503.15,0.0,0.0,花呗,已取消,美妆
O00000355,C000438,P000002,2024-02-23,3,3943.44,0.0,0.0,支付宝,已完成,电子产品
O00000356,C000326,P000028,2023-05-01,2,28.74,0.0,0.0,微信支付,已完成,食品
O00000357,C000079,P000017,2023-11-20,2,610.78,0.0,0.0,信用卡,已完成,家居
O00000358,C000065,P000017,2023-09-17,2,610.78,0.0,0.0,花呗,已完成,家居
O00000359,C000484,P000027,2023-10-10,1,196.89,0.0,0.0,微信支付,退货中,食品
O00000360,C000461,P000029,2024-07-24,1,84.32,0.0,0.0,花呗,已完成,食品
O00000361,C000331,P000024,2023-11-11,1,2154.25,0.85,1831.11,信用卡,已完成,家居
O00000362,C000154,P000022,2024-11-06,2,2860.42,0.0,0.0,微信支付,已完成,家居
O00000363,C000105,P000036,2024-06-04,1,642.93,0.0,0.0,花呗,已完成,美妆
O00000364,C000186,P000017,2024-12-01,2,610.78,0.0,0.0,支付宝,已发货,家居
O00000365,C000071,P000035,2023-05-29,3,181.94,0.9,491.24,支付宝,已完成,美妆
O00000366,C000108,P000009,2023-08-16,1,516.07,0.9,464.46,信用卡,已完成,服装
O00000367,C000064,P000020,2024-02-15,4,2094.02,0.0,0.0,花呗,已完成,家居
O00000368,C000090,P000028,2023-06-29,1,28.74,0.0,0.0,微信支付,已完成,食品
O00000369,C000062,P000008,2024-06-14,3,3065.33,0.0,0.0,花呗,已完成,电子产品
O00000370,C000188,P000033,2024-12-16,2,787.6,0.0,0.0,支付宝,已完成,美妆
O00000371,C000182,P000014,2024-11-01,1,443.12,0.0,0.0,银行卡,已完成,服装
O00000372,C000008,P000007,2023-12-28,3,3648.4,0.0,0.0,微信支付,已完成,电子产品
O00000373,C000483,P000037,2024-12-21,2,232.01,0.0,0.0,银行卡,已完成,美妆
O00000374,C000434,P000040,2024-07-26,2,138.85,0.0,0.0,银行卡,已取消,美妆
O00000375,C000488,P000036,2023-07-19,1,642.93,0.0,0.0,支付宝,已完成,美妆
O00000376,C000027,P000027,2024-02-21,1,196.89,0.0,0.0,花呗,已完成,食品
O00000377,C000339,P000037,2023-04-30,1,232.01,0.7,162.41,花呗,已发货,美妆
O00000378,C000058,P000020,2024-08-11,3,2094.02,0.0,0.0,信用卡,已完成,家居
O00000379,C000018,P000012,2023-09-07,2,773.28,0.7,1082.59,信用卡,已发货,服装
O00000380,C000184,P000021,2024-08-23,2,1114.1,0.0,0.0,银行卡,待发货,家居
O00000381,C000444,P000039,2024-10-10,1,503.15,0.0,0.0,微信支付,已发货,美妆
O00000382,C000169,P000037,2024-02-27,3,232.01,0.0,0.0,支付宝,退货中,美妆
O00000383,C000264,P000023,2023-09-27,2,2547.93,0.0,0.0,银行卡,已完成,家居
O00000384,C000449,P000004,2023-07-02,1,4506.63,0.0,0.0,花呗,已完成,电子产品
O00000385,C000436,P000026,2024-11-30,1,183.74,0.0,0.0,微信支付,已取消,食品
O00000386,C000060,P000004,2023-09-05,1,4506.63,0.0,0.0,微信支付,待发货,电子产品
O00000387,C000220,P000026,2024-09-25,3,183.74,0.85,468.54,支付宝,已完成,食品
O00000388,C000249,P000030,2024-11-23,4,66.13,0.0,0.0,支付宝,退货中,食品
O00000389,C000010,P000039,2024-07-08,3,503.15,0.85,1283.03,银行卡,退货中,美妆
O00000390,C000151,P000009,2024-05-19,2,516.07,0.8,825.71,花呗,待发货,服装
O00000391,C000076,P000034,2024-05-17,3,644.27,0.85,1642.89,花呗,已完成,美妆
O00000392,C000184,P000022,2023-08-16,1,2860.42,0.0,0.0,花呗,已发货,家居
O00000393,C000213,P000031,2024-05-04,3,96.51,0.0,0.0,银行卡,已取消,食品
O00000394,C000054,P000017,2024-12-03,1,610.78,0.0,0.0,支付宝,已发货,家居
O00000395,C000342,P000026,2024-04-16,2,183.74,0.0,0.0,微信支付,已完成,食品
O00000396,C000489,P000019,2023-04-14,1,982.38,0.9,884.14,银行卡,已完成,家居
O00000397,C000275,P000014,2023-09-27,1,443.12,0.0,0.0,花呗,已完成,服装
O00000398,C000046,P000033,2023-07-08,1,787.6,0.0,0.0,银行卡,已完成,美妆
O00000399,C000196,P000026,2024-02-15,1,183.74,0.0,0.0,微信支付,已完成,食品
O00000400,C000387,P000030,2024-12-03,5,66.13,0.0,0.0,银行卡,已完成,食品
O00000401,C000294,P000018,2024-07-22,3,2590.73,0.0,0.0,微信支付,已完成,家居
O00000402,C000485,P000039,2023-06-03,3,503.15,0.0,0.0,信用卡,已完成,美妆
O00000403,C000367,P000035,2024-10-07,1,181.94,0.9,163.75,信用卡,已完成,美妆
O00000404,C000032,P000035,2024-07-29,1,181.94,0.0,0.0,支付宝,待发货,美妆
O00000405,C000373,P000014,2023-03-03,2,443.12,0.0,0.0,支付宝,已完成,服装
O00000406,C000342,P000020,2023-12-09,1,2094.02,0.0,0.0,花呗,已完成,家居
O00000407,C000317,P000026,2023-09-21,4,183.74,0.0,0.0,银行卡,已完成,食品
O00000408,C000334,P000030,2024-09-12,3,66.13,0.0,0.0,花呗,已完成,食品
O00000409,C000395,P000003,2023-10-19,1,4516.24,0.9,4064.62,信用卡,已完成,电子产品
O00000410,C000288,P000015,2024-04-02,3,211.1,0.0,0.0,银行卡,待发货,服装
O00000411,C000341,P000011,2023-05-29,1,652.21,0.9,586.99,银行卡,待发货,服装
O00000412,C000248,P000012,2024-09-19,1,773.28,0.85,657.29,支付宝,已完成,服装
O00000413,C000363,P000033,2023-12-18,1,787.6,0.0,0.0,银行卡,已完成,美妆
O00000414,C000461,P000025,2024-09-11,2,175.23,0.0,0.0,信用卡,已完成,食品
O00000415,C000018,P000007,2024-01-07,3,3648.4,0.0,0.0,信用卡,已发货,电子产品
O00000416,C000297,P000009,2023-07-08,1,516.07,0.0,0.0,微信支付,待发货,服装
O00000417,C000389,P000008,2024-12-18,2,3065.33,0.0,0.0,信用卡,已发货,电子产品
O00000418,C000040,P000003,2023-03-07,1,4516.24,0.0,0.0,支付宝,已取消,电子产品
O00000419,C000315,P000034,2024-02-11,1,644.27,0.7,450.99,支付宝,已完成,美妆
O00000420,C000054,P000024,2023-06-09,1,2154.25,0.8,1723.4,信用卡,已完成,家居
O00000421,C000057,P000008,2023-09-11,1,3065.33,0.0,0.0,微信支付,已发货,电子产品
O00000422,C000193,P000014,2023-06-24,1,443.12,0.9,398.81,银行卡,已完成,服装
O00000423,C000372,P000026,2024-04-23,3,183.74,0.0,0.0,银行卡,退货中,食品
O00000424,C000236,P000032,2023-05-19,2,22.76,0.9,40.97,微信支付,退货中,食品
O00000425,C000226,P000039,2024-04-12,2,503.15,0.9,905.67,花呗,已完成,美妆
O00000426,C000207,P000035,2024-10-17,1,181.94,0.0,0.0,银行卡,已完成,美妆
O00000427,C000105,P000024,2023-08-21,1,2154.25,0.0,0.0,银行卡,已发货,家居
O00000428,C000381,P000011,2023-06-09,1,652.21,0.0,0.0,微信支付,已完成,服装
O00000429,C000231,P000022,2024-04-25,1,2860.42,0.9,2574.38,信用卡,已完成,家居
O00000430,C000144,P000030,2024-05-03,4,66.13,0.85,224.84,银行卡,已完成,食品
O00000431,C000302,P000031,2023-01-08,2,96.51,0.0,0.0,花呗,已完成,食品
O00000432,C000128,P000025,2023-09-13,1,175.23,0.9,157.71,信用卡,已完成,食品
O00000433,C000439,P000031,2023-08-14,3,96.51,0.0,0.0,微信支付,已完成,食品
O00000434,C000178,P000032,2024-09-19,2,22.76,0.9,40.97,银行卡,已发货,食品
O00000435,C000177,P000019,2024-06-28,2,982.38,0.0,0.0,支付宝,已发货,家居
O00000436,C000133,P000002,2023-10-24,1,3943.44,0.0,0.0,信用卡,已完成,电子产品
O00000437,C000375,P000007,2024-09-29,1,3648.4,0.0,0.0,微信支付,已完成,电子产品
O00000438,C000190,P000029,2024-07-01,1,84.32,0.7,59.02,银行卡,已完成,食品
O00000439,C000135,P000040,2024-03-24,1,138.85,0.0,0.0,微信支付,已发货,美妆
O00000440,C000254,P000002,2023-08-11,1,3943.44,0.0,0.0,信用卡,已完成,电子产品
O00000441,C000413,P000017,2024-04-19,5,610.78,0.0,0.0,支付宝,已完成,家居
O00000442,C000312,P000001,2023-05-30,3,1948.13,0.85,4967.73,支付宝,已完成,电子产品
O00000443,C000172,P000026,2023-07-05,2,183.74,0.85,312.36,信用卡,已完成,食品
O00000444,C000490,P000009,2023-05-05,3,516.07,0.9,1393.39,信用卡,退货中,服装
O00000445,C000424,P000020,2024-03-29,3,2094.02,0.7,4397.44,微信支付,已完成,家居
O00000446,C000134,P000012,2023-04-07,1,773.28,0.7,541.3,信用卡,已完成,服装
O00000447,C000163,P000031,2023-11-16,1,96.51,0.0,0.0,支付宝,已取消,食品
O00000448,C000312,P000018,2024-07-16,2,2590.73,0.0,0.0,银行卡,已完成,家居
O00000449,C000092,P000025,2023-02-23,1,175.23,0.0,0.0,支付宝,待发货,食品
O00000450,C000336,P000007,2024-03-20,1,3648.4,0.0,0.0,银行卡,已完成,电子产品
O00000451,C000455,P000024,2024-02-10,2,2154.25,0.0,0.0,支付宝,已发货,家居
O00000452,C000455,P000009,2024-12-08,2,516.07,0.0,0.0,银行卡,已完成,服装
O00000453,C000266,P000022,2023-09-12,3,2860.42,0.0,0.0,花呗,已完成,家居
O00000454,C000467,P000005,2024-10-02,1,806.54,0.0,0.0,微信支付,已完成,电子产品
O00000455,C000070,P000004,2023-04-20,2,4506.63,0.0,0.0,花呗,已完成,电子产品
O00000456,C000330,P000013,2023-12-22,3,74.95,0.0,0.0,微信支付,已发货,服装
O00000457,C000033,P000019,2024-01-22,1,982.38,0.0,0.0,支付宝,已完成,家居
O00000458,C000099,P000016,2024-03-24,1,312.16,0.0,0.0,信用卡,已完成,服装
O00000459,C000124,P000034,2023-07-11,1,644.27,0.0,0.0,信用卡,已完成,美妆
O00000460,C000151,P000015,2024-09-05,1,211.1,0.0,0.0,支付宝,已取消,服装
O00000461,C000263,P000005,2024-04-05,2,806.54,0.0,0.0,银行卡,已完成,电子产品
O00000462,C000461,P000038,2024-10-15,1,117.96,0.9,106.16,支付宝,已完成,美妆
O00000463,C000011,P000040,2024-01-08,2,138.85,0.0,0.0,支付宝,已发货,美妆
O00000464,C000212,P000029,2024-07-05,2,84.32,0.0,0.0,信用卡,已发货,食品
O00000465,C000278,P000030,2023-06-07,3,66.13,0.0,0.0,银行卡,已完成,食品
O00000466,C000121,P000016,2024-06-19,1,312.16,0.0,0.0,微信支付,已完成,服装
O00000467,C000159,P000025,2023-02-02,1,175.23,0.0,0.0,支付宝,已完成,食品
O00000468,C000401,P000032,2024-10-19,1,22.76,0.9,20.48,花呗,已发货,食品
O00000469,C000447,P000030,2024-08-27,2,66.13,0.0,0.0,花呗,已完成,食品
O00000470,C000309,P000012,2023-01-14,2,773.28,0.0,0.0,信用卡,已取消,服装
O00000471,C000466,P000039,2023-03-23,4,503.15,0.9,1811.34,银行卡,已完成,美妆
O00000472,C000488,P000013,2024-03-01,2,74.95,0.85,127.42,支付宝,已发货,服装
O00000473,C000275,P000011,2023-09-30,3,652.21,0.9,1760.97,银行卡,已完成,服装
O00000474,C000391,P000007,2023-08-10,1,3648.4,0.0,0.0,微信支付,退货中,电子产品
O00000475,C000280,P000001,2023-07-14,2,1948.13,0.9,3506.63,花呗,已完成,电子产品
O00000476,C000308,P000030,2023-07-03,2,66.13,0.0,0.0,支付宝,已完成,食品
O00000477,C000463,P000012,2024-08-13,3,773.28,0.0,0.0,信用卡,已完成,服装
O00000478,C000361,P000028,2023-06-20,3,28.74,0.0,0.0,花呗,已发货,食品
O00000479,C000071,P000010,2023-06-11,1,783.56,0.0,0.0,银行卡,已完成,服装
O00000480,C000001,P000010,2024-07-17,4,783.56,0.0,0.0,银行卡,退货中,服装
O00000481,C000163,P000001,2024-10-10,1,1948.13,0.9,1753.32,花呗,已完成,电子产品
O00000482,C000094,P000001,2024-07-12,1,1948.13,0.85,1655.91,银行卡,已完成,电子产品
O00000483,C000209,P000040,2024-04-08,1,138.85,0.0,0.0,支付宝,已完成,美妆
O00000484,C000299,P000003,2024-09-02,5,4516.24,0.0,0.0,银行卡,已完成,电子产品
O00000485,C000259,P000024,2023-08-16,1,2154.25,0.0,0.0,银行卡,已完成,家居
O00000486,C000485,P000032,2024-06-07,4,22.76,0.8,72.83,微信支付,已完成,食品
O00000487,C000026,P000026,2024-04-16,1,183.74,0.0,0.0,银行卡,已完成,食品
O00000488,C000294,P000038,2023-09-13,3,117.96,0.85,300.8,支付宝,已完成,美妆
O00000489,C000401,P000035,2024-08-05,2,181.94,0.9,327.49,银行卡,已取消,美妆
O00000490,C000081,P000026,2023-06-27,3,183.74,0.8,440.98,花呗,已完成,食品
O00000491,C000179,P000024,2023-04-08,3,2154.25,0.0,0.0,花呗,已完成,家居
O00000492,C000347,P000004,2023-02-27,1,4506.63,0.0,0.0,信用卡,已取消,电子产品
O00000493,C000081,P000040,2023-05-04,1,138.85,0.0,0.0,花呗,待发货,美妆
O00000494,C000283,P000001,2024-10-11,4,1948.13,0.0,0.0,银行卡,已发货,电子产品
O00000495,C000349,P000015,2023-11-23,2,211.1,0.0,0.0,花呗,已完成,服装
O00000496,C000319,P000028,2023-06-06,2,28.74,0.9,51.73,信用卡,已完成,食品
O00000497,C000477,P000026,2024-09-01,5,183.74,0.0,0.0,信用卡,已完成,食品
O00000498,C000411,P000025,2024-02-08,1,175.23,0.0,0.0,信用卡,已完成,食品
O00000499,C000244,P000029,2023-02-20,2,84.32,0.0,0.0,信用卡,已完成,食品
O00000500,C000342,P000028,2024-12-15,2,28.74,0.0,0.0,花呗,已完成,食品
O00000501,C000092,P000034,2024-02-09,1,644.27,0.0,0.0,花呗,已完成,美妆
O00000502,C000124,P000017,2024-06-20,5,610.78,0.0,0.0,信用卡,已完成,家居
O00000503,C000130,P000037,2024-08-12,1,232.01,0.9,208.81,信用卡,已完成,美妆
O00000504,C000477,P000022,2023-07-15,1,2860.42,0.0,0.0,支付宝,已完成,家居
O00000505,C000186,P000006,2023-06-23,3,4189.79,0.9,11312.43,信用卡,退货中,电子产品
O00000506,C000324,P000004,2024-03-27,2,4506.63,0.85,7661.27,微信支付,已完成,电子产品
O00000507,C000454,P000040,2023-06-09,2,138.85,0.8,222.16,支付宝,已发货,美妆
O00000508,C000043,P000004,2023-09-06,2,4506.63,0.8,7210.61,银行卡,已取消,电子产品
O00000509,C000125,P000004,2024-12-11,1,4506.63,0.0,0.0,信用卡,已发货,电子产品
O00000510,C000411,P000037,2023-08-03,1,232.01,0.0,0.0,花呗,已发货,美妆
O00000511,C000083,P000001,2023-09-22,2,1948.13,0.9,3506.63,微信支付,已完成,电子产品
O00000512,C000367,P000026,2024-11-15,2,183.74,0.0,0.0,花呗,已完成,食品
O00000513,C000443,P000028,2023-06-24,1,28.74,0.0,0.0,花呗,已完成,食品
O00000514,C000451,P000031,2024-04-21,1,96.51,0.0,0.0,信用卡,已完成,食品
O00000515,C000295,P000020,2024-11-09,2,2094.02,0.9,3769.24,支付宝,待发货,家居
O00000516,C000357,P000014,2024-10-26,1,443.12,0.7,310.18,花呗,已完成,服装
O00000517,C000328,P000002,2023-04-12,5,3943.44,0.0,0.0,花呗,已取消,电子产品
O00000518,C000229,P000026,2023-07-10,2,183.74,0.7,257.24,花呗,已完成,食品
O00000519,C000239,P000006,2023-01-23,4,4189.79,0.8,13407.33,银行卡,已完成,电子产品
O00000520,C000348,P000003,2024-02-07,1,4516.24,0.0,0.0,银行卡,已发货,电子产品
O00000521,C000315,P000014,2023-11-06,1,443.12,0.7,310.18,花呗,已完成,服装
O00000522,C000312,P000009,2023-03-05,1,516.07,0.8,412.86,支付宝,已完成,服装
O00000523,C000468,P000031,2023-10-14,4,96.51,0.0,0.0,信用卡,已完成,食品
O00000524,C000323,P000029,2023-03-31,2,84.32,0.0,0.0,花呗,已发货,食品
O00000525,C000489,P000028,2024-12-03,3,28.74,0.0,0.0,微信支付,已完成,食品
O00000526,C000087,P000018,2023-11-16,1,2590.73,0.0,0.0,花呗,已取消,家居
O00000527,C000463,P000025,2024-10-30,1,175.23,0.0,0.0,微信支付,已完成,食品
O00000528,C000153,P000021,2023-11-13,3,1114.1,0.8,2673.84,微信支付,已完成,家居
O00000529,C000479,P000025,2023-05-29,1,175.23,0.0,0.0,微信支付,已完成,食品
O00000530,C000500,P000039,2024-07-24,1,503.15,0.9,452.84,微信支付,已完成,美妆
O00000531,C000429,P000029,2023-05-30,1,84.32,0.85,71.67,信用卡,已发货,食品
O00000532,C000300,P000036,2023-11-07,4,642.93,0.8,2057.38,银行卡,已完成,美妆
O00000533,C000115,P000022,2023-07-12,1,2860.42,0.0,0.0,花呗,已完成,家居
O00000534,C000229,P000037,2024-09-12,2,232.01,0.0,0.0,微信支付,已完成,美妆
O00000535,C000304,P000028,2023-01-27,1,28.74,0.9,25.87,信用卡,已完成,食品
O00000536,C000231,P000009,2024-09-11,1,516.07,0.9,464.46,微信支付,已完成,服装
O00000537,C000235,P000028,2024-05-18,3,28.74,0.0,0.0,微信支付,已完成,食品
O00000538,C000101,P000039,2023-01-16,1,503.15,0.7,352.2,微信支付,已取消,美妆
O00000539,C000077,P000018,2023-07-27,2,2590.73,0.0,0.0,信用卡,已发货,家居
O00000540,C000205,P000016,2024-05-16,3,312.16,0.8,749.18,微信支付,已完成,服装
O00000541,C000085,P000008,2023-02-12,1,3065.33,0.85,2605.53,银行卡,已完成,电子产品
O00000542,C000290,P000017,2024-08-08,1,610.78,0.0,0.0,支付宝,已完成,家居
O00000543,C000128,P000013,2024-04-07,2,74.95,0.8,119.92,微信支付,已完成,服装
O00000544,C000123,P000006,2024-02-10,2,4189.79,0.0,0.0,信用卡,退货中,电子产品
O00000545,C000026,P000014,2024-10-07,2,443.12,0.0,0.0,信用卡,退货中,服装
O00000546,C000139,P000019,2023-11-08,1,982.38,0.0,0.0,微信支付,已发货,家居
O00000547,C000378,P000013,2024-09-19,1,74.95,0.9,67.46,微信支付,已取消,服装
O00000548,C000284,P000010,2024-10-23,1,783.56,0.9,705.2,支付宝,已完成,服装
O00000549,C000458,P000029,2024-08-22,1,84.32,0.9,75.89,微信支付,已取消,食品
O00000550,C000166,P000022,2023-11-28,1,2860.42,0.0,0.0,花呗,已完成,家居
O00000551,C000388,P000020,2023-07-26,3,2094.02,0.0,0.0,银行卡,待发货,家居
O00000552,C000250,P000029,2024-12-29,2,84.32,0.9,151.78,支付宝,已发货,食品
O00000553,C000455,P000036,2024-12-24,1,642.93,0.0,0.0,花呗,已完成,美妆
O00000554,C000480,P000040,2024-06-07,2,138.85,0.0,0.0,花呗,已完成,美妆
O00000555,C000223,P000015,2023-06-24,1,211.1,0.0,0.0,微信支付,已取消,服装
O00000556,C000245,P000011,2023-05-29,1,652.21,0.9,586.99,信用卡,已完成,服装
O00000557,C000296,P000022,2024-04-01,1,2860.42,0.0,0.0,微信支付,已完成,家居
O00000558,C000199,P000024,2023-01-04,4,2154.25,0.0,0.0,信用卡,已完成,家居
O00000559,C000099,P000024,2024-05-25,1,2154.25,0.0,0.0,信用卡,已完成,家居
O00000560,C000414,P000022,2024-08-25,1,2860.42,0.0,0.0,信用卡,已完成,家居
O00000561,C000297,P000007,2024-09-06,1,3648.4,0.8,2918.72,银行卡,已完成,电子产品
O00000562,C000374,P000012,2024-07-24,2,773.28,0.0,0.0,微信支付,已发货,服装
O00000563,C000259,P000012,2024-10-30,1,773.28,0.0,0.0,支付宝,已完成,服装
O00000564,C000325,P000030,2024-09-09,2,66.13,0.8,105.81,支付宝,已完成,食品
O00000565,C000029,P000025,2023-07-02,1,175.23,0.0,0.0,花呗,已完成,食品
O00000566,C000258,P000017,2024-07-29,2,610.78,0.0,0.0,花呗,已完成,家居
O00000567,C000420,P000031,2023-02-06,1,96.51,0.0,0.0,银行卡,已完成,食品
O00000568,C000031,P000012,2023-03-11,3,773.28,0.85,1971.86,支付宝,已发货,服装
O00000569,C000411,P000006,2023-05-18,1,4189.79,0.8,3351.83,银行卡,已完成,电子产品
O00000570,C000463,P000029,2024-06-21,2,84.32,0.0,0.0,支付宝,已完成,食品
O00000571,C000436,P000004,2024-10-06,1,4506.63,0.0,0.0,花呗,已完成,电子产品
O00000572,C000276,P000011,2024-12-24,4,652.21,0.9,2347.96,银行卡,已完成,服装
O00000573,C000078,P000022,2024-08-11,1,2860.42,0.0,0.0,微信支付,退货中,家居
O00000574,C000197,P000010,2024-05-23,2,783.56,0.9,1410.41,信用卡,已完成,服装
O00000575,C000253,P000021,2024-09-16,3,1114.1,0.0,0.0,微信支付,已完成,家居
O00000576,C000310,P000027,2023-01-25,1,196.89,0.85,167.36,微信支付,已完成,食品
O00000577,C000338,P000033,2024-02-29,3,787.6,0.0,0.0,花呗,已完成,美妆
O00000578,C000076,P000027,2023-08-06,3,196.89,0.0,0.0,银行卡,已完成,食品
O00000579,C000146,P000007,2023-03-11,1,3648.4,0.0,0.0,银行卡,已完成,电子产品
O00000580,C000457,P000021,2023-04-27,3,1114.1,0.0,0.0,花呗,已完成,家居
O00000581,C000433,P000027,2023-01-30,2,196.89,0.0,0.0,银行卡,已发货,食品
O00000582,C000204,P000034,2024-05-05,4,644.27,0.85,2190.52,微信支付,已取消,美妆
O00000583,C000195,P000018,2024-10-04,1,2590.73,0.8,2072.58,银行卡,已完成,家居
O00000584,C000103,P000014,2024-02-28,1,443.12,0.0,0.0,花呗,已取消,服装
O00000585,C000088,P000029,2024-11-25,1,84.32,0.0,0.0,微信支付,已完成,食品
O00000586,C000482,P000014,2023-12-06,2,443.12,0.8,708.99,银行卡,已发货,服装
O00000587,C000410,P000001,2023-06-02,1,1948.13,0.0,0.0,信用卡,已完成,电子产品
O00000588,C000426,P000017,2023-06-19,2,610.78,0.0,0.0,花呗,已完成,家居
O00000589,C000496,P000023,2023-11-12,1,2547.93,0.0,0.0,支付宝,已发货,家居
O00000590,C000013,P000011,2023-03-30,1,652.21,0.0,0.0,信用卡,已完成,服装
O00000591,C000295,P000022,2023-11-06,3,2860.42,0.0,0.0,支付宝,已完成,家居
O00000592,C000424,P000023,2023-02-08,1,2547.93,0.8,2038.34,信用卡,已发货,家居
O00000593,C000379,P000022,2024-05-09,2,2860.42,0.0,0.0,银行卡,已取消,家居
O00000594,C000427,P000031,2024-06-20,4,96.51,0.0,0.0,支付宝,已完成,食品
O00000595,C000211,P000039,2024-06-12,3,503.15,0.0,0.0,支付宝,已完成,美妆
O00000596,C000492,P000032,2024-12-31,1,22.76,0.0,0.0,银行卡,待发货,食品
O00000597,C000316,P000039,2024-12-04,4,503.15,0.8,1610.08,银行卡,已发货,美妆
O00000598,C000116,P000024,2023-02-17,1,2154.25,0.85,1831.11,银行卡,已完成,家居
O00000599,C000186,P000014,2023-11-16,1,443.12,0.0,0.0,微信支付,已完成,服装
O00000600,C000443,P000040,2023-10-11,1,138.85,0.85,118.02,支付宝,已完成,美妆
O00000601,C000393,P000014,2023-06-11,1,443.12,0.0,0.0,花呗,已完成,服装
O00000602,C000309,P000029,2023-04-15,2,84.32,0.0,0.0,银行卡,已完成,食品
O00000603,C000058,P000039,2024-12-22,1,503.15,0.0,0.0,微信支付,已发货,美妆
O00000604,C000344,P000027,2024-09-19,1,196.89,0.0,0.0,支付宝,待发货,食品
O00000605,C000264,P000001,2024-04-27,1,1948.13,0.0,0.0,信用卡,已取消,电子产品
O00000606,C000078,P000004,2024-03-12,1,4506.63,0.9,4055.97,花呗,已完成,电子产品
O00000607,C000178,P000004,2024-12-07,2,4506.63,0.9,8111.93,银行卡,已完成,电子产品
O00000608,C000283,P000030,2023-07-22,1,66.13,0.9,59.52,花呗,已发货,食品
O00000609,C000235,P000031,2024-04-21,1,96.51,0.0,0.0,信用卡,已完成,食品
O00000610,C000042,P000040,2023-11-14,1,138.85,0.9,124.96,信用卡,已完成,美妆
O00000611,C000370,P000021,2023-08-18,1,1114.1,0.8,891.28,银行卡,已完成,家居
O00000612,C000209,P000035,2024-02-06,4,181.94,0.8,582.21,银行卡,已完成,美妆
O00000613,C000131,P000032,2023-11-29,3,22.76,0.0,0.0,信用卡,已完成,食品
O00000614,C000402,P000026,2024-05-05,1,183.74,0.0,0.0,银行卡,已完成,食品
O00000615,C000442,P000022,2023-05-11,2,2860.42,0.0,0.0,支付宝,已完成,家居
O00000616,C000296,P000005,2024-10-27,1,806.54,0.0,0.0,信用卡,已完成,电子产品
O00000617,C000251,P000031,2024-02-28,1,96.51,0.0,0.0,微信支付,已完成,食品
O00000618,C000421,P000011,2024-01-29,5,652.21,0.0,0.0,花呗,已完成,服装
O00000619,C000409,P000004,2024-03-21,1,4506.63,0.0,0.0,微信支付,已完成,电子产品
O00000620,C000186,P000026,2024-11-16,1,183.74,0.8,146.99,花呗,已完成,食品
O00000621,C000345,P000021,2023-04-28,3,1114.1,0.0,0.0,花呗,已完成,家居
O00000622,C000229,P000027,2024-03-31,1,196.89,0.7,137.82,支付宝,已完成,食品
O00000623,C000359,P000040,2024-12-02,2,138.85,0.85,236.04,信用卡,已发货,美妆
O00000624,C000008,P000024,2024-10-22,1,2154.25,0.0,0.0,微信支付,已完成,家居
O00000625,C000195,P000030,2024-10-13,3,66.13,0.85,168.63,微信支付,已发货,食品
O00000626,C000135,P000009,2023-10-26,1,516.07,0.0,0.0,微信支付,已完成,服装
O00000627,C000482,P000027,2023-11-21,1,196.89,0.85,167.36,银行卡,已完成,食品
O00000628,C000256,P000018,2024-03-21,4,2590.73,0.8,8290.34,支付宝,已发货,家居
O00000629,C000105,P000037,2024-09-18,2,232.01,0.0,0.0,微信支付,退货中,美妆
O00000630,C000229,P000033,2023-03-05,3,787.6,0.0,0.0,支付宝,已完成,美妆
O00000631,C000076,P000023,2024-07-27,1,2547.93,0.0,0.0,银行卡,已发货,家居
O00000632,C000195,P000005,2023-08-29,3,806.54,0.0,0.0,银行卡,已完成,电子产品
O00000633,C000150,P000004,2024-02-20,2,4506.63,0.0,0.0,微信支付,已完成,电子产品
O00000634,C000448,P000032,2023-07-12,1,22.76,0.85,19.35,银行卡,已完成,食品
O00000635,C000265,P000016,2023-06-07,3,312.16,0.8,749.18,微信支付,已完成,服装
O00000636,C000165,P000021,2023-03-15,1,1114.1,0.0,0.0,信用卡,已完成,家居
O00000637,C000270,P000001,2023-05-20,2,1948.13,0.9,3506.63,信用卡,已完成,电子产品
O00000638,C000063,P000007,2024-12-13,3,3648.4,0.0,0.0,微信支付,已完成,电子产品
O00000639,C000467,P000025,2024-03-10,1,175.23,0.0,0.0,银行卡,已完成,食品
O00000640,C000121,P000022,2024-03-10,1,2860.42,0.0,0.0,微信支付,已完成,家居
O00000641,C000023,P000028,2023-10-03,2,28.74,0.0,0.0,银行卡,已完成,食品
O00000642,C000243,P000015,2023-02-08,1,211.1,0.9,189.99,支付宝,已完成,服装
O00000643,C000073,P000019,2024-12-08,2,982.38,0.9,1768.28,花呗,已完成,家居
O00000644,C000174,P000022,2023-10-14,5,2860.42,0.0,0.0,花呗,已完成,家居
O00000645,C000340,P000034,2024-04-28,1,644.27,0.9,579.84,支付宝,已完成,美妆
O00000646,C000247,P000009,2024-07-06,2,516.07,0.0,0.0,支付宝,已发货,服装
O00000647,C000464,P000007,2024-07-01,4,3648.4,0.0,0.0,花呗,已发货,电子产品
O00000648,C000463,P000005,2024-08-10,4,806.54,0.0,0.0,银行卡,已发货,电子产品
O00000649,C000206,P000036,2023-02-06,1,642.93,0.0,0.0,银行卡,已完成,美妆
O00000650,C000120,P000006,2024-07-31,2,4189.79,0.9,7541.62,花呗,已完成,电子产品
O00000651,C000061,P000026,2023-02-22,1,183.74,0.0,0.0,花呗,已完成,食品
O00000652,C000250,P000002,2024-05-11,1,3943.44,0.0,0.0,银行卡,已完成,电子产品
O00000653,C000232,P000003,2024-09-22,1,4516.24,0.8,3612.99,支付宝,已完成,电子产品
O00000654,C000006,P000037,2024-09-10,2,232.01,0.0,0.0,微信支付,已完成,美妆
O00000655,C000303,P000007,2024-01-14,2,3648.4,0.0,0.0,微信支付,已发货,电子产品
O00000656,C000011,P000002,2024-06-24,1,3943.44,0.0,0.0,支付宝,待发货,电子产品
O00000657,C000112,P000020,2024-09-01,4,2094.02,0.0,0.0,信用卡,已取消,家居
O00000658,C000391,P000002,2024-02-27,3,3943.44,0.0,0.0,信用卡,已发货,电子产品
O00000659,C000251,P000026,2023-06-21,2,183.74,0.9,330.73,银行卡,已完成,食品
O00000660,C000349,P000036,2023-09-28,1,642.93,0.0,0.0,微信支付,已发货,美妆
O00000661,C000361,P000003,2024-05-02,1,4516.24,0.9,4064.62,花呗,已完成,电子产品
O00000662,C000155,P000008,2024-11-30,1,3065.33,0.0,0.0,微信支付,已发货,电子产品
O00000663,C000131,P000010,2024-03-21,2,783.56,0.8,1253.7,信用卡,已完成,服装
O00000664,C000161,P000012,2023-11-20,1,773.28,0.9,695.95,支付宝,退货中,服装
O00000665,C000088,P000017,2024-06-28,1,610.78,0.7,427.55,信用卡,已完成,家居
O00000666,C000489,P000016,2024-10-29,2,312.16,0.0,0.0,银行卡,待发货,服装
O00000667,C000028,P000038,2023-09-19,3,117.96,0.0,0.0,微信支付,已完成,美妆
O00000668,C000240,P000033,2024-08-25,2,787.6,0.0,0.0,微信支付,已发货,美妆
O00000669,C000028,P000036,2023-01-11,1,642.93,0.85,546.49,支付宝,已完成,美妆
O00000670,C000296,P000019,2024-06-21,1,982.38,0.0,0.0,微信支付,已完成,家居
O00000671,C000312,P000018,2023-09-15,2,2590.73,0.0,0.0,支付宝,已完成,家居
O00000672,C000390,P000016,2024-08-31,1,312.16,0.85,265.34,花呗,已完成,服装
O00000673,C000203,P000038,2024-12-26,2,117.96,0.0,0.0,花呗,退货中,美妆
O00000674,C000164,P000012,2024-11-03,1,773.28,0.9,695.95,微信支付,已发货,服装
O00000675,C000348,P000005,2024-12-13,3,806.54,0.0,0.0,支付宝,已完成,电子产品
O00000676,C000213,P000002,2023-10-11,2,3943.44,0.9,7098.19,银行卡,已发货,电子产品
O00000677,C000322,P000036,2023-03-17,1,642.93,0.0,0.0,信用卡,已完成,美妆
O00000678,C000135,P000032,2023-03-03,1,22.76,0.85,19.35,微信支付,已完成,食品
O00000679,C000292,P000018,2024-05-18,1,2590.73,0.0,0.0,信用卡,退货中,家居
O00000680,C000090,P000037,2024-05-18,1,232.01,0.0,0.0,信用卡,已完成,美妆
O00000681,C000351,P000025,2024-10-20,1,175.23,0.0,0.0,银行卡,已完成,食品
O00000682,C000160,P000008,2023-03-16,1,3065.33,0.9,2758.8,信用卡,已完成,电子产品
O00000683,C000007,P000002,2024-05-24,1,3943.44,0.9,3549.1,支付宝,已完成,电子产品
O00000684,C000431,P000033,2023-09-30,2,787.6,0.0,0.0,信用卡,已完成,美妆
O00000685,C000033,P000033,2024-06-11,2,787.6,0.85,1338.92,信用卡,已发货,美妆
O00000686,C000232,P000032,2023-03-13,1,22.76,0.0,0.0,信用卡,已完成,食品
O00000687,C000490,P000020,2024-07-02,1,2094.02,0.0,0.0,银行卡,已取消,家居
O00000688,C000298,P000037,2024-10-09,1,232.01,0.9,208.81,银行卡,退货中,美妆
O00000689,C000379,P000023,2023-12-15,2,2547.93,0.0,0.0,银行卡,已完成,家居
O00000690,C000438,P000018,2023-06-30,2,2590.73,0.7,3627.02,微信支付,已完成,家居
O00000691,C000147,P000036,2024-02-04,1,642.93,0.9,578.64,银行卡,待发货,美妆
O00000692,C000473,P000009,2024-10-09,1,516.07,0.0,0.0,支付宝,已完成,服装
O00000693,C000323,P000007,2024-08-30,1,3648.4,0.0,0.0,花呗,已完成,电子产品
O00000694,C000428,P000020,2024-05-26,2,2094.02,0.85,3559.83,信用卡,已完成,家居
O00000695,C000062,P000036,2023-01-17,4,642.93,0.0,0.0,支付宝,已完成,美妆
O00000696,C000298,P000039,2023-08-05,1,503.15,0.9,452.84,信用卡,已发货,美妆
O00000697,C000043,P000017,2024-07-03,4,610.78,0.0,0.0,支付宝,已完成,家居
O00000698,C000112,P000037,2023-05-25,1,232.01,0.0,0.0,花呗,已完成,美妆
O00000699,C000208,P000030,2024-12-19,1,66.13,0.0,0.0,支付宝,已完成,食品
O00000700,C000254,P000012,2023-04-10,4,773.28,0.0,0.0,花呗,已完成,服装
O00000701,C000131,P000002,2023-04-19,1,3943.44,0.0,0.0,花呗,已完成,电子产品
O00000702,C000331,P000001,2023-07-27,1,1948.13,0.85,1655.91,信用卡,已完成,电子产品
O00000703,C000267,P000025,2024-12-01,1,175.23,0.0,0.0,微信支付,已完成,食品
O00000704,C000157,P000034,2024-08-30,3,644.27,0.0,0.0,银行卡,已完成,美妆
O00000705,C000329,P000039,2024-03-01,1,503.15,0.0,0.0,微信支付,已完成,美妆
O00000706,C000410,P000025,2024-08-18,1,175.23,0.0,0.0,花呗,已完成,食品
O00000707,C000208,P000024,2023-06-11,1,2154.25,0.0,0.0,支付宝,已完成,家居
O00000708,C000372,P000021,2023-04-02,1,1114.1,0.0,0.0,银行卡,已发货,家居
O00000709,C000312,P000008,2024-05-02,1,3065.33,0.0,0.0,银行卡,已完成,电子产品
O00000710,C000339,P000031,2024-02-26,2,96.51,0.0,0.0,支付宝,已完成,食品
O00000711,C000289,P000018,2024-05-26,2,2590.73,0.0,0.0,银行卡,已完成,家居
O00000712,C000073,P000028,2023-01-05,1,28.74,0.0,0.0,花呗,已完成,食品
O00000713,C000243,P000008,2024-09-25,5,3065.33,0.85,13027.65,花呗,已完成,电子产品
O00000714,C000104,P000030,2024-04-20,2,66.13,0.9,119.03,银行卡,已发货,食品
O00000715,C000050,P000036,2023-04-26,1,642.93,0.9,578.64,信用卡,已发货,美妆
O00000716,C000397,P000038,2023-06-13,1,117.96,0.0,0.0,银行卡,已完成,美妆
O00000717,C000279,P000008,2024-03-21,1,3065.33,0.9,2758.8,信用卡,已完成,电子产品
O00000718,C000328,P000007,2023-02-23,1,3648.4,0.0,0.0,支付宝,已取消,电子产品
O00000719,C000024,P000018,2023-04-29,1,2590.73,0.0,0.0,信用卡,已完成,家居
O00000720,C000225,P000021,2023-11-30,2,1114.1,0.9,2005.38,银行卡,已完成,家居
O00000721,C000248,P000001,2023-04-23,1,1948.13,0.0,0.0,信用卡,已完成,电子产品
O00000722,C000158,P000015,2024-01-20,3,211.1,0.0,0.0,花呗,待发货,服装
O00000723,C000306,P000037,2024-03-22,1,232.01,0.8,185.61,信用卡,已完成,美妆
O00000724,C000463,P000014,2024-01-18,1,443.12,0.9,398.81,银行卡,已完成,服装
O00000725,C000182,P000031,2023-07-27,5,96.51,0.0,0.0,花呗,已完成,食品
O00000726,C000161,P000009,2023-05-20,1,516.07,0.0,0.0,信用卡,已完成,服装
O00000727,C000149,P000026,2023-12-18,1,183.74,0.0,0.0,微信支付,已完成,食品
O00000728,C000084,P000013,2024-10-15,3,74.95,0.8,179.88,花呗,退货中,服装
O00000729,C000136,P000004,2023-08-24,5,4506.63,0.8,18026.52,信用卡,已完成,电子产品
O00000730,C000454,P000017,2023-08-10,3,610.78,0.85,1557.49,银行卡,已完成,家居
O00000731,C000263,P000017,2024-03-14,1,610.78,0.0,0.0,银行卡,已发货,家居
O00000732,C000122,P000026,2023-08-16,1,183.74,0.0,0.0,微信支付,待发货,食品
O00000733,C000026,P000009,2023-01-06,4,516.07,0.0,0.0,信用卡,已完成,服装
O00000734,C000297,P000030,2024-05-31,2,66.13,0.0,0.0,信用卡,已完成,食品
O00000735,C000444,P000027,2024-12-14,3,196.89,0.0,0.0,微信支付,已发货,食品
O00000736,C000140,P000028,2023-01-13,1,28.74,0.0,0.0,微信支付,已完成,食品
O00000737,C000409,P000024,2023-10-30,1,2154.25,0.7,1507.98,支付宝,已完成,家居
O00000738,C000484,P000032,2023-11-09,1,22.76,0.0,0.0,花呗,已完成,食品
O00000739,C000390,P000027,2023-01-25,2,196.89,0.0,0.0,微信支付,退货中,食品
O00000740,C000174,P000038,2024-02-20,3,117.96,0.8,283.1,信用卡,已完成,美妆
O00000741,C000426,P000030,2023-01-02,2,66.13,0.0,0.0,银行卡,待发货,食品
O00000742,C000347,P000037,2023-10-31,2,232.01,0.0,0.0,花呗,已完成,美妆
O00000743,C000156,P000008,2023-08-01,2,3065.33,0.0,0.0,银行卡,已发货,电子产品
O00000744,C000078,P000037,2023-02-26,2,232.01,0.8,371.22,银行卡,已完成,美妆
O00000745,C000023,P000007,2023-04-24,3,3648.4,0.0,0.0,支付宝,已完成,电子产品
O00000746,C000184,P000013,2023-06-29,1,74.95,0.9,67.46,花呗,已完成,服装
O00000747,C000216,P000040,2023-07-29,2,138.85,0.0,0.0,花呗,已完成,美妆
O00000748,C000471,P000011,2024-05-04,1,652.21,0.85,554.38,微信支付,已发货,服装
O00000749,C000367,P000003,2023-08-19,3,4516.24,0.8,10838.98,花呗,已完成,电子产品
O00000750,C000252,P000007,2023-10-11,2,3648.4,0.0,0.0,信用卡,已完成,电子产品
O00000751,C000347,P000038,2024-06-23,1,117.96,0.0,0.0,花呗,已发货,美妆
O00000752,C000226,P000039,2024-06-29,2,503.15,0.0,0.0,银行卡,待发货,美妆
O00000753,C000052,P000030,2024-12-10,3,66.13,0.8,158.71,支付宝,已发货,食品
O00000754,C000370,P000006,2024-04-13,1,4189.79,0.0,0.0,微信支付,已完成,电子产品
O00000755,C000036,P000037,2023-03-20,1,232.01,0.0,0.0,微信支付,已完成,美妆
O00000756,C000143,P000005,2023-07-29,1,806.54,0.9,725.89,银行卡,已完成,电子产品
O00000757,C000180,P000025,2024-11-29,1,175.23,0.0,0.0,银行卡,已完成,食品
O00000758,C000239,P000021,2024-10-22,1,1114.1,0.0,0.0,支付宝,已完成,家居
O00000759,C000137,P000019,2023-08-26,3,982.38,0.0,0.0,银行卡,已发货,家居
O00000760,C000264,P000020,2023-12-18,1,2094.02,0.85,1779.92,信用卡,已完成,家居
O00000761,C000225,P000010,2024-12-14,2,783.56,0.0,0.0,信用卡,已完成,服装
O00000762,C000108,P000028,2023-05-16,1,28.74,0.0,0.0,银行卡,待发货,食品
O00000763,C000436,P000025,2024-01-16,1,175.23,0.85,148.95,支付宝,退货中,食品
O00000764,C000121,P000020,2023-10-19,1,2094.02,0.0,0.0,微信支付,已完成,家居
O00000765,C000221,P000026,2023-10-20,2,183.74,0.0,0.0,微信支付,已完成,食品
O00000766,C000242,P000037,2023-04-30,1,232.01,0.0,0.0,微信支付,已完成,美妆
O00000767,C000410,P000035,2024-01-14,1,181.94,0.0,0.0,支付宝,已完成,美妆
O00000768,C000121,P000031,2023-12-19,2,96.51,0.0,0.0,微信支付,已完成,食品
O00000769,C000112,P000024,2023-05-05,2,2154.25,0.0,0.0,信用卡,已取消,家居
O00000770,C000269,P000011,2024-04-14,3,652.21,0.0,0.0,花呗,已取消,服装
O00000771,C000425,P000014,2023-12-06,5,443.12,0.0,0.0,银行卡,已完成,服装
O00000772,C000221,P000024,2024-08-10,4,2154.25,0.85,7324.45,信用卡,已完成,家居
O00000773,C000477,P000036,2023-04-26,1,642.93,0.8,514.34,微信支付,已发货,美妆
O00000774,C000305,P000039,2023-04-30,2,503.15,0.0,0.0,微信支付,已完成,美妆
O00000775,C000047,P000015,2023-04-05,1,211.1,0.9,189.99,微信支付,已完成,服装
O00000776,C000105,P000017,2023-08-16,2,610.78,0.85,1038.33,微信支付,已发货,家居
O00000777,C000057,P000031,2024-07-05,1,96.51,0.9,86.86,支付宝,已发货,食品
O00000778,C000154,P000036,2024-02-08,5,642.93,0.0,0.0,花呗,已完成,美妆
O00000779,C000089,P000038,2023-02-27,2,117.96,0.0,0.0,微信支付,已取消,美妆
O00000780,C000222,P000032,2024-03-13,2,22.76,0.0,0.0,银行卡,已完成,食品
O00000781,C000126,P000018,2023-11-12,1,2590.73,0.8,2072.58,支付宝,退货中,家居
O00000782,C000449,P000020,2024-03-30,1,2094.02,0.0,0.0,信用卡,已发货,家居
O00000783,C000156,P000025,2024-03-10,1,175.23,0.0,0.0,花呗,已发货,食品
O00000784,C000126,P000001,2023-05-28,2,1948.13,0.0,0.0,花呗,已完成,电子产品
O00000785,C000371,P000019,2023-03-09,5,982.38,0.0,0.0,信用卡,已取消,家居
O00000786,C000087,P000015,2024-02-24,1,211.1,0.0,0.0,微信支付,已完成,服装
O00000787,C000057,P000017,2024-12-28,2,610.78,0.8,977.25,微信支付,已完成,家居
O00000788,C000038,P000026,2024-01-26,1,183.74,0.0,0.0,银行卡,已完成,食品
O00000789,C000073,P000026,2023-11-08,3,183.74,0.9,496.1,微信支付,已完成,食品
O00000790,C000302,P000020,2023-01-03,1,2094.02,0.0,0.0,信用卡,已完成,家居
O00000791,C000440,P000017,2024-11-12,1,610.78,0.0,0.0,信用卡,待发货,家居
O00000792,C000102,P000036,2024-10-22,4,642.93,0.0,0.0,银行卡,已完成,美妆
O00000793,C000050,P000038,2023-03-10,1,117.96,0.0,0.0,信用卡,已完成,美妆
O00000794,C000059,P000026,2023-09-22,2,183.74,0.0,0.0,支付宝,已完成,食品
O00000795,C000245,P000007,2024-08-12,1,3648.4,0.0,0.0,花呗,已完成,电子产品
O00000796,C000140,P000018,2023-11-24,1,2590.73,0.9,2331.66,银行卡,已完成,家居
O00000797,C000107,P000035,2023-10-07,1,181.94,0.9,163.75,银行卡,已完成,美妆
O00000798,C000251,P000020,2023-10-26,1,2094.02,0.8,1675.22,花呗,已完成,家居
O00000799,C000222,P000030,2024-10-05,1,66.13,0.0,0.0,微信支付,已完成,食品
O00000800,C000199,P000027,2023-11-20,2,196.89,0.9,354.4,银行卡,已发货,食品
O00000801,C000089,P000029,2024-12-15,1,84.32,0.0,0.0,花呗,已完成,食品
O00000802,C000465,P000011,2023-05-28,1,652.21,0.0,0.0,银行卡,已完成,服装
O00000803,C000241,P000024,2024-02-26,3,2154.25,0.8,5170.2,支付宝,已完成,家居
O00000804,C000498,P000025,2024-05-30,1,175.23,0.0,0.0,花呗,已完成,食品
O00000805,C000224,P000006,2024-06-22,2,4189.79,0.9,7541.62,支付宝,已发货,电子产品
O00000806,C000354,P000035,2023-03-20,1,181.94,0.0,0.0,支付宝,已完成,美妆
O00000807,C000329,P000021,2023-11-16,1,1114.1,0.0,0.0,信用卡,已完成,家居
O00000808,C000300,P000013,2024-09-03,3,74.95,0.7,157.4,微信支付,已完成,服装
O00000809,C000089,P000018,2023-01-30,2,2590.73,0.0,0.0,微信支付,已发货,家居
O00000810,C000155,P000026,2023-05-26,3,183.74,0.0,0.0,微信支付,已完成,食品
O00000811,C000415,P000024,2023-03-22,1,2154.25,0.85,1831.11,支付宝,已完成,家居
O00000812,C000331,P000004,2024-05-10,1,4506.63,0.0,0.0,支付宝,已发货,电子产品
O00000813,C000234,P000009,2024-11-06,1,516.07,0.0,0.0,支付宝,已完成,服装
O00000814,C000374,P000025,2023-02-14,4,175.23,0.9,630.83,支付宝,已完成,食品
O00000815,C000334,P000020,2024-09-08,3,2094.02,0.8,5025.65,微信支付,已完成,家居
O00000816,C000317,P000027,2023-01-30,2,196.89,0.85,334.71,银行卡,已完成,食品
O00000817,C000245,P000006,2023-12-23,4,4189.79,0.8,13407.33,花呗,已完成,电子产品
O00000818,C000385,P000026,2024-08-06,1,183.74,0.85,156.18,支付宝,已完成,食品
O00000819,C000219,P000033,2023-07-16,2,787.6,0.0,0.0,花呗,退货中,美妆
O00000820,C000184,P000019,2023-04-12,1,982.38,0.8,785.9,信用卡,已取消,家居
O00000821,C000443,P000036,2024-08-26,1,642.93,0.9,578.64,支付宝,已完成,美妆
O00000822,C000415,P000005,2023-12-30,1,806.54,0.0,0.0,花呗,退货中,电子产品
O00000823,C000306,P000009,2023-04-26,1,516.07,0.0,0.0,信用卡,已发货,服装
O00000824,C000490,P000036,2023-05-20,1,642.93,0.0,0.0,银行卡,已完成,美妆
O00000825,C000464,P000034,2023-02-11,2,644.27,0.0,0.0,信用卡,已完成,美妆
O00000826,C000210,P000014,2024-09-06,1,443.12,0.9,398.81,信用卡,已发货,服装
O00000827,C000137,P000027,2024-02-22,1,196.89,0.8,157.51,微信支付,已完成,食品
O00000828,C000246,P000010,2024-05-02,3,783.56,0.0,0.0,支付宝,已取消,服装
O00000829,C000243,P000023,2024-05-18,5,2547.93,0.0,0.0,花呗,已完成,家居
O00000830,C000226,P000006,2023-03-29,2,4189.79,0.0,0.0,花呗,已完成,电子产品
O00000831,C000432,P000016,2023-06-22,5,312.16,0.7,1092.56,银行卡,已完成,服装
O00000832,C000259,P000001,2024-02-18,1,1948.13,0.85,1655.91,信用卡,已完成,电子产品
O00000833,C000367,P000027,2024-12-31,1,196.89,0.0,0.0,信用卡,已发货,食品
O00000834,C000143,P000039,2024-11-13,1,503.15,0.0,0.0,信用卡,已完成,美妆
O00000835,C000420,P000023,2023-05-31,2,2547.93,0.0,0.0,银行卡,已发货,家居
O00000836,C000329,P000039,2023-08-25,1,503.15,0.0,0.0,支付宝,已完成,美妆
O00000837,C000070,P000020,2023-03-11,2,2094.02,0.0,0.0,微信支付,已完成,家居
O00000838,C000448,P000024,2024-11-26,1,2154.25,0.0,0.0,花呗,已完成,家居
O00000839,C000139,P000005,2023-03-20,1,806.54,0.0,0.0,信用卡,已完成,电子产品
O00000840,C000180,P000027,2023-07-26,3,196.89,0.0,0.0,花呗,已完成,食品
O00000841,C000391,P000014,2023-12-18,1,443.12,0.0,0.0,支付宝,已发货,服装
O00000842,C000221,P000014,2023-02-02,4,443.12,0.8,1417.98,支付宝,退货中,服装
O00000843,C000065,P000014,2023-11-19,1,443.12,0.0,0.0,支付宝,待发货,服装
O00000844,C000078,P000038,2024-07-24,1,117.96,0.85,100.27,微信支付,已完成,美妆
O00000845,C000172,P000039,2023-05-18,1,503.15,0.0,0.0,支付宝,已完成,美妆
O00000846,C000018,P000024,2024-05-17,2,2154.25,0.9,3877.65,花呗,已完成,家居
O00000847,C000220,P000031,2024-07-29,1,96.51,0.0,0.0,信用卡,待发货,食品
O00000848,C000072,P000038,2024-08-28,1,117.96,0.9,106.16,银行卡,退货中,美妆
O00000849,C000229,P000024,2023-10-19,3,2154.25,0.0,0.0,支付宝,已完成,家居
O00000850,C000149,P000006,2024-01-11,1,4189.79,0.9,3770.81,支付宝,已完成,电子产品
O00000851,C000387,P000035,2024-10-02,3,181.94,0.0,0.0,银行卡,已完成,美妆
O00000852,C000261,P000013,2024-02-26,5,74.95,0.9,337.28,微信支付,已完成,服装
O00000853,C000327,P000034,2023-11-16,1,644.27,0.8,515.42,支付宝,已完成,美妆
O00000854,C000176,P000021,2023-04-28,3,1114.1,0.0,0.0,银行卡,已完成,家居
O00000855,C000320,P000010,2024-11-04,1,783.56,0.0,0.0,信用卡,待发货,服装
O00000856,C000005,P000005,2024-12-13,1,806.54,0.0,0.0,银行卡,已完成,电子产品
O00000857,C000139,P000037,2024-02-04,1,232.01,0.0,0.0,信用卡,已完成,美妆
O00000858,C000433,P000016,2024-11-22,1,312.16,0.0,0.0,银行卡,已完成,服装
O00000859,C000352,P000018,2023-11-03,1,2590.73,0.0,0.0,信用卡,已完成,家居
O00000860,C000197,P000013,2023-03-19,2,74.95,0.0,0.0,银行卡,已发货,服装
O00000861,C000353,P000011,2023-11-01,1,652.21,0.0,0.0,微信支付,退货中,服装
O00000862,C000221,P000013,2023-04-05,2,74.95,0.0,0.0,花呗,已发货,服装
O00000863,C000057,P000010,2023-03-10,1,783.56,0.0,0.0,信用卡,已完成,服装
O00000864,C000385,P000010,2023-03-20,1,783.56,0.0,0.0,银行卡,已完成,服装
O00000865,C000095,P000026,2024-07-06,1,183.74,0.0,0.0,银行卡,已完成,食品
O00000866,C000371,P000030,2024-04-09,2,66.13,0.0,0.0,支付宝,已完成,食品
O00000867,C000375,P000034,2024-06-12,2,644.27,0.0,0.0,微信支付,待发货,美妆
O00000868,C000466,P000016,2024-04-23,2,312.16,0.9,561.89,花呗,已完成,服装
O00000869,C000484,P000035,2024-03-20,3,181.94,0.9,491.24,支付宝,已取消,美妆
O00000870,C000075,P000030,2024-01-09,2,66.13,0.0,0.0,银行卡,已完成,食品
O00000871,C000124,P000015,2024-02-25,3,211.1,0.85,538.3,支付宝,已完成,服装
O00000872,C000152,P000010,2024-02-27,2,783.56,0.0,0.0,微信支付,已完成,服装
O00000873,C000137,P000025,2024-09-07,1,175.23,0.0,0.0,微信支付,已完成,食品
O00000874,C000493,P000015,2023-09-09,1,211.1,0.0,0.0,信用卡,已发货,服装
O00000875,C000240,P000016,2024-03-22,2,312.16,0.8,499.46,微信支付,已完成,服装
O00000876,C000330,P000028,2023-05-20,1,28.74,0.85,24.43,银行卡,已完成,食品
O00000877,C000343,P000028,2023-06-30,2,28.74,0.0,0.0,信用卡,已完成,食品
O00000878,C000493,P000008,2023-02-26,3,3065.33,0.0,0.0,花呗,待发货,电子产品
O00000879,C000177,P000019,2023-03-07,1,982.38,0.0,0.0,银行卡,已取消,家居
O00000880,C000032,P000002,2023-04-03,2,3943.44,0.85,6703.85,微信支付,已完成,电子产品
O00000881,C000449,P000005,2024-08-07,1,806.54,0.8,645.23,花呗,已发货,电子产品
O00000882,C000068,P000018,2024-08-17,2,2590.73,0.8,4145.17,银行卡,已取消,家居
O00000883,C000489,P000027,2023-04-03,1,196.89,0.0,0.0,银行卡,已完成,食品
O00000884,C000164,P000035,2024-08-21,1,181.94,0.85,154.65,微信支付,已发货,美妆
O00000885,C000288,P000036,2023-08-12,4,642.93,0.0,0.0,银行卡,已完成,美妆
O00000886,C000323,P000018,2023-09-18,1,2590.73,0.0,0.0,花呗,待发货,家居
O00000887,C000338,P000014,2023-04-26,1,443.12,0.0,0.0,微信支付,已完成,服装
O00000888,C000169,P000038,2023-05-29,4,117.96,0.9,424.66,银行卡,已完成,美妆
O00000889,C000206,P000026,2024-09-12,1,183.74,0.9,165.37,支付宝,已完成,食品
O00000890,C000107,P000031,2024-11-18,2,96.51,0.0,0.0,银行卡,已完成,食品
O00000891,C000120,P000009,2024-12-18,2,516.07,0.85,877.32,支付宝,已完成,服装
O00000892,C000068,P000027,2023-08-31,2,196.89,0.0,0.0,信用卡,待发货,食品
O00000893,C000117,P000012,2023-09-19,4,773.28,0.8,2474.5,微信支付,已完成,服装
O00000894,C000373,P000017,2023-06-14,1,610.78,0.9,549.7,信用卡,已取消,家居
O00000895,C000177,P000040,2023-10-08,3,138.85,0.85,354.07,信用卡,待发货,美妆
O00000896,C000285,P000034,2024-02-27,1,644.27,0.0,0.0,信用卡,已取消,美妆
O00000897,C000097,P000026,2023-04-13,3,183.74,0.9,496.1,花呗,已发货,食品
O00000898,C000079,P000009,2024-03-06,1,516.07,0.85,438.66,银行卡,已完成,服装
O00000899,C000382,P000007,2023-01-29,1,3648.4,0.9,3283.56,微信支付,已发货,电子产品
O00000900,C000370,P000027,2024-10-18,2,196.89,0.0,0.0,银行卡,已完成,食品
O00000901,C000273,P000009,2023-03-26,1,516.07,0.0,0.0,微信支付,已完成,服装
O00000902,C000460,P000023,2024-12-03,3,2547.93,0.8,6115.03,信用卡,已完成,家居
O00000903,C000008,P000028,2023-05-17,1,28.74,0.9,25.87,银行卡,已完成,食品
O00000904,C000417,P000029,2023-07-23,3,84.32,0.0,0.0,信用卡,已完成,食品
O00000905,C000250,P000014,2024-08-07,3,443.12,0.8,1063.49,花呗,已完成,服装
O00000906,C000093,P000032,2024-10-03,2,22.76,0.0,0.0,信用卡,已完成,食品
O00000907,C000177,P000008,2024-12-19,1,3065.33,0.0,0.0,花呗,待发货,电子产品
O00000908,C000471,P000023,2023-09-24,1,2547.93,0.7,1783.55,微信支付,已完成,家居
O00000909,C000477,P000009,2023-05-01,4,516.07,0.0,0.0,信用卡,已完成,服装
O00000910,C000451,P000004,2024-05-21,3,4506.63,0.9,12167.9,微信支付,已完成,电子产品
O00000911,C000190,P000015,2023-09-30,4,211.1,0.0,0.0,微信支付,已完成,服装
O00000912,C000033,P000034,2023-07-31,1,644.27,0.7,450.99,银行卡,已完成,美妆
O00000913,C000060,P000005,2023-07-13,2,806.54,0.0,0.0,微信支付,已完成,电子产品
O00000914,C000239,P000028,2023-09-26,1,28.74,0.0,0.0,微信支付,已完成,食品
O00000915,C000452,P000010,2024-12-01,1,783.56,0.0,0.0,信用卡,已完成,服装
O00000916,C000425,P000020,2023-11-28,1,2094.02,0.0,0.0,微信支付,退货中,家居
O00000917,C000449,P000035,2024-12-26,2,181.94,0.0,0.0,支付宝,已完成,美妆
O00000918,C000095,P000036,2023-03-02,1,642.93,0.8,514.34,信用卡,已完成,美妆
O00000919,C000019,P000037,2024-09-12,4,232.01,0.7,649.63,花呗,已取消,美妆
O00000920,C000279,P000023,2023-02-16,2,2547.93,0.0,0.0,信用卡,已完成,家居
O00000921,C000452,P000013,2024-02-09,1,74.95,0.0,0.0,花呗,已完成,服装
O00000922,C000056,P000006,2023-07-03,1,4189.79,0.0,0.0,银行卡,已完成,电子产品
O00000923,C000090,P000009,2023-05-16,3,516.07,0.9,1393.39,信用卡,已完成,服装
O00000924,C000411,P000035,2023-04-30,1,181.94,0.7,127.36,信用卡,已完成,美妆
O00000925,C000209,P000028,2023-10-15,3,28.74,0.8,68.98,银行卡,已发货,食品
O00000926,C000013,P000037,2023-09-27,4,232.01,0.85,788.83,银行卡,已完成,美妆
O00000927,C000391,P000015,2024-03-22,2,211.1,0.0,0.0,信用卡,待发货,服装
O00000928,C000411,P000010,2023-06-04,3,783.56,0.8,1880.54,信用卡,已完成,服装
O00000929,C000115,P000009,2023-06-02,1,516.07,0.0,0.0,信用卡,已完成,服装
O00000930,C000427,P000001,2024-12-23,1,1948.13,0.0,0.0,信用卡,已完成,电子产品
O00000931,C000197,P000035,2024-01-01,1,181.94,0.0,0.0,信用卡,退货中,美妆
O00000932,C000184,P000004,2023-06-01,1,4506.63,0.0,0.0,银行卡,已完成,电子产品
O00000933,C000293,P000029,2023-06-22,1,84.32,0.85,71.67,花呗,已发货,食品
O00000934,C000343,P000013,2024-08-22,3,74.95,0.7,157.4,支付宝,已完成,服装
O00000935,C000249,P000033,2024-08-07,2,787.6,0.8,1260.16,微信支付,已完成,美妆
O00000936,C000286,P000037,2024-11-24,3,232.01,0.0,0.0,银行卡,已完成,美妆
O00000937,C000250,P000034,2024-11-27,2,644.27,0.0,0.0,支付宝,已完成,美妆
O00000938,C000158,P000017,2023-06-07,3,610.78,0.0,0.0,信用卡,已完成,家居
O00000939,C000309,P000036,2023-10-03,1,642.93,0.0,0.0,支付宝,已完成,美妆
O00000940,C000307,P000030,2024-04-08,2,66.13,0.9,119.03,花呗,已完成,食品
O00000941,C000421,P000022,2023-02-19,1,2860.42,0.0,0.0,支付宝,已发货,家居
O00000942,C000285,P000004,2024-07-14,2,4506.63,0.0,0.0,信用卡,退货中,电子产品
O00000943,C000344,P000038,2023-09-03,1,117.96,0.8,94.37,支付宝,退货中,美妆
O00000944,C000478,P000014,2023-08-02,1,443.12,0.85,376.65,银行卡,已完成,服装
O00000945,C000021,P000008,2024-10-31,2,3065.33,0.0,0.0,信用卡,已完成,电子产品
O00000946,C000461,P000036,2023-11-14,2,642.93,0.9,1157.27,银行卡,已取消,美妆
O00000947,C000357,P000031,2024-01-12,2,96.51,0.0,0.0,信用卡,已完成,食品
O00000948,C000044,P000022,2024-07-30,1,2860.42,0.0,0.0,信用卡,已完成,家居
O00000949,C000425,P000031,2024-09-20,3,96.51,0.9,260.58,支付宝,已完成,食品
O00000950,C000094,P000037,2023-12-16,1,232.01,0.9,208.81,微信支付,退货中,美妆
O00000951,C000239,P000034,2024-06-23,4,644.27,0.0,0.0,银行卡,已完成,美妆
O00000952,C000154,P000025,2023-03-23,1,175.23,0.0,0.0,微信支付,已取消,食品
O00000953,C000448,P000026,2024-12-01,5,183.74,0.85,780.9,花呗,已取消,食品
O00000954,C000083,P000038,2024-08-05,1,117.96,0.0,0.0,支付宝,已完成,美妆
O00000955,C000331,P000032,2024-06-06,2,22.76,0.0,0.0,花呗,已完成,食品
O00000956,C000473,P000033,2023-12-30,3,787.6,0.0,0.0,花呗,已完成,美妆
O00000957,C000100,P000011,2024-11-08,1,652.21,0.85,554.38,信用卡,已完成,服装
O00000958,C000392,P000014,2024-03-02,1,443.12,0.0,0.0,花呗,待发货,服装
O00000959,C000287,P000012,2024-11-17,2,773.28,0.85,1314.58,银行卡,已完成,服装
O00000960,C000097,P000011,2023-07-11,4,652.21,0.0,0.0,花呗,已完成,服装
O00000961,C000418,P000038,2024-11-20,1,117.96,0.0,0.0,支付宝,已完成,美妆
O00000962,C000276,P000029,2023-01-14,1,84.32,0.0,0.0,信用卡,已完成,食品
O00000963,C000187,P000036,2024-09-08,3,642.93,0.0,0.0,花呗,已发货,美妆
O00000964,C000111,P000002,2024-11-20,1,3943.44,0.9,3549.1,银行卡,退货中,电子产品
O00000965,C000141,P000028,2023-05-19,1,28.74,0.0,0.0,支付宝,已完成,食品
O00000966,C000313,P000039,2023-07-12,2,503.15,0.0,0.0,微信支付,待发货,美妆
O00000967,C000450,P000025,2024-03-22,2,175.23,0.8,280.37,花呗,已发货,食品
O00000968,C000174,P000034,2023-11-05,1,644.27,0.0,0.0,信用卡,已发货,美妆
O00000969,C000485,P000012,2023-06-20,1,773.28,0.9,695.95,信用卡,已取消,服装
O00000970,C000413,P000008,2024-04-27,4,3065.33,0.0,0.0,微信支付,已完成,电子产品
O00000971,C000387,P000011,2024-08-06,1,652.21,0.0,0.0,银行卡,已发货,服装
O00000972,C000020,P000009,2024-10-07,1,516.07,0.0,0.0,信用卡,已发货,服装
O00000973,C000235,P000021,2024-08-15,3,1114.1,0.0,0.0,银行卡,已完成,家居
O00000974,C000099,P000006,2024-02-14,1,4189.79,0.0,0.0,花呗,已完成,电子产品
O00000975,C000490,P000024,2024-05-14,4,2154.25,0.0,0.0,支付宝,已完成,家居
O00000976,C000140,P000015,2023-11-20,1,211.1,0.0,0.0,信用卡,已完成,服装
O00000977,C000475,P000022,2023-04-30,3,2860.42,0.8,6865.01,银行卡,已完成,家居
O00000978,C000129,P000002,2024-03-22,1,3943.44,0.0,0.0,微信支付,已完成,电子产品
O00000979,C000191,P000006,2024-03-24,1,4189.79,0.0,0.0,银行卡,已完成,电子产品
O00000980,C000438,P000002,2024-11-03,4,3943.44,0.8,12619.01,信用卡,已完成,电子产品
O00000981,C000212,P000027,2024-11-20,4,196.89,0.0,0.0,信用卡,已完成,食品
O00000982,C000274,P000002,2023-06-15,3,3943.44,0.0,0.0,支付宝,已完成,电子产品
O00000983,C000193,P000040,2023-05-13,2,138.85,0.0,0.0,信用卡,已完成,美妆
O00000984,C000078,P000001,2024-03-01,1,1948.13,0.0,0.0,微信支付,已取消,电子产品
O00000985,C000139,P000029,2023-02-18,1,84.32,0.0,0.0,银行卡,退货中,食品
O00000986,C000234,P000012,2023-06-12,1,773.28,0.8,618.62,花呗,已完成,服装
O00000987,C000221,P000027,2023-03-07,1,196.89,0.0,0.0,微信支付,已完成,食品
O00000988,C000461,P000020,2023-08-18,1,2094.02,0.7,1465.81,银行卡,已完成,家居
O00000989,C000494,P000004,2024-07-24,3,4506.63,0.0,0.0,花呗,已完成,电子产品
O00000990,C000198,P000009,2023-04-17,2,516.07,0.8,825.71,信用卡,已发货,服装
O00000991,C000025,P000035,2023-04-24,3,181.94,0.85,463.95,花呗,退货中,美妆
O00000992,C000054,P000028,2023-04-15,3,28.74,0.0,0.0,支付宝,已发货,食品
O00000993,C000070,P000022,2023-05-01,1,2860.42,0.8,2288.34,微信支付,待发货,家居
O00000994,C000097,P000011,2024-12-26,2,652.21,0.0,0.0,支付宝,已完成,服装
O00000995,C000460,P000013,2024-01-08,1,74.95,0.0,0.0,微信支付,已完成,服装
O00000996,C000304,P000011,2024-03-01,1,652.21,0.0,0.0,信用卡,已发货,服装
O00000997,C000297,P000020,2024-06-01,1,2094.02,0.0,0.0,信用卡,已完成,家居
O00000998,C000265,P000033,2024-11-11,1,787.6,0.85,669.46,花呗,已完成,美妆
O00000999,C000069,P000014,2023-08-22,1,443.12,0.0,0.0,信用卡,已完成,服装
O00001000,C000022,P000027,2024-06-12,3,196.89,0.0,0.0,支付宝,已发货,食品
O00001001,C000247,P000010,2023-01-11,1,783.56,0.0,0.0,支付宝,已发货,服装
O00001002,C000202,P000004,2023-11-19,1,4506.63,0.85,3830.64,信用卡,已完成,电子产品
O00001003,C000195,P000040,2023-02-07,1,138.85,0.9,124.96,花呗,已完成,美妆
O00001004,C000213,P000035,2024-10-08,1,181.94,0.85,154.65,花呗,退货中,美妆
O00001005,C000361,P000019,2024-03-05,5,982.38,0.9,4420.71,花呗,已完成,家居
O00001006,C000407,P000003,2023-11-18,3,4516.24,0.0,0.0,银行卡,已取消,电子产品
O00001007,C000018,P000035,2024-09-17,4,181.94,0.9,654.98,信用卡,已取消,美妆
O00001008,C000222,P000006,2024-07-11,2,4189.79,0.9,7541.62,信用卡,已完成,电子产品
O00001009,C000053,P000012,2024-10-26,2,773.28,0.0,0.0,银行卡,已完成,服装
O00001010,C000437,P000005,2024-07-04,1,806.54,0.9,725.89,微信支付,已完成,电子产品
O00001011,C000050,P000026,2024-07-07,2,183.74,0.0,0.0,花呗,已完成,食品
O00001012,C000214,P000026,2023-12-15,1,183.74,0.0,0.0,支付宝,已发货,食品
O00001013,C000430,P000036,2024-07-06,3,642.93,0.0,0.0,银行卡,已完成,美妆
O00001014,C000414,P000024,2024-06-01,2,2154.25,0.0,0.0,银行卡,已完成,家居
O00001015,C000497,P000015,2024-06-03,1,211.1,0.0,0.0,支付宝,已完成,服装
O00001016,C000069,P000003,2024-08-09,1,4516.24,0.0,0.0,微信支付,已发货,电子产品
O00001017,C000102,P000026,2024-08-18,3,183.74,0.8,440.98,花呗,已完成,食品
O00001018,C000478,P000022,2023-08-28,3,2860.42,0.0,0.0,花呗,已完成,家居
O00001019,C000351,P000038,2024-01-22,2,117.96,0.0,0.0,银行卡,已完成,美妆
O00001020,C000019,P000021,2023-07-17,2,1114.1,0.0,0.0,支付宝,已发货,家居
O00001021,C000500,P000017,2024-03-11,1,610.78,0.0,0.0,支付宝,已发货,家居
O00001022,C000434,P000020,2023-05-14,1,2094.02,0.0,0.0,银行卡,已完成,家居
O00001023,C000322,P000021,2024-02-17,2,1114.1,0.0,0.0,信用卡,已完成,家居
O00001024,C000218,P000017,2024-08-21,3,610.78,0.0,0.0,信用卡,已完成,家居
O00001025,C000408,P000007,2024-05-16,2,3648.4,0.0,0.0,微信支付,已发货,电子产品
O00001026,C000381,P000032,2023-05-11,1,22.76,0.0,0.0,花呗,已完成,食品
O00001027,C000460,P000013,2023-05-01,3,74.95,0.0,0.0,支付宝,已完成,服装
O00001028,C000246,P000007,2024-07-26,2,3648.4,0.7,5107.76,花呗,已完成,电子产品
O00001029,C000312,P000036,2023-04-23,3,642.93,0.0,0.0,支付宝,已完成,美妆
O00001030,C000484,P000032,2023-05-01,2,22.76,0.7,31.86,银行卡,已完成,食品
O00001031,C000055,P000013,2023-01-29,1,74.95,0.0,0.0,花呗,已发货,服装
O00001032,C000191,P000020,2023-11-09,1,2094.02,0.0,0.0,信用卡,待发货,家居
O00001033,C000419,P000014,2024-07-14,1,443.12,0.8,354.5,信用卡,已完成,服装
O00001034,C000201,P000021,2023-11-14,1,1114.1,0.8,891.28,信用卡,已完成,家居
O00001035,C000110,P000028,2024-09-12,1,28.74,0.0,0.0,信用卡,已完成,食品
O00001036,C000366,P000040,2024-11-14,3,138.85,0.8,333.24,银行卡,已完成,美妆
O00001037,C000042,P000038,2024-10-01,1,117.96,0.0,0.0,微信支付,已完成,美妆
O00001038,C000409,P000031,2023-12-14,4,96.51,0.7,270.23,信用卡,已完成,食品
O00001039,C000190,P000029,2024-10-23,2,84.32,0.0,0.0,支付宝,已完成,食品
O00001040,C000436,P000028,2024-12-25,2,28.74,0.9,51.73,花呗,已完成,食品
O00001041,C000292,P000012,2024-09-25,1,773.28,0.85,657.29,花呗,已完成,服装
O00001042,C000482,P000001,2024-05-02,2,1948.13,0.0,0.0,花呗,已完成,电子产品
O00001043,C000197,P000011,2023-01-20,1,652.21,0.0,0.0,花呗,已完成,服装
O00001044,C000252,P000009,2024-06-30,1,516.07,0.0,0.0,支付宝,已完成,服装
O00001045,C000267,P000012,2023-01-24,1,773.28,0.0,0.0,支付宝,已完成,服装
O00001046,C000361,P000006,2023-11-21,3,4189.79,0.0,0.0,支付宝,已完成,电子产品
O00001047,C000464,P000019,2023-10-20,2,982.38,0.0,0.0,支付宝,已完成,家居
O00001048,C000075,P000005,2024-02-22,1,806.54,0.0,0.0,银行卡,已完成,电子产品
O00001049,C000273,P000020,2024-12-31,1,2094.02,0.0,0.0,银行卡,已完成,家居
O00001050,C000276,P000021,2023-11-28,1,1114.1,0.8,891.28,支付宝,已完成,家居
O00001051,C000003,P000010,2023-09-03,1,783.56,0.0,0.0,信用卡,已发货,服装
O00001052,C000178,P000020,2024-05-31,2,2094.02,0.0,0.0,支付宝,已完成,家居
O00001053,C000047,P000024,2024-07-20,1,2154.25,0.0,0.0,信用卡,已完成,家居
O00001054,C000438,P000013,2023-01-20,2,74.95,0.7,104.93,支付宝,已完成,服装
O00001055,C000337,P000001,2024-07-22,1,1948.13,0.0,0.0,花呗,已完成,电子产品
O00001056,C000086,P000033,2023-03-27,1,787.6,0.0,0.0,微信支付,已发货,美妆
O00001057,C000464,P000020,2023-06-22,1,2094.02,0.0,0.0,信用卡,已发货,家居
O00001058,C000242,P000006,2024-07-22,4,4189.79,0.0,0.0,信用卡,已完成,电子产品
O00001059,C000420,P000012,2024-09-27,4,773.28,0.7,2165.18,支付宝,已完成,服装
O00001060,C000454,P000006,2024-05-08,1,4189.79,0.0,0.0,信用卡,已完成,电子产品
O00001061,C000107,P000012,2024-10-09,5,773.28,0.85,3286.44,银行卡,已完成,服装
O00001062,C000034,P000034,2024-06-30,1,644.27,0.0,0.0,信用卡,已完成,美妆
O00001063,C000123,P000026,2023-05-24,2,183.74,0.7,257.24,信用卡,已发货,食品
O00001064,C000339,P000026,2024-05-31,1,183.74,0.0,0.0,银行卡,退货中,食品
O00001065,C000179,P000027,2024-12-25,2,196.89,0.0,0.0,银行卡,已完成,食品
O00001066,C000046,P000038,2024-04-15,1,117.96,0.0,0.0,微信支付,退货中,美妆
O00001067,C000055,P000028,2023-01-03,2,28.74,0.0,0.0,支付宝,已完成,食品
O00001068,C000216,P000031,2024-02-28,2,96.51,0.9,173.72,信用卡,已完成,食品
O00001069,C000181,P000004,2024-07-05,3,4506.63,0.8,10815.91,支付宝,已完成,电子产品
O00001070,C000237,P000012,2024-11-18,2,773.28,0.0,0.0,信用卡,已完成,服装
O00001071,C000288,P000018,2024-01-02,3,2590.73,0.85,6606.36,支付宝,已完成,家居
O00001072,C000035,P000028,2024-01-15,1,28.74,0.0,0.0,微信支付,已取消,食品
O00001073,C000106,P000032,2023-10-15,2,22.76,0.9,40.97,微信支付,已完成,食品
O00001074,C000184,P000018,2024-09-20,1,2590.73,0.85,2202.12,微信支付,已完成,家居
O00001075,C000293,P000038,2024-05-20,1,117.96,0.0,0.0,信用卡,退货中,美妆
O00001076,C000414,P000006,2024-12-24,4,4189.79,0.0,0.0,信用卡,已完成,电子产品
O00001077,C000432,P000002,2023-10-12,1,3943.44,0.0,0.0,花呗,已完成,电子产品
O00001078,C000342,P000037,2024-08-02,1,232.01,0.9,208.81,微信支付,已完成,美妆
O00001079,C000299,P000007,2023-05-12,1,3648.4,0.0,0.0,花呗,已发货,电子产品
O00001080,C000084,P000039,2024-06-19,3,503.15,0.0,0.0,支付宝,已发货,美妆
O00001081,C000178,P000035,2024-12-10,5,181.94,0.9,818.73,花呗,已完成,美妆
O00001082,C000193,P000014,2023-01-03,3,443.12,0.9,1196.42,支付宝,已取消,服装
O00001083,C000366,P000039,2023-11-27,3,503.15,0.7,1056.61,银行卡,已完成,美妆
O00001084,C000498,P000016,2024-06-14,1,312.16,0.0,0.0,支付宝,已完成,服装
O00001085,C000262,P000013,2023-08-18,3,74.95,0.8,179.88,花呗,已完成,服装
O00001086,C000041,P000014,2023-01-06,1,443.12,0.0,0.0,花呗,已完成,服装
O00001087,C000091,P000024,2023-08-20,3,2154.25,0.0,0.0,支付宝,退货中,家居
O00001088,C000370,P000008,2023-07-21,4,3065.33,0.0,0.0,支付宝,已完成,电子产品
O00001089,C000333,P000008,2024-03-18,1,3065.33,0.0,0.0,银行卡,已发货,电子产品
O00001090,C000196,P000038,2023-09-11,3,117.96,0.0,0.0,银行卡,已完成,美妆
O00001091,C000107,P000038,2023-12-08,3,117.96,0.0,0.0,支付宝,已完成,美妆
O00001092,C000207,P000013,2024-09-26,3,74.95,0.0,0.0,信用卡,已完成,服装
O00001093,C000348,P000011,2023-03-29,2,652.21,0.8,1043.54,信用卡,退货中,服装
O00001094,C000089,P000040,2024-12-11,1,138.85,0.0,0.0,信用卡,已完成,美妆
O00001095,C000017,P000037,2024-09-17,1,232.01,0.0,0.0,支付宝,已完成,美妆
O00001096,C000390,P000027,2023-10-29,2,196.89,0.0,0.0,花呗,已发货,食品
O00001097,C000010,P000014,2023-08-27,3,443.12,0.85,1129.96,花呗,待发货,服装
O00001098,C000474,P000024,2024-01-29,1,2154.25,0.0,0.0,花呗,已完成,家居
O00001099,C000080,P000029,2023-12-14,2,84.32,0.9,151.78,支付宝,已完成,食品
O00001100,C000234,P000007,2023-12-03,1,3648.4,0.0,0.0,支付宝,已完成,电子产品
O00001101,C000377,P000009,2023-03-11,2,516.07,0.85,877.32,花呗,已完成,服装
O00001102,C000134,P000028,2024-06-05,1,28.74,0.0,0.0,花呗,已完成,食品
O00001103,C000400,P000032,2023-09-06,1,22.76,0.0,0.0,微信支付,已完成,食品
O00001104,C000490,P000015,2024-03-22,1,211.1,0.9,189.99,银行卡,已完成,服装
O00001105,C000261,P000010,2024-07-08,1,783.56,0.0,0.0,银行卡,已发货,服装
O00001106,C000245,P000008,2023-10-26,2,3065.33,0.0,0.0,花呗,已完成,电子产品
O00001107,C000265,P000038,2023-05-29,2,117.96,0.0,0.0,花呗,已完成,美妆
O00001108,C000203,P000009,2024-03-08,3,516.07,0.7,1083.75,微信支付,已完成,服装
O00001109,C000134,P000018,2023-12-16,3,2590.73,0.0,0.0,信用卡,已完成,家居
O00001110,C000309,P000005,2023-12-06,2,806.54,0.0,0.0,银行卡,待发货,电子产品
O00001111,C000075,P000016,2024-03-04,2,312.16,0.0,0.0,支付宝,已完成,服装
O00001112,C000255,P000036,2023-01-04,1,642.93,0.9,578.64,信用卡,已完成,美妆
O00001113,C000170,P000040,2023-09-02,2,138.85,0.85,236.04,银行卡,已完成,美妆
O00001114,C000339,P000020,2024-01-20,3,2094.02,0.0,0.0,支付宝,已完成,家居
O00001115,C000280,P000024,2023-03-17,1,2154.25,0.0,0.0,微信支付,已完成,家居
O00001116,C000256,P000020,2023-07-19,1,2094.02,0.8,1675.22,银行卡,已完成,家居
O00001117,C000311,P000009,2023-01-31,1,516.07,0.0,0.0,微信支付,已完成,服装
O00001118,C000262,P000003,2023-06-28,3,4516.24,0.0,0.0,微信支付,已完成,电子产品
O00001119,C000132,P000014,2023-06-30,1,443.12,0.8,354.5,支付宝,已发货,服装
O00001120,C000239,P000008,2023-05-21,3,3065.33,0.85,7816.59,支付宝,已完成,电子产品
O00001121,C000317,P000028,2023-08-04,1,28.74,0.0,0.0,银行卡,已完成,食品
O00001122,C000075,P000001,2024-06-23,2,1948.13,0.7,2727.38,信用卡,退货中,电子产品
O00001123,C000438,P000038,2023-03-08,3,117.96,0.8,283.1,微信支付,已完成,美妆
O00001124,C000265,P000034,2023-07-16,3,644.27,0.9,1739.53,银行卡,已完成,美妆
O00001125,C000096,P000007,2024-10-13,2,3648.4,0.0,0.0,花呗,已完成,电子产品
O00001126,C000034,P000018,2024-07-02,2,2590.73,0.0,0.0,微信支付,已完成,家居
O00001127,C000031,P000028,2023-10-14,1,28.74,0.8,22.99,花呗,待发货,食品
O00001128,C000103,P000006,2023-08-03,3,4189.79,0.85,10683.96,花呗,已发货,电子产品
O00001129,C000006,P000011,2024-06-04,1,652.21,0.8,521.77,花呗,已完成,服装
O00001130,C000442,P000016,2024-06-15,1,312.16,0.0,0.0,银行卡,已完成,服装
O00001131,C000228,P000009,2024-05-09,2,516.07,0.0,0.0,银行卡,已发货,服装
O00001132,C000189,P000002,2024-10-15,2,3943.44,0.0,0.0,支付宝,已取消,电子产品
O00001133,C000417,P000022,2023-07-27,1,2860.42,0.0,0.0,微信支付,已完成,家居
O00001134,C000302,P000036,2024-01-22,1,642.93,0.8,514.34,银行卡,已完成,美妆
O00001135,C000190,P000017,2023-03-28,1,610.78,0.0,0.0,信用卡,已完成,家居
O00001136,C000368,P000038,2023-08-24,2,117.96,0.0,0.0,花呗,已完成,美妆
O00001137,C000132,P000013,2024-04-06,1,74.95,0.0,0.0,信用卡,已完成,服装
O00001138,C000023,P000002,2024-01-27,1,3943.44,0.0,0.0,银行卡,已完成,电子产品
O00001139,C000230,P000012,2024-01-03,2,773.28,0.0,0.0,花呗,已取消,服装
O00001140,C000032,P000024,2024-10-21,2,2154.25,0.0,0.0,微信支付,已完成,家居
O00001141,C000467,P000011,2023-03-15,1,652.21,0.0,0.0,银行卡,已完成,服装
O00001142,C000033,P000032,2023-12-04,1,22.76,0.9,20.48,银行卡,已完成,食品
O00001143,C000027,P000003,2024-09-10,1,4516.24,0.7,3161.37,花呗,退货中,电子产品
O00001144,C000003,P000040,2023-01-09,4,138.85,0.0,0.0,银行卡,已发货,美妆
O00001145,C000215,P000001,2024-02-18,3,1948.13,0.85,4967.73,支付宝,已取消,电子产品
O00001146,C000304,P000035,2024-06-08,1,181.94,0.7,127.36,信用卡,退货中,美妆
O00001147,C000053,P000035,2023-08-03,1,181.94,0.0,0.0,花呗,已完成,美妆
O00001148,C000457,P000030,2024-04-17,3,66.13,0.0,0.0,微信支付,已完成,食品
O00001149,C000425,P000032,2024-12-15,1,22.76,0.0,0.0,花呗,已完成,食品
O00001150,C000317,P000008,2023-05-23,1,3065.33,0.0,0.0,支付宝,已完成,电子产品
O00001151,C000191,P000032,2024-11-05,1,22.76,0.0,0.0,信用卡,已发货,食品
O00001152,C000341,P000027,2024-02-18,1,196.89,0.9,177.2,银行卡,已发货,食品
O00001153,C000156,P000020,2023-01-24,1,2094.02,0.0,0.0,微信支付,已完成,家居
O00001154,C000141,P000015,2023-12-05,1,211.1,0.85,179.44,花呗,已完成,服装
O00001155,C000120,P000016,2024-02-05,2,312.16,0.0,0.0,信用卡,退货中,服装
O00001156,C000152,P000014,2024-01-31,1,443.12,0.0,0.0,花呗,已完成,服装
O00001157,C000064,P000003,2024-10-16,4,4516.24,0.0,0.0,支付宝,待发货,电子产品
O00001158,C000354,P000027,2023-07-01,2,196.89,0.9,354.4,信用卡,已完成,食品
O00001159,C000002,P000002,2023-07-23,1,3943.44,0.7,2760.41,银行卡,已完成,电子产品
O00001160,C000280,P000009,2023-10-26,1,516.07,0.0,0.0,支付宝,已完成,服装
O00001161,C000252,P000014,2023-01-12,1,443.12,0.8,354.5,信用卡,已完成,服装
O00001162,C000458,P000040,2023-04-24,1,138.85,0.0,0.0,支付宝,已完成,美妆
O00001163,C000080,P000019,2023-07-31,1,982.38,0.0,0.0,信用卡,已完成,家居
O00001164,C000164,P000017,2024-11-11,3,610.78,0.9,1649.11,银行卡,已完成,家居
O00001165,C000166,P000005,2024-05-29,2,806.54,0.0,0.0,微信支付,已发货,电子产品
O00001166,C000199,P000006,2023-05-27,1,4189.79,0.85,3561.32,花呗,已完成,电子产品
O00001167,C000006,P000010,2024-06-22,3,783.56,0.0,0.0,信用卡,已完成,服装
O00001168,C000157,P000009,2024-08-12,1,516.07,0.0,0.0,信用卡,已完成,服装
O00001169,C000078,P000004,2024-12-29,1,4506.63,0.0,0.0,微信支付,已发货,电子产品
O00001170,C000332,P000018,2023-07-03,1,2590.73,0.9,2331.66,信用卡,待发货,家居
O00001171,C000266,P000022,2024-11-05,1,2860.42,0.0,0.0,信用卡,已完成,家居
O00001172,C000194,P000006,2023-02-14,2,4189.79,0.8,6703.66,银行卡,已完成,电子产品
O00001173,C000467,P000037,2024-07-04,3,232.01,0.8,556.82,微信支付,已完成,美妆
O00001174,C000466,P000008,2024-02-26,4,3065.33,0.0,0.0,银行卡,退货中,电子产品
O00001175,C000207,P000036,2023-04-18,1,642.93,0.85,546.49,信用卡,已完成,美妆
O00001176,C000125,P000023,2023-09-16,1,2547.93,0.0,0.0,支付宝,已完成,家居
O00001177,C000264,P000022,2024-12-12,1,2860.42,0.0,0.0,银行卡,已完成,家居
O00001178,C000037,P000026,2023-07-19,2,183.74,0.0,0.0,支付宝,已完成,食品
O00001179,C000208,P000032,2023-05-20,2,22.76,0.9,40.97,信用卡,已完成,食品
O00001180,C000103,P000021,2023-03-26,1,1114.1,0.0,0.0,信用卡,已完成,家居
O00001181,C000306,P000013,2023-10-13,1,74.95,0.0,0.0,支付宝,已发货,服装
O00001182,C000355,P000006,2023-07-01,2,4189.79,0.0,0.0,信用卡,已完成,电子产品
O00001183,C000465,P000017,2024-11-18,1,610.78,0.9,549.7,微信支付,已发货,家居
O00001184,C000465,P000036,2023-07-02,1,642.93,0.0,0.0,花呗,已完成,美妆
O00001185,C000130,P000015,2024-12-14,1,211.1,0.9,189.99,花呗,已完成,服装
O00001186,C000031,P000020,2024-11-06,2,2094.02,0.0,0.0,银行卡,待发货,家居
O00001187,C000259,P000006,2024-09-04,1,4189.79,0.85,3561.32,微信支付,已完成,电子产品
O00001188,C000020,P000017,2024-01-19,4,610.78,0.0,0.0,支付宝,已取消,家居
O00001189,C000379,P000010,2023-01-15,1,783.56,0.0,0.0,支付宝,已完成,服装
O00001190,C000250,P000024,2023-04-09,1,2154.25,0.85,1831.11,微信支付,已发货,家居
O00001191,C000443,P000027,2023-02-15,2,196.89,0.0,0.0,银行卡,已完成,食品
O00001192,C000146,P000036,2024-10-03,1,642.93,0.0,0.0,花呗,已完成,美妆
O00001193,C000131,P000008,2024-03-14,1,3065.33,0.0,0.0,银行卡,已完成,电子产品
O00001194,C000297,P000034,2023-01-16,1,644.27,0.0,0.0,信用卡,已完成,美妆
O00001195,C000480,P000037,2023-08-14,1,232.01,0.85,197.21,花呗,已完成,美妆
O00001196,C000111,P000021,2023-03-10,1,1114.1,0.0,0.0,花呗,待发货,家居
O00001197,C000157,P000006,2023-04-15,1,4189.79,0.85,3561.32,花呗,已发货,电子产品
O00001198,C000411,P000009,2023-04-08,1,516.07,0.7,361.25,信用卡,已完成,服装
O00001199,C000144,P000036,2024-12-11,2,642.93,0.0,0.0,银行卡,已完成,美妆
O00001200,C000426,P000007,2024-11-13,5,3648.4,0.0,0.0,花呗,已完成,电子产品
O00001201,C000083,P000029,2024-04-04,4,84.32,0.9,303.55,微信支付,已完成,食品
O00001202,C000225,P000036,2024-12-22,2,642.93,0.0,0.0,花呗,退货中,美妆
O00001203,C000401,P000013,2023-05-08,3,74.95,0.9,202.37,微信支付,已完成,服装
O00001204,C000106,P000021,2023-03-03,2,1114.1,0.0,0.0,微信支付,已完成,家居
O00001205,C000283,P000014,2023-07-29,1,443.12,0.0,0.0,花呗,已完成,服装
O00001206,C000133,P000020,2024-03-30,5,2094.02,0.0,0.0,银行卡,已发货,家居
O00001207,C000305,P000002,2023-02-10,1,3943.44,0.7,2760.41,银行卡,已完成,电子产品
O00001208,C000405,P000012,2023-08-23,3,773.28,0.0,0.0,微信支付,已发货,服装
O00001209,C000483,P000001,2023-02-25,1,1948.13,0.9,1753.32,微信支付,已取消,电子产品
O00001210,C000462,P000020,2024-12-13,3,2094.02,0.9,5653.85,信用卡,已发货,家居
O00001211,C000043,P000002,2023-07-07,2,3943.44,0.0,0.0,信用卡,已完成,电子产品
O00001212,C000471,P000031,2023-07-17,1,96.51,0.7,67.56,微信支付,已完成,食品
O00001213,C000256,P000012,2023-06-27,1,773.28,0.85,657.29,微信支付,已完成,服装
O00001214,C000483,P000006,2023-03-22,1,4189.79,0.0,0.0,微信支付,已完成,电子产品
O00001215,C000134,P000024,2023-09-08,2,2154.25,0.9,3877.65,银行卡,已完成,家居
O00001216,C000358,P000004,2024-04-04,1,4506.63,0.0,0.0,信用卡,退货中,电子产品
O00001217,C000419,P000030,2024-01-04,1,66.13,0.0,0.0,信用卡,已完成,食品
O00001218,C000302,P000036,2024-09-16,1,642.93,0.85,546.49,信用卡,已发货,美妆
O00001219,C000344,P000003,2024-01-26,1,4516.24,0.0,0.0,银行卡,已完成,电子产品
O00001220,C000276,P000025,2023-06-06,2,175.23,0.0,0.0,信用卡,已完成,食品
O00001221,C000464,P000022,2024-04-09,1,2860.42,0.0,0.0,信用卡,已完成,家居
O00001222,C000490,P000016,2023-05-20,1,312.16,0.0,0.0,微信支付,已发货,服装
O00001223,C000469,P000035,2024-05-27,1,181.94,0.0,0.0,信用卡,已发货,美妆
O00001224,C000304,P000036,2024-02-09,4,642.93,0.0,0.0,信用卡,退货中,美妆
O00001225,C000328,P000033,2024-08-25,1,787.6,0.8,630.08,支付宝,已完成,美妆
O00001226,C000386,P000013,2024-08-02,1,74.95,0.85,63.71,银行卡,已完成,服装
O00001227,C000440,P000020,2023-12-23,3,2094.02,0.0,0.0,银行卡,已完成,家居
O00001228,C000038,P000031,2024-10-28,2,96.51,0.0,0.0,微信支付,已完成,食品
O00001229,C000101,P000001,2023-02-05,1,1948.13,0.0,0.0,支付宝,已取消,电子产品
O00001230,C000009,P000013,2024-10-22,2,74.95,0.9,134.91,微信支付,已完成,服装
O00001231,C000177,P000036,2024-09-08,1,642.93,0.9,578.64,微信支付,已完成,美妆
O00001232,C000277,P000037,2023-04-05,1,232.01,0.8,185.61,信用卡,已完成,美妆
O00001233,C000338,P000023,2023-03-24,2,2547.93,0.0,0.0,信用卡,已完成,家居
O00001234,C000247,P000039,2024-03-13,1,503.15,0.0,0.0,花呗,已完成,美妆
O00001235,C000422,P000014,2024-01-27,2,443.12,0.9,797.62,支付宝,已完成,服装
O00001236,C000261,P000007,2024-08-09,1,3648.4,0.0,0.0,微信支付,已发货,电子产品
O00001237,C000003,P000004,2023-08-03,1,4506.63,0.0,0.0,银行卡,已取消,电子产品
O00001238,C000168,P000004,2023-06-22,1,4506.63,0.0,0.0,支付宝,已发货,电子产品
O00001239,C000052,P000010,2024-03-03,3,783.56,0.9,2115.61,信用卡,已完成,服装
O00001240,C000213,P000013,2024-01-19,1,74.95,0.0,0.0,信用卡,已完成,服装
O00001241,C000337,P000027,2023-04-23,1,196.89,0.85,167.36,微信支付,已完成,食品
O00001242,C000142,P000006,2023-07-07,1,4189.79,0.0,0.0,信用卡,已发货,电子产品
O00001243,C000500,P000004,2024-10-01,1,4506.63,0.9,4055.97,支付宝,已完成,电子产品
O00001244,C000165,P000025,2024-01-22,1,175.23,0.0,0.0,支付宝,已完成,食品
O00001245,C000481,P000029,2024-05-04,2,84.32,0.85,143.34,支付宝,已完成,食品
O00001246,C000462,P000036,2023-01-08,1,642.93,0.85,546.49,支付宝,已完成,美妆
O00001247,C000321,P000034,2024-06-18,1,644.27,0.0,0.0,花呗,已发货,美妆
O00001248,C000028,P000010,2023-09-30,5,783.56,0.0,0.0,银行卡,已取消,服装
O00001249,C000115,P000038,2023-12-11,2,117.96,0.8,188.74,银行卡,已完成,美妆
O00001250,C000112,P000027,2024-01-05,3,196.89,0.0,0.0,支付宝,已完成,食品
O00001251,C000001,P000003,2023-12-05,5,4516.24,0.0,0.0,信用卡,已发货,电子产品
O00001252,C000109,P000039,2023-05-23,2,503.15,0.0,0.0,花呗,已完成,美妆
O00001253,C000219,P000016,2024-12-17,1,312.16,0.0,0.0,信用卡,已发货,服装
O00001254,C000145,P000015,2024-11-05,2,211.1,0.0,0.0,微信支付,待发货,服装
O00001255,C000395,P000022,2024-10-15,1,2860.42,0.85,2431.36,支付宝,退货中,家居
O00001256,C000463,P000004,2023-02-16,2,4506.63,0.9,8111.93,信用卡,退货中,电子产品
O00001257,C000084,P000034,2024-05-11,1,644.27,0.9,579.84,支付宝,已完成,美妆
O00001258,C000370,P000032,2024-05-02,1,22.76,0.8,18.21,支付宝,退货中,食品
O00001259,C000287,P000020,2023-10-28,2,2094.02,0.9,3769.24,花呗,已完成,家居
O00001260,C000241,P000022,2024-05-31,3,2860.42,0.0,0.0,支付宝,已完成,家居
O00001261,C000154,P000025,2024-11-20,1,175.23,0.7,122.66,信用卡,退货中,食品
O00001262,C000046,P000036,2024-04-01,1,642.93,0.0,0.0,花呗,退货中,美妆
O00001263,C000067,P000039,2023-08-05,1,503.15,0.8,402.52,支付宝,已完成,美妆
O00001264,C000411,P000001,2023-01-30,1,1948.13,0.8,1558.5,信用卡,已完成,电子产品
O00001265,C000114,P000032,2023-08-14,3,22.76,0.9,61.45,支付宝,已发货,食品
O00001266,C000200,P000037,2024-07-01,2,232.01,0.0,0.0,银行卡,已完成,美妆
O00001267,C000121,P000035,2024-08-12,3,181.94,0.9,491.24,银行卡,已发货,美妆
O00001268,C000288,P000007,2024-01-26,1,3648.4,0.85,3101.14,信用卡,已完成,电子产品
O00001269,C000012,P000009,2023-08-17,3,516.07,0.0,0.0,支付宝,已完成,服装
O00001270,C000261,P000019,2024-08-29,1,982.38,0.9,884.14,支付宝,已取消,家居
O00001271,C000393,P000030,2023-05-11,2,66.13,0.7,92.58,花呗,待发货,食品
O00001272,C000234,P000006,2023-11-15,2,4189.79,0.0,0.0,信用卡,已完成,电子产品
O00001273,C000044,P000018,2023-11-24,5,2590.73,0.85,11010.6,微信支付,已发货,家居
O00001274,C000317,P000017,2024-09-08,2,610.78,0.0,0.0,支付宝,已完成,家居
O00001275,C000319,P000020,2024-04-16,2,2094.02,0.85,3559.83,银行卡,已完成,家居
O00001276,C000449,P000010,2024-05-26,3,783.56,0.0,0.0,银行卡,已完成,服装
O00001277,C000027,P000010,2024-11-12,1,783.56,0.85,666.03,支付宝,已发货,服装
O00001278,C000144,P000012,2023-11-13,2,773.28,0.9,1391.9,银行卡,已完成,服装
O00001279,C000303,P000028,2024-12-24,5,28.74,0.9,129.33,微信支付,已完成,食品
O00001280,C000069,P000005,2024-12-22,1,806.54,0.0,0.0,银行卡,退货中,电子产品
O00001281,C000236,P000025,2023-08-04,1,175.23,0.8,140.18,微信支付,已发货,食品
O00001282,C000394,P000033,2023-02-23,2,787.6,0.85,1338.92,信用卡,已取消,美妆
O00001283,C000497,P000013,2023-11-03,2,74.95,0.9,134.91,微信支付,退货中,服装
O00001284,C000445,P000040,2024-07-15,5,138.85,0.0,0.0,信用卡,已完成,美妆
O00001285,C000471,P000023,2024-02-05,5,2547.93,0.0,0.0,银行卡,已完成,家居
O00001286,C000277,P000037,2023-07-19,1,232.01,0.0,0.0,支付宝,已发货,美妆
O00001287,C000158,P000025,2024-08-17,1,175.23,0.0,0.0,银行卡,待发货,食品
O00001288,C000498,P000038,2023-06-17,1,117.96,0.0,0.0,信用卡,已完成,美妆
O00001289,C000419,P000040,2023-05-29,1,138.85,0.85,118.02,微信支付,已完成,美妆
O00001290,C000145,P000025,2023-01-10,2,175.23,0.8,280.37,支付宝,已完成,食品
O00001291,C000256,P000021,2023-06-01,2,1114.1,0.7,1559.74,微信支付,已完成,家居
O00001292,C000261,P000009,2023-04-09,4,516.07,0.0,0.0,支付宝,已完成,服装
O00001293,C000406,P000038,2024-06-11,1,117.96,0.0,0.0,微信支付,已完成,美妆
O00001294,C000343,P000010,2024-02-18,2,783.56,0.0,0.0,信用卡,已完成,服装
O00001295,C000029,P000039,2024-12-05,1,503.15,0.0,0.0,信用卡,已完成,美妆
O00001296,C000157,P000011,2024-11-17,3,652.21,0.85,1663.14,信用卡,已完成,服装
O00001297,C000260,P000008,2024-10-30,1,3065.33,0.0,0.0,支付宝,已完成,电子产品
O00001298,C000252,P000035,2024-05-15,1,181.94,0.8,145.55,微信支付,已完成,美妆
O00001299,C000469,P000021,2024-08-09,1,1114.1,0.0,0.0,支付宝,退货中,家居
O00001300,C000145,P000038,2023-07-05,3,117.96,0.7,247.72,信用卡,已完成,美妆
O00001301,C000268,P000023,2023-05-09,1,2547.93,0.0,0.0,花呗,已完成,家居
O00001302,C000191,P000039,2024-12-18,1,503.15,0.0,0.0,花呗,已完成,美妆
O00001303,C000219,P000008,2024-06-26,3,3065.33,0.0,0.0,花呗,已完成,电子产品
O00001304,C000036,P000018,2024-10-29,2,2590.73,0.85,4404.24,支付宝,已完成,家居
O00001305,C000205,P000001,2024-09-05,1,1948.13,0.0,0.0,信用卡,已完成,电子产品
O00001306,C000191,P000031,2023-05-06,3,96.51,0.0,0.0,微信支付,已完成,食品
O00001307,C000203,P000002,2023-09-20,1,3943.44,0.0,0.0,支付宝,待发货,电子产品
O00001308,C000041,P000034,2024-01-08,2,644.27,0.0,0.0,支付宝,退货中,美妆
O00001309,C000011,P000025,2023-02-17,1,175.23,0.0,0.0,银行卡,已取消,食品
O00001310,C000043,P000034,2024-03-31,2,644.27,0.0,0.0,银行卡,已完成,美妆
O00001311,C000194,P000019,2023-12-27,2,982.38,0.0,0.0,支付宝,已完成,家居
O00001312,C000096,P000030,2023-02-15,2,66.13,0.0,0.0,银行卡,已完成,食品
O00001313,C000392,P000030,2023-08-09,3,66.13,0.9,178.55,微信支付,退货中,食品
O00001314,C000178,P000005,2023-10-12,2,806.54,0.9,1451.77,支付宝,已完成,电子产品
O00001315,C000179,P000024,2023-09-24,2,2154.25,0.8,3446.8,信用卡,已完成,家居
O00001316,C000051,P000009,2023-09-18,1,516.07,0.8,412.86,微信支付,已完成,服装
O00001317,C000009,P000032,2023-03-14,2,22.76,0.0,0.0,微信支付,已完成,食品
O00001318,C000197,P000024,2024-07-31,2,2154.25,0.85,3662.22,花呗,已完成,家居
O00001319,C000214,P000028,2023-06-07,1,28.74,0.85,24.43,信用卡,已完成,食品
O00001320,C000291,P000013,2024-09-10,1,74.95,0.0,0.0,花呗,已完成,服装
O00001321,C000049,P000027,2024-07-15,1,196.89,0.0,0.0,支付宝,已完成,食品
O00001322,C000174,P000023,2023-12-08,1,2547.93,0.0,0.0,微信支付,已发货,家居
O00001323,C000353,P000031,2023-04-11,1,96.51,0.7,67.56,信用卡,已完成,食品
O00001324,C000402,P000032,2023-05-07,4,22.76,0.9,81.94,银行卡,已完成,食品
O00001325,C000304,P000027,2024-05-16,2,196.89,0.0,0.0,花呗,已完成,食品
O00001326,C000255,P000033,2024-07-18,3,787.6,0.0,0.0,支付宝,已完成,美妆
O00001327,C000124,P000034,2024-02-03,1,644.27,0.85,547.63,花呗,已完成,美妆
O00001328,C000218,P000011,2024-02-17,2,652.21,0.0,0.0,支付宝,已完成,服装
O00001329,C000290,P000037,2024-12-31,2,232.01,0.0,0.0,信用卡,已完成,美妆
O00001330,C000120,P000002,2023-10-01,2,3943.44,0.9,7098.19,银行卡,已完成,电子产品
O00001331,C000453,P000024,2023-09-13,2,2154.25,0.0,0.0,信用卡,已完成,家居
O00001332,C000210,P000024,2023-12-29,1,2154.25,0.0,0.0,银行卡,已发货,家居
O00001333,C000403,P000030,2024-06-17,4,66.13,0.8,211.62,微信支付,已取消,食品
O00001334,C000259,P000007,2023-03-31,1,3648.4,0.0,0.0,银行卡,已取消,电子产品
O00001335,C000077,P000004,2024-10-11,3,4506.63,0.9,12167.9,支付宝,已完成,电子产品
O00001336,C000218,P000032,2023-02-28,1,22.76,0.0,0.0,信用卡,已完成,食品
O00001337,C000045,P000032,2023-01-11,3,22.76,0.0,0.0,花呗,退货中,食品
O00001338,C000433,P000029,2023-05-20,4,84.32,0.0,0.0,花呗,已完成,食品
O00001339,C000132,P000011,2024-02-20,2,652.21,0.0,0.0,支付宝,已完成,服装
O00001340,C000137,P000030,2024-12-20,2,66.13,0.0,0.0,花呗,已完成,食品
O00001341,C000263,P000026,2023-02-13,2,183.74,0.7,257.24,花呗,已完成,食品
O00001342,C000061,P000016,2023-06-29,4,312.16,0.85,1061.34,花呗,已完成,服装
O00001343,C000093,P000001,2023-02-22,1,1948.13,0.0,0.0,银行卡,已完成,电子产品
O00001344,C000261,P000001,2023-12-13,4,1948.13,0.0,0.0,花呗,已取消,电子产品
O00001345,C000137,P000039,2023-05-01,3,503.15,0.0,0.0,银行卡,已完成,美妆
O00001346,C000420,P000005,2024-10-08,1,806.54,0.0,0.0,银行卡,已完成,电子产品
O00001347,C000401,P000029,2024-10-20,4,84.32,0.8,269.82,信用卡,已完成,食品
O00001348,C000359,P000036,2024-05-14,3,642.93,0.0,0.0,信用卡,已完成,美妆
O00001349,C000287,P000017,2023-12-29,1,610.78,0.0,0.0,微信支付,已完成,家居
O00001350,C000232,P000031,2023-01-10,1,96.51,0.0,0.0,支付宝,已完成,食品
O00001351,C000273,P000009,2023-06-07,2,516.07,0.8,825.71,支付宝,已完成,服装
O00001352,C000157,P000033,2024-11-03,1,787.6,0.0,0.0,银行卡,已完成,美妆
O00001353,C000093,P000030,2024-03-14,1,66.13,0.0,0.0,银行卡,待发货,食品
O00001354,C000167,P000009,2024-03-25,1,516.07,0.0,0.0,微信支付,已完成,服装
O00001355,C000036,P000036,2024-03-20,1,642.93,0.8,514.34,微信支付,已完成,美妆
O00001356,C000386,P000029,2023-10-19,1,84.32,0.0,0.0,银行卡,已完成,食品
O00001357,C000066,P000008,2023-06-14,4,3065.33,0.8,9809.06,银行卡,已完成,电子产品
O00001358,C000276,P000037,2024-05-15,1,232.01,0.85,197.21,微信支付,已完成,美妆
O00001359,C000164,P000002,2024-02-14,1,3943.44,0.8,3154.75,信用卡,已完成,电子产品
O00001360,C000256,P000028,2023-04-21,1,28.74,0.0,0.0,银行卡,已发货,食品
O00001361,C000297,P000035,2024-12-01,2,181.94,0.9,327.49,银行卡,已完成,美妆
O00001362,C000480,P000035,2024-09-03,1,181.94,0.0,0.0,银行卡,已发货,美妆
O00001363,C000345,P000009,2023-03-26,1,516.07,0.0,0.0,微信支付,已发货,服装
O00001364,C000093,P000029,2023-07-11,2,84.32,0.85,143.34,银行卡,已完成,食品
O00001365,C000487,P000013,2023-09-11,5,74.95,0.0,0.0,信用卡,已完成,服装
O00001366,C000088,P000039,2023-04-16,2,503.15,0.0,0.0,微信支付,已发货,美妆
O00001367,C000151,P000035,2024-08-28,1,181.94,0.0,0.0,支付宝,已完成,美妆
O00001368,C000208,P000008,2023-02-09,1,3065.33,0.0,0.0,微信支付,已完成,电子产品
O00001369,C000024,P000009,2024-09-23,1,516.07,0.8,412.86,信用卡,已完成,服装
O00001370,C000055,P000035,2023-11-10,1,181.94,0.7,127.36,微信支付,已发货,美妆
O00001371,C000445,P000031,2024-05-05,1,96.51,0.0,0.0,支付宝,已完成,食品
O00001372,C000287,P000040,2023-10-03,1,138.85,0.8,111.08,信用卡,已完成,美妆
O00001373,C000343,P000013,2023-02-18,1,74.95,0.0,0.0,银行卡,已完成,服装
O00001374,C000097,P000001,2024-04-28,1,1948.13,0.9,1753.32,信用卡,已完成,电子产品
O00001375,C000220,P000009,2024-05-18,1,516.07,0.0,0.0,支付宝,已完成,服装
O00001376,C000275,P000034,2024-11-30,2,644.27,0.8,1030.83,银行卡,已完成,美妆
O00001377,C000101,P000017,2024-01-06,1,610.78,0.0,0.0,花呗,已发货,家居
O00001378,C000113,P000006,2024-10-27,1,4189.79,0.0,0.0,支付宝,已完成,电子产品
O00001379,C000075,P000015,2023-05-14,3,211.1,0.9,569.97,支付宝,已完成,服装
O00001380,C000010,P000014,2024-11-01,2,443.12,0.0,0.0,信用卡,已发货,服装
O00001381,C000119,P000026,2023-03-18,4,183.74,0.9,661.46,银行卡,已取消,食品
O00001382,C000214,P000033,2023-07-26,2,787.6,0.0,0.0,微信支付,已完成,美妆
O00001383,C000363,P000015,2024-07-17,1,211.1,0.8,168.88,花呗,已发货,服装
O00001384,C000192,P000004,2024-01-10,5,4506.63,0.9,20279.84,信用卡,已完成,电子产品
O00001385,C000226,P000017,2024-03-05,1,610.78,0.7,427.55,支付宝,已完成,家居
O00001386,C000275,P000031,2023-10-08,1,96.51,0.0,0.0,支付宝,已完成,食品
O00001387,C000424,P000024,2023-03-04,4,2154.25,0.9,7755.3,信用卡,已发货,家居
O00001388,C000275,P000023,2024-06-29,1,2547.93,0.7,1783.55,微信支付,待发货,家居
O00001389,C000086,P000007,2024-06-05,1,3648.4,0.85,3101.14,信用卡,已完成,电子产品
O00001390,C000065,P000001,2023-07-31,2,1948.13,0.0,0.0,微信支付,已完成,电子产品
O00001391,C000386,P000038,2023-01-10,2,117.96,0.85,200.53,信用卡,待发货,美妆
O00001392,C000497,P000037,2024-06-21,2,232.01,0.8,371.22,银行卡,已完成,美妆
O00001393,C000474,P000005,2024-07-19,2,806.54,0.0,0.0,花呗,已完成,电子产品
O00001394,C000494,P000029,2023-02-10,1,84.32,0.8,67.46,银行卡,已完成,食品
O00001395,C000365,P000022,2023-10-04,4,2860.42,0.0,0.0,微信支付,待发货,家居
O00001396,C000128,P000033,2023-08-04,5,787.6,0.0,0.0,银行卡,已完成,美妆
O00001397,C000260,P000038,2024-01-13,2,117.96,0.8,188.74,花呗,已完成,美妆
O00001398,C000158,P000029,2023-05-17,1,84.32,0.9,75.89,银行卡,已完成,食品
O00001399,C000037,P000014,2024-10-02,5,443.12,0.85,1883.26,微信支付,已发货,服装
O00001400,C000090,P000005,2023-10-14,2,806.54,0.7,1129.16,花呗,已完成,电子产品
O00001401,C000452,P000011,2024-08-20,2,652.21,0.9,1173.98,信用卡,已完成,服装
O00001402,C000244,P000013,2023-09-21,4,74.95,0.9,269.82,花呗,待发货,服装
O00001403,C000037,P000029,2024-03-28,1,84.32,0.0,0.0,花呗,已完成,食品
O00001404,C000060,P000007,2024-02-09,2,3648.4,0.0,0.0,信用卡,已完成,电子产品
O00001405,C000350,P000019,2024-05-05,1,982.38,0.0,0.0,微信支付,已完成,家居
O00001406,C000449,P000028,2023-06-30,3,28.74,0.0,0.0,微信支付,已完成,食品
O00001407,C000400,P000032,2023-01-22,2,22.76,0.8,36.42,信用卡,已完成,食品
O00001408,C000074,P000011,2023-07-12,2,652.21,0.0,0.0,微信支付,已完成,服装
O00001409,C000060,P000016,2024-10-22,1,312.16,0.0,0.0,花呗,退货中,服装
O00001410,C000222,P000007,2023-01-13,1,3648.4,0.0,0.0,支付宝,已完成,电子产品
O00001411,C000184,P000032,2023-01-14,1,22.76,0.9,20.48,支付宝,已发货,食品
O00001412,C000421,P000040,2023-03-27,1,138.85,0.8,111.08,花呗,已完成,美妆
O00001413,C000133,P000028,2023-01-10,1,28.74,0.0,0.0,银行卡,退货中,食品
O00001414,C000213,P000010,2023-03-29,3,783.56,0.0,0.0,花呗,已完成,服装
O00001415,C000094,P000028,2023-06-17,3,28.74,0.0,0.0,微信支付,已完成,食品
O00001416,C000055,P000006,2024-12-09,1,4189.79,0.0,0.0,支付宝,已完成,电子产品
O00001417,C000453,P000001,2023-04-16,3,1948.13,0.0,0.0,信用卡,已完成,电子产品
O00001418,C000332,P000035,2023-08-18,1,181.94,0.0,0.0,微信支付,已完成,美妆
O00001419,C000174,P000018,2023-10-21,1,2590.73,0.8,2072.58,信用卡,已完成,家居
O00001420,C000260,P000031,2023-04-26,2,96.51,0.7,135.11,微信支付,已完成,食品
O00001421,C000403,P000009,2023-10-16,1,516.07,0.9,464.46,支付宝,已完成,服装
O00001422,C000349,P000016,2023-03-28,1,312.16,0.9,280.94,微信支付,待发货,服装
O00001423,C000062,P000035,2023-12-09,1,181.94,0.9,163.75,微信支付,已完成,美妆
O00001424,C000060,P000022,2024-12-04,3,2860.42,0.85,7294.07,银行卡,已完成,家居
O00001425,C000338,P000014,2023-10-05,3,443.12,0.9,1196.42,银行卡,已取消,服装
O00001426,C000228,P000038,2024-12-29,3,117.96,0.85,300.8,微信支付,已发货,美妆
O00001427,C000062,P000032,2023-05-31,3,22.76,0.0,0.0,信用卡,已完成,食品
O00001428,C000003,P000036,2023-04-26,3,642.93,0.7,1350.15,银行卡,已完成,美妆
O00001429,C000255,P000008,2023-11-27,1,3065.33,0.0,0.0,信用卡,退货中,电子产品
O00001430,C000356,P000020,2024-05-21,1,2094.02,0.9,1884.62,信用卡,已完成,家居
O00001431,C000375,P000026,2024-10-13,2,183.74,0.85,312.36,微信支付,已完成,食品
O00001432,C000218,P000037,2024-07-16,1,232.01,0.0,0.0,花呗,已完成,美妆
O00001433,C000118,P000019,2023-08-24,2,982.38,0.0,0.0,信用卡,已完成,家居
O00001434,C000340,P000010,2024-12-11,2,783.56,0.0,0.0,支付宝,已发货,服装
O00001435,C000108,P000014,2023-01-03,1,443.12,0.8,354.5,银行卡,已完成,服装
O00001436,C000349,P000027,2023-05-17,2,196.89,0.0,0.0,银行卡,已取消,食品
O00001437,C000405,P000008,2023-05-23,1,3065.33,0.0,0.0,花呗,已完成,电子产品
O00001438,C000087,P000008,2024-03-07,5,3065.33,0.85,13027.65,支付宝,已完成,电子产品
O00001439,C000133,P000031,2023-05-01,2,96.51,0.9,173.72,信用卡,退货中,食品
O00001440,C000403,P000037,2024-12-13,2,232.01,0.0,0.0,支付宝,退货中,美妆
O00001441,C000298,P000030,2023-03-17,2,66.13,0.0,0.0,微信支付,已完成,食品
O00001442,C000010,P000006,2024-01-10,1,4189.79,0.0,0.0,支付宝,已完成,电子产品
O00001443,C000328,P000019,2024-03-02,2,982.38,0.0,0.0,微信支付,已完成,家居
O00001444,C000489,P000029,2024-12-16,2,84.32,0.0,0.0,银行卡,已取消,食品
O00001445,C000411,P000019,2024-10-22,1,982.38,0.0,0.0,微信支付,已完成,家居
O00001446,C000200,P000016,2024-10-19,1,312.16,0.85,265.34,花呗,已完成,服装
O00001447,C000454,P000016,2024-02-10,1,312.16,0.9,280.94,信用卡,已发货,服装
O00001448,C000137,P000039,2023-09-22,2,503.15,0.0,0.0,微信支付,已取消,美妆
O00001449,C000265,P000038,2023-06-10,1,117.96,0.0,0.0,信用卡,已完成,美妆
O00001450,C000069,P000026,2023-05-09,5,183.74,0.0,0.0,支付宝,已发货,食品
O00001451,C000441,P000006,2023-07-08,1,4189.79,0.7,2932.85,花呗,已发货,电子产品
O00001452,C000200,P000040,2024-12-10,3,138.85,0.0,0.0,信用卡,已完成,美妆
O00001453,C000165,P000038,2023-06-18,3,117.96,0.0,0.0,信用卡,已完成,美妆
O00001454,C000344,P000026,2023-04-22,1,183.74,0.0,0.0,银行卡,已完成,食品
O00001455,C000398,P000026,2023-10-16,1,183.74,0.0,0.0,微信支付,已完成,食品
O00001456,C000249,P000012,2023-11-13,2,773.28,0.0,0.0,支付宝,已完成,服装
O00001457,C000275,P000020,2023-03-29,1,2094.02,0.0,0.0,花呗,退货中,家居
O00001458,C000413,P000024,2024-05-10,5,2154.25,0.0,0.0,银行卡,已完成,家居
O00001459,C000123,P000032,2024-01-01,1,22.76,0.7,15.93,花呗,已发货,食品
O00001460,C000204,P000023,2024-02-05,1,2547.93,0.7,1783.55,支付宝,已发货,家居
O00001461,C000436,P000006,2024-05-30,1,4189.79,0.85,3561.32,微信支付,已完成,电子产品
O00001462,C000110,P000015,2024-01-27,1,211.1,0.8,168.88,支付宝,已完成,服装
O00001463,C000279,P000032,2023-06-05,1,22.76,0.0,0.0,支付宝,已完成,食品
O00001464,C000258,P000023,2023-08-26,4,2547.93,0.85,8662.96,微信支付,待发货,家居
O00001465,C000135,P000037,2023-06-14,3,232.01,0.0,0.0,花呗,退货中,美妆
O00001466,C000046,P000007,2023-12-16,2,3648.4,0.0,0.0,银行卡,已完成,电子产品
O00001467,C000286,P000008,2024-03-17,1,3065.33,0.9,2758.8,信用卡,已完成,电子产品
O00001468,C000167,P000034,2024-09-17,1,644.27,0.7,450.99,花呗,已完成,美妆
O00001469,C000209,P000038,2024-05-24,2,117.96,0.0,0.0,银行卡,已完成,美妆
O00001470,C000213,P000022,2023-03-31,2,2860.42,0.0,0.0,微信支付,已完成,家居
O00001471,C000232,P000003,2023-06-15,4,4516.24,0.0,0.0,银行卡,已完成,电子产品
O00001472,C000232,P000025,2023-07-03,1,175.23,0.0,0.0,信用卡,已发货,食品
O00001473,C000002,P000018,2024-03-28,5,2590.73,0.0,0.0,支付宝,已完成,家居
O00001474,C000114,P000011,2024-05-14,5,652.21,0.8,2608.84,信用卡,已完成,服装
O00001475,C000252,P000018,2024-09-26,1,2590.73,0.0,0.0,银行卡,已取消,家居
O00001476,C000026,P000007,2024-10-01,2,3648.4,0.0,0.0,信用卡,退货中,电子产品
O00001477,C000229,P000017,2023-09-27,2,610.78,0.7,855.09,支付宝,待发货,家居
O00001478,C000485,P000007,2024-10-21,2,3648.4,0.85,6202.28,花呗,已完成,电子产品
O00001479,C000350,P000026,2023-04-18,1,183.74,0.0,0.0,信用卡,已完成,食品
O00001480,C000073,P000018,2023-08-17,3,2590.73,0.0,0.0,支付宝,已完成,家居
O00001481,C000166,P000002,2024-04-24,1,3943.44,0.8,3154.75,信用卡,已完成,电子产品
O00001482,C000438,P000033,2023-07-04,1,787.6,0.8,630.08,信用卡,已发货,美妆
O00001483,C000404,P000007,2023-07-24,3,3648.4,0.0,0.0,银行卡,已完成,电子产品
O00001484,C000068,P000018,2024-05-12,5,2590.73,0.9,11658.28,支付宝,已完成,家居
O00001485,C000295,P000039,2023-02-09,1,503.15,0.8,402.52,微信支付,已完成,美妆
O00001486,C000428,P000016,2023-11-24,2,312.16,0.7,437.02,信用卡,已完成,服装
O00001487,C000032,P000033,2024-01-06,1,787.6,0.7,551.32,微信支付,已发货,美妆
O00001488,C000283,P000033,2023-01-24,1,787.6,0.9,708.84,银行卡,退货中,美妆
O00001489,C000360,P000018,2023-06-30,1,2590.73,0.0,0.0,信用卡,已完成,家居
O00001490,C000344,P000011,2024-12-30,1,652.21,0.0,0.0,微信支付,已完成,服装
O00001491,C000309,P000004,2023-09-23,2,4506.63,0.0,0.0,信用卡,已完成,电子产品
O00001492,C000420,P000011,2023-11-01,1,652.21,0.0,0.0,信用卡,已完成,服装
O00001493,C000408,P000005,2024-07-02,1,806.54,0.0,0.0,信用卡,已完成,电子产品
O00001494,C000241,P000018,2024-12-10,1,2590.73,0.85,2202.12,花呗,已完成,家居
O00001495,C000157,P000029,2024-09-03,3,84.32,0.9,227.66,花呗,已完成,食品
O00001496,C000475,P000030,2023-11-28,2,66.13,0.85,112.42,银行卡,已完成,食品
O00001497,C000022,P000018,2024-04-14,1,2590.73,0.0,0.0,银行卡,已取消,家居
O00001498,C000036,P000013,2024-11-21,1,74.95,0.0,0.0,支付宝,已完成,服装
O00001499,C000375,P000010,2023-05-09,5,783.56,0.9,3526.02,花呗,已完成,服装
O00001500,C000227,P000022,2023-08-12,1,2860.42,0.0,0.0,花呗,已发货,家居
O00001501,C000030,P000026,2024-09-07,3,183.74,0.0,0.0,微信支付,已完成,食品
O00001502,C000247,P000033,2024-08-13,5,787.6,0.0,0.0,银行卡,退货中,美妆
O00001503,C000154,P000029,2023-11-11,1,84.32,0.8,67.46,信用卡,已完成,食品
O00001504,C000049,P000007,2024-04-11,2,3648.4,0.0,0.0,花呗,已完成,电子产品
O00001505,C000138,P000011,2023-12-10,1,652.21,0.0,0.0,信用卡,已完成,服装
O00001506,C000070,P000035,2024-07-20,1,181.94,0.0,0.0,信用卡,已完成,美妆
O00001507,C000057,P000028,2024-11-06,1,28.74,0.0,0.0,银行卡,已完成,食品
O00001508,C000019,P000003,2023-04-12,2,4516.24,0.85,7677.61,支付宝,退货中,电子产品
O00001509,C000147,P000022,2023-01-17,1,2860.42,0.0,0.0,信用卡,已完成,家居
O00001510,C000444,P000026,2024-09-30,2,183.74,0.0,0.0,信用卡,已取消,食品
O00001511,C000154,P000020,2023-02-03,2,2094.02,0.8,3350.43,微信支付,已完成,家居
O00001512,C000133,P000022,2024-04-10,1,2860.42,0.0,0.0,信用卡,已完成,家居
O00001513,C000410,P000023,2023-12-26,4,2547.93,0.8,8153.38,信用卡,退货中,家居
O00001514,C000205,P000024,2024-10-22,4,2154.25,0.9,7755.3,支付宝,已发货,家居
O00001515,C000166,P000025,2023-08-18,4,175.23,0.0,0.0,银行卡,已完成,食品
O00001516,C000107,P000001,2024-02-29,1,1948.13,0.0,0.0,信用卡,已完成,电子产品
O00001517,C000095,P000035,2023-01-27,1,181.94,0.0,0.0,花呗,已完成,美妆
O00001518,C000409,P000013,2024-09-06,3,74.95,0.0,0.0,花呗,已完成,服装
O00001519,C000342,P000031,2023-09-05,5,96.51,0.0,0.0,花呗,已完成,食品
O00001520,C000167,P000031,2023-02-22,2,96.51,0.0,0.0,微信支付,已发货,食品
O00001521,C000177,P000036,2024-02-04,4,642.93,0.0,0.0,银行卡,退货中,美妆
O00001522,C000138,P000008,2024-03-23,2,3065.33,0.9,5517.59,微信支付,已完成,电子产品
O00001523,C000085,P000002,2024-10-08,2,3943.44,0.0,0.0,银行卡,已完成,电子产品
O00001524,C000383,P000019,2023-06-12,3,982.38,0.0,0.0,支付宝,已取消,家居
O00001525,C000401,P000004,2023-01-12,1,4506.63,0.0,0.0,支付宝,已完成,电子产品
O00001526,C000077,P000034,2024-07-10,2,644.27,0.0,0.0,信用卡,已取消,美妆
O00001527,C000111,P000039,2023-05-14,1,503.15,0.9,452.84,银行卡,退货中,美妆
O00001528,C000377,P000032,2024-10-30,1,22.76,0.0,0.0,花呗,待发货,食品
O00001529,C000427,P000024,2024-01-23,3,2154.25,0.9,5816.48,银行卡,已发货,家居
O00001530,C000227,P000021,2023-05-28,1,1114.1,0.9,1002.69,花呗,已完成,家居
O00001531,C000025,P000009,2023-04-24,3,516.07,0.0,0.0,支付宝,已完成,服装
O00001532,C000410,P000021,2023-09-26,1,1114.1,0.0,0.0,信用卡,待发货,家居
O00001533,C000146,P000034,2023-08-01,3,644.27,0.0,0.0,支付宝,已完成,美妆
O00001534,C000031,P000039,2024-05-13,1,503.15,0.0,0.0,信用卡,退货中,美妆
O00001535,C000179,P000011,2023-11-18,1,652.21,0.0,0.0,微信支付,已完成,服装
O00001536,C000329,P000013,2023-01-11,1,74.95,0.9,67.46,花呗,已取消,服装
O00001537,C000214,P000023,2023-05-01,3,2547.93,0.7,5350.65,信用卡,退货中,家居
O00001538,C000104,P000039,2024-09-06,5,503.15,0.0,0.0,银行卡,已完成,美妆
O00001539,C000455,P000014,2023-07-17,4,443.12,0.0,0.0,花呗,已完成,服装
O00001540,C000264,P000031,2023-06-06,2,96.51,0.0,0.0,微信支付,已完成,食品
O00001541,C000174,P000015,2023-05-22,1,211.1,0.9,189.99,微信支付,已完成,服装
O00001542,C000398,P000029,2024-05-08,1,84.32,0.0,0.0,花呗,已完成,食品
O00001543,C000272,P000013,2024-04-23,2,74.95,0.0,0.0,花呗,已发货,服装
O00001544,C000233,P000036,2023-07-17,4,642.93,0.0,0.0,银行卡,已完成,美妆
O00001545,C000114,P000039,2023-04-16,4,503.15,0.85,1710.71,银行卡,已完成,美妆
O00001546,C000404,P000003,2023-07-30,1,4516.24,0.0,0.0,信用卡,退货中,电子产品
O00001547,C000249,P000022,2023-10-06,1,2860.42,0.9,2574.38,花呗,已发货,家居
O00001548,C000237,P000021,2023-07-24,1,1114.1,0.0,0.0,支付宝,已完成,家居
O00001549,C000359,P000028,2023-02-04,1,28.74,0.0,0.0,信用卡,退货中,食品
O00001550,C000421,P000022,2024-10-22,1,2860.42,0.0,0.0,信用卡,退货中,家居
O00001551,C000176,P000025,2023-07-04,1,175.23,0.0,0.0,微信支付,已发货,食品
O00001552,C000259,P000031,2023-03-16,1,96.51,0.0,0.0,微信支付,已完成,食品
O00001553,C000321,P000019,2023-05-06,3,982.38,0.9,2652.43,银行卡,已完成,家居
O00001554,C000331,P000029,2024-08-04,1,84.32,0.8,67.46,花呗,已发货,食品
O00001555,C000300,P000015,2023-10-18,1,211.1,0.0,0.0,支付宝,已完成,服装
O00001556,C000162,P000001,2024-09-14,2,1948.13,0.85,3311.82,支付宝,已取消,电子产品
O00001557,C000261,P000021,2024-10-23,2,1114.1,0.85,1893.97,银行卡,已完成,家居
O00001558,C000014,P000024,2023-07-22,3,2154.25,0.85,5493.34,信用卡,已完成,家居
O00001559,C000058,P000006,2023-10-09,1,4189.79,0.0,0.0,微信支付,已完成,电子产品
O00001560,C000009,P000033,2024-08-28,2,787.6,0.0,0.0,银行卡,已完成,美妆
O00001561,C000364,P000003,2024-08-12,1,4516.24,0.8,3612.99,银行卡,退货中,电子产品
O00001562,C000424,P000032,2024-02-17,1,22.76,0.0,0.0,花呗,已完成,食品
O00001563,C000005,P000004,2024-10-22,1,4506.63,0.0,0.0,信用卡,已完成,电子产品
O00001564,C000358,P000010,2023-10-09,2,783.56,0.0,0.0,支付宝,已完成,服装
O00001565,C000231,P000001,2023-11-17,2,1948.13,0.0,0.0,银行卡,已完成,电子产品
O00001566,C000001,P000040,2024-04-10,2,138.85,0.9,249.93,支付宝,已完成,美妆
O00001567,C000295,P000032,2024-09-24,3,22.76,0.0,0.0,支付宝,已完成,食品
O00001568,C000124,P000002,2023-11-27,1,3943.44,0.9,3549.1,微信支付,待发货,电子产品
O00001569,C000465,P000005,2023-07-15,1,806.54,0.85,685.56,花呗,已发货,电子产品
O00001570,C000247,P000038,2024-12-05,5,117.96,0.0,0.0,支付宝,待发货,美妆
O00001571,C000293,P000012,2023-11-08,1,773.28,0.0,0.0,花呗,已完成,服装
O00001572,C000015,P000006,2024-01-24,3,4189.79,0.0,0.0,微信支付,已完成,电子产品
O00001573,C000182,P000004,2023-05-03,2,4506.63,0.8,7210.61,花呗,已完成,电子产品
O00001574,C000230,P000012,2024-02-28,3,773.28,0.9,2087.86,花呗,已完成,服装
O00001575,C000449,P000009,2024-08-14,2,516.07,0.0,0.0,银行卡,已完成,服装
O00001576,C000220,P000016,2024-05-09,1,312.16,0.0,0.0,银行卡,已完成,服装
O00001577,C000427,P000011,2023-12-28,2,652.21,0.8,1043.54,微信支付,已完成,服装
O00001578,C000250,P000021,2023-03-18,2,1114.1,0.0,0.0,支付宝,退货中,家居
O00001579,C000460,P000019,2024-04-24,2,982.38,0.0,0.0,支付宝,已发货,家居
O00001580,C000290,P000012,2024-08-27,1,773.28,0.0,0.0,银行卡,已发货,服装
O00001581,C000391,P000011,2023-11-16,3,652.21,0.9,1760.97,花呗,已发货,服装
O00001582,C000300,P000010,2023-05-14,1,783.56,0.0,0.0,信用卡,已完成,服装
O00001583,C000262,P000016,2024-06-09,3,312.16,0.0,0.0,支付宝,已完成,服装
O00001584,C000137,P000008,2023-06-18,1,3065.33,0.7,2145.73,花呗,已完成,电子产品
O00001585,C000164,P000001,2023-05-31,2,1948.13,0.0,0.0,支付宝,已完成,电子产品
O00001586,C000217,P000020,2024-04-16,1,2094.02,0.0,0.0,花呗,已完成,家居
O00001587,C000460,P000002,2023-09-29,1,3943.44,0.0,0.0,银行卡,已完成,电子产品
O00001588,C000204,P000015,2023-06-04,1,211.1,0.0,0.0,银行卡,已完成,服装
O00001589,C000386,P000011,2023-10-07,1,652.21,0.0,0.0,信用卡,已完成,服装
O00001590,C000457,P000035,2024-03-08,2,181.94,0.0,0.0,微信支付,已完成,美妆
O00001591,C000107,P000029,2024-06-26,2,84.32,0.0,0.0,支付宝,已完成,食品
O00001592,C000041,P000028,2024-10-23,2,28.74,0.0,0.0,支付宝,已完成,食品
O00001593,C000235,P000004,2023-02-06,1,4506.63,0.0,0.0,花呗,已完成,电子产品
O00001594,C000001,P000037,2023-08-20,1,232.01,0.9,208.81,信用卡,待发货,美妆
O00001595,C000179,P000024,2023-04-14,1,2154.25,0.85,1831.11,银行卡,已完成,家居
O00001596,C000009,P000032,2023-06-25,1,22.76,0.0,0.0,银行卡,已发货,食品
O00001597,C000041,P000031,2023-10-22,2,96.51,0.0,0.0,花呗,已发货,食品
O00001598,C000431,P000023,2024-09-29,4,2547.93,0.0,0.0,微信支付,已完成,家居
O00001599,C000240,P000038,2024-11-28,1,117.96,0.0,0.0,信用卡,已完成,美妆
O00001600,C000048,P000022,2023-01-14,1,2860.42,0.0,0.0,支付宝,已完成,家居
O00001601,C000489,P000031,2023-09-28,1,96.51,0.0,0.0,支付宝,待发货,食品
O00001602,C000004,P000027,2024-04-30,2,196.89,0.0,0.0,微信支付,已完成,食品
O00001603,C000264,P000001,2023-02-16,1,1948.13,0.0,0.0,银行卡,已发货,电子产品
O00001604,C000111,P000007,2024-06-21,3,3648.4,0.85,9303.42,支付宝,已完成,电子产品
O00001605,C000167,P000005,2023-12-10,1,806.54,0.9,725.89,花呗,已完成,电子产品
O00001606,C000183,P000019,2024-05-13,1,982.38,0.0,0.0,银行卡,已完成,家居
O00001607,C000005,P000009,2023-12-08,1,516.07,0.85,438.66,花呗,待发货,服装
O00001608,C000049,P000012,2023-10-04,1,773.28,0.9,695.95,支付宝,已完成,服装
O00001609,C000442,P000013,2024-02-25,1,74.95,0.9,67.46,微信支付,待发货,服装
O00001610,C000129,P000008,2023-02-01,1,3065.33,0.9,2758.8,信用卡,已完成,电子产品
O00001611,C000180,P000030,2023-04-02,1,66.13,0.7,46.29,支付宝,已完成,食品
O00001612,C000016,P000019,2024-10-03,4,982.38,0.8,3143.62,信用卡,已完成,家居
O00001613,C000278,P000003,2024-06-23,5,4516.24,0.8,18064.96,银行卡,已完成,电子产品
O00001614,C000062,P000029,2024-02-05,3,84.32,0.8,202.37,银行卡,已完成,食品
O00001615,C000284,P000022,2023-02-12,1,2860.42,0.9,2574.38,花呗,已完成,家居
O00001616,C000060,P000022,2024-04-10,1,2860.42,0.85,2431.36,银行卡,已完成,家居
O00001617,C000488,P000040,2023-01-09,1,138.85,0.9,124.96,信用卡,已完成,美妆
O00001618,C000146,P000024,2024-06-19,2,2154.25,0.9,3877.65,微信支付,退货中,家居
O00001619,C000280,P000024,2023-10-23,1,2154.25,0.0,0.0,信用卡,已完成,家居
O00001620,C000142,P000017,2023-10-17,1,610.78,0.0,0.0,信用卡,已发货,家居
O00001621,C000282,P000016,2024-03-16,1,312.16,0.85,265.34,支付宝,已完成,服装
O00001622,C000107,P000005,2023-12-25,1,806.54,0.85,685.56,花呗,待发货,电子产品
O00001623,C000429,P000037,2024-07-28,2,232.01,0.0,0.0,银行卡,已完成,美妆
O00001624,C000306,P000022,2023-07-21,1,2860.42,0.8,2288.34,银行卡,已完成,家居
O00001625,C000324,P000011,2024-04-29,1,652.21,0.0,0.0,信用卡,已取消,服装
O00001626,C000072,P000007,2023-04-11,1,3648.4,0.8,2918.72,花呗,待发货,电子产品
O00001627,C000257,P000037,2024-07-31,1,232.01,0.8,185.61,花呗,已完成,美妆
O00001628,C000228,P000001,2023-07-24,1,1948.13,0.0,0.0,微信支付,已完成,电子产品
O00001629,C000420,P000024,2023-03-29,1,2154.25,0.8,1723.4,信用卡,已完成,家居
O00001630,C000306,P000024,2024-01-20,2,2154.25,0.85,3662.22,支付宝,已发货,家居
O00001631,C000079,P000006,2024-03-28,1,4189.79,0.0,0.0,银行卡,已完成,电子产品
O00001632,C000208,P000006,2024-03-13,1,4189.79,0.7,2932.85,信用卡,已完成,电子产品
O00001633,C000334,P000040,2024-07-26,1,138.85,0.85,118.02,支付宝,已完成,美妆
O00001634,C000253,P000026,2024-09-21,3,183.74,0.85,468.54,花呗,已取消,食品
O00001635,C000442,P000022,2023-05-11,2,2860.42,0.8,4576.67,银行卡,已完成,家居
O00001636,C000408,P000023,2024-02-07,1,2547.93,0.9,2293.14,信用卡,已完成,家居
O00001637,C000275,P000023,2024-06-14,3,2547.93,0.0,0.0,支付宝,已完成,家居
O00001638,C000127,P000021,2024-10-27,1,1114.1,0.0,0.0,银行卡,已完成,家居
O00001639,C000036,P000038,2024-12-08,2,117.96,0.0,0.0,花呗,已完成,美妆
O00001640,C000334,P000036,2023-02-24,2,642.93,0.0,0.0,花呗,已发货,美妆
O00001641,C000121,P000034,2024-05-22,2,644.27,0.8,1030.83,微信支付,已完成,美妆
O00001642,C000239,P000039,2023-11-15,1,503.15,0.8,402.52,信用卡,已发货,美妆
O00001643,C000347,P000006,2023-07-25,2,4189.79,0.0,0.0,花呗,已完成,电子产品
O00001644,C000491,P000031,2024-06-16,3,96.51,0.0,0.0,信用卡,已完成,食品
O00001645,C000067,P000001,2024-06-01,1,1948.13,0.0,0.0,支付宝,已完成,电子产品
O00001646,C000050,P000008,2024-05-10,1,3065.33,0.85,2605.53,花呗,退货中,电子产品
O00001647,C000185,P000032,2024-09-19,1,22.76,0.8,18.21,花呗,已完成,食品
O00001648,C000174,P000010,2023-05-30,1,783.56,0.0,0.0,微信支付,已完成,服装
O00001649,C000318,P000033,2024-12-17,1,787.6,0.0,0.0,银行卡,已完成,美妆
O00001650,C000030,P000024,2023-04-13,1,2154.25,0.0,0.0,银行卡,退货中,家居
O00001651,C000391,P000038,2024-12-15,1,117.96,0.0,0.0,信用卡,已发货,美妆
O00001652,C000170,P000008,2023-10-18,1,3065.33,0.0,0.0,支付宝,已完成,电子产品
O00001653,C000284,P000023,2023-02-04,2,2547.93,0.8,4076.69,花呗,已完成,家居
O00001654,C000364,P000033,2023-12-30,1,787.6,0.0,0.0,信用卡,退货中,美妆
O00001655,C000164,P000038,2023-06-12,1,117.96,0.8,94.37,花呗,已完成,美妆
O00001656,C000148,P000025,2024-12-24,1,175.23,0.0,0.0,微信支付,已完成,食品
O00001657,C000245,P000036,2023-12-27,2,642.93,0.0,0.0,信用卡,已完成,美妆
O00001658,C000416,P000005,2023-05-24,2,806.54,0.85,1371.12,银行卡,已完成,电子产品
O00001659,C000024,P000033,2023-03-11,4,787.6,0.9,2835.36,信用卡,已取消,美妆
O00001660,C000204,P000033,2024-09-12,4,787.6,0.0,0.0,花呗,已完成,美妆
O00001661,C000221,P000028,2024-06-22,3,28.74,0.9,77.6,花呗,已完成,食品
O00001662,C000149,P000039,2023-12-23,4,503.15,0.85,1710.71,支付宝,已完成,美妆
O00001663,C000206,P000005,2023-06-12,1,806.54,0.9,725.89,信用卡,已完成,电子产品
O00001664,C000374,P000020,2024-05-02,4,2094.02,0.0,0.0,微信支付,已完成,家居
O00001665,C000078,P000013,2023-06-28,1,74.95,0.0,0.0,信用卡,已发货,服装
O00001666,C000500,P000014,2023-03-05,4,443.12,0.0,0.0,支付宝,已完成,服装
O00001667,C000001,P000018,2024-01-19,1,2590.73,0.85,2202.12,微信支付,已完成,家居
O00001668,C000196,P000034,2024-12-16,1,644.27,0.0,0.0,花呗,已完成,美妆
O00001669,C000135,P000013,2023-07-20,2,74.95,0.0,0.0,银行卡,已完成,服装
O00001670,C000233,P000039,2023-06-15,1,503.15,0.0,0.0,微信支付,已完成,美妆
O00001671,C000278,P000006,2023-01-25,1,4189.79,0.9,3770.81,微信支付,已完成,电子产品
O00001672,C000436,P000008,2023-05-24,1,3065.33,0.0,0.0,信用卡,待发货,电子产品
O00001673,C000162,P000029,2023-03-15,2,84.32,0.9,151.78,花呗,已完成,食品
O00001674,C000038,P000013,2023-08-01,1,74.95,0.0,0.0,银行卡,已完成,服装
O00001675,C000427,P000026,2024-07-26,1,183.74,0.85,156.18,信用卡,待发货,食品
O00001676,C000305,P000038,2024-01-21,1,117.96,0.0,0.0,微信支付,待发货,美妆
O00001677,C000424,P000036,2023-11-02,3,642.93,0.0,0.0,支付宝,已完成,美妆
O00001678,C000019,P000015,2023-12-05,2,211.1,0.85,358.87,银行卡,已完成,服装
O00001679,C000151,P000011,2023-09-15,4,652.21,0.0,0.0,微信支付,已完成,服装
O00001680,C000183,P000010,2023-03-18,4,783.56,0.0,0.0,花呗,已完成,服装
O00001681,C000083,P000038,2024-05-27,4,117.96,0.9,424.66,花呗,已完成,美妆
O00001682,C000429,P000011,2023-04-24,2,652.21,0.8,1043.54,银行卡,已完成,服装
O00001683,C000228,P000023,2023-02-03,2,2547.93,0.0,0.0,银行卡,已完成,家居
O00001684,C000480,P000006,2023-03-02,3,4189.79,0.0,0.0,银行卡,已完成,电子产品
O00001685,C000386,P000030,2024-11-10,4,66.13,0.0,0.0,信用卡,已取消,食品
O00001686,C000230,P000003,2024-07-31,1,4516.24,0.9,4064.62,支付宝,已取消,电子产品
O00001687,C000394,P000009,2023-03-14,1,516.07,0.0,0.0,花呗,已取消,服装
O00001688,C000269,P000004,2024-07-18,4,4506.63,0.0,0.0,支付宝,已完成,电子产品
O00001689,C000096,P000005,2024-05-23,1,806.54,0.9,725.89,信用卡,已完成,电子产品
O00001690,C000116,P000027,2023-08-22,1,196.89,0.0,0.0,微信支付,已完成,食品
O00001691,C000269,P000013,2024-01-24,2,74.95,0.9,134.91,花呗,已完成,服装
O00001692,C000120,P000017,2024-02-01,1,610.78,0.9,549.7,信用卡,已发货,家居
O00001693,C000256,P000034,2024-07-16,2,644.27,0.0,0.0,花呗,已完成,美妆
O00001694,C000176,P000021,2024-01-12,5,1114.1,0.0,0.0,支付宝,已完成,家居
O00001695,C000417,P000040,2023-04-05,1,138.85,0.0,0.0,花呗,已完成,美妆
O00001696,C000312,P000037,2023-01-16,2,232.01,0.0,0.0,支付宝,待发货,美妆
O00001697,C000076,P000031,2023-05-10,1,96.51,0.0,0.0,银行卡,已完成,食品
O00001698,C000296,P000018,2024-11-01,1,2590.73,0.7,1813.51,微信支付,待发货,家居
O00001699,C000289,P000026,2024-05-05,2,183.74,0.9,330.73,支付宝,已完成,食品
O00001700,C000479,P000011,2024-07-10,1,652.21,0.9,586.99,银行卡,已完成,服装
O00001701,C000142,P000002,2023-08-14,3,3943.44,0.0,0.0,银行卡,已完成,电子产品
O00001702,C000212,P000008,2023-10-27,3,3065.33,0.0,0.0,银行卡,待发货,电子产品
O00001703,C000098,P000007,2024-07-08,1,3648.4,0.0,0.0,信用卡,已完成,电子产品
O00001704,C000094,P000015,2024-09-28,2,211.1,0.0,0.0,微信支付,已完成,服装
O00001705,C000336,P000038,2024-06-17,3,117.96,0.9,318.49,微信支付,已完成,美妆
O00001706,C000466,P000009,2023-05-26,1,516.07,0.0,0.0,信用卡,已完成,服装
O00001707,C000478,P000002,2024-04-09,2,3943.44,0.0,0.0,支付宝,退货中,电子产品
O00001708,C000152,P000036,2024-08-25,1,642.93,0.85,546.49,支付宝,已完成,美妆
O00001709,C000448,P000029,2024-09-16,1,84.32,0.0,0.0,信用卡,已完成,食品
O00001710,C000046,P000008,2023-02-15,1,3065.33,0.0,0.0,信用卡,已完成,电子产品
O00001711,C000416,P000005,2024-11-07,2,806.54,0.0,0.0,银行卡,已完成,电子产品
O00001712,C000244,P000027,2024-09-15,4,196.89,0.0,0.0,银行卡,已发货,食品
O00001713,C000084,P000037,2024-08-28,3,232.01,0.0,0.0,花呗,已完成,美妆
O00001714,C000267,P000001,2024-03-13,1,1948.13,0.8,1558.5,支付宝,已发货,电子产品
O00001715,C000199,P000027,2024-07-20,3,196.89,0.9,531.6,银行卡,已完成,食品
O00001716,C000167,P000018,2024-07-01,3,2590.73,0.0,0.0,花呗,已完成,家居
O00001717,C000414,P000039,2023-09-24,3,503.15,0.0,0.0,微信支付,已完成,美妆
O00001718,C000335,P000019,2023-01-16,1,982.38,0.9,884.14,银行卡,已完成,家居
O00001719,C000078,P000027,2023-09-13,1,196.89,0.0,0.0,花呗,已发货,食品
O00001720,C000354,P000033,2024-09-22,1,787.6,0.0,0.0,银行卡,已完成,美妆
O00001721,C000202,P000025,2024-09-14,3,175.23,0.0,0.0,银行卡,已完成,食品
O00001722,C000030,P000023,2023-07-03,3,2547.93,0.0,0.0,支付宝,已完成,家居
O00001723,C000050,P000034,2024-01-03,1,644.27,0.85,547.63,微信支付,已完成,美妆
O00001724,C000281,P000024,2024-08-16,1,2154.25,0.0,0.0,花呗,已取消,家居
O00001725,C000474,P000021,2023-03-07,2,1114.1,0.0,0.0,银行卡,已完成,家居
O00001726,C000156,P000010,2024-05-21,1,783.56,0.9,705.2,微信支付,已完成,服装
O00001727,C000256,P000002,2024-11-02,3,3943.44,0.0,0.0,支付宝,已完成,电子产品
O00001728,C000023,P000010,2024-06-02,1,783.56,0.0,0.0,支付宝,待发货,服装
O00001729,C000462,P000040,2023-08-22,2,138.85,0.9,249.93,银行卡,已完成,美妆
O00001730,C000154,P000026,2023-01-17,5,183.74,0.8,734.96,银行卡,已完成,食品
O00001731,C000445,P000013,2023-02-15,2,74.95,0.0,0.0,支付宝,已完成,服装
O00001732,C000098,P000003,2023-04-26,2,4516.24,0.0,0.0,银行卡,已完成,电子产品
O00001733,C000202,P000030,2024-11-28,2,66.13,0.9,119.03,银行卡,已完成,食品
O00001734,C000157,P000002,2023-12-01,1,3943.44,0.0,0.0,信用卡,已完成,电子产品
O00001735,C000021,P000017,2024-01-19,3,610.78,0.7,1282.64,花呗,已完成,家居
O00001736,C000467,P000020,2024-01-13,1,2094.02,0.8,1675.22,花呗,已完成,家居
O00001737,C000190,P000004,2024-09-15,1,4506.63,0.0,0.0,花呗,已完成,电子产品
O00001738,C000408,P000009,2024-12-30,3,516.07,0.0,0.0,花呗,已完成,服装
O00001739,C000197,P000038,2023-06-03,1,117.96,0.7,82.57,支付宝,已完成,美妆
O00001740,C000249,P000008,2023-08-18,4,3065.33,0.7,8582.92,花呗,已完成,电子产品
O00001741,C000438,P000037,2024-07-05,2,232.01,0.85,394.42,花呗,已发货,美妆
O00001742,C000272,P000008,2024-09-13,3,3065.33,0.0,0.0,信用卡,已完成,电子产品
O00001743,C000142,P000019,2023-07-19,1,982.38,0.0,0.0,微信支付,已发货,家居
O00001744,C000206,P000021,2024-01-06,1,1114.1,0.0,0.0,支付宝,已完成,家居
O00001745,C000298,P000031,2024-03-31,2,96.51,0.8,154.42,银行卡,已发货,食品
O00001746,C000091,P000010,2024-07-27,1,783.56,0.8,626.85,信用卡,已完成,服装
O00001747,C000147,P000033,2024-04-04,2,787.6,0.0,0.0,微信支付,已发货,美妆
O00001748,C000066,P000030,2023-09-08,4,66.13,0.0,0.0,花呗,已发货,食品
O00001749,C000246,P000037,2024-09-12,2,232.01,0.0,0.0,银行卡,已完成,美妆
O00001750,C000448,P000037,2024-02-23,1,232.01,0.7,162.41,花呗,已完成,美妆
O00001751,C000185,P000023,2023-07-22,1,2547.93,0.8,2038.34,支付宝,待发货,家居
O00001752,C000265,P000007,2024-03-04,1,3648.4,0.0,0.0,信用卡,已完成,电子产品
O00001753,C000287,P000025,2023-05-10,2,175.23,0.85,297.89,支付宝,待发货,食品
O00001754,C000198,P000015,2023-03-16,2,211.1,0.8,337.76,信用卡,已完成,服装
O00001755,C000140,P000038,2023-12-29,4,117.96,0.9,424.66,微信支付,已完成,美妆
O00001756,C000276,P000035,2023-05-02,2,181.94,0.85,309.3,银行卡,已完成,美妆
O00001757,C000201,P000007,2024-09-23,2,3648.4,0.9,6567.12,支付宝,已完成,电子产品
O00001758,C000272,P000033,2023-12-30,2,787.6,0.8,1260.16,信用卡,已取消,美妆
O00001759,C000191,P000038,2024-03-22,2,117.96,0.0,0.0,微信支付,已完成,美妆
O00001760,C000128,P000034,2024-08-26,2,644.27,0.8,1030.83,支付宝,已取消,美妆
O00001761,C000464,P000009,2023-01-08,1,516.07,0.0,0.0,信用卡,已完成,服装
O00001762,C000386,P000014,2024-03-25,1,443.12,0.9,398.81,银行卡,已完成,服装
O00001763,C000468,P000030,2023-04-10,4,66.13,0.0,0.0,支付宝,已完成,食品
O00001764,C000014,P000003,2024-06-21,2,4516.24,0.85,7677.61,信用卡,已完成,电子产品
O00001765,C000024,P000027,2024-01-29,1,196.89,0.0,0.0,微信支付,已完成,食品
O00001766,C000428,P000004,2023-08-04,1,4506.63,0.0,0.0,花呗,已完成,电子产品
O00001767,C000273,P000038,2023-12-22,1,117.96,0.0,0.0,银行卡,已完成,美妆
O00001768,C000057,P000023,2023-08-18,1,2547.93,0.0,0.0,银行卡,待发货,家居
O00001769,C000450,P000025,2023-04-19,5,175.23,0.9,788.54,微信支付,已取消,食品
O00001770,C000143,P000029,2024-07-19,1,84.32,0.85,71.67,支付宝,已发货,食品
O00001771,C000168,P000023,2023-02-10,2,2547.93,0.0,0.0,微信支付,退货中,家居
O00001772,C000307,P000003,2023-01-27,1,4516.24,0.0,0.0,花呗,已完成,电子产品
O00001773,C000494,P000012,2024-03-31,1,773.28,0.85,657.29,银行卡,已完成,服装
O00001774,C000007,P000040,2024-12-24,4,138.85,0.0,0.0,信用卡,已取消,美妆
O00001775,C000424,P000019,2023-03-30,1,982.38,0.7,687.67,支付宝,待发货,家居
O00001776,C000046,P000027,2023-03-22,4,196.89,0.0,0.0,支付宝,已发货,食品
O00001777,C000372,P000035,2024-06-03,1,181.94,0.0,0.0,花呗,已完成,美妆
O00001778,C000111,P000022,2023-03-17,2,2860.42,0.0,0.0,支付宝,已发货,家居
O00001779,C000209,P000024,2024-12-23,1,2154.25,0.0,0.0,花呗,已发货,家居
O00001780,C000159,P000010,2024-10-03,2,783.56,0.9,1410.41,支付宝,已完成,服装
O00001781,C000002,P000010,2024-08-23,1,783.56,0.8,626.85,微信支付,已完成,服装
O00001782,C000293,P000001,2023-06-05,1,1948.13,0.0,0.0,信用卡,已完成,电子产品
O00001783,C000036,P000019,2023-07-23,1,982.38,0.0,0.0,花呗,已完成,家居
O00001784,C000006,P000025,2023-08-08,3,175.23,0.0,0.0,花呗,已完成,食品
O00001785,C000224,P000006,2024-12-28,2,4189.79,0.0,0.0,银行卡,已完成,电子产品
O00001786,C000276,P000017,2024-10-08,2,610.78,0.9,1099.4,信用卡,已完成,家居
O00001787,C000025,P000014,2023-07-04,2,443.12,0.85,753.3,银行卡,待发货,服装
O00001788,C000224,P000002,2024-05-16,2,3943.44,0.0,0.0,银行卡,已发货,电子产品
O00001789,C000476,P000018,2023-10-30,2,2590.73,0.0,0.0,银行卡,已完成,家居
O00001790,C000010,P000030,2024-04-02,1,66.13,0.9,59.52,支付宝,已完成,食品
O00001791,C000497,P000004,2023-11-23,1,4506.63,0.0,0.0,信用卡,已完成,电子产品
O00001792,C000432,P000038,2024-05-10,2,117.96,0.8,188.74,花呗,已发货,美妆
O00001793,C000191,P000021,2023-08-29,1,1114.1,0.0,0.0,微信支付,已完成,家居
O00001794,C000162,P000014,2024-02-23,3,443.12,0.85,1129.96,银行卡,已完成,服装
O00001795,C000494,P000010,2024-02-26,2,783.56,0.0,0.0,信用卡,已完成,服装
O00001796,C000270,P000038,2023-02-25,1,117.96,0.9,106.16,银行卡,已完成,美妆
O00001797,C000378,P000019,2023-02-16,2,982.38,0.0,0.0,花呗,已完成,家居
O00001798,C000151,P000009,2024-07-02,3,516.07,0.9,1393.39,花呗,已完成,服装
O00001799,C000399,P000012,2023-05-13,2,773.28,0.0,0.0,支付宝,已完成,服装
O00001800,C000165,P000014,2023-04-03,3,443.12,0.0,0.0,银行卡,已发货,服装
O00001801,C000019,P000018,2024-07-20,3,2590.73,0.0,0.0,微信支付,已完成,家居
O00001802,C000277,P000014,2023-07-23,1,443.12,0.85,376.65,信用卡,退货中,服装
O00001803,C000040,P000010,2023-08-23,3,783.56,0.0,0.0,银行卡,已完成,服装
O00001804,C000169,P000015,2023-08-09,1,211.1,0.0,0.0,支付宝,已完成,服装
O00001805,C000126,P000028,2023-01-21,1,28.74,0.0,0.0,花呗,已发货,食品
O00001806,C000378,P000027,2024-05-11,1,196.89,0.0,0.0,支付宝,已完成,食品
O00001807,C000268,P000027,2024-12-05,1,196.89,0.0,0.0,支付宝,已完成,食品
O00001808,C000288,P000023,2024-01-22,3,2547.93,0.0,0.0,银行卡,已完成,家居
O00001809,C000296,P000016,2023-03-20,3,312.16,0.9,842.83,信用卡,已完成,服装
O00001810,C000226,P000002,2024-07-08,1,3943.44,0.0,0.0,花呗,已完成,电子产品
O00001811,C000156,P000026,2023-07-18,3,183.74,0.8,440.98,银行卡,已发货,食品
O00001812,C000296,P000039,2023-01-24,1,503.15,0.0,0.0,支付宝,已完成,美妆
O00001813,C000215,P000016,2024-11-02,1,312.16,0.0,0.0,信用卡,已完成,服装
O00001814,C000012,P000003,2024-02-21,1,4516.24,0.0,0.0,花呗,已完成,电子产品
O00001815,C000398,P000036,2024-01-27,2,642.93,0.0,0.0,信用卡,已完成,美妆
O00001816,C000309,P000040,2024-07-13,4,138.85,0.0,0.0,花呗,已发货,美妆
O00001817,C000083,P000033,2024-02-11,5,787.6,0.0,0.0,信用卡,已发货,美妆
O00001818,C000460,P000031,2024-10-20,2,96.51,0.0,0.0,支付宝,已完成,食品
O00001819,C000384,P000027,2023-06-23,1,196.89,0.8,157.51,花呗,已完成,食品
O00001820,C000088,P000032,2023-05-25,1,22.76,0.85,19.35,花呗,已完成,食品
O00001821,C000005,P000015,2024-08-03,2,211.1,0.0,0.0,信用卡,已发货,服装
O00001822,C000337,P000029,2023-11-15,1,84.32,0.85,71.67,支付宝,已发货,食品
O00001823,C000256,P000017,2024-08-01,1,610.78,0.8,488.62,银行卡,已完成,家居
O00001824,C000262,P000016,2024-07-29,2,312.16,0.0,0.0,银行卡,已发货,服装
O00001825,C000467,P000016,2023-08-30,4,312.16,0.9,1123.78,花呗,已完成,服装
O00001826,C000087,P000012,2023-03-25,2,773.28,0.0,0.0,支付宝,已取消,服装
O00001827,C000382,P000024,2023-01-14,1,2154.25,0.9,1938.82,微信支付,已完成,家居
O00001828,C000379,P000006,2023-04-27,1,4189.79,0.0,0.0,微信支付,已完成,电子产品
O00001829,C000014,P000037,2024-06-21,2,232.01,0.9,417.62,花呗,已完成,美妆
O00001830,C000022,P000037,2023-01-10,1,232.01,0.0,0.0,银行卡,已完成,美妆
O00001831,C000441,P000032,2024-11-23,2,22.76,0.0,0.0,银行卡,已完成,食品
O00001832,C000274,P000029,2023-06-19,2,84.32,0.0,0.0,微信支付,已完成,食品
O00001833,C000274,P000012,2024-01-16,3,773.28,0.0,0.0,信用卡,已完成,服装
O00001834,C000036,P000022,2023-12-05,1,2860.42,0.9,2574.38,微信支付,已取消,家居
O00001835,C000117,P000040,2024-04-30,1,138.85,0.0,0.0,微信支付,已完成,美妆
O00001836,C000129,P000022,2023-01-06,1,2860.42,0.0,0.0,支付宝,已完成,家居
O00001837,C000444,P000007,2023-12-05,2,3648.4,0.9,6567.12,花呗,已完成,电子产品
O00001838,C000102,P000016,2023-12-25,1,312.16,0.8,249.73,银行卡,已完成,服装
O00001839,C000251,P000035,2023-07-17,2,181.94,0.85,309.3,信用卡,已完成,美妆
O00001840,C000108,P000005,2023-11-10,2,806.54,0.85,1371.12,银行卡,已完成,电子产品
O00001841,C000239,P000003,2024-10-18,2,4516.24,0.0,0.0,微信支付,已完成,电子产品
O00001842,C000036,P000028,2023-08-10,1,28.74,0.0,0.0,支付宝,已完成,食品
O00001843,C000429,P000014,2024-06-18,1,443.12,0.85,376.65,银行卡,已完成,服装
O00001844,C000441,P000003,2024-08-29,2,4516.24,0.7,6322.74,花呗,已完成,电子产品
O00001845,C000482,P000028,2024-04-29,2,28.74,0.0,0.0,微信支付,已完成,食品
O00001846,C000186,P000016,2023-04-04,5,312.16,0.9,1404.72,微信支付,已取消,服装
O00001847,C000042,P000021,2023-01-01,1,1114.1,0.8,891.28,支付宝,已完成,家居
O00001848,C000091,P000040,2024-03-26,1,138.85,0.0,0.0,银行卡,已完成,美妆
O00001849,C000219,P000015,2023-05-01,2,211.1,0.0,0.0,信用卡,已完成,服装
O00001850,C000470,P000009,2023-12-30,2,516.07,0.0,0.0,花呗,已完成,服装
O00001851,C000286,P000019,2024-09-11,1,982.38,0.7,687.67,银行卡,已发货,家居
O00001852,C000024,P000023,2024-03-23,2,2547.93,0.0,0.0,银行卡,已完成,家居
O00001853,C000062,P000035,2024-07-25,2,181.94,0.9,327.49,微信支付,待发货,美妆
O00001854,C000047,P000014,2024-01-10,1,443.12,0.85,376.65,银行卡,待发货,服装
O00001855,C000480,P000037,2023-08-07,2,232.01,0.8,371.22,微信支付,已完成,美妆
O00001856,C000339,P000011,2023-07-03,1,652.21,0.7,456.55,微信支付,已取消,服装
O00001857,C000177,P000001,2024-06-22,1,1948.13,0.0,0.0,银行卡,已完成,电子产品
O00001858,C000431,P000011,2024-01-13,1,652.21,0.0,0.0,支付宝,已取消,服装
O00001859,C000269,P000018,2023-02-04,2,2590.73,0.9,4663.31,信用卡,已完成,家居
O00001860,C000124,P000033,2024-12-13,1,787.6,0.0,0.0,支付宝,已发货,美妆
O00001861,C000431,P000039,2023-02-01,5,503.15,0.8,2012.6,花呗,待发货,美妆
O00001862,C000477,P000014,2024-05-17,2,443.12,0.9,797.62,花呗,已完成,服装
O00001863,C000095,P000022,2023-02-09,3,2860.42,0.9,7723.13,微信支付,已完成,家居
O00001864,C000039,P000020,2023-07-01,2,2094.02,0.0,0.0,信用卡,待发货,家居
O00001865,C000265,P000002,2023-05-03,3,3943.44,0.9,10647.29,支付宝,已完成,电子产品
O00001866,C000196,P000017,2024-07-11,1,610.78,0.8,488.62,花呗,已完成,家居
O00001867,C000046,P000029,2023-12-07,2,84.32,0.85,143.34,银行卡,已发货,食品
O00001868,C000297,P000015,2023-06-23,3,211.1,0.0,0.0,银行卡,已取消,服装
O00001869,C000086,P000026,2024-11-11,2,183.74,0.85,312.36,支付宝,已完成,食品
O00001870,C000063,P000021,2024-05-28,1,1114.1,0.0,0.0,微信支付,已完成,家居
O00001871,C000081,P000038,2023-10-10,1,117.96,0.9,106.16,信用卡,已完成,美妆
O00001872,C000414,P000030,2023-01-04,1,66.13,0.0,0.0,支付宝,已完成,食品
O00001873,C000302,P000019,2024-08-04,1,982.38,0.0,0.0,信用卡,已发货,家居
O00001874,C000091,P000035,2023-04-03,1,181.94,0.0,0.0,银行卡,已完成,美妆
O00001875,C000126,P000026,2023-01-21,2,183.74,0.85,312.36,微信支付,已发货,食品
O00001876,C000084,P000004,2024-04-16,2,4506.63,0.9,8111.93,微信支付,已完成,电子产品
O00001877,C000262,P000040,2024-11-28,1,138.85,0.8,111.08,微信支付,已完成,美妆
O00001878,C000459,P000017,2023-05-16,2,610.78,0.0,0.0,银行卡,已完成,家居
O00001879,C000389,P000025,2023-05-24,1,175.23,0.0,0.0,微信支付,已完成,食品
O00001880,C000257,P000028,2023-07-24,1,28.74,0.0,0.0,信用卡,已完成,食品
O00001881,C000450,P000030,2024-05-16,1,66.13,0.0,0.0,花呗,已完成,食品
O00001882,C000256,P000027,2024-10-08,1,196.89,0.0,0.0,花呗,已完成,食品
O00001883,C000377,P000019,2024-07-04,1,982.38,0.7,687.67,信用卡,已完成,家居
O00001884,C000427,P000010,2024-11-29,1,783.56,0.0,0.0,花呗,已发货,服装
O00001885,C000321,P000029,2023-10-03,2,84.32,0.85,143.34,银行卡,已完成,食品
O00001886,C000500,P000008,2023-09-25,1,3065.33,0.0,0.0,微信支付,已完成,电子产品
O00001887,C000145,P000007,2024-04-23,1,3648.4,0.0,0.0,信用卡,已完成,电子产品
O00001888,C000415,P000019,2023-02-04,2,982.38,0.0,0.0,银行卡,已完成,家居
O00001889,C000296,P000010,2023-01-09,3,783.56,0.0,0.0,银行卡,已完成,服装
O00001890,C000313,P000035,2023-04-13,2,181.94,0.0,0.0,微信支付,已完成,美妆
O00001891,C000473,P000023,2023-07-10,1,2547.93,0.0,0.0,花呗,已发货,家居
O00001892,C000475,P000020,2024-08-12,1,2094.02,0.9,1884.62,信用卡,已完成,家居
O00001893,C000279,P000034,2023-09-16,3,644.27,0.9,1739.53,信用卡,已发货,美妆
O00001894,C000380,P000013,2023-11-04,2,74.95,0.8,119.92,微信支付,已完成,服装
O00001895,C000074,P000030,2024-06-03,3,66.13,0.0,0.0,银行卡,已完成,食品
O00001896,C000248,P000013,2024-02-15,4,74.95,0.0,0.0,微信支付,已完成,服装
O00001897,C000196,P000035,2024-09-03,4,181.94,0.8,582.21,微信支付,退货中,美妆
O00001898,C000434,P000009,2024-08-04,4,516.07,0.0,0.0,银行卡,已发货,服装
O00001899,C000202,P000009,2023-02-25,3,516.07,0.0,0.0,微信支付,退货中,服装
O00001900,C000391,P000007,2024-04-14,3,3648.4,0.0,0.0,微信支付,已完成,电子产品
O00001901,C000298,P000005,2023-06-26,1,806.54,0.0,0.0,微信支付,已完成,电子产品
O00001902,C000218,P000017,2024-03-23,3,610.78,0.0,0.0,花呗,已完成,家居
O00001903,C000447,P000032,2024-01-19,3,22.76,0.0,0.0,支付宝,已完成,食品
O00001904,C000169,P000002,2024-12-04,1,3943.44,0.0,0.0,信用卡,已完成,电子产品
O00001905,C000280,P000006,2024-04-19,2,4189.79,0.85,7122.64,支付宝,已发货,电子产品
O00001906,C000259,P000014,2023-11-22,1,443.12,0.0,0.0,银行卡,已发货,服装
O00001907,C000385,P000028,2024-11-21,3,28.74,0.0,0.0,信用卡,已发货,食品
O00001908,C000002,P000013,2023-12-22,2,74.95,0.9,134.91,花呗,已完成,服装
O00001909,C000403,P000020,2024-09-15,1,2094.02,0.0,0.0,银行卡,已完成,家居
O00001910,C000286,P000033,2023-01-02,1,787.6,0.85,669.46,支付宝,已完成,美妆
O00001911,C000332,P000006,2023-05-22,2,4189.79,0.0,0.0,银行卡,已完成,电子产品
O00001912,C000405,P000006,2023-12-14,1,4189.79,0.0,0.0,微信支付,已完成,电子产品
O00001913,C000306,P000025,2024-02-01,1,175.23,0.0,0.0,银行卡,已完成,食品
O00001914,C000343,P000006,2024-03-07,4,4189.79,0.0,0.0,花呗,已完成,电子产品
O00001915,C000193,P000027,2024-04-21,3,196.89,0.0,0.0,支付宝,已发货,食品
O00001916,C000287,P000039,2024-02-19,2,503.15,0.0,0.0,银行卡,已发货,美妆
O00001917,C000066,P000019,2024-06-03,1,982.38,0.0,0.0,信用卡,已完成,家居
O00001918,C000377,P000026,2024-11-17,2,183.74,0.85,312.36,银行卡,已完成,食品
O00001919,C000093,P000040,2024-10-11,1,138.85,0.85,118.02,信用卡,已完成,美妆
O00001920,C000439,P000010,2024-04-29,2,783.56,0.85,1332.05,银行卡,已发货,服装
O00001921,C000423,P000009,2023-07-03,1,516.07,0.0,0.0,信用卡,退货中,服装
O00001922,C000418,P000018,2023-03-23,3,2590.73,0.0,0.0,花呗,已完成,家居
O00001923,C000392,P000010,2024-06-11,1,783.56,0.9,705.2,信用卡,已发货,服装
O00001924,C000460,P000006,2024-04-20,1,4189.79,0.0,0.0,信用卡,已完成,电子产品
O00001925,C000173,P000036,2023-02-21,1,642.93,0.9,578.64,银行卡,待发货,美妆
O00001926,C000139,P000036,2024-11-22,1,642.93,0.85,546.49,花呗,已完成,美妆
O00001927,C000130,P000028,2023-10-28,1,28.74,0.0,0.0,银行卡,已完成,食品
O00001928,C000302,P000037,2023-02-06,1,232.01,0.0,0.0,支付宝,已完成,美妆
O00001929,C000347,P000003,2024-02-10,2,4516.24,0.0,0.0,支付宝,已完成,电子产品
O00001930,C000086,P000029,2023-05-29,1,84.32,0.0,0.0,银行卡,已完成,食品
O00001931,C000483,P000022,2024-04-14,1,2860.42,0.0,0.0,花呗,已完成,家居
O00001932,C000398,P000032,2023-02-11,2,22.76,0.0,0.0,微信支付,已完成,食品
O00001933,C000383,P000029,2024-10-15,2,84.32,0.0,0.0,花呗,已发货,食品
O00001934,C000003,P000037,2023-03-22,5,232.01,0.9,1044.04,银行卡,已完成,美妆
O00001935,C000487,P000027,2023-01-23,1,196.89,0.9,177.2,支付宝,已完成,食品
O00001936,C000150,P000032,2024-03-19,3,22.76,0.85,58.04,花呗,退货中,食品
O00001937,C000014,P000023,2023-11-07,1,2547.93,0.0,0.0,微信支付,已完成,家居
O00001938,C000160,P000008,2023-02-20,2,3065.33,0.0,0.0,信用卡,已完成,电子产品
O00001939,C000477,P000038,2024-12-06,1,117.96,0.0,0.0,支付宝,已发货,美妆
O00001940,C000261,P000029,2023-07-05,2,84.32,0.0,0.0,信用卡,已完成,食品
O00001941,C000247,P000013,2024-02-29,1,74.95,0.0,0.0,信用卡,已完成,服装
O00001942,C000386,P000005,2024-10-12,2,806.54,0.0,0.0,支付宝,已完成,电子产品
O00001943,C000024,P000040,2023-08-15,2,138.85,0.0,0.0,花呗,已完成,美妆
O00001944,C000092,P000009,2024-08-25,3,516.07,0.0,0.0,花呗,已完成,服装
O00001945,C000231,P000003,2024-07-25,1,4516.24,0.0,0.0,银行卡,已完成,电子产品
O00001946,C000027,P000018,2023-06-05,3,2590.73,0.9,6994.97,微信支付,已完成,家居
O00001947,C000300,P000011,2023-06-24,2,652.21,0.0,0.0,支付宝,已完成,服装
O00001948,C000234,P000002,2024-08-08,2,3943.44,0.9,7098.19,花呗,退货中,电子产品
O00001949,C000440,P000032,2023-03-27,5,22.76,0.7,79.66,银行卡,已完成,食品
O00001950,C000387,P000001,2023-11-19,1,1948.13,0.0,0.0,微信支付,已完成,电子产品
O00001951,C000449,P000002,2023-06-20,2,3943.44,0.0,0.0,信用卡,已完成,电子产品
O00001952,C000358,P000039,2023-01-24,5,503.15,0.0,0.0,信用卡,已发货,美妆
O00001953,C000025,P000032,2024-01-20,5,22.76,0.0,0.0,花呗,已取消,食品
O00001954,C000143,P000031,2023-05-07,4,96.51,0.0,0.0,支付宝,已完成,食品
O00001955,C000174,P000013,2023-07-02,2,74.95,0.85,127.42,信用卡,待发货,服装
O00001956,C000484,P000027,2023-12-27,2,196.89,0.0,0.0,花呗,已发货,食品
O00001957,C000011,P000012,2024-01-07,1,773.28,0.9,695.95,银行卡,已完成,服装
O00001958,C000070,P000024,2024-06-29,2,2154.25,0.8,3446.8,信用卡,已完成,家居
O00001959,C000284,P000037,2023-10-21,3,232.01,0.0,0.0,微信支付,已发货,美妆
O00001960,C000114,P000037,2023-01-04,1,232.01,0.0,0.0,信用卡,已完成,美妆
O00001961,C000251,P000007,2024-11-30,2,3648.4,0.0,0.0,信用卡,已取消,电子产品
O00001962,C000155,P000025,2024-02-25,5,175.23,0.0,0.0,微信支付,已完成,食品
O00001963,C000126,P000003,2024-09-26,1,4516.24,0.0,0.0,花呗,已完成,电子产品
O00001964,C000251,P000037,2023-01-24,2,232.01,0.0,0.0,花呗,已完成,美妆
O00001965,C000029,P000035,2024-12-01,2,181.94,0.0,0.0,花呗,已完成,美妆
O00001966,C000266,P000016,2024-10-31,3,312.16,0.0,0.0,微信支付,已完成,服装
O00001967,C000458,P000034,2023-06-15,3,644.27,0.9,1739.53,微信支付,已完成,美妆
O00001968,C000220,P000031,2024-12-30,1,96.51,0.0,0.0,银行卡,已取消,食品
O00001969,C000046,P000007,2023-02-01,1,3648.4,0.0,0.0,微信支付,已完成,电子产品
O00001970,C000035,P000004,2024-03-30,2,4506.63,0.85,7661.27,信用卡,退货中,电子产品
O00001971,C000088,P000025,2023-04-24,2,175.23,0.85,297.89,微信支付,已发货,食品
O00001972,C000177,P000013,2023-03-13,1,74.95,0.0,0.0,信用卡,已完成,服装
O00001973,C000140,P000019,2024-04-26,3,982.38,0.0,0.0,信用卡,待发货,家居
O00001974,C000059,P000029,2024-07-04,4,84.32,0.85,286.69,花呗,已完成,食品
O00001975,C000494,P000023,2024-03-25,2,2547.93,0.9,4586.27,银行卡,已完成,家居
O00001976,C000299,P000026,2023-02-10,3,183.74,0.9,496.1,花呗,已完成,食品
O00001977,C000066,P000012,2024-03-26,2,773.28,0.0,0.0,微信支付,已完成,服装
O00001978,C000041,P000034,2024-08-16,3,644.27,0.0,0.0,微信支付,已发货,美妆
O00001979,C000085,P000036,2024-11-03,1,642.93,0.8,514.34,信用卡,已完成,美妆
O00001980,C000085,P000039,2023-04-10,1,503.15,0.9,452.84,信用卡,已完成,美妆
O00001981,C000096,P000037,2024-05-18,3,232.01,0.85,591.63,银行卡,已发货,美妆
O00001982,C000282,P000018,2024-03-31,1,2590.73,0.0,0.0,银行卡,已完成,家居
O00001983,C000474,P000004,2024-08-31,2,4506.63,0.0,0.0,花呗,已完成,电子产品
O00001984,C000232,P000018,2023-08-15,1,2590.73,0.0,0.0,银行卡,待发货,家居
O00001985,C000217,P000012,2023-06-12,1,773.28,0.0,0.0,信用卡,已完成,服装
O00001986,C000228,P000014,2023-06-08,2,443.12,0.9,797.62,微信支付,已发货,服装
O00001987,C000105,P000026,2024-01-29,2,183.74,0.0,0.0,微信支付,已完成,食品
O00001988,C000136,P000007,2023-06-01,2,3648.4,0.0,0.0,花呗,已完成,电子产品
O00001989,C000442,P000018,2024-06-13,2,2590.73,0.9,4663.31,微信支付,已完成,家居
O00001990,C000444,P000007,2024-10-21,5,3648.4,0.8,14593.6,银行卡,已完成,电子产品
O00001991,C000285,P000012,2024-01-23,2,773.28,0.0,0.0,微信支付,待发货,服装
O00001992,C000327,P000037,2024-05-08,3,232.01,0.8,556.82,支付宝,已完成,美妆
O00001993,C000232,P000026,2023-03-08,2,183.74,0.0,0.0,微信支付,已完成,食品
O00001994,C000437,P000034,2024-09-15,1,644.27,0.85,547.63,微信支付,已发货,美妆
O00001995,C000217,P000036,2024-04-15,1,642.93,0.9,578.64,支付宝,已完成,美妆
O00001996,C000247,P000011,2024-06-20,3,652.21,0.9,1760.97,银行卡,待发货,服装
O00001997,C000138,P000029,2024-02-13,2,84.32,0.7,118.05,花呗,已完成,食品
O00001998,C000444,P000003,2024-07-20,1,4516.24,0.85,3838.8,花呗,退货中,电子产品
O00001999,C000467,P000038,2023-02-27,3,117.96,0.0,0.0,微信支付,已完成,美妆
O00002000,C000027,P000035,2023-07-07,1,181.94,0.9,163.75,微信支付,已完成,美妆
O00002001,C000130,P000029,2024-04-12,1,84.32,0.7,59.02,银行卡,已完成,食品
O00002002,C000403,P000034,2023-04-04,2,644.27,0.9,1159.69,支付宝,已发货,美妆
O00002003,C000169,P000019,2023-05-16,4,982.38,0.0,0.0,微信支付,已完成,家居
O00002004,C000036,P000011,2024-08-18,1,652.21,0.0,0.0,支付宝,已完成,服装
O00002005,C000150,P000012,2024-10-11,1,773.28,0.0,0.0,信用卡,已完成,服装
O00002006,C000259,P000008,2023-07-22,1,3065.33,0.0,0.0,花呗,已完成,电子产品
O00002007,C000227,P000032,2024-08-05,1,22.76,0.0,0.0,支付宝,已完成,食品
O00002008,C000045,P000039,2024-03-29,2,503.15,0.0,0.0,花呗,已发货,美妆
O00002009,C000401,P000012,2023-01-01,3,773.28,0.0,0.0,银行卡,已完成,服装
O00002010,C000399,P000023,2023-06-30,1,2547.93,0.0,0.0,银行卡,已完成,家居
O00002011,C000414,P000001,2023-11-03,4,1948.13,0.0,0.0,银行卡,已完成,电子产品
O00002012,C000436,P000028,2024-07-28,1,28.74,0.9,25.87,支付宝,已完成,食品
O00002013,C000430,P000003,2023-07-06,5,4516.24,0.0,0.0,花呗,已完成,电子产品
O00002014,C000077,P000007,2023-06-17,1,3648.4,0.85,3101.14,银行卡,已完成,电子产品
O00002015,C000449,P000039,2024-03-29,1,503.15,0.9,452.84,微信支付,已完成,美妆
O00002016,C000108,P000030,2023-04-22,1,66.13,0.0,0.0,花呗,已发货,食品
O00002017,C000389,P000006,2024-06-27,1,4189.79,0.9,3770.81,花呗,已完成,电子产品
O00002018,C000309,P000003,2024-11-19,1,4516.24,0.0,0.0,信用卡,已完成,电子产品
O00002019,C000011,P000023,2023-06-11,3,2547.93,0.0,0.0,花呗,已完成,家居
O00002020,C000051,P000024,2024-10-31,5,2154.25,0.0,0.0,银行卡,已完成,家居
O00002021,C000209,P000016,2023-09-27,1,312.16,0.8,249.73,银行卡,已完成,服装
O00002022,C000022,P000017,2023-11-10,1,610.78,0.0,0.0,银行卡,已完成,家居
O00002023,C000047,P000024,2024-03-11,1,2154.25,0.85,1831.11,支付宝,已完成,家居
O00002024,C000372,P000038,2024-02-18,3,117.96,0.0,0.0,微信支付,已完成,美妆
O00002025,C000080,P000030,2023-10-08,5,66.13,0.9,297.58,微信支付,已完成,食品
O00002026,C000171,P000025,2023-09-20,2,175.23,0.0,0.0,银行卡,已完成,食品
O00002027,C000239,P000031,2024-01-27,1,96.51,0.0,0.0,微信支付,已完成,食品
O00002028,C000413,P000031,2024-09-24,3,96.51,0.8,231.62,支付宝,已完成,食品
O00002029,C000074,P000012,2023-06-14,1,773.28,0.0,0.0,花呗,已完成,服装
O00002030,C000258,P000035,2023-02-17,1,181.94,0.0,0.0,信用卡,已发货,美妆
O00002031,C000459,P000037,2024-09-13,1,232.01,0.0,0.0,支付宝,已完成,美妆
O00002032,C000404,P000002,2023-10-10,2,3943.44,0.0,0.0,银行卡,已完成,电子产品
O00002033,C000442,P000013,2023-05-18,1,74.95,0.0,0.0,信用卡,待发货,服装
O00002034,C000344,P000003,2023-06-04,3,4516.24,0.0,0.0,花呗,已完成,电子产品
O00002035,C000473,P000037,2023-09-09,1,232.01,0.0,0.0,银行卡,已完成,美妆
O00002036,C000256,P000036,2023-10-26,2,642.93,0.0,0.0,支付宝,已完成,美妆
O00002037,C000129,P000023,2024-12-17,3,2547.93,0.0,0.0,银行卡,已发货,家居
O00002038,C000001,P000009,2024-04-01,4,516.07,0.0,0.0,银行卡,已发货,服装
O00002039,C000251,P000039,2024-04-16,1,503.15,0.0,0.0,银行卡,已完成,美妆
O00002040,C000407,P000021,2023-01-24,1,1114.1,0.9,1002.69,信用卡,已完成,家居
O00002041,C000229,P000011,2024-05-13,1,652.21,0.85,554.38,支付宝,已发货,服装
O00002042,C000327,P000020,2024-06-08,4,2094.02,0.0,0.0,支付宝,已完成,家居
O00002043,C000408,P000012,2023-12-01,4,773.28,0.0,0.0,花呗,已发货,服装
O00002044,C000365,P000019,2023-03-10,1,982.38,0.0,0.0,花呗,已发货,家居
O00002045,C000195,P000031,2024-06-28,3,96.51,0.0,0.0,支付宝,已完成,食品
O00002046,C000432,P000008,2024-04-24,2,3065.33,0.7,4291.46,支付宝,已完成,电子产品
O00002047,C000300,P000034,2024-03-17,3,644.27,0.0,0.0,微信支付,已发货,美妆
O00002048,C000495,P000004,2023-03-16,2,4506.63,0.0,0.0,信用卡,已完成,电子产品
O00002049,C000460,P000007,2024-12-10,2,3648.4,0.8,5837.44,支付宝,已发货,电子产品
O00002050,C000286,P000026,2023-10-28,1,183.74,0.85,156.18,支付宝,已完成,食品
O00002051,C000208,P000033,2023-11-27,1,787.6,0.0,0.0,微信支付,已完成,美妆
O00002052,C000392,P000038,2023-12-01,2,117.96,0.9,212.33,微信支付,已完成,美妆
O00002053,C000022,P000017,2024-08-11,3,610.78,0.8,1465.87,花呗,已取消,家居
O00002054,C000360,P000039,2023-06-01,1,503.15,0.0,0.0,支付宝,已完成,美妆
O00002055,C000147,P000031,2023-02-10,2,96.51,0.0,0.0,支付宝,已发货,食品
O00002056,C000259,P000020,2023-11-19,1,2094.02,0.9,1884.62,微信支付,已取消,家居
O00002057,C000376,P000032,2024-03-10,1,22.76,0.0,0.0,微信支付,退货中,食品
O00002058,C000029,P000012,2023-01-28,3,773.28,0.8,1855.87,信用卡,已完成,服装
O00002059,C000432,P000022,2024-01-20,1,2860.42,0.8,2288.34,微信支付,已完成,家居
O00002060,C000328,P000009,2024-04-02,1,516.07,0.0,0.0,信用卡,已完成,服装
O00002061,C000440,P000005,2023-05-08,2,806.54,0.0,0.0,花呗,已完成,电子产品
O00002062,C000007,P000015,2023-05-05,2,211.1,0.0,0.0,信用卡,已完成,服装
O00002063,C000045,P000025,2024-01-02,2,175.23,0.0,0.0,微信支付,已发货,食品
O00002064,C000081,P000020,2023-04-03,1,2094.02,0.0,0.0,银行卡,已发货,家居
O00002065,C000183,P000033,2024-04-12,2,787.6,0.0,0.0,信用卡,已完成,美妆
O00002066,C000343,P000014,2023-04-13,1,443.12,0.8,354.5,支付宝,已完成,服装
O00002067,C000160,P000016,2024-10-29,1,312.16,0.7,218.51,支付宝,已完成,服装
O00002068,C000206,P000027,2024-02-04,2,196.89,0.0,0.0,银行卡,待发货,食品
O00002069,C000292,P000026,2023-11-28,2,183.74,0.85,312.36,微信支付,已完成,食品
O00002070,C000239,P000040,2023-05-12,2,138.85,0.0,0.0,信用卡,已完成,美妆
O00002071,C000197,P000025,2023-03-04,3,175.23,0.0,0.0,银行卡,已完成,食品
O00002072,C000048,P000019,2024-02-29,1,982.38,0.0,0.0,微信支付,已发货,家居
O00002073,C000181,P000033,2023-06-05,4,787.6,0.85,2677.84,微信支付,已发货,美妆
O00002074,C000386,P000028,2023-04-23,1,28.74,0.0,0.0,微信支付,已发货,食品
O00002075,C000384,P000019,2024-10-02,1,982.38,0.85,835.02,花呗,已完成,家居
O00002076,C000216,P000027,2023-01-27,1,196.89,0.8,157.51,支付宝,已完成,食品
O00002077,C000244,P000014,2023-05-28,2,443.12,0.0,0.0,信用卡,已取消,服装
O00002078,C000362,P000005,2024-06-21,3,806.54,0.0,0.0,银行卡,已完成,电子产品
O00002079,C000359,P000033,2023-04-05,3,787.6,0.0,0.0,信用卡,已完成,美妆
O00002080,C000349,P000029,2024-03-01,1,84.32,0.0,0.0,微信支付,待发货,食品
O00002081,C000450,P000009,2024-10-14,3,516.07,0.0,0.0,银行卡,已完成,服装
O00002082,C000121,P000013,2024-11-03,1,74.95,0.7,52.46,支付宝,已完成,服装
O00002083,C000065,P000038,2024-08-07,1,117.96,0.0,0.0,微信支付,已完成,美妆
O00002084,C000463,P000033,2023-05-27,3,787.6,0.0,0.0,支付宝,已完成,美妆
O00002085,C000286,P000037,2023-10-17,2,232.01,0.0,0.0,微信支付,待发货,美妆
O00002086,C000045,P000027,2024-11-06,1,196.89,0.9,177.2,信用卡,已完成,食品
O00002087,C000341,P000016,2024-06-16,2,312.16,0.7,437.02,银行卡,已完成,服装
O00002088,C000022,P000030,2023-05-15,3,66.13,0.0,0.0,微信支付,已完成,食品
O00002089,C000484,P000028,2023-02-05,2,28.74,0.85,48.86,支付宝,已发货,食品
O00002090,C000389,P000016,2023-07-06,3,312.16,0.9,842.83,微信支付,已完成,服装
O00002091,C000086,P000018,2023-11-27,1,2590.73,0.0,0.0,银行卡,已完成,家居
O00002092,C000001,P000010,2024-08-14,1,783.56,0.7,548.49,信用卡,已完成,服装
O00002093,C000247,P000036,2024-07-12,2,642.93,0.9,1157.27,花呗,已完成,美妆
O00002094,C000402,P000002,2023-12-12,4,3943.44,0.0,0.0,银行卡,退货中,电子产品
O00002095,C000368,P000001,2024-05-14,3,1948.13,0.0,0.0,支付宝,已发货,电子产品
O00002096,C000089,P000031,2023-12-17,2,96.51,0.0,0.0,银行卡,已发货,食品
O00002097,C000296,P000015,2023-01-27,1,211.1,0.0,0.0,微信支付,退货中,服装
O00002098,C000032,P000019,2023-04-24,5,982.38,0.9,4420.71,微信支付,已完成,家居
O00002099,C000181,P000039,2023-11-11,3,503.15,0.0,0.0,支付宝,已完成,美妆
O00002100,C000421,P000032,2024-05-31,4,22.76,0.85,77.38,花呗,已完成,食品
O00002101,C000490,P000004,2024-11-27,1,4506.63,0.0,0.0,银行卡,已完成,电子产品
O00002102,C000344,P000017,2023-06-05,2,610.78,0.0,0.0,支付宝,已完成,家居
O00002103,C000211,P000028,2024-01-07,3,28.74,0.9,77.6,花呗,已完成,食品
O00002104,C000339,P000019,2023-06-12,1,982.38,0.0,0.0,花呗,已完成,家居
O00002105,C000038,P000019,2023-06-05,1,982.38,0.7,687.67,信用卡,已完成,家居
O00002106,C000289,P000038,2023-10-13,3,117.96,0.7,247.72,信用卡,已完成,美妆
O00002107,C000271,P000015,2024-06-18,1,211.1,0.8,168.88,信用卡,退货中,服装
O00002108,C000171,P000026,2023-11-04,1,183.74,0.0,0.0,花呗,已完成,食品
O00002109,C000398,P000006,2023-08-02,2,4189.79,0.9,7541.62,支付宝,已取消,电子产品
O00002110,C000494,P000023,2024-02-25,1,2547.93,0.0,0.0,微信支付,已完成,家居
O00002111,C000241,P000015,2023-09-06,3,211.1,0.0,0.0,信用卡,已完成,服装
O00002112,C000409,P000015,2023-07-18,1,211.1,0.0,0.0,微信支付,已完成,服装
O00002113,C000336,P000018,2023-10-10,4,2590.73,0.0,0.0,花呗,已完成,家居
O00002114,C000066,P000009,2023-06-05,4,516.07,0.0,0.0,银行卡,已完成,服装
O00002115,C000213,P000027,2023-01-12,3,196.89,0.0,0.0,花呗,已完成,食品
O00002116,C000393,P000014,2024-10-05,1,443.12,0.0,0.0,信用卡,已完成,服装
O00002117,C000380,P000011,2023-05-08,1,652.21,0.9,586.99,微信支付,已完成,服装
O00002118,C000404,P000012,2023-12-16,1,773.28,0.8,618.62,支付宝,待发货,服装
O00002119,C000370,P000007,2023-09-19,1,3648.4,0.0,0.0,花呗,已完成,电子产品
O00002120,C000243,P000016,2024-12-27,1,312.16,0.85,265.34,银行卡,已完成,服装
O00002121,C000064,P000004,2023-04-16,1,4506.63,0.9,4055.97,花呗,已完成,电子产品
O00002122,C000292,P000001,2023-09-05,3,1948.13,0.9,5259.95,信用卡,待发货,电子产品
O00002123,C000073,P000037,2024-10-15,1,232.01,0.85,197.21,银行卡,已完成,美妆
O00002124,C000089,P000033,2024-10-17,4,787.6,0.0,0.0,银行卡,已完成,美妆
O00002125,C000393,P000040,2023-03-27,5,138.85,0.9,624.83,信用卡,已完成,美妆
O00002126,C000171,P000011,2024-05-21,1,652.21,0.0,0.0,银行卡,已完成,服装
O00002127,C000448,P000018,2024-12-26,1,2590.73,0.9,2331.66,花呗,已完成,家居
O00002128,C000375,P000033,2024-06-15,1,787.6,0.9,708.84,支付宝,待发货,美妆
O00002129,C000338,P000012,2024-08-27,2,773.28,0.9,1391.9,支付宝,已发货,服装
O00002130,C000483,P000012,2023-05-01,2,773.28,0.0,0.0,花呗,退货中,服装
O00002131,C000361,P000016,2024-09-10,2,312.16,0.0,0.0,支付宝,已完成,服装
O00002132,C000059,P000032,2024-03-26,1,22.76,0.0,0.0,花呗,待发货,食品
O00002133,C000106,P000012,2024-02-13,1,773.28,0.9,695.95,信用卡,已发货,服装
O00002134,C000402,P000020,2023-01-27,2,2094.02,0.0,0.0,银行卡,已完成,家居
O00002135,C000215,P000014,2024-02-27,1,443.12,0.9,398.81,银行卡,已发货,服装
O00002136,C000435,P000014,2024-11-30,1,443.12,0.7,310.18,微信支付,已完成,服装
O00002137,C000145,P000016,2023-02-18,1,312.16,0.9,280.94,银行卡,已完成,服装
O00002138,C000390,P000032,2023-06-14,3,22.76,0.85,58.04,花呗,已完成,食品
O00002139,C000035,P000009,2024-02-15,2,516.07,0.85,877.32,微信支付,已发货,服装
O00002140,C000253,P000005,2023-04-02,3,806.54,0.9,2177.66,微信支付,已完成,电子产品
O00002141,C000107,P000001,2023-11-10,1,1948.13,0.9,1753.32,信用卡,已完成,电子产品
O00002142,C000343,P000038,2024-05-24,1,117.96,0.85,100.27,微信支付,已完成,美妆
O00002143,C000194,P000028,2024-12-25,1,28.74,0.0,0.0,信用卡,已完成,食品
O00002144,C000082,P000002,2023-06-13,3,3943.44,0.0,0.0,支付宝,退货中,电子产品
O00002145,C000306,P000014,2023-11-14,1,443.12,0.9,398.81,花呗,已取消,服装
O00002146,C000056,P000016,2024-07-27,1,312.16,0.0,0.0,支付宝,已完成,服装
O00002147,C000379,P000002,2023-04-03,1,3943.44,0.8,3154.75,信用卡,已发货,电子产品
O00002148,C000497,P000022,2023-05-30,3,2860.42,0.0,0.0,信用卡,已发货,家居
O00002149,C000484,P000002,2024-01-30,1,3943.44,0.7,2760.41,银行卡,已完成,电子产品
O00002150,C000486,P000039,2023-03-26,2,503.15,0.0,0.0,支付宝,已完成,美妆
O00002151,C000349,P000009,2023-06-08,1,516.07,0.0,0.0,信用卡,已完成,服装
O00002152,C000332,P000022,2024-12-12,1,2860.42,0.0,0.0,微信支付,退货中,家居
O00002153,C000259,P000005,2023-08-10,1,806.54,0.0,0.0,支付宝,已完成,电子产品
O00002154,C000216,P000026,2024-05-09,3,183.74,0.0,0.0,花呗,已发货,食品
O00002155,C000079,P000026,2023-07-16,5,183.74,0.85,780.9,花呗,已完成,食品
O00002156,C000233,P000019,2024-08-12,1,982.38,0.7,687.67,银行卡,待发货,家居
O00002157,C000144,P000005,2024-01-08,2,806.54,0.0,0.0,银行卡,已发货,电子产品
O00002158,C000141,P000004,2023-08-29,1,4506.63,0.0,0.0,微信支付,已完成,电子产品
O00002159,C000011,P000007,2024-12-20,1,3648.4,0.0,0.0,微信支付,已完成,电子产品
O00002160,C000155,P000032,2024-06-03,1,22.76,0.0,0.0,支付宝,已发货,食品
O00002161,C000034,P000009,2024-09-10,3,516.07,0.0,0.0,花呗,已完成,服装
O00002162,C000097,P000005,2023-08-18,3,806.54,0.0,0.0,支付宝,已完成,电子产品
O00002163,C000472,P000015,2024-03-24,1,211.1,0.0,0.0,微信支付,已完成,服装
O00002164,C000014,P000015,2024-04-04,1,211.1,0.0,0.0,银行卡,已完成,服装
O00002165,C000296,P000037,2024-12-24,1,232.01,0.9,208.81,支付宝,已完成,美妆
O00002166,C000137,P000031,2023-10-10,4,96.51,0.8,308.83,支付宝,已完成,食品
O00002167,C000452,P000007,2024-05-17,2,3648.4,0.85,6202.28,微信支付,已完成,电子产品
O00002168,C000270,P000017,2023-08-09,5,610.78,0.0,0.0,银行卡,已完成,家居
O00002169,C000413,P000002,2024-08-06,1,3943.44,0.0,0.0,信用卡,已发货,电子产品
O00002170,C000265,P000032,2024-07-06,1,22.76,0.0,0.0,支付宝,退货中,食品
O00002171,C000160,P000015,2023-02-24,5,211.1,0.0,0.0,支付宝,已发货,服装
O00002172,C000058,P000024,2023-03-14,3,2154.25,0.0,0.0,微信支付,已完成,家居
O00002173,C000089,P000025,2023-09-12,2,175.23,0.85,297.89,微信支付,退货中,食品
O00002174,C000160,P000018,2023-01-31,3,2590.73,0.0,0.0,支付宝,已完成,家居
O00002175,C000355,P000028,2023-04-07,1,28.74,0.0,0.0,信用卡,已取消,食品
O00002176,C000084,P000006,2024-01-26,3,4189.79,0.0,0.0,银行卡,已完成,电子产品
O00002177,C000303,P000011,2023-11-15,1,652.21,0.9,586.99,银行卡,已完成,服装
O00002178,C000171,P000011,2023-07-08,1,652.21,0.0,0.0,银行卡,已完成,服装
O00002179,C000276,P000033,2024-10-10,5,787.6,0.0,0.0,支付宝,已完成,美妆
O00002180,C000440,P000020,2023-01-21,2,2094.02,0.0,0.0,花呗,待发货,家居
O00002181,C000120,P000026,2024-01-18,1,183.74,0.0,0.0,花呗,已完成,食品
O00002182,C000384,P000035,2023-12-01,1,181.94,0.0,0.0,花呗,已完成,美妆
O00002183,C000079,P000011,2023-03-13,2,652.21,0.0,0.0,花呗,退货中,服装
O00002184,C000276,P000031,2024-07-02,1,96.51,0.0,0.0,微信支付,已完成,食品
O00002185,C000309,P000019,2024-08-10,2,982.38,0.0,0.0,微信支付,已完成,家居
O00002186,C000162,P000001,2024-03-31,2,1948.13,0.0,0.0,花呗,已完成,电子产品
O00002187,C000294,P000030,2023-05-04,3,66.13,0.0,0.0,银行卡,已发货,食品
O00002188,C000196,P000017,2024-11-30,1,610.78,0.0,0.0,支付宝,已完成,家居
O00002189,C000003,P000010,2024-09-09,1,783.56,0.9,705.2,银行卡,已完成,服装
O00002190,C000385,P000006,2024-11-05,4,4189.79,0.0,0.0,信用卡,已完成,电子产品
O00002191,C000058,P000006,2024-11-15,4,4189.79,0.0,0.0,银行卡,已完成,电子产品
O00002192,C000240,P000012,2024-05-17,1,773.28,0.0,0.0,银行卡,已完成,服装
O00002193,C000393,P000005,2024-05-06,1,806.54,0.8,645.23,花呗,已发货,电子产品
O00002194,C000211,P000003,2024-06-16,1,4516.24,0.9,4064.62,花呗,已完成,电子产品
O00002195,C000456,P000009,2024-12-20,2,516.07,0.0,0.0,花呗,已完成,服装
O00002196,C000496,P000015,2023-10-17,2,211.1,0.0,0.0,微信支付,已完成,服装
O00002197,C000190,P000039,2024-10-03,1,503.15,0.0,0.0,支付宝,已完成,美妆
O00002198,C000025,P000031,2024-05-18,1,96.51,0.0,0.0,花呗,已完成,食品
O00002199,C000190,P000033,2024-05-24,1,787.6,0.85,669.46,支付宝,退货中,美妆
O00002200,C000241,P000037,2023-02-12,2,232.01,0.0,0.0,花呗,已完成,美妆
O00002201,C000400,P000040,2024-08-07,2,138.85,0.9,249.93,支付宝,已完成,美妆
O00002202,C000062,P000030,2023-02-18,2,66.13,0.0,0.0,银行卡,退货中,食品
O00002203,C000171,P000035,2023-02-23,4,181.94,0.9,654.98,信用卡,已发货,美妆
O00002204,C000255,P000002,2024-06-20,2,3943.44,0.0,0.0,支付宝,已发货,电子产品
O00002205,C000407,P000039,2023-04-12,4,503.15,0.0,0.0,微信支付,已完成,美妆
O00002206,C000271,P000001,2023-03-16,2,1948.13,0.0,0.0,花呗,已发货,电子产品
O00002207,C000180,P000014,2023-01-16,2,443.12,0.0,0.0,支付宝,已完成,服装
O00002208,C000308,P000018,2023-01-05,4,2590.73,0.9,9326.63,银行卡,已取消,家居
O00002209,C000183,P000028,2024-02-04,5,28.74,0.0,0.0,信用卡,已发货,食品
O00002210,C000318,P000012,2023-05-26,1,773.28,0.9,695.95,银行卡,已完成,服装
O00002211,C000031,P000027,2024-03-08,3,196.89,0.9,531.6,银行卡,已完成,食品
O00002212,C000422,P000011,2024-10-31,1,652.21,0.0,0.0,支付宝,已发货,服装
O00002213,C000375,P000024,2024-02-28,1,2154.25,0.85,1831.11,微信支付,已完成,家居
O00002214,C000446,P000029,2024-05-14,3,84.32,0.0,0.0,信用卡,已完成,食品
O00002215,C000218,P000004,2024-04-04,1,4506.63,0.9,4055.97,支付宝,已完成,电子产品
O00002216,C000483,P000025,2023-04-29,2,175.23,0.85,297.89,支付宝,已完成,食品
O00002217,C000379,P000013,2023-12-02,1,74.95,0.9,67.46,信用卡,已完成,服装
O00002218,C000088,P000033,2023-10-21,1,787.6,0.0,0.0,支付宝,已完成,美妆
O00002219,C000304,P000019,2024-02-09,3,982.38,0.8,2357.71,支付宝,已发货,家居
O00002220,C000182,P000016,2024-05-24,2,312.16,0.0,0.0,支付宝,已完成,服装
O00002221,C000039,P000024,2023-04-22,1,2154.25,0.0,0.0,信用卡,已完成,家居
O00002222,C000477,P000016,2024-12-11,1,312.16,0.0,0.0,花呗,已发货,服装
O00002223,C000444,P000025,2023-05-27,1,175.23,0.85,148.95,花呗,已完成,食品
O00002224,C000101,P000006,2023-07-13,3,4189.79,0.9,11312.43,支付宝,已发货,电子产品
O00002225,C000441,P000028,2023-06-06,2,28.74,0.7,40.24,微信支付,已完成,食品
O00002226,C000224,P000025,2023-07-25,1,175.23,0.0,0.0,信用卡,已取消,食品
O00002227,C000102,P000004,2023-10-26,1,4506.63,0.0,0.0,微信支付,已完成,电子产品
O00002228,C000494,P000036,2024-03-25,1,642.93,0.0,0.0,微信支付,已完成,美妆
O00002229,C000448,P000040,2023-10-22,2,138.85,0.0,0.0,银行卡,已完成,美妆
O00002230,C000469,P000039,2024-12-02,1,503.15,0.0,0.0,支付宝,已完成,美妆
O00002231,C000014,P000018,2023-06-23,2,2590.73,0.0,0.0,支付宝,已发货,家居
O00002232,C000154,P000029,2023-04-17,1,84.32,0.0,0.0,支付宝,已完成,食品
O00002233,C000442,P000016,2024-02-01,2,312.16,0.0,0.0,微信支付,已发货,服装
O00002234,C000362,P000006,2023-02-06,3,4189.79,0.0,0.0,信用卡,已完成,电子产品
O00002235,C000147,P000023,2024-10-22,4,2547.93,0.9,9172.55,信用卡,已完成,家居
O00002236,C000438,P000036,2023-09-01,1,642.93,0.9,578.64,银行卡,已完成,美妆
O00002237,C000405,P000012,2024-10-13,5,773.28,0.8,3093.12,微信支付,已完成,服装
O00002238,C000120,P000014,2024-01-04,1,443.12,0.0,0.0,微信支付,已完成,服装
O00002239,C000233,P000024,2024-02-02,4,2154.25,0.8,6893.6,银行卡,退货中,家居
O00002240,C000125,P000014,2024-03-18,2,443.12,0.0,0.0,信用卡,已发货,服装
O00002241,C000109,P000030,2024-07-08,1,66.13,0.7,46.29,微信支付,待发货,食品
O00002242,C000144,P000040,2023-12-28,3,138.85,0.0,0.0,信用卡,已完成,美妆
O00002243,C000156,P000007,2024-04-08,1,3648.4,0.0,0.0,银行卡,已完成,电子产品
O00002244,C000129,P000008,2024-11-12,1,3065.33,0.9,2758.8,微信支付,已完成,电子产品
O00002245,C000219,P000018,2024-12-30,1,2590.73,0.0,0.0,花呗,已完成,家居
O00002246,C000468,P000003,2024-04-19,1,4516.24,0.85,3838.8,信用卡,已完成,电子产品
O00002247,C000228,P000029,2023-11-11,1,84.32,0.0,0.0,支付宝,已完成,食品
O00002248,C000032,P000034,2024-04-08,2,644.27,0.85,1095.26,花呗,已完成,美妆
O00002249,C000443,P000035,2023-07-24,1,181.94,0.0,0.0,微信支付,已完成,美妆
O00002250,C000035,P000019,2024-06-13,2,982.38,0.8,1571.81,支付宝,已完成,家居
O00002251,C000246,P000003,2024-01-31,2,4516.24,0.0,0.0,花呗,已完成,电子产品
O00002252,C000416,P000002,2024-10-18,3,3943.44,0.85,10055.77,微信支付,已完成,电子产品
O00002253,C000178,P000019,2023-11-21,1,982.38,0.8,785.9,微信支付,已完成,家居
O00002254,C000240,P000033,2024-05-13,3,787.6,0.8,1890.24,花呗,已完成,美妆
O00002255,C000040,P000017,2024-10-05,2,610.78,0.9,1099.4,支付宝,待发货,家居
O00002256,C000309,P000008,2023-01-09,1,3065.33,0.8,2452.26,银行卡,已取消,电子产品
O00002257,C000464,P000040,2023-11-17,3,138.85,0.0,0.0,微信支付,已取消,美妆
O00002258,C000376,P000021,2023-11-11,4,1114.1,0.0,0.0,银行卡,已发货,家居
O00002259,C000367,P000003,2024-04-02,2,4516.24,0.9,8129.23,银行卡,已完成,电子产品
O00002260,C000031,P000037,2024-07-29,1,232.01,0.8,185.61,微信支付,已完成,美妆
O00002261,C000241,P000034,2024-06-29,1,644.27,0.0,0.0,花呗,已取消,美妆
O00002262,C000029,P000029,2024-04-25,2,84.32,0.0,0.0,微信支付,已完成,食品
O00002263,C000058,P000026,2024-11-10,5,183.74,0.8,734.96,支付宝,已取消,食品
O00002264,C000154,P000001,2023-05-19,3,1948.13,0.0,0.0,信用卡,待发货,电子产品
O00002265,C000198,P000025,2023-01-21,1,175.23,0.7,122.66,银行卡,已完成,食品
O00002266,C000217,P000001,2024-08-21,4,1948.13,0.0,0.0,支付宝,已完成,电子产品
O00002267,C000319,P000033,2024-11-18,5,787.6,0.8,3150.4,支付宝,已完成,美妆
O00002268,C000304,P000003,2023-03-12,3,4516.24,0.9,12193.85,信用卡,已完成,电子产品
O00002269,C000051,P000025,2023-04-24,4,175.23,0.85,595.78,微信支付,退货中,食品
O00002270,C000362,P000039,2023-11-25,4,503.15,0.85,1710.71,支付宝,已完成,美妆
O00002271,C000097,P000020,2024-05-21,1,2094.02,0.8,1675.22,信用卡,已完成,家居
O00002272,C000068,P000035,2024-01-09,5,181.94,0.0,0.0,银行卡,待发货,美妆
O00002273,C000144,P000001,2023-01-25,5,1948.13,0.8,7792.52,支付宝,已完成,电子产品
O00002274,C000113,P000010,2024-12-18,2,783.56,0.0,0.0,信用卡,已完成,服装
O00002275,C000143,P000008,2023-10-07,1,3065.33,0.85,2605.53,信用卡,已发货,电子产品
O00002276,C000256,P000027,2023-12-07,2,196.89,0.0,0.0,花呗,已完成,食品
O00002277,C000422,P000015,2024-08-10,1,211.1,0.0,0.0,信用卡,已完成,服装
O00002278,C000411,P000005,2023-02-06,1,806.54,0.0,0.0,信用卡,已完成,电子产品
O00002279,C000243,P000006,2024-06-08,1,4189.79,0.85,3561.32,信用卡,待发货,电子产品
O00002280,C000333,P000004,2023-05-16,2,4506.63,0.9,8111.93,花呗,已取消,电子产品
O00002281,C000296,P000035,2023-10-16,1,181.94,0.8,145.55,支付宝,已完成,美妆
O00002282,C000355,P000009,2023-11-23,3,516.07,0.8,1238.57,支付宝,待发货,服装
O00002283,C000254,P000019,2023-04-20,3,982.38,0.0,0.0,支付宝,已完成,家居
O00002284,C000100,P000024,2023-08-31,1,2154.25,0.8,1723.4,支付宝,已发货,家居
O00002285,C000059,P000006,2023-12-16,2,4189.79,0.9,7541.62,微信支付,待发货,电子产品
O00002286,C000488,P000030,2024-04-16,2,66.13,0.0,0.0,支付宝,已完成,食品
O00002287,C000343,P000016,2023-02-27,2,312.16,0.0,0.0,支付宝,已发货,服装
O00002288,C000128,P000027,2023-04-04,1,196.89,0.85,167.36,微信支付,已完成,食品
O00002289,C000419,P000015,2023-03-23,1,211.1,0.9,189.99,微信支付,已完成,服装
O00002290,C000027,P000036,2023-07-22,1,642.93,0.0,0.0,微信支付,已发货,美妆
O00002291,C000056,P000002,2024-11-23,1,3943.44,0.8,3154.75,信用卡,已完成,电子产品
O00002292,C000283,P000032,2023-01-07,1,22.76,0.7,15.93,银行卡,已完成,食品
O00002293,C000111,P000005,2024-07-09,1,806.54,0.0,0.0,支付宝,已完成,电子产品
O00002294,C000327,P000008,2023-03-19,2,3065.33,0.85,5211.06,微信支付,已完成,电子产品
O00002295,C000308,P000029,2024-10-12,1,84.32,0.0,0.0,信用卡,已发货,食品
O00002296,C000076,P000007,2023-10-20,2,3648.4,0.0,0.0,银行卡,已完成,电子产品
O00002297,C000320,P000016,2024-06-27,2,312.16,0.8,499.46,银行卡,已完成,服装
O00002298,C000133,P000032,2023-06-15,1,22.76,0.0,0.0,银行卡,已完成,食品
O00002299,C000362,P000036,2023-03-03,4,642.93,0.85,2185.96,支付宝,已完成,美妆
O00002300,C000127,P000006,2024-04-01,2,4189.79,0.9,7541.62,支付宝,已完成,电子产品
O00002301,C000293,P000022,2024-01-06,1,2860.42,0.9,2574.38,支付宝,已完成,家居
O00002302,C000087,P000028,2023-11-23,2,28.74,0.9,51.73,信用卡,已完成,食品
O00002303,C000156,P000038,2023-11-04,1,117.96,0.0,0.0,微信支付,已发货,美妆
O00002304,C000094,P000029,2023-06-24,1,84.32,0.0,0.0,信用卡,已完成,食品
O00002305,C000049,P000035,2023-11-29,3,181.94,0.85,463.95,信用卡,已取消,美妆
O00002306,C000397,P000016,2024-04-20,1,312.16,0.0,0.0,信用卡,已完成,服装
O00002307,C000275,P000011,2023-01-26,1,652.21,0.85,554.38,信用卡,待发货,服装
O00002308,C000212,P000035,2024-10-09,5,181.94,0.0,0.0,信用卡,已完成,美妆
O00002309,C000343,P000028,2024-11-08,3,28.74,0.0,0.0,微信支付,已取消,食品
O00002310,C000084,P000021,2023-01-17,1,1114.1,0.0,0.0,银行卡,已完成,家居
O00002311,C000115,P000015,2024-05-24,1,211.1,0.0,0.0,花呗,已完成,服装
O00002312,C000434,P000038,2023-07-14,1,117.96,0.9,106.16,信用卡,已完成,美妆
O00002313,C000135,P000033,2023-06-13,1,787.6,0.9,708.84,银行卡,已完成,美妆
O00002314,C000340,P000026,2023-03-10,4,183.74,0.9,661.46,花呗,退货中,食品
O00002315,C000028,P000028,2023-08-29,1,28.74,0.0,0.0,微信支付,已完成,食品
O00002316,C000440,P000033,2023-01-14,1,787.6,0.9,708.84,银行卡,退货中,美妆
O00002317,C000071,P000031,2024-12-01,2,96.51,0.9,173.72,花呗,已完成,食品
O00002318,C000322,P000013,2023-10-16,1,74.95,0.0,0.0,微信支付,已完成,服装
O00002319,C000065,P000010,2024-04-29,1,783.56,0.0,0.0,信用卡,已完成,服装
O00002320,C000184,P000014,2023-12-01,1,443.12,0.8,354.5,银行卡,已完成,服装
O00002321,C000031,P000008,2024-05-02,2,3065.33,0.0,0.0,花呗,已发货,电子产品
O00002322,C000231,P000033,2024-12-16,3,787.6,0.0,0.0,银行卡,已完成,美妆
O00002323,C000342,P000002,2024-08-09,3,3943.44,0.0,0.0,花呗,退货中,电子产品
O00002324,C000322,P000036,2023-09-13,2,642.93,0.0,0.0,支付宝,已完成,美妆
O00002325,C000234,P000003,2023-04-08,1,4516.24,0.0,0.0,银行卡,已完成,电子产品
O00002326,C000089,P000012,2024-05-17,1,773.28,0.8,618.62,银行卡,已完成,服装
O00002327,C000217,P000020,2024-02-03,1,2094.02,0.85,1779.92,银行卡,已发货,家居
O00002328,C000057,P000036,2024-01-08,2,642.93,0.0,0.0,微信支付,已发货,美妆
O00002329,C000269,P000009,2023-01-04,1,516.07,0.85,438.66,信用卡,已完成,服装
O00002330,C000063,P000032,2023-10-07,2,22.76,0.0,0.0,银行卡,退货中,食品
O00002331,C000144,P000020,2024-07-03,2,2094.02,0.85,3559.83,微信支付,已完成,家居
O00002332,C000174,P000035,2024-09-03,4,181.94,0.0,0.0,支付宝,已完成,美妆
O00002333,C000306,P000015,2023-07-19,2,211.1,0.0,0.0,微信支付,已完成,服装
O00002334,C000206,P000007,2024-03-09,3,3648.4,0.8,8756.16,银行卡,已发货,电子产品
O00002335,C000082,P000037,2023-05-28,1,232.01,0.0,0.0,信用卡,已完成,美妆
O00002336,C000231,P000005,2024-04-21,1,806.54,0.7,564.58,信用卡,已发货,电子产品
O00002337,C000293,P000021,2024-07-22,2,1114.1,0.0,0.0,银行卡,已完成,家居
O00002338,C000306,P000035,2023-10-08,1,181.94,0.0,0.0,花呗,已完成,美妆
O00002339,C000298,P000032,2023-06-16,1,22.76,0.0,0.0,支付宝,已完成,食品
O00002340,C000109,P000005,2023-12-01,1,806.54,0.0,0.0,银行卡,已完成,电子产品
O00002341,C000461,P000006,2024-01-20,3,4189.79,0.9,11312.43,银行卡,已完成,电子产品
O00002342,C000398,P000026,2023-12-01,1,183.74,0.85,156.18,银行卡,已完成,食品
O00002343,C000291,P000036,2024-08-05,1,642.93,0.0,0.0,微信支付,已完成,美妆
O00002344,C000472,P000025,2023-03-11,1,175.23,0.0,0.0,微信支付,已完成,食品
O00002345,C000159,P000012,2023-08-29,4,773.28,0.0,0.0,银行卡,已完成,服装
O00002346,C000200,P000026,2024-02-27,1,183.74,0.0,0.0,信用卡,已完成,食品
O00002347,C000205,P000026,2024-06-21,2,183.74,0.85,312.36,微信支付,已完成,食品
O00002348,C000447,P000021,2023-04-02,2,1114.1,0.0,0.0,支付宝,已发货,家居
O00002349,C000413,P000020,2023-09-25,3,2094.02,0.0,0.0,花呗,已完成,家居
O00002350,C000285,P000002,2024-10-20,1,3943.44,0.0,0.0,支付宝,已发货,电子产品
O00002351,C000219,P000031,2023-08-27,1,96.51,0.7,67.56,微信支付,已取消,食品
O00002352,C000062,P000005,2023-11-27,2,806.54,0.9,1451.77,信用卡,已完成,电子产品
O00002353,C000340,P000040,2023-10-24,1,138.85,0.9,124.96,信用卡,已完成,美妆
O00002354,C000030,P000026,2023-02-11,2,183.74,0.0,0.0,微信支付,已完成,食品
O00002355,C000292,P000006,2023-01-08,2,4189.79,0.0,0.0,银行卡,已完成,电子产品
O00002356,C000001,P000035,2023-06-18,2,181.94,0.0,0.0,支付宝,已完成,美妆
O00002357,C000398,P000025,2024-09-29,4,175.23,0.0,0.0,花呗,已完成,食品
O00002358,C000497,P000021,2023-07-26,1,1114.1,0.0,0.0,微信支付,已发货,家居
O00002359,C000431,P000035,2023-09-24,1,181.94,0.9,163.75,信用卡,已完成,美妆
O00002360,C000141,P000036,2024-09-09,1,642.93,0.9,578.64,信用卡,退货中,美妆
O00002361,C000407,P000031,2023-04-26,1,96.51,0.85,82.03,微信支付,已完成,食品
O00002362,C000157,P000010,2024-08-06,1,783.56,0.0,0.0,微信支付,已发货,服装
O00002363,C000384,P000006,2023-11-07,3,4189.79,0.0,0.0,微信支付,已完成,电子产品
O00002364,C000025,P000025,2023-09-16,2,175.23,0.0,0.0,支付宝,已完成,食品
O00002365,C000418,P000024,2023-07-05,1,2154.25,0.0,0.0,信用卡,待发货,家居
O00002366,C000454,P000037,2024-04-13,2,232.01,0.9,417.62,微信支付,退货中,美妆
O00002367,C000245,P000004,2024-05-06,4,4506.63,0.0,0.0,微信支付,已完成,电子产品
O00002368,C000404,P000024,2023-04-20,1,2154.25,0.8,1723.4,花呗,待发货,家居
O00002369,C000071,P000010,2023-01-12,1,783.56,0.8,626.85,银行卡,已取消,服装
O00002370,C000060,P000020,2024-08-04,1,2094.02,0.0,0.0,银行卡,退货中,家居
O00002371,C000078,P000020,2023-07-15,1,2094.02,0.9,1884.62,银行卡,退货中,家居
O00002372,C000378,P000012,2024-03-03,1,773.28,0.0,0.0,支付宝,已完成,服装
O00002373,C000455,P000015,2023-11-06,3,211.1,0.0,0.0,微信支付,已完成,服装
O00002374,C000478,P000025,2024-10-13,1,175.23,0.9,157.71,支付宝,已发货,食品
O00002375,C000427,P000001,2024-05-02,3,1948.13,0.0,0.0,微信支付,已完成,电子产品
O00002376,C000339,P000024,2024-08-16,1,2154.25,0.0,0.0,支付宝,已完成,家居
O00002377,C000404,P000026,2024-05-06,2,183.74,0.9,330.73,微信支付,已完成,食品
O00002378,C000106,P000039,2024-11-25,1,503.15,0.0,0.0,信用卡,已完成,美妆
O00002379,C000257,P000006,2024-02-27,3,4189.79,0.0,0.0,支付宝,已完成,电子产品
O00002380,C000486,P000009,2023-10-15,2,516.07,0.9,928.93,微信支付,已发货,服装
O00002381,C000168,P000012,2023-01-25,3,773.28,0.7,1623.89,微信支付,已完成,服装
O00002382,C000254,P000005,2024-04-03,1,806.54,0.7,564.58,支付宝,已发货,电子产品
O00002383,C000054,P000031,2024-03-21,3,96.51,0.9,260.58,微信支付,已完成,食品
O00002384,C000432,P000025,2023-02-18,2,175.23,0.0,0.0,银行卡,已完成,食品
O00002385,C000347,P000024,2024-04-28,1,2154.25,0.0,0.0,银行卡,已完成,家居
O00002386,C000102,P000030,2024-07-07,2,66.13,0.9,119.03,银行卡,已完成,食品
O00002387,C000046,P000038,2024-08-17,1,117.96,0.0,0.0,银行卡,已完成,美妆
O00002388,C000024,P000008,2023-06-01,3,3065.33,0.85,7816.59,信用卡,已发货,电子产品
O00002389,C000119,P000009,2024-02-22,2,516.07,0.0,0.0,花呗,已完成,服装
O00002390,C000365,P000008,2023-05-21,1,3065.33,0.0,0.0,信用卡,已完成,电子产品
O00002391,C000038,P000017,2024-07-06,1,610.78,0.0,0.0,支付宝,待发货,家居
O00002392,C000291,P000031,2024-10-02,1,96.51,0.0,0.0,微信支付,已完成,食品
O00002393,C000264,P000002,2024-08-10,3,3943.44,0.85,10055.77,微信支付,已完成,电子产品
O00002394,C000089,P000004,2024-02-10,3,4506.63,0.0,0.0,支付宝,已完成,电子产品
O00002395,C000355,P000039,2024-07-11,5,503.15,0.0,0.0,支付宝,已完成,美妆
O00002396,C000218,P000028,2024-07-17,1,28.74,0.0,0.0,微信支付,已完成,食品
O00002397,C000439,P000021,2023-12-09,2,1114.1,0.0,0.0,银行卡,已完成,家居
O00002398,C000049,P000007,2024-02-09,2,3648.4,0.85,6202.28,微信支付,已完成,电子产品
O00002399,C000347,P000022,2024-02-22,2,2860.42,0.7,4004.59,微信支付,已完成,家居
O00002400,C000375,P000006,2024-04-09,2,4189.79,0.9,7541.62,微信支付,已完成,电子产品
O00002401,C000339,P000009,2024-05-31,2,516.07,0.0,0.0,支付宝,已发货,服装
O00002402,C000162,P000034,2023-11-10,2,644.27,0.0,0.0,微信支付,已完成,美妆
O00002403,C000381,P000039,2023-04-09,2,503.15,0.0,0.0,支付宝,退货中,美妆
O00002404,C000075,P000037,2023-05-04,1,232.01,0.85,197.21,支付宝,已完成,美妆
O00002405,C000391,P000021,2024-04-08,1,1114.1,0.0,0.0,银行卡,退货中,家居
O00002406,C000339,P000021,2023-01-11,2,1114.1,0.0,0.0,信用卡,已完成,家居
O00002407,C000282,P000030,2023-11-08,1,66.13,0.0,0.0,信用卡,已完成,食品
O00002408,C000020,P000035,2024-08-30,2,181.94,0.0,0.0,支付宝,已完成,美妆
O00002409,C000063,P000032,2023-12-26,1,22.76,0.9,20.48,信用卡,已完成,食品
O00002410,C000488,P000001,2023-04-11,3,1948.13,0.0,0.0,银行卡,已完成,电子产品
O00002411,C000073,P000024,2024-12-02,4,2154.25,0.0,0.0,支付宝,已完成,家居
O00002412,C000494,P000018,2023-03-30,4,2590.73,0.0,0.0,支付宝,已完成,家居
O00002413,C000291,P000004,2024-10-08,1,4506.63,0.0,0.0,银行卡,已取消,电子产品
O00002414,C000091,P000023,2024-04-25,1,2547.93,0.0,0.0,信用卡,已完成,家居
O00002415,C000476,P000005,2024-02-25,1,806.54,0.9,725.89,花呗,已完成,电子产品
O00002416,C000154,P000002,2023-01-29,3,3943.44,0.0,0.0,花呗,已取消,电子产品
O00002417,C000485,P000005,2023-10-09,1,806.54,0.0,0.0,花呗,已完成,电子产品
O00002418,C000147,P000025,2023-02-19,2,175.23,0.0,0.0,花呗,已完成,食品
O00002419,C000004,P000022,2024-04-07,1,2860.42,0.0,0.0,银行卡,已完成,家居
O00002420,C000274,P000014,2024-03-12,2,443.12,0.0,0.0,支付宝,已完成,服装
O00002421,C000457,P000006,2024-05-12,1,4189.79,0.0,0.0,微信支付,已完成,电子产品
O00002422,C000472,P000012,2023-02-14,3,773.28,0.0,0.0,花呗,已完成,服装
O00002423,C000141,P000026,2023-08-23,3,183.74,0.85,468.54,支付宝,已发货,食品
O00002424,C000238,P000035,2023-05-23,1,181.94,0.7,127.36,花呗,已完成,美妆
O00002425,C000272,P000023,2024-03-24,2,2547.93,0.85,4331.48,信用卡,已完成,家居
O00002426,C000396,P000037,2024-06-21,1,232.01,0.0,0.0,花呗,待发货,美妆
O00002427,C000381,P000005,2024-04-30,1,806.54,0.0,0.0,信用卡,已完成,电子产品
O00002428,C000118,P000040,2023-03-31,1,138.85,0.8,111.08,银行卡,已完成,美妆
O00002429,C000044,P000018,2024-06-03,1,2590.73,0.8,2072.58,微信支付,已取消,家居
O00002430,C000246,P000001,2023-06-15,1,1948.13,0.0,0.0,微信支付,已完成,电子产品
O00002431,C000378,P000028,2024-07-13,1,28.74,0.0,0.0,支付宝,已完成,食品
O00002432,C000211,P000003,2024-11-03,5,4516.24,0.0,0.0,花呗,已完成,电子产品
O00002433,C000356,P000022,2023-07-27,1,2860.42,0.0,0.0,信用卡,已完成,家居
O00002434,C000407,P000024,2023-03-03,1,2154.25,0.0,0.0,花呗,已完成,家居
O00002435,C000215,P000032,2024-08-22,2,22.76,0.0,0.0,微信支付,已完成,食品
O00002436,C000473,P000031,2023-09-07,1,96.51,0.85,82.03,微信支付,待发货,食品
O00002437,C000455,P000009,2024-05-04,2,516.07,0.0,0.0,信用卡,已完成,服装
O00002438,C000333,P000015,2024-10-04,2,211.1,0.85,358.87,微信支付,已完成,服装
O00002439,C000444,P000001,2024-06-06,2,1948.13,0.85,3311.82,信用卡,已完成,电子产品
O00002440,C000058,P000006,2023-03-16,2,4189.79,0.0,0.0,信用卡,已完成,电子产品
O00002441,C000300,P000024,2024-01-06,3,2154.25,0.85,5493.34,信用卡,已取消,家居
O00002442,C000405,P000017,2024-03-18,1,610.78,0.0,0.0,信用卡,已完成,家居
O00002443,C000302,P000034,2024-11-18,1,644.27,0.0,0.0,信用卡,已发货,美妆
O00002444,C000460,P000032,2023-08-19,2,22.76,0.0,0.0,花呗,已发货,食品
O00002445,C000270,P000026,2024-06-05,4,183.74,0.9,661.46,微信支付,待发货,食品
O00002446,C000218,P000019,2024-06-17,1,982.38,0.85,835.02,信用卡,已完成,家居
O00002447,C000450,P000010,2024-03-03,2,783.56,0.0,0.0,微信支付,已完成,服装
O00002448,C000454,P000039,2023-02-10,3,503.15,0.0,0.0,信用卡,已完成,美妆
O00002449,C000197,P000022,2023-12-16,2,2860.42,0.0,0.0,银行卡,已完成,家居
O00002450,C000006,P000001,2024-04-26,4,1948.13,0.0,0.0,花呗,已完成,电子产品
O00002451,C000458,P000016,2024-11-29,2,312.16,0.9,561.89,花呗,已完成,服装
O00002452,C000237,P000011,2023-12-12,1,652.21,0.0,0.0,银行卡,已完成,服装
O00002453,C000431,P000013,2024-09-23,2,74.95,0.0,0.0,银行卡,已完成,服装
O00002454,C000269,P000029,2023-10-23,4,84.32,0.0,0.0,银行卡,已完成,食品
O00002455,C000396,P000029,2024-08-02,4,84.32,0.7,236.1,微信支付,已完成,食品
O00002456,C000169,P000013,2024-06-14,3,74.95,0.0,0.0,花呗,已完成,服装
O00002457,C000163,P000017,2024-11-05,1,610.78,0.9,549.7,微信支付,已完成,家居
O00002458,C000285,P000013,2024-12-05,3,74.95,0.9,202.37,银行卡,已完成,服装
O00002459,C000178,P000033,2024-07-20,2,787.6,0.85,1338.92,花呗,已完成,美妆
O00002460,C000322,P000036,2023-05-01,2,642.93,0.8,1028.69,微信支付,已发货,美妆
O00002461,C000366,P000033,2024-10-10,1,787.6,0.0,0.0,信用卡,已发货,美妆
O00002462,C000262,P000001,2024-02-06,1,1948.13,0.0,0.0,花呗,已完成,电子产品
O00002463,C000276,P000018,2023-12-16,1,2590.73,0.9,2331.66,银行卡,已完成,家居
O00002464,C000144,P000026,2024-01-21,1,183.74,0.7,128.62,支付宝,已发货,食品
O00002465,C000372,P000029,2023-09-18,1,84.32,0.0,0.0,花呗,已取消,食品
O00002466,C000351,P000026,2023-10-11,2,183.74,0.0,0.0,银行卡,已完成,食品
O00002467,C000445,P000004,2024-03-13,1,4506.63,0.0,0.0,支付宝,已完成,电子产品
O00002468,C000439,P000006,2024-02-01,1,4189.79,0.0,0.0,支付宝,已完成,电子产品
O00002469,C000437,P000011,2023-02-25,1,652.21,0.0,0.0,支付宝,已完成,服装
O00002470,C000223,P000028,2023-10-02,2,28.74,0.0,0.0,信用卡,已完成,食品
O00002471,C000368,P000030,2024-11-07,1,66.13,0.0,0.0,银行卡,已完成,食品
O00002472,C000483,P000036,2023-10-11,5,642.93,0.0,0.0,微信支付,已完成,美妆
O00002473,C000005,P000014,2024-08-07,2,443.12,0.8,708.99,银行卡,已发货,服装
O00002474,C000291,P000015,2023-06-05,3,211.1,0.0,0.0,微信支付,已完成,服装
O00002475,C000072,P000005,2024-01-28,1,806.54,0.9,725.89,微信支付,已完成,电子产品
O00002476,C000474,P000030,2024-09-20,1,66.13,0.0,0.0,信用卡,退货中,食品
O00002477,C000328,P000016,2023-09-10,1,312.16,0.0,0.0,信用卡,已发货,服装
O00002478,C000238,P000034,2023-06-27,2,644.27,0.0,0.0,支付宝,已取消,美妆
O00002479,C000293,P000028,2023-11-12,1,28.74,0.8,22.99,信用卡,已完成,食品
O00002480,C000169,P000012,2023-08-26,1,773.28,0.0,0.0,信用卡,已完成,服装
O00002481,C000164,P000015,2024-01-29,1,211.1,0.85,179.44,支付宝,待发货,服装
O00002482,C000158,P000021,2023-10-06,2,1114.1,0.9,2005.38,信用卡,已完成,家居
O00002483,C000217,P000015,2024-06-20,3,211.1,0.0,0.0,花呗,已完成,服装
O00002484,C000088,P000018,2024-03-28,2,2590.73,0.0,0.0,支付宝,已完成,家居
O00002485,C000357,P000018,2024-12-16,2,2590.73,0.0,0.0,信用卡,已完成,家居
O00002486,C000391,P000014,2023-11-18,1,443.12,0.0,0.0,银行卡,已完成,服装
O00002487,C000191,P000031,2024-01-24,3,96.51,0.0,0.0,支付宝,已完成,食品
O00002488,C000210,P000029,2024-07-30,2,84.32,0.9,151.78,信用卡,已完成,食品
O00002489,C000395,P000030,2023-01-23,2,66.13,0.0,0.0,信用卡,已完成,食品
O00002490,C000107,P000027,2024-03-22,1,196.89,0.8,157.51,支付宝,已发货,食品
O00002491,C000158,P000018,2023-12-23,1,2590.73,0.0,0.0,银行卡,已完成,家居
O00002492,C000064,P000031,2023-06-22,1,96.51,0.0,0.0,花呗,已完成,食品
O00002493,C000057,P000010,2023-07-20,2,783.56,0.7,1096.98,银行卡,已发货,服装
O00002494,C000332,P000032,2023-08-23,1,22.76,0.8,18.21,支付宝,已完成,食品
O00002495,C000484,P000002,2024-07-20,2,3943.44,0.0,0.0,银行卡,已完成,电子产品
O00002496,C000331,P000013,2023-10-28,1,74.95,0.0,0.0,微信支付,已完成,服装
O00002497,C000450,P000007,2023-11-16,1,3648.4,0.0,0.0,支付宝,已完成,电子产品
O00002498,C000370,P000024,2024-08-09,2,2154.25,0.85,3662.22,微信支付,已完成,家居
O00002499,C000068,P000019,2024-04-26,1,982.38,0.8,785.9,微信支付,已取消,家居
O00002500,C000467,P000010,2023-07-20,1,783.56,0.0,0.0,支付宝,已完成,服装
O00002501,C000437,P000020,2023-07-03,1,2094.02,0.85,1779.92,花呗,已完成,家居
O00002502,C000399,P000011,2023-07-03,3,652.21,0.8,1565.3,微信支付,已完成,服装
O00002503,C000404,P000035,2023-11-30,3,181.94,0.85,463.95,花呗,待发货,美妆
O00002504,C000393,P000040,2024-05-27,3,138.85,0.0,0.0,微信支付,已完成,美妆
O00002505,C000121,P000025,2024-04-25,1,175.23,0.0,0.0,花呗,已完成,食品
O00002506,C000159,P000032,2024-08-10,3,22.76,0.0,0.0,信用卡,已发货,食品
O00002507,C000285,P000036,2023-04-23,1,642.93,0.0,0.0,花呗,已发货,美妆
O00002508,C000333,P000010,2023-03-10,3,783.56,0.0,0.0,银行卡,退货中,服装
O00002509,C000384,P000005,2024-05-16,1,806.54,0.0,0.0,花呗,已完成,电子产品
O00002510,C000372,P000029,2024-06-21,2,84.32,0.9,151.78,花呗,已完成,食品
O00002511,C000101,P000011,2024-09-12,1,652.21,0.85,554.38,信用卡,已完成,服装
O00002512,C000217,P000039,2024-06-20,3,503.15,0.0,0.0,信用卡,已取消,美妆
O00002513,C000415,P000036,2023-02-07,1,642.93,0.0,0.0,银行卡,已完成,美妆
O00002514,C000411,P000040,2023-04-29,3,138.85,0.0,0.0,信用卡,已完成,美妆
O00002515,C000148,P000015,2023-01-25,1,211.1,0.0,0.0,支付宝,已完成,服装
O00002516,C000195,P000008,2024-10-15,1,3065.33,0.0,0.0,花呗,已发货,电子产品
O00002517,C000331,P000019,2023-05-24,3,982.38,0.0,0.0,微信支付,已完成,家居
O00002518,C000368,P000033,2023-08-21,1,787.6,0.0,0.0,信用卡,已取消,美妆
O00002519,C000475,P000031,2024-04-21,1,96.51,0.0,0.0,微信支付,已完成,食品
O00002520,C000354,P000013,2023-02-22,1,74.95,0.0,0.0,支付宝,已完成,服装
O00002521,C000011,P000029,2023-02-24,1,84.32,0.8,67.46,信用卡,已完成,食品
O00002522,C000111,P000026,2023-10-29,1,183.74,0.0,0.0,信用卡,已完成,食品
O00002523,C000357,P000002,2024-05-05,1,3943.44,0.0,0.0,银行卡,已完成,电子产品
O00002524,C000151,P000039,2023-06-19,4,503.15,0.0,0.0,花呗,已完成,美妆
O00002525,C000038,P000039,2023-01-26,1,503.15,0.9,452.84,银行卡,已完成,美妆
O00002526,C000464,P000019,2024-02-18,1,982.38,0.9,884.14,银行卡,已完成,家居
O00002527,C000171,P000014,2023-10-19,2,443.12,0.85,753.3,花呗,已完成,服装
O00002528,C000082,P000024,2024-03-24,1,2154.25,0.0,0.0,花呗,已发货,家居
O00002529,C000329,P000014,2024-07-15,1,443.12,0.0,0.0,支付宝,已发货,服装
O00002530,C000082,P000012,2023-06-07,5,773.28,0.0,0.0,信用卡,已取消,服装
O00002531,C000458,P000022,2024-10-12,2,2860.42,0.0,0.0,微信支付,已完成,家居
O00002532,C000369,P000035,2024-01-29,1,181.94,0.0,0.0,支付宝,已完成,美妆
O00002533,C000395,P000003,2023-05-17,1,4516.24,0.0,0.0,信用卡,已完成,电子产品
O00002534,C000400,P000010,2023-06-05,3,783.56,0.0,0.0,微信支付,已完成,服装
O00002535,C000320,P000033,2023-03-09,1,787.6,0.0,0.0,信用卡,已完成,美妆
O00002536,C000033,P000032,2023-08-13,3,22.76,0.7,47.8,信用卡,已完成,食品
O00002537,C000489,P000013,2024-11-16,1,74.95,0.8,59.96,花呗,已完成,服装
O00002538,C000100,P000034,2024-01-17,2,644.27,0.7,901.98,银行卡,待发货,美妆
O00002539,C000047,P000026,2024-07-15,2,183.74,0.85,312.36,银行卡,待发货,食品
O00002540,C000430,P000010,2023-12-01,2,783.56,0.9,1410.41,花呗,已完成,服装
O00002541,C000472,P000011,2023-10-13,2,652.21,0.85,1108.76,微信支付,已发货,服装
O00002542,C000492,P000014,2023-01-23,1,443.12,0.0,0.0,花呗,已完成,服装
O00002543,C000136,P000027,2024-02-19,1,196.89,0.0,0.0,银行卡,已完成,食品
O00002544,C000161,P000018,2023-06-01,1,2590.73,0.85,2202.12,微信支付,已完成,家居
O00002545,C000087,P000032,2023-09-12,3,22.76,0.0,0.0,支付宝,已完成,食品
O00002546,C000229,P000004,2024-06-01,2,4506.63,0.9,8111.93,信用卡,已完成,电子产品
O00002547,C000345,P000019,2023-11-03,2,982.38,0.0,0.0,信用卡,已完成,家居
O00002548,C000346,P000012,2024-11-09,4,773.28,0.0,0.0,支付宝,已完成,服装
O00002549,C000383,P000026,2024-03-18,1,183.74,0.0,0.0,支付宝,已完成,食品
O00002550,C000022,P000009,2024-01-15,1,516.07,0.0,0.0,信用卡,已完成,服装
O00002551,C000128,P000024,2024-02-10,4,2154.25,0.0,0.0,微信支付,已完成,家居
O00002552,C000021,P000025,2024-09-17,1,175.23,0.0,0.0,花呗,已发货,食品
O00002553,C000430,P000026,2024-01-21,1,183.74,0.0,0.0,支付宝,待发货,食品
O00002554,C000108,P000006,2023-01-09,3,4189.79,0.0,0.0,支付宝,已完成,电子产品
O00002555,C000437,P000010,2024-12-15,4,783.56,0.7,2193.97,支付宝,已完成,服装
O00002556,C000022,P000015,2023-02-03,1,211.1,0.7,147.77,银行卡,已完成,服装
O00002557,C000280,P000034,2024-12-17,2,644.27,0.0,0.0,支付宝,已完成,美妆
O00002558,C000285,P000029,2023-11-14,1,84.32,0.0,0.0,花呗,已完成,食品
O00002559,C000438,P000018,2023-02-10,1,2590.73,0.85,2202.12,微信支付,已完成,家居
O00002560,C000085,P000035,2024-02-05,3,181.94,0.0,0.0,银行卡,已发货,美妆
O00002561,C000325,P000038,2024-09-22,2,117.96,0.0,0.0,花呗,已发货,美妆
O00002562,C000256,P000013,2023-03-08,1,74.95,0.8,59.96,微信支付,已完成,服装
O00002563,C000225,P000033,2024-12-17,2,787.6,0.0,0.0,微信支付,已完成,美妆
O00002564,C000453,P000027,2023-02-02,2,196.89,0.0,0.0,微信支付,已完成,食品
O00002565,C000322,P000010,2024-04-08,2,783.56,0.0,0.0,银行卡,已完成,服装
O00002566,C000356,P000038,2024-02-15,2,117.96,0.8,188.74,银行卡,已完成,美妆
O00002567,C000336,P000028,2023-08-04,2,28.74,0.0,0.0,微信支付,已完成,食品
O00002568,C000139,P000033,2023-03-02,1,787.6,0.0,0.0,支付宝,已完成,美妆
O00002569,C000128,P000011,2023-05-10,5,652.21,0.0,0.0,银行卡,已完成,服装
O00002570,C000253,P000014,2024-08-16,2,443.12,0.0,0.0,信用卡,已完成,服装
O00002571,C000163,P000038,2024-10-21,1,117.96,0.9,106.16,花呗,已完成,美妆
O00002572,C000155,P000039,2024-12-27,1,503.15,0.0,0.0,支付宝,已完成,美妆
O00002573,C000203,P000001,2024-02-05,1,1948.13,0.0,0.0,支付宝,已完成,电子产品
O00002574,C000358,P000016,2023-09-16,3,312.16,0.85,796.01,信用卡,已完成,服装
O00002575,C000432,P000024,2024-02-12,2,2154.25,0.8,3446.8,信用卡,已发货,家居
O00002576,C000283,P000029,2023-12-01,1,84.32,0.9,75.89,银行卡,已发货,食品
O00002577,C000030,P000019,2024-08-03,4,982.38,0.0,0.0,微信支付,待发货,家居
O00002578,C000493,P000024,2024-03-01,4,2154.25,0.8,6893.6,银行卡,已完成,家居
O00002579,C000443,P000019,2023-05-24,1,982.38,0.9,884.14,银行卡,已完成,家居
O00002580,C000042,P000022,2023-07-04,4,2860.42,0.85,9725.43,银行卡,已完成,家居
O00002581,C000123,P000034,2024-09-21,2,644.27,0.0,0.0,信用卡,已完成,美妆
O00002582,C000145,P000030,2024-05-28,3,66.13,0.0,0.0,花呗,已完成,食品
O00002583,C000378,P000019,2024-02-05,1,982.38,0.7,687.67,花呗,待发货,家居
O00002584,C000412,P000035,2023-07-21,4,181.94,0.8,582.21,支付宝,已完成,美妆
O00002585,C000106,P000020,2024-08-28,1,2094.02,0.0,0.0,信用卡,已完成,家居
O00002586,C000197,P000028,2023-12-07,1,28.74,0.0,0.0,支付宝,已完成,食品
O00002587,C000113,P000022,2024-03-03,1,2860.42,0.8,2288.34,花呗,已取消,家居
O00002588,C000163,P000022,2023-11-19,2,2860.42,0.0,0.0,银行卡,已发货,家居
O00002589,C000425,P000020,2024-10-29,1,2094.02,0.85,1779.92,花呗,待发货,家居
O00002590,C000297,P000034,2023-09-29,1,644.27,0.0,0.0,微信支付,已完成,美妆
O00002591,C000094,P000030,2024-04-05,4,66.13,0.0,0.0,支付宝,已完成,食品
O00002592,C000272,P000004,2023-10-08,4,4506.63,0.8,14421.22,信用卡,已完成,电子产品
O00002593,C000179,P000031,2024-10-17,1,96.51,0.85,82.03,支付宝,已发货,食品
O00002594,C000055,P000012,2024-08-17,1,773.28,0.9,695.95,银行卡,已完成,服装
O00002595,C000143,P000024,2023-08-29,3,2154.25,0.0,0.0,银行卡,已取消,家居
O00002596,C000392,P000022,2024-11-02,1,2860.42,0.9,2574.38,支付宝,已完成,家居
O00002597,C000415,P000031,2023-09-09,1,96.51,0.0,0.0,微信支付,已取消,食品
O00002598,C000239,P000003,2023-09-22,4,4516.24,0.0,0.0,银行卡,已完成,电子产品
O00002599,C000453,P000017,2024-03-12,1,610.78,0.0,0.0,支付宝,已完成,家居
O00002600,C000136,P000034,2023-10-23,3,644.27,0.0,0.0,花呗,已完成,美妆
O00002601,C000038,P000022,2023-03-20,2,2860.42,0.8,4576.67,支付宝,退货中,家居
O00002602,C000421,P000006,2023-03-09,4,4189.79,0.85,14245.29,银行卡,已发货,电子产品
O00002603,C000152,P000032,2023-04-27,4,22.76,0.0,0.0,花呗,已发货,食品
O00002604,C000053,P000001,2024-07-01,3,1948.13,0.0,0.0,花呗,已完成,电子产品
O00002605,C000133,P000031,2023-03-27,1,96.51,0.0,0.0,微信支付,已完成,食品
O00002606,C000111,P000023,2023-07-13,1,2547.93,0.0,0.0,支付宝,已完成,家居
O00002607,C000459,P000037,2024-09-27,4,232.01,0.85,788.83,支付宝,已发货,美妆
O00002608,C000174,P000025,2023-06-16,5,175.23,0.0,0.0,花呗,已完成,食品
O00002609,C000237,P000009,2024-10-08,1,516.07,0.0,0.0,信用卡,已完成,服装
O00002610,C000199,P000009,2024-03-18,3,516.07,0.0,0.0,信用卡,已完成,服装
O00002611,C000101,P000026,2023-07-14,1,183.74,0.0,0.0,花呗,已完成,食品
O00002612,C000011,P000024,2023-03-10,2,2154.25,0.9,3877.65,信用卡,退货中,家居
O00002613,C000357,P000037,2024-04-13,2,232.01,0.9,417.62,微信支付,已完成,美妆
O00002614,C000292,P000028,2023-02-07,3,28.74,0.0,0.0,银行卡,已完成,食品
O00002615,C000199,P000015,2024-11-11,1,211.1,0.9,189.99,信用卡,已取消,服装
O00002616,C000104,P000010,2023-01-08,2,783.56,0.8,1253.7,支付宝,退货中,服装
O00002617,C000214,P000006,2023-04-09,1,4189.79,0.0,0.0,支付宝,已完成,电子产品
O00002618,C000332,P000028,2024-04-29,2,28.74,0.7,40.24,银行卡,已完成,食品
O00002619,C000307,P000015,2023-02-03,1,211.1,0.9,189.99,微信支付,已发货,服装
O00002620,C000294,P000009,2024-03-11,1,516.07,0.8,412.86,支付宝,已完成,服装
O00002621,C000434,P000014,2024-11-11,4,443.12,0.0,0.0,银行卡,退货中,服装
O00002622,C000064,P000006,2023-06-06,3,4189.79,0.85,10683.96,支付宝,已完成,电子产品
O00002623,C000466,P000009,2024-01-08,5,516.07,0.0,0.0,银行卡,已完成,服装
O00002624,C000310,P000024,2023-01-27,1,2154.25,0.0,0.0,支付宝,退货中,家居
O00002625,C000187,P000009,2024-06-21,3,516.07,0.8,1238.57,银行卡,已完成,服装
O00002626,C000073,P000022,2023-09-28,1,2860.42,0.0,0.0,支付宝,已发货,家居
O00002627,C000042,P000001,2023-08-06,1,1948.13,0.0,0.0,支付宝,已完成,电子产品
O00002628,C000240,P000007,2024-07-17,1,3648.4,0.8,2918.72,支付宝,已发货,电子产品
O00002629,C000021,P000001,2024-07-16,3,1948.13,0.8,4675.51,花呗,已取消,电子产品
O00002630,C000165,P000007,2024-07-19,1,3648.4,0.0,0.0,信用卡,已完成,电子产品
O00002631,C000341,P000005,2023-02-11,3,806.54,0.8,1935.7,支付宝,已完成,电子产品
O00002632,C000101,P000015,2023-10-03,2,211.1,0.0,0.0,支付宝,已发货,服装
O00002633,C000044,P000024,2024-08-25,4,2154.25,0.8,6893.6,支付宝,已完成,家居
O00002634,C000220,P000015,2024-01-05,1,211.1,0.0,0.0,微信支付,已完成,服装
O00002635,C000387,P000038,2024-07-28,2,117.96,0.0,0.0,银行卡,待发货,美妆
O00002636,C000099,P000022,2024-10-26,1,2860.42,0.9,2574.38,支付宝,已取消,家居
O00002637,C000195,P000012,2023-01-18,2,773.28,0.9,1391.9,微信支付,已完成,服装
O00002638,C000423,P000006,2024-11-29,1,4189.79,0.7,2932.85,支付宝,已完成,电子产品
O00002639,C000121,P000032,2023-10-07,2,22.76,0.9,40.97,微信支付,已完成,食品
O00002640,C000372,P000039,2023-09-01,1,503.15,0.0,0.0,信用卡,已完成,美妆
O00002641,C000475,P000013,2024-06-24,1,74.95,0.0,0.0,花呗,已完成,服装
O00002642,C000381,P000008,2024-08-15,1,3065.33,0.0,0.0,支付宝,已完成,电子产品
O00002643,C000387,P000016,2023-09-19,2,312.16,0.0,0.0,支付宝,已完成,服装
O00002644,C000250,P000037,2023-07-15,1,232.01,0.9,208.81,花呗,已发货,美妆
O00002645,C000457,P000018,2024-10-18,1,2590.73,0.7,1813.51,微信支付,已完成,家居
O00002646,C000379,P000004,2023-02-11,1,4506.63,0.0,0.0,支付宝,已完成,电子产品
O00002647,C000298,P000004,2024-12-01,2,4506.63,0.7,6309.28,银行卡,已完成,电子产品
O00002648,C000152,P000030,2024-08-11,4,66.13,0.0,0.0,支付宝,已完成,食品
O00002649,C000172,P000038,2023-01-15,3,117.96,0.0,0.0,信用卡,已完成,美妆
O00002650,C000206,P000003,2024-10-25,1,4516.24,0.8,3612.99,银行卡,已发货,电子产品
O00002651,C000499,P000012,2024-01-23,5,773.28,0.9,3479.76,信用卡,已完成,服装
O00002652,C000244,P000031,2024-10-12,2,96.51,0.0,0.0,微信支付,已完成,食品
O00002653,C000431,P000005,2024-11-09,3,806.54,0.0,0.0,银行卡,已完成,电子产品
O00002654,C000417,P000038,2023-09-16,1,117.96,0.0,0.0,支付宝,已完成,美妆
O00002655,C000268,P000027,2023-03-03,3,196.89,0.0,0.0,微信支付,已发货,食品
O00002656,C000073,P000027,2023-10-22,1,196.89,0.0,0.0,信用卡,已完成,食品
O00002657,C000205,P000030,2024-04-29,3,66.13,0.0,0.0,花呗,已发货,食品
O00002658,C000240,P000040,2023-11-07,1,138.85,0.0,0.0,银行卡,已完成,美妆
O00002659,C000322,P000015,2024-02-04,3,211.1,0.0,0.0,信用卡,已完成,服装
O00002660,C000439,P000006,2023-01-18,4,4189.79,0.9,15083.24,信用卡,已发货,电子产品
O00002661,C000122,P000010,2024-07-18,1,783.56,0.8,626.85,支付宝,已完成,服装
O00002662,C000344,P000018,2024-01-15,1,2590.73,0.9,2331.66,银行卡,已完成,家居
O00002663,C000403,P000008,2024-06-12,3,3065.33,0.9,8276.39,支付宝,已发货,电子产品
O00002664,C000175,P000014,2023-04-20,1,443.12,0.0,0.0,微信支付,已完成,服装
O00002665,C000193,P000036,2024-11-15,3,642.93,0.8,1543.03,花呗,已取消,美妆
O00002666,C000192,P000005,2024-06-26,3,806.54,0.9,2177.66,花呗,已取消,电子产品
O00002667,C000094,P000017,2023-01-21,1,610.78,0.9,549.7,花呗,已完成,家居
O00002668,C000244,P000029,2023-12-16,1,84.32,0.0,0.0,支付宝,已完成,食品
O00002669,C000128,P000035,2024-03-11,2,181.94,0.85,309.3,花呗,已完成,美妆
O00002670,C000188,P000029,2024-02-16,1,84.32,0.7,59.02,花呗,已完成,食品
O00002671,C000290,P000001,2023-04-09,2,1948.13,0.9,3506.63,微信支付,已完成,电子产品
O00002672,C000146,P000019,2023-12-11,1,982.38,0.85,835.02,花呗,已完成,家居
O00002673,C000323,P000001,2023-08-22,1,1948.13,0.0,0.0,支付宝,已完成,电子产品
O00002674,C000173,P000007,2023-05-21,1,3648.4,0.8,2918.72,微信支付,已完成,电子产品
O00002675,C000247,P000030,2024-07-01,1,66.13,0.0,0.0,花呗,退货中,食品
O00002676,C000444,P000029,2023-05-19,1,84.32,0.0,0.0,银行卡,已完成,食品
O00002677,C000302,P000020,2023-09-20,1,2094.02,0.0,0.0,支付宝,已完成,家居
O00002678,C000181,P000027,2024-10-20,5,196.89,0.0,0.0,微信支付,已完成,食品
O00002679,C000230,P000040,2023-08-31,1,138.85,0.0,0.0,银行卡,已完成,美妆
O00002680,C000459,P000018,2024-07-03,3,2590.73,0.8,6217.75,微信支付,已发货,家居
O00002681,C000365,P000016,2024-12-06,1,312.16,0.0,0.0,支付宝,已完成,服装
O00002682,C000448,P000038,2024-05-16,4,117.96,0.0,0.0,信用卡,已发货,美妆
O00002683,C000376,P000009,2023-04-13,3,516.07,0.0,0.0,花呗,已完成,服装
O00002684,C000137,P000027,2024-03-13,1,196.89,0.8,157.51,信用卡,已完成,食品
O00002685,C000479,P000008,2023-06-18,2,3065.33,0.0,0.0,花呗,已完成,电子产品
O00002686,C000262,P000007,2023-10-09,1,3648.4,0.85,3101.14,微信支付,已完成,电子产品
O00002687,C000264,P000002,2023-07-03,2,3943.44,0.0,0.0,微信支付,已完成,电子产品
O00002688,C000146,P000009,2023-03-04,1,516.07,0.0,0.0,微信支付,已完成,服装
O00002689,C000459,P000017,2023-07-29,1,610.78,0.85,519.16,银行卡,已完成,家居
O00002690,C000215,P000026,2024-03-18,3,183.74,0.0,0.0,微信支付,已完成,食品
O00002691,C000283,P000016,2023-01-08,1,312.16,0.0,0.0,微信支付,已完成,服装
O00002692,C000493,P000006,2024-03-06,2,4189.79,0.85,7122.64,微信支付,已完成,电子产品
O00002693,C000188,P000019,2024-03-01,1,982.38,0.0,0.0,微信支付,已完成,家居
O00002694,C000297,P000037,2024-06-16,1,232.01,0.8,185.61,花呗,已发货,美妆
O00002695,C000292,P000009,2024-08-28,4,516.07,0.8,1651.42,银行卡,待发货,服装
O00002696,C000155,P000024,2023-06-11,3,2154.25,0.0,0.0,花呗,已发货,家居
O00002697,C000110,P000027,2024-04-04,1,196.89,0.9,177.2,信用卡,已完成,食品
O00002698,C000149,P000022,2023-09-24,1,2860.42,0.8,2288.34,支付宝,已完成,家居
O00002699,C000428,P000020,2023-10-30,1,2094.02,0.0,0.0,支付宝,已完成,家居
O00002700,C000361,P000037,2023-04-29,3,232.01,0.0,0.0,支付宝,已发货,美妆
O00002701,C000079,P000008,2024-12-18,1,3065.33,0.8,2452.26,花呗,已完成,电子产品
O00002702,C000235,P000019,2024-10-27,1,982.38,0.9,884.14,微信支付,已完成,家居
O00002703,C000500,P000010,2023-07-04,1,783.56,0.0,0.0,微信支付,已完成,服装
O00002704,C000165,P000038,2023-02-21,1,117.96,0.9,106.16,支付宝,已完成,美妆
O00002705,C000330,P000014,2024-07-19,1,443.12,0.0,0.0,支付宝,已完成,服装
O00002706,C000183,P000034,2023-12-07,1,644.27,0.85,547.63,支付宝,已完成,美妆
O00002707,C000428,P000031,2023-07-30,1,96.51,0.85,82.03,支付宝,已完成,食品
O00002708,C000072,P000002,2024-10-01,2,3943.44,0.0,0.0,花呗,已完成,电子产品
O00002709,C000358,P000033,2023-11-26,1,787.6,0.9,708.84,银行卡,已完成,美妆
O00002710,C000489,P000035,2023-01-12,1,181.94,0.85,154.65,支付宝,已发货,美妆
O00002711,C000061,P000008,2023-02-01,3,3065.33,0.0,0.0,花呗,已完成,电子产品
O00002712,C000356,P000029,2024-12-05,1,84.32,0.7,59.02,支付宝,已完成,食品
O00002713,C000039,P000034,2024-07-05,1,644.27,0.0,0.0,花呗,已完成,美妆
O00002714,C000279,P000003,2023-06-03,1,4516.24,0.0,0.0,支付宝,退货中,电子产品
O00002715,C000087,P000021,2024-05-31,3,1114.1,0.85,2840.95,银行卡,已完成,家居
O00002716,C000081,P000024,2024-07-12,1,2154.25,0.9,1938.82,花呗,已发货,家居
O00002717,C000116,P000038,2023-10-22,2,117.96,0.8,188.74,支付宝,已完成,美妆
O00002718,C000060,P000018,2023-10-23,1,2590.73,0.85,2202.12,银行卡,已完成,家居
O00002719,C000231,P000008,2023-02-11,1,3065.33,0.0,0.0,支付宝,已完成,电子产品
O00002720,C000025,P000012,2023-01-03,2,773.28,0.8,1237.25,信用卡,已完成,服装
O00002721,C000233,P000012,2023-12-16,1,773.28,0.9,695.95,银行卡,已完成,服装
O00002722,C000435,P000026,2024-02-19,2,183.74,0.0,0.0,信用卡,已完成,食品
O00002723,C000370,P000032,2023-10-03,1,22.76,0.7,15.93,银行卡,已完成,食品
O00002724,C000023,P000040,2024-01-10,2,138.85,0.0,0.0,花呗,已完成,美妆
O00002725,C000359,P000033,2023-02-12,1,787.6,0.0,0.0,信用卡,已完成,美妆
O00002726,C000366,P000020,2023-08-01,1,2094.02,0.9,1884.62,花呗,已完成,家居
O00002727,C000434,P000012,2024-09-24,2,773.28,0.7,1082.59,花呗,已完成,服装
O00002728,C000088,P000016,2024-06-22,3,312.16,0.0,0.0,银行卡,已完成,服装
O00002729,C000479,P000014,2023-05-06,3,443.12,0.0,0.0,花呗,待发货,服装
O00002730,C000309,P000015,2024-07-23,1,211.1,0.9,189.99,银行卡,已取消,服装
O00002731,C000419,P000027,2023-09-22,2,196.89,0.9,354.4,花呗,退货中,食品
O00002732,C000386,P000024,2024-05-25,4,2154.25,0.0,0.0,微信支付,待发货,家居
O00002733,C000220,P000031,2023-07-12,1,96.51,0.0,0.0,银行卡,已完成,食品
O00002734,C000446,P000039,2024-11-20,1,503.15,0.9,452.84,花呗,已完成,美妆
O00002735,C000049,P000021,2023-06-24,2,1114.1,0.9,2005.38,银行卡,已完成,家居
O00002736,C000184,P000034,2023-06-12,1,644.27,0.8,515.42,微信支付,已完成,美妆
O00002737,C000113,P000001,2024-06-25,1,1948.13,0.0,0.0,银行卡,已完成,电子产品
O00002738,C000219,P000007,2023-02-11,1,3648.4,0.0,0.0,信用卡,已发货,电子产品
O00002739,C000190,P000029,2024-01-18,1,84.32,0.8,67.46,支付宝,已发货,食品
O00002740,C000319,P000033,2023-08-23,1,787.6,0.0,0.0,花呗,已发货,美妆
O00002741,C000390,P000031,2023-10-28,2,96.51,0.8,154.42,支付宝,已完成,食品
O00002742,C000077,P000023,2024-04-26,2,2547.93,0.0,0.0,银行卡,已完成,家居
O00002743,C000428,P000033,2024-06-09,3,787.6,0.85,2008.38,花呗,已完成,美妆
O00002744,C000430,P000012,2023-01-24,4,773.28,0.9,2783.81,银行卡,已发货,服装
O00002745,C000366,P000005,2024-12-15,1,806.54,0.0,0.0,银行卡,已完成,电子产品
O00002746,C000298,P000033,2023-05-18,1,787.6,0.85,669.46,支付宝,已完成,美妆
O00002747,C000338,P000012,2023-12-15,2,773.28,0.9,1391.9,支付宝,已完成,服装
O00002748,C000246,P000003,2023-10-26,5,4516.24,0.8,18064.96,微信支付,已完成,电子产品
O00002749,C000187,P000035,2023-12-30,4,181.94,0.0,0.0,花呗,已完成,美妆
O00002750,C000398,P000014,2024-12-26,1,443.12,0.9,398.81,微信支付,已完成,服装
O00002751,C000388,P000005,2023-04-03,3,806.54,0.0,0.0,花呗,已完成,电子产品
O00002752,C000094,P000018,2023-05-07,1,2590.73,0.9,2331.66,微信支付,已完成,家居
O00002753,C000230,P000028,2023-04-04,1,28.74,0.0,0.0,微信支付,已完成,食品
O00002754,C000339,P000034,2024-10-21,1,644.27,0.0,0.0,信用卡,已完成,美妆
O00002755,C000470,P000029,2023-03-20,3,84.32,0.8,202.37,花呗,退货中,食品
O00002756,C000404,P000027,2024-05-23,3,196.89,0.0,0.0,信用卡,已发货,食品
O00002757,C000031,P000033,2024-05-27,1,787.6,0.85,669.46,花呗,待发货,美妆
O00002758,C000108,P000033,2023-01-11,3,787.6,0.0,0.0,支付宝,已取消,美妆
O00002759,C000270,P000022,2023-01-31,5,2860.42,0.0,0.0,信用卡,已完成,家居
O00002760,C000089,P000002,2023-05-11,1,3943.44,0.0,0.0,支付宝,已发货,电子产品
O00002761,C000202,P000013,2024-01-22,1,74.95,0.9,67.46,信用卡,已完成,服装
O00002762,C000172,P000011,2023-10-18,1,652.21,0.0,0.0,信用卡,已发货,服装
O00002763,C000115,P000002,2024-09-27,4,3943.44,0.0,0.0,花呗,已完成,电子产品
O00002764,C000276,P000030,2023-05-18,3,66.13,0.0,0.0,花呗,待发货,食品
O00002765,C000289,P000019,2023-05-07,1,982.38,0.9,884.14,花呗,待发货,家居
O00002766,C000377,P000040,2024-07-06,1,138.85,0.0,0.0,花呗,已完成,美妆
O00002767,C000306,P000040,2023-01-28,1,138.85,0.85,118.02,信用卡,已完成,美妆
O00002768,C000173,P000007,2023-06-11,1,3648.4,0.9,3283.56,花呗,已取消,电子产品
O00002769,C000319,P000025,2023-09-03,1,175.23,0.0,0.0,信用卡,已完成,食品
O00002770,C000468,P000033,2023-09-19,1,787.6,0.9,708.84,银行卡,已取消,美妆
O00002771,C000010,P000034,2024-07-02,1,644.27,0.9,579.84,银行卡,已完成,美妆
O00002772,C000382,P000002,2023-12-12,2,3943.44,0.8,6309.5,信用卡,已完成,电子产品
O00002773,C000404,P000027,2023-02-17,1,196.89,0.0,0.0,微信支付,已完成,食品
O00002774,C000215,P000004,2023-01-19,1,4506.63,0.8,3605.3,支付宝,已取消,电子产品
O00002775,C000287,P000002,2023-07-28,2,3943.44,0.0,0.0,花呗,已完成,电子产品
O00002776,C000455,P000020,2023-01-28,1,2094.02,0.9,1884.62,支付宝,已完成,家居
O00002777,C000149,P000021,2023-08-06,1,1114.1,0.0,0.0,微信支付,已完成,家居
O00002778,C000341,P000002,2023-12-15,1,3943.44,0.85,3351.92,花呗,已完成,电子产品
O00002779,C000303,P000012,2024-03-22,2,773.28,0.0,0.0,信用卡,已完成,服装
O00002780,C000111,P000035,2024-07-28,1,181.94,0.0,0.0,微信支付,已完成,美妆
O00002781,C000409,P000008,2023-09-28,5,3065.33,0.7,10728.66,支付宝,已完成,电子产品
O00002782,C000298,P000036,2024-07-21,1,642.93,0.0,0.0,信用卡,已完成,美妆
O00002783,C000423,P000021,2023-12-17,3,1114.1,0.0,0.0,花呗,已完成,家居
O00002784,C000140,P000007,2024-06-25,2,3648.4,0.0,0.0,微信支付,已完成,电子产品
O00002785,C000253,P000031,2024-09-21,2,96.51,0.0,0.0,银行卡,已发货,食品
O00002786,C000436,P000034,2024-12-11,1,644.27,0.85,547.63,花呗,已完成,美妆
O00002787,C000485,P000001,2024-08-01,1,1948.13,0.0,0.0,银行卡,已完成,电子产品
O00002788,C000135,P000013,2023-07-06,1,74.95,0.9,67.46,信用卡,已取消,服装
O00002789,C000423,P000009,2024-08-19,5,516.07,0.0,0.0,花呗,已发货,服装
O00002790,C000423,P000017,2024-09-30,2,610.78,0.0,0.0,花呗,已取消,家居
O00002791,C000180,P000004,2024-01-20,2,4506.63,0.9,8111.93,花呗,待发货,电子产品
O00002792,C000332,P000040,2024-09-06,2,138.85,0.9,249.93,信用卡,已发货,美妆
O00002793,C000017,P000006,2024-06-18,1,4189.79,0.0,0.0,银行卡,已完成,电子产品
O00002794,C000473,P000022,2024-10-14,2,2860.42,0.0,0.0,银行卡,退货中,家居
O00002795,C000262,P000006,2023-10-29,2,4189.79,0.0,0.0,银行卡,已完成,电子产品
O00002796,C000151,P000039,2023-07-19,2,503.15,0.8,805.04,支付宝,退货中,美妆
O00002797,C000061,P000002,2023-08-17,1,3943.44,0.0,0.0,信用卡,已完成,电子产品
O00002798,C000463,P000003,2024-07-27,1,4516.24,0.0,0.0,花呗,退货中,电子产品
O00002799,C000267,P000025,2024-07-25,2,175.23,0.0,0.0,支付宝,已完成,食品
O00002800,C000124,P000027,2024-03-03,1,196.89,0.0,0.0,信用卡,退货中,食品
O00002801,C000030,P000008,2023-08-10,1,3065.33,0.8,2452.26,微信支付,已完成,电子产品
O00002802,C000250,P000035,2023-08-14,2,181.94,0.9,327.49,银行卡,已完成,美妆
O00002803,C000034,P000009,2024-06-16,2,516.07,0.8,825.71,支付宝,已完成,服装
O00002804,C000278,P000022,2023-10-19,3,2860.42,0.8,6865.01,信用卡,已发货,家居
O00002805,C000440,P000020,2023-05-01,3,2094.02,0.8,5025.65,花呗,退货中,家居
O00002806,C000162,P000021,2023-12-16,2,1114.1,0.85,1893.97,微信支付,已完成,家居
O00002807,C000098,P000033,2024-01-03,1,787.6,0.0,0.0,银行卡,已完成,美妆
O00002808,C000393,P000001,2024-07-17,1,1948.13,0.0,0.0,信用卡,已完成,电子产品
O00002809,C000059,P000040,2023-08-10,2,138.85,0.0,0.0,信用卡,已完成,美妆
O00002810,C000289,P000015,2024-12-03,1,211.1,0.85,179.44,花呗,待发货,服装
O00002811,C000388,P000032,2023-12-11,1,22.76,0.85,19.35,银行卡,退货中,食品
O00002812,C000378,P000023,2023-10-01,3,2547.93,0.0,0.0,花呗,已完成,家居
O00002813,C000189,P000028,2023-11-15,3,28.74,0.0,0.0,支付宝,已发货,食品
O00002814,C000382,P000038,2023-06-18,3,117.96,0.0,0.0,支付宝,已完成,美妆
O00002815,C000431,P000030,2024-06-10,2,66.13,0.0,0.0,信用卡,已完成,食品
O00002816,C000188,P000014,2023-02-26,1,443.12,0.7,310.18,信用卡,已完成,服装
O00002817,C000287,P000027,2023-03-18,2,196.89,0.0,0.0,花呗,已完成,食品
O00002818,C000065,P000015,2023-01-27,1,211.1,0.0,0.0,花呗,已完成,服装
O00002819,C000253,P000023,2024-10-25,1,2547.93,0.0,0.0,花呗,已完成,家居
O00002820,C000194,P000017,2023-11-26,1,610.78,0.0,0.0,微信支付,已完成,家居
O00002821,C000434,P000018,2024-06-18,3,2590.73,0.0,0.0,信用卡,已完成,家居
O00002822,C000236,P000023,2024-10-04,2,2547.93,0.9,4586.27,微信支付,已完成,家居
O00002823,C000045,P000025,2023-10-04,2,175.23,0.0,0.0,信用卡,已完成,食品
O00002824,C000406,P000028,2024-02-05,2,28.74,0.9,51.73,信用卡,已完成,食品
O00002825,C000037,P000029,2024-02-17,3,84.32,0.0,0.0,微信支付,已发货,食品
O00002826,C000449,P000015,2023-12-19,2,211.1,0.85,358.87,信用卡,已完成,服装
O00002827,C000484,P000008,2024-04-30,2,3065.33,0.8,4904.53,微信支付,已取消,电子产品
O00002828,C000327,P000040,2024-09-08,2,138.85,0.85,236.04,支付宝,已完成,美妆
O00002829,C000100,P000033,2024-06-20,1,787.6,0.0,0.0,微信支付,已完成,美妆
O00002830,C000002,P000025,2024-04-09,1,175.23,0.8,140.18,银行卡,已完成,食品
O00002831,C000153,P000016,2023-06-25,1,312.16,0.8,249.73,信用卡,已完成,服装
O00002832,C000390,P000023,2024-07-11,1,2547.93,0.0,0.0,微信支付,已取消,家居
O00002833,C000059,P000031,2023-06-18,3,96.51,0.0,0.0,微信支付,已完成,食品
O00002834,C000431,P000034,2023-04-26,1,644.27,0.0,0.0,花呗,已完成,美妆
O00002835,C000309,P000027,2023-11-22,5,196.89,0.0,0.0,花呗,已完成,食品
O00002836,C000069,P000011,2024-01-21,5,652.21,0.0,0.0,支付宝,已完成,服装
O00002837,C000279,P000038,2024-07-12,3,117.96,0.0,0.0,支付宝,已完成,美妆
O00002838,C000283,P000029,2023-06-22,2,84.32,0.0,0.0,微信支付,待发货,食品
O00002839,C000365,P000014,2023-10-29,3,443.12,0.7,930.55,支付宝,已完成,服装
O00002840,C000357,P000018,2023-10-19,1,2590.73,0.0,0.0,微信支付,退货中,家居
O00002841,C000167,P000032,2023-04-15,2,22.76,0.0,0.0,微信支付,已完成,食品
O00002842,C000302,P000002,2024-05-26,4,3943.44,0.0,0.0,微信支付,已完成,电子产品
O00002843,C000221,P000015,2023-06-15,1,211.1,0.8,168.88,花呗,已完成,服装
O00002844,C000049,P000014,2023-07-06,2,443.12,0.0,0.0,花呗,已完成,服装
O00002845,C000354,P000025,2024-03-05,4,175.23,0.0,0.0,信用卡,已完成,食品
O00002846,C000061,P000028,2024-12-04,3,28.74,0.0,0.0,信用卡,已完成,食品
O00002847,C000371,P000032,2023-08-26,3,22.76,0.0,0.0,支付宝,待发货,食品
O00002848,C000249,P000016,2023-07-01,3,312.16,0.7,655.54,信用卡,已完成,服装
O00002849,C000288,P000029,2023-08-23,1,84.32,0.0,0.0,支付宝,已完成,食品
O00002850,C000347,P000022,2024-12-20,1,2860.42,0.9,2574.38,信用卡,已完成,家居
O00002851,C000229,P000009,2023-05-02,1,516.07,0.9,464.46,信用卡,已完成,服装
O00002852,C000216,P000034,2024-05-23,3,644.27,0.0,0.0,微信支付,已完成,美妆
O00002853,C000080,P000003,2023-01-16,3,4516.24,0.0,0.0,花呗,已完成,电子产品
O00002854,C000352,P000024,2024-11-05,1,2154.25,0.0,0.0,银行卡,已发货,家居
O00002855,C000091,P000022,2023-06-13,1,2860.42,0.0,0.0,银行卡,已完成,家居
O00002856,C000230,P000034,2023-12-10,1,644.27,0.0,0.0,支付宝,已完成,美妆
O00002857,C000130,P000028,2024-02-19,2,28.74,0.9,51.73,花呗,已完成,食品
O00002858,C000056,P000002,2023-06-28,2,3943.44,0.0,0.0,银行卡,已完成,电子产品
O00002859,C000285,P000018,2024-04-12,2,2590.73,0.7,3627.02,花呗,已发货,家居
O00002860,C000056,P000004,2024-11-29,2,4506.63,0.0,0.0,花呗,已完成,电子产品
O00002861,C000497,P000022,2024-07-13,2,2860.42,0.7,4004.59,微信支付,待发货,家居
O00002862,C000426,P000037,2023-02-08,3,232.01,0.85,591.63,花呗,待发货,美妆
O00002863,C000104,P000015,2023-08-24,2,211.1,0.0,0.0,花呗,已完成,服装
O00002864,C000014,P000006,2023-09-14,2,4189.79,0.0,0.0,微信支付,已完成,电子产品
O00002865,C000434,P000039,2024-09-12,1,503.15,0.9,452.84,花呗,已完成,美妆
O00002866,C000219,P000040,2023-03-09,2,138.85,0.0,0.0,信用卡,已完成,美妆
O00002867,C000432,P000031,2024-06-03,2,96.51,0.85,164.07,支付宝,已完成,食品
O00002868,C000104,P000033,2024-03-27,2,787.6,0.8,1260.16,微信支付,已完成,美妆
O00002869,C000008,P000016,2024-02-16,3,312.16,0.0,0.0,花呗,已完成,服装
O00002870,C000388,P000012,2024-11-03,3,773.28,0.8,1855.87,信用卡,已完成,服装
O00002871,C000490,P000003,2023-03-21,1,4516.24,0.0,0.0,信用卡,退货中,电子产品
O00002872,C000373,P000019,2024-06-28,1,982.38,0.0,0.0,花呗,已完成,家居
O00002873,C000267,P000001,2024-03-22,2,1948.13,0.9,3506.63,微信支付,已完成,电子产品
O00002874,C000378,P000012,2023-05-13,3,773.28,0.0,0.0,信用卡,已完成,服装
O00002875,C000225,P000014,2023-02-09,5,443.12,0.0,0.0,花呗,已发货,服装
O00002876,C000196,P000021,2024-10-20,1,1114.1,0.9,1002.69,微信支付,已完成,家居
O00002877,C000032,P000023,2024-12-13,1,2547.93,0.0,0.0,银行卡,已完成,家居
O00002878,C000258,P000006,2024-02-04,3,4189.79,0.9,11312.43,信用卡,已完成,电子产品
O00002879,C000191,P000015,2023-02-01,2,211.1,0.0,0.0,花呗,已完成,服装
O00002880,C000482,P000005,2023-12-17,1,806.54,0.0,0.0,微信支付,待发货,电子产品
O00002881,C000468,P000031,2024-02-07,4,96.51,0.0,0.0,微信支付,已完成,食品
O00002882,C000385,P000023,2024-09-18,1,2547.93,0.9,2293.14,微信支付,已完成,家居
O00002883,C000402,P000039,2024-08-12,2,503.15,0.85,855.35,微信支付,已发货,美妆
O00002884,C000268,P000010,2023-07-19,3,783.56,0.8,1880.54,花呗,已完成,服装
O00002885,C000180,P000012,2023-12-15,4,773.28,0.0,0.0,银行卡,已完成,服装
O00002886,C000213,P000003,2023-12-12,1,4516.24,0.8,3612.99,微信支付,已发货,电子产品
O00002887,C000116,P000035,2023-12-18,4,181.94,0.7,509.43,微信支付,已完成,美妆
O00002888,C000102,P000013,2024-08-26,1,74.95,0.9,67.46,银行卡,已完成,服装
O00002889,C000188,P000015,2024-12-03,2,211.1,0.0,0.0,花呗,已完成,服装
O00002890,C000358,P000028,2024-12-28,1,28.74,0.0,0.0,信用卡,已完成,食品
O00002891,C000397,P000036,2024-01-31,2,642.93,0.0,0.0,支付宝,已取消,美妆
O00002892,C000033,P000026,2024-05-14,2,183.74,0.0,0.0,银行卡,已发货,食品
O00002893,C000436,P000005,2023-07-18,1,806.54,0.9,725.89,花呗,已完成,电子产品
O00002894,C000176,P000039,2023-03-18,3,503.15,0.0,0.0,信用卡,已取消,美妆
O00002895,C000201,P000009,2023-06-18,2,516.07,0.0,0.0,银行卡,已完成,服装
O00002896,C000120,P000039,2023-10-03,2,503.15,0.0,0.0,银行卡,已发货,美妆
O00002897,C000091,P000010,2023-11-11,1,783.56,0.0,0.0,支付宝,已完成,服装
O00002898,C000251,P000018,2023-12-02,1,2590.73,0.0,0.0,微信支付,已完成,家居
O00002899,C000422,P000003,2023-08-08,1,4516.24,0.0,0.0,花呗,已发货,电子产品
O00002900,C000157,P000036,2024-03-12,1,642.93,0.0,0.0,支付宝,已完成,美妆
O00002901,C000033,P000036,2023-09-30,4,642.93,0.0,0.0,支付宝,退货中,美妆
O00002902,C000034,P000014,2023-03-31,1,443.12,0.0,0.0,信用卡,已完成,服装
O00002903,C000300,P000003,2024-06-25,1,4516.24,0.0,0.0,花呗,已取消,电子产品
O00002904,C000238,P000014,2024-07-28,2,443.12,0.9,797.62,微信支付,已完成,服装
O00002905,C000307,P000019,2023-01-07,3,982.38,0.0,0.0,花呗,已完成,家居
O00002906,C000237,P000011,2023-12-23,2,652.21,0.8,1043.54,银行卡,已完成,服装
O00002907,C000406,P000008,2024-03-14,2,3065.33,0.7,4291.46,花呗,已完成,电子产品
O00002908,C000031,P000008,2024-04-05,2,3065.33,0.0,0.0,微信支付,已完成,电子产品
O00002909,C000129,P000006,2024-12-24,1,4189.79,0.0,0.0,银行卡,已完成,电子产品
O00002910,C000444,P000025,2023-12-14,2,175.23,0.0,0.0,银行卡,已发货,食品
O00002911,C000302,P000012,2023-11-21,3,773.28,0.85,1971.86,银行卡,已发货,服装
O00002912,C000039,P000025,2023-05-12,1,175.23,0.9,157.71,支付宝,已完成,食品
O00002913,C000145,P000034,2024-12-10,4,644.27,0.0,0.0,微信支付,已完成,美妆
O00002914,C000290,P000017,2023-01-07,4,610.78,0.0,0.0,银行卡,待发货,家居
O00002915,C000419,P000040,2023-08-24,1,138.85,0.8,111.08,支付宝,已完成,美妆
O00002916,C000338,P000005,2023-05-15,4,806.54,0.85,2742.24,支付宝,已完成,电子产品
O00002917,C000277,P000023,2023-11-21,3,2547.93,0.0,0.0,银行卡,已完成,家居
O00002918,C000368,P000038,2024-06-18,1,117.96,0.9,106.16,花呗,已完成,美妆
O00002919,C000378,P000038,2024-11-29,2,117.96,0.0,0.0,花呗,已完成,美妆
O00002920,C000016,P000039,2024-01-28,2,503.15,0.9,905.67,信用卡,已完成,美妆
O00002921,C000122,P000011,2024-12-07,1,652.21,0.0,0.0,信用卡,退货中,服装
O00002922,C000187,P000008,2024-03-27,3,3065.33,0.0,0.0,信用卡,已发货,电子产品
O00002923,C000174,P000025,2023-01-07,1,175.23,0.85,148.95,微信支付,已完成,食品
O00002924,C000250,P000009,2023-10-22,4,516.07,0.7,1445.0,花呗,已完成,服装
O00002925,C000222,P000027,2023-06-27,1,196.89,0.85,167.36,支付宝,已发货,食品
O00002926,C000095,P000021,2023-07-14,2,1114.1,0.0,0.0,花呗,已发货,家居
O00002927,C000427,P000030,2024-10-22,1,66.13,0.0,0.0,支付宝,已完成,食品
O00002928,C000214,P000005,2023-01-09,1,806.54,0.0,0.0,信用卡,待发货,电子产品
O00002929,C000178,P000027,2023-06-13,1,196.89,0.0,0.0,银行卡,已完成,食品
O00002930,C000370,P000032,2023-06-19,1,22.76,0.0,0.0,支付宝,已发货,食品
O00002931,C000073,P000034,2023-07-01,2,644.27,0.8,1030.83,信用卡,已发货,美妆
O00002932,C000252,P000007,2023-09-24,1,3648.4,0.0,0.0,银行卡,已发货,电子产品
O00002933,C000073,P000036,2024-01-24,1,642.93,0.0,0.0,支付宝,已完成,美妆
O00002934,C000183,P000027,2024-09-25,1,196.89,0.85,167.36,信用卡,已完成,食品
O00002935,C000230,P000004,2024-11-04,1,4506.63,0.9,4055.97,信用卡,已完成,电子产品
O00002936,C000132,P000010,2023-07-06,1,783.56,0.7,548.49,信用卡,已发货,服装
O00002937,C000402,P000031,2024-04-13,1,96.51,0.0,0.0,微信支付,已完成,食品
O00002938,C000492,P000039,2024-11-02,4,503.15,0.0,0.0,支付宝,已完成,美妆
O00002939,C000127,P000020,2023-06-26,1,2094.02,0.7,1465.81,花呗,已完成,家居
O00002940,C000032,P000040,2024-02-26,1,138.85,0.7,97.2,信用卡,待发货,美妆
O00002941,C000354,P000033,2024-11-04,3,787.6,0.0,0.0,银行卡,待发货,美妆
O00002942,C000296,P000012,2024-07-17,1,773.28,0.8,618.62,银行卡,已完成,服装
O00002943,C000301,P000009,2024-12-20,2,516.07,0.85,877.32,花呗,退货中,服装
O00002944,C000027,P000034,2024-07-23,1,644.27,0.0,0.0,支付宝,已取消,美妆
O00002945,C000386,P000012,2024-10-22,1,773.28,0.9,695.95,信用卡,已完成,服装
O00002946,C000081,P000033,2024-02-07,1,787.6,0.8,630.08,花呗,已完成,美妆
O00002947,C000029,P000037,2023-09-17,1,232.01,0.7,162.41,信用卡,已完成,美妆
O00002948,C000099,P000034,2023-04-30,2,644.27,0.0,0.0,花呗,已完成,美妆
O00002949,C000007,P000009,2023-07-11,1,516.07,0.0,0.0,微信支付,已完成,服装
O00002950,C000439,P000014,2023-09-10,1,443.12,0.0,0.0,花呗,已完成,服装
O00002951,C000074,P000034,2023-04-26,4,644.27,0.9,2319.37,银行卡,已完成,美妆
O00002952,C000430,P000015,2024-07-25,1,211.1,0.0,0.0,微信支付,已取消,服装
O00002953,C000424,P000032,2024-11-22,1,22.76,0.0,0.0,银行卡,已发货,食品
O00002954,C000434,P000022,2023-02-25,1,2860.42,0.0,0.0,支付宝,已完成,家居
O00002955,C000238,P000031,2024-07-21,1,96.51,0.85,82.03,信用卡,已完成,食品
O00002956,C000304,P000027,2024-06-02,2,196.89,0.0,0.0,微信支付,待发货,食品
O00002957,C000366,P000023,2024-12-22,2,2547.93,0.9,4586.27,银行卡,待发货,家居
O00002958,C000386,P000033,2024-10-14,1,787.6,0.8,630.08,支付宝,已完成,美妆
O00002959,C000001,P000017,2023-10-12,1,610.78,0.0,0.0,信用卡,退货中,家居
O00002960,C000261,P000014,2024-08-09,2,443.12,0.0,0.0,支付宝,待发货,服装
O00002961,C000411,P000013,2023-12-22,1,74.95,0.0,0.0,微信支付,已发货,服装
O00002962,C000294,P000025,2024-08-07,3,175.23,0.8,420.55,支付宝,待发货,食品
O00002963,C000306,P000022,2024-10-20,3,2860.42,0.85,7294.07,花呗,已完成,家居
O00002964,C000285,P000019,2024-11-10,2,982.38,0.0,0.0,信用卡,已完成,家居
O00002965,C000178,P000010,2024-06-07,1,783.56,0.9,705.2,微信支付,已完成,服装
O00002966,C000267,P000040,2024-08-13,4,138.85,0.0,0.0,微信支付,已完成,美妆
O00002967,C000435,P000005,2024-05-26,2,806.54,0.7,1129.16,微信支付,已完成,电子产品
O00002968,C000454,P000014,2024-10-10,1,443.12,0.0,0.0,微信支付,已完成,服装
O00002969,C000316,P000035,2024-12-04,1,181.94,0.7,127.36,信用卡,已取消,美妆
O00002970,C000213,P000021,2024-11-07,1,1114.1,0.0,0.0,支付宝,已完成,家居
O00002971,C000032,P000006,2024-01-27,1,4189.79,0.0,0.0,微信支付,已完成,电子产品
O00002972,C000406,P000012,2024-09-24,1,773.28,0.0,0.0,银行卡,已发货,服装
O00002973,C000318,P000007,2024-06-25,2,3648.4,0.8,5837.44,微信支付,已发货,电子产品
O00002974,C000301,P000028,2023-08-08,4,28.74,0.0,0.0,信用卡,已完成,食品
O00002975,C000256,P000017,2023-08-02,1,610.78,0.9,549.7,信用卡,已完成,家居
O00002976,C000476,P000013,2024-11-12,2,74.95,0.85,127.42,支付宝,已发货,服装
O00002977,C000367,P000025,2023-10-16,1,175.23,0.0,0.0,支付宝,已完成,食品
O00002978,C000409,P000022,2024-11-30,3,2860.42,0.0,0.0,银行卡,已完成,家居
O00002979,C000366,P000022,2024-08-13,3,2860.42,0.7,6006.88,微信支付,已完成,家居
O00002980,C000266,P000017,2024-01-20,2,610.78,0.85,1038.33,花呗,已完成,家居
O00002981,C000155,P000033,2024-01-11,1,787.6,0.0,0.0,信用卡,退货中,美妆
O00002982,C000058,P000013,2023-03-09,3,74.95,0.9,202.37,支付宝,已发货,服装
O00002983,C000142,P000020,2023-08-08,3,2094.02,0.0,0.0,银行卡,已发货,家居
O00002984,C000405,P000008,2024-12-12,1,3065.33,0.85,2605.53,支付宝,已完成,电子产品
O00002985,C000006,P000008,2024-04-09,1,3065.33,0.0,0.0,信用卡,已完成,电子产品
O00002986,C000102,P000030,2024-07-16,4,66.13,0.0,0.0,银行卡,已完成,食品
O00002987,C000474,P000007,2023-05-14,3,3648.4,0.0,0.0,支付宝,已完成,电子产品
O00002988,C000141,P000002,2023-06-09,3,3943.44,0.7,8281.22,支付宝,已完成,电子产品
O00002989,C000222,P000004,2024-01-06,1,4506.63,0.0,0.0,花呗,已完成,电子产品
O00002990,C000301,P000031,2023-03-03,1,96.51,0.9,86.86,信用卡,已完成,食品
O00002991,C000334,P000013,2023-03-29,2,74.95,0.8,119.92,支付宝,已完成,服装
O00002992,C000195,P000026,2023-05-14,1,183.74,0.0,0.0,支付宝,已完成,食品
O00002993,C000300,P000017,2023-09-25,1,610.78,0.0,0.0,支付宝,退货中,家居
O00002994,C000236,P000026,2024-12-28,1,183.74,0.0,0.0,支付宝,待发货,食品
O00002995,C000362,P000033,2024-09-22,1,787.6,0.8,630.08,信用卡,已完成,美妆
O00002996,C000334,P000034,2024-10-17,2,644.27,0.0,0.0,银行卡,已完成,美妆
O00002997,C000133,P000016,2024-01-15,2,312.16,0.9,561.89,银行卡,已完成,服装
O00002998,C000491,P000020,2024-03-11,1,2094.02,0.8,1675.22,银行卡,已发货,家居
O00002999,C000280,P000005,2023-04-19,1,806.54,0.85,685.56,信用卡,已完成,电子产品
O00003000,C000044,P000015,2023-04-24,1,211.1,0.0,0.0,支付宝,已完成,服装
O00003001,C000484,P000014,2024-06-10,3,443.12,0.0,0.0,信用卡,已完成,服装
O00003002,C000232,P000040,2023-04-13,2,138.85,0.0,0.0,支付宝,已完成,美妆
O00003003,C000227,P000009,2024-03-09,1,516.07,0.0,0.0,花呗,已完成,服装
O00003004,C000155,P000005,2024-11-17,1,806.54,0.0,0.0,花呗,已完成,电子产品
O00003005,C000042,P000034,2023-04-21,1,644.27,0.9,579.84,信用卡,退货中,美妆
O00003006,C000300,P000010,2024-06-04,1,783.56,0.0,0.0,微信支付,已完成,服装
O00003007,C000162,P000012,2024-12-30,1,773.28,0.0,0.0,支付宝,已完成,服装
O00003008,C000106,P000002,2023-10-22,3,3943.44,0.0,0.0,银行卡,已完成,电子产品
O00003009,C000316,P000009,2023-07-24,1,516.07,0.0,0.0,微信支付,已发货,服装
O00003010,C000009,P000035,2024-08-01,1,181.94,0.0,0.0,花呗,已完成,美妆
O00003011,C000067,P000009,2024-04-02,2,516.07,0.0,0.0,银行卡,已完成,服装
O00003012,C000023,P000024,2023-07-29,1,2154.25,0.0,0.0,微信支付,已完成,家居
O00003013,C000499,P000013,2023-07-25,5,74.95,0.0,0.0,信用卡,已完成,服装
O00003014,C000090,P000026,2024-03-23,4,183.74,0.0,0.0,微信支付,待发货,食品
O00003015,C000128,P000036,2024-08-22,1,642.93,0.0,0.0,微信支付,已完成,美妆
O00003016,C000038,P000002,2024-05-01,2,3943.44,0.0,0.0,银行卡,已完成,电子产品
O00003017,C000075,P000002,2024-03-11,1,3943.44,0.7,2760.41,花呗,已完成,电子产品
O00003018,C000331,P000011,2023-03-11,1,652.21,0.0,0.0,花呗,已发货,服装
O00003019,C000463,P000027,2024-04-23,1,196.89,0.0,0.0,支付宝,已完成,食品
O00003020,C000181,P000023,2023-09-26,2,2547.93,0.0,0.0,花呗,已完成,家居
O00003021,C000385,P000011,2024-07-30,1,652.21,0.8,521.77,银行卡,已发货,服装
O00003022,C000493,P000038,2023-11-19,2,117.96,0.7,165.14,支付宝,已完成,美妆
O00003023,C000472,P000023,2023-06-26,1,2547.93,0.9,2293.14,花呗,已完成,家居
O00003024,C000125,P000021,2024-08-26,1,1114.1,0.85,946.98,信用卡,已完成,家居
O00003025,C000335,P000015,2024-02-09,4,211.1,0.0,0.0,信用卡,已发货,服装
O00003026,C000025,P000039,2024-10-25,2,503.15,0.0,0.0,信用卡,已完成,美妆
O00003027,C000078,P000025,2024-02-29,2,175.23,0.0,0.0,银行卡,已完成,食品
O00003028,C000374,P000028,2024-01-27,1,28.74,0.0,0.0,信用卡,退货中,食品
O00003029,C000376,P000038,2023-02-20,1,117.96,0.0,0.0,微信支付,已完成,美妆
O00003030,C000358,P000032,2023-06-28,1,22.76,0.0,0.0,微信支付,已发货,食品
O00003031,C000423,P000027,2024-06-11,2,196.89,0.0,0.0,花呗,已完成,食品
O00003032,C000172,P000015,2023-04-27,2,211.1,0.0,0.0,支付宝,退货中,服装
O00003033,C000060,P000025,2023-09-28,1,175.23,0.0,0.0,微信支付,已完成,食品
O00003034,C000055,P000030,2024-04-23,1,66.13,0.0,0.0,花呗,已完成,食品
O00003035,C000450,P000031,2023-04-19,3,96.51,0.0,0.0,微信支付,已完成,食品
O00003036,C000476,P000006,2024-11-06,2,4189.79,0.85,7122.64,银行卡,已完成,电子产品
O00003037,C000173,P000006,2024-07-12,1,4189.79,0.85,3561.32,微信支付,已取消,电子产品
O00003038,C000367,P000014,2024-12-19,1,443.12,0.0,0.0,花呗,已发货,服装
O00003039,C000211,P000020,2024-08-21,2,2094.02,0.0,0.0,支付宝,已完成,家居
O00003040,C000287,P000015,2024-03-31,1,211.1,0.9,189.99,花呗,退货中,服装
O00003041,C000473,P000040,2024-08-24,2,138.85,0.8,222.16,花呗,退货中,美妆
O00003042,C000423,P000013,2023-03-14,1,74.95,0.8,59.96,银行卡,退货中,服装
O00003043,C000024,P000001,2023-05-22,1,1948.13,0.0,0.0,银行卡,已完成,电子产品
O00003044,C000364,P000017,2023-08-27,2,610.78,0.0,0.0,花呗,已完成,家居
O00003045,C000415,P000025,2023-01-12,1,175.23,0.0,0.0,支付宝,已完成,食品
O00003046,C000116,P000026,2023-02-17,1,183.74,0.0,0.0,支付宝,已完成,食品
O00003047,C000019,P000029,2023-07-04,3,84.32,0.0,0.0,支付宝,已发货,食品
O00003048,C000347,P000014,2024-02-17,1,443.12,0.9,398.81,支付宝,已完成,服装
O00003049,C000086,P000027,2024-06-07,4,196.89,0.9,708.8,花呗,待发货,食品
O00003050,C000238,P000001,2023-06-19,1,1948.13,0.0,0.0,花呗,已完成,电子产品
O00003051,C000109,P000015,2024-02-06,1,211.1,0.7,147.77,信用卡,已完成,服装
O00003052,C000262,P000006,2023-02-21,2,4189.79,0.0,0.0,微信支付,已完成,电子产品
O00003053,C000356,P000005,2023-09-22,2,806.54,0.0,0.0,花呗,已取消,电子产品
O00003054,C000419,P000019,2023-12-30,1,982.38,0.0,0.0,花呗,已完成,家居
O00003055,C000119,P000019,2023-07-01,2,982.38,0.9,1768.28,花呗,已完成,家居
O00003056,C000012,P000017,2023-12-08,2,610.78,0.0,0.0,信用卡,已发货,家居
O00003057,C000216,P000031,2024-11-05,2,96.51,0.0,0.0,银行卡,已完成,食品
O00003058,C000460,P000027,2024-09-11,2,196.89,0.9,354.4,银行卡,已取消,食品
O00003059,C000367,P000017,2024-01-21,3,610.78,0.0,0.0,银行卡,已完成,家居
O00003060,C000052,P000013,2024-03-15,4,74.95,0.0,0.0,银行卡,已完成,服装
O00003061,C000470,P000031,2024-03-30,1,96.51,0.0,0.0,支付宝,已完成,食品
O00003062,C000287,P000026,2023-06-13,1,183.74,0.0,0.0,微信支付,退货中,食品
O00003063,C000303,P000021,2024-02-21,3,1114.1,0.0,0.0,支付宝,已完成,家居
O00003064,C000135,P000027,2024-08-10,2,196.89,0.85,334.71,银行卡,退货中,食品
O00003065,C000404,P000007,2024-06-29,2,3648.4,0.0,0.0,支付宝,已完成,电子产品
O00003066,C000067,P000011,2023-05-21,3,652.21,0.0,0.0,微信支付,退货中,服装
O00003067,C000321,P000004,2024-06-23,5,4506.63,0.0,0.0,信用卡,已完成,电子产品
O00003068,C000036,P000034,2023-03-06,1,644.27,0.0,0.0,支付宝,已完成,美妆
O00003069,C000286,P000030,2023-09-12,2,66.13,0.85,112.42,花呗,已完成,食品
O00003070,C000314,P000031,2023-06-17,2,96.51,0.8,154.42,信用卡,退货中,食品
O00003071,C000218,P000008,2023-08-07,1,3065.33,0.0,0.0,支付宝,已完成,电子产品
O00003072,C000026,P000034,2023-09-12,1,644.27,0.0,0.0,花呗,已完成,美妆
O00003073,C000354,P000017,2024-02-15,2,610.78,0.85,1038.33,支付宝,已完成,家居
O00003074,C000366,P000035,2024-01-04,4,181.94,0.0,0.0,银行卡,已取消,美妆
O00003075,C000225,P000033,2023-09-26,1,787.6,0.0,0.0,银行卡,已完成,美妆
O00003076,C000046,P000006,2023-07-17,2,4189.79,0.0,0.0,花呗,已完成,电子产品
O00003077,C000264,P000015,2023-03-06,1,211.1,0.9,189.99,支付宝,已完成,服装
O00003078,C000174,P000034,2023-05-10,3,644.27,0.0,0.0,花呗,已发货,美妆
O00003079,C000383,P000015,2024-10-07,3,211.1,0.0,0.0,支付宝,已完成,服装
O00003080,C000005,P000035,2024-04-17,3,181.94,0.0,0.0,银行卡,已发货,美妆
O00003081,C000055,P000004,2023-10-05,1,4506.63,0.85,3830.64,支付宝,已完成,电子产品
O00003082,C000175,P000019,2023-12-01,3,982.38,0.8,2357.71,信用卡,已完成,家居
O00003083,C000381,P000023,2024-07-13,4,2547.93,0.9,9172.55,花呗,已完成,家居
O00003084,C000112,P000003,2023-09-12,3,4516.24,0.0,0.0,花呗,已完成,电子产品
O00003085,C000264,P000009,2023-11-16,2,516.07,0.0,0.0,银行卡,已取消,服装
O00003086,C000161,P000012,2023-04-03,2,773.28,0.0,0.0,银行卡,已完成,服装
O00003087,C000364,P000026,2023-02-20,3,183.74,0.9,496.1,花呗,已完成,食品
O00003088,C000468,P000026,2023-03-01,2,183.74,0.85,312.36,银行卡,已发货,食品
O00003089,C000458,P000029,2024-01-26,1,84.32,0.0,0.0,支付宝,待发货,食品
O00003090,C000220,P000025,2023-03-22,1,175.23,0.9,157.71,微信支付,已完成,食品
O00003091,C000391,P000031,2024-07-04,3,96.51,0.0,0.0,信用卡,已发货,食品
O00003092,C000339,P000021,2023-11-18,1,1114.1,0.7,779.87,微信支付,已完成,家居
O00003093,C000497,P000006,2024-08-16,1,4189.79,0.0,0.0,支付宝,已完成,电子产品
O00003094,C000162,P000005,2023-01-08,1,806.54,0.0,0.0,花呗,已完成,电子产品
O00003095,C000038,P000011,2023-05-20,1,652.21,0.7,456.55,银行卡,已完成,服装
O00003096,C000291,P000025,2023-10-28,1,175.23,0.7,122.66,银行卡,已取消,食品
O00003097,C000034,P000014,2024-07-24,3,443.12,0.0,0.0,信用卡,已完成,服装
O00003098,C000167,P000036,2024-03-22,1,642.93,0.0,0.0,银行卡,已完成,美妆
O00003099,C000449,P000011,2024-01-08,1,652.21,0.0,0.0,花呗,已完成,服装
O00003100,C000218,P000021,2024-08-07,3,1114.1,0.7,2339.61,银行卡,已完成,家居
O00003101,C000221,P000013,2023-07-16,4,74.95,0.85,254.83,支付宝,已发货,服装
O00003102,C000209,P000028,2023-09-06,1,28.74,0.0,0.0,信用卡,待发货,食品
O00003103,C000269,P000007,2023-05-14,3,3648.4,0.0,0.0,信用卡,待发货,电子产品
O00003104,C000407,P000020,2023-10-24,1,2094.02,0.0,0.0,银行卡,已完成,家居
O00003105,C000120,P000006,2023-12-22,2,4189.79,0.0,0.0,信用卡,已完成,电子产品
O00003106,C000210,P000040,2023-07-11,1,138.85,0.0,0.0,微信支付,已完成,美妆
O00003107,C000318,P000025,2024-04-07,4,175.23,0.8,560.74,信用卡,已完成,食品
O00003108,C000329,P000002,2023-05-18,1,3943.44,0.9,3549.1,信用卡,已发货,电子产品
O00003109,C000447,P000004,2023-03-22,1,4506.63,0.9,4055.97,支付宝,已完成,电子产品
O00003110,C000109,P000016,2024-05-30,1,312.16,0.0,0.0,花呗,已发货,服装
O00003111,C000241,P000032,2023-03-03,2,22.76,0.8,36.42,花呗,已完成,食品
O00003112,C000211,P000038,2024-04-30,1,117.96,0.7,82.57,信用卡,已完成,美妆
O00003113,C000346,P000038,2024-07-26,2,117.96,0.8,188.74,微信支付,已完成,美妆
O00003114,C000004,P000035,2024-01-02,2,181.94,0.85,309.3,支付宝,已完成,美妆
O00003115,C000348,P000014,2023-10-07,4,443.12,0.7,1240.74,信用卡,已完成,服装
O00003116,C000455,P000008,2023-06-18,3,3065.33,0.0,0.0,微信支付,已完成,电子产品
O00003117,C000471,P000031,2023-06-18,2,96.51,0.0,0.0,微信支付,已完成,食品
O00003118,C000226,P000034,2024-05-05,2,644.27,0.0,0.0,花呗,已完成,美妆
O00003119,C000414,P000020,2024-06-29,2,2094.02,0.0,0.0,微信支付,已完成,家居
O00003120,C000428,P000002,2023-09-29,1,3943.44,0.0,0.0,微信支付,已取消,电子产品
O00003121,C000482,P000035,2024-07-24,1,181.94,0.0,0.0,银行卡,已完成,美妆
O00003122,C000383,P000020,2024-01-06,3,2094.02,0.7,4397.44,银行卡,已发货,家居
O00003123,C000027,P000038,2024-11-23,1,117.96,0.0,0.0,银行卡,已取消,美妆
O00003124,C000321,P000013,2024-04-23,1,74.95,0.0,0.0,微信支付,已完成,服装
O00003125,C000031,P000008,2023-03-20,3,3065.33,0.8,7356.79,微信支付,已完成,电子产品
O00003126,C000024,P000007,2024-04-03,4,3648.4,0.0,0.0,信用卡,已完成,电子产品
O00003127,C000087,P000028,2024-09-27,2,28.74,0.7,40.24,信用卡,已发货,食品
O00003128,C000299,P000017,2024-02-12,1,610.78,0.0,0.0,银行卡,已发货,家居
O00003129,C000098,P000013,2024-11-25,2,74.95,0.0,0.0,支付宝,已发货,服装
O00003130,C000473,P000007,2024-07-22,1,3648.4,0.9,3283.56,支付宝,已完成,电子产品
O00003131,C000397,P000040,2023-12-29,3,138.85,0.9,374.9,支付宝,已发货,美妆
O00003132,C000261,P000011,2023-03-10,3,652.21,0.0,0.0,微信支付,已完成,服装
O00003133,C000023,P000016,2023-09-19,3,312.16,0.9,842.83,支付宝,已完成,服装
O00003134,C000138,P000010,2023-08-24,1,783.56,0.0,0.0,微信支付,已完成,服装
O00003135,C000084,P000002,2023-08-23,1,3943.44,0.0,0.0,银行卡,已完成,电子产品
O00003136,C000096,P000027,2024-12-17,1,196.89,0.9,177.2,花呗,已发货,食品
O00003137,C000154,P000037,2024-02-10,1,232.01,0.0,0.0,花呗,已完成,美妆
O00003138,C000375,P000027,2024-03-11,4,196.89,0.0,0.0,银行卡,已完成,食品
O00003139,C000476,P000030,2024-11-17,1,66.13,0.0,0.0,信用卡,退货中,食品
O00003140,C000095,P000036,2024-06-28,1,642.93,0.0,0.0,银行卡,已完成,美妆
O00003141,C000109,P000006,2024-05-01,2,4189.79,0.0,0.0,花呗,已完成,电子产品
O00003142,C000326,P000017,2024-10-19,1,610.78,0.85,519.16,银行卡,已完成,家居
O00003143,C000374,P000012,2024-09-02,1,773.28,0.0,0.0,花呗,已完成,服装
O00003144,C000060,P000014,2023-09-19,2,443.12,0.9,797.62,花呗,待发货,服装
O00003145,C000167,P000014,2024-03-11,2,443.12,0.0,0.0,微信支付,退货中,服装
O00003146,C000135,P000025,2024-12-08,3,175.23,0.0,0.0,银行卡,已完成,食品
O00003147,C000382,P000003,2024-12-20,1,4516.24,0.0,0.0,银行卡,已完成,电子产品
O00003148,C000232,P000030,2024-11-28,3,66.13,0.0,0.0,支付宝,已完成,食品
O00003149,C000272,P000036,2024-09-04,3,642.93,0.7,1350.15,银行卡,已完成,美妆
O00003150,C000089,P000001,2023-05-16,1,1948.13,0.85,1655.91,微信支付,已取消,电子产品
O00003151,C000063,P000015,2023-06-16,2,211.1,0.0,0.0,支付宝,已完成,服装
O00003152,C000378,P000030,2023-04-26,1,66.13,0.9,59.52,信用卡,退货中,食品
O00003153,C000429,P000007,2023-06-10,1,3648.4,0.0,0.0,微信支付,已取消,电子产品
O00003154,C000023,P000009,2024-06-11,2,516.07,0.9,928.93,花呗,已取消,服装
O00003155,C000166,P000039,2023-06-21,4,503.15,0.0,0.0,支付宝,已完成,美妆
O00003156,C000114,P000032,2023-08-24,1,22.76,0.0,0.0,支付宝,已完成,食品
O00003157,C000283,P000022,2024-01-31,2,2860.42,0.0,0.0,支付宝,已完成,家居
O00003158,C000009,P000004,2024-06-04,4,4506.63,0.0,0.0,花呗,已发货,电子产品
O00003159,C000315,P000003,2024-11-23,4,4516.24,0.0,0.0,支付宝,已完成,电子产品
O00003160,C000130,P000003,2023-10-30,2,4516.24,0.0,0.0,支付宝,已完成,电子产品
O00003161,C000017,P000039,2023-08-29,1,503.15,0.0,0.0,银行卡,待发货,美妆
O00003162,C000001,P000002,2024-10-18,2,3943.44,0.0,0.0,支付宝,已取消,电子产品
O00003163,C000269,P000030,2023-10-10,3,66.13,0.85,168.63,花呗,已完成,食品
O00003164,C000262,P000019,2023-07-19,2,982.38,0.0,0.0,花呗,已完成,家居
O00003165,C000404,P000002,2024-11-23,1,3943.44,0.0,0.0,微信支付,已发货,电子产品
O00003166,C000344,P000005,2023-01-18,2,806.54,0.85,1371.12,微信支付,已完成,电子产品
O00003167,C000349,P000010,2023-10-13,1,783.56,0.7,548.49,花呗,已取消,服装
O00003168,C000124,P000023,2023-03-18,1,2547.93,0.8,2038.34,支付宝,已完成,家居
O00003169,C000492,P000030,2024-11-15,1,66.13,0.0,0.0,支付宝,已完成,食品
O00003170,C000028,P000010,2024-10-24,1,783.56,0.0,0.0,支付宝,已完成,服装
O00003171,C000478,P000020,2024-12-21,2,2094.02,0.7,2931.63,微信支付,已发货,家居
O00003172,C000212,P000021,2023-01-02,5,1114.1,0.0,0.0,支付宝,已发货,家居
O00003173,C000140,P000002,2024-08-28,1,3943.44,0.9,3549.1,支付宝,已完成,电子产品
O00003174,C000353,P000016,2023-01-16,2,312.16,0.0,0.0,微信支付,已完成,服装
O00003175,C000262,P000035,2024-07-15,1,181.94,0.0,0.0,信用卡,已完成,美妆
O00003176,C000086,P000037,2024-08-04,2,232.01,0.0,0.0,信用卡,已完成,美妆
O00003177,C000191,P000016,2023-01-16,2,312.16,0.0,0.0,花呗,已完成,服装
O00003178,C000300,P000031,2024-10-12,2,96.51,0.0,0.0,信用卡,已完成,食品
O00003179,C000036,P000018,2023-03-16,3,2590.73,0.0,0.0,花呗,已完成,家居
O00003180,C000243,P000035,2024-01-07,1,181.94,0.0,0.0,信用卡,已完成,美妆
O00003181,C000338,P000032,2023-01-24,3,22.76,0.0,0.0,支付宝,已完成,食品
O00003182,C000236,P000026,2023-05-16,4,183.74,0.9,661.46,银行卡,已完成,食品
O00003183,C000304,P000003,2024-10-08,1,4516.24,0.0,0.0,微信支付,已完成,电子产品
O00003184,C000274,P000010,2023-11-06,1,783.56,0.0,0.0,支付宝,退货中,服装
O00003185,C000157,P000012,2024-08-08,3,773.28,0.0,0.0,支付宝,已完成,服装
O00003186,C000226,P000019,2024-01-05,3,982.38,0.0,0.0,支付宝,已完成,家居
O00003187,C000063,P000012,2024-04-12,1,773.28,0.0,0.0,微信支付,已完成,服装
O00003188,C000046,P000005,2024-01-30,1,806.54,0.85,685.56,支付宝,已完成,电子产品
O00003189,C000017,P000025,2024-10-22,2,175.23,0.0,0.0,花呗,已完成,食品
O00003190,C000395,P000004,2024-02-17,2,4506.63,0.0,0.0,微信支付,已取消,电子产品
O00003191,C000047,P000006,2024-09-09,1,4189.79,0.0,0.0,花呗,已取消,电子产品
O00003192,C000061,P000030,2023-02-24,1,66.13,0.8,52.9,银行卡,已发货,食品
O00003193,C000297,P000015,2024-01-11,2,211.1,0.0,0.0,花呗,已完成,服装
O00003194,C000330,P000035,2023-10-28,1,181.94,0.85,154.65,支付宝,已完成,美妆
O00003195,C000350,P000014,2024-06-01,1,443.12,0.85,376.65,微信支付,已完成,服装
O00003196,C000359,P000029,2024-01-11,1,84.32,0.0,0.0,花呗,已完成,食品
O00003197,C000441,P000039,2023-02-20,1,503.15,0.0,0.0,银行卡,已完成,美妆
O00003198,C000421,P000026,2023-02-24,1,183.74,0.0,0.0,微信支付,已完成,食品
O00003199,C000395,P000009,2024-04-26,1,516.07,0.0,0.0,花呗,退货中,服装
O00003200,C000319,P000011,2023-10-14,2,652.21,0.0,0.0,花呗,已完成,服装
O00003201,C000251,P000035,2024-06-13,2,181.94,0.9,327.49,信用卡,已完成,美妆
O00003202,C000154,P000011,2023-05-20,1,652.21,0.0,0.0,花呗,退货中,服装
O00003203,C000275,P000001,2024-01-18,4,1948.13,0.0,0.0,银行卡,已完成,电子产品
O00003204,C000252,P000018,2024-10-18,4,2590.73,0.8,8290.34,支付宝,已完成,家居
O00003205,C000063,P000009,2024-01-16,1,516.07,0.9,464.46,信用卡,退货中,服装
O00003206,C000391,P000039,2023-04-22,3,503.15,0.9,1358.5,银行卡,退货中,美妆
O00003207,C000147,P000038,2023-03-24,1,117.96,0.0,0.0,银行卡,已发货,美妆
O00003208,C000262,P000002,2024-03-27,1,3943.44,0.0,0.0,微信支付,已完成,电子产品
O00003209,C000099,P000030,2024-04-18,1,66.13,0.0,0.0,银行卡,已完成,食品
O00003210,C000032,P000032,2023-01-05,2,22.76,0.0,0.0,支付宝,退货中,食品
O00003211,C000108,P000033,2024-08-10,3,787.6,0.0,0.0,银行卡,已发货,美妆
O00003212,C000219,P000004,2023-08-21,2,4506.63,0.0,0.0,花呗,已发货,电子产品
O00003213,C000454,P000024,2024-02-28,2,2154.25,0.0,0.0,信用卡,已完成,家居
O00003214,C000105,P000009,2024-09-01,1,516.07,0.7,361.25,支付宝,已完成,服装
O00003215,C000188,P000032,2023-04-01,1,22.76,0.85,19.35,花呗,退货中,食品
O00003216,C000101,P000003,2024-04-30,4,4516.24,0.0,0.0,花呗,已完成,电子产品
O00003217,C000183,P000039,2023-03-14,1,503.15,0.0,0.0,微信支付,已完成,美妆
O00003218,C000178,P000029,2024-07-28,1,84.32,0.0,0.0,微信支付,已完成,食品
O00003219,C000461,P000018,2023-10-31,1,2590.73,0.8,2072.58,银行卡,已完成,家居
O00003220,C000151,P000016,2024-06-20,1,312.16,0.85,265.34,银行卡,已发货,服装
O00003221,C000424,P000039,2023-06-05,3,503.15,0.0,0.0,银行卡,已完成,美妆
O00003222,C000163,P000039,2024-03-21,5,503.15,0.0,0.0,微信支付,已完成,美妆
O00003223,C000258,P000013,2023-08-13,2,74.95,0.7,104.93,银行卡,退货中,服装
O00003224,C000353,P000040,2024-05-30,4,138.85,0.0,0.0,微信支付,已完成,美妆
O00003225,C000452,P000021,2023-08-22,1,1114.1,0.7,779.87,银行卡,已完成,家居
O00003226,C000399,P000024,2023-05-22,1,2154.25,0.0,0.0,支付宝,已完成,家居
O00003227,C000237,P000002,2024-03-30,1,3943.44,0.9,3549.1,信用卡,已取消,电子产品
O00003228,C000012,P000022,2024-09-26,1,2860.42,0.0,0.0,信用卡,已完成,家居
O00003229,C000337,P000039,2024-08-01,1,503.15,0.85,427.68,花呗,已完成,美妆
O00003230,C000075,P000030,2023-12-08,1,66.13,0.0,0.0,支付宝,已取消,食品
O00003231,C000269,P000001,2024-12-17,1,1948.13,0.0,0.0,花呗,已完成,电子产品
O00003232,C000495,P000035,2023-08-28,1,181.94,0.0,0.0,支付宝,已完成,美妆
O00003233,C000135,P000030,2024-06-03,1,66.13,0.0,0.0,支付宝,已取消,食品
O00003234,C000192,P000021,2023-10-30,1,1114.1,0.0,0.0,信用卡,已发货,家居
O00003235,C000157,P000037,2024-12-20,1,232.01,0.9,208.81,信用卡,已完成,美妆
O00003236,C000239,P000025,2024-01-15,2,175.23,0.0,0.0,银行卡,已取消,食品
O00003237,C000290,P000040,2023-03-27,2,138.85,0.7,194.39,支付宝,已完成,美妆
O00003238,C000398,P000021,2023-07-06,2,1114.1,0.0,0.0,花呗,已完成,家居
O00003239,C000333,P000013,2023-03-02,1,74.95,0.8,59.96,支付宝,已完成,服装
O00003240,C000175,P000011,2023-04-24,1,652.21,0.8,521.77,微信支付,已完成,服装
O00003241,C000101,P000021,2023-12-22,4,1114.1,0.9,4010.76,花呗,退货中,家居
O00003242,C000484,P000032,2024-10-10,1,22.76,0.0,0.0,信用卡,待发货,食品
O00003243,C000344,P000020,2024-05-19,1,2094.02,0.0,0.0,微信支付,已完成,家居
O00003244,C000436,P000005,2024-04-19,3,806.54,0.0,0.0,银行卡,已完成,电子产品
O00003245,C000086,P000013,2024-08-27,2,74.95,0.9,134.91,微信支付,已完成,服装
O00003246,C000060,P000003,2023-03-09,2,4516.24,0.7,6322.74,银行卡,已完成,电子产品
O00003247,C000030,P000017,2024-09-28,4,610.78,0.0,0.0,支付宝,已完成,家居
O00003248,C000277,P000013,2024-08-15,1,74.95,0.0,0.0,微信支付,已完成,服装
O00003249,C000228,P000010,2023-08-08,4,783.56,0.0,0.0,银行卡,已完成,服装
O00003250,C000380,P000037,2024-07-09,1,232.01,0.9,208.81,支付宝,已完成,美妆
O00003251,C000373,P000004,2024-10-31,4,4506.63,0.9,16223.87,微信支付,已完成,电子产品
O00003252,C000162,P000038,2024-01-03,4,117.96,0.85,401.06,银行卡,已完成,美妆
O00003253,C000214,P000004,2023-12-15,2,4506.63,0.0,0.0,支付宝,已完成,电子产品
O00003254,C000471,P000008,2024-02-22,1,3065.33,0.0,0.0,花呗,退货中,电子产品
O00003255,C000217,P000003,2023-01-20,1,4516.24,0.0,0.0,花呗,已完成,电子产品
O00003256,C000191,P000025,2024-07-13,1,175.23,0.0,0.0,银行卡,已完成,食品
O00003257,C000416,P000027,2024-12-13,1,196.89,0.7,137.82,花呗,待发货,食品
O00003258,C000018,P000001,2024-11-27,1,1948.13,0.8,1558.5,微信支付,已完成,电子产品
O00003259,C000300,P000005,2024-08-06,2,806.54,0.0,0.0,银行卡,已发货,电子产品
O00003260,C000465,P000025,2023-01-22,3,175.23,0.0,0.0,信用卡,已完成,食品
O00003261,C000429,P000010,2023-06-10,3,783.56,0.0,0.0,微信支付,已完成,服装
O00003262,C000120,P000040,2023-01-12,2,138.85,0.0,0.0,信用卡,已完成,美妆
O00003263,C000313,P000040,2023-05-14,1,138.85,0.0,0.0,支付宝,待发货,美妆
O00003264,C000061,P000039,2023-09-18,1,503.15,0.0,0.0,微信支付,已完成,美妆
O00003265,C000432,P000021,2024-08-09,2,1114.1,0.0,0.0,微信支付,已发货,家居
O00003266,C000081,P000004,2023-04-08,1,4506.63,0.9,4055.97,支付宝,已完成,电子产品
O00003267,C000354,P000027,2024-10-20,2,196.89,0.0,0.0,支付宝,待发货,食品
O00003268,C000413,P000021,2023-01-06,1,1114.1,0.7,779.87,花呗,已完成,家居
O00003269,C000312,P000034,2024-06-06,4,644.27,0.0,0.0,支付宝,已完成,美妆
O00003270,C000498,P000025,2024-02-07,1,175.23,0.85,148.95,花呗,已完成,食品
O00003271,C000061,P000026,2023-10-16,4,183.74,0.0,0.0,信用卡,待发货,食品
O00003272,C000370,P000016,2024-07-30,1,312.16,0.7,218.51,信用卡,已完成,服装
O00003273,C000345,P000008,2024-08-02,1,3065.33,0.0,0.0,花呗,待发货,电子产品
O00003274,C000477,P000037,2024-03-09,2,232.01,0.0,0.0,微信支付,已完成,美妆
O00003275,C000070,P000031,2023-09-04,4,96.51,0.85,328.13,微信支付,已完成,食品
O00003276,C000029,P000039,2024-12-11,3,503.15,0.0,0.0,花呗,已完成,美妆
O00003277,C000078,P000017,2023-09-19,1,610.78,0.0,0.0,支付宝,已完成,家居
O00003278,C000438,P000012,2023-05-10,2,773.28,0.0,0.0,支付宝,已完成,服装
O00003279,C000213,P000013,2023-06-15,3,74.95,0.85,191.12,支付宝,已完成,服装
O00003280,C000025,P000030,2024-03-17,1,66.13,0.0,0.0,花呗,已发货,食品
O00003281,C000416,P000009,2023-06-25,2,516.07,0.8,825.71,花呗,已完成,服装
O00003282,C000259,P000005,2024-06-18,3,806.54,0.0,0.0,支付宝,已完成,电子产品
O00003283,C000152,P000040,2024-08-02,2,138.85,0.0,0.0,支付宝,已完成,美妆
O00003284,C000053,P000026,2023-08-05,2,183.74,0.0,0.0,花呗,已完成,食品
O00003285,C000210,P000016,2024-08-25,1,312.16,0.0,0.0,信用卡,待发货,服装
O00003286,C000295,P000005,2024-04-26,2,806.54,0.9,1451.77,信用卡,已完成,电子产品
O00003287,C000438,P000038,2023-02-15,2,117.96,0.85,200.53,银行卡,已发货,美妆
O00003288,C000069,P000039,2024-05-05,4,503.15,0.85,1710.71,花呗,已完成,美妆
O00003289,C000378,P000001,2023-03-10,3,1948.13,0.0,0.0,微信支付,已完成,电子产品
O00003290,C000145,P000001,2024-08-18,2,1948.13,0.0,0.0,花呗,已完成,电子产品
O00003291,C000187,P000020,2023-11-15,1,2094.02,0.9,1884.62,花呗,待发货,家居
O00003292,C000064,P000038,2024-05-03,1,117.96,0.0,0.0,花呗,已完成,美妆
O00003293,C000067,P000031,2023-10-29,1,96.51,0.9,86.86,微信支付,已完成,食品
O00003294,C000381,P000014,2023-06-09,1,443.12,0.0,0.0,银行卡,已完成,服装
O00003295,C000358,P000037,2023-10-13,1,232.01,0.9,208.81,花呗,已完成,美妆
O00003296,C000427,P000018,2023-03-09,2,2590.73,0.7,3627.02,银行卡,已完成,家居
O00003297,C000398,P000037,2024-12-28,2,232.01,0.0,0.0,微信支付,已完成,美妆
O00003298,C000298,P000016,2023-01-14,2,312.16,0.9,561.89,支付宝,已完成,服装
O00003299,C000233,P000003,2024-12-13,1,4516.24,0.8,3612.99,微信支付,已完成,电子产品
O00003300,C000470,P000008,2024-05-24,2,3065.33,0.8,4904.53,支付宝,已完成,电子产品
O00003301,C000257,P000031,2023-07-18,1,96.51,0.85,82.03,微信支付,已完成,食品
O00003302,C000496,P000021,2024-03-03,2,1114.1,0.0,0.0,银行卡,已完成,家居
O00003303,C000314,P000023,2023-01-03,1,2547.93,0.85,2165.74,银行卡,已完成,家居
O00003304,C000358,P000030,2024-09-01,2,66.13,0.85,112.42,信用卡,已完成,食品
O00003305,C000406,P000020,2024-02-12,1,2094.02,0.0,0.0,花呗,已取消,家居
O00003306,C000281,P000038,2023-03-14,1,117.96,0.9,106.16,花呗,已完成,美妆
O00003307,C000410,P000002,2024-11-30,1,3943.44,0.9,3549.1,支付宝,待发货,电子产品
O00003308,C000274,P000002,2024-01-23,1,3943.44,0.0,0.0,微信支付,待发货,电子产品
O00003309,C000123,P000039,2024-06-27,2,503.15,0.8,805.04,支付宝,已完成,美妆
O00003310,C000323,P000026,2024-07-08,1,183.74,0.0,0.0,信用卡,已发货,食品
O00003311,C000415,P000006,2023-06-04,1,4189.79,0.85,3561.32,微信支付,已完成,电子产品
O00003312,C000348,P000039,2024-03-05,4,503.15,0.0,0.0,银行卡,已完成,美妆
O00003313,C000117,P000002,2024-01-13,1,3943.44,0.0,0.0,信用卡,退货中,电子产品
O00003314,C000228,P000003,2023-02-11,1,4516.24,0.9,4064.62,微信支付,已完成,电子产品
O00003315,C000480,P000004,2024-06-08,1,4506.63,0.0,0.0,支付宝,已发货,电子产品
O00003316,C000372,P000012,2023-10-21,1,773.28,0.85,657.29,银行卡,已发货,服装
O00003317,C000371,P000005,2024-03-27,2,806.54,0.0,0.0,微信支付,退货中,电子产品
O00003318,C000219,P000006,2024-09-11,2,4189.79,0.9,7541.62,花呗,已发货,电子产品
O00003319,C000246,P000040,2023-01-09,1,138.85,0.9,124.96,微信支付,已完成,美妆
O00003320,C000089,P000009,2023-05-13,1,516.07,0.0,0.0,信用卡,已发货,服装
O00003321,C000252,P000015,2023-05-01,3,211.1,0.7,443.31,银行卡,已完成,服装
O00003322,C000310,P000026,2024-02-25,1,183.74,0.8,146.99,银行卡,已完成,食品
O00003323,C000405,P000028,2024-07-22,4,28.74,0.0,0.0,微信支付,已完成,食品
O00003324,C000247,P000024,2024-06-11,1,2154.25,0.9,1938.82,支付宝,待发货,家居
O00003325,C000040,P000025,2024-05-19,2,175.23,0.0,0.0,花呗,已取消,食品
O00003326,C000367,P000024,2024-09-29,1,2154.25,0.0,0.0,微信支付,已取消,家居
O00003327,C000263,P000017,2024-12-29,2,610.78,0.9,1099.4,信用卡,已完成,家居
O00003328,C000208,P000033,2023-07-25,1,787.6,0.85,669.46,微信支付,已完成,美妆
O00003329,C000313,P000021,2023-10-16,2,1114.1,0.7,1559.74,微信支付,已取消,家居
O00003330,C000391,P000019,2024-11-13,3,982.38,0.0,0.0,微信支付,已完成,家居
O00003331,C000109,P000022,2023-07-27,1,2860.42,0.0,0.0,微信支付,已取消,家居
O00003332,C000256,P000003,2024-12-24,1,4516.24,0.85,3838.8,花呗,已发货,电子产品
O00003333,C000446,P000006,2023-01-29,1,4189.79,0.9,3770.81,银行卡,已完成,电子产品
O00003334,C000159,P000037,2024-02-04,3,232.01,0.0,0.0,银行卡,已取消,美妆
O00003335,C000234,P000016,2024-04-09,1,312.16,0.9,280.94,银行卡,已完成,服装
O00003336,C000247,P000013,2024-10-12,2,74.95,0.0,0.0,微信支付,已完成,服装
O00003337,C000085,P000019,2024-07-31,1,982.38,0.8,785.9,信用卡,已完成,家居
O00003338,C000197,P000022,2024-08-31,1,2860.42,0.0,0.0,支付宝,已发货,家居
O00003339,C000040,P000024,2023-10-15,1,2154.25,0.0,0.0,银行卡,已完成,家居
O00003340,C000329,P000039,2024-07-02,1,503.15,0.0,0.0,银行卡,已完成,美妆
O00003341,C000400,P000039,2024-09-25,4,503.15,0.0,0.0,支付宝,已取消,美妆
O00003342,C000341,P000007,2023-07-09,3,3648.4,0.0,0.0,银行卡,已发货,电子产品
O00003343,C000182,P000011,2024-01-16,3,652.21,0.0,0.0,信用卡,已完成,服装
O00003344,C000089,P000023,2023-09-03,1,2547.93,0.8,2038.34,银行卡,已完成,家居
O00003345,C000335,P000017,2024-01-12,1,610.78,0.0,0.0,支付宝,已发货,家居
O00003346,C000483,P000026,2024-01-30,1,183.74,0.85,156.18,支付宝,已完成,食品
O00003347,C000231,P000029,2023-09-29,5,84.32,0.0,0.0,微信支付,已完成,食品
O00003348,C000364,P000002,2023-06-11,3,3943.44,0.85,10055.77,银行卡,已取消,电子产品
O00003349,C000452,P000022,2023-11-13,3,2860.42,0.85,7294.07,信用卡,已完成,家居
O00003350,C000320,P000004,2023-08-14,2,4506.63,0.0,0.0,支付宝,已完成,电子产品
O00003351,C000489,P000029,2024-11-28,4,84.32,0.0,0.0,支付宝,已取消,食品
O00003352,C000454,P000013,2024-06-27,1,74.95,0.8,59.96,微信支付,已发货,服装
O00003353,C000084,P000023,2023-03-23,4,2547.93,0.0,0.0,支付宝,已完成,家居
O00003354,C000482,P000039,2024-07-24,4,503.15,0.0,0.0,银行卡,已完成,美妆
O00003355,C000114,P000003,2024-11-04,3,4516.24,0.8,10838.98,信用卡,已完成,电子产品
O00003356,C000444,P000029,2024-06-01,3,84.32,0.0,0.0,信用卡,已发货,食品
O00003357,C000158,P000018,2024-05-24,1,2590.73,0.7,1813.51,支付宝,已完成,家居
O00003358,C000228,P000013,2024-02-25,2,74.95,0.8,119.92,微信支付,已发货,服装
O00003359,C000193,P000034,2024-03-31,1,644.27,0.0,0.0,信用卡,已完成,美妆
O00003360,C000133,P000006,2023-11-28,1,4189.79,0.0,0.0,支付宝,已完成,电子产品
O00003361,C000089,P000018,2023-03-05,1,2590.73,0.0,0.0,银行卡,已完成,家居
O00003362,C000335,P000032,2024-03-25,3,22.76,0.0,0.0,银行卡,已取消,食品
O00003363,C000210,P000025,2024-06-15,1,175.23,0.0,0.0,支付宝,已完成,食品
O00003364,C000012,P000040,2024-05-10,4,138.85,0.0,0.0,微信支付,待发货,美妆
O00003365,C000001,P000022,2023-07-10,1,2860.42,0.9,2574.38,微信支付,已完成,家居
O00003366,C000464,P000008,2023-01-28,1,3065.33,0.0,0.0,花呗,已完成,电子产品
O00003367,C000097,P000018,2023-05-07,2,2590.73,0.0,0.0,信用卡,已发货,家居
O00003368,C000190,P000002,2024-10-04,2,3943.44,0.0,0.0,微信支付,已完成,电子产品
O00003369,C000414,P000029,2023-07-23,4,84.32,0.0,0.0,银行卡,已完成,食品
O00003370,C000409,P000023,2023-06-07,1,2547.93,0.0,0.0,支付宝,已完成,家居
O00003371,C000108,P000016,2023-07-10,2,312.16,0.9,561.89,信用卡,已完成,服装
O00003372,C000337,P000024,2023-12-19,3,2154.25,0.0,0.0,花呗,已完成,家居
O00003373,C000313,P000040,2024-11-06,1,138.85,0.8,111.08,微信支付,已完成,美妆
O00003374,C000477,P000017,2024-10-17,1,610.78,0.85,519.16,微信支付,已完成,家居
O00003375,C000134,P000016,2023-07-14,2,312.16,0.9,561.89,微信支付,待发货,服装
O00003376,C000450,P000025,2024-01-08,1,175.23,0.9,157.71,微信支付,待发货,食品
O00003377,C000345,P000023,2023-08-19,3,2547.93,0.0,0.0,支付宝,已完成,家居
O00003378,C000322,P000004,2023-02-05,2,4506.63,0.0,0.0,支付宝,已完成,电子产品
O00003379,C000449,P000015,2024-04-15,2,211.1,0.0,0.0,花呗,已完成,服装
O00003380,C000022,P000039,2023-05-04,1,503.15,0.85,427.68,微信支付,已发货,美妆
O00003381,C000024,P000025,2023-04-12,1,175.23,0.0,0.0,信用卡,已完成,食品
O00003382,C000350,P000040,2024-10-22,1,138.85,0.85,118.02,花呗,已发货,美妆
O00003383,C000412,P000008,2024-07-25,1,3065.33,0.9,2758.8,微信支付,已完成,电子产品
O00003384,C000126,P000029,2024-05-19,2,84.32,0.85,143.34,信用卡,已完成,食品
O00003385,C000329,P000018,2023-09-26,4,2590.73,0.0,0.0,信用卡,已完成,家居
O00003386,C000088,P000023,2023-11-29,1,2547.93,0.0,0.0,微信支付,已完成,家居
O00003387,C000168,P000018,2023-08-10,1,2590.73,0.7,1813.51,微信支付,退货中,家居
O00003388,C000118,P000006,2024-12-30,4,4189.79,0.9,15083.24,花呗,已完成,电子产品
O00003389,C000082,P000040,2023-06-07,1,138.85,0.7,97.2,花呗,已完成,美妆
O00003390,C000475,P000021,2024-11-11,1,1114.1,0.9,1002.69,微信支付,退货中,家居
O00003391,C000058,P000026,2023-12-29,1,183.74,0.0,0.0,花呗,已完成,食品
O00003392,C000436,P000025,2023-12-12,5,175.23,0.9,788.54,信用卡,已完成,食品
O00003393,C000015,P000034,2024-10-12,1,644.27,0.0,0.0,微信支付,已发货,美妆
O00003394,C000402,P000024,2024-10-25,1,2154.25,0.0,0.0,信用卡,已完成,家居
O00003395,C000420,P000022,2024-05-18,2,2860.42,0.85,4862.71,支付宝,已完成,家居
O00003396,C000055,P000018,2023-11-19,1,2590.73,0.0,0.0,银行卡,已完成,家居
O00003397,C000305,P000026,2024-10-30,3,183.74,0.0,0.0,支付宝,已完成,食品
O00003398,C000035,P000019,2024-01-30,1,982.38,0.9,884.14,花呗,已完成,家居
O00003399,C000307,P000001,2024-11-10,3,1948.13,0.0,0.0,信用卡,已完成,电子产品
O00003400,C000353,P000007,2024-01-31,2,3648.4,0.9,6567.12,信用卡,已完成,电子产品
O00003401,C000336,P000004,2023-11-23,1,4506.63,0.0,0.0,微信支付,已完成,电子产品
O00003402,C000342,P000020,2024-11-06,4,2094.02,0.0,0.0,银行卡,已完成,家居
O00003403,C000307,P000014,2024-08-02,1,443.12,0.9,398.81,银行卡,已发货,服装
O00003404,C000378,P000007,2023-01-18,1,3648.4,0.9,3283.56,花呗,已完成,电子产品
O00003405,C000317,P000027,2024-08-29,2,196.89,0.0,0.0,信用卡,退货中,食品
O00003406,C000349,P000011,2024-01-02,2,652.21,0.0,0.0,支付宝,已发货,服装
O00003407,C000233,P000037,2023-01-19,3,232.01,0.0,0.0,微信支付,已完成,美妆
O00003408,C000321,P000025,2023-03-14,2,175.23,0.9,315.41,支付宝,已完成,食品
O00003409,C000363,P000039,2024-11-08,1,503.15,0.0,0.0,微信支付,已完成,美妆
O00003410,C000417,P000037,2024-03-16,2,232.01,0.9,417.62,信用卡,已取消,美妆
O00003411,C000413,P000007,2024-10-24,2,3648.4,0.0,0.0,花呗,已完成,电子产品
O00003412,C000243,P000014,2023-03-17,1,443.12,0.0,0.0,信用卡,已完成,服装
O00003413,C000025,P000038,2024-09-08,1,117.96,0.0,0.0,信用卡,退货中,美妆
O00003414,C000492,P000004,2024-11-22,2,4506.63,0.0,0.0,银行卡,已发货,电子产品
O00003415,C000104,P000003,2024-06-27,2,4516.24,0.0,0.0,花呗,已完成,电子产品
O00003416,C000344,P000008,2023-08-31,1,3065.33,0.8,2452.26,花呗,已发货,电子产品
O00003417,C000223,P000034,2024-12-16,4,644.27,0.0,0.0,花呗,已完成,美妆
O00003418,C000094,P000015,2024-01-27,1,211.1,0.0,0.0,花呗,已完成,服装
O00003419,C000266,P000034,2024-08-15,2,644.27,0.0,0.0,支付宝,已完成,美妆
O00003420,C000294,P000015,2023-06-12,1,211.1,0.0,0.0,支付宝,已完成,服装
O00003421,C000139,P000009,2024-05-12,3,516.07,0.0,0.0,银行卡,已发货,服装
O00003422,C000257,P000016,2024-04-12,2,312.16,0.0,0.0,支付宝,已发货,服装
O00003423,C000189,P000009,2023-01-02,2,516.07,0.7,722.5,信用卡,已完成,服装
O00003424,C000182,P000014,2023-11-13,1,443.12,0.85,376.65,信用卡,已完成,服装
O00003425,C000436,P000016,2024-08-09,1,312.16,0.0,0.0,银行卡,已完成,服装
O00003426,C000276,P000022,2023-04-02,3,2860.42,0.0,0.0,银行卡,已完成,家居
O00003427,C000069,P000002,2023-02-04,1,3943.44,0.0,0.0,支付宝,已完成,电子产品
O00003428,C000312,P000015,2023-12-28,1,211.1,0.0,0.0,微信支付,已完成,服装
O00003429,C000075,P000039,2024-01-31,1,503.15,0.0,0.0,花呗,退货中,美妆
O00003430,C000089,P000030,2024-04-20,1,66.13,0.0,0.0,花呗,已完成,食品
O00003431,C000469,P000015,2023-05-21,2,211.1,0.0,0.0,银行卡,已完成,服装
O00003432,C000403,P000036,2024-12-12,1,642.93,0.0,0.0,支付宝,已完成,美妆
O00003433,C000053,P000036,2023-12-25,1,642.93,0.0,0.0,信用卡,已完成,美妆
O00003434,C000430,P000026,2023-07-31,1,183.74,0.0,0.0,支付宝,已完成,食品
O00003435,C000236,P000016,2024-09-20,3,312.16,0.0,0.0,花呗,已完成,服装
O00003436,C000193,P000026,2023-12-10,3,183.74,0.0,0.0,银行卡,已完成,食品
O00003437,C000296,P000019,2024-03-21,1,982.38,0.7,687.67,银行卡,已完成,家居
O00003438,C000207,P000038,2023-10-27,3,117.96,0.0,0.0,银行卡,已发货,美妆
O00003439,C000292,P000032,2023-11-09,3,22.76,0.0,0.0,花呗,已完成,食品
O00003440,C000423,P000009,2024-09-14,2,516.07,0.9,928.93,银行卡,已完成,服装
O00003441,C000300,P000008,2024-04-06,1,3065.33,0.0,0.0,银行卡,已完成,电子产品
O00003442,C000377,P000018,2023-09-28,3,2590.73,0.85,6606.36,花呗,已完成,家居
O00003443,C000210,P000021,2023-08-18,1,1114.1,0.0,0.0,信用卡,已完成,家居
O00003444,C000185,P000010,2024-05-03,1,783.56,0.0,0.0,花呗,已发货,服装
O00003445,C000297,P000003,2024-06-29,2,4516.24,0.8,7225.98,花呗,已完成,电子产品
O00003446,C000432,P000036,2023-10-04,3,642.93,0.0,0.0,支付宝,已完成,美妆
O00003447,C000232,P000017,2024-08-07,5,610.78,0.0,0.0,微信支付,已完成,家居
O00003448,C000231,P000011,2024-05-05,1,652.21,0.0,0.0,银行卡,已发货,服装
O00003449,C000458,P000036,2024-06-15,3,642.93,0.0,0.0,信用卡,已完成,美妆
O00003450,C000323,P000025,2024-04-28,1,175.23,0.0,0.0,微信支付,已发货,食品
O00003451,C000169,P000006,2023-01-11,1,4189.79,0.0,0.0,信用卡,已完成,电子产品
O00003452,C000356,P000003,2024-01-26,3,4516.24,0.0,0.0,花呗,已取消,电子产品
O00003453,C000464,P000015,2023-02-25,1,211.1,0.0,0.0,银行卡,已发货,服装
O00003454,C000107,P000012,2023-04-28,1,773.28,0.8,618.62,银行卡,已完成,服装
O00003455,C000075,P000016,2023-12-31,3,312.16,0.0,0.0,微信支付,已完成,服装
O00003456,C000384,P000001,2023-12-12,1,1948.13,0.85,1655.91,支付宝,已完成,电子产品
O00003457,C000103,P000022,2024-03-16,2,2860.42,0.0,0.0,花呗,退货中,家居
O00003458,C000357,P000034,2023-03-12,2,644.27,0.0,0.0,银行卡,已完成,美妆
O00003459,C000174,P000001,2024-12-13,1,1948.13,0.0,0.0,支付宝,已完成,电子产品
O00003460,C000244,P000027,2024-07-09,1,196.89,0.0,0.0,微信支付,已完成,食品
O00003461,C000436,P000029,2023-07-07,1,84.32,0.0,0.0,微信支付,已完成,食品
O00003462,C000339,P000022,2023-09-12,1,2860.42,0.0,0.0,微信支付,已完成,家居
O00003463,C000064,P000012,2023-08-01,1,773.28,0.0,0.0,微信支付,已完成,服装
O00003464,C000342,P000008,2024-08-16,2,3065.33,0.9,5517.59,信用卡,已完成,电子产品
O00003465,C000224,P000003,2024-07-07,3,4516.24,0.0,0.0,银行卡,已发货,电子产品
O00003466,C000450,P000013,2023-05-25,2,74.95,0.0,0.0,花呗,已完成,服装
O00003467,C000128,P000020,2023-06-06,4,2094.02,0.9,7538.47,信用卡,待发货,家居
O00003468,C000145,P000023,2023-10-20,1,2547.93,0.0,0.0,支付宝,已完成,家居
O00003469,C000202,P000017,2023-11-23,1,610.78,0.0,0.0,银行卡,已完成,家居
O00003470,C000040,P000019,2023-06-17,4,982.38,0.0,0.0,银行卡,已完成,家居
O00003471,C000154,P000021,2023-12-13,1,1114.1,0.85,946.98,微信支付,已完成,家居
O00003472,C000294,P000007,2023-05-17,1,3648.4,0.0,0.0,微信支付,已完成,电子产品
O00003473,C000490,P000015,2023-01-17,1,211.1,0.0,0.0,支付宝,已完成,服装
O00003474,C000495,P000013,2023-01-11,1,74.95,0.0,0.0,银行卡,已完成,服装
O00003475,C000280,P000034,2024-03-27,1,644.27,0.9,579.84,信用卡,已完成,美妆
O00003476,C000093,P000019,2024-01-09,3,982.38,0.0,0.0,信用卡,已取消,家居
O00003477,C000264,P000013,2024-05-04,1,74.95,0.0,0.0,银行卡,已完成,服装
O00003478,C000450,P000002,2023-02-28,1,3943.44,0.9,3549.1,微信支付,已完成,电子产品
O00003479,C000059,P000023,2023-06-27,1,2547.93,0.9,2293.14,花呗,已取消,家居
O00003480,C000267,P000040,2024-05-14,3,138.85,0.0,0.0,银行卡,已完成,美妆
O00003481,C000191,P000022,2023-05-15,2,2860.42,0.0,0.0,信用卡,已完成,家居
O00003482,C000404,P000035,2024-08-18,1,181.94,0.85,154.65,支付宝,已发货,美妆
O00003483,C000062,P000003,2023-06-16,1,4516.24,0.9,4064.62,微信支付,退货中,电子产品
O00003484,C000062,P000031,2024-01-18,1,96.51,0.85,82.03,信用卡,已完成,食品
O00003485,C000468,P000005,2023-09-23,4,806.54,0.0,0.0,支付宝,已完成,电子产品
O00003486,C000269,P000027,2024-05-02,3,196.89,0.9,531.6,银行卡,已完成,食品
O00003487,C000404,P000018,2024-02-28,3,2590.73,0.85,6606.36,花呗,已完成,家居
O00003488,C000018,P000023,2023-07-07,4,2547.93,0.0,0.0,银行卡,已取消,家居
O00003489,C000102,P000033,2023-08-21,2,787.6,0.8,1260.16,微信支付,已完成,美妆
O00003490,C000483,P000030,2024-04-25,3,66.13,0.0,0.0,支付宝,已完成,食品
O00003491,C000194,P000036,2023-11-21,1,642.93,0.85,546.49,花呗,已完成,美妆
O00003492,C000107,P000019,2023-12-18,3,982.38,0.85,2505.07,银行卡,已完成,家居
O00003493,C000432,P000009,2024-06-03,2,516.07,0.0,0.0,微信支付,已发货,服装
O00003494,C000476,P000017,2024-10-04,1,610.78,0.0,0.0,支付宝,已完成,家居
O00003495,C000076,P000008,2023-04-13,3,3065.33,0.0,0.0,支付宝,已完成,电子产品
O00003496,C000134,P000002,2024-04-13,1,3943.44,0.0,0.0,银行卡,退货中,电子产品
O00003497,C000034,P000031,2024-07-20,5,96.51,0.8,386.04,花呗,已完成,食品
O00003498,C000233,P000019,2023-03-17,1,982.38,0.0,0.0,信用卡,已完成,家居
O00003499,C000080,P000004,2023-02-06,1,4506.63,0.8,3605.3,花呗,已发货,电子产品
O00003500,C000372,P000008,2023-04-17,1,3065.33,0.9,2758.8,银行卡,已完成,电子产品
O00003501,C000098,P000005,2023-07-02,2,806.54,0.9,1451.77,支付宝,已完成,电子产品
O00003502,C000295,P000036,2023-06-26,1,642.93,0.8,514.34,信用卡,已完成,美妆
O00003503,C000031,P000016,2023-09-13,2,312.16,0.0,0.0,微信支付,已完成,服装
O00003504,C000429,P000034,2023-10-24,1,644.27,0.0,0.0,微信支付,已完成,美妆
O00003505,C000187,P000007,2023-11-25,1,3648.4,0.0,0.0,信用卡,已完成,电子产品
O00003506,C000212,P000007,2023-07-16,3,3648.4,0.9,9850.68,支付宝,已取消,电子产品
O00003507,C000300,P000029,2023-07-20,2,84.32,0.0,0.0,银行卡,已完成,食品
O00003508,C000271,P000025,2023-01-19,1,175.23,0.85,148.95,信用卡,已完成,食品
O00003509,C000260,P000038,2024-08-17,2,117.96,0.0,0.0,信用卡,已取消,美妆
O00003510,C000170,P000034,2023-06-20,1,644.27,0.0,0.0,信用卡,已完成,美妆
O00003511,C000079,P000009,2024-12-01,3,516.07,0.9,1393.39,银行卡,已完成,服装
O00003512,C000353,P000016,2024-11-29,1,312.16,0.0,0.0,微信支付,已完成,服装
O00003513,C000372,P000038,2024-10-11,1,117.96,0.0,0.0,花呗,已完成,美妆
O00003514,C000442,P000009,2024-02-29,2,516.07,0.0,0.0,信用卡,已完成,服装
O00003515,C000336,P000013,2023-06-24,1,74.95,0.0,0.0,微信支付,已完成,服装
O00003516,C000142,P000002,2023-03-24,1,3943.44,0.0,0.0,支付宝,待发货,电子产品
O00003517,C000046,P000014,2024-09-11,1,443.12,0.9,398.81,花呗,已完成,服装
O00003518,C000143,P000035,2023-06-11,2,181.94,0.0,0.0,支付宝,已完成,美妆
O00003519,C000097,P000027,2024-02-25,1,196.89,0.0,0.0,银行卡,已完成,食品
O00003520,C000114,P000030,2024-11-11,1,66.13,0.0,0.0,信用卡,已发货,食品
O00003521,C000479,P000018,2024-11-15,1,2590.73,0.0,0.0,信用卡,已发货,家居
O00003522,C000063,P000040,2024-09-29,1,138.85,0.9,124.96,微信支付,已发货,美妆
O00003523,C000319,P000027,2024-01-22,1,196.89,0.9,177.2,花呗,已完成,食品
O00003524,C000155,P000030,2024-10-23,2,66.13,0.0,0.0,微信支付,已完成,食品
O00003525,C000209,P000034,2023-04-20,1,644.27,0.0,0.0,支付宝,已完成,美妆
O00003526,C000202,P000014,2024-08-10,1,443.12,0.8,354.5,微信支付,已完成,服装
O00003527,C000063,P000019,2024-10-19,1,982.38,0.8,785.9,支付宝,已完成,家居
O00003528,C000062,P000017,2023-06-27,4,610.78,0.0,0.0,银行卡,已发货,家居
O00003529,C000052,P000030,2023-04-26,2,66.13,0.0,0.0,信用卡,已发货,食品
O00003530,C000479,P000019,2024-07-02,2,982.38,0.0,0.0,支付宝,已完成,家居
O00003531,C000255,P000027,2024-08-19,1,196.89,0.0,0.0,花呗,已完成,食品
O00003532,C000223,P000024,2024-02-03,2,2154.25,0.0,0.0,微信支付,已完成,家居
O00003533,C000313,P000034,2024-11-20,3,644.27,0.85,1642.89,微信支付,已完成,美妆
O00003534,C000097,P000032,2024-05-29,2,22.76,0.0,0.0,花呗,已取消,食品
O00003535,C000061,P000032,2023-11-18,1,22.76,0.85,19.35,信用卡,已完成,食品
O00003536,C000276,P000017,2023-10-16,2,610.78,0.0,0.0,银行卡,已取消,家居
O00003537,C000177,P000001,2023-05-02,3,1948.13,0.9,5259.95,微信支付,已完成,电子产品
O00003538,C000165,P000002,2023-07-04,1,3943.44,0.0,0.0,信用卡,已完成,电子产品
O00003539,C000280,P000034,2023-07-03,3,644.27,0.0,0.0,银行卡,已完成,美妆
O00003540,C000320,P000017,2023-02-16,2,610.78,0.9,1099.4,花呗,已完成,家居
O00003541,C000408,P000029,2023-04-26,1,84.32,0.0,0.0,花呗,已完成,食品
O00003542,C000179,P000029,2024-08-04,4,84.32,0.9,303.55,支付宝,已发货,食品
O00003543,C000494,P000040,2024-09-21,1,138.85,0.85,118.02,信用卡,已完成,美妆
O00003544,C000136,P000033,2024-08-31,2,787.6,0.0,0.0,花呗,退货中,美妆
O00003545,C000322,P000004,2023-06-14,1,4506.63,0.0,0.0,花呗,已完成,电子产品
O00003546,C000106,P000016,2023-08-13,1,312.16,0.0,0.0,支付宝,待发货,服装
O00003547,C000056,P000026,2023-06-22,2,183.74,0.0,0.0,银行卡,已发货,食品
O00003548,C000184,P000039,2023-06-15,4,503.15,0.0,0.0,信用卡,已完成,美妆
O00003549,C000141,P000023,2023-04-09,1,2547.93,0.9,2293.14,银行卡,已完成,家居
O00003550,C000339,P000012,2023-10-04,3,773.28,0.0,0.0,微信支付,已完成,服装
O00003551,C000179,P000014,2023-01-02,2,443.12,0.0,0.0,微信支付,已取消,服装
O00003552,C000060,P000032,2024-09-22,4,22.76,0.85,77.38,花呗,已完成,食品
O00003553,C000086,P000028,2024-04-06,1,28.74,0.9,25.87,微信支付,已完成,食品
O00003554,C000355,P000018,2024-03-22,3,2590.73,0.8,6217.75,微信支付,已取消,家居
O00003555,C000069,P000035,2023-07-31,3,181.94,0.0,0.0,信用卡,待发货,美妆
O00003556,C000323,P000032,2023-07-28,2,22.76,0.0,0.0,支付宝,已完成,食品
O00003557,C000006,P000003,2024-10-12,2,4516.24,0.9,8129.23,花呗,已完成,电子产品
O00003558,C000003,P000023,2024-02-17,4,2547.93,0.0,0.0,微信支付,已完成,家居
O00003559,C000295,P000005,2023-11-09,1,806.54,0.0,0.0,支付宝,退货中,电子产品
O00003560,C000361,P000019,2024-11-10,1,982.38,0.0,0.0,微信支付,已完成,家居
O00003561,C000448,P000036,2023-06-06,2,642.93,0.0,0.0,花呗,已完成,美妆
O00003562,C000105,P000023,2023-08-18,2,2547.93,0.0,0.0,花呗,已完成,家居
O00003563,C000416,P000017,2023-03-06,2,610.78,0.0,0.0,支付宝,已完成,家居
O00003564,C000457,P000039,2024-05-08,1,503.15,0.0,0.0,支付宝,已完成,美妆
O00003565,C000374,P000040,2024-10-06,1,138.85,0.85,118.02,微信支付,已发货,美妆
O00003566,C000414,P000034,2024-07-05,1,644.27,0.8,515.42,银行卡,已完成,美妆
O00003567,C000437,P000035,2023-03-18,1,181.94,0.0,0.0,信用卡,已完成,美妆
O00003568,C000324,P000031,2023-04-30,4,96.51,0.0,0.0,支付宝,已完成,食品
O00003569,C000481,P000012,2024-08-30,1,773.28,0.8,618.62,微信支付,已完成,服装
O00003570,C000078,P000021,2023-11-03,2,1114.1,0.0,0.0,支付宝,已完成,家居
O00003571,C000384,P000038,2023-06-04,5,117.96,0.0,0.0,信用卡,已发货,美妆
O00003572,C000215,P000038,2023-06-24,2,117.96,0.0,0.0,支付宝,已完成,美妆
O00003573,C000336,P000034,2024-04-03,1,644.27,0.9,579.84,花呗,已完成,美妆
O00003574,C000150,P000039,2023-06-16,2,503.15,0.0,0.0,银行卡,已完成,美妆
O00003575,C000016,P000035,2024-10-05,2,181.94,0.85,309.3,银行卡,已完成,美妆
O00003576,C000319,P000037,2024-08-16,3,232.01,0.0,0.0,银行卡,待发货,美妆
O00003577,C000327,P000022,2023-05-27,2,2860.42,0.0,0.0,花呗,已发货,家居
O00003578,C000475,P000015,2023-11-08,5,211.1,0.0,0.0,花呗,已完成,服装
O00003579,C000372,P000003,2023-01-23,1,4516.24,0.0,0.0,花呗,已完成,电子产品
O00003580,C000384,P000001,2024-12-03,1,1948.13,0.0,0.0,银行卡,已完成,电子产品
O00003581,C000477,P000040,2024-08-07,2,138.85,0.0,0.0,花呗,已完成,美妆
O00003582,C000042,P000012,2024-09-14,1,773.28,0.85,657.29,支付宝,已发货,服装
O00003583,C000495,P000001,2023-09-06,1,1948.13,0.0,0.0,银行卡,已完成,电子产品
O00003584,C000114,P000039,2024-08-18,1,503.15,0.0,0.0,信用卡,已完成,美妆
O00003585,C000248,P000031,2024-08-21,1,96.51,0.0,0.0,银行卡,已完成,食品
O00003586,C000076,P000037,2024-09-11,1,232.01,0.9,208.81,信用卡,已完成,美妆
O00003587,C000023,P000012,2023-12-01,3,773.28,0.0,0.0,支付宝,退货中,服装
O00003588,C000497,P000022,2023-05-23,1,2860.42,0.0,0.0,信用卡,退货中,家居
O00003589,C000316,P000012,2024-09-08,1,773.28,0.0,0.0,花呗,已取消,服装
O00003590,C000219,P000003,2024-07-01,1,4516.24,0.0,0.0,支付宝,已发货,电子产品
O00003591,C000018,P000018,2023-01-01,3,2590.73,0.0,0.0,花呗,已完成,家居
O00003592,C000361,P000012,2024-11-12,1,773.28,0.0,0.0,银行卡,已发货,服装
O00003593,C000082,P000035,2024-07-07,2,181.94,0.9,327.49,信用卡,已完成,美妆
O00003594,C000395,P000035,2023-04-19,1,181.94,0.0,0.0,微信支付,已完成,美妆
O00003595,C000422,P000006,2024-04-02,1,4189.79,0.8,3351.83,支付宝,已发货,电子产品
O00003596,C000092,P000024,2023-02-17,1,2154.25,0.9,1938.82,信用卡,已完成,家居
O00003597,C000453,P000028,2024-09-02,1,28.74,0.0,0.0,银行卡,已完成,食品
O00003598,C000330,P000033,2023-04-10,1,787.6,0.85,669.46,微信支付,已完成,美妆
O00003599,C000461,P000004,2024-07-08,3,4506.63,0.8,10815.91,银行卡,已完成,电子产品
O00003600,C000419,P000011,2024-08-06,1,652.21,0.85,554.38,支付宝,已完成,服装
O00003601,C000237,P000034,2024-06-27,2,644.27,0.0,0.0,支付宝,已完成,美妆
O00003602,C000444,P000035,2024-10-08,1,181.94,0.0,0.0,支付宝,已发货,美妆
O00003603,C000464,P000003,2023-10-05,1,4516.24,0.0,0.0,银行卡,已取消,电子产品
O00003604,C000009,P000003,2024-09-01,1,4516.24,0.0,0.0,银行卡,已取消,电子产品
O00003605,C000375,P000037,2024-03-08,2,232.01,0.8,371.22,银行卡,已完成,美妆
O00003606,C000370,P000027,2023-02-09,1,196.89,0.85,167.36,微信支付,已完成,食品
O00003607,C000244,P000039,2023-12-19,1,503.15,0.0,0.0,信用卡,已完成,美妆
O00003608,C000151,P000009,2024-03-11,1,516.07,0.0,0.0,微信支付,已发货,服装
O00003609,C000175,P000014,2023-01-09,1,443.12,0.0,0.0,银行卡,已完成,服装
O00003610,C000099,P000037,2023-01-31,1,232.01,0.0,0.0,信用卡,已完成,美妆
O00003611,C000017,P000006,2023-10-23,1,4189.79,0.0,0.0,花呗,已完成,电子产品
O00003612,C000411,P000019,2024-03-23,1,982.38,0.0,0.0,微信支付,已完成,家居
O00003613,C000147,P000014,2023-11-17,2,443.12,0.85,753.3,微信支付,已完成,服装
O00003614,C000422,P000015,2023-12-23,1,211.1,0.0,0.0,花呗,已完成,服装
O00003615,C000346,P000020,2023-09-13,1,2094.02,0.9,1884.62,支付宝,已完成,家居
O00003616,C000179,P000019,2023-03-11,4,982.38,0.85,3340.09,微信支付,已取消,家居
O00003617,C000351,P000009,2024-10-17,4,516.07,0.7,1445.0,信用卡,已完成,服装
O00003618,C000446,P000038,2023-10-05,1,117.96,0.0,0.0,微信支付,已完成,美妆
O00003619,C000081,P000026,2024-07-23,2,183.74,0.9,330.73,花呗,已完成,食品
O00003620,C000208,P000035,2023-07-05,1,181.94,0.0,0.0,银行卡,已完成,美妆
O00003621,C000314,P000011,2023-11-17,1,652.21,0.0,0.0,花呗,已完成,服装
O00003622,C000174,P000020,2024-01-13,1,2094.02,0.0,0.0,支付宝,已完成,家居
O00003623,C000035,P000031,2023-02-23,1,96.51,0.9,86.86,银行卡,已完成,食品
O00003624,C000464,P000024,2023-04-05,1,2154.25,0.0,0.0,银行卡,已完成,家居
O00003625,C000002,P000015,2024-01-10,1,211.1,0.0,0.0,微信支付,已完成,服装
O00003626,C000328,P000012,2024-06-25,1,773.28,0.8,618.62,银行卡,已发货,服装
O00003627,C000012,P000006,2024-04-17,1,4189.79,0.0,0.0,花呗,已完成,电子产品
O00003628,C000179,P000036,2023-09-24,1,642.93,0.8,514.34,微信支付,已完成,美妆
O00003629,C000408,P000007,2023-08-25,1,3648.4,0.0,0.0,微信支付,已完成,电子产品
O00003630,C000488,P000017,2024-06-26,1,610.78,0.0,0.0,支付宝,已完成,家居
O00003631,C000416,P000007,2023-09-03,2,3648.4,0.0,0.0,花呗,已发货,电子产品
O00003632,C000466,P000033,2024-03-13,5,787.6,0.0,0.0,花呗,已取消,美妆
O00003633,C000406,P000027,2023-06-29,2,196.89,0.0,0.0,银行卡,已发货,食品
O00003634,C000030,P000022,2024-05-06,3,2860.42,0.0,0.0,银行卡,已完成,家居
O00003635,C000216,P000029,2024-03-21,3,84.32,0.9,227.66,银行卡,已完成,食品
O00003636,C000317,P000031,2024-03-31,1,96.51,0.0,0.0,微信支付,已完成,食品
O00003637,C000391,P000038,2023-08-20,4,117.96,0.85,401.06,花呗,已完成,美妆
O00003638,C000128,P000037,2024-06-08,1,232.01,0.0,0.0,信用卡,已完成,美妆
O00003639,C000432,P000008,2023-07-12,2,3065.33,0.8,4904.53,信用卡,已完成,电子产品
O00003640,C000233,P000029,2024-05-05,1,84.32,0.0,0.0,微信支付,已完成,食品
O00003641,C000320,P000023,2024-02-12,2,2547.93,0.0,0.0,银行卡,已完成,家居
O00003642,C000409,P000026,2024-02-10,1,183.74,0.9,165.37,银行卡,已完成,食品
O00003643,C000202,P000037,2024-10-06,3,232.01,0.0,0.0,银行卡,已发货,美妆
O00003644,C000187,P000039,2024-08-24,1,503.15,0.85,427.68,支付宝,已完成,美妆
O00003645,C000456,P000003,2024-06-29,1,4516.24,0.0,0.0,微信支付,已完成,电子产品
O00003646,C000412,P000028,2024-06-28,2,28.74,0.85,48.86,银行卡,已取消,食品
O00003647,C000468,P000001,2024-12-22,1,1948.13,0.0,0.0,花呗,已完成,电子产品
O00003648,C000006,P000037,2023-10-22,1,232.01,0.0,0.0,银行卡,已完成,美妆
O00003649,C000049,P000014,2024-06-10,2,443.12,0.0,0.0,花呗,已发货,服装
O00003650,C000368,P000005,2024-08-19,2,806.54,0.0,0.0,银行卡,已完成,电子产品
O00003651,C000013,P000038,2024-05-17,3,117.96,0.9,318.49,银行卡,已完成,美妆
O00003652,C000046,P000031,2023-05-10,3,96.51,0.9,260.58,花呗,已取消,食品
O00003653,C000452,P000027,2023-05-27,1,196.89,0.9,177.2,信用卡,已完成,食品
O00003654,C000480,P000002,2024-09-15,2,3943.44,0.9,7098.19,支付宝,已完成,电子产品
O00003655,C000377,P000024,2023-11-03,3,2154.25,0.0,0.0,花呗,已完成,家居
O00003656,C000158,P000019,2024-04-07,4,982.38,0.0,0.0,银行卡,待发货,家居
O00003657,C000052,P000032,2024-06-25,3,22.76,0.7,47.8,银行卡,已完成,食品
O00003658,C000084,P000014,2023-09-30,3,443.12,0.0,0.0,信用卡,已发货,服装
O00003659,C000083,P000002,2023-06-13,3,3943.44,0.0,0.0,花呗,已完成,电子产品
O00003660,C000243,P000039,2023-07-06,1,503.15,0.9,452.84,微信支付,已发货,美妆
O00003661,C000046,P000024,2023-12-16,2,2154.25,0.85,3662.22,支付宝,已发货,家居
O00003662,C000218,P000026,2024-08-14,3,183.74,0.7,385.85,信用卡,已完成,食品
O00003663,C000394,P000002,2023-03-23,3,3943.44,0.8,9464.26,花呗,已完成,电子产品
O00003664,C000472,P000026,2023-01-24,1,183.74,0.9,165.37,花呗,已发货,食品
O00003665,C000037,P000020,2023-06-20,2,2094.02,0.0,0.0,花呗,已发货,家居
O00003666,C000082,P000032,2023-11-20,1,22.76,0.8,18.21,信用卡,已完成,食品
O00003667,C000050,P000005,2023-08-15,2,806.54,0.0,0.0,银行卡,已发货,电子产品
O00003668,C000396,P000024,2024-07-05,2,2154.25,0.85,3662.22,信用卡,已发货,家居
O00003669,C000301,P000033,2023-01-13,4,787.6,0.9,2835.36,微信支付,已发货,美妆
O00003670,C000130,P000019,2024-02-09,1,982.38,0.9,884.14,支付宝,已完成,家居
O00003671,C000278,P000040,2024-08-21,2,138.85,0.0,0.0,花呗,已完成,美妆
O00003672,C000441,P000031,2024-08-10,1,96.51,0.0,0.0,银行卡,退货中,食品
O00003673,C000055,P000015,2023-09-07,1,211.1,0.0,0.0,支付宝,已发货,服装
O00003674,C000196,P000010,2023-12-02,2,783.56,0.85,1332.05,花呗,已发货,服装
O00003675,C000170,P000019,2023-02-13,2,982.38,0.0,0.0,微信支付,已完成,家居
O00003676,C000492,P000004,2024-04-17,1,4506.63,0.0,0.0,银行卡,已完成,电子产品
O00003677,C000208,P000024,2024-06-27,4,2154.25,0.0,0.0,信用卡,已完成,家居
O00003678,C000139,P000003,2024-03-26,1,4516.24,0.9,4064.62,花呗,已完成,电子产品
O00003679,C000011,P000010,2024-02-15,2,783.56,0.0,0.0,微信支付,已完成,服装
O00003680,C000023,P000021,2023-03-03,3,1114.1,0.9,3008.07,花呗,已发货,家居
O00003681,C000241,P000029,2024-03-16,1,84.32,0.9,75.89,银行卡,已完成,食品
O00003682,C000296,P000031,2023-09-10,1,96.51,0.0,0.0,信用卡,已完成,食品
O00003683,C000271,P000036,2023-09-03,3,642.93,0.0,0.0,银行卡,已完成,美妆
O00003684,C000410,P000018,2023-04-29,1,2590.73,0.0,0.0,信用卡,已完成,家居
O00003685,C000020,P000014,2024-09-20,4,443.12,0.0,0.0,花呗,已完成,服装
O00003686,C000352,P000025,2024-04-27,4,175.23,0.0,0.0,微信支付,已完成,食品
O00003687,C000457,P000024,2024-03-07,2,2154.25,0.9,3877.65,信用卡,退货中,家居
O00003688,C000095,P000001,2023-09-13,1,1948.13,0.0,0.0,信用卡,已完成,电子产品
O00003689,C000318,P000015,2023-09-20,3,211.1,0.9,569.97,信用卡,已完成,服装
O00003690,C000440,P000007,2023-04-18,1,3648.4,0.9,3283.56,银行卡,已完成,电子产品
O00003691,C000111,P000011,2023-07-29,2,652.21,0.8,1043.54,银行卡,已完成,服装
O00003692,C000050,P000027,2023-09-29,1,196.89,0.0,0.0,支付宝,已完成,食品
O00003693,C000247,P000032,2024-11-16,1,22.76,0.0,0.0,信用卡,已完成,食品
O00003694,C000130,P000030,2023-01-09,5,66.13,0.0,0.0,微信支付,已完成,食品
O00003695,C000068,P000010,2024-06-05,1,783.56,0.0,0.0,银行卡,待发货,服装
O00003696,C000458,P000019,2024-04-09,2,982.38,0.85,1670.05,微信支付,已完成,家居
O00003697,C000385,P000032,2023-08-05,2,22.76,0.0,0.0,花呗,已取消,食品
O00003698,C000310,P000026,2024-03-04,3,183.74,0.0,0.0,花呗,已完成,食品
O00003699,C000050,P000009,2024-12-09,2,516.07,0.0,0.0,微信支付,已取消,服装
O00003700,C000167,P000015,2023-10-12,2,211.1,0.0,0.0,银行卡,已取消,服装
O00003701,C000238,P000030,2023-12-26,3,66.13,0.9,178.55,银行卡,已完成,食品
O00003702,C000066,P000016,2024-04-09,2,312.16,0.0,0.0,信用卡,已完成,服装
O00003703,C000349,P000014,2023-07-21,1,443.12,0.7,310.18,花呗,已完成,服装
O00003704,C000432,P000019,2023-05-03,4,982.38,0.85,3340.09,银行卡,已发货,家居
O00003705,C000181,P000022,2023-02-05,3,2860.42,0.8,6865.01,花呗,已完成,家居
O00003706,C000020,P000032,2024-06-19,2,22.76,0.0,0.0,微信支付,已取消,食品
O00003707,C000320,P000016,2024-03-29,2,312.16,0.0,0.0,花呗,已完成,服装
O00003708,C000353,P000039,2023-08-28,1,503.15,0.0,0.0,信用卡,已完成,美妆
O00003709,C000193,P000025,2023-09-15,1,175.23,0.9,157.71,花呗,已完成,食品
O00003710,C000065,P000018,2023-04-26,1,2590.73,0.0,0.0,花呗,已取消,家居
O00003711,C000358,P000001,2024-03-05,3,1948.13,0.0,0.0,微信支付,退货中,电子产品
O00003712,C000411,P000031,2023-12-24,1,96.51,0.0,0.0,支付宝,已完成,食品
O00003713,C000406,P000037,2023-03-11,4,232.01,0.0,0.0,微信支付,已完成,美妆
O00003714,C000202,P000031,2024-09-17,3,96.51,0.9,260.58,信用卡,已完成,食品
O00003715,C000245,P000018,2023-01-08,1,2590.73,0.0,0.0,支付宝,已完成,家居
O00003716,C000284,P000016,2024-12-07,1,312.16,0.0,0.0,银行卡,已完成,服装
O00003717,C000399,P000035,2023-08-09,1,181.94,0.0,0.0,微信支付,已完成,美妆
O00003718,C000021,P000022,2024-10-20,3,2860.42,0.9,7723.13,花呗,已完成,家居
O00003719,C000226,P000028,2024-10-11,1,28.74,0.0,0.0,银行卡,已取消,食品
O00003720,C000378,P000014,2024-04-21,2,443.12,0.9,797.62,花呗,已完成,服装
O00003721,C000453,P000015,2024-02-04,1,211.1,0.8,168.88,花呗,退货中,服装
O00003722,C000191,P000009,2023-07-07,1,516.07,0.0,0.0,信用卡,已完成,服装
O00003723,C000076,P000039,2023-05-28,3,503.15,0.0,0.0,微信支付,已完成,美妆
O00003724,C000010,P000034,2023-04-13,1,644.27,0.85,547.63,支付宝,已完成,美妆
O00003725,C000341,P000022,2023-11-09,1,2860.42,0.0,0.0,信用卡,已完成,家居
O00003726,C000026,P000035,2024-05-01,1,181.94,0.0,0.0,信用卡,已完成,美妆
O00003727,C000262,P000011,2023-06-23,2,652.21,0.8,1043.54,支付宝,已完成,服装
O00003728,C000142,P000013,2023-12-10,1,74.95,0.0,0.0,信用卡,已发货,服装
O00003729,C000108,P000010,2023-03-13,2,783.56,0.0,0.0,花呗,已完成,服装
O00003730,C000097,P000015,2023-01-11,2,211.1,0.0,0.0,银行卡,已完成,服装
O00003731,C000388,P000031,2023-04-09,1,96.51,0.0,0.0,花呗,已完成,食品
O00003732,C000129,P000007,2023-01-27,4,3648.4,0.0,0.0,信用卡,已发货,电子产品
O00003733,C000130,P000026,2023-02-05,1,183.74,0.0,0.0,支付宝,已完成,食品
O00003734,C000019,P000024,2024-07-07,1,2154.25,0.0,0.0,花呗,已发货,家居
O00003735,C000018,P000034,2023-03-19,1,644.27,0.0,0.0,微信支付,已完成,美妆
O00003736,C000213,P000017,2023-09-17,1,610.78,0.8,488.62,银行卡,已完成,家居
O00003737,C000344,P000024,2023-04-25,2,2154.25,0.0,0.0,微信支付,退货中,家居
O00003738,C000465,P000024,2023-03-12,2,2154.25,0.0,0.0,银行卡,已完成,家居
O00003739,C000097,P000013,2024-02-21,1,74.95,0.7,52.46,微信支付,已完成,服装
O00003740,C000353,P000009,2023-10-28,3,516.07,0.8,1238.57,微信支付,待发货,服装
O00003741,C000188,P000016,2023-05-28,1,312.16,0.0,0.0,微信支付,已完成,服装
O00003742,C000383,P000026,2023-08-08,1,183.74,0.0,0.0,支付宝,已取消,食品
O00003743,C000215,P000040,2024-11-11,1,138.85,0.0,0.0,银行卡,已发货,美妆
O00003744,C000166,P000030,2024-04-01,2,66.13,0.0,0.0,微信支付,已发货,食品
O00003745,C000292,P000024,2023-01-24,1,2154.25,0.0,0.0,银行卡,已完成,家居
O00003746,C000006,P000001,2023-08-19,1,1948.13,0.0,0.0,支付宝,已取消,电子产品
O00003747,C000136,P000022,2024-09-09,2,2860.42,0.9,5148.76,支付宝,已发货,家居
O00003748,C000449,P000016,2024-11-24,5,312.16,0.8,1248.64,银行卡,已完成,服装
O00003749,C000091,P000006,2023-12-26,2,4189.79,0.0,0.0,支付宝,已完成,电子产品
O00003750,C000144,P000019,2024-11-14,1,982.38,0.7,687.67,花呗,已完成,家居
O00003751,C000034,P000021,2023-04-04,2,1114.1,0.0,0.0,信用卡,已完成,家居
O00003752,C000329,P000001,2024-12-20,5,1948.13,0.9,8766.59,花呗,已完成,电子产品
O00003753,C000355,P000011,2023-09-19,3,652.21,0.0,0.0,花呗,已完成,服装
O00003754,C000366,P000022,2023-05-10,2,2860.42,0.0,0.0,支付宝,已完成,家居
O00003755,C000167,P000025,2024-05-27,4,175.23,0.0,0.0,银行卡,已完成,食品
O00003756,C000286,P000024,2023-08-25,1,2154.25,0.9,1938.82,支付宝,已完成,家居
O00003757,C000009,P000036,2023-04-23,5,642.93,0.0,0.0,花呗,已完成,美妆
O00003758,C000458,P000038,2023-05-14,3,117.96,0.0,0.0,支付宝,已完成,美妆
O00003759,C000029,P000030,2024-06-25,1,66.13,0.85,56.21,微信支付,已取消,食品
O00003760,C000288,P000012,2024-10-02,1,773.28,0.0,0.0,银行卡,已完成,服装
O00003761,C000224,P000002,2023-10-13,5,3943.44,0.0,0.0,银行卡,已完成,电子产品
O00003762,C000316,P000028,2023-02-10,1,28.74,0.0,0.0,花呗,已完成,食品
O00003763,C000392,P000012,2024-02-25,4,773.28,0.0,0.0,微信支付,已完成,服装
O00003764,C000414,P000009,2023-01-10,2,516.07,0.7,722.5,微信支付,已完成,服装
O00003765,C000025,P000011,2024-05-18,2,652.21,0.9,1173.98,支付宝,已完成,服装
O00003766,C000380,P000013,2023-12-03,1,74.95,0.0,0.0,微信支付,已完成,服装
O00003767,C000456,P000001,2023-01-22,1,1948.13,0.0,0.0,微信支付,已完成,电子产品
O00003768,C000346,P000034,2024-02-17,3,644.27,0.0,0.0,花呗,已完成,美妆
O00003769,C000354,P000028,2024-06-12,1,28.74,0.85,24.43,花呗,已完成,食品
O00003770,C000423,P000039,2023-05-05,5,503.15,0.0,0.0,支付宝,已完成,美妆
O00003771,C000487,P000027,2023-04-05,1,196.89,0.85,167.36,微信支付,已完成,食品
O00003772,C000370,P000032,2023-05-23,3,22.76,0.0,0.0,信用卡,已完成,食品
O00003773,C000322,P000023,2024-08-18,2,2547.93,0.8,4076.69,花呗,已完成,家居
O00003774,C000470,P000023,2024-09-24,2,2547.93,0.0,0.0,银行卡,已完成,家居
O00003775,C000199,P000030,2023-03-26,1,66.13,0.8,52.9,花呗,已取消,食品
O00003776,C000445,P000005,2023-09-22,1,806.54,0.0,0.0,支付宝,已完成,电子产品
O00003777,C000476,P000028,2024-08-26,4,28.74,0.9,103.46,微信支付,已完成,食品
O00003778,C000123,P000026,2023-04-10,1,183.74,0.0,0.0,信用卡,已发货,食品
O00003779,C000343,P000026,2023-04-09,1,183.74,0.0,0.0,支付宝,已完成,食品
O00003780,C000127,P000010,2024-07-22,2,783.56,0.9,1410.41,银行卡,已完成,服装
O00003781,C000140,P000008,2024-08-10,2,3065.33,0.0,0.0,支付宝,退货中,电子产品
O00003782,C000032,P000001,2023-09-24,1,1948.13,0.9,1753.32,支付宝,已发货,电子产品
O00003783,C000217,P000001,2023-11-28,1,1948.13,0.0,0.0,信用卡,已发货,电子产品
O00003784,C000180,P000038,2023-11-26,1,117.96,0.0,0.0,花呗,已完成,美妆
O00003785,C000133,P000001,2024-08-18,1,1948.13,0.0,0.0,信用卡,待发货,电子产品
O00003786,C000051,P000031,2023-06-01,1,96.51,0.0,0.0,花呗,已发货,食品
O00003787,C000234,P000007,2024-10-21,1,3648.4,0.85,3101.14,花呗,已发货,电子产品
O00003788,C000102,P000035,2024-12-06,4,181.94,0.8,582.21,微信支付,已完成,美妆
O00003789,C000017,P000029,2024-09-02,2,84.32,0.0,0.0,支付宝,已取消,食品
O00003790,C000125,P000001,2024-02-05,1,1948.13,0.0,0.0,花呗,已完成,电子产品
O00003791,C000274,P000027,2024-05-23,3,196.89,0.0,0.0,微信支付,已完成,食品
O00003792,C000381,P000033,2024-01-03,1,787.6,0.0,0.0,银行卡,已完成,美妆
O00003793,C000227,P000033,2023-08-16,1,787.6,0.0,0.0,支付宝,已完成,美妆
O00003794,C000217,P000035,2023-06-13,1,181.94,0.7,127.36,花呗,已完成,美妆
O00003795,C000183,P000011,2024-07-18,4,652.21,0.0,0.0,支付宝,已发货,服装
O00003796,C000258,P000017,2023-03-13,2,610.78,0.85,1038.33,银行卡,已完成,家居
O00003797,C000049,P000029,2023-01-19,1,84.32,0.8,67.46,信用卡,已完成,食品
O00003798,C000271,P000003,2023-02-02,1,4516.24,0.9,4064.62,微信支付,已完成,电子产品
O00003799,C000324,P000036,2024-03-12,1,642.93,0.0,0.0,微信支付,已完成,美妆
O00003800,C000285,P000015,2024-06-18,2,211.1,0.0,0.0,支付宝,已完成,服装
O00003801,C000167,P000018,2023-06-29,2,2590.73,0.8,4145.17,花呗,已完成,家居
O00003802,C000302,P000028,2024-10-04,2,28.74,0.0,0.0,微信支付,已完成,食品
O00003803,C000123,P000021,2023-09-28,1,1114.1,0.9,1002.69,支付宝,已取消,家居
O00003804,C000485,P000013,2024-03-15,1,74.95,0.0,0.0,银行卡,已完成,服装
O00003805,C000324,P000019,2023-02-17,1,982.38,0.0,0.0,微信支付,退货中,家居
O00003806,C000231,P000024,2024-03-26,3,2154.25,0.0,0.0,银行卡,已完成,家居
O00003807,C000273,P000034,2023-01-26,1,644.27,0.0,0.0,微信支付,已完成,美妆
O00003808,C000184,P000039,2024-05-26,1,503.15,0.85,427.68,微信支付,已发货,美妆
O00003809,C000165,P000023,2023-11-13,4,2547.93,0.0,0.0,微信支付,已完成,家居
O00003810,C000025,P000025,2024-03-07,1,175.23,0.7,122.66,花呗,已完成,食品
O00003811,C000181,P000040,2023-11-22,1,138.85,0.9,124.96,微信支付,已发货,美妆
O00003812,C000445,P000017,2024-11-15,3,610.78,0.0,0.0,支付宝,退货中,家居
O00003813,C000052,P000003,2024-03-04,2,4516.24,0.0,0.0,银行卡,已发货,电子产品
O00003814,C000379,P000040,2024-02-14,4,138.85,0.8,444.32,银行卡,退货中,美妆
O00003815,C000226,P000007,2024-09-28,5,3648.4,0.8,14593.6,信用卡,待发货,电子产品
O00003816,C000045,P000022,2024-03-28,3,2860.42,0.85,7294.07,花呗,已完成,家居
O00003817,C000332,P000012,2024-04-23,1,773.28,0.9,695.95,花呗,已发货,服装
O00003818,C000289,P000013,2023-08-01,1,74.95,0.0,0.0,支付宝,已完成,服装
O00003819,C000226,P000015,2023-11-07,3,211.1,0.0,0.0,银行卡,已完成,服装
O00003820,C000231,P000005,2023-05-09,5,806.54,0.8,3226.16,微信支付,已完成,电子产品
O00003821,C000128,P000022,2023-11-11,1,2860.42,0.8,2288.34,信用卡,已发货,家居
O00003822,C000481,P000010,2023-04-24,2,783.56,0.0,0.0,信用卡,已完成,服装
O00003823,C000427,P000015,2024-09-11,3,211.1,0.0,0.0,银行卡,已发货,服装
O00003824,C000334,P000026,2023-06-26,1,183.74,0.0,0.0,银行卡,已完成,食品
O00003825,C000283,P000029,2024-10-20,3,84.32,0.85,215.02,支付宝,已发货,食品
O00003826,C000262,P000020,2024-09-19,2,2094.02,0.0,0.0,花呗,已完成,家居
O00003827,C000489,P000003,2023-05-31,1,4516.24,0.0,0.0,信用卡,已完成,电子产品
O00003828,C000195,P000013,2023-08-19,1,74.95,0.0,0.0,银行卡,已完成,服装
O00003829,C000335,P000036,2024-05-29,2,642.93,0.9,1157.27,花呗,已发货,美妆
O00003830,C000022,P000011,2024-08-23,2,652.21,0.0,0.0,信用卡,已发货,服装
O00003831,C000259,P000028,2023-01-19,1,28.74,0.0,0.0,支付宝,已完成,食品
O00003832,C000010,P000011,2023-07-06,5,652.21,0.85,2771.89,银行卡,已完成,服装
O00003833,C000478,P000002,2024-11-03,1,3943.44,0.0,0.0,微信支付,已发货,电子产品
O00003834,C000372,P000016,2023-01-31,1,312.16,0.0,0.0,银行卡,已完成,服装
O00003835,C000234,P000032,2024-06-24,2,22.76,0.85,38.69,微信支付,已完成,食品
O00003836,C000299,P000006,2023-04-13,1,4189.79,0.9,3770.81,花呗,已发货,电子产品
O00003837,C000001,P000039,2023-03-01,1,503.15,0.0,0.0,微信支付,已完成,美妆
O00003838,C000128,P000026,2024-04-02,1,183.74,0.0,0.0,花呗,已完成,食品
O00003839,C000359,P000035,2023-02-20,4,181.94,0.85,618.6,支付宝,已完成,美妆
O00003840,C000025,P000027,2023-08-03,4,196.89,0.8,630.05,支付宝,已完成,食品
O00003841,C000134,P000006,2024-12-07,1,4189.79,0.0,0.0,信用卡,已完成,电子产品
O00003842,C000445,P000032,2024-07-22,3,22.76,0.85,58.04,支付宝,已完成,食品
O00003843,C000046,P000033,2024-02-02,3,787.6,0.0,0.0,银行卡,待发货,美妆
O00003844,C000401,P000006,2024-09-23,2,4189.79,0.7,5865.71,花呗,退货中,电子产品
O00003845,C000145,P000038,2024-08-18,1,117.96,0.85,100.27,信用卡,已完成,美妆
O00003846,C000022,P000026,2023-12-03,3,183.74,0.8,440.98,支付宝,待发货,食品
O00003847,C000354,P000004,2024-03-24,1,4506.63,0.0,0.0,微信支付,已完成,电子产品
O00003848,C000100,P000013,2023-01-24,2,74.95,0.0,0.0,花呗,已完成,服装
O00003849,C000089,P000028,2024-03-30,2,28.74,0.0,0.0,微信支付,已完成,食品
O00003850,C000374,P000023,2024-09-05,3,2547.93,0.9,6879.41,信用卡,已发货,家居
O00003851,C000174,P000023,2024-03-01,1,2547.93,0.0,0.0,花呗,已完成,家居
O00003852,C000133,P000014,2024-09-22,1,443.12,0.85,376.65,微信支付,已完成,服装
O00003853,C000003,P000016,2024-11-24,3,312.16,0.85,796.01,信用卡,已完成,服装
O00003854,C000158,P000024,2024-05-17,1,2154.25,0.0,0.0,信用卡,已发货,家居
O00003855,C000357,P000009,2023-08-21,1,516.07,0.8,412.86,花呗,已完成,服装
O00003856,C000339,P000015,2023-01-08,3,211.1,0.0,0.0,支付宝,已完成,服装
O00003857,C000102,P000015,2024-07-16,2,211.1,0.0,0.0,花呗,已完成,服装
O00003858,C000478,P000023,2023-06-23,1,2547.93,0.9,2293.14,银行卡,已完成,家居
O00003859,C000203,P000040,2023-05-19,1,138.85,0.0,0.0,微信支付,已完成,美妆
O00003860,C000239,P000032,2023-05-05,1,22.76,0.0,0.0,信用卡,已完成,食品
O00003861,C000374,P000009,2024-01-27,2,516.07,0.85,877.32,银行卡,已完成,服装
O00003862,C000223,P000005,2024-04-28,1,806.54,0.85,685.56,银行卡,已完成,电子产品
O00003863,C000333,P000007,2024-09-26,1,3648.4,0.0,0.0,银行卡,已完成,电子产品
O00003864,C000316,P000003,2023-05-26,2,4516.24,0.0,0.0,支付宝,已完成,电子产品
O00003865,C000005,P000030,2023-11-02,3,66.13,0.0,0.0,支付宝,已发货,食品
O00003866,C000164,P000023,2023-01-10,1,2547.93,0.0,0.0,花呗,已完成,家居
O00003867,C000277,P000011,2023-06-10,3,652.21,0.0,0.0,支付宝,已完成,服装
O00003868,C000467,P000028,2023-08-16,2,28.74,0.0,0.0,银行卡,已完成,食品
O00003869,C000089,P000023,2023-08-14,2,2547.93,0.0,0.0,支付宝,已完成,家居
O00003870,C000130,P000017,2024-09-07,2,610.78,0.0,0.0,支付宝,已发货,家居
O00003871,C000435,P000022,2023-08-23,1,2860.42,0.0,0.0,支付宝,已完成,家居
O00003872,C000056,P000021,2024-01-09,1,1114.1,0.9,1002.69,信用卡,已发货,家居
O00003873,C000071,P000014,2024-02-18,2,443.12,0.0,0.0,花呗,已发货,服装
O00003874,C000376,P000019,2023-08-27,3,982.38,0.0,0.0,支付宝,已完成,家居
O00003875,C000244,P000038,2023-05-02,1,117.96,0.0,0.0,信用卡,待发货,美妆
O00003876,C000133,P000040,2023-06-09,1,138.85,0.85,118.02,花呗,已完成,美妆
O00003877,C000023,P000003,2023-05-06,3,4516.24,0.0,0.0,银行卡,已完成,电子产品
O00003878,C000488,P000011,2023-04-24,1,652.21,0.85,554.38,信用卡,已完成,服装
O00003879,C000472,P000002,2023-12-04,4,3943.44,0.0,0.0,花呗,已发货,电子产品
O00003880,C000286,P000039,2024-07-30,1,503.15,0.0,0.0,银行卡,已完成,美妆
O00003881,C000345,P000040,2024-01-21,1,138.85,0.9,124.96,花呗,待发货,美妆
O00003882,C000457,P000023,2023-08-21,1,2547.93,0.0,0.0,银行卡,已发货,家居
O00003883,C000236,P000023,2024-03-21,3,2547.93,0.85,6497.22,银行卡,已发货,家居
O00003884,C000443,P000035,2024-03-08,3,181.94,0.0,0.0,支付宝,已发货,美妆
O00003885,C000490,P000027,2024-03-28,1,196.89,0.0,0.0,支付宝,已完成,食品
O00003886,C000389,P000036,2024-04-19,3,642.93,0.0,0.0,银行卡,已完成,美妆
O00003887,C000273,P000031,2024-05-07,3,96.51,0.9,260.58,微信支付,已完成,食品
O00003888,C000432,P000001,2023-03-04,1,1948.13,0.0,0.0,银行卡,已完成,电子产品
O00003889,C000064,P000023,2024-06-26,5,2547.93,0.0,0.0,信用卡,已完成,家居
O00003890,C000234,P000027,2023-03-16,1,196.89,0.0,0.0,银行卡,已发货,食品
O00003891,C000198,P000038,2024-11-18,2,117.96,0.0,0.0,花呗,已完成,美妆
O00003892,C000418,P000006,2023-09-23,1,4189.79,0.0,0.0,花呗,已发货,电子产品
O00003893,C000224,P000012,2023-06-01,1,773.28,0.0,0.0,花呗,待发货,服装
O00003894,C000135,P000031,2023-02-16,3,96.51,0.0,0.0,微信支付,已完成,食品
O00003895,C000478,P000006,2024-10-30,1,4189.79,0.9,3770.81,微信支付,待发货,电子产品
O00003896,C000419,P000033,2023-03-11,1,787.6,0.9,708.84,银行卡,待发货,美妆
O00003897,C000403,P000007,2024-07-15,1,3648.4,0.0,0.0,信用卡,退货中,电子产品
O00003898,C000245,P000034,2024-01-02,2,644.27,0.0,0.0,花呗,已完成,美妆
O00003899,C000040,P000022,2024-05-31,1,2860.42,0.9,2574.38,信用卡,已发货,家居
O00003900,C000258,P000023,2024-12-11,3,2547.93,0.0,0.0,花呗,已完成,家居
O00003901,C000273,P000039,2024-08-28,5,503.15,0.0,0.0,银行卡,已完成,美妆
O00003902,C000081,P000039,2023-08-29,3,503.15,0.0,0.0,支付宝,已完成,美妆
O00003903,C000117,P000009,2024-09-10,2,516.07,0.0,0.0,花呗,已发货,服装
O00003904,C000073,P000005,2023-03-27,1,806.54,0.0,0.0,信用卡,退货中,电子产品
O00003905,C000074,P000018,2023-09-21,1,2590.73,0.0,0.0,银行卡,已发货,家居
O00003906,C000255,P000002,2023-03-01,1,3943.44,0.0,0.0,信用卡,已发货,电子产品
O00003907,C000095,P000012,2023-12-14,1,773.28,0.0,0.0,支付宝,已完成,服装
O00003908,C000373,P000011,2023-01-29,2,652.21,0.85,1108.76,银行卡,已完成,服装
O00003909,C000448,P000028,2023-07-05,1,28.74,0.8,22.99,微信支付,已完成,食品
O00003910,C000123,P000005,2023-07-31,1,806.54,0.9,725.89,微信支付,已完成,电子产品
O00003911,C000333,P000034,2023-05-31,4,644.27,0.0,0.0,支付宝,已完成,美妆
O00003912,C000247,P000032,2024-01-15,3,22.76,0.0,0.0,花呗,已完成,食品
O00003913,C000152,P000027,2024-05-18,1,196.89,0.0,0.0,银行卡,已完成,食品
O00003914,C000448,P000019,2024-07-10,1,982.38,0.0,0.0,花呗,已完成,家居
O00003915,C000119,P000020,2024-07-20,1,2094.02,0.0,0.0,支付宝,已完成,家居
O00003916,C000069,P000004,2024-08-15,3,4506.63,0.0,0.0,微信支付,已完成,电子产品
O00003917,C000455,P000013,2023-07-04,1,74.95,0.7,52.46,花呗,已发货,服装
O00003918,C000461,P000015,2023-01-15,3,211.1,0.7,443.31,银行卡,已完成,服装
O00003919,C000068,P000034,2024-02-12,1,644.27,0.85,547.63,支付宝,已完成,美妆
O00003920,C000257,P000032,2023-01-26,1,22.76,0.0,0.0,支付宝,待发货,食品
O00003921,C000393,P000014,2023-03-24,4,443.12,0.0,0.0,支付宝,已完成,服装
O00003922,C000105,P000002,2024-12-02,3,3943.44,0.0,0.0,花呗,已完成,电子产品
O00003923,C000313,P000032,2023-07-09,1,22.76,0.0,0.0,银行卡,已完成,食品
O00003924,C000156,P000038,2024-01-21,4,117.96,0.8,377.47,信用卡,已完成,美妆
O00003925,C000176,P000031,2023-10-13,1,96.51,0.0,0.0,微信支付,已发货,食品
O00003926,C000271,P000033,2023-01-06,4,787.6,0.7,2205.28,支付宝,已完成,美妆
O00003927,C000474,P000023,2023-11-29,2,2547.93,0.0,0.0,银行卡,已完成,家居
O00003928,C000379,P000023,2024-09-19,2,2547.93,0.0,0.0,支付宝,已发货,家居
O00003929,C000099,P000037,2023-08-13,2,232.01,0.0,0.0,信用卡,已发货,美妆
O00003930,C000089,P000009,2024-05-20,2,516.07,0.8,825.71,微信支付,已完成,服装
O00003931,C000128,P000002,2023-05-01,3,3943.44,0.0,0.0,支付宝,已发货,电子产品
O00003932,C000344,P000002,2024-07-30,1,3943.44,0.0,0.0,信用卡,已发货,电子产品
O00003933,C000491,P000035,2024-04-08,2,181.94,0.0,0.0,微信支付,已完成,美妆
O00003934,C000340,P000020,2023-06-20,1,2094.02,0.0,0.0,微信支付,已完成,家居
O00003935,C000013,P000020,2023-09-29,2,2094.02,0.9,3769.24,银行卡,已完成,家居
O00003936,C000353,P000028,2023-01-01,1,28.74,0.0,0.0,银行卡,已完成,食品
O00003937,C000356,P000008,2024-03-04,3,3065.33,0.7,6437.19,信用卡,已发货,电子产品
O00003938,C000291,P000035,2023-01-23,3,181.94,0.0,0.0,支付宝,已完成,美妆
O00003939,C000463,P000017,2023-06-25,2,610.78,0.0,0.0,支付宝,已完成,家居
O00003940,C000121,P000015,2023-11-03,4,211.1,0.0,0.0,支付宝,待发货,服装
O00003941,C000372,P000003,2024-07-09,1,4516.24,0.0,0.0,微信支付,已完成,电子产品
O00003942,C000015,P000009,2023-06-10,1,516.07,0.0,0.0,微信支付,已完成,服装
O00003943,C000058,P000034,2023-06-21,1,644.27,0.0,0.0,微信支付,已完成,美妆
O00003944,C000119,P000040,2024-10-29,3,138.85,0.0,0.0,支付宝,已发货,美妆
O00003945,C000491,P000030,2023-08-20,1,66.13,0.0,0.0,支付宝,退货中,食品
O00003946,C000078,P000025,2024-02-19,1,175.23,0.85,148.95,花呗,已完成,食品
O00003947,C000263,P000006,2023-08-02,1,4189.79,0.85,3561.32,微信支付,已完成,电子产品
O00003948,C000219,P000026,2023-06-16,1,183.74,0.0,0.0,微信支付,已完成,食品
O00003949,C000101,P000040,2023-05-16,2,138.85,0.0,0.0,银行卡,已完成,美妆
O00003950,C000261,P000024,2024-07-05,2,2154.25,0.0,0.0,微信支付,退货中,家居
O00003951,C000174,P000023,2023-10-03,3,2547.93,0.0,0.0,花呗,已发货,家居
O00003952,C000451,P000020,2023-12-08,1,2094.02,0.0,0.0,花呗,已发货,家居
O00003953,C000058,P000015,2023-05-18,2,211.1,0.0,0.0,微信支付,退货中,服装
O00003954,C000192,P000037,2024-02-16,4,232.01,0.0,0.0,银行卡,已完成,美妆
O00003955,C000356,P000038,2023-10-12,2,117.96,0.8,188.74,信用卡,已完成,美妆
O00003956,C000486,P000017,2023-10-02,1,610.78,0.0,0.0,信用卡,已完成,家居
O00003957,C000500,P000003,2023-04-11,1,4516.24,0.0,0.0,信用卡,已完成,电子产品
O00003958,C000428,P000011,2023-08-23,1,652.21,0.0,0.0,信用卡,已完成,服装
O00003959,C000499,P000001,2024-03-09,1,1948.13,0.0,0.0,银行卡,待发货,电子产品
O00003960,C000217,P000040,2024-06-04,1,138.85,0.0,0.0,信用卡,已完成,美妆
O00003961,C000361,P000022,2023-05-26,1,2860.42,0.8,2288.34,信用卡,已发货,家居
O00003962,C000387,P000018,2023-08-23,1,2590.73,0.0,0.0,微信支付,已完成,家居
O00003963,C000426,P000026,2024-06-29,2,183.74,0.0,0.0,微信支付,已取消,食品
O00003964,C000407,P000013,2023-07-15,1,74.95,0.0,0.0,银行卡,已完成,服装
O00003965,C000286,P000033,2023-12-06,2,787.6,0.0,0.0,银行卡,已完成,美妆
O00003966,C000140,P000010,2023-05-23,1,783.56,0.9,705.2,银行卡,已完成,服装
O00003967,C000295,P000002,2023-02-20,1,3943.44,0.0,0.0,花呗,已完成,电子产品
O00003968,C000467,P000031,2023-05-24,1,96.51,0.9,86.86,微信支付,已完成,食品
O00003969,C000016,P000024,2023-09-15,1,2154.25,0.0,0.0,支付宝,待发货,家居
O00003970,C000156,P000029,2023-08-30,2,84.32,0.0,0.0,银行卡,已发货,食品
O00003971,C000152,P000015,2024-07-06,2,211.1,0.0,0.0,支付宝,已发货,服装
O00003972,C000480,P000024,2024-07-09,1,2154.25,0.0,0.0,信用卡,已完成,家居
O00003973,C000340,P000036,2024-08-11,2,642.93,0.0,0.0,微信支付,已完成,美妆
O00003974,C000141,P000019,2024-08-26,3,982.38,0.0,0.0,银行卡,已完成,家居
O00003975,C000146,P000010,2024-09-24,1,783.56,0.0,0.0,信用卡,已取消,服装
O00003976,C000052,P000016,2024-11-12,2,312.16,0.0,0.0,支付宝,已完成,服装
O00003977,C000158,P000009,2023-12-08,3,516.07,0.85,1315.98,银行卡,已完成,服装
O00003978,C000496,P000001,2024-06-27,2,1948.13,0.9,3506.63,微信支付,已完成,电子产品
O00003979,C000395,P000012,2023-11-25,5,773.28,0.9,3479.76,信用卡,已完成,服装
O00003980,C000190,P000027,2023-06-26,1,196.89,0.0,0.0,信用卡,已完成,食品
O00003981,C000119,P000026,2024-11-05,1,183.74,0.0,0.0,银行卡,已完成,食品
O00003982,C000131,P000031,2024-10-14,4,96.51,0.9,347.44,支付宝,待发货,食品
O00003983,C000459,P000010,2024-02-06,3,783.56,0.0,0.0,微信支付,已完成,服装
O00003984,C000026,P000025,2023-01-09,3,175.23,0.0,0.0,银行卡,已发货,食品
O00003985,C000481,P000026,2024-11-10,2,183.74,0.0,0.0,银行卡,已取消,食品
O00003986,C000319,P000001,2024-07-19,1,1948.13,0.0,0.0,银行卡,已完成,电子产品
O00003987,C000369,P000014,2024-10-23,3,443.12,0.8,1063.49,微信支付,已完成,服装
O00003988,C000453,P000028,2023-09-09,3,28.74,0.0,0.0,花呗,已取消,食品
O00003989,C000258,P000001,2024-08-31,2,1948.13,0.0,0.0,信用卡,已完成,电子产品
O00003990,C000330,P000004,2024-12-11,1,4506.63,0.0,0.0,信用卡,已完成,电子产品
O00003991,C000149,P000014,2023-12-17,1,443.12,0.0,0.0,花呗,已发货,服装
O00003992,C000436,P000040,2023-07-18,1,138.85,0.0,0.0,银行卡,已完成,美妆
O00003993,C000206,P000002,2023-01-20,2,3943.44,0.9,7098.19,支付宝,已发货,电子产品
O00003994,C000102,P000012,2023-03-28,2,773.28,0.0,0.0,微信支付,已完成,服装
O00003995,C000145,P000024,2023-07-01,2,2154.25,0.0,0.0,信用卡,已完成,家居
O00003996,C000313,P000013,2024-08-29,1,74.95,0.8,59.96,支付宝,已完成,服装
O00003997,C000227,P000002,2023-01-22,1,3943.44,0.0,0.0,信用卡,已取消,电子产品
O00003998,C000169,P000014,2023-11-25,2,443.12,0.0,0.0,信用卡,已完成,服装
O00003999,C000026,P000029,2023-02-26,3,84.32,0.0,0.0,微信支付,已完成,食品
O00004000,C000098,P000038,2023-08-12,1,117.96,0.9,106.16,银行卡,已发货,美妆
O00004001,C000332,P000006,2024-08-09,1,4189.79,0.0,0.0,微信支付,已完成,电子产品
O00004002,C000077,P000032,2023-04-03,1,22.76,0.0,0.0,微信支付,已完成,食品
O00004003,C000470,P000012,2024-11-20,3,773.28,0.7,1623.89,微信支付,已完成,服装
O00004004,C000421,P000035,2023-04-28,3,181.94,0.8,436.66,花呗,已完成,美妆
O00004005,C000119,P000036,2024-12-30,1,642.93,0.0,0.0,微信支付,已完成,美妆
O00004006,C000140,P000017,2023-04-12,4,610.78,0.0,0.0,银行卡,已完成,家居
O00004007,C000198,P000034,2023-07-21,1,644.27,0.0,0.0,信用卡,已完成,美妆
O00004008,C000200,P000007,2024-05-03,2,3648.4,0.8,5837.44,支付宝,退货中,电子产品
O00004009,C000008,P000031,2024-12-10,1,96.51,0.0,0.0,银行卡,已完成,食品
O00004010,C000137,P000032,2023-02-16,1,22.76,0.8,18.21,支付宝,已发货,食品
O00004011,C000027,P000020,2023-12-15,1,2094.02,0.0,0.0,支付宝,已完成,家居
O00004012,C000009,P000027,2024-05-21,5,196.89,0.0,0.0,微信支付,已完成,食品
O00004013,C000306,P000023,2023-07-07,1,2547.93,0.0,0.0,花呗,已完成,家居
O00004014,C000169,P000037,2023-11-12,1,232.01,0.0,0.0,信用卡,已完成,美妆
O00004015,C000434,P000027,2023-10-03,1,196.89,0.85,167.36,微信支付,已完成,食品
O00004016,C000061,P000013,2024-02-03,2,74.95,0.0,0.0,支付宝,已完成,服装
O00004017,C000107,P000011,2023-10-28,1,652.21,0.0,0.0,微信支付,已发货,服装
O00004018,C000485,P000040,2023-05-21,1,138.85,0.0,0.0,银行卡,已完成,美妆
O00004019,C000275,P000035,2023-06-27,2,181.94,0.0,0.0,银行卡,已完成,美妆
O00004020,C000246,P000018,2023-01-13,1,2590.73,0.0,0.0,银行卡,退货中,家居
O00004021,C000275,P000024,2023-12-12,1,2154.25,0.0,0.0,银行卡,已完成,家居
O00004022,C000458,P000015,2024-02-05,1,211.1,0.0,0.0,花呗,已发货,服装
O00004023,C000019,P000010,2023-02-03,2,783.56,0.0,0.0,花呗,已完成,服装
O00004024,C000426,P000035,2024-11-19,1,181.94,0.0,0.0,信用卡,已完成,美妆
O00004025,C000013,P000009,2023-10-28,2,516.07,0.0,0.0,花呗,已完成,服装
O00004026,C000351,P000005,2023-08-06,1,806.54,0.0,0.0,信用卡,已完成,电子产品
O00004027,C000094,P000026,2024-04-07,1,183.74,0.7,128.62,银行卡,已发货,食品
O00004028,C000468,P000010,2023-09-20,3,783.56,0.85,1998.08,微信支付,待发货,服装
O00004029,C000255,P000035,2024-02-02,2,181.94,0.0,0.0,支付宝,已发货,美妆
O00004030,C000105,P000006,2023-11-01,1,4189.79,0.0,0.0,银行卡,待发货,电子产品
O00004031,C000059,P000014,2024-09-15,3,443.12,0.8,1063.49,微信支付,已完成,服装
O00004032,C000447,P000011,2024-12-13,1,652.21,0.85,554.38,支付宝,已完成,服装
O00004033,C000304,P000038,2023-11-12,3,117.96,0.9,318.49,花呗,已完成,美妆
O00004034,C000244,P000032,2023-10-25,1,22.76,0.0,0.0,信用卡,退货中,食品
O00004035,C000402,P000003,2023-02-07,1,4516.24,0.0,0.0,银行卡,已完成,电子产品
O00004036,C000111,P000026,2024-08-29,4,183.74,0.0,0.0,信用卡,已完成,食品
O00004037,C000008,P000007,2024-03-26,1,3648.4,0.0,0.0,信用卡,已完成,电子产品
O00004038,C000348,P000033,2023-05-04,1,787.6,0.0,0.0,微信支付,已完成,美妆
O00004039,C000338,P000015,2024-05-01,1,211.1,0.9,189.99,支付宝,已取消,服装
O00004040,C000206,P000001,2024-06-08,2,1948.13,0.9,3506.63,信用卡,已完成,电子产品
O00004041,C000446,P000008,2024-05-29,1,3065.33,0.9,2758.8,支付宝,已发货,电子产品
O00004042,C000199,P000019,2023-07-30,1,982.38,0.0,0.0,微信支付,已完成,家居
O00004043,C000263,P000007,2024-12-11,2,3648.4,0.85,6202.28,信用卡,已完成,电子产品
O00004044,C000120,P000008,2023-01-25,5,3065.33,0.0,0.0,银行卡,已发货,电子产品
O00004045,C000289,P000021,2024-11-17,3,1114.1,0.0,0.0,微信支付,已完成,家居
O00004046,C000205,P000037,2024-12-12,3,232.01,0.0,0.0,花呗,已完成,美妆
O00004047,C000241,P000032,2024-12-17,1,22.76,0.0,0.0,信用卡,已发货,食品
O00004048,C000357,P000002,2024-03-29,2,3943.44,0.0,0.0,微信支付,已完成,电子产品
O00004049,C000272,P000014,2023-03-13,3,443.12,0.0,0.0,支付宝,已完成,服装
O00004050,C000459,P000038,2024-08-17,1,117.96,0.85,100.27,花呗,已完成,美妆
O00004051,C000183,P000021,2023-03-24,3,1114.1,0.0,0.0,花呗,已完成,家居
O00004052,C000345,P000002,2024-05-17,4,3943.44,0.0,0.0,银行卡,已完成,电子产品
O00004053,C000078,P000021,2023-07-28,4,1114.1,0.0,0.0,支付宝,已发货,家居
O00004054,C000324,P000001,2023-01-07,1,1948.13,0.85,1655.91,银行卡,已完成,电子产品
O00004055,C000236,P000001,2023-06-25,2,1948.13,0.0,0.0,支付宝,已完成,电子产品
O00004056,C000005,P000003,2024-12-13,1,4516.24,0.9,4064.62,微信支付,已完成,电子产品
O00004057,C000317,P000034,2023-03-31,5,644.27,0.0,0.0,银行卡,已完成,美妆
O00004058,C000250,P000033,2024-10-17,1,787.6,0.0,0.0,银行卡,已完成,美妆
O00004059,C000051,P000039,2024-08-02,1,503.15,0.0,0.0,支付宝,已完成,美妆
O00004060,C000301,P000015,2024-09-05,5,211.1,0.9,949.95,花呗,已完成,服装
O00004061,C000217,P000036,2023-01-03,1,642.93,0.7,450.05,花呗,已完成,美妆
O00004062,C000071,P000036,2023-10-06,1,642.93,0.8,514.34,银行卡,已完成,美妆
O00004063,C000190,P000031,2023-09-09,2,96.51,0.9,173.72,支付宝,已发货,食品
O00004064,C000298,P000028,2024-07-05,1,28.74,0.0,0.0,支付宝,已完成,食品
O00004065,C000207,P000022,2024-01-21,1,2860.42,0.0,0.0,微信支付,退货中,家居
O00004066,C000359,P000039,2023-12-18,2,503.15,0.0,0.0,支付宝,待发货,美妆
O00004067,C000187,P000011,2024-10-28,1,652.21,0.8,521.77,花呗,待发货,服装
O00004068,C000314,P000004,2024-11-04,4,4506.63,0.85,15322.54,花呗,已完成,电子产品
O00004069,C000468,P000037,2023-01-02,1,232.01,0.0,0.0,支付宝,已完成,美妆
O00004070,C000128,P000009,2023-02-25,1,516.07,0.7,361.25,信用卡,已取消,服装
O00004071,C000223,P000028,2023-02-13,2,28.74,0.0,0.0,支付宝,已完成,食品
O00004072,C000058,P000037,2024-07-06,2,232.01,0.9,417.62,支付宝,已完成,美妆
O00004073,C000132,P000038,2024-02-16,1,117.96,0.0,0.0,信用卡,已完成,美妆
O00004074,C000239,P000005,2024-10-28,2,806.54,0.0,0.0,银行卡,待发货,电子产品
O00004075,C000021,P000038,2023-12-01,3,117.96,0.0,0.0,支付宝,已发货,美妆
O00004076,C000452,P000012,2024-06-12,1,773.28,0.0,0.0,银行卡,已完成,服装
O00004077,C000310,P000037,2023-07-08,4,232.01,0.0,0.0,银行卡,已完成,美妆
O00004078,C000240,P000011,2024-03-05,1,652.21,0.0,0.0,花呗,已完成,服装
O00004079,C000382,P000034,2024-09-06,2,644.27,0.0,0.0,支付宝,待发货,美妆
O00004080,C000218,P000016,2024-04-28,1,312.16,0.0,0.0,花呗,已完成,服装
O00004081,C000025,P000037,2023-05-17,1,232.01,0.0,0.0,支付宝,已发货,美妆
O00004082,C000245,P000034,2024-10-12,1,644.27,0.0,0.0,信用卡,已发货,美妆
O00004083,C000340,P000008,2023-09-28,1,3065.33,0.0,0.0,花呗,已完成,电子产品
O00004084,C000473,P000017,2024-10-28,1,610.78,0.0,0.0,花呗,已完成,家居
O00004085,C000153,P000039,2024-05-11,2,503.15,0.0,0.0,支付宝,待发货,美妆
O00004086,C000147,P000034,2023-10-30,2,644.27,0.8,1030.83,微信支付,已发货,美妆
O00004087,C000338,P000010,2024-11-04,1,783.56,0.0,0.0,花呗,待发货,服装
O00004088,C000263,P000026,2023-04-03,1,183.74,0.0,0.0,微信支付,已取消,食品
O00004089,C000282,P000001,2023-09-12,1,1948.13,0.0,0.0,银行卡,已完成,电子产品
O00004090,C000424,P000007,2024-02-19,2,3648.4,0.8,5837.44,支付宝,已发货,电子产品
O00004091,C000207,P000025,2024-01-21,1,175.23,0.0,0.0,微信支付,已完成,食品
O00004092,C000301,P000015,2023-10-28,4,211.1,0.0,0.0,银行卡,已完成,服装
O00004093,C000470,P000032,2023-12-30,1,22.76,0.85,19.35,银行卡,已完成,食品
O00004094,C000083,P000023,2023-03-23,2,2547.93,0.85,4331.48,银行卡,已完成,家居
O00004095,C000424,P000002,2023-10-13,3,3943.44,0.7,8281.22,信用卡,已完成,电子产品
O00004096,C000290,P000023,2023-10-06,3,2547.93,0.8,6115.03,花呗,已发货,家居
O00004097,C000086,P000034,2023-12-27,1,644.27,0.0,0.0,信用卡,待发货,美妆
O00004098,C000282,P000033,2024-01-14,1,787.6,0.9,708.84,信用卡,已完成,美妆
O00004099,C000003,P000013,2023-07-22,1,74.95,0.0,0.0,支付宝,退货中,服装
O00004100,C000214,P000023,2024-04-19,1,2547.93,0.9,2293.14,花呗,已完成,家居
O00004101,C000298,P000026,2024-08-22,1,183.74,0.0,0.0,银行卡,已完成,食品
O00004102,C000211,P000037,2024-05-11,2,232.01,0.8,371.22,微信支付,退货中,美妆
O00004103,C000149,P000035,2023-02-21,1,181.94,0.0,0.0,花呗,退货中,美妆
O00004104,C000354,P000006,2023-06-19,1,4189.79,0.0,0.0,微信支付,退货中,电子产品
O00004105,C000238,P000016,2024-03-02,1,312.16,0.7,218.51,花呗,已完成,服装
O00004106,C000411,P000031,2023-07-01,2,96.51,0.0,0.0,花呗,已完成,食品
O00004107,C000167,P000020,2024-09-07,5,2094.02,0.0,0.0,花呗,已完成,家居
O00004108,C000093,P000020,2024-07-15,3,2094.02,0.0,0.0,花呗,已完成,家居
O00004109,C000131,P000001,2024-02-14,2,1948.13,0.0,0.0,信用卡,已完成,电子产品
O00004110,C000121,P000009,2023-07-11,1,516.07,0.85,438.66,支付宝,已完成,服装
O00004111,C000331,P000002,2023-09-10,1,3943.44,0.0,0.0,花呗,已完成,电子产品
O00004112,C000441,P000022,2023-09-15,4,2860.42,0.85,9725.43,支付宝,待发货,家居
O00004113,C000334,P000021,2024-09-09,1,1114.1,0.0,0.0,花呗,已完成,家居
O00004114,C000136,P000021,2023-05-10,1,1114.1,0.0,0.0,支付宝,已完成,家居
O00004115,C000218,P000039,2023-02-20,1,503.15,0.9,452.84,信用卡,已完成,美妆
O00004116,C000216,P000021,2023-05-31,4,1114.1,0.9,4010.76,支付宝,已发货,家居
O00004117,C000449,P000015,2023-11-09,4,211.1,0.9,759.96,支付宝,已发货,服装
O00004118,C000359,P000003,2024-07-31,3,4516.24,0.0,0.0,支付宝,已完成,电子产品
O00004119,C000065,P000007,2024-08-11,1,3648.4,0.0,0.0,花呗,已完成,电子产品
O00004120,C000150,P000015,2023-02-03,1,211.1,0.0,0.0,银行卡,已完成,服装
O00004121,C000070,P000040,2024-01-28,3,138.85,0.9,374.9,微信支付,已完成,美妆
O00004122,C000371,P000022,2023-01-12,1,2860.42,0.7,2002.29,微信支付,已完成,家居
O00004123,C000358,P000009,2023-07-07,1,516.07,0.85,438.66,支付宝,已完成,服装
O00004124,C000421,P000039,2024-05-11,2,503.15,0.0,0.0,支付宝,退货中,美妆
O00004125,C000123,P000032,2023-09-25,2,22.76,0.9,40.97,微信支付,已完成,食品
O00004126,C000319,P000006,2024-08-05,4,4189.79,0.85,14245.29,花呗,已取消,电子产品
O00004127,C000096,P000027,2023-02-04,4,196.89,0.8,630.05,信用卡,已完成,食品
O00004128,C000353,P000008,2023-01-05,2,3065.33,0.9,5517.59,微信支付,已完成,电子产品
O00004129,C000009,P000018,2023-01-03,2,2590.73,0.0,0.0,支付宝,已完成,家居
O00004130,C000462,P000022,2024-03-16,4,2860.42,0.7,8009.18,微信支付,已完成,家居
O00004131,C000495,P000005,2024-10-29,3,806.54,0.9,2177.66,银行卡,已取消,电子产品
O00004132,C000081,P000020,2023-01-07,3,2094.02,0.85,5339.75,银行卡,已完成,家居
O00004133,C000241,P000038,2023-05-04,1,117.96,0.0,0.0,支付宝,已发货,美妆
O00004134,C000158,P000034,2024-05-08,2,644.27,0.0,0.0,信用卡,已完成,美妆
O00004135,C000341,P000007,2023-02-23,1,3648.4,0.0,0.0,微信支付,已完成,电子产品
O00004136,C000167,P000005,2023-12-25,1,806.54,0.0,0.0,花呗,已完成,电子产品
O00004137,C000363,P000023,2023-07-03,3,2547.93,0.0,0.0,银行卡,退货中,家居
O00004138,C000263,P000020,2024-08-20,3,2094.02,0.0,0.0,微信支付,已完成,家居
O00004139,C000487,P000018,2023-07-18,2,2590.73,0.0,0.0,银行卡,已完成,家居
O00004140,C000250,P000037,2023-10-28,2,232.01,0.0,0.0,信用卡,待发货,美妆
O00004141,C000118,P000004,2024-09-15,1,4506.63,0.0,0.0,信用卡,已完成,电子产品
O00004142,C000154,P000024,2024-07-01,1,2154.25,0.0,0.0,微信支付,已完成,家居
O00004143,C000304,P000012,2023-03-09,1,773.28,0.8,618.62,信用卡,已取消,服装
O00004144,C000274,P000029,2023-03-20,1,84.32,0.9,75.89,信用卡,已发货,食品
O00004145,C000309,P000014,2024-12-05,2,443.12,0.85,753.3,银行卡,已完成,服装
O00004146,C000447,P000013,2024-12-12,1,74.95,0.9,67.46,花呗,已完成,服装
O00004147,C000439,P000038,2023-03-22,2,117.96,0.0,0.0,银行卡,已完成,美妆
O00004148,C000114,P000001,2023-03-17,1,1948.13,0.0,0.0,支付宝,已完成,电子产品
O00004149,C000472,P000019,2024-07-11,1,982.38,0.9,884.14,支付宝,已发货,家居
O00004150,C000278,P000038,2024-04-07,1,117.96,0.9,106.16,花呗,已完成,美妆
O00004151,C000072,P000023,2024-01-10,1,2547.93,0.9,2293.14,信用卡,已完成,家居
O00004152,C000182,P000032,2024-05-18,1,22.76,0.0,0.0,银行卡,已发货,食品
O00004153,C000424,P000017,2023-09-09,1,610.78,0.85,519.16,银行卡,待发货,家居
O00004154,C000236,P000017,2023-11-16,1,610.78,0.0,0.0,支付宝,已完成,家居
O00004155,C000247,P000033,2023-09-12,5,787.6,0.85,3347.3,花呗,已完成,美妆
O00004156,C000042,P000008,2023-03-25,1,3065.33,0.0,0.0,微信支付,已发货,电子产品
O00004157,C000237,P000035,2024-02-08,2,181.94,0.85,309.3,支付宝,已发货,美妆
O00004158,C000013,P000029,2024-01-16,1,84.32,0.0,0.0,信用卡,已取消,食品
O00004159,C000212,P000012,2023-10-13,2,773.28,0.9,1391.9,支付宝,已完成,服装
O00004160,C000154,P000006,2024-06-30,2,4189.79,0.0,0.0,银行卡,已完成,电子产品
O00004161,C000279,P000029,2024-12-15,1,84.32,0.7,59.02,信用卡,已完成,食品
O00004162,C000440,P000018,2024-03-23,1,2590.73,0.0,0.0,微信支付,已发货,家居
O00004163,C000373,P000030,2023-12-17,2,66.13,0.0,0.0,支付宝,已发货,食品
O00004164,C000156,P000004,2024-09-11,4,4506.63,0.0,0.0,支付宝,退货中,电子产品
O00004165,C000378,P000018,2024-06-03,2,2590.73,0.85,4404.24,信用卡,已取消,家居
O00004166,C000341,P000030,2024-06-01,1,66.13,0.9,59.52,信用卡,已发货,食品
O00004167,C000087,P000030,2023-02-13,5,66.13,0.0,0.0,支付宝,已完成,食品
O00004168,C000274,P000010,2024-09-21,2,783.56,0.85,1332.05,银行卡,已完成,服装
O00004169,C000236,P000033,2023-03-22,3,787.6,0.9,2126.52,微信支付,已完成,美妆
O00004170,C000245,P000014,2024-01-23,3,443.12,0.0,0.0,银行卡,已完成,服装
O00004171,C000136,P000036,2024-07-28,2,642.93,0.0,0.0,信用卡,已完成,美妆
O00004172,C000282,P000038,2024-11-04,1,117.96,0.0,0.0,信用卡,已完成,美妆
O00004173,C000399,P000039,2024-04-10,1,503.15,0.9,452.84,微信支付,已发货,美妆
O00004174,C000341,P000035,2023-11-18,1,181.94,0.8,145.55,支付宝,已完成,美妆
O00004175,C000187,P000038,2023-10-07,1,117.96,0.0,0.0,信用卡,已完成,美妆
O00004176,C000346,P000004,2023-02-28,2,4506.63,0.9,8111.93,微信支付,待发货,电子产品
O00004177,C000227,P000038,2023-07-21,4,117.96,0.85,401.06,银行卡,已完成,美妆
O00004178,C000463,P000010,2023-03-17,1,783.56,0.0,0.0,微信支付,已发货,服装
O00004179,C000453,P000024,2024-03-07,2,2154.25,0.0,0.0,信用卡,待发货,家居
O00004180,C000041,P000027,2023-05-16,5,196.89,0.0,0.0,银行卡,待发货,食品
O00004181,C000166,P000031,2024-08-13,2,96.51,0.0,0.0,微信支付,已完成,食品
O00004182,C000246,P000030,2023-05-22,5,66.13,0.0,0.0,花呗,已发货,食品
O00004183,C000145,P000011,2023-05-13,1,652.21,0.85,554.38,信用卡,已完成,服装
O00004184,C000276,P000033,2024-02-02,1,787.6,0.0,0.0,支付宝,已完成,美妆
O00004185,C000251,P000022,2023-02-12,1,2860.42,0.0,0.0,支付宝,已完成,家居
O00004186,C000120,P000014,2023-05-13,1,443.12,0.8,354.5,支付宝,已发货,服装
O00004187,C000486,P000011,2024-03-15,2,652.21,0.0,0.0,花呗,已完成,服装
O00004188,C000296,P000040,2023-01-12,2,138.85,0.0,0.0,花呗,待发货,美妆
O00004189,C000076,P000032,2023-06-18,1,22.76,0.9,20.48,支付宝,已完成,食品
O00004190,C000431,P000002,2023-05-19,1,3943.44,0.0,0.0,微信支付,已完成,电子产品
O00004191,C000037,P000002,2024-04-16,2,3943.44,0.0,0.0,花呗,已发货,电子产品
O00004192,C000471,P000007,2023-04-25,1,3648.4,0.85,3101.14,信用卡,已完成,电子产品
O00004193,C000409,P000027,2024-09-30,1,196.89,0.0,0.0,微信支付,已发货,食品
O00004194,C000367,P000032,2024-04-19,3,22.76,0.85,58.04,信用卡,已完成,食品
O00004195,C000128,P000009,2024-11-08,4,516.07,0.85,1754.64,花呗,已完成,服装
O00004196,C000212,P000009,2023-02-14,4,516.07,0.9,1857.85,花呗,已完成,服装
O00004197,C000291,P000001,2023-10-20,1,1948.13,0.0,0.0,支付宝,已取消,电子产品
O00004198,C000478,P000040,2023-01-17,1,138.85,0.0,0.0,花呗,已完成,美妆
O00004199,C000028,P000035,2023-12-23,2,181.94,0.0,0.0,银行卡,已完成,美妆
O00004200,C000030,P000006,2023-10-17,3,4189.79,0.0,0.0,信用卡,已发货,电子产品
O00004201,C000086,P000027,2023-06-21,1,196.89,0.9,177.2,微信支付,已完成,食品
O00004202,C000177,P000007,2024-09-23,1,3648.4,0.0,0.0,信用卡,已完成,电子产品
O00004203,C000466,P000040,2023-08-29,1,138.85,0.0,0.0,信用卡,退货中,美妆
O00004204,C000028,P000017,2023-11-14,3,610.78,0.0,0.0,支付宝,已完成,家居
O00004205,C000160,P000036,2024-10-17,1,642.93,0.0,0.0,信用卡,已完成,美妆
O00004206,C000014,P000024,2023-07-21,1,2154.25,0.7,1507.98,银行卡,已完成,家居
O00004207,C000002,P000022,2023-01-28,2,2860.42,0.7,4004.59,支付宝,已完成,家居
O00004208,C000301,P000017,2023-08-24,1,610.78,0.9,549.7,支付宝,已完成,家居
O00004209,C000391,P000013,2023-04-07,1,74.95,0.0,0.0,花呗,已完成,服装
O00004210,C000421,P000014,2023-03-05,1,443.12,0.0,0.0,银行卡,已完成,服装
O00004211,C000465,P000008,2023-09-09,1,3065.33,0.0,0.0,花呗,已完成,电子产品
O00004212,C000159,P000004,2024-12-27,1,4506.63,0.0,0.0,银行卡,已完成,电子产品
O00004213,C000210,P000024,2024-11-27,1,2154.25,0.9,1938.82,信用卡,已发货,家居
O00004214,C000223,P000001,2023-11-23,2,1948.13,0.0,0.0,支付宝,已发货,电子产品
O00004215,C000086,P000017,2024-06-21,3,610.78,0.0,0.0,信用卡,已完成,家居
O00004216,C000368,P000011,2023-11-04,4,652.21,0.0,0.0,微信支付,已发货,服装
O00004217,C000280,P000026,2024-02-02,1,183.74,0.0,0.0,微信支付,待发货,食品
O00004218,C000381,P000012,2024-12-31,3,773.28,0.0,0.0,花呗,已完成,服装
O00004219,C000178,P000033,2024-07-14,1,787.6,0.0,0.0,信用卡,退货中,美妆
O00004220,C000047,P000023,2023-07-10,1,2547.93,0.7,1783.55,信用卡,退货中,家居
O00004221,C000449,P000017,2023-04-01,3,610.78,0.0,0.0,支付宝,已完成,家居
O00004222,C000163,P000007,2023-04-13,3,3648.4,0.0,0.0,花呗,已完成,电子产品
O00004223,C000046,P000010,2024-05-15,1,783.56,0.0,0.0,微信支付,已完成,服装
O00004224,C000387,P000012,2024-09-10,2,773.28,0.0,0.0,微信支付,已完成,服装
O00004225,C000476,P000010,2024-02-19,1,783.56,0.0,0.0,花呗,已完成,服装
O00004226,C000184,P000006,2023-11-26,4,4189.79,0.0,0.0,信用卡,已完成,电子产品
O00004227,C000008,P000029,2024-04-16,4,84.32,0.8,269.82,微信支付,已完成,食品
O00004228,C000034,P000022,2024-03-25,1,2860.42,0.0,0.0,微信支付,已完成,家居
O00004229,C000017,P000035,2024-07-01,1,181.94,0.9,163.75,支付宝,待发货,美妆
O00004230,C000109,P000038,2024-12-03,1,117.96,0.0,0.0,银行卡,已完成,美妆
O00004231,C000276,P000027,2023-01-01,2,196.89,0.9,354.4,微信支付,已完成,食品
O00004232,C000110,P000017,2023-06-29,3,610.78,0.0,0.0,微信支付,已完成,家居
O00004233,C000320,P000020,2024-05-21,4,2094.02,0.9,7538.47,花呗,已完成,家居
O00004234,C000419,P000035,2024-09-14,1,181.94,0.9,163.75,银行卡,已完成,美妆
O00004235,C000022,P000020,2023-03-28,3,2094.02,0.0,0.0,银行卡,已完成,家居
O00004236,C000198,P000027,2024-02-03,1,196.89,0.8,157.51,银行卡,已完成,食品
O00004237,C000100,P000037,2024-12-07,1,232.01,0.0,0.0,花呗,已完成,美妆
O00004238,C000006,P000036,2023-05-08,4,642.93,0.9,2314.55,信用卡,已完成,美妆
O00004239,C000230,P000034,2023-09-09,3,644.27,0.0,0.0,信用卡,已完成,美妆
O00004240,C000214,P000003,2023-06-04,5,4516.24,0.0,0.0,信用卡,已取消,电子产品
O00004241,C000044,P000028,2023-07-28,1,28.74,0.0,0.0,花呗,已取消,食品
O00004242,C000006,P000029,2023-02-04,2,84.32,0.0,0.0,银行卡,退货中,食品
O00004243,C000149,P000013,2023-01-29,2,74.95,0.0,0.0,微信支付,已取消,服装
O00004244,C000149,P000016,2023-02-23,2,312.16,0.85,530.67,银行卡,已完成,服装
O00004245,C000196,P000002,2023-06-23,2,3943.44,0.85,6703.85,微信支付,已完成,电子产品
O00004246,C000104,P000031,2023-03-28,2,96.51,0.0,0.0,信用卡,已发货,食品
O00004247,C000449,P000010,2023-11-01,3,783.56,0.0,0.0,信用卡,已发货,服装
O00004248,C000173,P000004,2024-11-22,1,4506.63,0.0,0.0,银行卡,已完成,电子产品
O00004249,C000369,P000039,2024-03-14,2,503.15,0.0,0.0,花呗,已完成,美妆
O00004250,C000216,P000018,2024-03-16,4,2590.73,0.0,0.0,支付宝,已发货,家居
O00004251,C000423,P000038,2024-02-19,1,117.96,0.0,0.0,银行卡,已完成,美妆
O00004252,C000473,P000017,2024-02-18,2,610.78,0.85,1038.33,信用卡,待发货,家居
O00004253,C000324,P000020,2023-10-17,2,2094.02,0.0,0.0,花呗,已完成,家居
O00004254,C000307,P000011,2024-08-23,1,652.21,0.0,0.0,微信支付,已完成,服装
O00004255,C000488,P000011,2024-12-16,5,652.21,0.9,2934.94,花呗,已发货,服装
O00004256,C000363,P000027,2024-12-26,3,196.89,0.7,413.47,支付宝,已完成,食品
O00004257,C000195,P000025,2024-12-24,1,175.23,0.0,0.0,花呗,已完成,食品
O00004258,C000322,P000039,2023-11-18,3,503.15,0.0,0.0,微信支付,已完成,美妆
O00004259,C000388,P000022,2024-03-02,1,2860.42,0.0,0.0,微信支付,已发货,家居
O00004260,C000359,P000038,2023-08-16,1,117.96,0.0,0.0,信用卡,退货中,美妆
O00004261,C000379,P000018,2023-04-14,1,2590.73,0.0,0.0,花呗,已完成,家居
O00004262,C000094,P000030,2023-03-18,3,66.13,0.8,158.71,银行卡,已完成,食品
O00004263,C000160,P000035,2024-07-29,2,181.94,0.0,0.0,支付宝,已取消,美妆
O00004264,C000346,P000011,2023-03-16,1,652.21,0.0,0.0,微信支付,已完成,服装
O00004265,C000126,P000026,2023-07-17,1,183.74,0.7,128.62,银行卡,已发货,食品
O00004266,C000431,P000027,2023-11-04,4,196.89,0.8,630.05,微信支付,已完成,食品
O00004267,C000094,P000015,2024-04-17,1,211.1,0.9,189.99,支付宝,已发货,服装
O00004268,C000078,P000006,2024-05-28,3,4189.79,0.8,10055.5,微信支付,已完成,电子产品
O00004269,C000133,P000026,2024-06-22,1,183.74,0.9,165.37,支付宝,已完成,食品
O00004270,C000225,P000005,2024-07-13,1,806.54,0.0,0.0,信用卡,退货中,电子产品
O00004271,C000340,P000006,2024-01-29,2,4189.79,0.7,5865.71,微信支付,已完成,电子产品
O00004272,C000056,P000006,2023-09-19,2,4189.79,0.0,0.0,银行卡,已完成,电子产品
O00004273,C000092,P000015,2024-08-11,1,211.1,0.7,147.77,银行卡,已完成,服装
O00004274,C000208,P000039,2024-11-26,1,503.15,0.0,0.0,信用卡,已完成,美妆
O00004275,C000101,P000014,2024-08-03,2,443.12,0.0,0.0,花呗,已发货,服装
O00004276,C000301,P000026,2023-01-04,1,183.74,0.8,146.99,信用卡,待发货,食品
O00004277,C000081,P000014,2024-02-09,1,443.12,0.0,0.0,花呗,已发货,服装
O00004278,C000410,P000002,2023-05-25,1,3943.44,0.0,0.0,微信支付,已完成,电子产品
O00004279,C000304,P000038,2024-03-04,1,117.96,0.8,94.37,信用卡,已完成,美妆
O00004280,C000044,P000037,2024-02-21,2,232.01,0.0,0.0,花呗,退货中,美妆
O00004281,C000337,P000015,2023-11-27,4,211.1,0.85,717.74,信用卡,已完成,服装
O00004282,C000398,P000002,2023-06-26,1,3943.44,0.0,0.0,支付宝,已完成,电子产品
O00004283,C000401,P000027,2024-01-31,1,196.89,0.0,0.0,信用卡,已完成,食品
O00004284,C000397,P000005,2023-05-16,3,806.54,0.0,0.0,支付宝,已完成,电子产品
O00004285,C000247,P000018,2023-12-28,1,2590.73,0.0,0.0,微信支付,已完成,家居
O00004286,C000140,P000016,2023-11-06,3,312.16,0.85,796.01,花呗,已完成,服装
O00004287,C000438,P000019,2023-10-31,2,982.38,0.85,1670.05,微信支付,已完成,家居
O00004288,C000215,P000028,2024-02-21,1,28.74,0.7,20.12,支付宝,已取消,食品
O00004289,C000066,P000034,2023-08-27,2,644.27,0.85,1095.26,支付宝,已发货,美妆
O00004290,C000287,P000011,2024-04-08,2,652.21,0.0,0.0,微信支付,已完成,服装
O00004291,C000042,P000033,2024-09-29,1,787.6,0.8,630.08,微信支付,已完成,美妆
O00004292,C000339,P000006,2024-06-08,4,4189.79,0.0,0.0,支付宝,已完成,电子产品
O00004293,C000288,P000020,2023-12-07,3,2094.02,0.0,0.0,花呗,已发货,家居
O00004294,C000328,P000027,2024-09-15,1,196.89,0.0,0.0,支付宝,已发货,食品
O00004295,C000322,P000008,2024-11-15,1,3065.33,0.0,0.0,信用卡,已完成,电子产品
O00004296,C000066,P000018,2024-09-13,2,2590.73,0.0,0.0,花呗,已完成,家居
O00004297,C000008,P000004,2023-05-19,3,4506.63,0.0,0.0,微信支付,已发货,电子产品
O00004298,C000190,P000026,2023-04-23,2,183.74,0.0,0.0,银行卡,已完成,食品
O00004299,C000500,P000004,2023-11-02,2,4506.63,0.0,0.0,微信支付,已完成,电子产品
O00004300,C000036,P000024,2024-01-22,1,2154.25,0.0,0.0,花呗,已发货,家居
O00004301,C000107,P000025,2023-01-15,5,175.23,0.0,0.0,微信支付,已完成,食品
O00004302,C000249,P000015,2024-11-24,2,211.1,0.0,0.0,花呗,已完成,服装
O00004303,C000196,P000018,2024-11-04,1,2590.73,0.0,0.0,花呗,退货中,家居
O00004304,C000409,P000001,2023-05-31,1,1948.13,0.85,1655.91,支付宝,已完成,电子产品
O00004305,C000307,P000010,2023-04-03,3,783.56,0.0,0.0,微信支付,已完成,服装
O00004306,C000329,P000006,2023-10-15,1,4189.79,0.8,3351.83,信用卡,已完成,电子产品
O00004307,C000009,P000024,2023-11-16,1,2154.25,0.0,0.0,花呗,已完成,家居
O00004308,C000202,P000036,2024-11-11,2,642.93,0.0,0.0,信用卡,已完成,美妆
O00004309,C000204,P000011,2024-09-16,1,652.21,0.8,521.77,银行卡,已完成,服装
O00004310,C000206,P000013,2024-03-11,1,74.95,0.7,52.46,花呗,已发货,服装
O00004311,C000392,P000008,2023-07-26,2,3065.33,0.0,0.0,微信支付,已完成,电子产品
O00004312,C000467,P000010,2023-11-24,3,783.56,0.0,0.0,信用卡,已发货,服装
O00004313,C000129,P000013,2023-10-11,2,74.95,0.0,0.0,微信支付,已完成,服装
O00004314,C000425,P000004,2023-08-14,2,4506.63,0.8,7210.61,支付宝,已完成,电子产品
O00004315,C000397,P000037,2024-01-05,2,232.01,0.0,0.0,花呗,已发货,美妆
O00004316,C000345,P000025,2023-06-19,3,175.23,0.85,446.84,银行卡,已完成,食品
O00004317,C000196,P000017,2023-08-03,4,610.78,0.7,1710.18,微信支付,已完成,家居
O00004318,C000060,P000034,2024-01-29,2,644.27,0.85,1095.26,微信支付,已完成,美妆
O00004319,C000019,P000002,2024-10-19,2,3943.44,0.0,0.0,支付宝,已取消,电子产品
O00004320,C000462,P000006,2024-06-26,5,4189.79,0.85,17806.61,支付宝,已取消,电子产品
O00004321,C000447,P000006,2024-05-27,1,4189.79,0.85,3561.32,信用卡,已完成,电子产品
O00004322,C000372,P000001,2023-12-15,3,1948.13,0.0,0.0,花呗,已完成,电子产品
O00004323,C000256,P000032,2023-01-24,2,22.76,0.8,36.42,微信支付,已取消,食品
O00004324,C000222,P000026,2023-05-28,1,183.74,0.0,0.0,信用卡,已完成,食品
O00004325,C000199,P000033,2024-08-16,2,787.6,0.0,0.0,微信支付,已完成,美妆
O00004326,C000087,P000023,2024-11-26,1,2547.93,0.0,0.0,信用卡,已发货,家居
O00004327,C000184,P000032,2023-10-07,1,22.76,0.9,20.48,信用卡,待发货,食品
O00004328,C000186,P000027,2024-07-19,1,196.89,0.0,0.0,信用卡,已完成,食品
O00004329,C000004,P000026,2024-12-21,2,183.74,0.9,330.73,信用卡,已完成,食品
O00004330,C000152,P000010,2023-11-18,1,783.56,0.0,0.0,支付宝,已完成,服装
O00004331,C000323,P000017,2024-07-11,5,610.78,0.9,2748.51,信用卡,已完成,家居
O00004332,C000186,P000020,2024-04-18,2,2094.02,0.0,0.0,支付宝,已完成,家居
O00004333,C000065,P000008,2024-09-08,1,3065.33,0.0,0.0,银行卡,已完成,电子产品
O00004334,C000232,P000016,2024-09-15,2,312.16,0.9,561.89,微信支付,已发货,服装
O00004335,C000120,P000031,2024-07-17,1,96.51,0.0,0.0,花呗,已完成,食品
O00004336,C000226,P000002,2023-07-30,1,3943.44,0.8,3154.75,支付宝,已完成,电子产品
O00004337,C000167,P000030,2024-02-13,2,66.13,0.0,0.0,信用卡,已完成,食品
O00004338,C000372,P000025,2023-07-04,2,175.23,0.9,315.41,花呗,已完成,食品
O00004339,C000136,P000002,2023-12-08,1,3943.44,0.0,0.0,花呗,已发货,电子产品
O00004340,C000119,P000031,2024-08-03,1,96.51,0.0,0.0,信用卡,已完成,食品
O00004341,C000253,P000032,2023-04-11,3,22.76,0.0,0.0,支付宝,已完成,食品
O00004342,C000151,P000039,2024-05-15,2,503.15,0.0,0.0,花呗,已完成,美妆
O00004343,C000232,P000031,2023-05-02,1,96.51,0.0,0.0,微信支付,已完成,食品
O00004344,C000321,P000031,2023-05-31,1,96.51,0.0,0.0,花呗,已完成,食品
O00004345,C000065,P000004,2023-08-25,2,4506.63,0.8,7210.61,花呗,已完成,电子产品
O00004346,C000367,P000007,2024-03-23,2,3648.4,0.9,6567.12,信用卡,已完成,电子产品
O00004347,C000093,P000004,2023-09-06,4,4506.63,0.0,0.0,信用卡,已发货,电子产品
O00004348,C000064,P000037,2024-06-07,1,232.01,0.8,185.61,微信支付,已完成,美妆
O00004349,C000196,P000037,2023-07-15,5,232.01,0.9,1044.04,支付宝,已完成,美妆
O00004350,C000457,P000020,2024-03-28,3,2094.02,0.0,0.0,微信支付,已完成,家居
O00004351,C000027,P000022,2024-11-04,3,2860.42,0.0,0.0,银行卡,待发货,家居
O00004352,C000016,P000001,2024-10-09,1,1948.13,0.85,1655.91,银行卡,已完成,电子产品
O00004353,C000034,P000015,2023-02-03,1,211.1,0.9,189.99,花呗,已完成,服装
O00004354,C000442,P000012,2024-09-09,1,773.28,0.9,695.95,花呗,已完成,服装
O00004355,C000301,P000017,2023-10-14,1,610.78,0.0,0.0,花呗,已完成,家居
O00004356,C000082,P000035,2023-04-18,2,181.94,0.0,0.0,银行卡,退货中,美妆
O00004357,C000098,P000002,2023-02-22,3,3943.44,0.9,10647.29,微信支付,已完成,电子产品
O00004358,C000370,P000018,2024-10-25,4,2590.73,0.8,8290.34,微信支付,已发货,家居
O00004359,C000354,P000038,2024-03-30,1,117.96,0.9,106.16,信用卡,已完成,美妆
O00004360,C000110,P000008,2024-06-30,3,3065.33,0.9,8276.39,花呗,已完成,电子产品
O00004361,C000190,P000022,2024-04-06,2,2860.42,0.0,0.0,微信支付,已完成,家居
O00004362,C000343,P000006,2023-11-06,1,4189.79,0.9,3770.81,银行卡,已发货,电子产品
O00004363,C000304,P000005,2023-10-26,1,806.54,0.7,564.58,花呗,已完成,电子产品
O00004364,C000422,P000014,2023-01-26,3,443.12,0.7,930.55,信用卡,已取消,服装
O00004365,C000035,P000010,2024-03-13,2,783.56,0.85,1332.05,支付宝,退货中,服装
O00004366,C000499,P000022,2023-05-18,1,2860.42,0.0,0.0,信用卡,已完成,家居
O00004367,C000437,P000003,2023-08-02,2,4516.24,0.0,0.0,信用卡,待发货,电子产品
O00004368,C000058,P000005,2024-12-24,1,806.54,0.9,725.89,微信支付,已取消,电子产品
O00004369,C000279,P000002,2023-08-28,2,3943.44,0.0,0.0,花呗,已完成,电子产品
O00004370,C000479,P000018,2023-08-02,3,2590.73,0.0,0.0,支付宝,已发货,家居
O00004371,C000083,P000036,2024-01-13,1,642.93,0.9,578.64,微信支付,已取消,美妆
O00004372,C000396,P000013,2023-08-21,5,74.95,0.0,0.0,信用卡,已完成,服装
O00004373,C000307,P000026,2024-01-17,3,183.74,0.0,0.0,银行卡,已完成,食品
O00004374,C000126,P000017,2024-08-20,2,610.78,0.0,0.0,信用卡,已完成,家居
O00004375,C000112,P000004,2023-11-04,4,4506.63,0.0,0.0,信用卡,已完成,电子产品
O00004376,C000183,P000029,2024-02-03,2,84.32,0.0,0.0,花呗,已完成,食品
O00004377,C000011,P000012,2023-10-18,1,773.28,0.8,618.62,信用卡,已完成,服装
O00004378,C000152,P000020,2024-09-16,1,2094.02,0.0,0.0,支付宝,已完成,家居
O00004379,C000060,P000001,2023-06-15,1,1948.13,0.0,0.0,支付宝,待发货,电子产品
O00004380,C000031,P000040,2024-07-19,1,138.85,0.85,118.02,银行卡,已完成,美妆
O00004381,C000347,P000037,2023-04-12,3,232.01,0.85,591.63,银行卡,已完成,美妆
O00004382,C000022,P000009,2024-01-31,2,516.07,0.0,0.0,花呗,已完成,服装
O00004383,C000235,P000032,2024-07-29,1,22.76,0.0,0.0,信用卡,已完成,食品
O00004384,C000171,P000021,2023-05-12,1,1114.1,0.9,1002.69,微信支付,已完成,家居
O00004385,C000313,P000020,2023-10-23,2,2094.02,0.7,2931.63,微信支付,已完成,家居
O00004386,C000143,P000008,2023-01-30,3,3065.33,0.0,0.0,银行卡,已发货,电子产品
O00004387,C000041,P000010,2023-01-31,4,783.56,0.9,2820.82,信用卡,已完成,服装
O00004388,C000032,P000025,2023-07-11,2,175.23,0.8,280.37,信用卡,已完成,食品
O00004389,C000393,P000011,2024-04-15,1,652.21,0.9,586.99,信用卡,已完成,服装
O00004390,C000300,P000010,2023-03-21,1,783.56,0.7,548.49,信用卡,已完成,服装
O00004391,C000100,P000014,2023-10-12,4,443.12,0.7,1240.74,支付宝,已完成,服装
O00004392,C000057,P000008,2023-05-12,1,3065.33,0.9,2758.8,微信支付,已完成,电子产品
O00004393,C000279,P000038,2024-08-25,1,117.96,0.0,0.0,微信支付,已完成,美妆
O00004394,C000391,P000021,2024-03-09,2,1114.1,0.8,1782.56,信用卡,已完成,家居
O00004395,C000088,P000001,2023-01-17,1,1948.13,0.8,1558.5,花呗,已完成,电子产品
O00004396,C000476,P000032,2023-06-03,1,22.76,0.0,0.0,信用卡,已完成,食品
O00004397,C000455,P000016,2023-10-28,1,312.16,0.0,0.0,微信支付,已完成,服装
O00004398,C000317,P000033,2023-12-25,3,787.6,0.0,0.0,信用卡,已完成,美妆
O00004399,C000402,P000038,2024-03-20,4,117.96,0.0,0.0,信用卡,待发货,美妆
O00004400,C000375,P000010,2023-04-23,3,783.56,0.0,0.0,微信支付,已完成,服装
O00004401,C000064,P000030,2023-03-10,1,66.13,0.85,56.21,银行卡,已完成,食品
O00004402,C000149,P000029,2024-10-20,2,84.32,0.9,151.78,银行卡,已完成,食品
O00004403,C000059,P000005,2023-06-11,1,806.54,0.0,0.0,信用卡,已完成,电子产品
O00004404,C000137,P000001,2023-09-27,1,1948.13,0.0,0.0,支付宝,已发货,电子产品
O00004405,C000376,P000035,2024-07-14,1,181.94,0.7,127.36,银行卡,已完成,美妆
O00004406,C000185,P000010,2023-08-02,1,783.56,0.85,666.03,银行卡,已发货,服装
O00004407,C000091,P000039,2024-11-30,3,503.15,0.0,0.0,信用卡,已完成,美妆
O00004408,C000245,P000023,2024-06-30,1,2547.93,0.0,0.0,支付宝,已取消,家居
O00004409,C000237,P000035,2023-09-04,1,181.94,0.0,0.0,银行卡,退货中,美妆
O00004410,C000250,P000008,2024-12-13,1,3065.33,0.9,2758.8,银行卡,已完成,电子产品
O00004411,C000403,P000034,2023-07-22,2,644.27,0.0,0.0,银行卡,已完成,美妆
O00004412,C000351,P000026,2024-08-25,2,183.74,0.0,0.0,花呗,已完成,食品
O00004413,C000078,P000009,2023-08-07,3,516.07,0.8,1238.57,支付宝,已完成,服装
O00004414,C000481,P000037,2024-08-20,1,232.01,0.0,0.0,信用卡,已完成,美妆
O00004415,C000097,P000034,2024-03-11,2,644.27,0.0,0.0,花呗,已完成,美妆
O00004416,C000006,P000011,2024-05-29,3,652.21,0.0,0.0,花呗,已完成,服装
O00004417,C000033,P000027,2023-09-07,1,196.89,0.0,0.0,支付宝,已完成,食品
O00004418,C000004,P000022,2023-03-08,1,2860.42,0.0,0.0,花呗,已完成,家居
O00004419,C000228,P000009,2024-10-08,1,516.07,0.85,438.66,信用卡,已完成,服装
O00004420,C000473,P000033,2023-03-21,3,787.6,0.0,0.0,花呗,已完成,美妆
O00004421,C000350,P000015,2024-10-08,2,211.1,0.0,0.0,微信支付,已完成,服装
O00004422,C000231,P000008,2024-04-10,1,3065.33,0.0,0.0,花呗,已发货,电子产品
O00004423,C000053,P000037,2023-01-03,2,232.01,0.0,0.0,花呗,已完成,美妆
O00004424,C000055,P000033,2023-09-08,2,787.6,0.9,1417.68,银行卡,已取消,美妆
O00004425,C000291,P000015,2023-07-03,4,211.1,0.0,0.0,信用卡,已发货,服装
O00004426,C000325,P000018,2023-07-09,1,2590.73,0.0,0.0,花呗,已完成,家居
O00004427,C000167,P000039,2023-12-10,1,503.15,0.9,452.84,银行卡,退货中,美妆
O00004428,C000157,P000010,2023-01-20,4,783.56,0.8,2507.39,微信支付,已完成,服装
O00004429,C000025,P000011,2023-04-08,1,652.21,0.85,554.38,支付宝,已完成,服装
O00004430,C000309,P000019,2024-05-06,1,982.38,0.0,0.0,银行卡,已完成,家居
O00004431,C000042,P000005,2024-08-25,1,806.54,0.0,0.0,信用卡,已完成,电子产品
O00004432,C000246,P000004,2023-09-13,1,4506.63,0.9,4055.97,微信支付,已完成,电子产品
O00004433,C000270,P000024,2023-05-20,1,2154.25,0.0,0.0,银行卡,已完成,家居
O00004434,C000006,P000009,2024-08-24,1,516.07,0.9,464.46,支付宝,已完成,服装
O00004435,C000080,P000006,2023-05-24,1,4189.79,0.0,0.0,花呗,已完成,电子产品
O00004436,C000308,P000031,2023-03-19,3,96.51,0.0,0.0,花呗,已完成,食品
O00004437,C000362,P000026,2023-08-17,1,183.74,0.0,0.0,微信支付,已完成,食品
O00004438,C000274,P000025,2024-06-13,1,175.23,0.7,122.66,微信支付,已完成,食品
O00004439,C000422,P000026,2024-09-04,1,183.74,0.85,156.18,信用卡,已完成,食品
O00004440,C000388,P000038,2023-12-08,2,117.96,0.0,0.0,花呗,已完成,美妆
O00004441,C000494,P000039,2023-11-02,1,503.15,0.0,0.0,支付宝,已完成,美妆
O00004442,C000102,P000006,2024-08-20,1,4189.79,0.0,0.0,银行卡,已完成,电子产品
O00004443,C000470,P000020,2023-02-25,1,2094.02,0.0,0.0,银行卡,已发货,家居
O00004444,C000471,P000024,2024-04-09,1,2154.25,0.0,0.0,微信支付,已完成,家居
O00004445,C000440,P000020,2024-08-09,1,2094.02,0.9,1884.62,微信支付,已完成,家居
O00004446,C000367,P000010,2023-08-26,2,783.56,0.85,1332.05,支付宝,已完成,服装
O00004447,C000108,P000034,2023-07-01,1,644.27,0.7,450.99,信用卡,退货中,美妆
O00004448,C000292,P000020,2023-12-07,1,2094.02,0.0,0.0,信用卡,已完成,家居
O00004449,C000107,P000027,2024-02-04,3,196.89,0.0,0.0,微信支付,退货中,食品
O00004450,C000007,P000021,2024-06-07,3,1114.1,0.8,2673.84,信用卡,已完成,家居
O00004451,C000341,P000011,2023-09-30,1,652.21,0.7,456.55,微信支付,已完成,服装
O00004452,C000083,P000036,2024-08-18,1,642.93,0.0,0.0,信用卡,已完成,美妆
O00004453,C000161,P000008,2023-10-05,3,3065.33,0.0,0.0,银行卡,已取消,电子产品
O00004454,C000139,P000016,2023-12-13,2,312.16,0.0,0.0,信用卡,已完成,服装
O00004455,C000483,P000001,2024-10-11,1,1948.13,0.0,0.0,银行卡,待发货,电子产品
O00004456,C000227,P000033,2023-06-07,2,787.6,0.8,1260.16,信用卡,已完成,美妆
O00004457,C000242,P000022,2024-08-29,1,2860.42,0.0,0.0,信用卡,已完成,家居
O00004458,C000396,P000016,2024-10-18,1,312.16,0.9,280.94,信用卡,已完成,服装
O00004459,C000078,P000016,2024-10-02,4,312.16,0.0,0.0,银行卡,已完成,服装
O00004460,C000067,P000036,2024-11-06,1,642.93,0.0,0.0,花呗,已完成,美妆
O00004461,C000104,P000029,2023-09-10,2,84.32,0.0,0.0,支付宝,已完成,食品
O00004462,C000101,P000015,2024-07-05,1,211.1,0.0,0.0,花呗,已完成,服装
O00004463,C000435,P000008,2024-09-22,2,3065.33,0.8,4904.53,花呗,已完成,电子产品
O00004464,C000271,P000032,2023-03-21,3,22.76,0.0,0.0,微信支付,已完成,食品
O00004465,C000002,P000019,2024-05-27,2,982.38,0.0,0.0,花呗,已完成,家居
O00004466,C000270,P000035,2024-12-12,2,181.94,0.0,0.0,支付宝,已完成,美妆
O00004467,C000361,P000020,2023-08-02,1,2094.02,0.0,0.0,信用卡,已完成,家居
O00004468,C000037,P000020,2023-01-05,2,2094.02,0.0,0.0,花呗,已取消,家居
O00004469,C000395,P000030,2024-05-08,1,66.13,0.8,52.9,支付宝,退货中,食品
O00004470,C000393,P000015,2023-05-24,2,211.1,0.0,0.0,微信支付,已完成,服装
O00004471,C000214,P000005,2023-05-06,1,806.54,0.0,0.0,微信支付,退货中,电子产品
O00004472,C000074,P000032,2023-11-01,2,22.76,0.0,0.0,微信支付,已发货,食品
O00004473,C000333,P000004,2023-10-12,1,4506.63,0.9,4055.97,微信支付,已发货,电子产品
O00004474,C000355,P000012,2024-12-20,1,773.28,0.85,657.29,微信支付,已完成,服装
O00004475,C000137,P000026,2023-07-15,4,183.74,0.0,0.0,花呗,已完成,食品
O00004476,C000319,P000025,2024-08-25,3,175.23,0.0,0.0,微信支付,已完成,食品
O00004477,C000477,P000015,2024-08-09,1,211.1,0.85,179.44,支付宝,已完成,服装
O00004478,C000325,P000018,2023-04-23,5,2590.73,0.0,0.0,信用卡,已完成,家居
O00004479,C000262,P000026,2024-08-03,2,183.74,0.9,330.73,信用卡,已完成,食品
O00004480,C000293,P000022,2023-01-27,5,2860.42,0.8,11441.68,微信支付,已完成,家居
O00004481,C000335,P000035,2023-08-14,1,181.94,0.0,0.0,信用卡,已完成,美妆
O00004482,C000127,P000007,2023-12-25,1,3648.4,0.0,0.0,支付宝,已发货,电子产品
O00004483,C000447,P000037,2023-09-10,1,232.01,0.0,0.0,花呗,已完成,美妆
O00004484,C000193,P000006,2023-03-25,1,4189.79,0.0,0.0,银行卡,已完成,电子产品
O00004485,C000320,P000040,2024-11-12,1,138.85,0.0,0.0,微信支付,已完成,美妆
O00004486,C000162,P000010,2023-10-08,4,783.56,0.0,0.0,支付宝,已完成,服装
O00004487,C000174,P000008,2024-07-12,3,3065.33,0.0,0.0,支付宝,已发货,电子产品
O00004488,C000200,P000003,2024-03-20,4,4516.24,0.0,0.0,支付宝,已完成,电子产品
O00004489,C000191,P000037,2024-07-11,5,232.01,0.0,0.0,银行卡,已完成,美妆
O00004490,C000424,P000027,2024-12-28,2,196.89,0.9,354.4,支付宝,已完成,食品
O00004491,C000386,P000001,2023-11-16,1,1948.13,0.8,1558.5,支付宝,已完成,电子产品
O00004492,C000014,P000014,2024-07-29,1,443.12,0.0,0.0,信用卡,已发货,服装
O00004493,C000255,P000032,2024-02-18,4,22.76,0.7,63.73,支付宝,已取消,食品
O00004494,C000023,P000007,2024-09-08,3,3648.4,0.0,0.0,支付宝,已完成,电子产品
O00004495,C000208,P000016,2023-07-25,4,312.16,0.8,998.91,银行卡,已完成,服装
O00004496,C000311,P000009,2023-09-25,1,516.07,0.7,361.25,微信支付,待发货,服装
O00004497,C000359,P000009,2023-03-18,1,516.07,0.9,464.46,花呗,已完成,服装
O00004498,C000471,P000012,2023-04-09,5,773.28,0.8,3093.12,花呗,已完成,服装
O00004499,C000434,P000013,2024-07-10,1,74.95,0.0,0.0,信用卡,已完成,服装
O00004500,C000030,P000008,2024-12-19,1,3065.33,0.85,2605.53,支付宝,待发货,电子产品
O00004501,C000263,P000025,2023-05-19,1,175.23,0.0,0.0,银行卡,已发货,食品
O00004502,C000239,P000018,2023-01-17,4,2590.73,0.0,0.0,信用卡,退货中,家居
O00004503,C000312,P000013,2023-01-05,2,74.95,0.8,119.92,花呗,已完成,服装
O00004504,C000470,P000023,2023-04-01,3,2547.93,0.0,0.0,花呗,已完成,家居
O00004505,C000348,P000001,2024-10-09,1,1948.13,0.0,0.0,信用卡,已完成,电子产品
O00004506,C000437,P000020,2023-03-18,4,2094.02,0.9,7538.47,信用卡,已发货,家居
O00004507,C000163,P000011,2024-06-06,1,652.21,0.0,0.0,信用卡,已完成,服装
O00004508,C000212,P000020,2023-03-15,1,2094.02,0.85,1779.92,支付宝,已完成,家居
O00004509,C000461,P000017,2024-10-14,1,610.78,0.9,549.7,支付宝,已完成,家居
O00004510,C000442,P000040,2024-01-24,2,138.85,0.0,0.0,银行卡,已完成,美妆
O00004511,C000231,P000039,2024-10-18,1,503.15,0.0,0.0,支付宝,已完成,美妆
O00004512,C000410,P000031,2023-09-01,1,96.51,0.0,0.0,银行卡,已完成,食品
O00004513,C000116,P000025,2024-09-03,1,175.23,0.7,122.66,微信支付,已完成,食品
O00004514,C000280,P000039,2024-02-21,1,503.15,0.85,427.68,银行卡,已完成,美妆
O00004515,C000146,P000007,2023-11-27,1,3648.4,0.9,3283.56,银行卡,已完成,电子产品
O00004516,C000299,P000026,2023-01-03,3,183.74,0.0,0.0,信用卡,已完成,食品
O00004517,C000324,P000008,2023-03-08,2,3065.33,0.0,0.0,花呗,已取消,电子产品
O00004518,C000203,P000002,2024-09-20,2,3943.44,0.0,0.0,银行卡,已完成,电子产品
O00004519,C000336,P000005,2024-09-11,1,806.54,0.0,0.0,花呗,已完成,电子产品
O00004520,C000057,P000040,2023-03-01,1,138.85,0.0,0.0,银行卡,已完成,美妆
O00004521,C000309,P000025,2023-12-23,1,175.23,0.8,140.18,微信支付,已取消,食品
O00004522,C000112,P000015,2024-05-31,1,211.1,0.0,0.0,微信支付,已完成,服装
O00004523,C000380,P000010,2023-03-30,1,783.56,0.0,0.0,微信支付,已完成,服装
O00004524,C000366,P000033,2024-01-06,3,787.6,0.0,0.0,信用卡,已完成,美妆
O00004525,C000335,P000004,2024-05-02,3,4506.63,0.0,0.0,银行卡,已完成,电子产品
O00004526,C000358,P000027,2024-10-31,3,196.89,0.0,0.0,微信支付,已取消,食品
O00004527,C000125,P000013,2024-01-23,1,74.95,0.7,52.46,信用卡,已完成,服装
O00004528,C000452,P000016,2023-09-24,3,312.16,0.9,842.83,信用卡,已完成,服装
O00004529,C000364,P000020,2023-04-16,3,2094.02,0.0,0.0,信用卡,待发货,家居
O00004530,C000232,P000007,2024-09-05,1,3648.4,0.0,0.0,支付宝,已完成,电子产品
O00004531,C000279,P000006,2024-07-03,1,4189.79,0.0,0.0,微信支付,已完成,电子产品
O00004532,C000431,P000001,2023-04-24,1,1948.13,0.8,1558.5,微信支付,已完成,电子产品
O00004533,C000121,P000004,2023-05-27,1,4506.63,0.0,0.0,花呗,已完成,电子产品
O00004534,C000401,P000007,2023-01-14,1,3648.4,0.0,0.0,微信支付,已完成,电子产品
O00004535,C000375,P000015,2024-01-02,2,211.1,0.0,0.0,银行卡,退货中,服装
O00004536,C000314,P000028,2023-10-07,1,28.74,0.9,25.87,花呗,已完成,食品
O00004537,C000282,P000001,2024-09-11,1,1948.13,0.0,0.0,支付宝,已发货,电子产品
O00004538,C000183,P000036,2023-09-10,2,642.93,0.0,0.0,银行卡,已完成,美妆
O00004539,C000376,P000005,2024-03-29,1,806.54,0.0,0.0,花呗,已取消,电子产品
O00004540,C000235,P000015,2023-01-08,2,211.1,0.0,0.0,支付宝,已发货,服装
O00004541,C000269,P000003,2024-11-11,2,4516.24,0.0,0.0,支付宝,已完成,电子产品
O00004542,C000184,P000029,2024-04-20,2,84.32,0.0,0.0,花呗,已完成,食品
O00004543,C000127,P000034,2023-03-16,1,644.27,0.0,0.0,花呗,已完成,美妆
O00004544,C000430,P000004,2024-12-30,1,4506.63,0.0,0.0,支付宝,已取消,电子产品
O00004545,C000121,P000024,2023-05-10,2,2154.25,0.0,0.0,支付宝,已发货,家居
O00004546,C000087,P000017,2023-09-26,4,610.78,0.0,0.0,信用卡,已完成,家居
O00004547,C000031,P000034,2024-10-05,1,644.27,0.0,0.0,支付宝,已完成,美妆
O00004548,C000210,P000034,2024-11-21,2,644.27,0.9,1159.69,支付宝,已完成,美妆
O00004549,C000368,P000011,2023-12-19,1,652.21,0.8,521.77,支付宝,已完成,服装
O00004550,C000313,P000024,2023-08-21,2,2154.25,0.0,0.0,支付宝,已完成,家居
O00004551,C000230,P000015,2023-04-10,2,211.1,0.9,379.98,信用卡,已完成,服装
O00004552,C000097,P000024,2023-09-03,1,2154.25,0.0,0.0,花呗,已发货,家居
O00004553,C000240,P000031,2023-12-06,1,96.51,0.7,67.56,信用卡,已完成,食品
O00004554,C000133,P000009,2024-08-29,3,516.07,0.9,1393.39,支付宝,已完成,服装
O00004555,C000146,P000008,2023-10-12,2,3065.33,0.8,4904.53,支付宝,已完成,电子产品
O00004556,C000204,P000030,2024-09-09,3,66.13,0.0,0.0,支付宝,退货中,食品
O00004557,C000359,P000030,2024-01-03,2,66.13,0.0,0.0,花呗,待发货,食品
O00004558,C000216,P000012,2024-01-22,1,773.28,0.0,0.0,银行卡,已完成,服装
O00004559,C000133,P000037,2023-09-04,1,232.01,0.85,197.21,银行卡,已完成,美妆
O00004560,C000434,P000035,2023-02-14,1,181.94,0.0,0.0,信用卡,已完成,美妆
O00004561,C000290,P000025,2023-08-17,1,175.23,0.0,0.0,银行卡,已完成,食品
O00004562,C000484,P000023,2024-07-19,2,2547.93,0.0,0.0,支付宝,已完成,家居
O00004563,C000319,P000014,2023-07-19,2,443.12,0.0,0.0,花呗,已完成,服装
O00004564,C000195,P000035,2024-09-19,1,181.94,0.0,0.0,银行卡,已发货,美妆
O00004565,C000464,P000035,2024-05-25,1,181.94,0.0,0.0,支付宝,待发货,美妆
O00004566,C000097,P000012,2024-11-22,2,773.28,0.9,1391.9,银行卡,已完成,服装
O00004567,C000095,P000011,2023-11-05,1,652.21,0.85,554.38,银行卡,已完成,服装
O00004568,C000009,P000037,2024-12-27,1,232.01,0.0,0.0,银行卡,已完成,美妆
O00004569,C000291,P000015,2024-02-12,1,211.1,0.0,0.0,银行卡,已完成,服装
O00004570,C000102,P000026,2023-10-16,1,183.74,0.0,0.0,支付宝,已发货,食品
O00004571,C000140,P000028,2024-05-25,1,28.74,0.0,0.0,微信支付,已完成,食品
O00004572,C000486,P000007,2024-01-13,1,3648.4,0.0,0.0,微信支付,已完成,电子产品
O00004573,C000283,P000039,2023-05-28,1,503.15,0.0,0.0,花呗,已完成,美妆
O00004574,C000241,P000027,2023-07-05,1,196.89,0.85,167.36,银行卡,已取消,食品
O00004575,C000157,P000031,2023-05-23,2,96.51,0.0,0.0,银行卡,已完成,食品
O00004576,C000170,P000012,2023-05-24,1,773.28,0.0,0.0,花呗,已完成,服装
O00004577,C000113,P000014,2024-03-29,2,443.12,0.0,0.0,微信支付,已完成,服装
O00004578,C000205,P000028,2023-05-15,2,28.74,0.0,0.0,信用卡,已完成,食品
O00004579,C000328,P000036,2023-07-01,2,642.93,0.0,0.0,微信支付,已取消,美妆
O00004580,C000450,P000015,2024-02-20,2,211.1,0.0,0.0,支付宝,已完成,服装
O00004581,C000368,P000022,2023-05-10,1,2860.42,0.85,2431.36,微信支付,已发货,家居
O00004582,C000062,P000034,2023-08-25,1,644.27,0.0,0.0,银行卡,已完成,美妆
O00004583,C000135,P000027,2024-01-02,2,196.89,0.0,0.0,信用卡,已完成,食品
O00004584,C000080,P000036,2024-08-22,1,642.93,0.0,0.0,微信支付,已完成,美妆
O00004585,C000013,P000017,2024-09-25,1,610.78,0.9,549.7,支付宝,已完成,家居
O00004586,C000104,P000014,2023-01-03,2,443.12,0.0,0.0,花呗,已完成,服装
O00004587,C000111,P000035,2024-03-16,2,181.94,0.0,0.0,银行卡,已完成,美妆
O00004588,C000107,P000034,2024-11-24,1,644.27,0.0,0.0,花呗,已完成,美妆
O00004589,C000126,P000036,2023-12-29,2,642.93,0.0,0.0,信用卡,退货中,美妆
O00004590,C000003,P000012,2024-09-28,2,773.28,0.0,0.0,支付宝,已发货,服装
O00004591,C000113,P000039,2023-12-19,1,503.15,0.7,352.2,微信支付,已发货,美妆
O00004592,C000353,P000020,2023-03-26,2,2094.02,0.9,3769.24,信用卡,退货中,家居
O00004593,C000166,P000029,2024-07-01,1,84.32,0.0,0.0,信用卡,已发货,食品
O00004594,C000057,P000022,2023-10-22,1,2860.42,0.0,0.0,支付宝,已发货,家居
O00004595,C000144,P000017,2023-12-28,2,610.78,0.9,1099.4,支付宝,已完成,家居
O00004596,C000164,P000038,2024-11-17,4,117.96,0.0,0.0,信用卡,已完成,美妆
O00004597,C000396,P000006,2023-12-15,2,4189.79,0.0,0.0,信用卡,已完成,电子产品
O00004598,C000256,P000020,2024-03-04,2,2094.02,0.0,0.0,花呗,已完成,家居
O00004599,C000010,P000011,2023-03-30,1,652.21,0.9,586.99,信用卡,已发货,服装
O00004600,C000314,P000011,2024-02-21,2,652.21,0.85,1108.76,花呗,已完成,服装
O00004601,C000347,P000036,2023-05-16,1,642.93,0.9,578.64,信用卡,已完成,美妆
O00004602,C000276,P000027,2024-07-14,1,196.89,0.0,0.0,信用卡,已完成,食品
O00004603,C000394,P000017,2024-05-04,2,610.78,0.0,0.0,微信支付,已完成,家居
O00004604,C000370,P000021,2023-07-23,1,1114.1,0.0,0.0,银行卡,已完成,家居
O00004605,C000452,P000035,2023-03-15,2,181.94,0.0,0.0,花呗,待发货,美妆
O00004606,C000095,P000026,2024-10-24,2,183.74,0.0,0.0,信用卡,已完成,食品
O00004607,C000108,P000030,2023-10-20,1,66.13,0.9,59.52,微信支付,已发货,食品
O00004608,C000050,P000018,2023-01-30,1,2590.73,0.0,0.0,银行卡,已取消,家居
O00004609,C000173,P000017,2023-09-09,3,610.78,0.0,0.0,微信支付,已完成,家居
O00004610,C000448,P000025,2024-12-20,3,175.23,0.0,0.0,银行卡,已完成,食品
O00004611,C000363,P000018,2024-09-05,1,2590.73,0.0,0.0,信用卡,已完成,家居
O00004612,C000144,P000007,2023-08-02,1,3648.4,0.0,0.0,花呗,已完成,电子产品
O00004613,C000116,P000032,2023-04-16,2,22.76,0.0,0.0,信用卡,已完成,食品
O00004614,C000218,P000017,2024-08-06,1,610.78,0.7,427.55,微信支付,已完成,家居
O00004615,C000170,P000007,2023-05-23,4,3648.4,0.0,0.0,银行卡,已完成,电子产品
O00004616,C000275,P000011,2023-02-01,2,652.21,0.85,1108.76,微信支付,已发货,服装
O00004617,C000358,P000011,2024-02-07,2,652.21,0.0,0.0,微信支付,已完成,服装
O00004618,C000385,P000002,2024-01-13,3,3943.44,0.0,0.0,微信支付,已完成,电子产品
O00004619,C000208,P000026,2023-11-20,5,183.74,0.0,0.0,微信支付,已取消,食品
O00004620,C000271,P000016,2024-01-10,1,312.16,0.0,0.0,信用卡,已完成,服装
O00004621,C000021,P000028,2024-02-25,2,28.74,0.0,0.0,银行卡,已完成,食品
O00004622,C000453,P000021,2023-06-13,2,1114.1,0.85,1893.97,花呗,已完成,家居
O00004623,C000206,P000010,2024-01-12,1,783.56,0.0,0.0,信用卡,已发货,服装
O00004624,C000288,P000030,2023-11-19,2,66.13,0.0,0.0,微信支付,已完成,食品
O00004625,C000052,P000012,2024-03-04,5,773.28,0.0,0.0,银行卡,已完成,服装
O00004626,C000371,P000009,2023-05-27,3,516.07,0.0,0.0,信用卡,已发货,服装
O00004627,C000111,P000036,2024-04-03,3,642.93,0.9,1735.91,微信支付,待发货,美妆
O00004628,C000294,P000014,2023-08-25,2,443.12,0.9,797.62,花呗,已发货,服装
O00004629,C000459,P000022,2023-08-09,1,2860.42,0.8,2288.34,微信支付,已完成,家居
O00004630,C000176,P000027,2024-08-12,1,196.89,0.0,0.0,银行卡,已完成,食品
O00004631,C000232,P000010,2023-07-10,4,783.56,0.0,0.0,信用卡,已完成,服装
O00004632,C000500,P000013,2024-12-07,1,74.95,0.9,67.46,支付宝,已取消,服装
O00004633,C000448,P000013,2023-12-20,1,74.95,0.9,67.46,信用卡,退货中,服装
O00004634,C000204,P000037,2023-05-21,3,232.01,0.8,556.82,银行卡,已完成,美妆
O00004635,C000176,P000024,2023-02-23,2,2154.25,0.0,0.0,花呗,已完成,家居
O00004636,C000162,P000033,2023-04-06,2,787.6,0.0,0.0,微信支付,已完成,美妆
O00004637,C000071,P000020,2023-07-17,3,2094.02,0.9,5653.85,微信支付,已完成,家居
O00004638,C000332,P000009,2024-08-04,2,516.07,0.0,0.0,支付宝,已完成,服装
O00004639,C000337,P000006,2024-02-09,2,4189.79,0.85,7122.64,信用卡,已完成,电子产品
O00004640,C000292,P000019,2023-07-21,1,982.38,0.0,0.0,微信支付,已完成,家居
O00004641,C000442,P000029,2024-06-16,3,84.32,0.0,0.0,支付宝,已完成,食品
O00004642,C000494,P000014,2023-06-05,5,443.12,0.8,1772.48,支付宝,已完成,服装
O00004643,C000020,P000031,2024-11-23,3,96.51,0.0,0.0,银行卡,已完成,食品
O00004644,C000284,P000032,2023-09-17,1,22.76,0.8,18.21,微信支付,已发货,食品
O00004645,C000153,P000013,2023-08-06,1,74.95,0.0,0.0,花呗,已完成,服装
O00004646,C000191,P000035,2024-06-05,1,181.94,0.7,127.36,花呗,已完成,美妆
O00004647,C000242,P000016,2024-05-25,2,312.16,0.9,561.89,微信支付,已发货,服装
O00004648,C000378,P000038,2023-12-10,1,117.96,0.0,0.0,银行卡,已完成,美妆
O00004649,C000497,P000034,2024-09-05,3,644.27,0.0,0.0,银行卡,已完成,美妆
O00004650,C000258,P000022,2023-10-14,4,2860.42,0.85,9725.43,支付宝,已完成,家居
O00004651,C000263,P000016,2023-05-30,3,312.16,0.0,0.0,支付宝,已完成,服装
O00004652,C000498,P000015,2023-08-09,4,211.1,0.85,717.74,支付宝,已完成,服装
O00004653,C000181,P000019,2023-12-06,1,982.38,0.0,0.0,银行卡,已完成,家居
O00004654,C000394,P000004,2024-06-27,3,4506.63,0.8,10815.91,支付宝,已发货,电子产品
O00004655,C000095,P000024,2023-02-19,2,2154.25,0.0,0.0,花呗,已完成,家居
O00004656,C000071,P000028,2023-02-06,2,28.74,0.9,51.73,支付宝,已完成,食品
O00004657,C000179,P000022,2023-10-06,1,2860.42,0.0,0.0,信用卡,已完成,家居
O00004658,C000133,P000006,2023-12-15,3,4189.79,0.0,0.0,银行卡,已完成,电子产品
O00004659,C000415,P000015,2024-10-11,1,211.1,0.0,0.0,微信支付,已完成,服装
O00004660,C000198,P000039,2024-04-14,1,503.15,0.0,0.0,微信支付,已完成,美妆
O00004661,C000356,P000027,2024-10-16,1,196.89,0.8,157.51,花呗,已完成,食品
O00004662,C000212,P000023,2024-01-26,4,2547.93,0.0,0.0,信用卡,已完成,家居
O00004663,C000444,P000002,2023-02-06,2,3943.44,0.8,6309.5,支付宝,已完成,电子产品
O00004664,C000071,P000028,2024-04-18,1,28.74,0.9,25.87,信用卡,已发货,食品
O00004665,C000209,P000019,2024-06-23,3,982.38,0.9,2652.43,微信支付,已完成,家居
O00004666,C000130,P000025,2023-04-16,1,175.23,0.0,0.0,花呗,已完成,食品
O00004667,C000114,P000018,2024-03-10,4,2590.73,0.0,0.0,信用卡,退货中,家居
O00004668,C000128,P000023,2024-08-05,1,2547.93,0.85,2165.74,信用卡,已完成,家居
O00004669,C000459,P000033,2024-08-16,1,787.6,0.0,0.0,微信支付,已发货,美妆
O00004670,C000181,P000025,2023-03-09,1,175.23,0.0,0.0,银行卡,已完成,食品
O00004671,C000362,P000025,2023-12-07,3,175.23,0.0,0.0,银行卡,退货中,食品
O00004672,C000325,P000009,2024-01-01,1,516.07,0.0,0.0,银行卡,已完成,服装
O00004673,C000195,P000003,2024-03-26,1,4516.24,0.0,0.0,微信支付,已发货,电子产品
O00004674,C000226,P000017,2023-09-03,1,610.78,0.0,0.0,花呗,退货中,家居
O00004675,C000410,P000023,2024-06-05,3,2547.93,0.0,0.0,信用卡,已完成,家居
O00004676,C000345,P000013,2023-04-07,2,74.95,0.85,127.42,信用卡,已完成,服装
O00004677,C000188,P000009,2023-02-14,1,516.07,0.0,0.0,银行卡,已完成,服装
O00004678,C000268,P000031,2024-03-14,4,96.51,0.9,347.44,微信支付,已完成,食品
O00004679,C000294,P000006,2023-07-27,1,4189.79,0.85,3561.32,银行卡,已完成,电子产品
O00004680,C000031,P000011,2024-04-18,1,652.21,0.85,554.38,信用卡,已完成,服装
O00004681,C000389,P000003,2024-10-24,2,4516.24,0.0,0.0,银行卡,已完成,电子产品
O00004682,C000027,P000015,2024-12-28,3,211.1,0.0,0.0,花呗,已完成,服装
O00004683,C000431,P000012,2023-11-04,1,773.28,0.7,541.3,支付宝,已完成,服装
O00004684,C000058,P000008,2024-04-23,3,3065.33,0.8,7356.79,支付宝,已发货,电子产品
O00004685,C000418,P000026,2024-07-31,2,183.74,0.0,0.0,支付宝,已取消,食品
O00004686,C000324,P000002,2023-08-18,2,3943.44,0.9,7098.19,微信支付,已完成,电子产品
O00004687,C000320,P000029,2024-05-01,4,84.32,0.8,269.82,支付宝,已完成,食品
O00004688,C000305,P000006,2024-05-28,1,4189.79,0.0,0.0,信用卡,已完成,电子产品
O00004689,C000152,P000023,2024-02-04,2,2547.93,0.85,4331.48,支付宝,已完成,家居
O00004690,C000062,P000017,2023-03-26,1,610.78,0.0,0.0,微信支付,已完成,家居
O00004691,C000314,P000038,2023-10-13,2,117.96,0.0,0.0,银行卡,已完成,美妆
O00004692,C000058,P000016,2024-11-25,1,312.16,0.0,0.0,信用卡,退货中,服装
O00004693,C000201,P000022,2024-12-09,3,2860.42,0.7,6006.88,支付宝,已完成,家居
O00004694,C000289,P000016,2024-12-29,3,312.16,0.8,749.18,花呗,已取消,服装
O00004695,C000464,P000027,2024-05-01,2,196.89,0.0,0.0,花呗,已完成,食品
O00004696,C000340,P000022,2024-02-13,1,2860.42,0.0,0.0,银行卡,已完成,家居
O00004697,C000470,P000033,2024-09-16,1,787.6,0.0,0.0,微信支付,已发货,美妆
O00004698,C000304,P000010,2023-09-30,1,783.56,0.9,705.2,银行卡,已完成,服装
O00004699,C000276,P000032,2023-10-16,1,22.76,0.7,15.93,信用卡,已取消,食品
O00004700,C000085,P000016,2024-01-09,2,312.16,0.0,0.0,微信支付,已完成,服装
O00004701,C000317,P000005,2023-07-06,4,806.54,0.0,0.0,支付宝,已完成,电子产品
O00004702,C000447,P000021,2023-09-07,3,1114.1,0.9,3008.07,信用卡,退货中,家居
O00004703,C000296,P000030,2024-12-10,1,66.13,0.9,59.52,信用卡,已完成,食品
O00004704,C000411,P000039,2023-04-27,1,503.15,0.85,427.68,花呗,已完成,美妆
O00004705,C000275,P000012,2023-12-03,1,773.28,0.9,695.95,支付宝,已完成,服装
O00004706,C000404,P000032,2024-12-26,1,22.76,0.0,0.0,支付宝,已发货,食品
O00004707,C000387,P000007,2023-02-03,1,3648.4,0.0,0.0,花呗,已完成,电子产品
O00004708,C000061,P000036,2024-11-16,2,642.93,0.0,0.0,银行卡,已完成,美妆
O00004709,C000298,P000016,2024-07-23,2,312.16,0.0,0.0,银行卡,已取消,服装
O00004710,C000156,P000029,2024-05-27,1,84.32,0.0,0.0,支付宝,已发货,食品
O00004711,C000168,P000024,2023-04-21,2,2154.25,0.0,0.0,花呗,已完成,家居
O00004712,C000201,P000029,2023-09-16,1,84.32,0.7,59.02,花呗,已完成,食品
O00004713,C000110,P000035,2024-10-10,4,181.94,0.0,0.0,微信支付,已完成,美妆
O00004714,C000376,P000010,2023-01-24,3,783.56,0.0,0.0,信用卡,待发货,服装
O00004715,C000252,P000016,2024-11-04,2,312.16,0.0,0.0,花呗,已完成,服装
O00004716,C000194,P000013,2024-02-07,1,74.95,0.0,0.0,花呗,已完成,服装
O00004717,C000153,P000032,2024-05-25,4,22.76,0.0,0.0,支付宝,已完成,食品
O00004718,C000222,P000032,2024-12-06,3,22.76,0.9,61.45,微信支付,待发货,食品
O00004719,C000265,P000014,2024-02-05,1,443.12,0.0,0.0,信用卡,已完成,服装
O00004720,C000391,P000029,2023-11-24,3,84.32,0.0,0.0,银行卡,已完成,食品
O00004721,C000004,P000015,2023-05-27,1,211.1,0.0,0.0,微信支付,已完成,服装
O00004722,C000480,P000036,2024-10-22,2,642.93,0.0,0.0,微信支付,已完成,美妆
O00004723,C000078,P000028,2024-03-06,1,28.74,0.8,22.99,信用卡,已发货,食品
O00004724,C000374,P000032,2023-07-25,2,22.76,0.0,0.0,支付宝,已发货,食品
O00004725,C000044,P000017,2023-02-08,1,610.78,0.0,0.0,花呗,已完成,家居
O00004726,C000457,P000004,2023-03-09,2,4506.63,0.0,0.0,支付宝,已完成,电子产品
O00004727,C000495,P000035,2023-11-14,3,181.94,0.0,0.0,支付宝,待发货,美妆
O00004728,C000284,P000018,2024-10-21,1,2590.73,0.0,0.0,银行卡,退货中,家居
O00004729,C000198,P000012,2024-07-10,1,773.28,0.9,695.95,微信支付,待发货,服装
O00004730,C000413,P000002,2023-02-21,2,3943.44,0.0,0.0,银行卡,已完成,电子产品
O00004731,C000448,P000011,2024-10-10,2,652.21,0.0,0.0,微信支付,已完成,服装
O00004732,C000338,P000020,2024-02-08,3,2094.02,0.8,5025.65,支付宝,已完成,家居
O00004733,C000273,P000024,2023-03-26,2,2154.25,0.0,0.0,信用卡,已完成,家居
O00004734,C000261,P000008,2023-12-24,2,3065.33,0.8,4904.53,花呗,待发货,电子产品
O00004735,C000303,P000009,2024-04-14,1,516.07,0.7,361.25,信用卡,待发货,服装
O00004736,C000152,P000040,2023-12-22,3,138.85,0.0,0.0,支付宝,已取消,美妆
O00004737,C000419,P000029,2023-12-24,1,84.32,0.8,67.46,微信支付,已完成,食品
O00004738,C000096,P000019,2024-09-19,1,982.38,0.8,785.9,花呗,已完成,家居
O00004739,C000193,P000032,2024-05-30,1,22.76,0.0,0.0,花呗,已完成,食品
O00004740,C000427,P000021,2023-05-08,2,1114.1,0.0,0.0,信用卡,已发货,家居
O00004741,C000420,P000031,2024-04-30,2,96.51,0.9,173.72,银行卡,退货中,食品
O00004742,C000080,P000031,2023-04-17,2,96.51,0.0,0.0,信用卡,已完成,食品
O00004743,C000206,P000019,2023-04-11,2,982.38,0.0,0.0,微信支付,已完成,家居
O00004744,C000428,P000037,2024-07-09,2,232.01,0.0,0.0,微信支付,已发货,美妆
O00004745,C000042,P000007,2024-06-22,1,3648.4,0.9,3283.56,支付宝,已取消,电子产品
O00004746,C000360,P000022,2024-11-01,1,2860.42,0.85,2431.36,微信支付,已完成,家居
O00004747,C000493,P000005,2024-02-16,1,806.54,0.0,0.0,信用卡,已完成,电子产品
O00004748,C000467,P000006,2024-03-30,1,4189.79,0.9,3770.81,支付宝,已完成,电子产品
O00004749,C000261,P000011,2024-12-05,2,652.21,0.9,1173.98,支付宝,已完成,服装
O00004750,C000281,P000037,2023-11-29,4,232.01,0.0,0.0,花呗,已完成,美妆
O00004751,C000166,P000015,2024-07-04,2,211.1,0.0,0.0,银行卡,退货中,服装
O00004752,C000267,P000035,2023-09-05,2,181.94,0.0,0.0,支付宝,已发货,美妆
O00004753,C000363,P000003,2023-12-16,1,4516.24,0.0,0.0,微信支付,已完成,电子产品
O00004754,C000092,P000019,2024-09-09,1,982.38,0.0,0.0,支付宝,已发货,家居
O00004755,C000450,P000038,2023-07-12,2,117.96,0.0,0.0,花呗,已取消,美妆
O00004756,C000208,P000027,2023-01-31,1,196.89,0.8,157.51,银行卡,已取消,食品
O00004757,C000221,P000001,2024-03-27,1,1948.13,0.8,1558.5,信用卡,已完成,电子产品
O00004758,C000339,P000038,2024-07-18,1,117.96,0.0,0.0,微信支付,已完成,美妆
O00004759,C000141,P000016,2023-12-27,2,312.16,0.0,0.0,支付宝,待发货,服装
O00004760,C000026,P000023,2024-03-27,2,2547.93,0.0,0.0,银行卡,已完成,家居
O00004761,C000399,P000038,2023-02-10,2,117.96,0.9,212.33,支付宝,已完成,美妆
O00004762,C000463,P000013,2024-09-09,1,74.95,0.0,0.0,微信支付,已完成,服装
O00004763,C000305,P000001,2024-04-02,2,1948.13,0.8,3117.01,银行卡,已完成,电子产品
O00004764,C000407,P000013,2023-02-20,2,74.95,0.9,134.91,微信支付,已完成,服装
O00004765,C000484,P000011,2023-01-19,2,652.21,0.9,1173.98,微信支付,已完成,服装
O00004766,C000277,P000033,2023-01-14,1,787.6,0.0,0.0,支付宝,已完成,美妆
O00004767,C000287,P000022,2023-06-25,1,2860.42,0.7,2002.29,信用卡,已完成,家居
O00004768,C000327,P000038,2024-09-07,2,117.96,0.7,165.14,微信支付,已完成,美妆
O00004769,C000022,P000007,2023-07-13,1,3648.4,0.0,0.0,支付宝,已完成,电子产品
O00004770,C000416,P000009,2023-01-17,2,516.07,0.8,825.71,支付宝,已完成,服装
O00004771,C000107,P000009,2024-05-25,3,516.07,0.0,0.0,微信支付,已完成,服装
O00004772,C000156,P000009,2023-06-26,3,516.07,0.9,1393.39,信用卡,已取消,服装
O00004773,C000365,P000012,2024-12-19,1,773.28,0.0,0.0,微信支付,已发货,服装
O00004774,C000373,P000040,2024-10-12,1,138.85,0.0,0.0,银行卡,已完成,美妆
O00004775,C000476,P000037,2024-12-07,1,232.01,0.9,208.81,银行卡,已完成,美妆
O00004776,C000174,P000002,2024-11-10,1,3943.44,0.0,0.0,信用卡,退货中,电子产品
O00004777,C000132,P000025,2024-05-22,2,175.23,0.9,315.41,花呗,已完成,食品
O00004778,C000045,P000012,2023-08-02,4,773.28,0.0,0.0,银行卡,已完成,服装
O00004779,C000223,P000018,2023-12-05,1,2590.73,0.0,0.0,信用卡,已发货,家居
O00004780,C000348,P000029,2024-07-03,3,84.32,0.0,0.0,花呗,已完成,食品
O00004781,C000376,P000010,2023-10-02,1,783.56,0.85,666.03,花呗,已完成,服装
O00004782,C000477,P000037,2023-08-23,2,232.01,0.8,371.22,花呗,已完成,美妆
O00004783,C000419,P000026,2024-10-07,4,183.74,0.0,0.0,信用卡,已完成,食品
O00004784,C000137,P000027,2024-02-06,1,196.89,0.0,0.0,微信支付,已发货,食品
O00004785,C000121,P000026,2024-11-09,1,183.74,0.0,0.0,花呗,已发货,食品
O00004786,C000203,P000002,2024-06-04,1,3943.44,0.0,0.0,微信支付,已取消,电子产品
O00004787,C000196,P000024,2024-10-28,3,2154.25,0.85,5493.34,花呗,已完成,家居
O00004788,C000310,P000032,2024-10-26,1,22.76,0.0,0.0,信用卡,已完成,食品
O00004789,C000152,P000036,2024-12-08,5,642.93,0.0,0.0,银行卡,已完成,美妆
O00004790,C000265,P000008,2023-11-09,1,3065.33,0.0,0.0,支付宝,已完成,电子产品
O00004791,C000052,P000027,2024-06-28,2,196.89,0.0,0.0,支付宝,已完成,食品
O00004792,C000032,P000030,2023-07-21,1,66.13,0.8,52.9,花呗,已完成,食品
O00004793,C000489,P000033,2024-08-03,3,787.6,0.0,0.0,微信支付,已完成,美妆
O00004794,C000114,P000006,2024-05-16,4,4189.79,0.85,14245.29,花呗,已取消,电子产品
O00004795,C000268,P000025,2024-10-12,1,175.23,0.0,0.0,支付宝,已发货,食品
O00004796,C000314,P000016,2023-01-30,1,312.16,0.0,0.0,花呗,已完成,服装
O00004797,C000039,P000030,2023-04-23,5,66.13,0.9,297.58,支付宝,已完成,食品
O00004798,C000142,P000027,2023-12-18,1,196.89,0.0,0.0,花呗,已完成,食品
O00004799,C000285,P000029,2023-08-03,1,84.32,0.8,67.46,微信支付,已完成,食品
O00004800,C000390,P000014,2024-09-02,4,443.12,0.9,1595.23,微信支付,已完成,服装
O00004801,C000465,P000010,2024-05-18,3,783.56,0.85,1998.08,银行卡,已完成,服装
O00004802,C000119,P000032,2023-04-13,1,22.76,0.0,0.0,银行卡,已完成,食品
O00004803,C000365,P000006,2023-10-09,2,4189.79,0.0,0.0,银行卡,退货中,电子产品
O00004804,C000499,P000037,2024-04-16,1,232.01,0.0,0.0,信用卡,已发货,美妆
O00004805,C000109,P000011,2024-01-25,3,652.21,0.85,1663.14,银行卡,已取消,服装
O00004806,C000413,P000013,2023-02-22,1,74.95,0.0,0.0,花呗,已完成,服装
O00004807,C000069,P000011,2024-11-24,1,652.21,0.0,0.0,支付宝,已完成,服装
O00004808,C000262,P000029,2024-03-17,1,84.32,0.85,71.67,支付宝,退货中,食品
O00004809,C000323,P000024,2023-11-28,2,2154.25,0.0,0.0,银行卡,已完成,家居
O00004810,C000412,P000020,2024-01-02,1,2094.02,0.9,1884.62,信用卡,已完成,家居
O00004811,C000099,P000009,2024-03-03,2,516.07,0.0,0.0,支付宝,已完成,服装
O00004812,C000450,P000015,2023-07-24,1,211.1,0.0,0.0,支付宝,已完成,服装
O00004813,C000481,P000003,2023-05-24,5,4516.24,0.9,20323.08,信用卡,已发货,电子产品
O00004814,C000007,P000028,2024-03-09,1,28.74,0.85,24.43,微信支付,已发货,食品
O00004815,C000019,P000008,2023-09-21,3,3065.33,0.0,0.0,信用卡,待发货,电子产品
O00004816,C000448,P000002,2023-09-21,1,3943.44,0.0,0.0,信用卡,已完成,电子产品
O00004817,C000182,P000020,2023-01-15,1,2094.02,0.8,1675.22,信用卡,已完成,家居
O00004818,C000048,P000034,2023-03-27,2,644.27,0.0,0.0,支付宝,已完成,美妆
O00004819,C000119,P000024,2023-08-29,3,2154.25,0.0,0.0,支付宝,已取消,家居
O00004820,C000165,P000023,2024-05-20,1,2547.93,0.0,0.0,支付宝,已取消,家居
O00004821,C000369,P000040,2024-09-22,2,138.85,0.0,0.0,微信支付,已发货,美妆
O00004822,C000456,P000033,2024-12-21,4,787.6,0.0,0.0,支付宝,已发货,美妆
O00004823,C000142,P000033,2023-08-09,4,787.6,0.0,0.0,花呗,已完成,美妆
O00004824,C000362,P000040,2024-06-27,4,138.85,0.0,0.0,银行卡,退货中,美妆
O00004825,C000203,P000012,2023-04-03,3,773.28,0.9,2087.86,支付宝,已完成,服装
O00004826,C000041,P000012,2024-09-14,1,773.28,0.0,0.0,银行卡,已发货,服装
O00004827,C000027,P000040,2024-11-26,1,138.85,0.0,0.0,微信支付,已完成,美妆
O00004828,C000235,P000023,2023-09-19,1,2547.93,0.0,0.0,银行卡,已完成,家居
O00004829,C000373,P000040,2024-04-22,1,138.85,0.9,124.96,支付宝,已完成,美妆
O00004830,C000181,P000010,2023-10-27,2,783.56,0.9,1410.41,银行卡,已完成,服装
O00004831,C000260,P000023,2023-03-29,1,2547.93,0.9,2293.14,银行卡,已完成,家居
O00004832,C000233,P000034,2024-09-21,1,644.27,0.8,515.42,支付宝,已完成,美妆
O00004833,C000286,P000035,2024-12-03,3,181.94,0.0,0.0,花呗,已完成,美妆
O00004834,C000338,P000001,2023-05-02,1,1948.13,0.0,0.0,支付宝,已完成,电子产品
O00004835,C000325,P000019,2024-11-30,1,982.38,0.8,785.9,信用卡,已完成,家居
O00004836,C000443,P000003,2024-02-04,2,4516.24,0.7,6322.74,支付宝,已取消,电子产品
O00004837,C000267,P000012,2023-08-07,4,773.28,0.0,0.0,信用卡,待发货,服装
O00004838,C000006,P000029,2024-09-21,1,84.32,0.0,0.0,花呗,已完成,食品
O00004839,C000160,P000011,2024-09-25,1,652.21,0.0,0.0,花呗,已完成,服装
O00004840,C000382,P000028,2024-08-03,1,28.74,0.85,24.43,信用卡,待发货,食品
O00004841,C000171,P000024,2024-04-16,1,2154.25,0.0,0.0,支付宝,已完成,家居
O00004842,C000421,P000009,2024-08-01,1,516.07,0.0,0.0,支付宝,已完成,服装
O00004843,C000272,P000033,2023-10-27,1,787.6,0.0,0.0,花呗,已完成,美妆
O00004844,C000058,P000027,2023-03-24,3,196.89,0.0,0.0,银行卡,已完成,食品
O00004845,C000203,P000017,2023-02-22,1,610.78,0.7,427.55,支付宝,已完成,家居
O00004846,C000277,P000039,2024-10-23,1,503.15,0.85,427.68,微信支付,已完成,美妆
O00004847,C000265,P000037,2024-07-22,2,232.01,0.8,371.22,银行卡,已完成,美妆
O00004848,C000090,P000035,2023-02-26,2,181.94,0.0,0.0,信用卡,已完成,美妆
O00004849,C000175,P000029,2024-02-11,1,84.32,0.9,75.89,支付宝,已完成,食品
O00004850,C000020,P000031,2024-09-11,1,96.51,0.85,82.03,银行卡,已发货,食品
O00004851,C000105,P000012,2024-12-07,1,773.28,0.0,0.0,支付宝,已完成,服装
O00004852,C000036,P000009,2023-05-30,2,516.07,0.0,0.0,花呗,已完成,服装
O00004853,C000260,P000018,2023-03-19,1,2590.73,0.85,2202.12,微信支付,待发货,家居
O00004854,C000414,P000021,2023-03-15,1,1114.1,0.85,946.98,支付宝,已完成,家居
O00004855,C000002,P000028,2023-10-15,1,28.74,0.0,0.0,银行卡,已完成,食品
O00004856,C000281,P000026,2023-01-03,1,183.74,0.0,0.0,花呗,已完成,食品
O00004857,C000046,P000040,2023-08-30,1,138.85,0.85,118.02,微信支付,已完成,美妆
O00004858,C000053,P000023,2023-03-20,2,2547.93,0.9,4586.27,花呗,待发货,家居
O00004859,C000218,P000018,2024-10-14,1,2590.73,0.0,0.0,支付宝,已完成,家居
O00004860,C000134,P000019,2024-08-01,1,982.38,0.9,884.14,信用卡,已完成,家居
O00004861,C000324,P000031,2024-01-25,5,96.51,0.0,0.0,花呗,已完成,食品
O00004862,C000269,P000004,2023-11-10,2,4506.63,0.0,0.0,微信支付,已完成,电子产品
O00004863,C000358,P000004,2023-01-24,1,4506.63,0.0,0.0,支付宝,已完成,电子产品
O00004864,C000423,P000006,2024-04-30,3,4189.79,0.0,0.0,信用卡,已取消,电子产品
O00004865,C000194,P000018,2024-07-28,1,2590.73,0.85,2202.12,花呗,已完成,家居
O00004866,C000055,P000038,2023-11-25,3,117.96,0.0,0.0,支付宝,已完成,美妆
O00004867,C000096,P000007,2023-03-24,2,3648.4,0.8,5837.44,花呗,已发货,电子产品
O00004868,C000438,P000037,2024-09-29,3,232.01,0.9,626.43,银行卡,已完成,美妆
O00004869,C000056,P000039,2024-01-08,1,503.15,0.0,0.0,花呗,已完成,美妆
O00004870,C000301,P000005,2023-12-13,1,806.54,0.0,0.0,微信支付,已完成,电子产品
O00004871,C000382,P000037,2024-05-25,1,232.01,0.0,0.0,支付宝,已完成,美妆
O00004872,C000261,P000024,2024-11-22,2,2154.25,0.0,0.0,微信支付,已完成,家居
O00004873,C000215,P000003,2023-09-04,3,4516.24,0.0,0.0,微信支付,已完成,电子产品
O00004874,C000431,P000004,2024-01-26,2,4506.63,0.0,0.0,微信支付,已取消,电子产品
O00004875,C000416,P000021,2024-01-17,4,1114.1,0.0,0.0,支付宝,已完成,家居
O00004876,C000130,P000029,2024-06-21,1,84.32,0.0,0.0,支付宝,已完成,食品
O00004877,C000412,P000023,2023-05-24,1,2547.93,0.9,2293.14,银行卡,已完成,家居
O00004878,C000446,P000011,2023-03-12,2,652.21,0.85,1108.76,信用卡,已完成,服装
O00004879,C000015,P000020,2024-03-10,1,2094.02,0.0,0.0,银行卡,已完成,家居
O00004880,C000326,P000037,2023-04-24,4,232.01,0.0,0.0,支付宝,已完成,美妆
O00004881,C000208,P000037,2023-06-28,2,232.01,0.0,0.0,微信支付,已完成,美妆
O00004882,C000453,P000031,2023-08-21,1,96.51,0.0,0.0,花呗,已完成,食品
O00004883,C000294,P000018,2023-08-01,2,2590.73,0.0,0.0,信用卡,待发货,家居
O00004884,C000375,P000001,2023-09-14,1,1948.13,0.0,0.0,花呗,已完成,电子产品
O00004885,C000327,P000026,2024-06-06,1,183.74,0.8,146.99,微信支付,已取消,食品
O00004886,C000490,P000032,2024-07-26,1,22.76,0.0,0.0,支付宝,已发货,食品
O00004887,C000344,P000031,2023-08-14,1,96.51,0.9,86.86,微信支付,已完成,食品
O00004888,C000260,P000017,2023-08-21,1,610.78,0.0,0.0,银行卡,已完成,家居
O00004889,C000239,P000024,2023-07-05,2,2154.25,0.0,0.0,花呗,已发货,家居
O00004890,C000268,P000018,2024-10-21,1,2590.73,0.8,2072.58,信用卡,已完成,家居
O00004891,C000309,P000012,2023-08-17,1,773.28,0.0,0.0,银行卡,已完成,服装
O00004892,C000236,P000019,2024-12-03,1,982.38,0.0,0.0,花呗,已完成,家居
O00004893,C000303,P000035,2023-05-12,1,181.94,0.0,0.0,支付宝,已完成,美妆
O00004894,C000017,P000007,2023-01-21,2,3648.4,0.0,0.0,花呗,已完成,电子产品
O00004895,C000158,P000004,2024-02-15,3,4506.63,0.85,11491.91,信用卡,已完成,电子产品
O00004896,C000141,P000025,2024-04-03,1,175.23,0.9,157.71,花呗,已完成,食品
O00004897,C000141,P000021,2024-08-13,2,1114.1,0.0,0.0,花呗,已完成,家居
O00004898,C000423,P000013,2024-09-06,1,74.95,0.0,0.0,微信支付,已完成,服装
O00004899,C000122,P000019,2023-05-08,1,982.38,0.0,0.0,信用卡,已完成,家居
O00004900,C000473,P000013,2024-03-03,3,74.95,0.9,202.37,花呗,已完成,服装
O00004901,C000271,P000002,2024-11-09,2,3943.44,0.8,6309.5,支付宝,已完成,电子产品
O00004902,C000289,P000035,2024-05-19,1,181.94,0.85,154.65,银行卡,已完成,美妆
O00004903,C000192,P000021,2023-09-07,1,1114.1,0.0,0.0,支付宝,已完成,家居
O00004904,C000188,P000016,2024-04-17,1,312.16,0.0,0.0,银行卡,退货中,服装
O00004905,C000419,P000020,2023-07-02,1,2094.02,0.85,1779.92,支付宝,已发货,家居
O00004906,C000119,P000020,2023-11-09,1,2094.02,0.0,0.0,花呗,已完成,家居
O00004907,C000039,P000004,2023-04-01,2,4506.63,0.8,7210.61,花呗,已完成,电子产品
O00004908,C000344,P000003,2024-12-28,3,4516.24,0.0,0.0,花呗,已完成,电子产品
O00004909,C000400,P000006,2024-06-27,1,4189.79,0.0,0.0,支付宝,退货中,电子产品
O00004910,C000259,P000006,2023-08-01,1,4189.79,0.0,0.0,支付宝,已完成,电子产品
O00004911,C000426,P000001,2024-05-20,1,1948.13,0.85,1655.91,微信支付,已完成,电子产品
O00004912,C000143,P000029,2023-08-16,1,84.32,0.9,75.89,信用卡,已发货,食品
O00004913,C000198,P000007,2023-09-05,4,3648.4,0.9,13134.24,花呗,已完成,电子产品
O00004914,C000085,P000007,2024-08-15,1,3648.4,0.85,3101.14,银行卡,已完成,电子产品
O00004915,C000240,P000021,2023-02-27,2,1114.1,0.9,2005.38,花呗,已完成,家居
O00004916,C000108,P000014,2023-10-30,1,443.12,0.85,376.65,花呗,已完成,服装
O00004917,C000429,P000030,2024-12-12,1,66.13,0.7,46.29,微信支付,已完成,食品
O00004918,C000113,P000035,2024-08-23,2,181.94,0.85,309.3,微信支付,已完成,美妆
O00004919,C000168,P000012,2023-10-13,1,773.28,0.0,0.0,微信支付,退货中,服装
O00004920,C000278,P000016,2023-11-26,1,312.16,0.8,249.73,支付宝,已发货,服装
O00004921,C000112,P000010,2023-10-06,1,783.56,0.9,705.2,微信支付,已完成,服装
O00004922,C000437,P000007,2023-03-10,1,3648.4,0.85,3101.14,银行卡,已完成,电子产品
O00004923,C000423,P000005,2024-03-07,3,806.54,0.8,1935.7,支付宝,待发货,电子产品
O00004924,C000092,P000010,2023-07-06,3,783.56,0.0,0.0,支付宝,已发货,服装
O00004925,C000034,P000023,2024-07-09,1,2547.93,0.0,0.0,银行卡,已完成,家居
O00004926,C000442,P000032,2023-04-11,1,22.76,0.9,20.48,花呗,已发货,食品
O00004927,C000244,P000038,2023-08-28,1,117.96,0.0,0.0,支付宝,已完成,美妆
O00004928,C000395,P000001,2023-01-09,2,1948.13,0.85,3311.82,花呗,待发货,电子产品
O00004929,C000018,P000002,2024-11-08,1,3943.44,0.85,3351.92,花呗,已发货,电子产品
O00004930,C000224,P000011,2024-08-24,1,652.21,0.9,586.99,银行卡,已完成,服装
O00004931,C000385,P000028,2024-08-16,3,28.74,0.0,0.0,银行卡,已完成,食品
O00004932,C000012,P000023,2023-02-02,4,2547.93,0.9,9172.55,花呗,已完成,家居
O00004933,C000135,P000007,2024-12-20,3,3648.4,0.0,0.0,微信支付,已完成,电子产品
O00004934,C000179,P000002,2023-04-06,1,3943.44,0.0,0.0,支付宝,已完成,电子产品
O00004935,C000183,P000008,2023-08-09,3,3065.33,0.0,0.0,信用卡,退货中,电子产品
O00004936,C000379,P000018,2024-05-04,1,2590.73,0.0,0.0,微信支付,已完成,家居
O00004937,C000260,P000025,2023-01-12,2,175.23,0.0,0.0,微信支付,已发货,食品
O00004938,C000034,P000016,2024-10-23,2,312.16,0.8,499.46,银行卡,已完成,服装
O00004939,C000414,P000026,2024-09-23,1,183.74,0.85,156.18,微信支付,已完成,食品
O00004940,C000258,P000029,2023-03-04,3,84.32,0.8,202.37,微信支付,已完成,食品
O00004941,C000390,P000024,2024-03-20,2,2154.25,0.8,3446.8,支付宝,已完成,家居
O00004942,C000493,P000029,2023-04-13,3,84.32,0.0,0.0,银行卡,已完成,食品
O00004943,C000026,P000001,2024-07-20,1,1948.13,0.0,0.0,支付宝,待发货,电子产品
O00004944,C000336,P000020,2023-10-14,1,2094.02,0.85,1779.92,银行卡,已完成,家居
O00004945,C000015,P000036,2024-09-07,1,642.93,0.0,0.0,支付宝,已完成,美妆
O00004946,C000488,P000006,2024-06-11,1,4189.79,0.0,0.0,银行卡,已完成,电子产品
O00004947,C000207,P000032,2023-10-08,1,22.76,0.85,19.35,银行卡,已完成,食品
O00004948,C000322,P000034,2024-05-21,1,644.27,0.9,579.84,花呗,已完成,美妆
O00004949,C000282,P000039,2023-07-17,2,503.15,0.0,0.0,微信支付,已完成,美妆
O00004950,C000057,P000025,2023-11-29,1,175.23,0.9,157.71,花呗,退货中,食品
O00004951,C000496,P000016,2023-07-03,1,312.16,0.0,0.0,支付宝,已完成,服装
O00004952,C000484,P000014,2023-07-24,1,443.12,0.0,0.0,银行卡,已完成,服装
O00004953,C000076,P000040,2024-08-14,1,138.85,0.0,0.0,微信支付,已完成,美妆
O00004954,C000124,P000005,2024-01-27,1,806.54,0.0,0.0,信用卡,已发货,电子产品
O00004955,C000423,P000004,2023-06-21,2,4506.63,0.0,0.0,花呗,已完成,电子产品
O00004956,C000307,P000005,2024-08-05,1,806.54,0.85,685.56,花呗,已完成,电子产品
O00004957,C000125,P000009,2023-07-16,3,516.07,0.0,0.0,花呗,已完成,服装
O00004958,C000165,P000018,2023-11-09,3,2590.73,0.9,6994.97,微信支付,已完成,家居
O00004959,C000032,P000025,2024-01-23,1,175.23,0.0,0.0,微信支付,已完成,食品
O00004960,C000420,P000032,2023-07-15,1,22.76,0.0,0.0,花呗,已完成,食品
O00004961,C000024,P000012,2023-08-24,2,773.28,0.0,0.0,信用卡,退货中,服装
O00004962,C000321,P000026,2024-06-23,1,183.74,0.8,146.99,银行卡,已完成,食品
O00004963,C000174,P000001,2024-06-03,2,1948.13,0.85,3311.82,银行卡,已完成,电子产品
O00004964,C000157,P000031,2023-09-13,1,96.51,0.0,0.0,花呗,已发货,食品
O00004965,C000172,P000035,2024-07-21,4,181.94,0.0,0.0,银行卡,已完成,美妆
O00004966,C000483,P000032,2023-01-23,1,22.76,0.0,0.0,花呗,已完成,食品
O00004967,C000281,P000037,2024-06-19,2,232.01,0.7,324.81,花呗,已发货,美妆
O00004968,C000243,P000033,2024-05-06,1,787.6,0.8,630.08,微信支付,已发货,美妆
O00004969,C000024,P000009,2024-09-11,2,516.07,0.0,0.0,银行卡,待发货,服装
O00004970,C000228,P000009,2024-09-07,1,516.07,0.8,412.86,信用卡,已完成,服装
O00004971,C000198,P000038,2023-09-22,1,117.96,0.85,100.27,花呗,已完成,美妆
O00004972,C000385,P000015,2023-02-08,1,211.1,0.85,179.44,银行卡,已发货,服装
O00004973,C000084,P000003,2024-07-17,1,4516.24,0.0,0.0,银行卡,已完成,电子产品
O00004974,C000153,P000030,2024-09-17,5,66.13,0.9,297.58,花呗,已完成,食品
O00004975,C000377,P000038,2024-03-16,4,117.96,0.0,0.0,花呗,已完成,美妆
O00004976,C000389,P000007,2023-01-17,1,3648.4,0.0,0.0,支付宝,已完成,电子产品
O00004977,C000497,P000006,2024-03-19,3,4189.79,0.0,0.0,银行卡,已完成,电子产品
O00004978,C000488,P000006,2023-03-26,2,4189.79,0.7,5865.71,微信支付,已完成,电子产品
O00004979,C000056,P000032,2023-09-24,3,22.76,0.7,47.8,信用卡,已发货,食品
O00004980,C000462,P000013,2024-02-06,1,74.95,0.0,0.0,信用卡,已完成,服装
O00004981,C000168,P000019,2023-01-01,2,982.38,0.0,0.0,花呗,已完成,家居
O00004982,C000181,P000020,2023-01-21,1,2094.02,0.0,0.0,银行卡,已完成,家居
O00004983,C000041,P000009,2024-11-30,1,516.07,0.0,0.0,微信支付,已完成,服装
O00004984,C000483,P000032,2024-01-12,4,22.76,0.9,81.94,信用卡,已完成,食品
O00004985,C000283,P000034,2023-12-02,2,644.27,0.7,901.98,银行卡,已完成,美妆
O00004986,C000477,P000017,2023-01-18,1,610.78,0.85,519.16,信用卡,已完成,家居
O00004987,C000336,P000015,2024-08-13,3,211.1,0.0,0.0,银行卡,已发货,服装
O00004988,C000449,P000011,2023-05-19,1,652.21,0.9,586.99,银行卡,已发货,服装
O00004989,C000039,P000040,2024-07-28,4,138.85,0.0,0.0,花呗,已完成,美妆
O00004990,C000393,P000033,2023-12-06,2,787.6,0.0,0.0,支付宝,已发货,美妆
O00004991,C000053,P000018,2023-12-05,3,2590.73,0.8,6217.75,微信支付,已完成,家居
O00004992,C000486,P000004,2024-12-23,2,4506.63,0.0,0.0,微信支付,退货中,电子产品
O00004993,C000303,P000037,2023-11-05,3,232.01,0.85,591.63,信用卡,已完成,美妆
O00004994,C000303,P000006,2023-09-13,3,4189.79,0.0,0.0,微信支付,已完成,电子产品
O00004995,C000028,P000012,2024-02-21,3,773.28,0.8,1855.87,信用卡,待发货,服装
O00004996,C000243,P000037,2024-06-08,1,232.01,0.0,0.0,支付宝,已完成,美妆
O00004997,C000239,P000007,2023-03-23,1,3648.4,0.0,0.0,花呗,待发货,电子产品
O00004998,C000125,P000021,2024-09-07,2,1114.1,0.7,1559.74,花呗,已完成,家居
O00004999,C000202,P000018,2023-01-02,2,2590.73,0.9,4663.31,花呗,已发货,家居
O00005000,C000196,P000008,2023-05-31,3,3065.33,0.8,7356.79,信用卡,已取消,电子产品
