transaction_id,date,customer_id,product_id,quantity,unit_price,discount,total_amount,payment_method,channel
T00000001,2023-08-05,C000056,P0050,4,740.01,0.2,2368.03,支付宝,小程序
T00000002,2023-08-19,C000382,P0033,7,838.62,0.3,4109.24,银行卡,APP
T00000003,2023-04-02,C000545,P0028,4,210.19,0.3,588.53,支付宝,APP
T00000004,2023-01-04,C000971,P0022,5,596.78,0.0,2983.9,微信支付,小程序
T00000005,2023-11-11,C000894,P0047,8,371.93,0.1,2677.9,银行卡,APP
T00000006,2023-03-04,C000472,P0032,3,95.61,0.0,286.83,银行卡,网页
T00000007,2023-08-06,C000692,P0022,5,596.78,0.0,2983.9,银行卡,APP
T00000008,2023-05-31,C000428,P0023,1,237.76,0.1,213.98,银行卡,网页
T00000009,2023-11-22,C000611,P0003,2,806.41,0.0,1612.82,信用卡,APP
T00000010,2023-03-31,C000548,P0006,1,281.15,0.0,281.15,微信支付,小程序
T00000011,2023-09-10,C000915,P0028,3,210.19,0.0,630.57,信用卡,小程序
T00000012,2023-11-13,C000941,P0016,11,469.57,0.0,5165.27,支付宝,网页
T00000013,2023-07-10,C000151,P0003,9,806.41,0.2,5806.15,支付宝,网页
T00000014,2023-09-20,C000081,P0047,3,371.93,0.2,892.63,银行卡,网页
T00000015,2023-07-25,C000189,P0002,5,123.04,0.2,492.16,支付宝,网页
T00000016,2023-03-01,C000585,P0013,3,615.93,0.0,1847.79,微信支付,小程序
T00000017,2023-01-26,C000588,P0024,4,740.37,0.0,2961.48,信用卡,网页
T00000018,2023-12-19,C000191,P0050,6,740.01,0.0,4440.06,信用卡,APP
T00000019,2023-12-14,C000280,P0019,2,340.95,0.0,681.9,信用卡,小程序
T00000020,2023-03-08,C000274,P0018,4,63.49,0.15,215.87,银行卡,APP
T00000021,2023-04-24,C000019,P0015,3,986.74,0.0,2960.22,支付宝,小程序
T00000022,2023-05-28,C000730,P0047,5,371.93,0.3,1301.75,信用卡,小程序
T00000023,2023-08-04,C000610,P0041,4,976.66,0.1,3515.98,支付宝,网页
T00000024,2023-06-24,C000355,P0021,5,519.75,0.3,1819.12,信用卡,APP
T00000025,2023-09-30,C000175,P0045,4,789.81,0.0,3159.24,信用卡,APP
T00000026,2023-12-05,C000991,P0037,2,484.48,0.15,823.62,银行卡,APP
T00000027,2023-04-17,C000543,P0048,3,651.69,0.0,1955.07,银行卡,网页
T00000028,2023-08-20,C000479,P0044,1,535.61,0.15,455.27,微信支付,小程序
T00000029,2023-06-30,C000442,P0037,7,484.48,0.0,3391.36,银行卡,小程序
T00000030,2023-09-09,C000385,P0016,5,469.57,0.0,2347.85,信用卡,小程序
T00000031,2023-03-05,C000406,P0007,2,444.27,0.0,888.54,支付宝,小程序
T00000032,2023-05-29,C000886,P0012,2,614.43,0.3,860.2,信用卡,小程序
T00000033,2023-07-29,C000770,P0023,3,237.76,0.15,606.29,银行卡,网页
T00000034,2023-07-05,C000109,P0041,4,976.66,0.15,3320.64,信用卡,APP
T00000035,2023-07-26,C000775,P0032,5,95.61,0.1,430.25,微信支付,APP
T00000036,2023-07-24,C000004,P0019,9,340.95,0.3,2147.98,信用卡,小程序
T00000037,2023-03-30,C000930,P0044,1,535.61,0.1,482.05,信用卡,网页
T00000038,2023-07-30,C000652,P0013,1,615.93,0.0,615.93,支付宝,小程序
T00000039,2023-10-20,C000419,P0047,1,371.93,0.0,371.93,微信支付,APP
T00000040,2023-10-19,C000484,P0041,1,976.66,0.0,976.66,支付宝,小程序
T00000041,2023-11-04,C000399,P0042,11,193.1,0.0,2124.1,微信支付,网页
T00000042,2023-07-08,C000896,P0047,2,371.93,0.2,595.09,微信支付,网页
T00000043,2023-03-09,C000067,P0019,1,340.95,0.0,340.95,信用卡,网页
T00000044,2023-05-06,C000618,P0044,4,535.61,0.0,2142.44,微信支付,网页
T00000045,2023-09-14,C000114,P0042,5,193.1,0.3,675.85,银行卡,APP
T00000046,2023-05-06,C000740,P0030,1,179.49,0.0,179.49,支付宝,小程序
T00000047,2023-12-13,C000888,P0027,14,145.04,0.3,1421.39,信用卡,APP
T00000048,2023-08-02,C000905,P0017,6,798.65,0.3,3354.33,支付宝,网页
T00000049,2023-09-04,C000062,P0047,3,371.93,0.3,781.05,信用卡,小程序
T00000050,2023-01-21,C000410,P0024,5,740.37,0.2,2961.48,信用卡,网页
T00000051,2023-03-05,C000150,P0007,3,444.27,0.3,932.97,支付宝,小程序
T00000052,2023-03-28,C000423,P0024,3,740.37,0.0,2221.11,微信支付,网页
T00000053,2023-04-18,C000100,P0017,3,798.65,0.2,1916.76,支付宝,网页
T00000054,2023-12-30,C000771,P0032,5,95.61,0.0,478.05,银行卡,小程序
T00000055,2023-08-16,C000807,P0022,7,596.78,0.15,3550.84,银行卡,小程序
T00000056,2023-01-19,C000144,P0049,2,147.02,0.15,249.93,银行卡,APP
T00000057,2023-04-24,C000578,P0024,3,740.37,0.2,1776.89,银行卡,网页
T00000058,2023-03-23,C000650,P0037,3,484.48,0.1,1308.1,信用卡,小程序
T00000059,2023-05-31,C000762,P0010,2,422.06,0.0,844.12,银行卡,网页
T00000060,2023-05-12,C000234,P0041,1,976.66,0.3,683.66,微信支付,小程序
T00000061,2023-06-05,C000599,P0010,1,422.06,0.2,337.65,信用卡,网页
T00000062,2023-11-13,C000996,P0011,7,643.43,0.15,3828.41,银行卡,小程序
T00000063,2023-07-11,C000887,P0025,6,476.28,0.3,2000.38,信用卡,APP
T00000064,2023-09-05,C000015,P0025,1,476.28,0.0,476.28,微信支付,网页
T00000065,2023-04-16,C000154,P0015,3,986.74,0.15,2516.19,支付宝,小程序
T00000066,2023-04-11,C000511,P0023,4,237.76,0.15,808.38,支付宝,小程序
T00000067,2023-09-26,C000760,P0015,2,986.74,0.0,1973.48,支付宝,网页
T00000068,2023-11-17,C000975,P0007,6,444.27,0.0,2665.62,支付宝,APP
T00000069,2023-08-17,C000536,P0037,2,484.48,0.3,678.27,微信支付,小程序
T00000070,2023-11-30,C000234,P0016,7,469.57,0.15,2793.94,银行卡,小程序
T00000071,2023-05-23,C000761,P0006,2,281.15,0.2,449.84,支付宝,APP
T00000072,2023-09-25,C000063,P0020,2,925.61,0.0,1851.22,微信支付,小程序
T00000073,2023-10-25,C000476,P0031,1,791.65,0.15,672.9,支付宝,网页
T00000074,2023-11-21,C000202,P0005,6,766.59,0.0,4599.54,信用卡,APP
T00000075,2023-02-21,C000604,P0035,2,914.62,0.15,1554.85,信用卡,网页
T00000076,2023-10-19,C000596,P0001,4,461.62,0.3,1292.54,支付宝,小程序
T00000077,2023-08-15,C000659,P0050,3,740.01,0.2,1776.02,信用卡,APP
T00000078,2023-05-09,C000417,P0049,5,147.02,0.0,735.1,信用卡,小程序
T00000079,2023-04-01,C000520,P0022,4,596.78,0.15,2029.05,银行卡,小程序
T00000080,2023-06-03,C000889,P0017,6,798.65,0.0,4791.9,银行卡,小程序
T00000081,2023-08-14,C000775,P0008,3,779.89,0.0,2339.67,信用卡,网页
T00000082,2023-03-25,C000068,P0012,4,614.43,0.2,1966.18,银行卡,APP
T00000083,2023-08-15,C000654,P0022,9,596.78,0.0,5371.02,支付宝,APP
T00000084,2023-04-20,C000514,P0020,3,925.61,0.0,2776.83,信用卡,APP
T00000085,2023-12-17,C000950,P0020,9,925.61,0.2,6664.39,微信支付,网页
T00000086,2023-03-22,C000785,P0013,4,615.93,0.3,1724.6,微信支付,APP
T00000087,2023-11-09,C000161,P0043,8,861.78,0.1,6204.82,信用卡,小程序
T00000088,2023-05-18,C000956,P0015,3,986.74,0.1,2664.2,银行卡,网页
T00000089,2023-03-16,C000342,P0020,3,925.61,0.3,1943.78,银行卡,网页
T00000090,2023-06-07,C000577,P0028,7,210.19,0.0,1471.33,信用卡,APP
T00000091,2023-07-29,C000662,P0023,3,237.76,0.3,499.3,银行卡,APP
T00000092,2023-12-27,C000214,P0013,5,615.93,0.0,3079.65,支付宝,网页
T00000093,2023-08-07,C000334,P0025,8,476.28,0.0,3810.24,微信支付,小程序
T00000094,2023-09-15,C000877,P0029,3,287.8,0.0,863.4,支付宝,APP
T00000095,2023-03-24,C000741,P0021,4,519.75,0.2,1663.2,信用卡,APP
T00000096,2023-12-04,C000705,P0025,7,476.28,0.15,2833.87,信用卡,APP
T00000097,2023-02-21,C000655,P0004,3,330.99,0.0,992.97,银行卡,网页
T00000098,2023-05-26,C000484,P0008,2,779.89,0.2,1247.82,支付宝,网页
T00000099,2023-07-31,C000895,P0010,3,422.06,0.15,1076.25,微信支付,小程序
T00000100,2023-02-15,C000252,P0029,3,287.8,0.15,733.89,银行卡,小程序
T00000101,2023-09-29,C000707,P0019,1,340.95,0.0,340.95,支付宝,小程序
T00000102,2023-12-31,C000322,P0048,8,651.69,0.1,4692.17,微信支付,APP
T00000103,2023-06-14,C000234,P0030,5,179.49,0.0,897.45,银行卡,网页
T00000104,2023-11-06,C000956,P0048,1,651.69,0.2,521.35,信用卡,网页
T00000105,2023-07-22,C000818,P0032,1,95.61,0.0,95.61,银行卡,APP
T00000106,2023-10-17,C000033,P0028,5,210.19,0.3,735.66,银行卡,小程序
T00000107,2023-09-09,C000589,P0019,3,340.95,0.2,818.28,支付宝,小程序
T00000108,2023-02-08,C000095,P0037,5,484.48,0.3,1695.68,支付宝,小程序
T00000109,2023-03-23,C000867,P0033,1,838.62,0.15,712.83,信用卡,小程序
T00000110,2023-11-29,C000770,P0013,2,615.93,0.1,1108.67,银行卡,网页
T00000111,2023-08-20,C000156,P0048,3,651.69,0.2,1564.06,银行卡,网页
T00000112,2023-09-28,C000710,P0050,4,740.01,0.0,2960.04,信用卡,小程序
T00000113,2023-05-31,C000639,P0001,4,461.62,0.0,1846.48,支付宝,APP
T00000114,2023-06-15,C000155,P0028,5,210.19,0.15,893.31,银行卡,小程序
T00000115,2023-08-23,C000682,P0042,3,193.1,0.15,492.4,银行卡,小程序
T00000116,2023-10-23,C000194,P0010,2,422.06,0.0,844.12,银行卡,APP
T00000117,2023-02-21,C000547,P0002,5,123.04,0.3,430.64,支付宝,APP
T00000118,2023-10-04,C000978,P0023,1,237.76,0.0,237.76,银行卡,APP
T00000119,2023-12-03,C000207,P0014,5,354.38,0.0,1771.9,微信支付,APP
T00000120,2023-07-01,C000141,P0002,5,123.04,0.1,553.68,支付宝,网页
T00000121,2023-04-17,C000051,P0025,4,476.28,0.1,1714.61,信用卡,APP
T00000122,2023-04-16,C000390,P0050,5,740.01,0.3,2590.03,支付宝,APP
T00000123,2023-03-31,C000936,P0033,5,838.62,0.2,3354.48,支付宝,APP
T00000124,2023-04-18,C000964,P0008,4,779.89,0.2,2495.65,银行卡,小程序
T00000125,2023-06-12,C000196,P0027,3,145.04,0.3,304.58,银行卡,网页
T00000126,2023-05-11,C000115,P0033,4,838.62,0.0,3354.48,支付宝,网页
T00000127,2023-08-04,C000985,P0026,1,224.0,0.0,224.0,支付宝,网页
T00000128,2023-11-30,C000235,P0020,2,925.61,0.3,1295.85,信用卡,网页
T00000129,2023-01-09,C000748,P0018,3,63.49,0.0,190.47,微信支付,APP
T00000130,2023-04-01,C000010,P0037,2,484.48,0.15,823.62,微信支付,APP
T00000131,2023-12-22,C000781,P0031,1,791.65,0.3,554.15,微信支付,小程序
T00000132,2023-12-05,C000381,P0019,10,340.95,0.0,3409.5,信用卡,APP
T00000133,2023-03-31,C000989,P0034,2,255.35,0.2,408.56,微信支付,网页
T00000134,2023-02-26,C000031,P0011,4,643.43,0.0,2573.72,银行卡,网页
T00000135,2023-11-17,C000931,P0024,7,740.37,0.0,5182.59,支付宝,网页
T00000136,2023-01-15,C000036,P0031,2,791.65,0.1,1424.97,支付宝,小程序
T00000137,2023-07-13,C000613,P0049,6,147.02,0.0,882.12,支付宝,网页
T00000138,2023-04-25,C000430,P0006,1,281.15,0.0,281.15,信用卡,网页
T00000139,2023-08-01,C000451,P0035,3,914.62,0.3,1920.7,支付宝,网页
T00000140,2023-09-01,C000922,P0031,3,791.65,0.0,2374.95,银行卡,小程序
T00000141,2023-10-04,C000980,P0024,5,740.37,0.2,2961.48,支付宝,网页
T00000142,2023-09-10,C000852,P0048,5,651.69,0.0,3258.45,微信支付,APP
T00000143,2023-09-21,C000825,P0009,2,17.15,0.0,34.3,支付宝,小程序
T00000144,2023-02-18,C000414,P0046,3,519.59,0.15,1324.95,支付宝,APP
T00000145,2023-04-26,C000190,P0017,3,798.65,0.0,2395.95,信用卡,小程序
T00000146,2023-10-30,C000530,P0034,5,255.35,0.0,1276.75,微信支付,网页
T00000147,2023-08-05,C000678,P0024,3,740.37,0.3,1554.78,支付宝,小程序
T00000148,2023-07-17,C000050,P0041,3,976.66,0.0,2929.98,微信支付,小程序
T00000149,2023-01-18,C000166,P0016,4,469.57,0.0,1878.28,支付宝,小程序
T00000150,2023-09-04,C000879,P0031,3,791.65,0.0,2374.95,信用卡,网页
T00000151,2023-04-20,C000637,P0030,3,179.49,0.15,457.7,信用卡,APP
T00000152,2023-05-24,C000787,P0042,5,193.1,0.0,965.5,银行卡,APP
T00000153,2023-05-11,C000827,P0022,4,596.78,0.3,1670.98,信用卡,小程序
T00000154,2023-02-19,C000877,P0043,3,861.78,0.3,1809.74,银行卡,APP
T00000155,2023-07-07,C000658,P0028,1,210.19,0.0,210.19,支付宝,APP
T00000156,2023-08-23,C000124,P0008,8,779.89,0.0,6239.12,银行卡,网页
T00000157,2023-08-20,C000567,P0028,1,210.19,0.15,178.66,微信支付,网页
T00000158,2023-09-19,C000146,P0013,2,615.93,0.3,862.3,支付宝,APP
T00000159,2023-07-01,C000616,P0034,3,255.35,0.15,651.14,支付宝,小程序
T00000160,2023-07-05,C000236,P0035,6,914.62,0.0,5487.72,支付宝,小程序
T00000161,2023-03-26,C000650,P0041,5,976.66,0.0,4883.3,微信支付,小程序
T00000162,2023-11-09,C000879,P0028,3,210.19,0.1,567.51,银行卡,网页
T00000163,2023-09-25,C000916,P0027,4,145.04,0.1,522.14,银行卡,APP
T00000164,2023-06-03,C000077,P0001,5,461.62,0.2,1846.48,银行卡,APP
T00000165,2023-11-10,C000983,P0039,1,141.38,0.1,127.24,微信支付,APP
T00000166,2023-09-04,C000783,P0011,2,643.43,0.1,1158.17,微信支付,小程序
T00000167,2023-08-03,C000606,P0026,2,224.0,0.0,448.0,支付宝,APP
T00000168,2023-05-22,C000915,P0009,4,17.15,0.0,68.6,微信支付,APP
T00000169,2023-08-16,C000689,P0010,5,422.06,0.0,2110.3,支付宝,小程序
T00000170,2023-06-09,C000106,P0034,7,255.35,0.2,1429.96,信用卡,网页
T00000171,2023-03-05,C000761,P0035,5,914.62,0.1,4115.79,微信支付,APP
T00000172,2023-06-24,C000973,P0018,1,63.49,0.0,63.49,支付宝,小程序
T00000173,2023-08-27,C000600,P0028,3,210.19,0.2,504.46,信用卡,网页
T00000174,2023-04-26,C000106,P0034,1,255.35,0.2,204.28,银行卡,APP
T00000175,2023-12-07,C000857,P0032,8,95.61,0.2,611.9,支付宝,网页
T00000176,2023-05-22,C000656,P0017,5,798.65,0.0,3993.25,信用卡,小程序
T00000177,2023-05-09,C000086,P0023,1,237.76,0.0,237.76,信用卡,APP
T00000178,2023-10-27,C000227,P0032,5,95.61,0.1,430.25,银行卡,APP
T00000179,2023-12-29,C000575,P0032,13,95.61,0.1,1118.64,信用卡,APP
T00000180,2023-11-05,C000605,P0007,2,444.27,0.0,888.54,微信支付,网页
T00000181,2023-10-25,C000727,P0044,5,535.61,0.1,2410.25,信用卡,小程序
T00000182,2023-01-21,C000663,P0023,4,237.76,0.3,665.73,信用卡,小程序
T00000183,2023-09-25,C000963,P0003,4,806.41,0.3,2257.95,信用卡,小程序
T00000184,2023-01-14,C000581,P0014,2,354.38,0.0,708.76,银行卡,APP
T00000185,2023-05-30,C000822,P0027,1,145.04,0.2,116.03,信用卡,网页
T00000186,2023-07-03,C000353,P0044,5,535.61,0.0,2678.05,银行卡,网页
T00000187,2023-01-25,C000470,P0021,3,519.75,0.3,1091.47,微信支付,APP
T00000188,2023-10-13,C000885,P0050,5,740.01,0.2,2960.04,银行卡,小程序
T00000189,2023-07-25,C000357,P0049,3,147.02,0.3,308.74,支付宝,网页
T00000190,2023-06-30,C000552,P0040,2,484.99,0.0,969.98,支付宝,小程序
T00000191,2023-02-16,C000416,P0041,3,976.66,0.15,2490.48,信用卡,小程序
T00000192,2023-04-06,C000392,P0049,2,147.02,0.0,294.04,信用卡,网页
T00000193,2023-06-22,C000918,P0029,5,287.8,0.0,1439.0,银行卡,APP
T00000194,2023-02-27,C000596,P0013,3,615.93,0.15,1570.62,银行卡,小程序
T00000195,2023-10-03,C000408,P0012,5,614.43,0.2,2457.72,支付宝,APP
T00000196,2023-02-17,C000729,P0006,5,281.15,0.2,1124.6,信用卡,网页
T00000197,2023-03-16,C000349,P0046,5,519.59,0.0,2597.95,信用卡,APP
T00000198,2023-07-17,C000866,P0007,5,444.27,0.0,2221.35,银行卡,APP
T00000199,2023-08-15,C000252,P0003,6,806.41,0.0,4838.46,支付宝,网页
T00000200,2023-04-25,C000225,P0045,2,789.81,0.0,1579.62,信用卡,小程序
T00000201,2023-04-21,C000013,P0010,3,422.06,0.0,1266.18,支付宝,小程序
T00000202,2023-09-05,C000425,P0029,5,287.8,0.15,1223.15,微信支付,网页
T00000203,2023-04-06,C000595,P0034,4,255.35,0.2,817.12,信用卡,小程序
T00000204,2023-05-14,C000816,P0046,3,519.59,0.3,1091.14,银行卡,网页
T00000205,2023-07-09,C000922,P0024,2,740.37,0.0,1480.74,支付宝,小程序
T00000206,2023-03-10,C000881,P0021,2,519.75,0.3,727.65,微信支付,APP
T00000207,2023-09-17,C000488,P0046,5,519.59,0.0,2597.95,支付宝,小程序
T00000208,2023-04-27,C000357,P0047,5,371.93,0.3,1301.75,微信支付,网页
T00000209,2023-05-18,C000857,P0037,1,484.48,0.1,436.03,信用卡,网页
T00000210,2023-10-30,C000067,P0028,2,210.19,0.0,420.38,信用卡,小程序
T00000211,2023-11-29,C000918,P0004,6,330.99,0.2,1588.75,微信支付,APP
T00000212,2023-12-16,C000067,P0023,7,237.76,0.2,1331.46,支付宝,小程序
T00000213,2023-11-03,C000442,P0032,5,95.61,0.0,478.05,信用卡,网页
T00000214,2023-10-03,C000691,P0045,3,789.81,0.0,2369.43,微信支付,小程序
T00000215,2023-09-18,C000148,P0027,5,145.04,0.2,580.16,银行卡,APP
T00000216,2023-11-09,C000730,P0004,7,330.99,0.3,1621.85,支付宝,小程序
T00000217,2023-02-02,C000424,P0034,2,255.35,0.2,408.56,微信支付,APP
T00000218,2023-11-04,C000778,P0050,5,740.01,0.0,3700.05,信用卡,小程序
T00000219,2023-03-03,C000092,P0022,1,596.78,0.1,537.1,信用卡,网页
T00000220,2023-07-15,C000486,P0045,3,789.81,0.0,2369.43,支付宝,网页
T00000221,2023-07-01,C000725,P0012,7,614.43,0.1,3870.91,支付宝,APP
T00000222,2023-05-14,C000206,P0026,2,224.0,0.0,448.0,支付宝,网页
T00000223,2023-08-20,C000097,P0049,7,147.02,0.15,874.77,支付宝,小程序
T00000224,2023-01-31,C000383,P0044,1,535.61,0.0,535.61,支付宝,小程序
T00000225,2023-01-07,C000335,P0001,4,461.62,0.0,1846.48,支付宝,小程序
T00000226,2023-10-16,C000880,P0024,1,740.37,0.0,740.37,微信支付,小程序
T00000227,2023-11-14,C000187,P0032,9,95.61,0.0,860.49,支付宝,小程序
T00000228,2023-03-21,C000384,P0039,5,141.38,0.0,706.9,信用卡,小程序
T00000229,2023-04-01,C000153,P0033,4,838.62,0.0,3354.48,支付宝,小程序
T00000230,2023-03-03,C000958,P0020,3,925.61,0.0,2776.83,银行卡,小程序
T00000231,2023-04-03,C000531,P0038,2,562.9,0.0,1125.8,信用卡,APP
T00000232,2023-11-05,C000628,P0010,8,422.06,0.2,2701.18,信用卡,网页
T00000233,2023-03-01,C000568,P0043,1,861.78,0.0,861.78,微信支付,网页
T00000234,2023-03-14,C000984,P0016,4,469.57,0.0,1878.28,信用卡,APP
T00000235,2023-07-03,C000939,P0004,7,330.99,0.2,1853.54,支付宝,小程序
T00000236,2023-02-16,C000671,P0043,3,861.78,0.15,2197.54,信用卡,小程序
T00000237,2023-11-26,C000290,P0013,5,615.93,0.3,2155.75,微信支付,网页
T00000238,2023-11-17,C000414,P0028,8,210.19,0.1,1513.37,支付宝,网页
T00000239,2023-02-23,C000575,P0021,4,519.75,0.15,1767.15,信用卡,网页
T00000240,2023-09-12,C000295,P0050,1,740.01,0.15,629.01,支付宝,APP
T00000241,2023-02-15,C000914,P0020,5,925.61,0.2,3702.44,微信支付,小程序
T00000242,2023-06-10,C000050,P0048,6,651.69,0.0,3910.14,信用卡,APP
T00000243,2023-06-30,C000054,P0035,7,914.62,0.15,5441.99,微信支付,小程序
T00000244,2023-07-09,C000716,P0044,1,535.61,0.0,535.61,信用卡,APP
T00000245,2023-04-24,C000328,P0046,1,519.59,0.2,415.67,微信支付,网页
T00000246,2023-04-16,C000656,P0037,5,484.48,0.0,2422.4,支付宝,网页
T00000247,2023-04-16,C000120,P0045,3,789.81,0.0,2369.43,微信支付,小程序
T00000248,2023-06-19,C000400,P0012,2,614.43,0.3,860.2,信用卡,APP
T00000249,2023-03-21,C000614,P0010,2,422.06,0.15,717.5,银行卡,网页
T00000250,2023-12-15,C000728,P0037,5,484.48,0.2,1937.92,银行卡,网页
T00000251,2023-12-20,C000426,P0001,8,461.62,0.3,2585.07,微信支付,网页
T00000252,2023-05-10,C000011,P0039,4,141.38,0.0,565.52,信用卡,APP
T00000253,2023-12-06,C000229,P0045,2,789.81,0.0,1579.62,微信支付,网页
T00000254,2023-02-04,C000550,P0012,3,614.43,0.0,1843.29,银行卡,小程序
T00000255,2023-12-22,C000292,P0026,9,224.0,0.3,1411.2,银行卡,APP
T00000256,2023-03-03,C000843,P0026,2,224.0,0.0,448.0,信用卡,APP
T00000257,2023-03-07,C000037,P0034,4,255.35,0.1,919.26,支付宝,APP
T00000258,2023-04-28,C000854,P0003,4,806.41,0.0,3225.64,支付宝,小程序
T00000259,2023-02-04,C000447,P0016,5,469.57,0.0,2347.85,信用卡,小程序
T00000260,2023-03-15,C000612,P0029,1,287.8,0.2,230.24,微信支付,APP
T00000261,2023-06-12,C000583,P0003,1,806.41,0.0,806.41,银行卡,APP
T00000262,2023-06-29,C000206,P0030,1,179.49,0.0,179.49,银行卡,小程序
T00000263,2023-02-02,C000189,P0015,2,986.74,0.0,1973.48,信用卡,APP
T00000264,2023-08-14,C000864,P0005,3,766.59,0.0,2299.77,微信支付,APP
T00000265,2023-10-08,C000059,P0021,1,519.75,0.2,415.8,支付宝,网页
T00000266,2023-09-23,C000018,P0035,5,914.62,0.2,3658.48,微信支付,小程序
T00000267,2023-06-14,C000040,P0024,3,740.37,0.2,1776.89,微信支付,APP
T00000268,2023-07-15,C000577,P0001,1,461.62,0.3,323.13,支付宝,APP
T00000269,2023-11-18,C000578,P0003,8,806.41,0.2,5161.02,信用卡,小程序
T00000270,2023-11-27,C000290,P0025,10,476.28,0.2,3810.24,微信支付,小程序
T00000271,2023-09-09,C000257,P0040,3,484.99,0.2,1163.98,信用卡,网页
T00000272,2023-03-20,C000550,P0030,3,179.49,0.0,538.47,微信支付,网页
T00000273,2023-11-23,C000179,P0047,11,371.93,0.0,4091.23,银行卡,小程序
T00000274,2023-01-11,C000825,P0028,3,210.19,0.0,630.57,支付宝,网页
T00000275,2023-07-30,C000901,P0046,9,519.59,0.1,4208.68,微信支付,小程序
T00000276,2023-06-30,C000965,P0014,6,354.38,0.1,1913.65,信用卡,小程序
T00000277,2023-08-20,C000976,P0029,6,287.8,0.0,1726.8,银行卡,小程序
T00000278,2023-07-24,C000741,P0009,6,17.15,0.0,102.9,微信支付,小程序
T00000279,2023-04-10,C000676,P0047,5,371.93,0.0,1859.65,信用卡,小程序
T00000280,2023-07-29,C000660,P0024,4,740.37,0.0,2961.48,信用卡,APP
T00000281,2023-10-05,C000464,P0042,3,193.1,0.3,405.51,信用卡,APP
T00000282,2023-04-13,C000346,P0014,5,354.38,0.0,1771.9,信用卡,小程序
T00000283,2023-08-10,C000966,P0012,4,614.43,0.0,2457.72,信用卡,小程序
T00000284,2023-12-08,C000280,P0012,13,614.43,0.2,6390.07,信用卡,小程序
T00000285,2023-04-12,C000422,P0010,3,422.06,0.1,1139.56,微信支付,小程序
T00000286,2023-03-08,C000954,P0049,4,147.02,0.0,588.08,支付宝,小程序
T00000287,2023-02-19,C000088,P0005,1,766.59,0.0,766.59,支付宝,网页
T00000288,2023-02-16,C000954,P0021,3,519.75,0.0,1559.25,微信支付,APP
T00000289,2023-06-07,C000372,P0005,9,766.59,0.15,5864.41,信用卡,网页
T00000290,2023-06-23,C000180,P0046,4,519.59,0.3,1454.85,微信支付,APP
T00000291,2023-03-25,C000122,P0027,5,145.04,0.15,616.42,信用卡,APP
T00000292,2023-10-15,C000644,P0036,4,991.36,0.2,3172.35,银行卡,小程序
T00000293,2023-05-08,C000680,P0008,2,779.89,0.1,1403.8,支付宝,APP
T00000294,2023-03-11,C000485,P0025,4,476.28,0.1,1714.61,微信支付,APP
T00000295,2023-10-28,C000838,P0045,3,789.81,0.1,2132.49,微信支付,网页
T00000296,2023-01-11,C000970,P0032,5,95.61,0.0,478.05,银行卡,APP
T00000297,2023-07-09,C000182,P0005,3,766.59,0.2,1839.82,信用卡,APP
T00000298,2023-02-26,C000202,P0043,3,861.78,0.0,2585.34,支付宝,网页
T00000299,2023-11-05,C000017,P0032,14,95.61,0.1,1204.69,微信支付,网页
T00000300,2023-05-10,C000526,P0013,3,615.93,0.15,1570.62,支付宝,网页
T00000301,2023-06-13,C000054,P0011,3,643.43,0.0,1930.29,信用卡,网页
T00000302,2023-06-22,C000280,P0003,6,806.41,0.0,4838.46,支付宝,APP
T00000303,2023-11-16,C000753,P0001,7,461.62,0.1,2908.21,微信支付,网页
T00000304,2023-07-14,C000037,P0025,5,476.28,0.0,2381.4,银行卡,小程序
T00000305,2023-08-06,C000725,P0027,3,145.04,0.0,435.12,银行卡,小程序
T00000306,2023-04-09,C000289,P0032,3,95.61,0.0,286.83,信用卡,小程序
T00000307,2023-02-13,C000936,P0043,3,861.78,0.3,1809.74,支付宝,APP
T00000308,2023-03-07,C000110,P0049,2,147.02,0.0,294.04,微信支付,网页
T00000309,2023-02-03,C000586,P0010,2,422.06,0.3,590.88,支付宝,APP
T00000310,2023-01-05,C000014,P0047,3,371.93,0.3,781.05,支付宝,APP
T00000311,2023-10-26,C000989,P0041,4,976.66,0.2,3125.31,银行卡,小程序
T00000312,2023-02-24,C000125,P0040,1,484.99,0.2,387.99,微信支付,APP
T00000313,2023-02-11,C000094,P0012,1,614.43,0.0,614.43,信用卡,小程序
T00000314,2023-04-30,C000052,P0014,1,354.38,0.1,318.94,银行卡,小程序
T00000315,2023-09-29,C000488,P0013,2,615.93,0.2,985.49,信用卡,小程序
T00000316,2023-12-28,C000481,P0012,7,614.43,0.15,3655.86,支付宝,网页
T00000317,2023-04-05,C000007,P0033,1,838.62,0.0,838.62,微信支付,网页
T00000318,2023-03-15,C000590,P0035,2,914.62,0.2,1463.39,支付宝,小程序
T00000319,2023-02-08,C000192,P0013,3,615.93,0.3,1293.45,微信支付,APP
T00000320,2023-07-22,C000857,P0041,7,976.66,0.1,6152.96,银行卡,APP
T00000321,2023-08-07,C000845,P0017,5,798.65,0.15,3394.26,支付宝,小程序
T00000322,2023-12-16,C000289,P0017,3,798.65,0.0,2395.95,信用卡,网页
T00000323,2023-01-31,C000774,P0040,4,484.99,0.0,1939.96,信用卡,APP
T00000324,2023-12-12,C000327,P0006,13,281.15,0.0,3654.95,支付宝,小程序
T00000325,2023-05-15,C000860,P0047,3,371.93,0.1,1004.21,银行卡,小程序
T00000326,2023-09-03,C000512,P0024,3,740.37,0.3,1554.78,信用卡,网页
T00000327,2023-10-07,C000195,P0048,2,651.69,0.15,1107.87,微信支付,APP
T00000328,2023-12-20,C000420,P0023,11,237.76,0.0,2615.36,信用卡,网页
T00000329,2023-08-26,C000157,P0029,3,287.8,0.1,777.06,信用卡,APP
T00000330,2023-03-13,C000391,P0021,2,519.75,0.1,935.55,银行卡,APP
T00000331,2023-08-11,C000928,P0043,2,861.78,0.0,1723.56,微信支付,APP
T00000332,2023-01-09,C000484,P0026,2,224.0,0.0,448.0,银行卡,APP
T00000333,2023-01-12,C000402,P0032,2,95.61,0.0,191.22,银行卡,APP
T00000334,2023-04-08,C000622,P0032,4,95.61,0.1,344.2,信用卡,APP
T00000335,2023-09-07,C000062,P0043,3,861.78,0.0,2585.34,支付宝,网页
T00000336,2023-12-28,C000623,P0031,5,791.65,0.15,3364.51,信用卡,APP
T00000337,2023-08-02,C000014,P0032,5,95.61,0.0,478.05,银行卡,小程序
T00000338,2023-11-13,C000627,P0028,2,210.19,0.15,357.32,银行卡,网页
T00000339,2023-07-11,C000885,P0045,2,789.81,0.1,1421.66,支付宝,APP
T00000340,2023-08-17,C000428,P0024,2,740.37,0.0,1480.74,微信支付,网页
T00000341,2023-11-21,C000806,P0031,6,791.65,0.15,4037.41,银行卡,小程序
T00000342,2023-04-10,C000989,P0009,3,17.15,0.3,36.01,微信支付,小程序
T00000343,2023-10-31,C000243,P0040,2,484.99,0.1,872.98,信用卡,APP
T00000344,2023-06-10,C000902,P0033,1,838.62,0.0,838.62,银行卡,APP
T00000345,2023-09-28,C000474,P0032,5,95.61,0.2,382.44,银行卡,APP
T00000346,2023-08-19,C000797,P0025,3,476.28,0.0,1428.84,微信支付,网页
T00000347,2023-01-31,C000253,P0031,2,791.65,0.2,1266.64,支付宝,网页
T00000348,2023-07-02,C000495,P0040,6,484.99,0.0,2909.94,银行卡,网页
T00000349,2023-06-10,C000905,P0039,6,141.38,0.3,593.8,微信支付,小程序
T00000350,2023-11-06,C000303,P0008,2,779.89,0.0,1559.78,银行卡,APP
T00000351,2023-07-12,C000718,P0028,1,210.19,0.0,210.19,微信支付,网页
T00000352,2023-01-13,C000668,P0002,4,123.04,0.0,492.16,银行卡,网页
T00000353,2023-03-17,C000641,P0029,4,287.8,0.15,978.52,微信支付,小程序
T00000354,2023-08-16,C000322,P0049,1,147.02,0.1,132.32,银行卡,APP
T00000355,2023-12-28,C000465,P0039,5,141.38,0.0,706.9,银行卡,APP
T00000356,2023-03-05,C000889,P0004,3,330.99,0.15,844.02,信用卡,网页
T00000357,2023-03-14,C000852,P0021,4,519.75,0.15,1767.15,支付宝,小程序
T00000358,2023-08-11,C000332,P0042,5,193.1,0.15,820.67,支付宝,小程序
T00000359,2023-05-25,C000580,P0021,5,519.75,0.0,2598.75,支付宝,小程序
T00000360,2023-03-09,C000066,P0032,1,95.61,0.0,95.61,微信支付,APP
T00000361,2023-09-25,C000963,P0011,2,643.43,0.0,1286.86,银行卡,网页
T00000362,2023-06-23,C000423,P0006,5,281.15,0.1,1265.17,信用卡,小程序
T00000363,2023-02-01,C000427,P0034,4,255.35,0.2,817.12,微信支付,小程序
T00000364,2023-02-15,C000460,P0014,2,354.38,0.0,708.76,银行卡,APP
T00000365,2023-05-03,C000661,P0004,5,330.99,0.0,1654.95,支付宝,小程序
T00000366,2023-12-24,C000491,P0015,1,986.74,0.3,690.72,微信支付,APP
T00000367,2023-03-12,C000328,P0033,3,838.62,0.1,2264.27,信用卡,APP
T00000368,2023-09-19,C000297,P0049,4,147.02,0.0,588.08,信用卡,小程序
T00000369,2023-02-04,C000205,P0003,5,806.41,0.0,4032.05,微信支付,APP
T00000370,2023-10-26,C000008,P0032,3,95.61,0.2,229.46,支付宝,小程序
T00000371,2023-07-08,C000921,P0033,3,838.62,0.0,2515.86,支付宝,小程序
T00000372,2023-11-15,C000273,P0019,10,340.95,0.1,3068.55,微信支付,APP
T00000373,2023-11-08,C000343,P0017,3,798.65,0.0,2395.95,信用卡,APP
T00000374,2023-11-30,C000463,P0019,2,340.95,0.2,545.52,信用卡,APP
T00000375,2023-04-05,C000043,P0008,4,779.89,0.3,2183.69,支付宝,小程序
T00000376,2023-04-16,C000778,P0013,5,615.93,0.2,2463.72,银行卡,小程序
T00000377,2023-12-12,C000908,P0014,13,354.38,0.0,4606.94,信用卡,APP
T00000378,2023-11-28,C000236,P0041,14,976.66,0.3,9571.27,银行卡,APP
T00000379,2023-09-19,C000318,P0002,1,123.04,0.0,123.04,微信支付,网页
T00000380,2023-04-16,C000970,P0032,4,95.61,0.2,305.95,银行卡,网页
T00000381,2023-07-20,C000772,P0039,3,141.38,0.1,381.73,银行卡,小程序
T00000382,2023-05-08,C000632,P0005,1,766.59,0.0,766.59,支付宝,小程序
T00000383,2023-01-26,C000970,P0001,3,461.62,0.0,1384.86,银行卡,网页
T00000384,2023-07-15,C000582,P0047,2,371.93,0.0,743.86,微信支付,小程序
T00000385,2023-04-08,C000760,P0028,3,210.19,0.0,630.57,银行卡,网页
T00000386,2023-12-01,C000305,P0002,2,123.04,0.0,246.08,微信支付,网页
T00000387,2023-08-22,C000124,P0014,1,354.38,0.1,318.94,微信支付,APP
T00000388,2023-02-27,C000743,P0006,2,281.15,0.1,506.07,银行卡,网页
T00000389,2023-01-12,C000577,P0045,4,789.81,0.0,3159.24,微信支付,APP
T00000390,2023-02-03,C000695,P0026,4,224.0,0.0,896.0,支付宝,网页
T00000391,2023-08-10,C000423,P0030,3,179.49,0.15,457.7,支付宝,小程序
T00000392,2023-02-02,C000898,P0050,3,740.01,0.2,1776.02,银行卡,小程序
T00000393,2023-09-03,C000822,P0013,3,615.93,0.0,1847.79,银行卡,APP
T00000394,2023-05-01,C000459,P0045,1,789.81,0.2,631.85,支付宝,小程序
T00000395,2023-08-11,C000975,P0036,7,991.36,0.2,5551.62,支付宝,网页
T00000396,2023-07-06,C000613,P0006,4,281.15,0.1,1012.14,微信支付,网页
T00000397,2023-12-04,C000744,P0024,11,740.37,0.0,8144.07,银行卡,网页
T00000398,2023-03-31,C000412,P0038,3,562.9,0.1,1519.83,银行卡,网页
T00000399,2023-03-17,C000770,P0044,4,535.61,0.2,1713.95,信用卡,网页
T00000400,2023-08-10,C000617,P0006,5,281.15,0.0,1405.75,银行卡,小程序
T00000401,2023-08-27,C000772,P0029,9,287.8,0.0,2590.2,支付宝,网页
T00000402,2023-09-17,C000149,P0041,5,976.66,0.0,4883.3,微信支付,小程序
T00000403,2023-03-13,C000845,P0014,4,354.38,0.0,1417.52,信用卡,APP
T00000404,2023-09-14,C000043,P0035,5,914.62,0.0,4573.1,支付宝,网页
T00000405,2023-10-09,C000965,P0043,2,861.78,0.2,1378.85,微信支付,小程序
T00000406,2023-12-30,C000501,P0022,1,596.78,0.3,417.75,银行卡,小程序
T00000407,2023-07-22,C000673,P0034,5,255.35,0.0,1276.75,信用卡,小程序
T00000408,2023-02-24,C000656,P0015,4,986.74,0.0,3946.96,微信支付,小程序
T00000409,2023-01-01,C000820,P0033,1,838.62,0.1,754.76,微信支付,APP
T00000410,2023-12-22,C000248,P0020,7,925.61,0.0,6479.27,支付宝,APP
T00000411,2023-01-13,C000032,P0002,3,123.04,0.0,369.12,微信支付,APP
T00000412,2023-12-15,C000069,P0005,6,766.59,0.0,4599.54,信用卡,网页
T00000413,2023-12-05,C000011,P0026,9,224.0,0.1,1814.4,银行卡,APP
T00000414,2023-06-05,C000635,P0028,9,210.19,0.2,1513.37,支付宝,小程序
T00000415,2023-09-09,C000512,P0003,3,806.41,0.0,2419.23,支付宝,网页
T00000416,2023-12-25,C000882,P0031,10,791.65,0.3,5541.55,支付宝,网页
T00000417,2023-12-19,C000636,P0038,8,562.9,0.2,3602.56,信用卡,APP
T00000418,2023-07-14,C000986,P0003,7,806.41,0.0,5644.87,信用卡,网页
T00000419,2023-10-06,C000085,P0006,2,281.15,0.2,449.84,支付宝,网页
T00000420,2023-07-14,C000346,P0048,3,651.69,0.1,1759.56,支付宝,网页
T00000421,2023-06-08,C000796,P0036,5,991.36,0.1,4461.12,支付宝,APP
T00000422,2023-12-17,C000608,P0009,2,17.15,0.1,30.87,支付宝,小程序
T00000423,2023-04-03,C000282,P0030,5,179.49,0.1,807.71,支付宝,网页
T00000424,2023-10-27,C000715,P0008,5,779.89,0.1,3509.51,微信支付,网页
T00000425,2023-05-31,C000041,P0011,3,643.43,0.15,1640.75,银行卡,网页
T00000426,2023-02-26,C000159,P0044,1,535.61,0.0,535.61,信用卡,网页
T00000427,2023-05-08,C000397,P0001,2,461.62,0.3,646.27,信用卡,APP
T00000428,2023-06-04,C000229,P0012,5,614.43,0.15,2611.33,信用卡,APP
T00000429,2023-08-16,C000971,P0045,1,789.81,0.0,789.81,微信支付,小程序
T00000430,2023-11-06,C000025,P0037,8,484.48,0.3,2713.09,信用卡,APP
T00000431,2023-12-29,C000920,P0034,7,255.35,0.0,1787.45,信用卡,网页
T00000432,2023-01-18,C000447,P0018,5,63.49,0.2,253.96,信用卡,APP
T00000433,2023-02-03,C000270,P0006,3,281.15,0.1,759.1,信用卡,小程序
T00000434,2023-05-05,C000124,P0009,1,17.15,0.0,17.15,支付宝,小程序
T00000435,2023-04-06,C000202,P0043,4,861.78,0.2,2757.7,银行卡,小程序
T00000436,2023-05-15,C000069,P0031,2,791.65,0.15,1345.8,信用卡,APP
T00000437,2023-10-14,C000238,P0003,2,806.41,0.0,1612.82,银行卡,APP
T00000438,2023-12-26,C000012,P0026,4,224.0,0.3,627.2,支付宝,APP
T00000439,2023-09-26,C000273,P0043,5,861.78,0.15,3662.56,支付宝,网页
T00000440,2023-03-12,C000943,P0021,2,519.75,0.3,727.65,信用卡,APP
T00000441,2023-04-07,C000487,P0043,4,861.78,0.1,3102.41,微信支付,APP
T00000442,2023-03-30,C000567,P0025,5,476.28,0.3,1666.98,支付宝,APP
T00000443,2023-12-08,C000879,P0009,8,17.15,0.3,96.04,支付宝,网页
T00000444,2023-09-20,C000580,P0005,2,766.59,0.0,1533.18,信用卡,小程序
T00000445,2023-07-05,C000848,P0015,4,986.74,0.3,2762.87,信用卡,APP
T00000446,2023-06-14,C000405,P0050,1,740.01,0.2,592.01,银行卡,网页
T00000447,2023-08-19,C000857,P0039,3,141.38,0.0,424.14,信用卡,小程序
T00000448,2023-09-18,C000662,P0027,2,145.04,0.0,290.08,银行卡,网页
T00000449,2023-02-08,C000615,P0028,1,210.19,0.1,189.17,支付宝,小程序
T00000450,2023-02-13,C000914,P0046,2,519.59,0.3,727.43,支付宝,网页
T00000451,2023-05-23,C000288,P0026,4,224.0,0.2,716.8,银行卡,网页
T00000452,2023-10-02,C000335,P0039,3,141.38,0.3,296.9,信用卡,小程序
T00000453,2023-09-07,C000776,P0025,5,476.28,0.2,1905.12,微信支付,网页
T00000454,2023-06-22,C000709,P0006,7,281.15,0.15,1672.84,支付宝,网页
T00000455,2023-11-19,C000957,P0018,8,63.49,0.15,431.73,微信支付,网页
T00000456,2023-06-15,C000580,P0016,2,469.57,0.0,939.14,微信支付,网页
T00000457,2023-09-23,C000422,P0044,3,535.61,0.0,1606.83,信用卡,小程序
T00000458,2023-12-04,C000787,P0013,14,615.93,0.0,8623.02,银行卡,APP
T00000459,2023-12-18,C000371,P0044,11,535.61,0.0,5891.71,信用卡,小程序
T00000460,2023-09-24,C000121,P0012,3,614.43,0.2,1474.63,微信支付,APP
T00000461,2023-11-03,C000851,P0041,5,976.66,0.2,3906.64,信用卡,网页
T00000462,2023-05-06,C000496,P0026,3,224.0,0.15,571.2,信用卡,小程序
T00000463,2023-06-24,C000261,P0010,6,422.06,0.0,2532.36,信用卡,小程序
T00000464,2023-07-21,C000069,P0001,3,461.62,0.0,1384.86,信用卡,网页
T00000465,2023-10-09,C000841,P0038,3,562.9,0.15,1435.39,信用卡,APP
T00000466,2023-05-17,C000438,P0004,4,330.99,0.15,1125.37,支付宝,网页
T00000467,2023-08-12,C000321,P0025,1,476.28,0.0,476.28,银行卡,APP
T00000468,2023-01-22,C000285,P0005,1,766.59,0.15,651.6,银行卡,APP
T00000469,2023-02-19,C000704,P0048,4,651.69,0.0,2606.76,支付宝,小程序
T00000470,2023-10-18,C000011,P0004,1,330.99,0.0,330.99,银行卡,网页
T00000471,2023-08-09,C000237,P0016,3,469.57,0.15,1197.4,银行卡,小程序
T00000472,2023-07-01,C000156,P0016,1,469.57,0.0,469.57,微信支付,APP
T00000473,2023-07-16,C000555,P0014,6,354.38,0.0,2126.28,支付宝,小程序
T00000474,2023-11-11,C000829,P0018,6,63.49,0.0,380.94,信用卡,APP
T00000475,2023-05-04,C000625,P0030,2,179.49,0.0,358.98,微信支付,网页
T00000476,2023-02-24,C000245,P0001,3,461.62,0.1,1246.37,信用卡,网页
T00000477,2023-04-20,C000103,P0015,1,986.74,0.1,888.07,信用卡,网页
T00000478,2023-03-18,C000910,P0048,4,651.69,0.3,1824.73,信用卡,APP
T00000479,2023-10-05,C000279,P0049,2,147.02,0.2,235.23,信用卡,网页
T00000480,2023-09-26,C000330,P0022,1,596.78,0.1,537.1,信用卡,网页
T00000481,2023-11-07,C000382,P0014,5,354.38,0.15,1506.12,信用卡,APP
T00000482,2023-07-26,C000224,P0014,4,354.38,0.0,1417.52,微信支付,小程序
T00000483,2023-05-29,C000389,P0015,5,986.74,0.1,4440.33,支付宝,小程序
T00000484,2023-10-16,C000661,P0016,1,469.57,0.1,422.61,支付宝,网页
T00000485,2023-10-20,C000369,P0023,4,237.76,0.0,951.04,信用卡,网页
T00000486,2023-08-17,C000092,P0028,5,210.19,0.0,1050.95,银行卡,网页
T00000487,2023-05-14,C000162,P0031,2,791.65,0.0,1583.3,微信支付,APP
T00000488,2023-07-15,C000050,P0024,2,740.37,0.0,1480.74,支付宝,小程序
T00000489,2023-12-23,C000052,P0036,4,991.36,0.0,3965.44,信用卡,APP
T00000490,2023-05-31,C000880,P0010,4,422.06,0.0,1688.24,微信支付,APP
T00000491,2023-07-29,C000171,P0020,6,925.61,0.3,3887.56,支付宝,小程序
T00000492,2023-01-27,C000671,P0037,2,484.48,0.0,968.96,信用卡,网页
T00000493,2023-03-27,C000018,P0016,2,469.57,0.15,798.27,支付宝,APP
T00000494,2023-02-21,C000837,P0018,2,63.49,0.15,107.93,支付宝,网页
T00000495,2023-10-11,C000378,P0049,2,147.02,0.0,294.04,微信支付,APP
T00000496,2023-01-05,C000876,P0021,2,519.75,0.3,727.65,银行卡,小程序
T00000497,2023-01-11,C000517,P0033,1,838.62,0.1,754.76,微信支付,APP
T00000498,2023-01-25,C000160,P0031,2,791.65,0.0,1583.3,银行卡,小程序
T00000499,2023-05-23,C000252,P0030,4,179.49,0.0,717.96,支付宝,小程序
T00000500,2023-05-08,C000656,P0011,5,643.43,0.3,2252.0,支付宝,APP
T00000501,2023-07-13,C000001,P0009,4,17.15,0.3,48.02,信用卡,小程序
T00000502,2023-07-22,C000555,P0036,7,991.36,0.1,6245.57,银行卡,小程序
T00000503,2023-10-23,C000858,P0046,4,519.59,0.3,1454.85,银行卡,小程序
T00000504,2023-07-28,C000516,P0011,5,643.43,0.0,3217.15,微信支付,APP
T00000505,2023-11-04,C000863,P0024,5,740.37,0.1,3331.66,信用卡,网页
T00000506,2023-06-03,C000025,P0024,4,740.37,0.3,2073.04,支付宝,APP
T00000507,2023-08-11,C000654,P0050,3,740.01,0.15,1887.03,微信支付,小程序
T00000508,2023-06-04,C000251,P0026,2,224.0,0.0,448.0,信用卡,网页
T00000509,2023-09-07,C000478,P0026,4,224.0,0.0,896.0,微信支付,网页
T00000510,2023-03-08,C000983,P0027,1,145.04,0.0,145.04,微信支付,小程序
T00000511,2023-02-21,C000384,P0019,1,340.95,0.0,340.95,信用卡,网页
T00000512,2023-12-01,C000080,P0028,9,210.19,0.3,1324.2,信用卡,APP
T00000513,2023-09-03,C000361,P0005,3,766.59,0.0,2299.77,银行卡,小程序
T00000514,2023-03-26,C000104,P0001,2,461.62,0.2,738.59,银行卡,APP
T00000515,2023-01-13,C000224,P0033,5,838.62,0.0,4193.1,支付宝,网页
T00000516,2023-07-26,C000818,P0022,7,596.78,0.15,3550.84,银行卡,网页
T00000517,2023-07-08,C000821,P0004,8,330.99,0.1,2383.13,信用卡,网页
T00000518,2023-09-21,C000683,P0003,5,806.41,0.2,3225.64,支付宝,APP
T00000519,2023-07-13,C000677,P0022,7,596.78,0.2,3341.97,银行卡,APP
T00000520,2023-03-14,C000937,P0049,2,147.02,0.0,294.04,信用卡,网页
T00000521,2023-07-21,C000043,P0015,1,986.74,0.0,986.74,微信支付,网页
T00000522,2023-10-19,C000428,P0013,2,615.93,0.1,1108.67,银行卡,APP
T00000523,2023-01-01,C000168,P0005,1,766.59,0.0,766.59,信用卡,APP
T00000524,2023-04-23,C000938,P0030,2,179.49,0.2,287.18,信用卡,APP
T00000525,2023-02-10,C000471,P0043,3,861.78,0.15,2197.54,银行卡,网页
T00000526,2023-05-13,C000572,P0037,5,484.48,0.3,1695.68,银行卡,小程序
T00000527,2023-12-07,C000540,P0021,5,519.75,0.3,1819.12,银行卡,小程序
T00000528,2023-05-06,C000835,P0015,1,986.74,0.1,888.07,信用卡,网页
T00000529,2023-06-18,C000308,P0033,7,838.62,0.1,5283.31,支付宝,小程序
T00000530,2023-06-03,C000110,P0017,3,798.65,0.3,1677.16,微信支付,APP
T00000531,2023-08-26,C000949,P0010,1,422.06,0.15,358.75,银行卡,网页
T00000532,2023-07-24,C000581,P0027,4,145.04,0.0,580.16,微信支付,小程序
T00000533,2023-09-04,C000068,P0043,3,861.78,0.0,2585.34,信用卡,网页
T00000534,2023-08-10,C000425,P0010,7,422.06,0.0,2954.42,银行卡,APP
T00000535,2023-06-07,C000499,P0016,7,469.57,0.1,2958.29,微信支付,网页
T00000536,2023-08-09,C000294,P0016,3,469.57,0.0,1408.71,银行卡,APP
T00000537,2023-11-03,C000608,P0021,11,519.75,0.0,5717.25,支付宝,APP
T00000538,2023-01-05,C000554,P0010,4,422.06,0.1,1519.42,支付宝,小程序
T00000539,2023-11-28,C000053,P0010,2,422.06,0.0,844.12,微信支付,网页
T00000540,2023-07-07,C000703,P0044,5,535.61,0.0,2678.05,支付宝,APP
T00000541,2023-06-08,C000103,P0022,1,596.78,0.0,596.78,支付宝,小程序
T00000542,2023-01-01,C000809,P0013,2,615.93,0.1,1108.67,信用卡,APP
T00000543,2023-05-17,C000299,P0038,5,562.9,0.3,1970.15,支付宝,小程序
T00000544,2023-05-26,C000067,P0009,4,17.15,0.15,58.31,银行卡,APP
T00000545,2023-11-26,C000717,P0050,8,740.01,0.15,5032.07,微信支付,小程序
T00000546,2023-05-26,C000403,P0003,3,806.41,0.2,1935.38,微信支付,小程序
T00000547,2023-08-31,C000368,P0029,7,287.8,0.2,1611.68,信用卡,网页
T00000548,2023-05-01,C000683,P0020,3,925.61,0.0,2776.83,微信支付,网页
T00000549,2023-03-18,C000159,P0046,1,519.59,0.0,519.59,支付宝,小程序
T00000550,2023-03-02,C000111,P0010,4,422.06,0.0,1688.24,微信支付,小程序
T00000551,2023-02-07,C000789,P0019,3,340.95,0.2,818.28,银行卡,小程序
T00000552,2023-05-03,C000494,P0046,4,519.59,0.1,1870.52,支付宝,小程序
T00000553,2023-12-09,C000566,P0043,9,861.78,0.2,6204.82,微信支付,网页
T00000554,2023-12-02,C000373,P0003,4,806.41,0.0,3225.64,支付宝,APP
T00000555,2023-01-17,C000399,P0017,2,798.65,0.3,1118.11,信用卡,网页
T00000556,2023-12-04,C000803,P0026,6,224.0,0.3,940.8,银行卡,小程序
T00000557,2023-12-29,C000675,P0028,8,210.19,0.3,1177.06,微信支付,APP
T00000558,2023-03-26,C000426,P0017,1,798.65,0.1,718.78,银行卡,APP
T00000559,2023-01-22,C000246,P0009,5,17.15,0.15,72.89,信用卡,网页
T00000560,2023-04-14,C000185,P0047,4,371.93,0.0,1487.72,支付宝,小程序
T00000561,2023-07-04,C000352,P0046,7,519.59,0.0,3637.13,支付宝,网页
T00000562,2023-09-14,C000217,P0013,2,615.93,0.0,1231.86,银行卡,小程序
T00000563,2023-07-20,C000605,P0034,9,255.35,0.0,2298.15,信用卡,小程序
T00000564,2023-01-21,C000988,P0030,5,179.49,0.15,762.83,银行卡,小程序
T00000565,2023-08-22,C000292,P0003,3,806.41,0.15,2056.35,支付宝,网页
T00000566,2023-08-02,C000937,P0030,8,179.49,0.0,1435.92,微信支付,网页
T00000567,2023-05-16,C000913,P0020,1,925.61,0.3,647.93,微信支付,小程序
T00000568,2023-10-24,C000405,P0017,3,798.65,0.0,2395.95,微信支付,APP
T00000569,2023-04-24,C000245,P0029,4,287.8,0.0,1151.2,信用卡,APP
T00000570,2023-02-08,C000549,P0018,5,63.49,0.1,285.7,支付宝,小程序
T00000571,2023-11-24,C000788,P0020,12,925.61,0.1,9996.59,微信支付,小程序
T00000572,2023-12-05,C000295,P0036,2,991.36,0.1,1784.45,银行卡,APP
T00000573,2023-10-07,C000206,P0042,1,193.1,0.2,154.48,信用卡,APP
T00000574,2023-06-18,C000252,P0042,4,193.1,0.0,772.4,银行卡,APP
T00000575,2023-12-03,C000688,P0019,6,340.95,0.1,1841.13,微信支付,小程序
T00000576,2023-03-25,C000100,P0024,3,740.37,0.0,2221.11,支付宝,APP
T00000577,2023-03-21,C000874,P0008,1,779.89,0.0,779.89,支付宝,网页
T00000578,2023-04-02,C000784,P0008,4,779.89,0.0,3119.56,支付宝,小程序
T00000579,2023-10-01,C000524,P0030,1,179.49,0.1,161.54,银行卡,APP
T00000580,2023-07-02,C000362,P0006,3,281.15,0.0,843.45,银行卡,小程序
T00000581,2023-01-10,C000824,P0040,1,484.99,0.0,484.99,微信支付,APP
T00000582,2023-06-25,C000535,P0011,6,643.43,0.3,2702.41,银行卡,APP
T00000583,2023-06-24,C000812,P0025,5,476.28,0.15,2024.19,信用卡,APP
T00000584,2023-03-27,C000636,P0013,4,615.93,0.3,1724.6,支付宝,小程序
T00000585,2023-04-27,C000957,P0043,4,861.78,0.15,2930.05,信用卡,网页
T00000586,2023-06-14,C000378,P0042,3,193.1,0.0,579.3,信用卡,APP
T00000587,2023-01-02,C000364,P0037,1,484.48,0.2,387.58,银行卡,小程序
T00000588,2023-06-23,C000768,P0027,1,145.04,0.3,101.53,信用卡,APP
T00000589,2023-03-10,C000609,P0007,5,444.27,0.15,1888.15,支付宝,小程序
T00000590,2023-03-11,C000507,P0031,5,791.65,0.15,3364.51,银行卡,APP
T00000591,2023-11-16,C000806,P0003,5,806.41,0.15,3427.24,信用卡,网页
T00000592,2023-01-20,C000057,P0007,3,444.27,0.2,1066.25,微信支付,小程序
T00000593,2023-05-13,C000157,P0025,3,476.28,0.0,1428.84,信用卡,APP
T00000594,2023-09-29,C000077,P0024,4,740.37,0.0,2961.48,银行卡,网页
T00000595,2023-01-12,C000292,P0002,3,123.04,0.0,369.12,支付宝,APP
T00000596,2023-09-26,C000614,P0039,1,141.38,0.0,141.38,支付宝,APP
T00000597,2023-05-16,C000342,P0050,3,740.01,0.0,2220.03,微信支付,小程序
T00000598,2023-04-19,C000820,P0038,1,562.9,0.0,562.9,支付宝,网页
T00000599,2023-06-09,C000564,P0049,9,147.02,0.0,1323.18,银行卡,小程序
T00000600,2023-12-03,C000103,P0020,10,925.61,0.0,9256.1,银行卡,网页
T00000601,2023-02-17,C000342,P0043,3,861.78,0.2,2068.27,支付宝,APP
T00000602,2023-02-05,C000972,P0007,5,444.27,0.0,2221.35,支付宝,网页
T00000603,2023-01-22,C000829,P0031,3,791.65,0.1,2137.45,支付宝,网页
T00000604,2023-03-23,C000963,P0038,5,562.9,0.3,1970.15,微信支付,APP
T00000605,2023-06-21,C000190,P0011,8,643.43,0.0,5147.44,支付宝,网页
T00000606,2023-04-22,C000726,P0047,2,371.93,0.0,743.86,微信支付,网页
T00000607,2023-01-03,C000536,P0044,3,535.61,0.15,1365.81,微信支付,网页
T00000608,2023-10-08,C000061,P0016,4,469.57,0.0,1878.28,信用卡,APP
T00000609,2023-09-28,C000353,P0019,2,340.95,0.1,613.71,信用卡,小程序
T00000610,2023-05-28,C000256,P0018,5,63.49,0.3,222.21,支付宝,小程序
T00000611,2023-08-04,C000664,P0017,7,798.65,0.0,5590.55,信用卡,小程序
T00000612,2023-04-08,C000260,P0048,2,651.69,0.15,1107.87,微信支付,小程序
T00000613,2023-10-25,C000991,P0008,2,779.89,0.0,1559.78,支付宝,APP
T00000614,2023-05-08,C000048,P0048,1,651.69,0.2,521.35,信用卡,APP
T00000615,2023-04-22,C000983,P0018,1,63.49,0.15,53.97,支付宝,小程序
T00000616,2023-04-18,C000114,P0046,1,519.59,0.1,467.63,支付宝,网页
T00000617,2023-04-16,C000148,P0029,2,287.8,0.2,460.48,支付宝,网页
T00000618,2023-06-16,C000388,P0027,8,145.04,0.1,1044.29,微信支付,小程序
T00000619,2023-03-16,C000399,P0014,3,354.38,0.0,1063.14,微信支付,网页
T00000620,2023-09-08,C000448,P0018,1,63.49,0.0,63.49,支付宝,网页
T00000621,2023-08-26,C000063,P0011,1,643.43,0.15,546.92,银行卡,APP
T00000622,2023-07-31,C000903,P0008,3,779.89,0.0,2339.67,微信支付,网页
T00000623,2023-01-08,C000805,P0031,5,791.65,0.0,3958.25,信用卡,网页
T00000624,2023-06-05,C000230,P0042,5,193.1,0.3,675.85,银行卡,网页
T00000625,2023-07-19,C000165,P0018,5,63.49,0.0,317.45,支付宝,APP
T00000626,2023-11-27,C000394,P0032,5,95.61,0.15,406.34,微信支付,APP
T00000627,2023-05-18,C000380,P0047,5,371.93,0.0,1859.65,支付宝,网页
T00000628,2023-12-04,C000819,P0034,7,255.35,0.0,1787.45,支付宝,小程序
T00000629,2023-02-24,C000921,P0016,3,469.57,0.0,1408.71,微信支付,小程序
T00000630,2023-10-12,C000589,P0040,5,484.99,0.0,2424.95,信用卡,小程序
T00000631,2023-01-02,C000982,P0010,1,422.06,0.0,422.06,信用卡,小程序
T00000632,2023-06-24,C000493,P0001,2,461.62,0.2,738.59,银行卡,小程序
T00000633,2023-08-06,C000713,P0017,5,798.65,0.2,3194.6,信用卡,小程序
T00000634,2023-11-05,C000578,P0037,4,484.48,0.1,1744.13,微信支付,APP
T00000635,2023-06-16,C000879,P0003,4,806.41,0.3,2257.95,微信支付,小程序
T00000636,2023-06-20,C000234,P0032,7,95.61,0.0,669.27,支付宝,APP
T00000637,2023-10-17,C000237,P0009,4,17.15,0.3,48.02,支付宝,APP
T00000638,2023-08-28,C000548,P0027,1,145.04,0.15,123.28,信用卡,小程序
T00000639,2023-03-11,C000756,P0015,2,986.74,0.0,1973.48,银行卡,APP
T00000640,2023-01-19,C000012,P0017,5,798.65,0.1,3593.93,支付宝,网页
T00000641,2023-11-26,C000912,P0038,11,562.9,0.0,6191.9,银行卡,APP
T00000642,2023-11-10,C000096,P0008,8,779.89,0.15,5303.25,微信支付,APP
T00000643,2023-09-01,C000284,P0045,5,789.81,0.0,3949.05,支付宝,网页
T00000644,2023-04-21,C000909,P0027,3,145.04,0.0,435.12,支付宝,小程序
T00000645,2023-10-26,C000948,P0015,5,986.74,0.0,4933.7,支付宝,网页
T00000646,2023-12-23,C000958,P0023,7,237.76,0.15,1414.67,微信支付,APP
T00000647,2023-02-19,C000586,P0041,1,976.66,0.2,781.33,银行卡,APP
T00000648,2023-03-30,C000240,P0011,1,643.43,0.2,514.74,微信支付,APP
T00000649,2023-04-18,C000136,P0013,3,615.93,0.1,1663.01,支付宝,小程序
T00000650,2023-08-19,C000634,P0015,2,986.74,0.2,1578.78,微信支付,网页
T00000651,2023-11-18,C000902,P0049,8,147.02,0.1,1058.54,微信支付,小程序
T00000652,2023-02-02,C000486,P0011,4,643.43,0.0,2573.72,微信支付,网页
T00000653,2023-01-18,C000180,P0035,4,914.62,0.0,3658.48,支付宝,APP
T00000654,2023-04-19,C000158,P0005,4,766.59,0.0,3066.36,信用卡,APP
T00000655,2023-12-25,C000273,P0011,12,643.43,0.2,6176.93,银行卡,网页
T00000656,2023-03-22,C000546,P0039,5,141.38,0.0,706.9,信用卡,网页
T00000657,2023-03-30,C000857,P0040,4,484.99,0.0,1939.96,银行卡,网页
T00000658,2023-11-07,C000949,P0014,1,354.38,0.0,354.38,信用卡,小程序
T00000659,2023-08-27,C000896,P0006,6,281.15,0.2,1349.52,微信支付,APP
T00000660,2023-04-28,C000718,P0048,5,651.69,0.3,2280.91,支付宝,小程序
T00000661,2023-09-03,C000932,P0026,5,224.0,0.2,896.0,微信支付,APP
T00000662,2023-09-23,C000552,P0012,2,614.43,0.3,860.2,微信支付,APP
T00000663,2023-01-26,C000879,P0033,5,838.62,0.15,3564.14,支付宝,APP
T00000664,2023-10-03,C000086,P0036,3,991.36,0.15,2527.97,支付宝,网页
T00000665,2023-05-14,C000563,P0022,2,596.78,0.3,835.49,微信支付,APP
T00000666,2023-08-07,C000871,P0032,2,95.61,0.3,133.85,微信支付,小程序
T00000667,2023-11-22,C000531,P0006,4,281.15,0.0,1124.6,信用卡,小程序
T00000668,2023-11-21,C000083,P0035,6,914.62,0.2,4390.18,银行卡,网页
T00000669,2023-01-16,C000784,P0003,1,806.41,0.3,564.49,支付宝,小程序
T00000670,2023-12-20,C000884,P0002,1,123.04,0.0,123.04,支付宝,APP
T00000671,2023-12-19,C000493,P0013,2,615.93,0.15,1047.08,银行卡,APP
T00000672,2023-11-19,C000992,P0048,7,651.69,0.0,4561.83,银行卡,网页
T00000673,2023-07-14,C000118,P0044,8,535.61,0.3,2999.42,银行卡,网页
T00000674,2023-03-23,C000559,P0006,2,281.15,0.15,477.95,信用卡,网页
T00000675,2023-09-09,C000933,P0034,1,255.35,0.0,255.35,微信支付,网页
T00000676,2023-09-14,C000808,P0040,1,484.99,0.0,484.99,信用卡,网页
T00000677,2023-01-21,C000446,P0033,4,838.62,0.0,3354.48,支付宝,小程序
T00000678,2023-01-26,C000678,P0001,3,461.62,0.0,1384.86,信用卡,网页
T00000679,2023-11-22,C000091,P0022,7,596.78,0.0,4177.46,微信支付,网页
T00000680,2023-07-13,C000126,P0037,3,484.48,0.3,1017.41,银行卡,小程序
T00000681,2023-04-27,C000379,P0021,1,519.75,0.0,519.75,银行卡,APP
T00000682,2023-10-23,C000748,P0025,1,476.28,0.15,404.84,支付宝,小程序
T00000683,2023-08-29,C000417,P0004,2,330.99,0.15,562.68,信用卡,小程序
T00000684,2023-07-01,C000791,P0002,9,123.04,0.3,775.15,微信支付,APP
T00000685,2023-02-03,C000275,P0004,1,330.99,0.0,330.99,信用卡,网页
T00000686,2023-09-28,C000912,P0008,5,779.89,0.15,3314.53,支付宝,网页
T00000687,2023-11-17,C000265,P0047,4,371.93,0.1,1338.95,信用卡,APP
T00000688,2023-09-22,C000388,P0013,2,615.93,0.15,1047.08,支付宝,网页
T00000689,2023-05-18,C000159,P0016,1,469.57,0.0,469.57,信用卡,小程序
T00000690,2023-12-14,C000744,P0019,4,340.95,0.2,1091.04,银行卡,网页
T00000691,2023-06-02,C000022,P0011,3,643.43,0.3,1351.2,微信支付,网页
T00000692,2023-09-28,C000220,P0028,1,210.19,0.0,210.19,银行卡,APP
T00000693,2023-08-25,C000842,P0003,5,806.41,0.2,3225.64,信用卡,APP
T00000694,2023-07-01,C000383,P0049,5,147.02,0.0,735.1,微信支付,网页
T00000695,2023-04-28,C000692,P0047,3,371.93,0.0,1115.79,微信支付,网页
T00000696,2023-04-09,C000024,P0047,1,371.93,0.1,334.74,信用卡,网页
T00000697,2023-07-30,C000884,P0018,4,63.49,0.3,177.77,支付宝,APP
T00000698,2023-02-25,C000248,P0024,5,740.37,0.2,2961.48,微信支付,网页
T00000699,2023-06-19,C000996,P0047,3,371.93,0.3,781.05,支付宝,小程序
T00000700,2023-12-19,C000039,P0022,7,596.78,0.0,4177.46,银行卡,APP
T00000701,2023-04-15,C000214,P0014,3,354.38,0.0,1063.14,银行卡,小程序
T00000702,2023-06-11,C000126,P0046,7,519.59,0.3,2545.99,微信支付,APP
T00000703,2023-02-16,C000729,P0007,5,444.27,0.1,1999.21,信用卡,小程序
T00000704,2023-03-05,C000050,P0035,5,914.62,0.0,4573.1,微信支付,小程序
T00000705,2023-02-16,C000696,P0041,2,976.66,0.1,1757.99,微信支付,APP
T00000706,2023-07-27,C000331,P0042,2,193.1,0.1,347.58,支付宝,小程序
T00000707,2023-02-09,C000941,P0006,5,281.15,0.3,984.02,信用卡,网页
T00000708,2023-07-19,C000473,P0007,9,444.27,0.3,2798.9,支付宝,APP
T00000709,2023-04-05,C000841,P0014,1,354.38,0.3,248.07,支付宝,小程序
T00000710,2023-02-24,C000798,P0022,4,596.78,0.0,2387.12,微信支付,小程序
T00000711,2023-09-26,C000251,P0001,4,461.62,0.0,1846.48,信用卡,小程序
T00000712,2023-12-26,C000271,P0032,8,95.61,0.15,650.15,支付宝,小程序
T00000713,2023-08-01,C000904,P0001,8,461.62,0.1,3323.66,银行卡,小程序
T00000714,2023-06-27,C000908,P0009,1,17.15,0.15,14.58,支付宝,APP
T00000715,2023-09-27,C000791,P0041,5,976.66,0.0,4883.3,支付宝,小程序
T00000716,2023-05-30,C000237,P0015,4,986.74,0.15,3354.92,信用卡,网页
T00000717,2023-01-14,C000143,P0038,4,562.9,0.0,2251.6,微信支付,小程序
T00000718,2023-03-22,C000622,P0014,5,354.38,0.15,1506.12,微信支付,APP
T00000719,2023-05-03,C000282,P0029,3,287.8,0.0,863.4,信用卡,APP
T00000720,2023-02-17,C000957,P0017,1,798.65,0.2,638.92,银行卡,APP
T00000721,2023-09-24,C000418,P0035,1,914.62,0.3,640.23,银行卡,小程序
T00000722,2023-01-11,C000812,P0050,3,740.01,0.0,2220.03,信用卡,网页
T00000723,2023-08-08,C000990,P0028,1,210.19,0.0,210.19,支付宝,小程序
T00000724,2023-03-07,C000800,P0028,1,210.19,0.0,210.19,微信支付,APP
T00000725,2023-09-24,C000370,P0014,4,354.38,0.1,1275.77,支付宝,APP
T00000726,2023-07-17,C000702,P0010,5,422.06,0.2,1688.24,微信支付,APP
T00000727,2023-03-31,C000224,P0050,3,740.01,0.0,2220.03,银行卡,APP
T00000728,2023-08-09,C000564,P0033,3,838.62,0.0,2515.86,信用卡,小程序
T00000729,2023-09-06,C000782,P0028,5,210.19,0.2,840.76,微信支付,小程序
T00000730,2023-04-18,C000852,P0034,3,255.35,0.0,766.05,支付宝,APP
T00000731,2023-05-04,C000918,P0020,5,925.61,0.0,4628.05,信用卡,APP
T00000732,2023-06-25,C000244,P0020,7,925.61,0.15,5507.38,微信支付,网页
T00000733,2023-01-24,C000240,P0014,3,354.38,0.15,903.67,支付宝,APP
T00000734,2023-02-22,C000380,P0043,4,861.78,0.2,2757.7,支付宝,小程序
T00000735,2023-01-25,C000378,P0033,5,838.62,0.15,3564.14,支付宝,网页
T00000736,2023-05-27,C000187,P0037,1,484.48,0.2,387.58,信用卡,网页
T00000737,2023-10-26,C000413,P0011,5,643.43,0.2,2573.72,信用卡,小程序
T00000738,2023-10-21,C000891,P0025,3,476.28,0.3,1000.19,信用卡,APP
T00000739,2023-09-25,C000149,P0019,5,340.95,0.3,1193.32,银行卡,小程序
T00000740,2023-07-16,C000975,P0041,6,976.66,0.0,5859.96,支付宝,网页
T00000741,2023-01-11,C000513,P0050,3,740.01,0.15,1887.03,微信支付,APP
T00000742,2023-04-08,C000190,P0007,2,444.27,0.0,888.54,微信支付,网页
T00000743,2023-07-26,C000574,P0037,1,484.48,0.2,387.58,支付宝,小程序
T00000744,2023-08-31,C000408,P0010,1,422.06,0.1,379.85,支付宝,小程序
T00000745,2023-08-15,C000768,P0012,2,614.43,0.2,983.09,微信支付,小程序
T00000746,2023-11-07,C000334,P0015,14,986.74,0.2,11051.49,微信支付,小程序
T00000747,2023-03-12,C000919,P0043,5,861.78,0.3,3016.23,支付宝,网页
T00000748,2023-01-02,C000984,P0023,4,237.76,0.2,760.83,支付宝,APP
T00000749,2023-12-22,C000625,P0037,8,484.48,0.15,3294.46,微信支付,网页
T00000750,2023-10-30,C000368,P0049,5,147.02,0.2,588.08,微信支付,网页
T00000751,2023-12-05,C000096,P0018,10,63.49,0.1,571.41,银行卡,网页
T00000752,2023-11-19,C000946,P0005,3,766.59,0.1,2069.79,信用卡,APP
T00000753,2023-12-11,C000904,P0044,5,535.61,0.3,1874.63,银行卡,小程序
T00000754,2023-06-22,C000124,P0049,5,147.02,0.3,514.57,银行卡,网页
T00000755,2023-10-05,C000247,P0010,5,422.06,0.3,1477.21,银行卡,小程序
T00000756,2023-05-20,C000921,P0041,1,976.66,0.3,683.66,支付宝,APP
T00000757,2023-09-02,C000230,P0049,1,147.02,0.0,147.02,信用卡,小程序
T00000758,2023-07-20,C000065,P0025,1,476.28,0.3,333.4,信用卡,小程序
T00000759,2023-04-14,C000084,P0005,2,766.59,0.3,1073.23,银行卡,APP
T00000760,2023-01-25,C000385,P0005,5,766.59,0.0,3832.95,银行卡,APP
T00000761,2023-05-31,C000622,P0041,1,976.66,0.3,683.66,银行卡,APP
T00000762,2023-08-21,C000793,P0027,3,145.04,0.15,369.85,微信支付,小程序
T00000763,2023-08-15,C000422,P0042,2,193.1,0.0,386.2,微信支付,小程序
T00000764,2023-05-24,C000018,P0018,4,63.49,0.1,228.56,信用卡,小程序
T00000765,2023-05-25,C000167,P0026,1,224.0,0.2,179.2,信用卡,APP
T00000766,2023-07-26,C000884,P0049,6,147.02,0.15,749.8,微信支付,网页
T00000767,2023-01-10,C000818,P0036,1,991.36,0.2,793.09,信用卡,小程序
T00000768,2023-11-17,C000945,P0031,11,791.65,0.0,8708.15,支付宝,网页
T00000769,2023-01-12,C000960,P0026,5,224.0,0.2,896.0,银行卡,APP
T00000770,2023-04-10,C000208,P0013,4,615.93,0.0,2463.72,支付宝,APP
T00000771,2023-06-10,C000733,P0023,2,237.76,0.1,427.97,支付宝,网页
T00000772,2023-10-06,C000476,P0006,1,281.15,0.0,281.15,微信支付,小程序
T00000773,2023-02-22,C000618,P0006,2,281.15,0.0,562.3,信用卡,APP
T00000774,2023-04-23,C000433,P0049,2,147.02,0.3,205.83,银行卡,APP
T00000775,2023-08-28,C000560,P0032,9,95.61,0.1,774.44,支付宝,APP
T00000776,2023-04-22,C000077,P0029,5,287.8,0.0,1439.0,银行卡,网页
T00000777,2023-10-31,C000744,P0004,2,330.99,0.3,463.39,银行卡,APP
T00000778,2023-03-14,C000302,P0026,5,224.0,0.0,1120.0,支付宝,网页
T00000779,2023-05-22,C000055,P0019,2,340.95,0.1,613.71,微信支付,小程序
T00000780,2023-05-09,C000408,P0007,4,444.27,0.15,1510.52,支付宝,APP
T00000781,2023-08-26,C000810,P0048,6,651.69,0.0,3910.14,微信支付,APP
T00000782,2023-01-08,C000655,P0011,1,643.43,0.1,579.09,微信支付,APP
T00000783,2023-11-18,C000268,P0013,14,615.93,0.1,7760.72,微信支付,小程序
T00000784,2023-10-07,C000753,P0022,4,596.78,0.3,1670.98,信用卡,APP
T00000785,2023-08-07,C000896,P0015,6,986.74,0.0,5920.44,微信支付,小程序
T00000786,2023-12-15,C000419,P0021,2,519.75,0.15,883.57,信用卡,小程序
T00000787,2023-01-12,C000805,P0032,5,95.61,0.15,406.34,信用卡,网页
T00000788,2023-12-15,C000465,P0008,10,779.89,0.1,7019.01,信用卡,APP
T00000789,2023-07-27,C000799,P0034,3,255.35,0.0,766.05,银行卡,APP
T00000790,2023-07-12,C000148,P0035,1,914.62,0.0,914.62,微信支付,APP
T00000791,2023-11-19,C000336,P0023,3,237.76,0.1,641.95,银行卡,APP
T00000792,2023-06-21,C000459,P0035,1,914.62,0.1,823.16,微信支付,小程序
T00000793,2023-02-07,C000667,P0034,2,255.35,0.0,510.7,微信支付,网页
T00000794,2023-10-18,C000993,P0026,4,224.0,0.3,627.2,支付宝,小程序
T00000795,2023-10-30,C000792,P0035,3,914.62,0.0,2743.86,信用卡,小程序
T00000796,2023-11-08,C000296,P0035,14,914.62,0.0,12804.68,微信支付,APP
T00000797,2023-06-19,C000975,P0003,8,806.41,0.0,6451.28,信用卡,小程序
T00000798,2023-11-03,C000709,P0046,6,519.59,0.0,3117.54,微信支付,网页
T00000799,2023-11-07,C000867,P0022,11,596.78,0.2,5251.66,支付宝,小程序
T00000800,2023-02-13,C000356,P0019,4,340.95,0.2,1091.04,信用卡,APP
T00000801,2023-12-22,C000452,P0042,2,193.1,0.0,386.2,微信支付,小程序
T00000802,2023-07-25,C000400,P0029,5,287.8,0.3,1007.3,微信支付,APP
T00000803,2023-11-12,C000282,P0029,10,287.8,0.15,2446.3,支付宝,小程序
T00000804,2023-11-18,C000997,P0043,8,861.78,0.15,5860.1,信用卡,网页
T00000805,2023-10-05,C000878,P0010,5,422.06,0.15,1793.76,信用卡,小程序
T00000806,2023-09-12,C000866,P0046,2,519.59,0.3,727.43,微信支付,网页
T00000807,2023-09-22,C000201,P0037,4,484.48,0.2,1550.34,支付宝,小程序
T00000808,2023-09-30,C000698,P0021,5,519.75,0.0,2598.75,信用卡,小程序
T00000809,2023-04-06,C000641,P0044,2,535.61,0.0,1071.22,支付宝,小程序
T00000810,2023-05-18,C000680,P0002,3,123.04,0.3,258.38,信用卡,网页
T00000811,2023-11-14,C000703,P0022,9,596.78,0.0,5371.02,支付宝,APP
T00000812,2023-05-24,C000181,P0035,3,914.62,0.3,1920.7,银行卡,网页
T00000813,2023-05-09,C000957,P0012,5,614.43,0.1,2764.93,信用卡,小程序
T00000814,2023-07-21,C000144,P0013,5,615.93,0.15,2617.7,银行卡,APP
T00000815,2023-11-23,C000650,P0016,5,469.57,0.2,1878.28,银行卡,网页
T00000816,2023-04-24,C000560,P0013,5,615.93,0.0,3079.65,银行卡,网页
T00000817,2023-03-26,C000082,P0017,3,798.65,0.0,2395.95,银行卡,小程序
T00000818,2023-09-05,C000936,P0012,3,614.43,0.1,1658.96,微信支付,小程序
T00000819,2023-03-29,C000969,P0026,5,224.0,0.0,1120.0,微信支付,网页
T00000820,2023-09-29,C000801,P0039,3,141.38,0.0,424.14,微信支付,小程序
T00000821,2023-02-24,C000728,P0036,4,991.36,0.0,3965.44,银行卡,APP
T00000822,2023-11-27,C000532,P0032,8,95.61,0.3,535.42,银行卡,APP
T00000823,2023-11-09,C000775,P0021,10,519.75,0.0,5197.5,银行卡,APP
T00000824,2023-01-04,C000314,P0013,5,615.93,0.0,3079.65,支付宝,APP
T00000825,2023-09-04,C000496,P0039,2,141.38,0.0,282.76,微信支付,小程序
T00000826,2023-12-27,C000596,P0022,3,596.78,0.0,1790.34,支付宝,网页
T00000827,2023-04-18,C000315,P0026,1,224.0,0.0,224.0,银行卡,网页
T00000828,2023-02-25,C000848,P0021,3,519.75,0.0,1559.25,支付宝,APP
T00000829,2023-03-30,C000635,P0024,2,740.37,0.3,1036.52,信用卡,网页
T00000830,2023-09-26,C000244,P0007,4,444.27,0.1,1599.37,银行卡,APP
T00000831,2023-01-09,C000273,P0040,2,484.99,0.2,775.98,支付宝,网页
T00000832,2023-02-14,C000795,P0003,3,806.41,0.0,2419.23,信用卡,网页
T00000833,2023-11-12,C000971,P0034,2,255.35,0.15,434.09,信用卡,小程序
T00000834,2023-01-31,C000751,P0039,2,141.38,0.3,197.93,信用卡,APP
T00000835,2023-05-20,C000133,P0024,2,740.37,0.3,1036.52,银行卡,网页
T00000836,2023-03-25,C000958,P0009,3,17.15,0.15,43.73,信用卡,网页
T00000837,2023-01-30,C000885,P0021,5,519.75,0.15,2208.94,信用卡,网页
T00000838,2023-10-03,C000287,P0029,3,287.8,0.3,604.38,微信支付,APP
T00000839,2023-09-10,C000346,P0046,5,519.59,0.0,2597.95,银行卡,小程序
T00000840,2023-11-20,C000751,P0022,10,596.78,0.0,5967.8,银行卡,小程序
T00000841,2023-11-11,C000183,P0019,8,340.95,0.15,2318.46,支付宝,APP
T00000842,2023-12-21,C000341,P0028,1,210.19,0.3,147.13,支付宝,APP
T00000843,2023-01-22,C000821,P0010,3,422.06,0.0,1266.18,微信支付,小程序
T00000844,2023-11-28,C000075,P0015,3,986.74,0.3,2072.15,支付宝,网页
T00000845,2023-06-12,C000214,P0005,1,766.59,0.1,689.93,支付宝,小程序
T00000846,2023-04-15,C000649,P0041,4,976.66,0.15,3320.64,微信支付,小程序
T00000847,2023-02-21,C000311,P0019,3,340.95,0.3,715.99,信用卡,网页
T00000848,2023-10-28,C000734,P0040,4,484.99,0.0,1939.96,信用卡,小程序
T00000849,2023-04-24,C000460,P0028,4,210.19,0.2,672.61,银行卡,小程序
T00000850,2023-07-31,C000765,P0010,1,422.06,0.3,295.44,微信支付,网页
T00000851,2023-05-28,C000973,P0014,1,354.38,0.15,301.22,微信支付,APP
T00000852,2023-12-29,C000828,P0035,2,914.62,0.0,1829.24,支付宝,APP
T00000853,2023-04-13,C000147,P0039,1,141.38,0.2,113.1,银行卡,小程序
T00000854,2023-02-17,C000387,P0004,1,330.99,0.0,330.99,微信支付,网页
T00000855,2023-05-15,C000164,P0032,2,95.61,0.2,152.98,信用卡,网页
T00000856,2023-01-13,C000170,P0035,4,914.62,0.1,3292.63,支付宝,小程序
T00000857,2023-08-22,C000806,P0012,3,614.43,0.1,1658.96,信用卡,网页
T00000858,2023-05-14,C000997,P0048,3,651.69,0.15,1661.81,银行卡,网页
T00000859,2023-03-11,C000159,P0025,5,476.28,0.0,2381.4,银行卡,APP
T00000860,2023-11-13,C000524,P0006,8,281.15,0.2,1799.36,微信支付,小程序
T00000861,2023-02-22,C000055,P0026,5,224.0,0.3,784.0,微信支付,小程序
T00000862,2023-08-14,C000661,P0008,5,779.89,0.1,3509.51,微信支付,APP
T00000863,2023-08-15,C000746,P0046,3,519.59,0.2,1247.02,微信支付,APP
T00000864,2023-06-16,C000177,P0012,3,614.43,0.15,1566.8,微信支付,小程序
T00000865,2023-07-30,C000979,P0011,1,643.43,0.3,450.4,银行卡,小程序
T00000866,2023-10-27,C000656,P0005,3,766.59,0.0,2299.77,微信支付,APP
T00000867,2023-03-27,C000669,P0021,3,519.75,0.2,1247.4,微信支付,小程序
T00000868,2023-10-04,C000328,P0014,5,354.38,0.0,1771.9,银行卡,网页
T00000869,2023-03-04,C000743,P0032,4,95.61,0.2,305.95,信用卡,APP
T00000870,2023-03-24,C000297,P0026,2,224.0,0.0,448.0,银行卡,网页
T00000871,2023-05-10,C000831,P0037,4,484.48,0.15,1647.23,支付宝,APP
T00000872,2023-08-17,C000845,P0039,7,141.38,0.0,989.66,微信支付,网页
T00000873,2023-02-05,C000057,P0011,3,643.43,0.0,1930.29,信用卡,小程序
T00000874,2023-09-12,C000116,P0047,2,371.93,0.1,669.47,银行卡,APP
T00000875,2023-10-24,C000969,P0036,5,991.36,0.0,4956.8,微信支付,APP
T00000876,2023-01-15,C000771,P0044,1,535.61,0.0,535.61,银行卡,网页
T00000877,2023-01-28,C000193,P0036,2,991.36,0.0,1982.72,支付宝,网页
T00000878,2023-10-11,C000622,P0032,4,95.61,0.15,325.07,信用卡,网页
T00000879,2023-12-17,C000710,P0014,7,354.38,0.0,2480.66,微信支付,APP
T00000880,2023-11-23,C000404,P0035,2,914.62,0.3,1280.47,支付宝,APP
T00000881,2023-01-09,C000310,P0018,2,63.49,0.1,114.28,支付宝,小程序
T00000882,2023-10-21,C000113,P0021,4,519.75,0.0,2079.0,银行卡,APP
T00000883,2023-04-18,C000585,P0047,1,371.93,0.0,371.93,微信支付,小程序
T00000884,2023-10-23,C000798,P0011,5,643.43,0.2,2573.72,银行卡,小程序
T00000885,2023-01-13,C000311,P0006,2,281.15,0.1,506.07,银行卡,小程序
T00000886,2023-09-19,C000059,P0013,5,615.93,0.3,2155.75,微信支付,APP
T00000887,2023-10-23,C000482,P0027,1,145.04,0.0,145.04,信用卡,APP
T00000888,2023-11-08,C000149,P0008,6,779.89,0.0,4679.34,微信支付,APP
T00000889,2023-04-17,C000121,P0011,4,643.43,0.1,2316.35,信用卡,小程序
T00000890,2023-03-13,C000118,P0004,5,330.99,0.3,1158.46,支付宝,APP
T00000891,2023-02-27,C000413,P0025,1,476.28,0.0,476.28,微信支付,APP
T00000892,2023-03-03,C000739,P0040,1,484.99,0.1,436.49,微信支付,小程序
T00000893,2023-06-25,C000761,P0043,9,861.78,0.0,7756.02,微信支付,小程序
T00000894,2023-04-20,C000301,P0003,5,806.41,0.0,4032.05,信用卡,网页
T00000895,2023-06-22,C000550,P0014,1,354.38,0.1,318.94,银行卡,小程序
T00000896,2023-02-23,C000783,P0010,3,422.06,0.0,1266.18,支付宝,APP
T00000897,2023-05-26,C000809,P0002,5,123.04,0.2,492.16,信用卡,小程序
T00000898,2023-09-26,C000945,P0009,3,17.15,0.3,36.01,支付宝,小程序
T00000899,2023-12-07,C000138,P0021,4,519.75,0.1,1871.1,微信支付,APP
T00000900,2023-10-30,C000718,P0013,3,615.93,0.0,1847.79,信用卡,APP
T00000901,2023-12-02,C000825,P0001,5,461.62,0.15,1961.88,银行卡,APP
T00000902,2023-12-22,C000509,P0038,2,562.9,0.0,1125.8,信用卡,APP
T00000903,2023-03-14,C000196,P0018,4,63.49,0.0,253.96,银行卡,小程序
T00000904,2023-07-07,C000315,P0025,2,476.28,0.0,952.56,银行卡,APP
T00000905,2023-03-21,C000145,P0002,4,123.04,0.0,492.16,信用卡,APP
T00000906,2023-07-05,C000166,P0040,5,484.99,0.1,2182.45,银行卡,APP
T00000907,2023-03-27,C000635,P0039,1,141.38,0.1,127.24,支付宝,网页
T00000908,2023-08-07,C000023,P0038,5,562.9,0.0,2814.5,银行卡,小程序
T00000909,2023-11-29,C000351,P0007,5,444.27,0.3,1554.94,微信支付,小程序
T00000910,2023-11-20,C000008,P0042,5,193.1,0.3,675.85,银行卡,APP
T00000911,2023-05-08,C000128,P0004,1,330.99,0.15,281.34,银行卡,网页
T00000912,2023-09-12,C000937,P0037,4,484.48,0.0,1937.92,信用卡,网页
T00000913,2023-11-15,C000380,P0005,9,766.59,0.3,4829.52,银行卡,网页
T00000914,2023-05-26,C000864,P0028,2,210.19,0.0,420.38,银行卡,网页
T00000915,2023-02-24,C000857,P0009,3,17.15,0.1,46.3,信用卡,APP
T00000916,2023-02-26,C000569,P0003,1,806.41,0.3,564.49,支付宝,小程序
T00000917,2023-03-04,C000213,P0003,1,806.41,0.3,564.49,信用卡,小程序
T00000918,2023-04-28,C000461,P0007,4,444.27,0.0,1777.08,支付宝,网页
T00000919,2023-03-24,C000529,P0028,1,210.19,0.15,178.66,支付宝,小程序
T00000920,2023-02-19,C000687,P0047,3,371.93,0.1,1004.21,支付宝,APP
T00000921,2023-10-31,C000890,P0002,1,123.04,0.0,123.04,支付宝,网页
T00000922,2023-02-13,C000521,P0013,1,615.93,0.1,554.34,信用卡,APP
T00000923,2023-05-07,C000474,P0004,2,330.99,0.0,661.98,支付宝,APP
T00000924,2023-05-28,C000994,P0024,5,740.37,0.0,3701.85,信用卡,网页
T00000925,2023-04-13,C000180,P0026,1,224.0,0.2,179.2,微信支付,APP
T00000926,2023-01-09,C000446,P0037,2,484.48,0.0,968.96,银行卡,网页
T00000927,2023-08-07,C000440,P0046,7,519.59,0.0,3637.13,微信支付,APP
T00000928,2023-10-15,C000342,P0001,2,461.62,0.2,738.59,微信支付,小程序
T00000929,2023-07-26,C000843,P0011,7,643.43,0.3,3152.81,信用卡,网页
T00000930,2023-08-12,C000081,P0010,5,422.06,0.15,1793.76,微信支付,APP
T00000931,2023-12-25,C000020,P0031,1,791.65,0.0,791.65,信用卡,网页
T00000932,2023-08-06,C000319,P0007,5,444.27,0.0,2221.35,支付宝,APP
T00000933,2023-01-26,C000603,P0029,4,287.8,0.2,920.96,信用卡,APP
T00000934,2023-05-10,C000021,P0003,3,806.41,0.15,2056.35,微信支付,小程序
T00000935,2023-10-10,C000841,P0005,5,766.59,0.3,2683.07,银行卡,小程序
T00000936,2023-01-02,C000256,P0021,1,519.75,0.0,519.75,微信支付,APP
T00000937,2023-05-11,C000624,P0040,5,484.99,0.0,2424.95,银行卡,小程序
T00000938,2023-11-03,C000952,P0032,10,95.61,0.15,812.68,信用卡,小程序
T00000939,2023-04-25,C000067,P0042,2,193.1,0.1,347.58,信用卡,小程序
T00000940,2023-03-03,C000392,P0027,5,145.04,0.15,616.42,银行卡,APP
T00000941,2023-07-30,C000979,P0025,1,476.28,0.1,428.65,银行卡,APP
T00000942,2023-09-06,C000585,P0031,3,791.65,0.0,2374.95,微信支付,APP
T00000943,2023-06-15,C000188,P0028,3,210.19,0.15,535.98,银行卡,小程序
T00000944,2023-10-19,C000626,P0008,4,779.89,0.3,2183.69,支付宝,APP
T00000945,2023-12-31,C000170,P0017,11,798.65,0.2,7028.12,微信支付,APP
T00000946,2023-04-20,C000053,P0030,5,179.49,0.1,807.71,微信支付,APP
T00000947,2023-02-15,C000057,P0027,2,145.04,0.2,232.06,支付宝,小程序
T00000948,2023-12-05,C000266,P0041,2,976.66,0.15,1660.32,支付宝,APP
T00000949,2023-07-09,C000719,P0044,8,535.61,0.15,3642.15,信用卡,APP
T00000950,2023-02-27,C001000,P0006,4,281.15,0.0,1124.6,银行卡,小程序
T00000951,2023-09-18,C000835,P0002,1,123.04,0.15,104.58,信用卡,网页
T00000952,2023-06-05,C000142,P0035,3,914.62,0.1,2469.47,银行卡,小程序
T00000953,2023-09-20,C000950,P0048,2,651.69,0.15,1107.87,信用卡,小程序
T00000954,2023-07-11,C000955,P0029,1,287.8,0.0,287.8,支付宝,网页
T00000955,2023-10-04,C000429,P0003,4,806.41,0.0,3225.64,信用卡,小程序
T00000956,2023-02-17,C000863,P0012,2,614.43,0.1,1105.97,支付宝,网页
T00000957,2023-11-01,C000094,P0026,2,224.0,0.15,380.8,信用卡,小程序
T00000958,2023-10-30,C000811,P0018,2,63.49,0.15,107.93,信用卡,小程序
T00000959,2023-09-16,C000475,P0010,4,422.06,0.15,1435.0,信用卡,小程序
T00000960,2023-11-22,C000274,P0004,2,330.99,0.0,661.98,支付宝,网页
T00000961,2023-02-15,C000434,P0038,1,562.9,0.0,562.9,信用卡,APP
T00000962,2023-09-11,C000658,P0036,2,991.36,0.0,1982.72,信用卡,网页
T00000963,2023-12-12,C000567,P0045,9,789.81,0.2,5686.63,信用卡,网页
T00000964,2023-02-24,C000954,P0050,4,740.01,0.15,2516.03,信用卡,APP
T00000965,2023-05-30,C000047,P0041,5,976.66,0.1,4394.97,银行卡,小程序
T00000966,2023-07-12,C000560,P0025,3,476.28,0.15,1214.51,信用卡,APP
T00000967,2023-05-17,C000524,P0029,3,287.8,0.0,863.4,支付宝,网页
T00000968,2023-01-06,C000575,P0010,3,422.06,0.0,1266.18,信用卡,APP
T00000969,2023-03-23,C000594,P0023,2,237.76,0.3,332.86,信用卡,网页
T00000970,2023-10-05,C000129,P0035,1,914.62,0.15,777.43,微信支付,网页
T00000971,2023-10-01,C000546,P0026,5,224.0,0.0,1120.0,支付宝,网页
T00000972,2023-03-12,C000405,P0017,4,798.65,0.0,3194.6,信用卡,小程序
T00000973,2023-10-22,C000436,P0005,1,766.59,0.15,651.6,支付宝,APP
T00000974,2023-06-03,C000220,P0005,1,766.59,0.3,536.61,微信支付,网页
T00000975,2023-12-05,C000615,P0049,5,147.02,0.3,514.57,微信支付,小程序
T00000976,2023-07-28,C000239,P0007,3,444.27,0.1,1199.53,支付宝,网页
T00000977,2023-04-06,C000045,P0016,3,469.57,0.0,1408.71,支付宝,网页
T00000978,2023-06-20,C000850,P0050,1,740.01,0.0,740.01,银行卡,网页
T00000979,2023-09-11,C000269,P0010,1,422.06,0.15,358.75,支付宝,网页
T00000980,2023-06-12,C000033,P0042,3,193.1,0.0,579.3,支付宝,小程序
T00000981,2023-08-02,C000866,P0026,1,224.0,0.2,179.2,信用卡,小程序
T00000982,2023-02-03,C000529,P0050,2,740.01,0.2,1184.02,银行卡,小程序
T00000983,2023-10-03,C000772,P0037,5,484.48,0.2,1937.92,支付宝,小程序
T00000984,2023-10-05,C000003,P0047,4,371.93,0.1,1338.95,微信支付,APP
T00000985,2023-05-20,C000454,P0006,3,281.15,0.1,759.1,支付宝,APP
T00000986,2023-06-17,C000190,P0040,6,484.99,0.0,2909.94,信用卡,小程序
T00000987,2023-12-06,C000633,P0035,5,914.62,0.15,3887.14,信用卡,小程序
T00000988,2023-11-13,C000451,P0036,8,991.36,0.1,7137.79,银行卡,小程序
T00000989,2023-02-16,C000349,P0021,5,519.75,0.0,2598.75,银行卡,小程序
T00000990,2023-01-26,C000128,P0008,5,779.89,0.0,3899.45,微信支付,APP
T00000991,2023-12-18,C000490,P0050,5,740.01,0.1,3330.05,支付宝,网页
T00000992,2023-02-28,C000486,P0005,1,766.59,0.1,689.93,支付宝,APP
T00000993,2023-11-02,C000771,P0035,13,914.62,0.0,11890.06,信用卡,网页
T00000994,2023-05-08,C001000,P0027,2,145.04,0.0,290.08,银行卡,网页
T00000995,2023-07-10,C000058,P0039,6,141.38,0.0,848.28,支付宝,小程序
T00000996,2023-12-02,C000587,P0042,8,193.1,0.0,1544.8,银行卡,APP
T00000997,2023-01-25,C000943,P0019,4,340.95,0.1,1227.42,银行卡,小程序
T00000998,2023-10-13,C000446,P0040,4,484.99,0.1,1745.96,信用卡,APP
T00000999,2023-06-17,C000269,P0028,2,210.19,0.3,294.27,银行卡,网页
T00001000,2023-08-05,C000502,P0024,5,740.37,0.0,3701.85,信用卡,网页
T00001001,2023-06-13,C000197,P0015,9,986.74,0.0,8880.66,信用卡,APP
T00001002,2023-05-05,C000265,P0024,4,740.37,0.1,2665.33,微信支付,小程序
T00001003,2023-04-05,C000429,P0050,3,740.01,0.2,1776.02,银行卡,APP
T00001004,2023-02-25,C000648,P0026,3,224.0,0.15,571.2,银行卡,APP
T00001005,2023-01-28,C000712,P0001,4,461.62,0.0,1846.48,微信支付,APP
T00001006,2023-03-31,C000302,P0010,2,422.06,0.3,590.88,信用卡,网页
T00001007,2023-09-02,C000673,P0045,4,789.81,0.0,3159.24,信用卡,APP
T00001008,2023-06-11,C000069,P0040,4,484.99,0.0,1939.96,微信支付,网页
T00001009,2023-12-30,C000095,P0007,8,444.27,0.3,2487.91,银行卡,小程序
T00001010,2023-09-22,C000398,P0041,1,976.66,0.0,976.66,支付宝,APP
T00001011,2023-08-31,C000529,P0038,6,562.9,0.1,3039.66,微信支付,APP
T00001012,2023-02-10,C000592,P0012,5,614.43,0.0,3072.15,信用卡,APP
T00001013,2023-05-20,C000139,P0029,4,287.8,0.3,805.84,银行卡,APP
T00001014,2023-11-23,C000078,P0028,5,210.19,0.0,1050.95,支付宝,APP
T00001015,2023-09-28,C000235,P0017,4,798.65,0.0,3194.6,微信支付,网页
T00001016,2023-06-27,C000603,P0045,7,789.81,0.15,4699.37,支付宝,网页
T00001017,2023-10-11,C000998,P0023,2,237.76,0.0,475.52,银行卡,小程序
T00001018,2023-03-31,C000131,P0020,1,925.61,0.2,740.49,微信支付,小程序
T00001019,2023-06-16,C000371,P0017,3,798.65,0.2,1916.76,信用卡,网页
T00001020,2023-06-06,C000377,P0042,5,193.1,0.0,965.5,微信支付,APP
T00001021,2023-02-09,C000144,P0008,2,779.89,0.0,1559.78,信用卡,网页
T00001022,2023-10-03,C000784,P0040,4,484.99,0.2,1551.97,支付宝,网页
T00001023,2023-08-13,C000408,P0050,2,740.01,0.0,1480.02,微信支付,网页
T00001024,2023-03-28,C000197,P0002,5,123.04,0.15,522.92,信用卡,小程序
T00001025,2023-03-28,C000920,P0005,4,766.59,0.0,3066.36,支付宝,小程序
T00001026,2023-10-05,C000821,P0004,1,330.99,0.15,281.34,信用卡,APP
T00001027,2023-01-22,C000337,P0017,2,798.65,0.0,1597.3,信用卡,小程序
T00001028,2023-04-28,C000737,P0021,5,519.75,0.15,2208.94,微信支付,网页
T00001029,2023-11-16,C000339,P0015,5,986.74,0.0,4933.7,支付宝,小程序
T00001030,2023-11-21,C000107,P0048,8,651.69,0.3,3649.46,信用卡,网页
T00001031,2023-08-31,C000294,P0033,9,838.62,0.3,5283.31,信用卡,网页
T00001032,2023-03-30,C000261,P0018,3,63.49,0.2,152.38,银行卡,网页
T00001033,2023-05-15,C000055,P0028,5,210.19,0.0,1050.95,银行卡,小程序
T00001034,2023-02-03,C000618,P0031,5,791.65,0.0,3958.25,信用卡,小程序
T00001035,2023-10-10,C000016,P0007,3,444.27,0.0,1332.81,支付宝,APP
T00001036,2023-10-02,C000984,P0030,5,179.49,0.15,762.83,银行卡,小程序
T00001037,2023-07-17,C000582,P0040,7,484.99,0.15,2885.69,微信支付,小程序
T00001038,2023-11-03,C000314,P0004,6,330.99,0.2,1588.75,微信支付,网页
T00001039,2023-02-23,C000860,P0018,4,63.49,0.2,203.17,微信支付,网页
T00001040,2023-07-12,C000038,P0015,1,986.74,0.15,838.73,信用卡,小程序
T00001041,2023-05-10,C000275,P0012,2,614.43,0.0,1228.86,微信支付,小程序
T00001042,2023-08-19,C000534,P0011,2,643.43,0.3,900.8,支付宝,APP
T00001043,2023-02-27,C000676,P0042,5,193.1,0.1,868.95,支付宝,网页
T00001044,2023-03-22,C000216,P0037,2,484.48,0.15,823.62,支付宝,小程序
T00001045,2023-10-23,C000947,P0036,2,991.36,0.0,1982.72,微信支付,APP
T00001046,2023-01-23,C000016,P0008,2,779.89,0.0,1559.78,微信支付,APP
T00001047,2023-01-09,C000709,P0005,5,766.59,0.1,3449.66,信用卡,网页
T00001048,2023-07-14,C000047,P0008,1,779.89,0.2,623.91,信用卡,小程序
T00001049,2023-07-17,C000012,P0008,6,779.89,0.0,4679.34,微信支付,网页
T00001050,2023-07-16,C000296,P0006,1,281.15,0.0,281.15,银行卡,网页
T00001051,2023-11-29,C000657,P0016,2,469.57,0.3,657.4,支付宝,网页
T00001052,2023-05-22,C000802,P0027,5,145.04,0.2,580.16,微信支付,APP
T00001053,2023-06-11,C000419,P0020,7,925.61,0.2,5183.42,支付宝,APP
T00001054,2023-01-02,C000751,P0013,1,615.93,0.1,554.34,信用卡,APP
T00001055,2023-01-02,C000837,P0024,3,740.37,0.0,2221.11,信用卡,网页
T00001056,2023-02-08,C000021,P0022,1,596.78,0.1,537.1,信用卡,小程序
T00001057,2023-07-19,C000276,P0028,1,210.19,0.2,168.15,信用卡,网页
T00001058,2023-06-03,C000726,P0006,1,281.15,0.0,281.15,银行卡,APP
T00001059,2023-08-17,C000332,P0035,1,914.62,0.3,640.23,银行卡,小程序
T00001060,2023-08-29,C000536,P0003,6,806.41,0.3,3386.92,微信支付,网页
T00001061,2023-08-03,C000208,P0036,4,991.36,0.1,3568.9,信用卡,APP
T00001062,2023-07-18,C000471,P0039,1,141.38,0.15,120.17,信用卡,小程序
T00001063,2023-10-12,C000920,P0034,5,255.35,0.0,1276.75,信用卡,小程序
T00001064,2023-12-16,C000657,P0043,10,861.78,0.0,8617.8,银行卡,APP
T00001065,2023-07-09,C000440,P0038,2,562.9,0.3,788.06,支付宝,小程序
T00001066,2023-08-21,C000024,P0025,6,476.28,0.0,2857.68,支付宝,APP
T00001067,2023-08-09,C000783,P0045,4,789.81,0.2,2527.39,微信支付,网页
T00001068,2023-01-08,C000081,P0020,5,925.61,0.3,3239.63,支付宝,小程序
T00001069,2023-07-08,C000964,P0009,1,17.15,0.0,17.15,银行卡,小程序
T00001070,2023-06-10,C000472,P0008,6,779.89,0.2,3743.47,支付宝,小程序
T00001071,2023-03-12,C000304,P0032,4,95.61,0.15,325.07,微信支付,APP
T00001072,2023-02-19,C000690,P0035,5,914.62,0.0,4573.1,银行卡,APP
T00001073,2023-11-08,C000607,P0046,11,519.59,0.1,5143.94,银行卡,APP
T00001074,2023-03-25,C000618,P0010,4,422.06,0.0,1688.24,支付宝,网页
T00001075,2023-01-28,C000903,P0046,3,519.59,0.2,1247.02,银行卡,网页
T00001076,2023-03-09,C000844,P0007,5,444.27,0.0,2221.35,银行卡,网页
T00001077,2023-09-06,C000327,P0003,4,806.41,0.3,2257.95,微信支付,APP
T00001078,2023-10-23,C000130,P0010,3,422.06,0.1,1139.56,支付宝,小程序
T00001079,2023-10-22,C000961,P0002,1,123.04,0.0,123.04,信用卡,APP
T00001080,2023-12-27,C000420,P0022,8,596.78,0.1,4296.82,微信支付,APP
T00001081,2023-03-11,C000868,P0018,4,63.49,0.0,253.96,微信支付,小程序
T00001082,2023-11-09,C000909,P0021,4,519.75,0.0,2079.0,信用卡,小程序
T00001083,2023-11-30,C000188,P0034,5,255.35,0.2,1021.4,信用卡,APP
T00001084,2023-02-16,C000430,P0009,1,17.15,0.1,15.43,银行卡,APP
T00001085,2023-09-04,C000061,P0005,3,766.59,0.15,1954.8,支付宝,APP
T00001086,2023-03-01,C000381,P0037,1,484.48,0.15,411.81,微信支付,网页
T00001087,2023-02-25,C000089,P0043,3,861.78,0.0,2585.34,信用卡,APP
T00001088,2023-01-23,C000372,P0048,2,651.69,0.3,912.37,信用卡,APP
T00001089,2023-10-19,C000205,P0009,1,17.15,0.0,17.15,信用卡,APP
T00001090,2023-08-09,C000322,P0038,1,562.9,0.1,506.61,银行卡,小程序
T00001091,2023-12-01,C000899,P0006,11,281.15,0.0,3092.65,银行卡,小程序
T00001092,2023-05-31,C000831,P0015,2,986.74,0.3,1381.44,信用卡,网页
T00001093,2023-10-31,C000587,P0036,2,991.36,0.3,1387.9,信用卡,网页
T00001094,2023-03-09,C000264,P0039,3,141.38,0.1,381.73,支付宝,网页
T00001095,2023-02-15,C000813,P0040,5,484.99,0.0,2424.95,信用卡,APP
T00001096,2023-06-09,C000085,P0035,3,914.62,0.2,2195.09,支付宝,APP
T00001097,2023-05-13,C000047,P0022,2,596.78,0.0,1193.56,信用卡,APP
T00001098,2023-12-17,C000071,P0012,11,614.43,0.0,6758.73,银行卡,网页
T00001099,2023-05-12,C000783,P0034,2,255.35,0.0,510.7,微信支付,网页
T00001100,2023-09-29,C000416,P0004,3,330.99,0.15,844.02,信用卡,APP
T00001101,2023-08-08,C000199,P0029,8,287.8,0.2,1841.92,银行卡,网页
T00001102,2023-10-05,C000200,P0033,5,838.62,0.0,4193.1,微信支付,网页
T00001103,2023-04-27,C000944,P0025,3,476.28,0.1,1285.96,微信支付,小程序
T00001104,2023-01-25,C000343,P0022,1,596.78,0.1,537.1,信用卡,网页
T00001105,2023-12-27,C000403,P0004,6,330.99,0.0,1985.94,银行卡,APP
T00001106,2023-07-06,C000164,P0026,3,224.0,0.2,537.6,支付宝,小程序
T00001107,2023-01-18,C000960,P0035,3,914.62,0.3,1920.7,银行卡,APP
T00001108,2023-01-22,C000645,P0032,3,95.61,0.2,229.46,支付宝,小程序
T00001109,2023-11-04,C000911,P0007,3,444.27,0.0,1332.81,支付宝,网页
T00001110,2023-09-17,C000098,P0025,5,476.28,0.2,1905.12,支付宝,APP
T00001111,2023-06-18,C000722,P0019,6,340.95,0.0,2045.7,微信支付,APP
T00001112,2023-11-21,C000416,P0002,10,123.04,0.0,1230.4,银行卡,网页
T00001113,2023-12-24,C000699,P0006,5,281.15,0.0,1405.75,微信支付,APP
T00001114,2023-08-13,C000804,P0021,7,519.75,0.0,3638.25,支付宝,APP
T00001115,2023-08-02,C000832,P0049,1,147.02,0.0,147.02,银行卡,APP
T00001116,2023-04-04,C000990,P0023,5,237.76,0.0,1188.8,信用卡,小程序
T00001117,2023-11-13,C000033,P0022,7,596.78,0.3,2924.22,信用卡,APP
T00001118,2023-08-15,C000196,P0046,3,519.59,0.15,1324.95,支付宝,网页
T00001119,2023-12-29,C000605,P0048,7,651.69,0.0,4561.83,支付宝,APP
T00001120,2023-01-05,C000295,P0026,5,224.0,0.0,1120.0,银行卡,小程序
T00001121,2023-01-07,C000707,P0014,5,354.38,0.0,1771.9,支付宝,网页
T00001122,2023-06-28,C000961,P0009,1,17.15,0.1,15.43,支付宝,小程序
T00001123,2023-11-10,C000996,P0045,4,789.81,0.15,2685.35,银行卡,小程序
T00001124,2023-11-11,C000979,P0007,5,444.27,0.0,2221.35,微信支付,小程序
T00001125,2023-07-03,C000779,P0023,3,237.76,0.2,570.62,银行卡,APP
T00001126,2023-01-24,C000398,P0024,1,740.37,0.0,740.37,支付宝,网页
T00001127,2023-09-07,C000964,P0037,5,484.48,0.0,2422.4,支付宝,网页
T00001128,2023-10-20,C000966,P0028,5,210.19,0.0,1050.95,支付宝,小程序
T00001129,2023-07-18,C000450,P0046,5,519.59,0.3,1818.57,微信支付,网页
T00001130,2023-09-14,C000712,P0018,2,63.49,0.2,101.58,微信支付,小程序
T00001131,2023-04-10,C000869,P0037,3,484.48,0.0,1453.44,银行卡,APP
T00001132,2023-01-11,C000403,P0001,4,461.62,0.1,1661.83,信用卡,APP
T00001133,2023-06-21,C000009,P0021,2,519.75,0.0,1039.5,支付宝,APP
T00001134,2023-09-10,C000389,P0014,3,354.38,0.0,1063.14,微信支付,网页
T00001135,2023-04-05,C000109,P0019,4,340.95,0.15,1159.23,银行卡,APP
T00001136,2023-10-26,C000643,P0004,2,330.99,0.2,529.58,微信支付,APP
T00001137,2023-04-24,C000339,P0020,1,925.61,0.0,925.61,支付宝,小程序
T00001138,2023-01-17,C000041,P0037,4,484.48,0.3,1356.54,支付宝,网页
T00001139,2023-05-06,C000653,P0001,5,461.62,0.15,1961.88,信用卡,小程序
T00001140,2023-05-10,C000015,P0016,2,469.57,0.0,939.14,支付宝,网页
T00001141,2023-07-21,C000226,P0029,3,287.8,0.0,863.4,银行卡,小程序
T00001142,2023-06-21,C000343,P0030,8,179.49,0.15,1220.53,信用卡,网页
T00001143,2023-10-17,C000090,P0012,2,614.43,0.15,1044.53,信用卡,网页
T00001144,2023-03-27,C000048,P0026,2,224.0,0.3,313.6,微信支付,网页
T00001145,2023-12-10,C000817,P0012,2,614.43,0.0,1228.86,信用卡,网页
T00001146,2023-07-01,C000192,P0034,1,255.35,0.1,229.81,支付宝,小程序
T00001147,2023-11-02,C000002,P0009,6,17.15,0.3,72.03,银行卡,APP
T00001148,2023-04-26,C000770,P0046,5,519.59,0.0,2597.95,微信支付,APP
T00001149,2023-08-09,C000981,P0045,2,789.81,0.3,1105.73,微信支付,APP
T00001150,2023-06-30,C000805,P0034,1,255.35,0.1,229.81,支付宝,小程序
T00001151,2023-07-07,C000097,P0037,5,484.48,0.0,2422.4,信用卡,APP
T00001152,2023-10-02,C000341,P0024,5,740.37,0.15,3146.57,支付宝,小程序
T00001153,2023-10-29,C000583,P0021,4,519.75,0.2,1663.2,信用卡,APP
T00001154,2023-12-27,C000097,P0045,9,789.81,0.0,7108.29,支付宝,网页
T00001155,2023-05-02,C000548,P0031,5,791.65,0.3,2770.77,微信支付,APP
T00001156,2023-10-08,C000624,P0025,2,476.28,0.15,809.68,信用卡,APP
T00001157,2023-09-18,C000340,P0018,3,63.49,0.3,133.33,支付宝,小程序
T00001158,2023-02-19,C000142,P0033,2,838.62,0.2,1341.79,信用卡,APP
T00001159,2023-01-01,C000182,P0004,5,330.99,0.0,1654.95,银行卡,小程序
T00001160,2023-03-07,C000949,P0041,2,976.66,0.0,1953.32,微信支付,APP
T00001161,2023-05-10,C000285,P0006,3,281.15,0.1,759.1,银行卡,小程序
T00001162,2023-04-19,C000135,P0047,5,371.93,0.2,1487.72,支付宝,APP
T00001163,2023-08-04,C000592,P0024,8,740.37,0.2,4738.37,支付宝,小程序
T00001164,2023-03-06,C000643,P0048,1,651.69,0.0,651.69,支付宝,小程序
T00001165,2023-04-17,C000284,P0004,2,330.99,0.0,661.98,微信支付,APP
T00001166,2023-08-13,C000368,P0032,3,95.61,0.0,286.83,微信支付,网页
T00001167,2023-04-10,C000921,P0003,2,806.41,0.15,1370.9,支付宝,网页
T00001168,2023-06-21,C000417,P0004,4,330.99,0.0,1323.96,支付宝,网页
T00001169,2023-11-01,C000958,P0015,8,986.74,0.0,7893.92,信用卡,小程序
T00001170,2023-02-19,C000551,P0040,2,484.99,0.0,969.98,支付宝,小程序
T00001171,2023-01-12,C000166,P0042,5,193.1,0.0,965.5,信用卡,小程序
T00001172,2023-12-18,C000076,P0048,7,651.69,0.3,3193.28,支付宝,APP
T00001173,2023-10-26,C000979,P0048,5,651.69,0.0,3258.45,支付宝,APP
T00001174,2023-05-15,C000863,P0016,5,469.57,0.3,1643.49,银行卡,APP
T00001175,2023-11-14,C000402,P0025,3,476.28,0.0,1428.84,微信支付,APP
T00001176,2023-08-03,C000015,P0032,6,95.61,0.1,516.29,银行卡,网页
T00001177,2023-07-21,C000977,P0030,1,179.49,0.2,143.59,信用卡,APP
T00001178,2023-02-13,C000525,P0037,4,484.48,0.0,1937.92,银行卡,APP
T00001179,2023-06-05,C000294,P0038,4,562.9,0.0,2251.6,信用卡,网页
T00001180,2023-07-20,C000702,P0013,5,615.93,0.0,3079.65,微信支付,小程序
T00001181,2023-08-02,C000009,P0023,5,237.76,0.1,1069.92,微信支付,网页
T00001182,2023-04-08,C000867,P0009,2,17.15,0.1,30.87,微信支付,网页
T00001183,2023-03-02,C000303,P0006,2,281.15,0.0,562.3,微信支付,网页
T00001184,2023-12-07,C000942,P0009,8,17.15,0.15,116.62,银行卡,网页
T00001185,2023-12-11,C000104,P0010,13,422.06,0.2,4389.42,支付宝,小程序
T00001186,2023-09-10,C000974,P0039,5,141.38,0.0,706.9,信用卡,APP
T00001187,2023-11-24,C000742,P0016,8,469.57,0.2,3005.25,支付宝,小程序
T00001188,2023-11-04,C000700,P0037,7,484.48,0.0,3391.36,银行卡,APP
T00001189,2023-03-10,C000989,P0047,3,371.93,0.1,1004.21,微信支付,网页
T00001190,2023-12-08,C000374,P0004,9,330.99,0.0,2978.91,银行卡,APP
T00001191,2023-01-18,C000247,P0045,1,789.81,0.0,789.81,银行卡,小程序
T00001192,2023-09-28,C000416,P0032,1,95.61,0.0,95.61,银行卡,网页
T00001193,2023-08-28,C000746,P0050,7,740.01,0.15,4403.06,银行卡,网页
T00001194,2023-06-19,C000412,P0030,8,179.49,0.2,1148.74,银行卡,小程序
T00001195,2023-11-22,C000970,P0022,4,596.78,0.0,2387.12,信用卡,网页
T00001196,2023-10-16,C000878,P0031,3,791.65,0.1,2137.45,信用卡,小程序
T00001197,2023-11-01,C000515,P0050,11,740.01,0.0,8140.11,信用卡,APP
T00001198,2023-05-24,C000081,P0009,2,17.15,0.0,34.3,银行卡,网页
T00001199,2023-01-12,C000715,P0035,1,914.62,0.15,777.43,银行卡,小程序
T00001200,2023-06-06,C000090,P0033,4,838.62,0.1,3019.03,微信支付,网页
T00001201,2023-07-10,C000391,P0037,5,484.48,0.1,2180.16,微信支付,APP
T00001202,2023-05-03,C000465,P0001,3,461.62,0.0,1384.86,微信支付,网页
T00001203,2023-10-29,C000273,P0008,2,779.89,0.1,1403.8,支付宝,网页
T00001204,2023-01-27,C000977,P0043,3,861.78,0.2,2068.27,微信支付,APP
T00001205,2023-03-22,C000837,P0027,1,145.04,0.0,145.04,银行卡,网页
T00001206,2023-04-20,C000830,P0046,1,519.59,0.1,467.63,信用卡,APP
T00001207,2023-12-03,C000469,P0050,3,740.01,0.2,1776.02,支付宝,APP
T00001208,2023-10-01,C000703,P0042,1,193.1,0.1,173.79,银行卡,APP
T00001209,2023-03-14,C000082,P0008,3,779.89,0.2,1871.74,信用卡,APP
T00001210,2023-10-13,C000326,P0018,2,63.49,0.0,126.98,银行卡,小程序
T00001211,2023-05-24,C000918,P0048,2,651.69,0.1,1173.04,信用卡,网页
T00001212,2023-05-17,C000667,P0044,4,535.61,0.0,2142.44,支付宝,网页
T00001213,2023-04-10,C000989,P0042,2,193.1,0.3,270.34,支付宝,小程序
T00001214,2023-09-28,C000816,P0027,3,145.04,0.2,348.1,微信支付,APP
T00001215,2023-08-16,C000464,P0030,3,179.49,0.1,484.62,银行卡,网页
T00001216,2023-04-07,C000480,P0013,1,615.93,0.0,615.93,银行卡,APP
T00001217,2023-11-27,C000948,P0003,8,806.41,0.3,4515.9,信用卡,小程序
T00001218,2023-02-02,C000950,P0002,3,123.04,0.0,369.12,支付宝,APP
T00001219,2023-01-13,C000496,P0010,2,422.06,0.2,675.3,微信支付,APP
T00001220,2023-06-08,C000328,P0012,6,614.43,0.0,3686.58,支付宝,网页
T00001221,2023-01-14,C000309,P0039,2,141.38,0.15,240.35,支付宝,APP
T00001222,2023-07-23,C000826,P0034,1,255.35,0.0,255.35,支付宝,APP
T00001223,2023-03-04,C000388,P0013,5,615.93,0.0,3079.65,银行卡,小程序
T00001224,2023-03-20,C000795,P0034,4,255.35,0.0,1021.4,支付宝,小程序
T00001225,2023-11-27,C000590,P0012,10,614.43,0.0,6144.3,微信支付,小程序
T00001226,2023-07-11,C000361,P0040,3,484.99,0.0,1454.97,微信支付,APP
T00001227,2023-11-24,C000790,P0045,7,789.81,0.15,4699.37,微信支付,小程序
T00001228,2023-11-05,C000179,P0039,1,141.38,0.3,98.97,信用卡,小程序
T00001229,2023-12-22,C000801,P0015,5,986.74,0.0,4933.7,信用卡,网页
T00001230,2023-02-14,C000359,P0033,1,838.62,0.1,754.76,信用卡,APP
T00001231,2023-01-26,C001000,P0036,4,991.36,0.0,3965.44,微信支付,网页
T00001232,2023-11-07,C000807,P0032,2,95.61,0.3,133.85,微信支付,APP
T00001233,2023-07-15,C000102,P0003,1,806.41,0.0,806.41,信用卡,APP
T00001234,2023-07-01,C000866,P0042,6,193.1,0.15,984.81,微信支付,小程序
T00001235,2023-02-15,C000683,P0032,4,95.61,0.2,305.95,银行卡,小程序
T00001236,2023-05-13,C000413,P0050,4,740.01,0.0,2960.04,银行卡,网页
T00001237,2023-05-15,C000149,P0009,2,17.15,0.0,34.3,微信支付,APP
T00001238,2023-03-24,C000521,P0046,1,519.59,0.2,415.67,支付宝,小程序
T00001239,2023-05-30,C000158,P0017,3,798.65,0.15,2036.56,微信支付,小程序
T00001240,2023-12-07,C000647,P0044,3,535.61,0.0,1606.83,信用卡,APP
T00001241,2023-07-13,C000841,P0012,9,614.43,0.0,5529.87,微信支付,网页
T00001242,2023-12-02,C000922,P0004,7,330.99,0.2,1853.54,信用卡,APP
T00001243,2023-02-04,C000118,P0042,5,193.1,0.0,965.5,银行卡,网页
T00001244,2023-12-17,C000283,P0032,2,95.61,0.0,191.22,信用卡,小程序
T00001245,2023-06-11,C000878,P0015,9,986.74,0.3,6216.46,支付宝,小程序
T00001246,2023-10-15,C000153,P0021,1,519.75,0.2,415.8,支付宝,APP
T00001247,2023-07-17,C000411,P0012,1,614.43,0.0,614.43,信用卡,APP
T00001248,2023-10-20,C000485,P0047,3,371.93,0.1,1004.21,支付宝,网页
T00001249,2023-05-22,C000047,P0031,3,791.65,0.0,2374.95,银行卡,小程序
T00001250,2023-02-07,C000960,P0012,1,614.43,0.0,614.43,支付宝,网页
T00001251,2023-05-18,C000080,P0005,5,766.59,0.3,2683.07,银行卡,网页
T00001252,2023-08-08,C000018,P0018,9,63.49,0.0,571.41,信用卡,小程序
T00001253,2023-04-19,C000329,P0038,4,562.9,0.15,1913.86,信用卡,网页
T00001254,2023-04-05,C000489,P0004,1,330.99,0.3,231.69,微信支付,APP
T00001255,2023-05-10,C000446,P0011,2,643.43,0.2,1029.49,支付宝,APP
T00001256,2023-11-15,C000509,P0042,1,193.1,0.2,154.48,支付宝,APP
T00001257,2023-06-07,C000964,P0005,3,766.59,0.3,1609.84,信用卡,小程序
T00001258,2023-07-26,C000545,P0030,8,179.49,0.1,1292.33,支付宝,小程序
T00001259,2023-09-25,C000221,P0031,1,791.65,0.0,791.65,信用卡,网页
T00001260,2023-09-05,C000082,P0015,5,986.74,0.3,3453.59,微信支付,APP
T00001261,2023-08-13,C000399,P0042,1,193.1,0.0,193.1,信用卡,小程序
T00001262,2023-10-06,C000361,P0027,2,145.04,0.3,203.06,微信支付,小程序
T00001263,2023-12-17,C000922,P0037,5,484.48,0.15,2059.04,支付宝,小程序
T00001264,2023-07-15,C000317,P0022,2,596.78,0.15,1014.53,银行卡,APP
T00001265,2023-04-30,C000149,P0008,1,779.89,0.0,779.89,支付宝,小程序
T00001266,2023-02-05,C000863,P0023,1,237.76,0.3,166.43,银行卡,网页
T00001267,2023-07-13,C000290,P0018,8,63.49,0.3,355.54,银行卡,网页
T00001268,2023-01-04,C000052,P0046,1,519.59,0.0,519.59,信用卡,小程序
T00001269,2023-08-26,C000314,P0026,4,224.0,0.3,627.2,信用卡,网页
T00001270,2023-07-25,C000587,P0020,6,925.61,0.0,5553.66,支付宝,网页
T00001271,2023-04-14,C000912,P0025,3,476.28,0.1,1285.96,支付宝,网页
T00001272,2023-06-19,C000024,P0003,5,806.41,0.0,4032.05,微信支付,网页
T00001273,2023-04-12,C000603,P0003,4,806.41,0.0,3225.64,信用卡,小程序
T00001274,2023-04-06,C000452,P0030,1,179.49,0.0,179.49,银行卡,APP
T00001275,2023-10-19,C000390,P0045,2,789.81,0.0,1579.62,微信支付,APP
T00001276,2023-12-22,C000608,P0024,10,740.37,0.0,7403.7,银行卡,网页
T00001277,2023-02-26,C000542,P0011,2,643.43,0.1,1158.17,信用卡,小程序
T00001278,2023-04-16,C000307,P0028,2,210.19,0.0,420.38,银行卡,小程序
T00001279,2023-05-29,C000636,P0034,5,255.35,0.3,893.72,银行卡,小程序
T00001280,2023-07-21,C000945,P0023,4,237.76,0.1,855.94,微信支付,网页
T00001281,2023-06-19,C000269,P0049,5,147.02,0.0,735.1,银行卡,APP
T00001282,2023-06-06,C000125,P0040,6,484.99,0.15,2473.45,微信支付,小程序
T00001283,2023-05-05,C000968,P0046,3,519.59,0.0,1558.77,信用卡,网页
T00001284,2023-04-26,C000903,P0037,3,484.48,0.1,1308.1,银行卡,APP
T00001285,2023-09-27,C000693,P0049,5,147.02,0.0,735.1,微信支付,APP
T00001286,2023-01-25,C000337,P0038,5,562.9,0.1,2533.05,微信支付,小程序
T00001287,2023-09-02,C000958,P0047,2,371.93,0.15,632.28,银行卡,APP
T00001288,2023-05-08,C000107,P0011,1,643.43,0.3,450.4,信用卡,APP
T00001289,2023-02-01,C000178,P0045,1,789.81,0.3,552.87,信用卡,APP
T00001290,2023-09-03,C000309,P0021,5,519.75,0.0,2598.75,微信支付,网页
T00001291,2023-11-19,C000804,P0046,8,519.59,0.1,3741.05,微信支付,APP
T00001292,2023-01-20,C000011,P0016,1,469.57,0.0,469.57,银行卡,小程序
T00001293,2023-08-10,C000391,P0020,1,925.61,0.15,786.77,微信支付,小程序
T00001294,2023-01-28,C000145,P0002,3,123.04,0.0,369.12,微信支付,APP
T00001295,2023-04-15,C000885,P0047,4,371.93,0.0,1487.72,信用卡,网页
T00001296,2023-09-28,C000610,P0046,4,519.59,0.0,2078.36,银行卡,小程序
T00001297,2023-06-22,C000694,P0041,7,976.66,0.15,5811.13,信用卡,APP
T00001298,2023-10-21,C000224,P0040,1,484.99,0.0,484.99,银行卡,小程序
T00001299,2023-06-02,C000266,P0013,4,615.93,0.0,2463.72,支付宝,APP
T00001300,2023-04-25,C000564,P0035,3,914.62,0.0,2743.86,微信支付,网页
T00001301,2023-04-04,C000849,P0013,4,615.93,0.0,2463.72,微信支付,APP
T00001302,2023-05-08,C000318,P0013,4,615.93,0.0,2463.72,微信支付,网页
T00001303,2023-07-28,C000672,P0014,1,354.38,0.0,354.38,信用卡,小程序
T00001304,2023-10-24,C000517,P0027,4,145.04,0.3,406.11,支付宝,APP
T00001305,2023-10-10,C000322,P0042,2,193.1,0.15,328.27,银行卡,网页
T00001306,2023-10-26,C000157,P0004,1,330.99,0.2,264.79,信用卡,网页
T00001307,2023-05-27,C000477,P0005,3,766.59,0.0,2299.77,支付宝,网页
T00001308,2023-04-17,C000060,P0021,2,519.75,0.0,1039.5,银行卡,APP
T00001309,2023-03-25,C000835,P0011,5,643.43,0.15,2734.58,银行卡,网页
T00001310,2023-07-20,C000186,P0022,7,596.78,0.2,3341.97,微信支付,APP
T00001311,2023-04-13,C000533,P0009,2,17.15,0.15,29.15,微信支付,APP
T00001312,2023-03-11,C000138,P0002,3,123.04,0.1,332.21,支付宝,APP
T00001313,2023-04-15,C000236,P0001,1,461.62,0.0,461.62,微信支付,网页
T00001314,2023-07-29,C000452,P0030,1,179.49,0.0,179.49,信用卡,网页
T00001315,2023-07-06,C000449,P0001,5,461.62,0.1,2077.29,银行卡,网页
T00001316,2023-05-08,C000059,P0048,2,651.69,0.0,1303.38,银行卡,APP
T00001317,2023-01-29,C000965,P0006,2,281.15,0.0,562.3,银行卡,网页
T00001318,2023-03-29,C000030,P0016,2,469.57,0.0,939.14,微信支付,APP
T00001319,2023-03-07,C000304,P0035,4,914.62,0.0,3658.48,支付宝,APP
T00001320,2023-08-21,C000167,P0046,3,519.59,0.0,1558.77,银行卡,APP
T00001321,2023-07-11,C000450,P0004,7,330.99,0.0,2316.93,信用卡,小程序
T00001322,2023-02-22,C000658,P0031,4,791.65,0.0,3166.6,银行卡,网页
T00001323,2023-02-24,C000806,P0040,5,484.99,0.3,1697.46,微信支付,网页
T00001324,2023-01-26,C000369,P0025,5,476.28,0.0,2381.4,信用卡,APP
T00001325,2023-12-13,C000645,P0031,4,791.65,0.3,2216.62,支付宝,APP
T00001326,2023-03-21,C000614,P0021,1,519.75,0.3,363.82,银行卡,网页
T00001327,2023-07-21,C000547,P0049,5,147.02,0.15,624.84,微信支付,APP
T00001328,2023-09-06,C000643,P0016,2,469.57,0.1,845.23,支付宝,APP
T00001329,2023-02-21,C000087,P0009,1,17.15,0.0,17.15,支付宝,小程序
T00001330,2023-08-23,C000043,P0033,3,838.62,0.2,2012.69,信用卡,小程序
T00001331,2023-11-11,C000686,P0004,2,330.99,0.0,661.98,信用卡,网页
T00001332,2023-12-22,C000818,P0003,4,806.41,0.0,3225.64,支付宝,小程序
T00001333,2023-11-14,C000258,P0040,5,484.99,0.0,2424.95,支付宝,网页
T00001334,2023-02-22,C000180,P0012,2,614.43,0.1,1105.97,信用卡,小程序
T00001335,2023-05-11,C000226,P0016,5,469.57,0.1,2113.07,微信支付,APP
T00001336,2023-01-11,C000878,P0024,3,740.37,0.0,2221.11,微信支付,APP
T00001337,2023-07-12,C000386,P0012,5,614.43,0.0,3072.15,信用卡,APP
T00001338,2023-04-10,C000754,P0048,1,651.69,0.2,521.35,微信支付,APP
T00001339,2023-05-29,C000310,P0019,4,340.95,0.3,954.66,支付宝,网页
T00001340,2023-09-15,C000512,P0034,5,255.35,0.15,1085.24,银行卡,APP
T00001341,2023-05-19,C000022,P0030,2,179.49,0.0,358.98,银行卡,小程序
T00001342,2023-12-16,C000785,P0025,12,476.28,0.0,5715.36,银行卡,APP
T00001343,2023-12-16,C000509,P0029,7,287.8,0.0,2014.6,信用卡,网页
T00001344,2023-11-21,C000215,P0043,5,861.78,0.15,3662.56,银行卡,网页
T00001345,2023-04-30,C000190,P0018,4,63.49,0.1,228.56,信用卡,网页
T00001346,2023-03-29,C000934,P0011,3,643.43,0.15,1640.75,微信支付,APP
T00001347,2023-08-03,C000908,P0006,5,281.15,0.0,1405.75,微信支付,小程序
T00001348,2023-03-10,C000670,P0002,3,123.04,0.15,313.75,微信支付,APP
T00001349,2023-10-31,C000120,P0019,1,340.95,0.0,340.95,信用卡,APP
T00001350,2023-01-22,C000606,P0010,3,422.06,0.0,1266.18,信用卡,APP
T00001351,2023-08-12,C000475,P0016,3,469.57,0.0,1408.71,银行卡,小程序
T00001352,2023-04-03,C000442,P0003,4,806.41,0.0,3225.64,银行卡,小程序
T00001353,2023-05-13,C000527,P0040,1,484.99,0.2,387.99,银行卡,APP
T00001354,2023-04-10,C000742,P0014,1,354.38,0.0,354.38,支付宝,APP
T00001355,2023-05-20,C000548,P0037,2,484.48,0.2,775.17,微信支付,APP
T00001356,2023-11-25,C000182,P0006,3,281.15,0.3,590.41,微信支付,APP
T00001357,2023-07-10,C000304,P0048,8,651.69,0.0,5213.52,银行卡,小程序
T00001358,2023-03-20,C000557,P0028,4,210.19,0.15,714.65,信用卡,网页
T00001359,2023-06-02,C000107,P0001,6,461.62,0.0,2769.72,银行卡,小程序
T00001360,2023-10-03,C000399,P0004,3,330.99,0.0,992.97,微信支付,小程序
T00001361,2023-01-01,C000814,P0003,4,806.41,0.0,3225.64,信用卡,网页
T00001362,2023-11-23,C000492,P0034,5,255.35,0.15,1085.24,银行卡,小程序
T00001363,2023-07-18,C000412,P0041,5,976.66,0.1,4394.97,银行卡,小程序
T00001364,2023-03-02,C000446,P0039,2,141.38,0.0,282.76,银行卡,小程序
T00001365,2023-04-03,C000626,P0008,2,779.89,0.2,1247.82,信用卡,APP
T00001366,2023-04-02,C000198,P0005,2,766.59,0.0,1533.18,银行卡,小程序
T00001367,2023-02-02,C000292,P0003,2,806.41,0.15,1370.9,银行卡,小程序
T00001368,2023-04-22,C000289,P0008,4,779.89,0.15,2651.63,支付宝,APP
T00001369,2023-08-30,C000458,P0040,3,484.99,0.1,1309.47,银行卡,小程序
T00001370,2023-12-20,C000099,P0034,4,255.35,0.0,1021.4,支付宝,小程序
T00001371,2023-10-09,C000059,P0002,2,123.04,0.1,221.47,信用卡,网页
T00001372,2023-01-11,C000705,P0048,2,651.69,0.2,1042.7,支付宝,APP
T00001373,2023-01-03,C000959,P0023,2,237.76,0.2,380.42,微信支付,小程序
T00001374,2023-06-22,C000558,P0013,5,615.93,0.0,3079.65,支付宝,网页
T00001375,2023-11-20,C000335,P0003,3,806.41,0.15,2056.35,微信支付,小程序
T00001376,2023-12-30,C000958,P0001,6,461.62,0.0,2769.72,信用卡,小程序
T00001377,2023-03-29,C000798,P0043,5,861.78,0.3,3016.23,支付宝,APP
T00001378,2023-08-19,C000547,P0026,5,224.0,0.1,1008.0,信用卡,APP
T00001379,2023-04-27,C000865,P0012,5,614.43,0.0,3072.15,信用卡,小程序
T00001380,2023-04-15,C000835,P0014,4,354.38,0.1,1275.77,支付宝,小程序
T00001381,2023-06-22,C000117,P0041,9,976.66,0.3,6152.96,信用卡,APP
T00001382,2023-07-23,C000108,P0030,3,179.49,0.0,538.47,支付宝,APP
T00001383,2023-02-08,C000159,P0013,5,615.93,0.3,2155.75,微信支付,APP
T00001384,2023-04-26,C000624,P0046,2,519.59,0.0,1039.18,微信支付,网页
T00001385,2023-04-06,C000755,P0030,5,179.49,0.2,717.96,支付宝,小程序
T00001386,2023-09-02,C000726,P0021,1,519.75,0.1,467.78,信用卡,网页
T00001387,2023-07-17,C000667,P0007,1,444.27,0.2,355.42,银行卡,小程序
T00001388,2023-03-27,C000651,P0001,5,461.62,0.15,1961.88,支付宝,小程序
T00001389,2023-05-17,C000789,P0016,1,469.57,0.15,399.13,微信支付,网页
T00001390,2023-11-07,C000980,P0029,6,287.8,0.15,1467.78,支付宝,网页
T00001391,2023-10-31,C000594,P0027,5,145.04,0.2,580.16,微信支付,小程序
T00001392,2023-12-21,C000359,P0020,7,925.61,0.2,5183.42,支付宝,小程序
T00001393,2023-03-19,C000401,P0045,4,789.81,0.0,3159.24,信用卡,小程序
T00001394,2023-07-16,C000175,P0049,9,147.02,0.15,1124.7,支付宝,APP
T00001395,2023-06-15,C000210,P0029,5,287.8,0.15,1223.15,微信支付,网页
T00001396,2023-06-16,C000617,P0015,5,986.74,0.2,3946.96,支付宝,网页
T00001397,2023-06-02,C000594,P0009,6,17.15,0.0,102.9,信用卡,APP
T00001398,2023-11-13,C000434,P0027,14,145.04,0.0,2030.56,支付宝,网页
T00001399,2023-10-21,C000406,P0040,4,484.99,0.0,1939.96,支付宝,小程序
T00001400,2023-11-01,C000315,P0030,7,179.49,0.0,1256.43,银行卡,网页
T00001401,2023-05-22,C000977,P0005,5,766.59,0.0,3832.95,银行卡,APP
T00001402,2023-07-30,C000249,P0030,5,179.49,0.15,762.83,银行卡,APP
T00001403,2023-07-24,C000596,P0047,9,371.93,0.0,3347.37,信用卡,网页
T00001404,2023-10-27,C000029,P0035,3,914.62,0.0,2743.86,银行卡,APP
T00001405,2023-11-06,C000679,P0011,13,643.43,0.0,8364.59,银行卡,APP
T00001406,2023-03-02,C000168,P0003,4,806.41,0.0,3225.64,信用卡,APP
T00001407,2023-07-23,C000297,P0026,8,224.0,0.0,1792.0,支付宝,小程序
T00001408,2023-04-02,C000548,P0018,3,63.49,0.0,190.47,支付宝,APP
T00001409,2023-01-01,C000899,P0036,5,991.36,0.15,4213.28,微信支付,小程序
T00001410,2023-01-22,C000495,P0022,3,596.78,0.2,1432.27,微信支付,小程序
T00001411,2023-11-01,C000486,P0048,8,651.69,0.2,4170.82,支付宝,小程序
T00001412,2023-06-27,C000887,P0027,2,145.04,0.1,261.07,银行卡,APP
T00001413,2023-01-25,C000218,P0001,1,461.62,0.2,369.3,银行卡,小程序
T00001414,2023-07-19,C000696,P0049,5,147.02,0.3,514.57,银行卡,小程序
T00001415,2023-04-15,C000934,P0002,3,123.04,0.1,332.21,银行卡,APP
T00001416,2023-10-13,C000786,P0017,5,798.65,0.0,3993.25,信用卡,小程序
T00001417,2023-12-07,C000443,P0019,9,340.95,0.15,2608.27,信用卡,小程序
T00001418,2023-01-10,C000122,P0042,5,193.1,0.1,868.95,微信支付,网页
T00001419,2023-11-26,C000032,P0003,2,806.41,0.0,1612.82,信用卡,网页
T00001420,2023-12-19,C000049,P0008,3,779.89,0.0,2339.67,银行卡,网页
T00001421,2023-03-09,C000610,P0039,1,141.38,0.1,127.24,信用卡,网页
T00001422,2023-12-07,C000978,P0022,9,596.78,0.1,4833.92,银行卡,APP
T00001423,2023-06-04,C000387,P0003,3,806.41,0.0,2419.23,支付宝,网页
T00001424,2023-06-26,C000612,P0040,7,484.99,0.0,3394.93,银行卡,网页
T00001425,2023-04-02,C000962,P0012,2,614.43,0.0,1228.86,支付宝,网页
T00001426,2023-05-01,C000955,P0014,3,354.38,0.1,956.83,支付宝,网页
T00001427,2023-09-13,C000492,P0020,4,925.61,0.0,3702.44,银行卡,小程序
T00001428,2023-06-16,C000612,P0024,3,740.37,0.0,2221.11,微信支付,APP
T00001429,2023-04-29,C000231,P0035,3,914.62,0.0,2743.86,信用卡,APP
T00001430,2023-03-12,C000342,P0019,3,340.95,0.0,1022.85,支付宝,APP
T00001431,2023-12-26,C000058,P0039,2,141.38,0.1,254.48,微信支付,小程序
T00001432,2023-04-05,C000953,P0006,1,281.15,0.2,224.92,信用卡,APP
T00001433,2023-11-24,C000649,P0010,8,422.06,0.1,3038.83,银行卡,小程序
T00001434,2023-11-25,C000750,P0035,4,914.62,0.15,3109.71,银行卡,小程序
T00001435,2023-12-12,C000568,P0021,5,519.75,0.15,2208.94,银行卡,APP
T00001436,2023-12-15,C000144,P0023,4,237.76,0.0,951.04,银行卡,网页
T00001437,2023-07-08,C000087,P0040,5,484.99,0.0,2424.95,支付宝,小程序
T00001438,2023-11-23,C000372,P0004,7,330.99,0.0,2316.93,信用卡,网页
T00001439,2023-06-07,C000483,P0018,3,63.49,0.2,152.38,微信支付,网页
T00001440,2023-03-14,C000449,P0020,5,925.61,0.2,3702.44,银行卡,APP
T00001441,2023-08-25,C000365,P0008,7,779.89,0.3,3821.46,信用卡,APP
T00001442,2023-05-14,C000868,P0019,5,340.95,0.0,1704.75,支付宝,网页
T00001443,2023-04-29,C000523,P0032,5,95.61,0.0,478.05,微信支付,APP
T00001444,2023-03-05,C000223,P0034,4,255.35,0.0,1021.4,支付宝,小程序
T00001445,2023-04-13,C000846,P0016,5,469.57,0.15,1995.67,微信支付,网页
T00001446,2023-01-20,C000486,P0033,5,838.62,0.15,3564.14,微信支付,小程序
T00001447,2023-02-04,C000814,P0023,2,237.76,0.1,427.97,信用卡,APP
T00001448,2023-01-05,C000848,P0019,5,340.95,0.1,1534.28,微信支付,网页
T00001449,2023-12-17,C000321,P0005,3,766.59,0.2,1839.82,银行卡,网页
T00001450,2023-06-17,C000218,P0043,5,861.78,0.1,3878.01,支付宝,APP
T00001451,2023-09-20,C000885,P0037,1,484.48,0.0,484.48,信用卡,小程序
T00001452,2023-09-02,C000300,P0013,3,615.93,0.3,1293.45,信用卡,网页
T00001453,2023-02-14,C000491,P0048,4,651.69,0.2,2085.41,信用卡,APP
T00001454,2023-10-31,C000603,P0026,1,224.0,0.0,224.0,微信支付,APP
T00001455,2023-07-22,C000602,P0009,8,17.15,0.1,123.48,信用卡,网页
T00001456,2023-06-24,C000625,P0004,8,330.99,0.3,1853.54,支付宝,小程序
T00001457,2023-01-19,C000050,P0008,5,779.89,0.15,3314.53,银行卡,网页
T00001458,2023-04-27,C000018,P0037,5,484.48,0.0,2422.4,银行卡,APP
T00001459,2023-02-18,C000088,P0046,5,519.59,0.15,2208.26,信用卡,小程序
T00001460,2023-09-25,C000927,P0019,3,340.95,0.0,1022.85,银行卡,网页
T00001461,2023-05-22,C000961,P0048,5,651.69,0.3,2280.91,银行卡,小程序
T00001462,2023-12-10,C000742,P0040,9,484.99,0.1,3928.42,微信支付,小程序
T00001463,2023-07-09,C000912,P0050,5,740.01,0.2,2960.04,银行卡,小程序
T00001464,2023-03-06,C000760,P0034,1,255.35,0.3,178.74,支付宝,APP
T00001465,2023-03-15,C000452,P0005,5,766.59,0.1,3449.66,支付宝,APP
T00001466,2023-06-03,C000554,P0034,3,255.35,0.3,536.23,信用卡,APP
T00001467,2023-08-25,C000949,P0001,5,461.62,0.15,1961.88,银行卡,网页
T00001468,2023-06-18,C000809,P0007,5,444.27,0.0,2221.35,信用卡,网页
T00001469,2023-03-23,C000401,P0034,5,255.35,0.0,1276.75,支付宝,APP
T00001470,2023-04-22,C000031,P0041,2,976.66,0.15,1660.32,银行卡,网页
T00001471,2023-10-02,C000794,P0008,1,779.89,0.15,662.91,微信支付,小程序
T00001472,2023-09-09,C000082,P0035,3,914.62,0.0,2743.86,支付宝,APP
T00001473,2023-11-13,C000939,P0043,12,861.78,0.0,10341.36,支付宝,网页
T00001474,2023-08-28,C000049,P0037,4,484.48,0.15,1647.23,信用卡,网页
T00001475,2023-10-27,C000227,P0014,3,354.38,0.0,1063.14,银行卡,小程序
T00001476,2023-09-16,C000769,P0035,1,914.62,0.3,640.23,信用卡,小程序
T00001477,2023-01-07,C000857,P0050,3,740.01,0.0,2220.03,微信支付,小程序
T00001478,2023-07-22,C000765,P0002,1,123.04,0.0,123.04,支付宝,APP
T00001479,2023-05-08,C000129,P0035,5,914.62,0.1,4115.79,银行卡,APP
T00001480,2023-11-27,C000358,P0021,1,519.75,0.1,467.78,支付宝,小程序
T00001481,2023-01-31,C000544,P0045,3,789.81,0.3,1658.6,支付宝,小程序
T00001482,2023-03-04,C000291,P0003,3,806.41,0.0,2419.23,微信支付,网页
T00001483,2023-04-19,C000473,P0046,2,519.59,0.1,935.26,支付宝,网页
T00001484,2023-12-23,C000509,P0034,4,255.35,0.1,919.26,微信支付,网页
T00001485,2023-02-10,C000707,P0014,3,354.38,0.15,903.67,信用卡,小程序
T00001486,2023-05-06,C000362,P0014,2,354.38,0.3,496.13,支付宝,小程序
T00001487,2023-01-04,C000342,P0041,5,976.66,0.0,4883.3,信用卡,APP
T00001488,2023-07-07,C000979,P0041,4,976.66,0.0,3906.64,支付宝,小程序
T00001489,2023-06-21,C000841,P0025,5,476.28,0.1,2143.26,微信支付,网页
T00001490,2023-06-27,C000104,P0008,5,779.89,0.1,3509.51,支付宝,小程序
T00001491,2023-03-10,C000933,P0033,2,838.62,0.1,1509.52,信用卡,APP
T00001492,2023-08-22,C000876,P0002,3,123.04,0.1,332.21,信用卡,网页
T00001493,2023-01-03,C000937,P0022,2,596.78,0.0,1193.56,微信支付,小程序
T00001494,2023-02-12,C000827,P0025,3,476.28,0.0,1428.84,支付宝,小程序
T00001495,2023-12-16,C000079,P0027,2,145.04,0.15,246.57,信用卡,网页
T00001496,2023-11-21,C000343,P0014,14,354.38,0.2,3969.06,银行卡,网页
T00001497,2023-05-16,C000999,P0003,3,806.41,0.0,2419.23,支付宝,APP
T00001498,2023-12-09,C000560,P0036,1,991.36,0.0,991.36,支付宝,网页
T00001499,2023-03-15,C000430,P0032,2,95.61,0.1,172.1,微信支付,小程序
T00001500,2023-02-22,C000649,P0017,3,798.65,0.2,1916.76,银行卡,网页
T00001501,2023-03-01,C000774,P0034,5,255.35,0.0,1276.75,银行卡,APP
T00001502,2023-01-12,C000422,P0037,5,484.48,0.3,1695.68,支付宝,网页
T00001503,2023-09-11,C000267,P0026,5,224.0,0.2,896.0,支付宝,小程序
T00001504,2023-03-30,C000518,P0012,5,614.43,0.3,2150.5,银行卡,小程序
T00001505,2023-09-18,C000784,P0030,3,179.49,0.3,376.93,银行卡,网页
T00001506,2023-02-27,C000243,P0046,3,519.59,0.15,1324.95,信用卡,APP
T00001507,2023-09-09,C000465,P0008,3,779.89,0.0,2339.67,支付宝,小程序
T00001508,2023-08-06,C000983,P0036,9,991.36,0.3,6245.57,支付宝,网页
T00001509,2023-05-19,C000739,P0050,1,740.01,0.0,740.01,银行卡,APP
T00001510,2023-10-30,C000779,P0033,5,838.62,0.0,4193.1,信用卡,APP
T00001511,2023-10-08,C000454,P0031,3,791.65,0.15,2018.71,微信支付,小程序
T00001512,2023-04-30,C000415,P0014,3,354.38,0.3,744.2,信用卡,网页
T00001513,2023-01-08,C000097,P0017,2,798.65,0.2,1277.84,支付宝,小程序
T00001514,2023-01-07,C000936,P0040,1,484.99,0.0,484.99,微信支付,小程序
T00001515,2023-11-23,C000993,P0027,1,145.04,0.0,145.04,信用卡,APP
T00001516,2023-06-28,C000807,P0017,3,798.65,0.0,2395.95,支付宝,小程序
T00001517,2023-03-29,C000916,P0015,1,986.74,0.15,838.73,支付宝,小程序
T00001518,2023-12-01,C000462,P0023,6,237.76,0.0,1426.56,银行卡,APP
T00001519,2023-01-11,C000725,P0004,4,330.99,0.2,1059.17,银行卡,APP
T00001520,2023-10-17,C000164,P0014,3,354.38,0.0,1063.14,微信支付,小程序
T00001521,2023-11-26,C000061,P0005,11,766.59,0.15,7167.62,银行卡,APP
T00001522,2023-11-21,C000148,P0010,6,422.06,0.1,2279.12,支付宝,小程序
T00001523,2023-10-13,C000155,P0031,4,791.65,0.0,3166.6,信用卡,APP
T00001524,2023-04-04,C000383,P0012,1,614.43,0.1,552.99,银行卡,APP
T00001525,2023-04-05,C000015,P0019,3,340.95,0.3,715.99,微信支付,APP
T00001526,2023-08-03,C000111,P0007,9,444.27,0.0,3998.43,支付宝,APP
T00001527,2023-06-06,C000539,P0025,5,476.28,0.1,2143.26,微信支付,APP
T00001528,2023-09-01,C000153,P0001,5,461.62,0.1,2077.29,信用卡,小程序
T00001529,2023-12-01,C000058,P0011,5,643.43,0.0,3217.15,银行卡,APP
T00001530,2023-07-20,C000739,P0027,2,145.04,0.0,290.08,微信支付,网页
T00001531,2023-10-06,C000032,P0038,1,562.9,0.0,562.9,信用卡,网页
T00001532,2023-11-06,C000031,P0021,1,519.75,0.0,519.75,微信支付,网页
T00001533,2023-10-16,C000027,P0001,4,461.62,0.0,1846.48,信用卡,APP
T00001534,2023-04-08,C000798,P0049,1,147.02,0.2,117.62,信用卡,APP
T00001535,2023-03-24,C000112,P0006,2,281.15,0.15,477.95,信用卡,小程序
T00001536,2023-01-22,C000522,P0048,4,651.69,0.0,2606.76,信用卡,网页
T00001537,2023-03-14,C000123,P0012,1,614.43,0.3,430.1,银行卡,网页
T00001538,2023-12-30,C000287,P0050,10,740.01,0.1,6660.09,支付宝,小程序
T00001539,2023-03-27,C000828,P0036,1,991.36,0.1,892.22,支付宝,网页
T00001540,2023-05-12,C000251,P0020,4,925.61,0.0,3702.44,微信支付,APP
T00001541,2023-06-04,C000878,P0019,2,340.95,0.0,681.9,支付宝,小程序
T00001542,2023-07-23,C000148,P0001,4,461.62,0.15,1569.51,银行卡,APP
T00001543,2023-03-14,C000936,P0047,1,371.93,0.15,316.14,银行卡,网页
T00001544,2023-08-17,C000905,P0031,3,791.65,0.0,2374.95,微信支付,小程序
T00001545,2023-04-04,C000657,P0027,3,145.04,0.0,435.12,支付宝,APP
T00001546,2023-03-08,C000419,P0031,1,791.65,0.2,633.32,信用卡,小程序
T00001547,2023-06-03,C000571,P0047,1,371.93,0.2,297.54,微信支付,网页
T00001548,2023-06-26,C000368,P0045,8,789.81,0.0,6318.48,信用卡,APP
T00001549,2023-03-09,C000109,P0007,5,444.27,0.2,1777.08,支付宝,网页
T00001550,2023-10-02,C000945,P0038,1,562.9,0.0,562.9,信用卡,小程序
T00001551,2023-07-27,C000720,P0049,5,147.02,0.3,514.57,信用卡,网页
T00001552,2023-09-03,C000439,P0036,5,991.36,0.2,3965.44,信用卡,APP
T00001553,2023-04-20,C000389,P0030,1,179.49,0.0,179.49,银行卡,网页
T00001554,2023-08-22,C000025,P0017,8,798.65,0.1,5750.28,支付宝,小程序
T00001555,2023-02-26,C000034,P0037,4,484.48,0.0,1937.92,微信支付,APP
T00001556,2023-08-12,C000045,P0020,1,925.61,0.2,740.49,微信支付,网页
T00001557,2023-11-08,C000641,P0047,5,371.93,0.3,1301.75,银行卡,APP
T00001558,2023-05-23,C000276,P0035,5,914.62,0.1,4115.79,银行卡,网页
T00001559,2023-01-21,C000162,P0033,1,838.62,0.0,838.62,信用卡,网页
T00001560,2023-05-21,C000192,P0028,2,210.19,0.2,336.3,支付宝,APP
T00001561,2023-02-03,C000205,P0011,4,643.43,0.2,2058.98,微信支付,APP
T00001562,2023-07-03,C000002,P0022,3,596.78,0.0,1790.34,支付宝,APP
T00001563,2023-01-10,C000532,P0036,4,991.36,0.0,3965.44,银行卡,小程序
T00001564,2023-07-26,C000246,P0030,6,179.49,0.0,1076.94,支付宝,小程序
T00001565,2023-09-24,C000787,P0037,5,484.48,0.0,2422.4,支付宝,网页
T00001566,2023-03-02,C000818,P0026,1,224.0,0.0,224.0,支付宝,网页
T00001567,2023-10-18,C000760,P0049,2,147.02,0.3,205.83,微信支付,APP
T00001568,2023-12-17,C000207,P0032,10,95.61,0.15,812.68,信用卡,小程序
T00001569,2023-11-13,C000398,P0003,2,806.41,0.2,1290.26,银行卡,网页
T00001570,2023-10-06,C000966,P0006,5,281.15,0.1,1265.17,信用卡,网页
T00001571,2023-07-18,C000042,P0016,1,469.57,0.15,399.13,银行卡,小程序
T00001572,2023-04-23,C000445,P0016,1,469.57,0.0,469.57,微信支付,网页
T00001573,2023-02-12,C000536,P0007,1,444.27,0.0,444.27,支付宝,小程序
T00001574,2023-11-06,C000662,P0036,7,991.36,0.0,6939.52,微信支付,小程序
T00001575,2023-06-08,C000997,P0010,1,422.06,0.0,422.06,支付宝,APP
T00001576,2023-07-05,C000332,P0014,2,354.38,0.1,637.88,支付宝,网页
T00001577,2023-06-14,C000967,P0025,8,476.28,0.0,3810.24,银行卡,小程序
T00001578,2023-12-27,C000884,P0018,8,63.49,0.0,507.92,支付宝,APP
T00001579,2023-01-30,C000142,P0036,3,991.36,0.2,2379.26,支付宝,APP
T00001580,2023-12-28,C000553,P0050,2,740.01,0.0,1480.02,微信支付,小程序
T00001581,2023-04-24,C000458,P0033,5,838.62,0.3,2935.17,银行卡,APP
T00001582,2023-03-18,C000145,P0026,1,224.0,0.15,190.4,银行卡,小程序
T00001583,2023-02-05,C000269,P0032,3,95.61,0.0,286.83,信用卡,APP
T00001584,2023-07-03,C000995,P0041,3,976.66,0.0,2929.98,微信支付,网页
T00001585,2023-08-21,C000009,P0002,3,123.04,0.15,313.75,支付宝,小程序
T00001586,2023-03-13,C000719,P0036,3,991.36,0.0,2974.08,支付宝,小程序
T00001587,2023-08-03,C000644,P0005,3,766.59,0.0,2299.77,银行卡,小程序
T00001588,2023-01-10,C000682,P0019,4,340.95,0.0,1363.8,支付宝,APP
T00001589,2023-08-26,C000178,P0039,2,141.38,0.1,254.48,信用卡,APP
T00001590,2023-01-28,C000131,P0006,5,281.15,0.0,1405.75,微信支付,网页
T00001591,2023-02-14,C000092,P0002,2,123.04,0.0,246.08,微信支付,小程序
T00001592,2023-11-18,C000071,P0028,4,210.19,0.0,840.76,银行卡,小程序
T00001593,2023-07-11,C000510,P0001,6,461.62,0.0,2769.72,微信支付,小程序
T00001594,2023-05-13,C000391,P0020,1,925.61,0.0,925.61,微信支付,APP
T00001595,2023-08-14,C000225,P0027,4,145.04,0.0,580.16,支付宝,小程序
T00001596,2023-02-15,C000243,P0022,1,596.78,0.0,596.78,信用卡,小程序
T00001597,2023-11-17,C000988,P0014,6,354.38,0.0,2126.28,银行卡,APP
T00001598,2023-06-29,C000985,P0036,5,991.36,0.1,4461.12,微信支付,APP
T00001599,2023-06-12,C000104,P0049,3,147.02,0.2,352.85,微信支付,网页
T00001600,2023-08-20,C000522,P0001,7,461.62,0.2,2585.07,信用卡,网页
T00001601,2023-12-24,C000976,P0026,5,224.0,0.0,1120.0,支付宝,小程序
T00001602,2023-08-15,C000873,P0027,7,145.04,0.3,710.7,银行卡,小程序
T00001603,2023-05-31,C000479,P0031,1,791.65,0.2,633.32,微信支付,小程序
T00001604,2023-01-31,C000213,P0041,3,976.66,0.0,2929.98,支付宝,网页
T00001605,2023-02-25,C000311,P0033,5,838.62,0.15,3564.14,信用卡,网页
T00001606,2023-03-16,C000241,P0009,3,17.15,0.3,36.01,银行卡,APP
T00001607,2023-06-07,C000315,P0004,7,330.99,0.3,1621.85,信用卡,小程序
T00001608,2023-03-20,C000155,P0008,1,779.89,0.0,779.89,信用卡,网页
T00001609,2023-11-06,C000770,P0048,5,651.69,0.0,3258.45,微信支付,APP
T00001610,2023-07-24,C000708,P0043,5,861.78,0.2,3447.12,支付宝,APP
T00001611,2023-02-21,C000728,P0043,5,861.78,0.1,3878.01,微信支付,小程序
T00001612,2023-10-09,C000544,P0006,2,281.15,0.1,506.07,微信支付,APP
T00001613,2023-12-09,C000240,P0028,5,210.19,0.2,840.76,银行卡,小程序
T00001614,2023-09-15,C000742,P0012,1,614.43,0.15,522.27,银行卡,小程序
T00001615,2023-08-03,C000024,P0035,6,914.62,0.3,3841.4,支付宝,网页
T00001616,2023-02-20,C000045,P0007,2,444.27,0.0,888.54,微信支付,网页
T00001617,2023-06-09,C000673,P0013,3,615.93,0.2,1478.23,微信支付,APP
T00001618,2023-01-16,C000726,P0008,4,779.89,0.0,3119.56,银行卡,小程序
T00001619,2023-09-28,C000005,P0028,2,210.19,0.1,378.34,微信支付,APP
T00001620,2023-11-25,C000395,P0033,2,838.62,0.0,1677.24,微信支付,APP
T00001621,2023-12-24,C000108,P0013,10,615.93,0.3,4311.51,支付宝,APP
T00001622,2023-02-15,C000034,P0018,1,63.49,0.0,63.49,银行卡,网页
T00001623,2023-03-01,C000110,P0016,4,469.57,0.2,1502.62,支付宝,小程序
T00001624,2023-08-27,C000668,P0049,7,147.02,0.3,720.4,支付宝,小程序
T00001625,2023-07-18,C000779,P0010,5,422.06,0.15,1793.76,支付宝,小程序
T00001626,2023-09-17,C000101,P0017,5,798.65,0.2,3194.6,银行卡,小程序
T00001627,2023-08-27,C000337,P0034,5,255.35,0.2,1021.4,支付宝,APP
T00001628,2023-04-16,C000349,P0029,2,287.8,0.0,575.6,微信支付,小程序
T00001629,2023-03-03,C000484,P0002,2,123.04,0.15,209.17,信用卡,小程序
T00001630,2023-01-02,C000141,P0031,4,791.65,0.15,2691.61,支付宝,小程序
T00001631,2023-04-27,C000115,P0030,4,179.49,0.0,717.96,信用卡,APP
T00001632,2023-10-10,C000525,P0045,1,789.81,0.3,552.87,信用卡,APP
T00001633,2023-03-08,C000694,P0013,5,615.93,0.3,2155.75,信用卡,网页
T00001634,2023-09-04,C000794,P0032,1,95.61,0.15,81.27,微信支付,网页
T00001635,2023-06-23,C000042,P0015,7,986.74,0.15,5871.1,支付宝,APP
T00001636,2023-04-04,C000561,P0019,1,340.95,0.2,272.76,银行卡,网页
T00001637,2023-08-27,C000033,P0033,1,838.62,0.0,838.62,银行卡,APP
T00001638,2023-03-11,C000898,P0014,4,354.38,0.0,1417.52,微信支付,APP
T00001639,2023-07-20,C000039,P0038,6,562.9,0.3,2364.18,信用卡,小程序
T00001640,2023-06-30,C000266,P0030,6,179.49,0.0,1076.94,信用卡,网页
T00001641,2023-12-16,C000366,P0044,2,535.61,0.2,856.98,支付宝,APP
T00001642,2023-10-23,C000714,P0024,2,740.37,0.0,1480.74,银行卡,APP
T00001643,2023-03-01,C000917,P0027,3,145.04,0.3,304.58,微信支付,网页
T00001644,2023-02-07,C000492,P0001,1,461.62,0.0,461.62,微信支付,网页
T00001645,2023-01-24,C000536,P0042,3,193.1,0.3,405.51,微信支付,网页
T00001646,2023-04-19,C000767,P0045,1,789.81,0.15,671.34,微信支付,小程序
T00001647,2023-03-12,C000555,P0019,3,340.95,0.15,869.42,支付宝,APP
T00001648,2023-01-13,C000309,P0001,1,461.62,0.2,369.3,信用卡,小程序
T00001649,2023-02-08,C000324,P0001,2,461.62,0.0,923.24,微信支付,APP
T00001650,2023-07-08,C000387,P0005,7,766.59,0.3,3756.29,信用卡,小程序
T00001651,2023-05-29,C000731,P0026,2,224.0,0.0,448.0,银行卡,APP
T00001652,2023-06-08,C000093,P0036,1,991.36,0.0,991.36,支付宝,网页
T00001653,2023-09-13,C000266,P0027,2,145.04,0.1,261.07,信用卡,APP
T00001654,2023-06-13,C000253,P0031,7,791.65,0.2,4433.24,支付宝,APP
T00001655,2023-10-07,C000079,P0050,4,740.01,0.1,2664.04,银行卡,APP
T00001656,2023-03-10,C000607,P0015,3,986.74,0.3,2072.15,信用卡,小程序
T00001657,2023-02-20,C000371,P0022,3,596.78,0.0,1790.34,信用卡,小程序
T00001658,2023-01-24,C000688,P0049,5,147.02,0.1,661.59,微信支付,APP
T00001659,2023-07-16,C000158,P0002,5,123.04,0.1,553.68,银行卡,网页
T00001660,2023-08-05,C000474,P0050,5,740.01,0.0,3700.05,支付宝,网页
T00001661,2023-02-22,C000472,P0002,2,123.04,0.0,246.08,信用卡,APP
T00001662,2023-07-05,C000825,P0025,5,476.28,0.1,2143.26,微信支付,网页
T00001663,2023-12-07,C000063,P0047,3,371.93,0.0,1115.79,银行卡,APP
T00001664,2023-09-29,C000795,P0002,2,123.04,0.1,221.47,银行卡,APP
T00001665,2023-06-04,C000867,P0033,5,838.62,0.2,3354.48,微信支付,网页
T00001666,2023-01-26,C000577,P0011,2,643.43,0.0,1286.86,银行卡,网页
T00001667,2023-12-17,C000413,P0034,5,255.35,0.0,1276.75,银行卡,APP
T00001668,2023-08-18,C000439,P0027,3,145.04,0.1,391.61,信用卡,小程序
T00001669,2023-04-16,C000490,P0010,1,422.06,0.3,295.44,微信支付,网页
T00001670,2023-04-17,C000562,P0047,4,371.93,0.1,1338.95,信用卡,小程序
T00001671,2023-03-12,C000619,P0023,2,237.76,0.0,475.52,信用卡,小程序
T00001672,2023-09-16,C000622,P0031,1,791.65,0.1,712.49,支付宝,网页
T00001673,2023-09-22,C000403,P0034,5,255.35,0.2,1021.4,微信支付,APP
T00001674,2023-01-30,C000343,P0045,3,789.81,0.3,1658.6,微信支付,网页
T00001675,2023-01-04,C000808,P0023,1,237.76,0.2,190.21,微信支付,网页
T00001676,2023-04-13,C000429,P0037,1,484.48,0.0,484.48,信用卡,网页
T00001677,2023-05-12,C000010,P0050,3,740.01,0.0,2220.03,银行卡,网页
T00001678,2023-08-19,C000755,P0004,6,330.99,0.1,1787.35,信用卡,小程序
T00001679,2023-06-23,C000261,P0023,3,237.76,0.0,713.28,支付宝,APP
T00001680,2023-09-27,C000151,P0017,2,798.65,0.1,1437.57,微信支付,网页
T00001681,2023-03-08,C000747,P0030,2,179.49,0.0,358.98,支付宝,小程序
T00001682,2023-04-01,C000967,P0012,2,614.43,0.1,1105.97,支付宝,APP
T00001683,2023-02-08,C000851,P0030,3,179.49,0.2,430.78,信用卡,网页
T00001684,2023-11-07,C000992,P0008,6,779.89,0.0,4679.34,支付宝,网页
T00001685,2023-03-22,C000905,P0040,5,484.99,0.0,2424.95,支付宝,网页
T00001686,2023-05-18,C000414,P0036,5,991.36,0.15,4213.28,微信支付,APP
T00001687,2023-07-11,C000963,P0012,1,614.43,0.15,522.27,支付宝,APP
T00001688,2023-10-27,C000192,P0012,1,614.43,0.0,614.43,信用卡,小程序
T00001689,2023-10-09,C000098,P0001,3,461.62,0.0,1384.86,信用卡,网页
T00001690,2023-09-11,C000063,P0005,4,766.59,0.15,2606.41,支付宝,APP
T00001691,2023-08-19,C000905,P0030,1,179.49,0.3,125.64,支付宝,网页
T00001692,2023-04-10,C000909,P0029,1,287.8,0.0,287.8,支付宝,APP
T00001693,2023-05-30,C000204,P0038,2,562.9,0.0,1125.8,信用卡,网页
T00001694,2023-04-04,C000939,P0017,3,798.65,0.1,2156.36,微信支付,APP
T00001695,2023-08-14,C000577,P0011,5,643.43,0.1,2895.43,微信支付,小程序
T00001696,2023-01-03,C000228,P0035,5,914.62,0.0,4573.1,信用卡,网页
T00001697,2023-05-14,C000161,P0004,3,330.99,0.15,844.02,银行卡,APP
T00001698,2023-12-24,C000225,P0039,9,141.38,0.1,1145.18,微信支付,网页
T00001699,2023-04-03,C000882,P0035,1,914.62,0.0,914.62,支付宝,网页
T00001700,2023-04-24,C000668,P0023,1,237.76,0.0,237.76,信用卡,APP
T00001701,2023-03-06,C000736,P0028,4,210.19,0.1,756.68,信用卡,小程序
T00001702,2023-06-19,C000465,P0011,3,643.43,0.0,1930.29,银行卡,APP
T00001703,2023-10-29,C000272,P0032,5,95.61,0.2,382.44,银行卡,APP
T00001704,2023-08-20,C000001,P0047,9,371.93,0.1,3012.63,银行卡,APP
T00001705,2023-08-03,C000508,P0048,5,651.69,0.3,2280.91,支付宝,APP
T00001706,2023-01-23,C000011,P0035,1,914.62,0.15,777.43,微信支付,小程序
T00001707,2023-01-24,C000191,P0011,1,643.43,0.0,643.43,银行卡,APP
T00001708,2023-11-14,C000287,P0003,6,806.41,0.0,4838.46,微信支付,APP
T00001709,2023-03-22,C000981,P0023,2,237.76,0.0,475.52,微信支付,APP
T00001710,2023-01-04,C000251,P0011,3,643.43,0.0,1930.29,支付宝,APP
T00001711,2023-07-11,C000825,P0042,4,193.1,0.0,772.4,支付宝,小程序
T00001712,2023-04-26,C000291,P0022,3,596.78,0.3,1253.24,支付宝,APP
T00001713,2023-07-27,C000517,P0038,9,562.9,0.0,5066.1,微信支付,小程序
T00001714,2023-04-10,C000795,P0049,2,147.02,0.0,294.04,微信支付,网页
T00001715,2023-05-07,C000942,P0026,2,224.0,0.15,380.8,信用卡,APP
T00001716,2023-01-04,C000028,P0035,3,914.62,0.15,2332.28,微信支付,APP
T00001717,2023-03-06,C000771,P0018,3,63.49,0.0,190.47,微信支付,小程序
T00001718,2023-01-30,C000799,P0029,3,287.8,0.3,604.38,信用卡,网页
T00001719,2023-11-10,C000630,P0039,5,141.38,0.0,706.9,微信支付,APP
T00001720,2023-09-12,C000203,P0026,1,224.0,0.1,201.6,信用卡,网页
T00001721,2023-10-29,C000285,P0024,2,740.37,0.0,1480.74,支付宝,网页
T00001722,2023-04-04,C000794,P0039,3,141.38,0.2,339.31,支付宝,小程序
T00001723,2023-04-15,C000351,P0029,5,287.8,0.3,1007.3,支付宝,小程序
T00001724,2023-03-09,C000406,P0012,4,614.43,0.0,2457.72,微信支付,APP
T00001725,2023-09-04,C000238,P0024,4,740.37,0.0,2961.48,信用卡,网页
T00001726,2023-08-31,C000155,P0021,8,519.75,0.1,3742.2,银行卡,网页
T00001727,2023-02-22,C000719,P0010,1,422.06,0.15,358.75,信用卡,APP
T00001728,2023-08-18,C000235,P0050,1,740.01,0.15,629.01,微信支付,小程序
T00001729,2023-09-30,C000323,P0018,2,63.49,0.0,126.98,支付宝,APP
T00001730,2023-03-27,C000109,P0046,1,519.59,0.0,519.59,微信支付,网页
T00001731,2023-07-01,C000326,P0001,1,461.62,0.2,369.3,微信支付,APP
T00001732,2023-10-25,C000108,P0041,3,976.66,0.0,2929.98,支付宝,小程序
T00001733,2023-08-15,C000940,P0032,7,95.61,0.0,669.27,银行卡,网页
T00001734,2023-11-06,C000384,P0009,8,17.15,0.0,137.2,支付宝,小程序
T00001735,2023-10-07,C000726,P0016,3,469.57,0.2,1126.97,银行卡,小程序
T00001736,2023-10-04,C000605,P0008,2,779.89,0.2,1247.82,支付宝,网页
T00001737,2023-10-05,C000505,P0031,1,791.65,0.1,712.49,信用卡,小程序
T00001738,2023-07-15,C000204,P0037,3,484.48,0.3,1017.41,微信支付,小程序
T00001739,2023-10-29,C000441,P0036,3,991.36,0.0,2974.08,银行卡,小程序
T00001740,2023-01-30,C000349,P0011,4,643.43,0.2,2058.98,银行卡,网页
T00001741,2023-05-21,C000905,P0004,5,330.99,0.0,1654.95,银行卡,小程序
T00001742,2023-09-27,C000197,P0034,5,255.35,0.0,1276.75,银行卡,小程序
T00001743,2023-08-12,C000813,P0046,5,519.59,0.3,1818.57,微信支付,APP
T00001744,2023-09-18,C000408,P0018,4,63.49,0.0,253.96,微信支付,网页
T00001745,2023-06-06,C000883,P0014,5,354.38,0.0,1771.9,信用卡,APP
T00001746,2023-10-12,C000177,P0011,2,643.43,0.3,900.8,银行卡,APP
T00001747,2023-02-24,C000188,P0035,3,914.62,0.2,2195.09,信用卡,APP
T00001748,2023-06-03,C000177,P0029,7,287.8,0.15,1712.41,银行卡,APP
T00001749,2023-11-27,C000093,P0001,5,461.62,0.0,2308.1,银行卡,APP
T00001750,2023-05-28,C000588,P0037,2,484.48,0.15,823.62,支付宝,APP
T00001751,2023-11-07,C000671,P0045,8,789.81,0.3,4422.94,信用卡,APP
T00001752,2023-03-10,C000409,P0027,1,145.04,0.0,145.04,银行卡,APP
T00001753,2023-10-25,C000441,P0024,2,740.37,0.0,1480.74,支付宝,网页
T00001754,2023-05-26,C000041,P0042,1,193.1,0.2,154.48,微信支付,小程序
T00001755,2023-02-08,C000756,P0004,1,330.99,0.15,281.34,微信支付,APP
T00001756,2023-07-09,C000206,P0049,8,147.02,0.0,1176.16,微信支付,网页
T00001757,2023-08-26,C000089,P0006,6,281.15,0.3,1180.83,支付宝,小程序
T00001758,2023-01-24,C000989,P0027,1,145.04,0.15,123.28,微信支付,网页
T00001759,2023-09-06,C000039,P0043,3,861.78,0.1,2326.81,银行卡,网页
T00001760,2023-02-26,C000767,P0044,4,535.61,0.3,1499.71,支付宝,网页
T00001761,2023-08-12,C000401,P0009,4,17.15,0.15,58.31,银行卡,APP
T00001762,2023-01-08,C000334,P0037,2,484.48,0.1,872.06,微信支付,APP
T00001763,2023-05-19,C000093,P0028,4,210.19,0.3,588.53,信用卡,小程序
T00001764,2023-03-17,C000690,P0015,1,986.74,0.0,986.74,微信支付,网页
T00001765,2023-02-28,C000659,P0001,5,461.62,0.0,2308.1,银行卡,小程序
T00001766,2023-02-17,C000307,P0028,2,210.19,0.0,420.38,支付宝,网页
T00001767,2023-06-28,C000922,P0018,3,63.49,0.2,152.38,微信支付,网页
T00001768,2023-04-02,C000482,P0030,4,179.49,0.15,610.27,银行卡,网页
T00001769,2023-08-04,C000033,P0049,7,147.02,0.0,1029.14,银行卡,小程序
T00001770,2023-05-30,C000639,P0012,1,614.43,0.3,430.1,银行卡,网页
T00001771,2023-02-05,C000336,P0031,3,791.65,0.0,2374.95,信用卡,APP
T00001772,2023-02-14,C000635,P0032,5,95.61,0.15,406.34,微信支付,APP
T00001773,2023-06-03,C000188,P0045,1,789.81,0.0,789.81,微信支付,网页
T00001774,2023-06-07,C000791,P0018,3,63.49,0.1,171.42,微信支付,APP
T00001775,2023-05-18,C000439,P0023,3,237.76,0.3,499.3,微信支付,小程序
T00001776,2023-07-19,C000262,P0037,6,484.48,0.0,2906.88,微信支付,网页
T00001777,2023-05-31,C000549,P0050,3,740.01,0.2,1776.02,微信支付,网页
T00001778,2023-03-12,C000573,P0027,5,145.04,0.0,725.2,银行卡,小程序
T00001779,2023-08-28,C000203,P0012,7,614.43,0.2,3440.81,银行卡,APP
T00001780,2023-12-01,C000981,P0001,2,461.62,0.0,923.24,银行卡,小程序
T00001781,2023-06-10,C000760,P0031,4,791.65,0.1,2849.94,银行卡,APP
T00001782,2023-06-14,C000605,P0050,6,740.01,0.3,3108.04,支付宝,小程序
T00001783,2023-04-23,C000547,P0031,1,791.65,0.0,791.65,信用卡,APP
T00001784,2023-06-06,C000867,P0032,7,95.61,0.0,669.27,微信支付,网页
T00001785,2023-09-16,C000269,P0034,3,255.35,0.0,766.05,信用卡,APP
T00001786,2023-07-22,C000385,P0047,1,371.93,0.1,334.74,银行卡,网页
T00001787,2023-05-12,C000870,P0027,4,145.04,0.0,580.16,信用卡,APP
T00001788,2023-07-26,C000947,P0036,1,991.36,0.0,991.36,支付宝,小程序
T00001789,2023-07-10,C000765,P0034,8,255.35,0.0,2042.8,微信支付,网页
T00001790,2023-09-01,C000171,P0045,5,789.81,0.3,2764.33,支付宝,APP
T00001791,2023-09-22,C000343,P0020,1,925.61,0.2,740.49,信用卡,小程序
T00001792,2023-10-15,C000021,P0025,3,476.28,0.0,1428.84,银行卡,网页
T00001793,2023-08-08,C000346,P0003,1,806.41,0.0,806.41,信用卡,网页
T00001794,2023-08-06,C000522,P0038,2,562.9,0.1,1013.22,信用卡,小程序
T00001795,2023-08-14,C000217,P0043,1,861.78,0.1,775.6,支付宝,小程序
T00001796,2023-03-11,C000753,P0012,2,614.43,0.1,1105.97,信用卡,网页
T00001797,2023-10-22,C000288,P0042,1,193.1,0.15,164.13,支付宝,小程序
T00001798,2023-08-20,C000663,P0033,7,838.62,0.0,5870.34,银行卡,小程序
T00001799,2023-11-03,C000397,P0003,10,806.41,0.15,6854.48,信用卡,APP
T00001800,2023-06-05,C000833,P0044,3,535.61,0.2,1285.46,信用卡,网页
T00001801,2023-01-13,C000865,P0048,3,651.69,0.3,1368.55,银行卡,APP
T00001802,2023-12-10,C000310,P0041,8,976.66,0.3,5469.3,支付宝,小程序
T00001803,2023-08-22,C000269,P0004,7,330.99,0.2,1853.54,支付宝,小程序
T00001804,2023-07-25,C000741,P0044,4,535.61,0.1,1928.2,微信支付,APP
T00001805,2023-02-01,C000072,P0049,4,147.02,0.3,411.66,微信支付,小程序
T00001806,2023-12-13,C000486,P0001,5,461.62,0.15,1961.88,微信支付,小程序
T00001807,2023-11-12,C000690,P0006,13,281.15,0.0,3654.95,信用卡,APP
T00001808,2023-10-15,C000429,P0010,3,422.06,0.3,886.33,微信支付,APP
T00001809,2023-08-26,C000469,P0006,1,281.15,0.3,196.8,银行卡,小程序
T00001810,2023-05-15,C000415,P0011,5,643.43,0.0,3217.15,微信支付,APP
T00001811,2023-04-16,C000713,P0046,5,519.59,0.15,2208.26,微信支付,APP
T00001812,2023-12-12,C000244,P0050,5,740.01,0.2,2960.04,支付宝,APP
T00001813,2023-05-25,C000794,P0023,5,237.76,0.15,1010.48,信用卡,网页
T00001814,2023-01-14,C000614,P0025,2,476.28,0.0,952.56,银行卡,小程序
T00001815,2023-08-13,C000003,P0013,4,615.93,0.15,2094.16,微信支付,网页
T00001816,2023-04-29,C000935,P0036,5,991.36,0.2,3965.44,银行卡,小程序
T00001817,2023-05-06,C000715,P0004,2,330.99,0.3,463.39,支付宝,网页
T00001818,2023-10-03,C000425,P0008,4,779.89,0.15,2651.63,支付宝,网页
T00001819,2023-11-21,C000977,P0025,7,476.28,0.2,2667.17,支付宝,网页
T00001820,2023-11-27,C000594,P0034,1,255.35,0.2,204.28,银行卡,小程序
T00001821,2023-12-03,C000923,P0010,8,422.06,0.0,3376.48,微信支付,网页
T00001822,2023-01-24,C000488,P0008,1,779.89,0.15,662.91,微信支付,网页
T00001823,2023-11-19,C000044,P0020,11,925.61,0.0,10181.71,支付宝,小程序
T00001824,2023-11-19,C000033,P0035,12,914.62,0.3,7682.81,支付宝,网页
T00001825,2023-03-23,C000154,P0026,5,224.0,0.0,1120.0,信用卡,小程序
T00001826,2023-03-31,C000892,P0042,3,193.1,0.3,405.51,银行卡,小程序
T00001827,2023-06-17,C000970,P0049,1,147.02,0.0,147.02,信用卡,APP
T00001828,2023-09-22,C000676,P0033,5,838.62,0.0,4193.1,微信支付,小程序
T00001829,2023-11-28,C000647,P0030,4,179.49,0.1,646.16,支付宝,网页
T00001830,2023-10-31,C000116,P0044,5,535.61,0.1,2410.25,支付宝,APP
T00001831,2023-08-30,C000402,P0026,2,224.0,0.0,448.0,微信支付,APP
T00001832,2023-05-03,C000123,P0040,4,484.99,0.0,1939.96,微信支付,网页
T00001833,2023-04-10,C000923,P0044,3,535.61,0.0,1606.83,银行卡,APP
T00001834,2023-06-16,C000391,P0039,3,141.38,0.0,424.14,信用卡,APP
T00001835,2023-02-11,C000012,P0012,3,614.43,0.3,1290.3,微信支付,网页
T00001836,2023-03-25,C000898,P0043,3,861.78,0.0,2585.34,信用卡,小程序
T00001837,2023-01-10,C000093,P0038,2,562.9,0.0,1125.8,信用卡,网页
T00001838,2023-05-08,C000188,P0001,5,461.62,0.0,2308.1,信用卡,网页
T00001839,2023-12-27,C000256,P0004,10,330.99,0.3,2316.93,信用卡,APP
T00001840,2023-03-09,C000301,P0049,2,147.02,0.1,264.64,银行卡,APP
T00001841,2023-12-20,C000044,P0020,6,925.61,0.2,4442.93,信用卡,网页
T00001842,2023-09-14,C000082,P0049,5,147.02,0.3,514.57,信用卡,网页
T00001843,2023-05-23,C000017,P0044,2,535.61,0.3,749.85,信用卡,小程序
T00001844,2023-05-20,C000560,P0033,2,838.62,0.0,1677.24,银行卡,小程序
T00001845,2023-10-19,C000511,P0029,2,287.8,0.15,489.26,银行卡,网页
T00001846,2023-12-31,C000421,P0026,5,224.0,0.0,1120.0,微信支付,网页
T00001847,2023-01-20,C000413,P0025,4,476.28,0.15,1619.35,信用卡,网页
T00001848,2023-10-27,C000133,P0005,3,766.59,0.15,1954.8,银行卡,小程序
T00001849,2023-09-06,C000927,P0043,2,861.78,0.0,1723.56,支付宝,网页
T00001850,2023-04-06,C000538,P0039,4,141.38,0.0,565.52,微信支付,网页
T00001851,2023-10-16,C000132,P0040,1,484.99,0.1,436.49,信用卡,网页
T00001852,2023-02-07,C000972,P0030,5,179.49,0.15,762.83,信用卡,APP
T00001853,2023-04-07,C000387,P0023,5,237.76,0.15,1010.48,微信支付,小程序
T00001854,2023-11-05,C000562,P0047,3,371.93,0.3,781.05,信用卡,网页
T00001855,2023-10-12,C000476,P0033,4,838.62,0.1,3019.03,微信支付,网页
T00001856,2023-08-11,C000309,P0001,1,461.62,0.15,392.38,微信支付,APP
T00001857,2023-09-25,C000917,P0017,5,798.65,0.3,2795.27,微信支付,APP
T00001858,2023-06-17,C000618,P0013,8,615.93,0.3,3449.21,支付宝,APP
T00001859,2023-03-06,C000011,P0026,1,224.0,0.0,224.0,支付宝,网页
T00001860,2023-06-02,C000669,P0004,7,330.99,0.0,2316.93,支付宝,网页
T00001861,2023-11-30,C000233,P0043,2,861.78,0.2,1378.85,支付宝,APP
T00001862,2023-06-03,C000018,P0008,3,779.89,0.15,1988.72,信用卡,网页
T00001863,2023-03-19,C000864,P0041,5,976.66,0.1,4394.97,微信支付,APP
T00001864,2023-10-30,C000554,P0040,4,484.99,0.2,1551.97,银行卡,小程序
T00001865,2023-07-16,C000164,P0020,2,925.61,0.0,1851.22,银行卡,小程序
T00001866,2023-12-30,C000155,P0042,2,193.1,0.0,386.2,银行卡,APP
T00001867,2023-01-16,C000955,P0037,4,484.48,0.1,1744.13,信用卡,小程序
T00001868,2023-02-22,C000966,P0040,3,484.99,0.15,1236.72,信用卡,APP
T00001869,2023-10-19,C000559,P0050,1,740.01,0.2,592.01,银行卡,网页
T00001870,2023-10-01,C000901,P0009,1,17.15,0.0,17.15,信用卡,小程序
T00001871,2023-07-06,C000644,P0016,1,469.57,0.1,422.61,信用卡,APP
T00001872,2023-09-27,C000586,P0028,3,210.19,0.1,567.51,微信支付,小程序
T00001873,2023-11-25,C000298,P0050,1,740.01,0.3,518.01,银行卡,网页
T00001874,2023-05-12,C000728,P0008,2,779.89,0.0,1559.78,微信支付,APP
T00001875,2023-12-03,C000494,P0013,9,615.93,0.1,4989.03,支付宝,APP
T00001876,2023-01-27,C000502,P0032,4,95.61,0.0,382.44,微信支付,APP
T00001877,2023-09-12,C000064,P0023,2,237.76,0.1,427.97,支付宝,小程序
T00001878,2023-12-06,C000990,P0012,1,614.43,0.0,614.43,支付宝,小程序
T00001879,2023-04-12,C000496,P0034,2,255.35,0.0,510.7,信用卡,APP
T00001880,2023-04-08,C000750,P0020,2,925.61,0.3,1295.85,银行卡,网页
T00001881,2023-05-21,C000294,P0029,5,287.8,0.15,1223.15,支付宝,网页
T00001882,2023-09-10,C000027,P0028,4,210.19,0.2,672.61,信用卡,APP
T00001883,2023-04-26,C000068,P0021,1,519.75,0.2,415.8,信用卡,网页
T00001884,2023-06-14,C000797,P0005,6,766.59,0.1,4139.59,支付宝,小程序
T00001885,2023-10-13,C000999,P0050,3,740.01,0.0,2220.03,信用卡,小程序
T00001886,2023-05-03,C000171,P0043,5,861.78,0.15,3662.56,银行卡,APP
T00001887,2023-05-18,C000393,P0023,2,237.76,0.0,475.52,支付宝,小程序
T00001888,2023-02-07,C000814,P0036,3,991.36,0.15,2527.97,支付宝,网页
T00001889,2023-06-27,C000760,P0035,1,914.62,0.3,640.23,支付宝,网页
T00001890,2023-08-20,C000278,P0017,7,798.65,0.0,5590.55,微信支付,小程序
T00001891,2023-12-08,C000944,P0008,6,779.89,0.1,4211.41,信用卡,APP
T00001892,2023-01-26,C000012,P0019,5,340.95,0.0,1704.75,支付宝,小程序
T00001893,2023-06-09,C000915,P0021,3,519.75,0.0,1559.25,支付宝,APP
T00001894,2023-11-06,C000560,P0046,3,519.59,0.3,1091.14,支付宝,小程序
T00001895,2023-04-18,C000392,P0038,4,562.9,0.3,1576.12,微信支付,小程序
T00001896,2023-01-21,C000527,P0016,3,469.57,0.3,986.1,信用卡,小程序
T00001897,2023-05-23,C000996,P0041,1,976.66,0.2,781.33,信用卡,小程序
T00001898,2023-10-04,C000156,P0001,4,461.62,0.0,1846.48,微信支付,小程序
T00001899,2023-12-24,C000093,P0022,7,596.78,0.1,3759.71,微信支付,APP
T00001900,2023-05-02,C000739,P0022,4,596.78,0.0,2387.12,微信支付,APP
T00001901,2023-04-08,C000480,P0039,3,141.38,0.0,424.14,支付宝,小程序
T00001902,2023-09-17,C000781,P0004,4,330.99,0.1,1191.56,支付宝,小程序
T00001903,2023-11-06,C000495,P0036,2,991.36,0.0,1982.72,支付宝,小程序
T00001904,2023-12-25,C000095,P0040,13,484.99,0.3,4413.41,银行卡,APP
T00001905,2023-02-10,C000205,P0006,2,281.15,0.3,393.61,信用卡,网页
T00001906,2023-02-21,C000344,P0007,5,444.27,0.0,2221.35,银行卡,小程序
T00001907,2023-01-25,C000167,P0022,4,596.78,0.0,2387.12,微信支付,小程序
T00001908,2023-03-03,C000609,P0008,4,779.89,0.0,3119.56,银行卡,网页
T00001909,2023-12-17,C000163,P0044,3,535.61,0.0,1606.83,信用卡,小程序
T00001910,2023-01-04,C000489,P0031,3,791.65,0.0,2374.95,银行卡,网页
T00001911,2023-09-03,C000715,P0047,1,371.93,0.3,260.35,微信支付,小程序
T00001912,2023-04-11,C000455,P0006,1,281.15,0.0,281.15,信用卡,小程序
T00001913,2023-02-07,C000587,P0040,3,484.99,0.2,1163.98,微信支付,小程序
T00001914,2023-05-20,C000898,P0027,4,145.04,0.3,406.11,信用卡,网页
T00001915,2023-03-09,C000185,P0027,2,145.04,0.0,290.08,信用卡,APP
T00001916,2023-07-06,C001000,P0015,1,986.74,0.1,888.07,支付宝,小程序
T00001917,2023-10-01,C000017,P0020,2,925.61,0.0,1851.22,信用卡,小程序
T00001918,2023-08-18,C000222,P0001,6,461.62,0.0,2769.72,银行卡,APP
T00001919,2023-07-21,C000043,P0016,6,469.57,0.1,2535.68,支付宝,网页
T00001920,2023-01-23,C000749,P0009,5,17.15,0.2,68.6,支付宝,小程序
T00001921,2023-11-21,C000273,P0028,2,210.19,0.15,357.32,支付宝,APP
T00001922,2023-04-21,C000045,P0038,5,562.9,0.0,2814.5,微信支付,APP
T00001923,2023-05-02,C000030,P0041,2,976.66,0.0,1953.32,微信支付,APP
T00001924,2023-11-08,C000348,P0017,5,798.65,0.3,2795.27,信用卡,网页
T00001925,2023-10-19,C000713,P0030,5,179.49,0.0,897.45,微信支付,APP
T00001926,2023-10-22,C000845,P0042,2,193.1,0.1,347.58,支付宝,APP
T00001927,2023-11-16,C000547,P0046,6,519.59,0.3,2182.28,信用卡,网页
T00001928,2023-09-10,C000678,P0019,3,340.95,0.0,1022.85,银行卡,小程序
T00001929,2023-10-30,C000045,P0009,3,17.15,0.0,51.45,银行卡,小程序
T00001930,2023-05-27,C000231,P0022,5,596.78,0.0,2983.9,支付宝,小程序
T00001931,2023-01-09,C000575,P0041,1,976.66,0.2,781.33,信用卡,网页
T00001932,2023-11-19,C000543,P0023,3,237.76,0.3,499.3,银行卡,网页
T00001933,2023-07-23,C000161,P0026,3,224.0,0.2,537.6,银行卡,APP
T00001934,2023-03-05,C000632,P0032,4,95.61,0.0,382.44,银行卡,小程序
T00001935,2023-07-28,C000013,P0025,3,476.28,0.1,1285.96,支付宝,网页
T00001936,2023-03-13,C000555,P0020,4,925.61,0.0,3702.44,信用卡,APP
T00001937,2023-06-01,C000885,P0029,3,287.8,0.1,777.06,支付宝,APP
T00001938,2023-04-11,C000819,P0023,1,237.76,0.0,237.76,银行卡,APP
T00001939,2023-02-06,C000978,P0024,2,740.37,0.2,1184.59,支付宝,APP
T00001940,2023-08-14,C000696,P0015,1,986.74,0.3,690.72,支付宝,网页
T00001941,2023-08-05,C000356,P0004,7,330.99,0.0,2316.93,银行卡,APP
T00001942,2023-04-02,C000310,P0017,1,798.65,0.0,798.65,微信支付,小程序
T00001943,2023-06-17,C000453,P0020,7,925.61,0.2,5183.42,信用卡,网页
T00001944,2023-07-07,C000100,P0014,5,354.38,0.1,1594.71,支付宝,网页
T00001945,2023-08-24,C000587,P0008,1,779.89,0.15,662.91,信用卡,网页
T00001946,2023-06-03,C000415,P0046,6,519.59,0.0,3117.54,信用卡,APP
T00001947,2023-10-11,C000200,P0016,3,469.57,0.2,1126.97,信用卡,网页
T00001948,2023-11-18,C000573,P0043,8,861.78,0.0,6894.24,银行卡,小程序
T00001949,2023-08-28,C000791,P0004,3,330.99,0.2,794.38,信用卡,网页
T00001950,2023-02-15,C000272,P0035,2,914.62,0.3,1280.47,支付宝,小程序
T00001951,2023-02-21,C000191,P0037,2,484.48,0.0,968.96,银行卡,网页
T00001952,2023-09-08,C000223,P0016,2,469.57,0.3,657.4,微信支付,小程序
T00001953,2023-12-28,C000716,P0039,7,141.38,0.2,791.73,微信支付,APP
T00001954,2023-10-17,C000297,P0026,3,224.0,0.0,672.0,微信支付,小程序
T00001955,2023-03-10,C000246,P0021,2,519.75,0.3,727.65,信用卡,网页
T00001956,2023-07-12,C000881,P0040,8,484.99,0.0,3879.92,微信支付,网页
T00001957,2023-08-31,C000637,P0016,2,469.57,0.15,798.27,银行卡,小程序
T00001958,2023-03-14,C000140,P0003,2,806.41,0.2,1290.26,微信支付,APP
T00001959,2023-10-22,C000258,P0007,1,444.27,0.0,444.27,信用卡,小程序
T00001960,2023-04-07,C000780,P0015,2,986.74,0.15,1677.46,银行卡,网页
T00001961,2023-03-12,C000985,P0014,3,354.38,0.1,956.83,支付宝,小程序
T00001962,2023-10-30,C000153,P0034,5,255.35,0.0,1276.75,信用卡,网页
T00001963,2023-06-14,C000337,P0006,5,281.15,0.0,1405.75,信用卡,APP
T00001964,2023-08-15,C000447,P0021,8,519.75,0.15,3534.3,支付宝,APP
T00001965,2023-10-10,C000128,P0015,1,986.74,0.0,986.74,信用卡,网页
T00001966,2023-05-06,C000690,P0014,2,354.38,0.0,708.76,信用卡,小程序
T00001967,2023-03-19,C000505,P0009,4,17.15,0.1,61.74,信用卡,APP
T00001968,2023-04-15,C000425,P0005,5,766.59,0.2,3066.36,支付宝,网页
T00001969,2023-07-25,C000748,P0020,4,925.61,0.3,2591.71,信用卡,APP
T00001970,2023-04-17,C000371,P0036,1,991.36,0.0,991.36,信用卡,APP
T00001971,2023-06-21,C000321,P0040,3,484.99,0.3,1018.48,银行卡,APP
T00001972,2023-11-19,C000087,P0019,2,340.95,0.3,477.33,银行卡,小程序
T00001973,2023-01-28,C000920,P0009,4,17.15,0.0,68.6,支付宝,小程序
T00001974,2023-11-28,C000485,P0028,6,210.19,0.1,1135.03,信用卡,网页
T00001975,2023-03-12,C000583,P0024,1,740.37,0.3,518.26,信用卡,APP
T00001976,2023-01-08,C000251,P0003,4,806.41,0.0,3225.64,银行卡,小程序
T00001977,2023-07-26,C000969,P0017,7,798.65,0.0,5590.55,信用卡,网页
T00001978,2023-06-11,C000498,P0039,6,141.38,0.15,721.04,微信支付,小程序
T00001979,2023-12-24,C000585,P0050,10,740.01,0.3,5180.07,银行卡,小程序
T00001980,2023-02-09,C000614,P0017,5,798.65,0.1,3593.93,支付宝,小程序
T00001981,2023-11-14,C000834,P0021,4,519.75,0.0,2079.0,微信支付,APP
T00001982,2023-08-02,C000894,P0050,5,740.01,0.0,3700.05,微信支付,小程序
T00001983,2023-04-24,C000264,P0038,4,562.9,0.0,2251.6,微信支付,APP
T00001984,2023-03-22,C000562,P0046,5,519.59,0.2,2078.36,支付宝,小程序
T00001985,2023-02-23,C000631,P0022,3,596.78,0.15,1521.79,银行卡,APP
T00001986,2023-05-09,C000005,P0002,1,123.04,0.0,123.04,信用卡,网页
T00001987,2023-12-24,C000141,P0011,5,643.43,0.15,2734.58,银行卡,网页
T00001988,2023-06-03,C000847,P0012,2,614.43,0.2,983.09,信用卡,小程序
T00001989,2023-09-16,C000504,P0045,1,789.81,0.3,552.87,微信支付,APP
T00001990,2023-04-15,C000539,P0029,5,287.8,0.2,1151.2,信用卡,APP
T00001991,2023-06-18,C000560,P0043,3,861.78,0.15,2197.54,支付宝,网页
T00001992,2023-12-24,C000749,P0005,5,766.59,0.0,3832.95,银行卡,网页
T00001993,2023-06-06,C000766,P0030,8,179.49,0.3,1005.14,银行卡,网页
T00001994,2023-01-13,C000696,P0049,3,147.02,0.15,374.9,信用卡,小程序
T00001995,2023-08-16,C000276,P0040,9,484.99,0.1,3928.42,微信支付,小程序
T00001996,2023-10-05,C000995,P0016,1,469.57,0.3,328.7,信用卡,APP
T00001997,2023-04-14,C000824,P0026,1,224.0,0.0,224.0,支付宝,小程序
T00001998,2023-03-14,C000086,P0027,4,145.04,0.1,522.14,微信支付,APP
T00001999,2023-02-20,C000331,P0027,3,145.04,0.0,435.12,信用卡,小程序
T00002000,2023-09-17,C000974,P0027,3,145.04,0.0,435.12,信用卡,小程序
T00002001,2023-09-25,C000331,P0026,3,224.0,0.3,470.4,银行卡,网页
T00002002,2023-06-30,C000990,P0007,2,444.27,0.1,799.69,银行卡,APP
T00002003,2023-01-04,C000396,P0004,5,330.99,0.1,1489.46,银行卡,小程序
T00002004,2023-08-01,C000877,P0034,2,255.35,0.0,510.7,银行卡,APP
T00002005,2023-08-01,C000362,P0025,4,476.28,0.0,1905.12,微信支付,网页
T00002006,2023-06-04,C000071,P0017,8,798.65,0.1,5750.28,银行卡,APP
T00002007,2023-03-15,C000207,P0013,5,615.93,0.1,2771.68,信用卡,APP
T00002008,2023-09-20,C000239,P0050,3,740.01,0.3,1554.02,信用卡,APP
T00002009,2023-02-02,C000021,P0029,2,287.8,0.1,518.04,微信支付,APP
T00002010,2023-11-15,C000830,P0020,5,925.61,0.0,4628.05,信用卡,APP
T00002011,2023-03-30,C000817,P0003,3,806.41,0.2,1935.38,支付宝,小程序
T00002012,2023-11-10,C000548,P0048,3,651.69,0.15,1661.81,银行卡,小程序
T00002013,2023-02-05,C000276,P0014,5,354.38,0.0,1771.9,信用卡,小程序
T00002014,2023-02-03,C000488,P0039,5,141.38,0.1,636.21,信用卡,APP
T00002015,2023-05-20,C000157,P0022,5,596.78,0.0,2983.9,支付宝,APP
T00002016,2023-07-05,C000625,P0025,4,476.28,0.0,1905.12,银行卡,APP
T00002017,2023-08-26,C000363,P0014,7,354.38,0.1,2232.59,银行卡,小程序
T00002018,2023-01-08,C000330,P0037,4,484.48,0.2,1550.34,微信支付,小程序
T00002019,2023-05-09,C000020,P0044,3,535.61,0.15,1365.81,支付宝,APP
T00002020,2023-12-03,C000002,P0028,5,210.19,0.0,1050.95,银行卡,APP
T00002021,2023-11-30,C000821,P0003,5,806.41,0.0,4032.05,微信支付,网页
T00002022,2023-09-24,C000626,P0018,1,63.49,0.1,57.14,微信支付,网页
T00002023,2023-03-20,C000233,P0003,1,806.41,0.15,685.45,信用卡,小程序
T00002024,2023-08-24,C000293,P0031,7,791.65,0.0,5541.55,银行卡,APP
T00002025,2023-12-03,C000069,P0020,14,925.61,0.2,10366.83,银行卡,小程序
T00002026,2023-09-25,C000163,P0047,2,371.93,0.0,743.86,微信支付,小程序
T00002027,2023-06-13,C000533,P0042,7,193.1,0.3,946.19,银行卡,APP
T00002028,2023-10-20,C000163,P0027,2,145.04,0.2,232.06,微信支付,APP
T00002029,2023-08-08,C000755,P0002,5,123.04,0.1,553.68,银行卡,APP
T00002030,2023-08-24,C000859,P0027,5,145.04,0.15,616.42,微信支付,APP
T00002031,2023-08-16,C000717,P0013,1,615.93,0.0,615.93,微信支付,小程序
T00002032,2023-11-25,C000089,P0044,4,535.61,0.3,1499.71,支付宝,网页
T00002033,2023-10-04,C000154,P0033,3,838.62,0.3,1761.1,微信支付,网页
T00002034,2023-07-05,C000577,P0022,4,596.78,0.15,2029.05,支付宝,网页
T00002035,2023-03-20,C000137,P0016,4,469.57,0.2,1502.62,微信支付,APP
T00002036,2023-12-01,C000122,P0031,9,791.65,0.15,6056.12,支付宝,APP
T00002037,2023-03-29,C000483,P0015,5,986.74,0.0,4933.7,支付宝,小程序
T00002038,2023-08-08,C000844,P0021,5,519.75,0.2,2079.0,信用卡,APP
T00002039,2023-12-10,C000288,P0036,11,991.36,0.15,9269.22,银行卡,小程序
T00002040,2023-05-13,C000643,P0005,4,766.59,0.1,2759.72,信用卡,网页
T00002041,2023-06-10,C000608,P0013,6,615.93,0.3,2586.91,支付宝,网页
T00002042,2023-04-18,C000527,P0030,1,179.49,0.0,179.49,支付宝,网页
T00002043,2023-09-10,C000060,P0039,5,141.38,0.15,600.87,银行卡,网页
T00002044,2023-09-19,C000781,P0039,4,141.38,0.0,565.52,信用卡,小程序
T00002045,2023-04-18,C000270,P0033,5,838.62,0.15,3564.14,信用卡,网页
T00002046,2023-04-16,C000024,P0034,2,255.35,0.0,510.7,信用卡,网页
T00002047,2023-02-10,C000244,P0010,5,422.06,0.1,1899.27,支付宝,APP
T00002048,2023-02-28,C000806,P0041,5,976.66,0.0,4883.3,银行卡,小程序
T00002049,2023-02-15,C000900,P0036,5,991.36,0.0,4956.8,微信支付,小程序
T00002050,2023-11-28,C000536,P0035,11,914.62,0.3,7042.57,支付宝,小程序
T00002051,2023-03-10,C000665,P0002,4,123.04,0.0,492.16,信用卡,网页
T00002052,2023-11-02,C000895,P0003,1,806.41,0.15,685.45,微信支付,APP
T00002053,2023-09-04,C000151,P0050,5,740.01,0.15,3145.04,微信支付,网页
T00002054,2023-10-11,C000915,P0039,2,141.38,0.0,282.76,银行卡,小程序
T00002055,2023-09-19,C000953,P0043,4,861.78,0.2,2757.7,银行卡,小程序
T00002056,2023-08-21,C000249,P0003,3,806.41,0.1,2177.31,银行卡,网页
T00002057,2023-09-19,C000424,P0040,5,484.99,0.3,1697.46,微信支付,APP
T00002058,2023-06-23,C000708,P0023,4,237.76,0.1,855.94,信用卡,APP
T00002059,2023-02-21,C000175,P0050,2,740.01,0.0,1480.02,银行卡,网页
T00002060,2023-06-24,C000044,P0041,4,976.66,0.0,3906.64,银行卡,APP
T00002061,2023-11-26,C000538,P0006,9,281.15,0.2,2024.28,微信支付,小程序
T00002062,2023-05-21,C000842,P0046,3,519.59,0.0,1558.77,支付宝,网页
T00002063,2023-07-08,C000551,P0033,2,838.62,0.0,1677.24,银行卡,APP
T00002064,2023-06-07,C000974,P0031,1,791.65,0.2,633.32,支付宝,APP
T00002065,2023-04-27,C000813,P0042,3,193.1,0.3,405.51,支付宝,APP
T00002066,2023-07-25,C000455,P0035,1,914.62,0.3,640.23,信用卡,小程序
T00002067,2023-11-05,C000762,P0005,2,766.59,0.1,1379.86,信用卡,小程序
T00002068,2023-08-17,C000055,P0035,2,914.62,0.0,1829.24,银行卡,网页
T00002069,2023-08-07,C000299,P0033,4,838.62,0.1,3019.03,银行卡,APP
T00002070,2023-04-29,C000434,P0050,4,740.01,0.0,2960.04,支付宝,APP
T00002071,2023-08-10,C000961,P0014,3,354.38,0.1,956.83,微信支付,网页
T00002072,2023-09-17,C000214,P0043,1,861.78,0.0,861.78,信用卡,网页
T00002073,2023-08-20,C000940,P0046,3,519.59,0.2,1247.02,微信支付,小程序
T00002074,2023-08-13,C000107,P0015,7,986.74,0.15,5871.1,微信支付,小程序
T00002075,2023-01-20,C000579,P0009,1,17.15,0.0,17.15,银行卡,小程序
T00002076,2023-12-05,C000658,P0020,5,925.61,0.0,4628.05,微信支付,APP
T00002077,2023-06-03,C000385,P0006,3,281.15,0.0,843.45,银行卡,小程序
T00002078,2023-05-07,C000444,P0038,4,562.9,0.0,2251.6,信用卡,APP
T00002079,2023-06-03,C000814,P0019,7,340.95,0.2,1909.32,银行卡,网页
T00002080,2023-04-01,C000126,P0047,3,371.93,0.2,892.63,银行卡,小程序
T00002081,2023-05-26,C000085,P0042,4,193.1,0.0,772.4,支付宝,网页
T00002082,2023-02-02,C000004,P0029,3,287.8,0.0,863.4,微信支付,APP
T00002083,2023-02-09,C000681,P0033,1,838.62,0.1,754.76,支付宝,小程序
T00002084,2023-05-27,C000234,P0007,3,444.27,0.3,932.97,银行卡,小程序
T00002085,2023-09-03,C000716,P0025,1,476.28,0.2,381.02,银行卡,小程序
T00002086,2023-04-15,C000499,P0045,4,789.81,0.0,3159.24,支付宝,小程序
T00002087,2023-03-07,C000830,P0038,2,562.9,0.15,956.93,信用卡,网页
T00002088,2023-12-07,C000248,P0041,5,976.66,0.0,4883.3,微信支付,网页
T00002089,2023-11-21,C000993,P0023,2,237.76,0.2,380.42,信用卡,小程序
T00002090,2023-04-06,C000572,P0008,2,779.89,0.1,1403.8,信用卡,网页
T00002091,2023-08-24,C000615,P0008,7,779.89,0.1,4913.31,信用卡,APP
T00002092,2023-01-01,C000321,P0009,4,17.15,0.0,68.6,银行卡,APP
T00002093,2023-01-17,C000813,P0009,2,17.15,0.0,34.3,微信支付,网页
T00002094,2023-11-11,C000558,P0038,1,562.9,0.0,562.9,信用卡,网页
T00002095,2023-10-11,C000913,P0015,4,986.74,0.1,3552.26,银行卡,小程序
T00002096,2023-01-09,C000486,P0007,4,444.27,0.15,1510.52,支付宝,网页
T00002097,2023-03-18,C000312,P0041,3,976.66,0.3,2050.99,信用卡,APP
T00002098,2023-05-21,C000028,P0019,5,340.95,0.0,1704.75,微信支付,APP
T00002099,2023-06-29,C000469,P0005,5,766.59,0.0,3832.95,信用卡,网页
T00002100,2023-03-13,C000834,P0025,1,476.28,0.0,476.28,信用卡,APP
T00002101,2023-09-08,C000132,P0049,4,147.02,0.0,588.08,支付宝,小程序
T00002102,2023-10-27,C000366,P0049,4,147.02,0.15,499.87,银行卡,网页
T00002103,2023-10-26,C000162,P0049,2,147.02,0.1,264.64,信用卡,网页
T00002104,2023-05-15,C000306,P0006,5,281.15,0.0,1405.75,支付宝,APP
T00002105,2023-10-08,C000003,P0021,2,519.75,0.2,831.6,银行卡,网页
T00002106,2023-02-02,C000740,P0047,2,371.93,0.3,520.7,银行卡,网页
T00002107,2023-12-16,C000897,P0017,10,798.65,0.0,7986.5,微信支付,小程序
T00002108,2023-10-02,C000587,P0015,1,986.74,0.0,986.74,信用卡,APP
T00002109,2023-04-30,C000259,P0005,3,766.59,0.0,2299.77,信用卡,小程序
T00002110,2023-12-23,C000383,P0006,7,281.15,0.3,1377.63,微信支付,APP
T00002111,2023-07-03,C000118,P0006,5,281.15,0.15,1194.89,信用卡,小程序
T00002112,2023-09-22,C000604,P0030,3,179.49,0.0,538.47,支付宝,APP
T00002113,2023-12-19,C000297,P0001,2,461.62,0.0,923.24,微信支付,网页
T00002114,2023-09-11,C000446,P0042,4,193.1,0.0,772.4,微信支付,APP
T00002115,2023-12-24,C000824,P0034,6,255.35,0.0,1532.1,支付宝,小程序
T00002116,2023-12-23,C000492,P0035,3,914.62,0.0,2743.86,支付宝,网页
T00002117,2023-02-17,C000257,P0005,2,766.59,0.1,1379.86,信用卡,小程序
T00002118,2023-07-31,C000647,P0011,1,643.43,0.0,643.43,信用卡,小程序
T00002119,2023-02-09,C000468,P0036,1,991.36,0.0,991.36,信用卡,小程序
T00002120,2023-09-26,C000434,P0021,3,519.75,0.0,1559.25,银行卡,网页
T00002121,2023-01-28,C000658,P0027,5,145.04,0.2,580.16,支付宝,APP
T00002122,2023-08-08,C000673,P0038,2,562.9,0.3,788.06,支付宝,网页
T00002123,2023-05-15,C000724,P0012,2,614.43,0.0,1228.86,信用卡,APP
T00002124,2023-01-28,C000200,P0012,1,614.43,0.0,614.43,信用卡,网页
T00002125,2023-11-28,C000965,P0045,8,789.81,0.0,6318.48,银行卡,APP
T00002126,2023-03-28,C000759,P0019,1,340.95,0.0,340.95,银行卡,APP
T00002127,2023-01-14,C000419,P0026,4,224.0,0.0,896.0,支付宝,网页
T00002128,2023-02-08,C000328,P0017,5,798.65,0.15,3394.26,微信支付,APP
T00002129,2023-02-18,C000435,P0026,2,224.0,0.0,448.0,微信支付,APP
T00002130,2023-03-11,C000285,P0009,1,17.15,0.0,17.15,银行卡,APP
T00002131,2023-10-28,C000189,P0009,2,17.15,0.0,34.3,银行卡,网页
T00002132,2023-03-13,C000029,P0042,1,193.1,0.2,154.48,支付宝,APP
T00002133,2023-02-28,C000213,P0049,3,147.02,0.15,374.9,银行卡,APP
T00002134,2023-04-25,C000104,P0037,2,484.48,0.0,968.96,微信支付,网页
T00002135,2023-04-03,C000388,P0034,1,255.35,0.3,178.74,微信支付,APP
T00002136,2023-05-05,C000613,P0047,3,371.93,0.0,1115.79,信用卡,小程序
T00002137,2023-05-26,C000130,P0022,2,596.78,0.0,1193.56,微信支付,小程序
T00002138,2023-07-24,C000792,P0020,5,925.61,0.1,4165.24,支付宝,APP
T00002139,2023-05-16,C000525,P0038,4,562.9,0.1,2026.44,微信支付,网页
T00002140,2023-03-31,C000056,P0048,5,651.69,0.0,3258.45,微信支付,网页
T00002141,2023-08-21,C000687,P0041,6,976.66,0.3,4101.97,微信支付,网页
T00002142,2023-12-05,C000564,P0037,5,484.48,0.1,2180.16,微信支付,网页
T00002143,2023-07-27,C000095,P0050,5,740.01,0.1,3330.05,信用卡,网页
T00002144,2023-06-20,C000868,P0037,1,484.48,0.3,339.14,信用卡,APP
T00002145,2023-07-09,C000894,P0016,6,469.57,0.1,2535.68,信用卡,网页
T00002146,2023-02-23,C000485,P0018,3,63.49,0.0,190.47,微信支付,网页
T00002147,2023-10-25,C000380,P0045,2,789.81,0.0,1579.62,信用卡,网页
T00002148,2023-07-21,C000737,P0028,5,210.19,0.0,1050.95,微信支付,小程序
T00002149,2023-10-25,C000706,P0045,4,789.81,0.0,3159.24,银行卡,小程序
T00002150,2023-05-08,C000297,P0010,2,422.06,0.2,675.3,信用卡,网页
T00002151,2023-10-31,C000305,P0010,1,422.06,0.0,422.06,信用卡,APP
T00002152,2023-03-22,C000469,P0042,4,193.1,0.0,772.4,微信支付,网页
T00002153,2023-05-19,C000963,P0014,3,354.38,0.1,956.83,银行卡,小程序
T00002154,2023-08-08,C000685,P0016,6,469.57,0.3,1972.19,支付宝,网页
T00002155,2023-10-03,C000304,P0010,5,422.06,0.1,1899.27,微信支付,小程序
T00002156,2023-11-08,C000911,P0049,13,147.02,0.0,1911.26,信用卡,APP
T00002157,2023-07-01,C000690,P0015,6,986.74,0.1,5328.4,微信支付,小程序
T00002158,2023-08-25,C000030,P0006,2,281.15,0.3,393.61,微信支付,网页
T00002159,2023-03-08,C000061,P0025,4,476.28,0.2,1524.1,微信支付,APP
T00002160,2023-02-18,C000550,P0018,5,63.49,0.1,285.7,信用卡,小程序
T00002161,2023-12-31,C000570,P0002,4,123.04,0.0,492.16,微信支付,APP
T00002162,2023-03-09,C000293,P0008,4,779.89,0.3,2183.69,微信支付,小程序
T00002163,2023-06-02,C000453,P0050,5,740.01,0.2,2960.04,银行卡,APP
T00002164,2023-10-24,C000169,P0041,4,976.66,0.3,2734.65,银行卡,网页
T00002165,2023-07-27,C000940,P0014,3,354.38,0.1,956.83,微信支付,小程序
T00002166,2023-10-27,C000646,P0038,3,562.9,0.0,1688.7,微信支付,网页
T00002167,2023-10-21,C000518,P0017,1,798.65,0.2,638.92,支付宝,APP
T00002168,2023-11-25,C000720,P0027,10,145.04,0.15,1232.84,信用卡,APP
T00002169,2023-11-14,C000463,P0027,2,145.04,0.15,246.57,微信支付,APP
T00002170,2023-06-18,C000615,P0015,1,986.74,0.1,888.07,支付宝,APP
T00002171,2023-06-29,C000585,P0050,1,740.01,0.3,518.01,微信支付,小程序
T00002172,2023-11-05,C000749,P0018,7,63.49,0.3,311.1,支付宝,APP
T00002173,2023-04-26,C000279,P0015,3,986.74,0.0,2960.22,信用卡,小程序
T00002174,2023-08-03,C000673,P0031,3,791.65,0.0,2374.95,支付宝,网页
T00002175,2023-01-24,C000559,P0037,3,484.48,0.0,1453.44,支付宝,APP
T00002176,2023-08-11,C000615,P0032,2,95.61,0.0,191.22,支付宝,APP
T00002177,2023-07-25,C000999,P0001,4,461.62,0.2,1477.18,支付宝,APP
T00002178,2023-01-25,C000672,P0020,2,925.61,0.0,1851.22,微信支付,小程序
T00002179,2023-10-15,C000874,P0027,4,145.04,0.0,580.16,信用卡,小程序
T00002180,2023-01-17,C000988,P0048,1,651.69,0.15,553.94,支付宝,APP
T00002181,2023-05-30,C000125,P0010,2,422.06,0.0,844.12,银行卡,网页
T00002182,2023-10-11,C000910,P0017,2,798.65,0.0,1597.3,微信支付,网页
T00002183,2023-04-12,C000436,P0005,1,766.59,0.2,613.27,信用卡,小程序
T00002184,2023-12-10,C000498,P0007,8,444.27,0.15,3021.04,信用卡,APP
T00002185,2023-02-10,C000807,P0021,4,519.75,0.0,2079.0,支付宝,网页
T00002186,2023-03-01,C000898,P0014,2,354.38,0.3,496.13,支付宝,小程序
T00002187,2023-12-16,C000949,P0020,2,925.61,0.0,1851.22,信用卡,小程序
T00002188,2023-01-03,C000994,P0011,5,643.43,0.15,2734.58,支付宝,网页
T00002189,2023-02-17,C000136,P0008,5,779.89,0.1,3509.51,银行卡,网页
T00002190,2023-03-11,C000957,P0032,1,95.61,0.3,66.93,微信支付,网页
T00002191,2023-09-01,C000378,P0033,4,838.62,0.1,3019.03,银行卡,网页
T00002192,2023-04-07,C000074,P0039,2,141.38,0.15,240.35,支付宝,APP
T00002193,2023-11-23,C000309,P0032,14,95.61,0.2,1070.83,信用卡,APP
T00002194,2023-10-23,C000174,P0019,2,340.95,0.2,545.52,微信支付,APP
T00002195,2023-06-28,C000899,P0019,1,340.95,0.0,340.95,支付宝,网页
T00002196,2023-04-22,C000053,P0022,4,596.78,0.15,2029.05,信用卡,小程序
T00002197,2023-04-05,C000069,P0025,4,476.28,0.15,1619.35,银行卡,网页
T00002198,2023-06-22,C000331,P0011,3,643.43,0.1,1737.26,银行卡,APP
T00002199,2023-01-02,C000649,P0009,3,17.15,0.0,51.45,信用卡,小程序
T00002200,2023-02-03,C000478,P0046,5,519.59,0.15,2208.26,银行卡,小程序
T00002201,2023-09-27,C000437,P0023,4,237.76,0.15,808.38,银行卡,小程序
T00002202,2023-10-19,C000227,P0039,1,141.38,0.0,141.38,银行卡,APP
T00002203,2023-10-30,C000718,P0041,3,976.66,0.1,2636.98,信用卡,网页
T00002204,2023-12-06,C000214,P0026,6,224.0,0.15,1142.4,银行卡,APP
T00002205,2023-04-05,C000654,P0029,1,287.8,0.1,259.02,微信支付,网页
T00002206,2023-07-26,C000779,P0009,4,17.15,0.0,68.6,银行卡,网页
T00002207,2023-01-05,C000024,P0031,1,791.65,0.0,791.65,银行卡,小程序
T00002208,2023-05-21,C000859,P0008,2,779.89,0.0,1559.78,信用卡,小程序
T00002209,2023-11-28,C000882,P0027,3,145.04,0.3,304.58,信用卡,APP
T00002210,2023-01-03,C000992,P0001,4,461.62,0.1,1661.83,支付宝,小程序
T00002211,2023-05-20,C000103,P0049,4,147.02,0.0,588.08,微信支付,APP
T00002212,2023-08-30,C000173,P0027,3,145.04,0.0,435.12,支付宝,网页
T00002213,2023-12-04,C000144,P0011,3,643.43,0.0,1930.29,微信支付,APP
T00002214,2023-10-12,C000291,P0010,1,422.06,0.15,358.75,银行卡,网页
T00002215,2023-06-17,C000539,P0010,2,422.06,0.15,717.5,银行卡,APP
T00002216,2023-01-01,C000095,P0018,1,63.49,0.2,50.79,银行卡,网页
T00002217,2023-11-06,C000234,P0008,8,779.89,0.0,6239.12,支付宝,APP
T00002218,2023-06-27,C000031,P0043,4,861.78,0.3,2412.98,信用卡,APP
T00002219,2023-03-26,C000659,P0050,5,740.01,0.15,3145.04,微信支付,APP
T00002220,2023-08-12,C000121,P0019,5,340.95,0.15,1449.04,支付宝,小程序
T00002221,2023-08-26,C000247,P0034,1,255.35,0.15,217.05,支付宝,APP
T00002222,2023-01-13,C000105,P0020,5,925.61,0.0,4628.05,银行卡,APP
T00002223,2023-06-04,C000628,P0005,5,766.59,0.0,3832.95,支付宝,小程序
T00002224,2023-05-15,C000481,P0019,5,340.95,0.1,1534.28,信用卡,网页
T00002225,2023-11-18,C000564,P0009,1,17.15,0.2,13.72,微信支付,APP
T00002226,2023-07-17,C000775,P0015,4,986.74,0.15,3354.92,支付宝,小程序
T00002227,2023-04-27,C000572,P0030,5,179.49,0.3,628.22,支付宝,小程序
T00002228,2023-03-16,C000228,P0007,5,444.27,0.2,1777.08,信用卡,网页
T00002229,2023-05-03,C000413,P0047,5,371.93,0.15,1580.7,支付宝,网页
T00002230,2023-06-19,C000331,P0036,5,991.36,0.3,3469.76,银行卡,小程序
T00002231,2023-10-20,C000715,P0020,1,925.61,0.15,786.77,银行卡,APP
T00002232,2023-10-22,C000001,P0048,4,651.69,0.15,2215.75,信用卡,小程序
T00002233,2023-11-23,C000707,P0004,6,330.99,0.0,1985.94,信用卡,APP
T00002234,2023-07-13,C000746,P0005,1,766.59,0.1,689.93,信用卡,APP
T00002235,2023-04-30,C000775,P0029,3,287.8,0.0,863.4,信用卡,APP
T00002236,2023-02-12,C000326,P0026,2,224.0,0.1,403.2,信用卡,APP
T00002237,2023-04-25,C000680,P0027,5,145.04,0.0,725.2,银行卡,小程序
T00002238,2023-10-10,C000144,P0004,3,330.99,0.0,992.97,支付宝,小程序
T00002239,2023-05-24,C000491,P0013,4,615.93,0.15,2094.16,微信支付,小程序
T00002240,2023-11-10,C000303,P0026,5,224.0,0.3,784.0,信用卡,APP
T00002241,2023-06-15,C000545,P0001,5,461.62,0.0,2308.1,微信支付,网页
T00002242,2023-03-31,C000309,P0014,5,354.38,0.0,1771.9,支付宝,网页
T00002243,2023-02-10,C000727,P0030,2,179.49,0.0,358.98,支付宝,小程序
T00002244,2023-06-19,C000253,P0022,6,596.78,0.0,3580.68,银行卡,网页
T00002245,2023-08-23,C000867,P0019,9,340.95,0.1,2761.69,微信支付,网页
T00002246,2023-10-16,C000016,P0025,2,476.28,0.0,952.56,微信支付,网页
T00002247,2023-08-20,C000245,P0004,2,330.99,0.0,661.98,银行卡,小程序
T00002248,2023-11-04,C000368,P0019,5,340.95,0.3,1193.32,支付宝,网页
T00002249,2023-11-24,C000944,P0035,4,914.62,0.0,3658.48,支付宝,网页
T00002250,2023-01-11,C000620,P0009,4,17.15,0.1,61.74,微信支付,小程序
T00002251,2023-11-13,C000093,P0039,6,141.38,0.1,763.45,银行卡,APP
T00002252,2023-11-04,C000850,P0009,3,17.15,0.0,51.45,信用卡,网页
T00002253,2023-10-05,C000182,P0050,1,740.01,0.0,740.01,微信支付,小程序
T00002254,2023-04-01,C000392,P0026,5,224.0,0.0,1120.0,信用卡,APP
T00002255,2023-07-22,C000130,P0015,5,986.74,0.0,4933.7,支付宝,APP
T00002256,2023-10-28,C000513,P0011,1,643.43,0.0,643.43,银行卡,APP
T00002257,2023-04-05,C000047,P0010,4,422.06,0.0,1688.24,支付宝,APP
T00002258,2023-10-23,C000659,P0016,2,469.57,0.0,939.14,银行卡,小程序
T00002259,2023-04-26,C000619,P0032,4,95.61,0.0,382.44,支付宝,APP
T00002260,2023-01-30,C000023,P0042,2,193.1,0.2,308.96,银行卡,网页
T00002261,2023-02-20,C000150,P0025,2,476.28,0.3,666.79,银行卡,网页
T00002262,2023-12-13,C000717,P0018,6,63.49,0.2,304.75,银行卡,网页
T00002263,2023-11-04,C000003,P0020,9,925.61,0.15,7080.92,微信支付,APP
T00002264,2023-01-01,C000813,P0019,3,340.95,0.2,818.28,微信支付,APP
T00002265,2023-04-30,C000986,P0006,4,281.15,0.2,899.68,信用卡,网页
T00002266,2023-10-01,C000078,P0050,3,740.01,0.0,2220.03,信用卡,网页
T00002267,2023-08-14,C000295,P0047,3,371.93,0.3,781.05,支付宝,小程序
T00002268,2023-06-01,C000362,P0049,3,147.02,0.2,352.85,支付宝,APP
T00002269,2023-12-10,C000998,P0029,8,287.8,0.1,2072.16,信用卡,网页
T00002270,2023-01-30,C000182,P0023,4,237.76,0.2,760.83,信用卡,APP
T00002271,2023-03-06,C000803,P0002,5,123.04,0.0,615.2,支付宝,小程序
T00002272,2023-11-28,C000489,P0021,7,519.75,0.2,2910.6,支付宝,小程序
T00002273,2023-11-16,C000160,P0004,3,330.99,0.2,794.38,支付宝,网页
T00002274,2023-09-02,C000561,P0041,4,976.66,0.0,3906.64,信用卡,小程序
T00002275,2023-09-02,C000438,P0041,2,976.66,0.0,1953.32,微信支付,APP
T00002276,2023-03-19,C000701,P0013,4,615.93,0.0,2463.72,银行卡,小程序
T00002277,2023-03-21,C000890,P0005,2,766.59,0.1,1379.86,银行卡,小程序
T00002278,2023-09-20,C000425,P0024,2,740.37,0.1,1332.67,支付宝,APP
T00002279,2023-05-27,C000621,P0010,3,422.06,0.0,1266.18,支付宝,APP
T00002280,2023-01-15,C000251,P0048,4,651.69,0.3,1824.73,银行卡,APP
T00002281,2023-10-19,C000551,P0049,5,147.02,0.2,588.08,微信支付,APP
T00002282,2023-12-26,C000075,P0045,3,789.81,0.1,2132.49,银行卡,小程序
T00002283,2023-12-04,C000515,P0041,8,976.66,0.0,7813.28,微信支付,网页
T00002284,2023-10-02,C000265,P0046,1,519.59,0.1,467.63,微信支付,小程序
T00002285,2023-09-12,C000351,P0027,5,145.04,0.0,725.2,银行卡,APP
T00002286,2023-09-26,C000043,P0009,1,17.15,0.0,17.15,银行卡,小程序
T00002287,2023-01-16,C000824,P0025,3,476.28,0.0,1428.84,信用卡,网页
T00002288,2023-05-30,C000442,P0012,4,614.43,0.3,1720.4,微信支付,网页
T00002289,2023-02-02,C000500,P0010,2,422.06,0.0,844.12,银行卡,网页
T00002290,2023-04-23,C000501,P0016,3,469.57,0.2,1126.97,信用卡,网页
T00002291,2023-07-17,C000481,P0040,5,484.99,0.1,2182.45,银行卡,小程序
T00002292,2023-08-07,C000169,P0011,5,643.43,0.15,2734.58,银行卡,小程序
T00002293,2023-07-08,C000023,P0008,4,779.89,0.0,3119.56,银行卡,APP
T00002294,2023-07-31,C000133,P0038,7,562.9,0.1,3546.27,银行卡,APP
T00002295,2023-03-15,C000056,P0044,4,535.61,0.3,1499.71,微信支付,网页
T00002296,2023-08-02,C000505,P0046,3,519.59,0.0,1558.77,银行卡,小程序
T00002297,2023-01-12,C000452,P0040,5,484.99,0.3,1697.46,微信支付,网页
T00002298,2023-12-17,C000888,P0018,3,63.49,0.15,161.9,支付宝,网页
T00002299,2023-08-12,C000381,P0043,1,861.78,0.3,603.25,微信支付,网页
T00002300,2023-09-10,C000564,P0030,1,179.49,0.0,179.49,银行卡,网页
T00002301,2023-10-18,C000879,P0030,2,179.49,0.0,358.98,支付宝,小程序
T00002302,2023-05-30,C000672,P0045,1,789.81,0.1,710.83,支付宝,APP
T00002303,2023-04-28,C000626,P0042,5,193.1,0.0,965.5,支付宝,网页
T00002304,2023-08-20,C000697,P0036,3,991.36,0.0,2974.08,信用卡,小程序
T00002305,2023-03-21,C000058,P0045,5,789.81,0.2,3159.24,银行卡,网页
T00002306,2023-02-02,C000945,P0046,4,519.59,0.1,1870.52,信用卡,小程序
T00002307,2023-08-16,C000405,P0001,3,461.62,0.0,1384.86,微信支付,小程序
T00002308,2023-08-07,C000005,P0013,1,615.93,0.0,615.93,微信支付,APP
T00002309,2023-01-26,C000693,P0047,5,371.93,0.0,1859.65,银行卡,APP
T00002310,2023-07-18,C000792,P0017,6,798.65,0.3,3354.33,微信支付,网页
T00002311,2023-08-20,C000591,P0044,4,535.61,0.3,1499.71,微信支付,小程序
T00002312,2023-10-04,C000416,P0039,4,141.38,0.2,452.42,支付宝,小程序
T00002313,2023-04-16,C000009,P0025,3,476.28,0.2,1143.07,银行卡,小程序
T00002314,2023-05-27,C000898,P0028,5,210.19,0.0,1050.95,支付宝,小程序
T00002315,2023-07-09,C000287,P0027,8,145.04,0.0,1160.32,支付宝,APP
T00002316,2023-03-16,C000637,P0017,3,798.65,0.3,1677.16,支付宝,小程序
T00002317,2023-04-21,C000052,P0024,1,740.37,0.0,740.37,支付宝,网页
T00002318,2023-05-30,C000113,P0026,4,224.0,0.0,896.0,支付宝,小程序
T00002319,2023-01-25,C000975,P0014,5,354.38,0.2,1417.52,支付宝,网页
T00002320,2023-05-11,C000070,P0041,1,976.66,0.0,976.66,支付宝,网页
T00002321,2023-05-04,C000357,P0005,4,766.59,0.1,2759.72,银行卡,APP
T00002322,2023-12-18,C000854,P0014,5,354.38,0.2,1417.52,支付宝,网页
T00002323,2023-09-21,C000223,P0042,4,193.1,0.0,772.4,信用卡,网页
T00002324,2023-06-30,C000052,P0033,2,838.62,0.2,1341.79,支付宝,APP
T00002325,2023-07-26,C000954,P0034,4,255.35,0.1,919.26,支付宝,网页
T00002326,2023-08-19,C000269,P0036,1,991.36,0.15,842.66,支付宝,APP
T00002327,2023-08-25,C000106,P0043,7,861.78,0.15,5127.59,微信支付,网页
T00002328,2023-12-26,C000447,P0007,1,444.27,0.15,377.63,信用卡,网页
T00002329,2023-09-22,C000116,P0028,1,210.19,0.15,178.66,信用卡,网页
T00002330,2023-08-13,C000594,P0023,6,237.76,0.0,1426.56,微信支付,网页
T00002331,2023-02-03,C000891,P0031,1,791.65,0.2,633.32,银行卡,APP
T00002332,2023-06-20,C000213,P0035,4,914.62,0.0,3658.48,支付宝,小程序
T00002333,2023-06-28,C000336,P0028,7,210.19,0.15,1250.63,银行卡,APP
T00002334,2023-07-06,C000254,P0016,8,469.57,0.3,2629.59,微信支付,网页
T00002335,2023-03-23,C000410,P0025,2,476.28,0.0,952.56,信用卡,小程序
T00002336,2023-09-04,C000573,P0022,1,596.78,0.0,596.78,银行卡,小程序
T00002337,2023-05-18,C000439,P0028,5,210.19,0.1,945.86,微信支付,APP
T00002338,2023-04-14,C000156,P0001,5,461.62,0.0,2308.1,微信支付,APP
T00002339,2023-08-25,C000491,P0012,6,614.43,0.15,3133.59,微信支付,网页
T00002340,2023-06-12,C000654,P0005,5,766.59,0.2,3066.36,支付宝,APP
T00002341,2023-06-13,C000896,P0009,7,17.15,0.0,120.05,信用卡,APP
T00002342,2023-05-03,C000824,P0001,5,461.62,0.1,2077.29,微信支付,APP
T00002343,2023-10-02,C000947,P0037,4,484.48,0.0,1937.92,支付宝,小程序
T00002344,2023-08-22,C000849,P0049,3,147.02,0.2,352.85,微信支付,网页
T00002345,2023-09-01,C000467,P0031,1,791.65,0.0,791.65,银行卡,APP
T00002346,2023-06-13,C000710,P0009,6,17.15,0.1,92.61,微信支付,APP
T00002347,2023-11-05,C000009,P0004,11,330.99,0.0,3640.89,支付宝,APP
T00002348,2023-03-14,C000879,P0046,3,519.59,0.0,1558.77,微信支付,网页
T00002349,2023-12-12,C000501,P0019,5,340.95,0.0,1704.75,银行卡,小程序
T00002350,2023-12-04,C000870,P0031,11,791.65,0.0,8708.15,信用卡,APP
T00002351,2023-12-14,C000597,P0038,6,562.9,0.0,3377.4,信用卡,网页
T00002352,2023-07-24,C000789,P0026,6,224.0,0.0,1344.0,信用卡,小程序
T00002353,2023-05-01,C000295,P0013,3,615.93,0.0,1847.79,支付宝,小程序
T00002354,2023-07-07,C000166,P0010,5,422.06,0.2,1688.24,信用卡,小程序
T00002355,2023-12-31,C000201,P0024,9,740.37,0.2,5330.66,微信支付,APP
T00002356,2023-02-15,C000078,P0038,3,562.9,0.0,1688.7,支付宝,网页
T00002357,2023-01-11,C000710,P0024,3,740.37,0.1,1999.0,微信支付,网页
T00002358,2023-01-26,C000117,P0049,3,147.02,0.1,396.95,支付宝,APP
T00002359,2023-06-18,C000764,P0003,1,806.41,0.1,725.77,微信支付,网页
T00002360,2023-01-05,C000517,P0002,1,123.04,0.0,123.04,信用卡,网页
T00002361,2023-10-14,C000735,P0037,2,484.48,0.2,775.17,银行卡,网页
T00002362,2023-06-22,C000467,P0039,9,141.38,0.0,1272.42,微信支付,网页
T00002363,2023-05-28,C000513,P0033,2,838.62,0.0,1677.24,信用卡,APP
T00002364,2023-11-04,C000111,P0012,7,614.43,0.1,3870.91,支付宝,网页
T00002365,2023-07-16,C000994,P0016,9,469.57,0.2,3380.9,信用卡,网页
T00002366,2023-12-14,C000832,P0016,3,469.57,0.0,1408.71,支付宝,网页
T00002367,2023-12-21,C000837,P0009,8,17.15,0.0,137.2,微信支付,网页
T00002368,2023-07-21,C000342,P0035,5,914.62,0.15,3887.14,微信支付,小程序
T00002369,2023-09-13,C000132,P0043,3,861.78,0.0,2585.34,支付宝,APP
T00002370,2023-12-19,C000692,P0048,3,651.69,0.1,1759.56,支付宝,APP
T00002371,2023-06-05,C000765,P0043,7,861.78,0.0,6032.46,支付宝,小程序
T00002372,2023-01-13,C000785,P0036,3,991.36,0.0,2974.08,微信支付,APP
T00002373,2023-09-11,C000411,P0008,2,779.89,0.2,1247.82,支付宝,小程序
T00002374,2023-12-23,C000203,P0047,3,371.93,0.1,1004.21,微信支付,网页
T00002375,2023-11-03,C000781,P0046,5,519.59,0.0,2597.95,支付宝,APP
T00002376,2023-01-20,C000054,P0038,5,562.9,0.3,1970.15,微信支付,APP
T00002377,2023-10-11,C000534,P0029,1,287.8,0.2,230.24,支付宝,网页
T00002378,2023-09-30,C000178,P0003,5,806.41,0.2,3225.64,微信支付,网页
T00002379,2023-12-24,C000067,P0018,6,63.49,0.15,323.8,微信支付,小程序
T00002380,2023-12-16,C000637,P0004,3,330.99,0.0,992.97,微信支付,小程序
T00002381,2023-08-16,C000435,P0027,1,145.04,0.1,130.54,信用卡,APP
T00002382,2023-10-01,C000026,P0042,5,193.1,0.3,675.85,支付宝,APP
T00002383,2023-03-12,C000651,P0044,4,535.61,0.15,1821.07,支付宝,网页
T00002384,2023-10-20,C000799,P0020,4,925.61,0.2,2961.95,银行卡,网页
T00002385,2023-01-02,C000934,P0023,2,237.76,0.0,475.52,支付宝,APP
T00002386,2023-06-28,C000562,P0044,3,535.61,0.2,1285.46,微信支付,APP
T00002387,2023-11-10,C000510,P0028,4,210.19,0.15,714.65,银行卡,APP
T00002388,2023-02-18,C000599,P0036,1,991.36,0.2,793.09,银行卡,APP
T00002389,2023-12-08,C000621,P0028,4,210.19,0.1,756.68,银行卡,小程序
T00002390,2023-01-15,C000746,P0049,1,147.02,0.1,132.32,信用卡,网页
T00002391,2023-09-03,C000888,P0045,1,789.81,0.15,671.34,信用卡,网页
T00002392,2023-07-23,C000674,P0009,8,17.15,0.0,137.2,信用卡,APP
T00002393,2023-08-10,C000539,P0035,3,914.62,0.2,2195.09,信用卡,小程序
T00002394,2023-03-24,C000947,P0030,4,179.49,0.0,717.96,微信支付,APP
T00002395,2023-08-06,C000446,P0028,6,210.19,0.2,1008.91,支付宝,小程序
T00002396,2023-12-25,C000200,P0045,9,789.81,0.0,7108.29,信用卡,网页
T00002397,2023-03-28,C000564,P0012,5,614.43,0.2,2457.72,支付宝,网页
T00002398,2023-05-30,C000598,P0038,2,562.9,0.3,788.06,银行卡,小程序
T00002399,2023-10-02,C000139,P0007,3,444.27,0.0,1332.81,信用卡,网页
T00002400,2023-08-27,C000445,P0010,5,422.06,0.3,1477.21,信用卡,网页
T00002401,2023-06-01,C000563,P0002,3,123.04,0.0,369.12,支付宝,网页
T00002402,2023-01-16,C000941,P0005,3,766.59,0.0,2299.77,信用卡,APP
T00002403,2023-07-18,C000495,P0022,8,596.78,0.15,4058.1,支付宝,APP
T00002404,2023-10-30,C000889,P0023,4,237.76,0.0,951.04,支付宝,小程序
T00002405,2023-09-30,C000083,P0029,1,287.8,0.3,201.46,银行卡,小程序
T00002406,2023-08-08,C000058,P0003,5,806.41,0.0,4032.05,微信支付,网页
T00002407,2023-05-19,C000721,P0039,2,141.38,0.15,240.35,信用卡,小程序
T00002408,2023-09-09,C000655,P0023,4,237.76,0.0,951.04,微信支付,小程序
T00002409,2023-01-09,C000145,P0050,5,740.01,0.0,3700.05,支付宝,APP
T00002410,2023-02-22,C000899,P0047,2,371.93,0.0,743.86,支付宝,APP
T00002411,2023-11-26,C000401,P0033,2,838.62,0.0,1677.24,支付宝,网页
T00002412,2023-12-05,C000616,P0042,5,193.1,0.0,965.5,微信支付,APP
T00002413,2023-04-07,C000620,P0027,2,145.04,0.3,203.06,支付宝,小程序
T00002414,2023-10-15,C000394,P0002,2,123.04,0.0,246.08,支付宝,网页
T00002415,2023-11-24,C000021,P0013,5,615.93,0.3,2155.75,微信支付,网页
T00002416,2023-11-30,C000434,P0046,3,519.59,0.3,1091.14,信用卡,网页
T00002417,2023-05-03,C000968,P0031,3,791.65,0.0,2374.95,银行卡,网页
T00002418,2023-12-20,C000827,P0006,5,281.15,0.2,1124.6,银行卡,网页
T00002419,2023-12-14,C000931,P0050,7,740.01,0.2,4144.06,信用卡,小程序
T00002420,2023-09-10,C000371,P0014,3,354.38,0.0,1063.14,银行卡,APP
T00002421,2023-05-11,C000742,P0022,1,596.78,0.0,596.78,信用卡,小程序
T00002422,2023-08-08,C000999,P0036,8,991.36,0.1,7137.79,银行卡,小程序
T00002423,2023-04-12,C000766,P0043,3,861.78,0.15,2197.54,微信支付,网页
T00002424,2023-10-15,C000877,P0048,2,651.69,0.2,1042.7,银行卡,小程序
T00002425,2023-10-08,C000646,P0028,2,210.19,0.3,294.27,信用卡,网页
T00002426,2023-04-21,C000402,P0028,3,210.19,0.15,535.98,银行卡,APP
T00002427,2023-03-20,C000882,P0002,4,123.04,0.1,442.94,银行卡,小程序
T00002428,2023-08-30,C000947,P0001,9,461.62,0.0,4154.58,微信支付,APP
T00002429,2023-11-30,C000790,P0027,11,145.04,0.2,1276.35,银行卡,网页
T00002430,2023-05-05,C000441,P0047,5,371.93,0.2,1487.72,银行卡,小程序
T00002431,2023-01-17,C000025,P0023,3,237.76,0.0,713.28,支付宝,网页
T00002432,2023-01-17,C000180,P0039,5,141.38,0.0,706.9,信用卡,网页
T00002433,2023-03-26,C000843,P0047,1,371.93,0.0,371.93,信用卡,APP
T00002434,2023-05-24,C000940,P0012,5,614.43,0.3,2150.5,微信支付,小程序
T00002435,2023-01-24,C000479,P0045,4,789.81,0.0,3159.24,信用卡,APP
T00002436,2023-10-30,C000277,P0021,3,519.75,0.2,1247.4,支付宝,APP
T00002437,2023-10-15,C000065,P0002,4,123.04,0.0,492.16,银行卡,小程序
T00002438,2023-06-29,C000363,P0008,1,779.89,0.2,623.91,支付宝,网页
T00002439,2023-06-25,C000674,P0002,3,123.04,0.0,369.12,银行卡,APP
T00002440,2023-06-25,C000906,P0015,1,986.74,0.1,888.07,银行卡,小程序
T00002441,2023-12-18,C000701,P0044,5,535.61,0.3,1874.63,信用卡,小程序
T00002442,2023-06-19,C000081,P0013,1,615.93,0.0,615.93,银行卡,小程序
T00002443,2023-01-15,C000890,P0018,2,63.49,0.1,114.28,银行卡,APP
T00002444,2023-08-24,C000153,P0017,7,798.65,0.2,4472.44,信用卡,APP
T00002445,2023-12-08,C000114,P0023,2,237.76,0.1,427.97,微信支付,小程序
T00002446,2023-04-09,C000733,P0036,3,991.36,0.0,2974.08,银行卡,网页
T00002447,2023-02-11,C000648,P0017,4,798.65,0.0,3194.6,支付宝,小程序
T00002448,2023-04-29,C000097,P0021,1,519.75,0.1,467.78,银行卡,网页
T00002449,2023-07-03,C000774,P0021,3,519.75,0.2,1247.4,支付宝,网页
T00002450,2023-03-11,C000191,P0031,5,791.65,0.3,2770.77,支付宝,网页
T00002451,2023-08-22,C000254,P0013,5,615.93,0.0,3079.65,微信支付,APP
T00002452,2023-12-08,C000851,P0021,8,519.75,0.1,3742.2,微信支付,网页
T00002453,2023-05-12,C000178,P0007,4,444.27,0.0,1777.08,银行卡,小程序
T00002454,2023-03-02,C001000,P0033,4,838.62,0.1,3019.03,微信支付,APP
T00002455,2023-10-29,C000956,P0040,1,484.99,0.1,436.49,微信支付,APP
T00002456,2023-11-05,C000247,P0028,2,210.19,0.0,420.38,银行卡,APP
T00002457,2023-08-12,C000506,P0048,1,651.69,0.0,651.69,银行卡,小程序
T00002458,2023-11-12,C000553,P0038,5,562.9,0.0,2814.5,信用卡,网页
T00002459,2023-04-27,C000824,P0044,1,535.61,0.0,535.61,微信支付,网页
T00002460,2023-04-28,C000544,P0050,5,740.01,0.15,3145.04,支付宝,网页
T00002461,2023-09-15,C000871,P0023,1,237.76,0.2,190.21,银行卡,小程序
T00002462,2023-03-19,C000149,P0004,3,330.99,0.15,844.02,微信支付,网页
T00002463,2023-06-02,C000048,P0024,3,740.37,0.3,1554.78,微信支付,APP
T00002464,2023-05-07,C000136,P0017,4,798.65,0.0,3194.6,银行卡,网页
T00002465,2023-07-13,C000190,P0030,8,179.49,0.0,1435.92,银行卡,网页
T00002466,2023-10-30,C000767,P0002,3,123.04,0.2,295.3,银行卡,APP
T00002467,2023-02-13,C000872,P0034,2,255.35,0.2,408.56,银行卡,APP
T00002468,2023-08-12,C000382,P0040,3,484.99,0.0,1454.97,支付宝,小程序
T00002469,2023-12-01,C000681,P0011,11,643.43,0.0,7077.73,支付宝,网页
T00002470,2023-01-09,C000151,P0027,5,145.04,0.0,725.2,信用卡,小程序
T00002471,2023-03-06,C000925,P0025,3,476.28,0.3,1000.19,支付宝,网页
T00002472,2023-04-20,C000522,P0011,1,643.43,0.3,450.4,信用卡,APP
T00002473,2023-12-17,C000086,P0040,2,484.99,0.1,872.98,微信支付,小程序
T00002474,2023-03-21,C000101,P0011,5,643.43,0.15,2734.58,微信支付,网页
T00002475,2023-10-18,C000806,P0005,3,766.59,0.1,2069.79,微信支付,小程序
T00002476,2023-08-24,C000797,P0028,5,210.19,0.0,1050.95,银行卡,APP
T00002477,2023-10-17,C000699,P0033,4,838.62,0.1,3019.03,支付宝,网页
T00002478,2023-11-26,C000355,P0019,13,340.95,0.3,3102.64,支付宝,网页
T00002479,2023-04-11,C000261,P0004,3,330.99,0.0,992.97,支付宝,APP
T00002480,2023-04-01,C000135,P0001,4,461.62,0.2,1477.18,微信支付,小程序
T00002481,2023-09-11,C000628,P0036,1,991.36,0.0,991.36,银行卡,小程序
T00002482,2023-06-27,C000175,P0004,7,330.99,0.1,2085.24,信用卡,网页
T00002483,2023-01-25,C000665,P0016,1,469.57,0.0,469.57,支付宝,小程序
T00002484,2023-04-16,C000418,P0018,4,63.49,0.2,203.17,银行卡,网页
T00002485,2023-11-17,C000550,P0005,3,766.59,0.1,2069.79,支付宝,APP
T00002486,2023-02-08,C000851,P0016,5,469.57,0.2,1878.28,微信支付,网页
T00002487,2023-03-30,C000050,P0005,3,766.59,0.0,2299.77,微信支付,APP
T00002488,2023-05-24,C000062,P0025,1,476.28,0.15,404.84,银行卡,APP
T00002489,2023-03-18,C000101,P0001,2,461.62,0.15,784.75,微信支付,网页
T00002490,2023-05-01,C000033,P0012,5,614.43,0.2,2457.72,微信支付,小程序
T00002491,2023-02-09,C000689,P0049,4,147.02,0.15,499.87,支付宝,小程序
T00002492,2023-11-23,C000228,P0027,11,145.04,0.0,1595.44,支付宝,小程序
T00002493,2023-12-26,C000252,P0031,9,791.65,0.1,6412.36,银行卡,小程序
T00002494,2023-09-06,C000494,P0028,2,210.19,0.0,420.38,支付宝,APP
T00002495,2023-07-01,C000083,P0009,5,17.15,0.0,85.75,支付宝,网页
T00002496,2023-01-05,C000117,P0030,4,179.49,0.0,717.96,银行卡,小程序
T00002497,2023-07-06,C000814,P0002,9,123.04,0.0,1107.36,支付宝,APP
T00002498,2023-04-21,C000007,P0030,5,179.49,0.0,897.45,支付宝,APP
T00002499,2023-10-27,C000083,P0049,5,147.02,0.0,735.1,银行卡,网页
T00002500,2023-05-13,C000431,P0024,5,740.37,0.1,3331.66,微信支付,小程序
T00002501,2023-07-22,C000347,P0023,7,237.76,0.15,1414.67,微信支付,网页
T00002502,2023-08-08,C000081,P0032,3,95.61,0.2,229.46,支付宝,小程序
T00002503,2023-12-12,C000513,P0033,10,838.62,0.3,5870.34,信用卡,APP
T00002504,2023-10-27,C000411,P0023,1,237.76,0.0,237.76,信用卡,网页
T00002505,2023-08-14,C000225,P0035,1,914.62,0.1,823.16,微信支付,网页
T00002506,2023-02-20,C000558,P0013,5,615.93,0.1,2771.68,银行卡,APP
T00002507,2023-03-26,C000144,P0047,2,371.93,0.2,595.09,银行卡,小程序
T00002508,2023-07-14,C000310,P0005,5,766.59,0.1,3449.66,微信支付,网页
T00002509,2023-08-06,C000745,P0014,2,354.38,0.2,567.01,支付宝,APP
T00002510,2023-08-23,C000798,P0027,1,145.04,0.0,145.04,支付宝,网页
T00002511,2023-04-06,C000524,P0019,2,340.95,0.0,681.9,信用卡,小程序
T00002512,2023-08-04,C000909,P0014,5,354.38,0.0,1771.9,银行卡,网页
T00002513,2023-06-10,C000552,P0025,7,476.28,0.15,2833.87,信用卡,APP
T00002514,2023-04-21,C000565,P0025,5,476.28,0.3,1666.98,微信支付,APP
T00002515,2023-01-15,C000555,P0018,2,63.49,0.1,114.28,微信支付,网页
T00002516,2023-04-27,C000864,P0045,1,789.81,0.3,552.87,银行卡,小程序
T00002517,2023-04-03,C000975,P0048,2,651.69,0.3,912.37,支付宝,小程序
T00002518,2023-11-26,C000495,P0011,2,643.43,0.15,1093.83,微信支付,网页
T00002519,2023-02-02,C000930,P0003,3,806.41,0.0,2419.23,信用卡,小程序
T00002520,2023-12-18,C000593,P0010,1,422.06,0.1,379.85,微信支付,APP
T00002521,2023-09-20,C000288,P0011,4,643.43,0.0,2573.72,微信支付,APP
T00002522,2023-02-14,C000117,P0035,4,914.62,0.2,2926.78,信用卡,小程序
T00002523,2023-01-28,C000343,P0031,4,791.65,0.15,2691.61,银行卡,小程序
T00002524,2023-09-02,C000596,P0019,5,340.95,0.1,1534.28,支付宝,网页
T00002525,2023-03-24,C000110,P0009,4,17.15,0.0,68.6,支付宝,网页
T00002526,2023-10-07,C000810,P0027,3,145.04,0.1,391.61,银行卡,小程序
T00002527,2023-02-18,C000635,P0036,5,991.36,0.2,3965.44,支付宝,APP
T00002528,2023-08-10,C000505,P0005,3,766.59,0.2,1839.82,银行卡,网页
T00002529,2023-05-05,C000418,P0007,2,444.27,0.3,621.98,支付宝,APP
T00002530,2023-11-02,C000979,P0030,8,179.49,0.1,1292.33,微信支付,小程序
T00002531,2023-08-01,C000429,P0007,7,444.27,0.1,2798.9,微信支付,网页
T00002532,2023-10-15,C000073,P0033,1,838.62,0.15,712.83,微信支付,小程序
T00002533,2023-12-20,C000605,P0046,14,519.59,0.0,7274.26,信用卡,小程序
T00002534,2023-03-27,C000049,P0045,1,789.81,0.3,552.87,微信支付,小程序
T00002535,2023-01-07,C000079,P0032,4,95.61,0.1,344.2,银行卡,APP
T00002536,2023-12-16,C000176,P0045,2,789.81,0.3,1105.73,微信支付,网页
T00002537,2023-03-03,C000079,P0016,4,469.57,0.15,1596.54,银行卡,网页
T00002538,2023-10-24,C000773,P0003,1,806.41,0.0,806.41,支付宝,APP
T00002539,2023-09-01,C000168,P0044,5,535.61,0.0,2678.05,银行卡,网页
T00002540,2023-09-22,C000341,P0050,5,740.01,0.0,3700.05,银行卡,小程序
T00002541,2023-08-04,C000697,P0016,9,469.57,0.15,3592.21,支付宝,APP
T00002542,2023-09-04,C000751,P0018,2,63.49,0.15,107.93,微信支付,APP
T00002543,2023-06-14,C000985,P0050,3,740.01,0.3,1554.02,银行卡,APP
T00002544,2023-11-04,C000758,P0045,3,789.81,0.0,2369.43,银行卡,网页
T00002545,2023-08-04,C000927,P0012,1,614.43,0.0,614.43,微信支付,网页
T00002546,2023-01-20,C000713,P0008,5,779.89,0.1,3509.51,微信支付,小程序
T00002547,2023-11-03,C000367,P0017,4,798.65,0.0,3194.6,银行卡,网页
T00002548,2023-04-30,C000322,P0007,4,444.27,0.0,1777.08,支付宝,小程序
T00002549,2023-05-05,C000917,P0001,4,461.62,0.15,1569.51,信用卡,小程序
T00002550,2023-12-05,C000346,P0048,7,651.69,0.15,3877.56,信用卡,小程序
T00002551,2023-12-05,C000372,P0020,11,925.61,0.0,10181.71,银行卡,小程序
T00002552,2023-01-17,C000768,P0036,5,991.36,0.15,4213.28,微信支付,小程序
T00002553,2023-02-25,C000496,P0030,2,179.49,0.0,358.98,支付宝,网页
T00002554,2023-07-25,C000066,P0033,1,838.62,0.0,838.62,信用卡,APP
T00002555,2023-08-08,C000030,P0029,7,287.8,0.0,2014.6,信用卡,小程序
T00002556,2023-04-26,C000301,P0046,1,519.59,0.2,415.67,微信支付,网页
T00002557,2023-03-09,C000176,P0042,2,193.1,0.2,308.96,银行卡,APP
T00002558,2023-12-19,C000538,P0040,5,484.99,0.0,2424.95,信用卡,小程序
T00002559,2023-05-06,C000752,P0012,2,614.43,0.1,1105.97,银行卡,网页
T00002560,2023-01-08,C000913,P0007,5,444.27,0.0,2221.35,银行卡,网页
T00002561,2023-05-18,C000304,P0011,5,643.43,0.3,2252.0,银行卡,APP
T00002562,2023-12-09,C000032,P0043,5,861.78,0.0,4308.9,银行卡,APP
T00002563,2023-12-24,C000316,P0039,8,141.38,0.2,904.83,支付宝,APP
T00002564,2023-12-09,C000528,P0048,9,651.69,0.0,5865.21,信用卡,网页
T00002565,2023-01-05,C000822,P0040,5,484.99,0.0,2424.95,支付宝,网页
T00002566,2023-09-11,C000198,P0023,5,237.76,0.15,1010.48,支付宝,APP
T00002567,2023-08-28,C000328,P0003,5,806.41,0.0,4032.05,银行卡,网页
T00002568,2023-02-17,C000649,P0044,5,535.61,0.0,2678.05,微信支付,网页
T00002569,2023-02-08,C000924,P0043,1,861.78,0.0,861.78,微信支付,网页
T00002570,2023-07-16,C000632,P0021,4,519.75,0.15,1767.15,微信支付,APP
T00002571,2023-11-21,C000248,P0012,8,614.43,0.1,4423.9,信用卡,小程序
T00002572,2023-12-06,C000615,P0028,5,210.19,0.15,893.31,银行卡,APP
T00002573,2023-04-29,C000393,P0035,1,914.62,0.15,777.43,银行卡,APP
T00002574,2023-02-03,C000843,P0041,5,976.66,0.3,3418.31,微信支付,小程序
T00002575,2023-12-13,C000856,P0002,13,123.04,0.3,1119.66,银行卡,APP
T00002576,2023-05-24,C000647,P0042,2,193.1,0.0,386.2,支付宝,网页
T00002577,2023-08-06,C000182,P0044,8,535.61,0.0,4284.88,信用卡,APP
T00002578,2023-04-14,C000691,P0020,5,925.61,0.15,3933.84,微信支付,APP
T00002579,2023-05-12,C000484,P0014,3,354.38,0.0,1063.14,信用卡,网页
T00002580,2023-11-10,C000750,P0017,2,798.65,0.3,1118.11,银行卡,网页
T00002581,2023-03-31,C000256,P0019,5,340.95,0.0,1704.75,信用卡,小程序
T00002582,2023-03-10,C000338,P0036,3,991.36,0.0,2974.08,信用卡,网页
T00002583,2023-04-15,C000841,P0022,1,596.78,0.15,507.26,银行卡,APP
T00002584,2023-10-14,C000926,P0041,5,976.66,0.3,3418.31,银行卡,小程序
T00002585,2023-05-20,C000864,P0031,1,791.65,0.0,791.65,信用卡,小程序
T00002586,2023-08-05,C000335,P0019,2,340.95,0.0,681.9,信用卡,网页
T00002587,2023-06-18,C000265,P0003,5,806.41,0.15,3427.24,微信支付,APP
T00002588,2023-01-20,C000607,P0049,5,147.02,0.0,735.1,银行卡,APP
T00002589,2023-10-09,C000973,P0033,4,838.62,0.0,3354.48,银行卡,网页
T00002590,2023-11-09,C000412,P0042,9,193.1,0.1,1564.11,信用卡,网页
T00002591,2023-10-29,C000626,P0035,5,914.62,0.0,4573.1,信用卡,APP
T00002592,2023-07-29,C000110,P0045,7,789.81,0.3,3870.07,支付宝,网页
T00002593,2023-10-27,C000088,P0004,3,330.99,0.15,844.02,信用卡,APP
T00002594,2023-02-11,C000987,P0002,2,123.04,0.3,172.26,银行卡,小程序
T00002595,2023-08-18,C000345,P0007,6,444.27,0.0,2665.62,信用卡,网页
T00002596,2023-06-16,C000669,P0001,3,461.62,0.2,1107.89,信用卡,APP
T00002597,2023-12-18,C000394,P0007,9,444.27,0.0,3998.43,微信支付,APP
T00002598,2023-05-26,C000213,P0045,3,789.81,0.15,2014.02,信用卡,小程序
T00002599,2023-09-22,C000020,P0021,3,519.75,0.0,1559.25,支付宝,小程序
T00002600,2023-06-21,C000419,P0027,9,145.04,0.0,1305.36,信用卡,网页
T00002601,2023-06-09,C000139,P0003,5,806.41,0.3,2822.43,信用卡,APP
T00002602,2023-08-30,C000550,P0045,6,789.81,0.0,4738.86,信用卡,APP
T00002603,2023-06-03,C000865,P0003,2,806.41,0.3,1128.97,微信支付,小程序
T00002604,2023-06-15,C000503,P0046,7,519.59,0.3,2545.99,信用卡,网页
T00002605,2023-09-21,C000645,P0005,4,766.59,0.3,2146.45,微信支付,小程序
T00002606,2023-11-28,C000587,P0019,5,340.95,0.1,1534.28,支付宝,小程序
T00002607,2023-07-17,C000331,P0013,7,615.93,0.0,4311.51,支付宝,APP
T00002608,2023-02-10,C000145,P0049,4,147.02,0.15,499.87,信用卡,小程序
T00002609,2023-06-20,C000991,P0006,8,281.15,0.0,2249.2,银行卡,小程序
T00002610,2023-09-15,C000151,P0024,4,740.37,0.1,2665.33,银行卡,小程序
T00002611,2023-07-12,C000487,P0049,1,147.02,0.1,132.32,银行卡,网页
T00002612,2023-03-17,C000969,P0004,2,330.99,0.2,529.58,信用卡,APP
T00002613,2023-05-10,C000697,P0020,3,925.61,0.0,2776.83,银行卡,网页
T00002614,2023-09-18,C000613,P0050,4,740.01,0.2,2368.03,微信支付,APP
T00002615,2023-02-23,C000074,P0035,2,914.62,0.0,1829.24,微信支付,网页
T00002616,2023-08-14,C000432,P0044,1,535.61,0.3,374.93,支付宝,网页
T00002617,2023-04-23,C000908,P0008,4,779.89,0.0,3119.56,银行卡,网页
T00002618,2023-08-25,C000908,P0030,5,179.49,0.1,807.71,微信支付,网页
T00002619,2023-05-06,C000456,P0026,5,224.0,0.0,1120.0,支付宝,小程序
T00002620,2023-11-11,C000937,P0036,11,991.36,0.1,9814.46,银行卡,网页
T00002621,2023-07-11,C000280,P0040,5,484.99,0.0,2424.95,银行卡,APP
T00002622,2023-10-28,C000869,P0023,2,237.76,0.1,427.97,信用卡,网页
T00002623,2023-01-15,C000803,P0049,2,147.02,0.1,264.64,信用卡,网页
T00002624,2023-08-03,C000487,P0036,3,991.36,0.3,2081.86,微信支付,APP
T00002625,2023-09-03,C000479,P0027,3,145.04,0.0,435.12,银行卡,小程序
T00002626,2023-08-16,C000205,P0023,3,237.76,0.0,713.28,信用卡,APP
T00002627,2023-11-30,C000213,P0050,2,740.01,0.0,1480.02,支付宝,小程序
T00002628,2023-01-24,C000872,P0037,3,484.48,0.2,1162.75,支付宝,网页
T00002629,2023-07-10,C000366,P0026,6,224.0,0.2,1075.2,银行卡,小程序
T00002630,2023-05-15,C000251,P0022,5,596.78,0.3,2088.73,银行卡,小程序
T00002631,2023-12-03,C000375,P0028,4,210.19,0.0,840.76,微信支付,小程序
T00002632,2023-03-08,C000441,P0027,1,145.04,0.2,116.03,支付宝,APP
T00002633,2023-05-14,C000030,P0030,5,179.49,0.2,717.96,支付宝,APP
T00002634,2023-01-31,C000252,P0048,3,651.69,0.15,1661.81,银行卡,网页
T00002635,2023-02-09,C000615,P0006,5,281.15,0.15,1194.89,信用卡,网页
T00002636,2023-02-11,C000561,P0006,1,281.15,0.2,224.92,银行卡,小程序
T00002637,2023-04-21,C000985,P0048,4,651.69,0.3,1824.73,银行卡,网页
T00002638,2023-08-07,C000320,P0005,4,766.59,0.1,2759.72,支付宝,小程序
T00002639,2023-11-26,C000664,P0049,9,147.02,0.2,1058.54,支付宝,网页
T00002640,2023-08-25,C000598,P0047,6,371.93,0.2,1785.26,信用卡,小程序
T00002641,2023-03-17,C000629,P0046,1,519.59,0.2,415.67,银行卡,小程序
T00002642,2023-03-10,C000414,P0024,3,740.37,0.15,1887.94,银行卡,APP
T00002643,2023-09-27,C000634,P0042,1,193.1,0.0,193.1,微信支付,小程序
T00002644,2023-04-30,C000238,P0045,1,789.81,0.2,631.85,微信支付,小程序
T00002645,2023-12-27,C000509,P0012,11,614.43,0.3,4731.11,支付宝,网页
T00002646,2023-05-23,C000697,P0031,2,791.65,0.15,1345.8,信用卡,APP
T00002647,2023-03-21,C000260,P0005,1,766.59,0.0,766.59,支付宝,APP
T00002648,2023-02-15,C000398,P0035,4,914.62,0.0,3658.48,银行卡,网页
T00002649,2023-06-07,C000889,P0029,2,287.8,0.15,489.26,支付宝,网页
T00002650,2023-08-21,C000759,P0047,7,371.93,0.0,2603.51,信用卡,网页
T00002651,2023-06-04,C000003,P0009,2,17.15,0.0,34.3,银行卡,APP
T00002652,2023-01-09,C000895,P0048,2,651.69,0.2,1042.7,微信支付,小程序
T00002653,2023-09-04,C000232,P0042,3,193.1,0.0,579.3,信用卡,网页
T00002654,2023-06-08,C000491,P0032,3,95.61,0.0,286.83,微信支付,网页
T00002655,2023-02-09,C000691,P0033,2,838.62,0.0,1677.24,微信支付,网页
T00002656,2023-09-21,C000201,P0024,3,740.37,0.1,1999.0,银行卡,小程序
T00002657,2023-02-10,C000216,P0023,5,237.76,0.15,1010.48,银行卡,小程序
T00002658,2023-03-27,C000122,P0045,4,789.81,0.15,2685.35,银行卡,网页
T00002659,2023-11-15,C000060,P0040,11,484.99,0.2,4267.91,支付宝,APP
T00002660,2023-10-11,C000339,P0025,3,476.28,0.3,1000.19,支付宝,网页
T00002661,2023-08-24,C000777,P0023,6,237.76,0.15,1212.58,微信支付,APP
T00002662,2023-10-28,C000319,P0015,5,986.74,0.3,3453.59,支付宝,小程序
T00002663,2023-01-22,C000057,P0047,2,371.93,0.15,632.28,支付宝,网页
T00002664,2023-07-17,C000266,P0013,3,615.93,0.3,1293.45,微信支付,网页
T00002665,2023-03-22,C000706,P0007,5,444.27,0.0,2221.35,信用卡,小程序
T00002666,2023-05-04,C000868,P0049,1,147.02,0.3,102.91,支付宝,APP
T00002667,2023-02-02,C000322,P0033,2,838.62,0.1,1509.52,微信支付,网页
T00002668,2023-02-16,C000303,P0006,4,281.15,0.0,1124.6,微信支付,APP
T00002669,2023-02-12,C000904,P0022,3,596.78,0.0,1790.34,微信支付,APP
T00002670,2023-02-02,C000229,P0021,1,519.75,0.0,519.75,支付宝,网页
T00002671,2023-06-01,C000461,P0001,6,461.62,0.2,2215.78,支付宝,APP
T00002672,2023-11-12,C000418,P0048,7,651.69,0.0,4561.83,银行卡,网页
T00002673,2023-08-22,C000760,P0027,5,145.04,0.3,507.64,银行卡,网页
T00002674,2023-06-05,C000802,P0008,8,779.89,0.0,6239.12,支付宝,APP
T00002675,2023-07-28,C000879,P0040,7,484.99,0.0,3394.93,支付宝,网页
T00002676,2023-06-07,C000085,P0044,9,535.61,0.3,3374.34,支付宝,APP
T00002677,2023-08-03,C000940,P0007,7,444.27,0.1,2798.9,支付宝,APP
T00002678,2023-01-31,C000910,P0049,5,147.02,0.2,588.08,微信支付,APP
T00002679,2023-12-07,C000138,P0017,2,798.65,0.0,1597.3,信用卡,小程序
T00002680,2023-03-06,C000704,P0010,1,422.06,0.2,337.65,信用卡,网页
T00002681,2023-11-23,C000175,P0026,11,224.0,0.15,2094.4,信用卡,APP
T00002682,2023-01-16,C000199,P0034,3,255.35,0.1,689.44,支付宝,小程序
T00002683,2023-01-02,C000354,P0001,5,461.62,0.0,2308.1,微信支付,小程序
T00002684,2023-11-21,C000945,P0041,6,976.66,0.3,4101.97,微信支付,小程序
T00002685,2023-11-18,C000051,P0030,3,179.49,0.0,538.47,支付宝,小程序
T00002686,2023-12-05,C000935,P0030,7,179.49,0.15,1067.97,信用卡,小程序
T00002687,2023-03-07,C000825,P0017,2,798.65,0.15,1357.7,信用卡,APP
T00002688,2023-03-16,C000359,P0040,1,484.99,0.0,484.99,银行卡,APP
T00002689,2023-01-23,C000694,P0022,5,596.78,0.3,2088.73,支付宝,小程序
T00002690,2023-03-17,C000971,P0041,5,976.66,0.1,4394.97,支付宝,网页
T00002691,2023-01-23,C000566,P0019,1,340.95,0.0,340.95,微信支付,网页
T00002692,2023-01-07,C000802,P0027,3,145.04,0.3,304.58,银行卡,网页
T00002693,2023-05-15,C000978,P0029,4,287.8,0.2,920.96,银行卡,APP
T00002694,2023-10-24,C000264,P0002,1,123.04,0.2,98.43,银行卡,网页
T00002695,2023-07-20,C000266,P0045,2,789.81,0.1,1421.66,银行卡,小程序
T00002696,2023-07-01,C000825,P0028,2,210.19,0.15,357.32,信用卡,小程序
T00002697,2023-09-18,C000454,P0033,4,838.62,0.0,3354.48,信用卡,小程序
T00002698,2023-11-11,C000850,P0040,3,484.99,0.1,1309.47,支付宝,网页
T00002699,2023-11-28,C000907,P0009,5,17.15,0.0,85.75,支付宝,APP
T00002700,2023-04-10,C000392,P0036,1,991.36,0.0,991.36,信用卡,小程序
T00002701,2023-05-22,C000772,P0043,4,861.78,0.0,3447.12,支付宝,APP
T00002702,2023-09-18,C000213,P0002,3,123.04,0.0,369.12,银行卡,小程序
T00002703,2023-10-28,C000331,P0049,2,147.02,0.15,249.93,微信支付,小程序
T00002704,2023-10-19,C000316,P0019,1,340.95,0.15,289.81,支付宝,网页
T00002705,2023-08-24,C000749,P0037,1,484.48,0.0,484.48,银行卡,网页
T00002706,2023-03-07,C000246,P0036,5,991.36,0.0,4956.8,支付宝,小程序
T00002707,2023-07-29,C000221,P0031,1,791.65,0.0,791.65,微信支付,APP
T00002708,2023-12-03,C000404,P0047,6,371.93,0.15,1896.84,银行卡,小程序
T00002709,2023-09-22,C000835,P0026,5,224.0,0.2,896.0,信用卡,网页
T00002710,2023-07-14,C000677,P0045,3,789.81,0.0,2369.43,银行卡,小程序
T00002711,2023-12-06,C000680,P0035,5,914.62,0.0,4573.1,微信支付,小程序
T00002712,2023-10-02,C000779,P0001,1,461.62,0.15,392.38,微信支付,APP
T00002713,2023-05-06,C000215,P0024,1,740.37,0.1,666.33,银行卡,网页
T00002714,2023-10-02,C000306,P0047,4,371.93,0.1,1338.95,信用卡,小程序
T00002715,2023-09-11,C000019,P0033,5,838.62,0.1,3773.79,银行卡,网页
T00002716,2023-10-10,C000492,P0015,3,986.74,0.2,2368.18,银行卡,小程序
T00002717,2023-06-16,C000487,P0037,3,484.48,0.0,1453.44,银行卡,小程序
T00002718,2023-04-13,C000961,P0006,4,281.15,0.0,1124.6,银行卡,小程序
T00002719,2023-12-30,C000615,P0022,5,596.78,0.2,2387.12,信用卡,网页
T00002720,2023-10-03,C000469,P0046,3,519.59,0.0,1558.77,支付宝,小程序
T00002721,2023-11-22,C000995,P0019,10,340.95,0.0,3409.5,信用卡,网页
T00002722,2023-06-15,C000124,P0049,1,147.02,0.15,124.97,信用卡,网页
T00002723,2023-05-12,C000230,P0022,3,596.78,0.15,1521.79,信用卡,网页
T00002724,2023-06-12,C000786,P0005,5,766.59,0.1,3449.66,银行卡,APP
T00002725,2023-11-10,C000452,P0026,11,224.0,0.0,2464.0,支付宝,APP
T00002726,2023-10-17,C000360,P0014,5,354.38,0.3,1240.33,微信支付,APP
T00002727,2023-02-26,C000804,P0026,2,224.0,0.3,313.6,支付宝,APP
T00002728,2023-06-17,C000487,P0037,2,484.48,0.0,968.96,微信支付,APP
T00002729,2023-09-26,C000778,P0018,5,63.49,0.3,222.21,微信支付,网页
T00002730,2023-12-06,C000172,P0039,8,141.38,0.15,961.38,支付宝,小程序
T00002731,2023-11-18,C000785,P0034,6,255.35,0.2,1225.68,支付宝,APP
T00002732,2023-11-21,C000995,P0033,1,838.62,0.3,587.03,微信支付,APP
T00002733,2023-06-03,C000006,P0036,1,991.36,0.0,991.36,微信支付,网页
T00002734,2023-05-04,C000814,P0024,5,740.37,0.1,3331.66,信用卡,小程序
T00002735,2023-09-06,C000951,P0007,3,444.27,0.0,1332.81,银行卡,网页
T00002736,2023-08-02,C000354,P0002,3,123.04,0.1,332.21,支付宝,小程序
T00002737,2023-08-12,C000877,P0032,5,95.61,0.3,334.63,信用卡,小程序
T00002738,2023-12-25,C000508,P0009,3,17.15,0.0,51.45,微信支付,网页
T00002739,2023-12-23,C000640,P0020,7,925.61,0.15,5507.38,微信支付,小程序
T00002740,2023-09-29,C000419,P0023,4,237.76,0.2,760.83,微信支付,小程序
T00002741,2023-07-06,C000044,P0048,3,651.69,0.0,1955.07,银行卡,小程序
T00002742,2023-11-29,C000223,P0043,9,861.78,0.0,7756.02,信用卡,网页
T00002743,2023-06-24,C000563,P0021,2,519.75,0.0,1039.5,信用卡,APP
T00002744,2023-08-02,C000223,P0017,7,798.65,0.1,5031.49,银行卡,网页
T00002745,2023-07-22,C000457,P0001,8,461.62,0.3,2585.07,支付宝,网页
T00002746,2023-06-25,C000683,P0006,8,281.15,0.0,2249.2,支付宝,网页
T00002747,2023-09-05,C000380,P0024,1,740.37,0.0,740.37,银行卡,网页
T00002748,2023-02-19,C000619,P0020,2,925.61,0.0,1851.22,微信支付,小程序
T00002749,2023-02-21,C000940,P0028,3,210.19,0.15,535.98,微信支付,小程序
T00002750,2023-12-11,C000251,P0049,13,147.02,0.0,1911.26,信用卡,网页
T00002751,2023-08-14,C000445,P0029,4,287.8,0.0,1151.2,支付宝,网页
T00002752,2023-01-10,C000334,P0024,3,740.37,0.2,1776.89,银行卡,小程序
T00002753,2023-12-29,C000654,P0014,5,354.38,0.3,1240.33,信用卡,小程序
T00002754,2023-08-30,C000505,P0043,1,861.78,0.1,775.6,微信支付,APP
T00002755,2023-01-02,C000273,P0038,5,562.9,0.3,1970.15,支付宝,网页
T00002756,2023-07-27,C000247,P0045,5,789.81,0.0,3949.05,微信支付,网页
T00002757,2023-10-31,C000478,P0030,1,179.49,0.0,179.49,支付宝,APP
T00002758,2023-03-05,C000659,P0022,3,596.78,0.1,1611.31,信用卡,APP
T00002759,2023-05-28,C000985,P0040,3,484.99,0.0,1454.97,支付宝,小程序
T00002760,2023-05-15,C000550,P0045,4,789.81,0.0,3159.24,微信支付,网页
T00002761,2023-07-07,C000986,P0030,7,179.49,0.0,1256.43,支付宝,APP
T00002762,2023-06-25,C000664,P0018,5,63.49,0.1,285.7,银行卡,小程序
T00002763,2023-07-11,C000220,P0030,8,179.49,0.0,1435.92,微信支付,APP
T00002764,2023-10-02,C000990,P0024,3,740.37,0.0,2221.11,支付宝,小程序
T00002765,2023-10-26,C000498,P0023,5,237.76,0.0,1188.8,信用卡,网页
T00002766,2023-09-14,C000670,P0007,4,444.27,0.1,1599.37,支付宝,APP
T00002767,2023-09-29,C000931,P0050,3,740.01,0.2,1776.02,支付宝,APP
T00002768,2023-07-30,C000245,P0011,3,643.43,0.2,1544.23,银行卡,网页
T00002769,2023-01-01,C000019,P0020,4,925.61,0.0,3702.44,银行卡,网页
T00002770,2023-10-31,C000649,P0029,1,287.8,0.0,287.8,信用卡,小程序
T00002771,2023-10-30,C000738,P0032,2,95.61,0.0,191.22,支付宝,小程序
T00002772,2023-06-28,C000328,P0046,7,519.59,0.0,3637.13,微信支付,网页
T00002773,2023-05-26,C000732,P0024,4,740.37,0.0,2961.48,支付宝,网页
T00002774,2023-01-14,C000624,P0013,4,615.93,0.0,2463.72,支付宝,APP
T00002775,2023-08-24,C000631,P0023,1,237.76,0.0,237.76,支付宝,网页
T00002776,2023-01-19,C000472,P0025,5,476.28,0.3,1666.98,银行卡,小程序
T00002777,2023-01-18,C000557,P0032,4,95.61,0.2,305.95,微信支付,小程序
T00002778,2023-06-10,C000697,P0021,1,519.75,0.2,415.8,微信支付,APP
T00002779,2023-07-06,C000830,P0038,3,562.9,0.3,1182.09,信用卡,网页
T00002780,2023-07-25,C000256,P0044,5,535.61,0.3,1874.63,信用卡,网页
T00002781,2023-05-03,C000901,P0024,3,740.37,0.2,1776.89,信用卡,APP
T00002782,2023-09-08,C000466,P0004,2,330.99,0.0,661.98,微信支付,网页
T00002783,2023-02-13,C000237,P0014,3,354.38,0.3,744.2,支付宝,APP
T00002784,2023-11-10,C000077,P0001,5,461.62,0.15,1961.88,信用卡,网页
T00002785,2023-03-26,C000651,P0032,3,95.61,0.15,243.81,微信支付,网页
T00002786,2023-07-27,C000946,P0044,2,535.61,0.2,856.98,信用卡,网页
T00002787,2023-02-02,C000275,P0045,5,789.81,0.0,3949.05,微信支付,小程序
T00002788,2023-12-08,C000681,P0001,2,461.62,0.2,738.59,微信支付,网页
T00002789,2023-11-18,C000864,P0028,7,210.19,0.0,1471.33,信用卡,APP
T00002790,2023-09-20,C000998,P0012,3,614.43,0.0,1843.29,信用卡,APP
T00002791,2023-08-30,C000969,P0038,5,562.9,0.3,1970.15,支付宝,APP
T00002792,2023-09-17,C000536,P0049,4,147.02,0.1,529.27,支付宝,APP
T00002793,2023-03-06,C000132,P0044,2,535.61,0.3,749.85,微信支付,APP
T00002794,2023-05-16,C000674,P0041,2,976.66,0.0,1953.32,微信支付,网页
T00002795,2023-02-12,C000600,P0007,4,444.27,0.3,1243.96,微信支付,网页
T00002796,2023-11-13,C000404,P0020,6,925.61,0.0,5553.66,银行卡,网页
T00002797,2023-07-10,C000220,P0045,2,789.81,0.3,1105.73,银行卡,网页
T00002798,2023-05-27,C000113,P0005,5,766.59,0.0,3832.95,银行卡,APP
T00002799,2023-04-20,C000944,P0025,4,476.28,0.0,1905.12,支付宝,小程序
T00002800,2023-06-23,C000060,P0010,3,422.06,0.2,1012.94,支付宝,小程序
T00002801,2023-10-31,C000456,P0014,4,354.38,0.15,1204.89,银行卡,APP
T00002802,2023-10-02,C000920,P0050,3,740.01,0.3,1554.02,信用卡,APP
T00002803,2023-05-14,C000687,P0025,2,476.28,0.0,952.56,支付宝,APP
T00002804,2023-05-14,C000535,P0043,2,861.78,0.0,1723.56,微信支付,网页
T00002805,2023-05-17,C000921,P0004,1,330.99,0.0,330.99,微信支付,网页
T00002806,2023-03-28,C000213,P0035,4,914.62,0.0,3658.48,微信支付,APP
T00002807,2023-09-18,C000900,P0031,4,791.65,0.0,3166.6,信用卡,网页
T00002808,2023-01-24,C000587,P0047,1,371.93,0.1,334.74,信用卡,网页
T00002809,2023-02-25,C000243,P0035,4,914.62,0.1,3292.63,微信支付,小程序
T00002810,2023-11-06,C000003,P0024,8,740.37,0.1,5330.66,支付宝,小程序
T00002811,2023-08-02,C000982,P0012,1,614.43,0.0,614.43,银行卡,小程序
T00002812,2023-09-26,C000405,P0034,5,255.35,0.0,1276.75,银行卡,APP
T00002813,2023-09-14,C000834,P0025,5,476.28,0.0,2381.4,支付宝,APP
T00002814,2023-12-10,C000397,P0011,7,643.43,0.3,3152.81,信用卡,网页
T00002815,2023-11-11,C000479,P0028,4,210.19,0.15,714.65,支付宝,网页
T00002816,2023-01-19,C000736,P0021,2,519.75,0.15,883.57,支付宝,网页
T00002817,2023-05-09,C000034,P0037,5,484.48,0.2,1937.92,信用卡,小程序
T00002818,2023-01-08,C000306,P0015,2,986.74,0.0,1973.48,支付宝,小程序
T00002819,2023-11-02,C000700,P0029,1,287.8,0.0,287.8,银行卡,小程序
T00002820,2023-10-21,C000193,P0007,4,444.27,0.15,1510.52,微信支付,小程序
T00002821,2023-07-20,C000978,P0030,1,179.49,0.0,179.49,支付宝,网页
T00002822,2023-05-07,C000613,P0005,2,766.59,0.2,1226.54,信用卡,小程序
T00002823,2023-03-12,C000896,P0050,3,740.01,0.0,2220.03,信用卡,APP
T00002824,2023-03-13,C000116,P0012,4,614.43,0.15,2089.06,支付宝,小程序
T00002825,2023-12-29,C000467,P0033,8,838.62,0.15,5702.62,支付宝,APP
T00002826,2023-11-05,C000204,P0015,6,986.74,0.3,4144.31,银行卡,APP
T00002827,2023-12-16,C000655,P0040,1,484.99,0.0,484.99,信用卡,APP
T00002828,2023-06-17,C000492,P0006,4,281.15,0.0,1124.6,信用卡,小程序
T00002829,2023-04-22,C000707,P0050,3,740.01,0.0,2220.03,支付宝,APP
T00002830,2023-02-11,C000049,P0020,1,925.61,0.0,925.61,微信支付,APP
T00002831,2023-02-14,C000339,P0037,3,484.48,0.15,1235.42,信用卡,小程序
T00002832,2023-10-24,C000955,P0001,2,461.62,0.0,923.24,信用卡,APP
T00002833,2023-09-10,C000084,P0032,4,95.61,0.2,305.95,支付宝,APP
T00002834,2023-01-17,C000421,P0023,5,237.76,0.1,1069.92,支付宝,小程序
T00002835,2023-06-05,C000133,P0005,5,766.59,0.2,3066.36,信用卡,APP
T00002836,2023-06-18,C000987,P0006,5,281.15,0.3,984.02,微信支付,小程序
T00002837,2023-11-20,C000605,P0036,5,991.36,0.1,4461.12,信用卡,小程序
T00002838,2023-05-13,C000775,P0008,5,779.89,0.1,3509.51,信用卡,网页
T00002839,2023-08-26,C000447,P0043,1,861.78,0.0,861.78,微信支付,网页
T00002840,2023-06-16,C000864,P0042,9,193.1,0.1,1564.11,微信支付,APP
T00002841,2023-11-24,C000484,P0049,3,147.02,0.0,441.06,微信支付,网页
T00002842,2023-10-25,C000767,P0027,4,145.04,0.0,580.16,信用卡,网页
T00002843,2023-06-24,C000799,P0008,1,779.89,0.0,779.89,支付宝,小程序
T00002844,2023-06-05,C000895,P0045,7,789.81,0.0,5528.67,支付宝,小程序
T00002845,2023-02-17,C000397,P0023,1,237.76,0.3,166.43,银行卡,网页
T00002846,2023-03-25,C000053,P0031,4,791.65,0.15,2691.61,银行卡,小程序
T00002847,2023-06-03,C000424,P0031,1,791.65,0.0,791.65,信用卡,小程序
T00002848,2023-08-31,C000315,P0026,5,224.0,0.2,896.0,银行卡,网页
T00002849,2023-06-24,C000154,P0030,8,179.49,0.1,1292.33,微信支付,APP
T00002850,2023-07-18,C000591,P0044,2,535.61,0.0,1071.22,银行卡,小程序
T00002851,2023-01-13,C000209,P0049,5,147.02,0.0,735.1,银行卡,小程序
T00002852,2023-07-14,C000879,P0034,5,255.35,0.0,1276.75,信用卡,网页
T00002853,2023-10-30,C000612,P0047,2,371.93,0.3,520.7,信用卡,APP
T00002854,2023-04-22,C000136,P0034,4,255.35,0.3,714.98,信用卡,APP
T00002855,2023-11-16,C000883,P0050,11,740.01,0.1,7326.1,信用卡,小程序
T00002856,2023-07-11,C000042,P0030,3,179.49,0.3,376.93,信用卡,APP
T00002857,2023-07-12,C000509,P0015,6,986.74,0.2,4736.35,信用卡,APP
T00002858,2023-12-10,C000057,P0006,10,281.15,0.0,2811.5,支付宝,APP
T00002859,2023-10-11,C000430,P0039,2,141.38,0.0,282.76,支付宝,网页
T00002860,2023-10-04,C000939,P0042,2,193.1,0.0,386.2,微信支付,APP
T00002861,2023-04-29,C000701,P0013,2,615.93,0.0,1231.86,微信支付,APP
T00002862,2023-11-12,C000952,P0038,3,562.9,0.1,1519.83,支付宝,网页
T00002863,2023-12-29,C000855,P0002,9,123.04,0.0,1107.36,微信支付,小程序
T00002864,2023-01-02,C000627,P0026,3,224.0,0.2,537.6,微信支付,APP
T00002865,2023-06-24,C000551,P0029,5,287.8,0.0,1439.0,银行卡,APP
T00002866,2023-03-11,C000352,P0033,2,838.62,0.1,1509.52,支付宝,APP
T00002867,2023-07-15,C000260,P0017,9,798.65,0.15,6109.67,银行卡,网页
T00002868,2023-09-30,C000799,P0031,3,791.65,0.0,2374.95,支付宝,APP
T00002869,2023-10-24,C000772,P0041,5,976.66,0.3,3418.31,支付宝,网页
T00002870,2023-03-27,C000359,P0024,3,740.37,0.0,2221.11,支付宝,网页
T00002871,2023-05-07,C000421,P0029,3,287.8,0.0,863.4,银行卡,网页
T00002872,2023-01-16,C000571,P0031,4,791.65,0.15,2691.61,信用卡,小程序
T00002873,2023-07-23,C000696,P0002,2,123.04,0.2,196.86,微信支付,APP
T00002874,2023-03-04,C000910,P0016,1,469.57,0.1,422.61,支付宝,APP
T00002875,2023-11-15,C000926,P0046,7,519.59,0.1,3273.42,微信支付,小程序
T00002876,2023-10-23,C000135,P0043,5,861.78,0.3,3016.23,信用卡,小程序
T00002877,2023-09-26,C000496,P0050,2,740.01,0.15,1258.02,信用卡,APP
T00002878,2023-12-25,C000258,P0005,5,766.59,0.15,3258.01,银行卡,网页
T00002879,2023-03-30,C000838,P0037,1,484.48,0.1,436.03,信用卡,网页
T00002880,2023-06-03,C000438,P0008,1,779.89,0.3,545.92,微信支付,小程序
T00002881,2023-10-13,C000007,P0033,4,838.62,0.0,3354.48,支付宝,网页
T00002882,2023-02-10,C000043,P0045,2,789.81,0.15,1342.68,信用卡,网页
T00002883,2023-06-23,C000082,P0044,3,535.61,0.0,1606.83,微信支付,小程序
T00002884,2023-12-27,C000771,P0042,1,193.1,0.1,173.79,银行卡,网页
T00002885,2023-07-07,C000069,P0018,5,63.49,0.1,285.7,微信支付,小程序
T00002886,2023-12-23,C000057,P0005,6,766.59,0.0,4599.54,信用卡,网页
T00002887,2023-11-29,C000019,P0048,2,651.69,0.1,1173.04,信用卡,网页
T00002888,2023-05-22,C000846,P0011,1,643.43,0.0,643.43,信用卡,APP
T00002889,2023-09-04,C000931,P0035,3,914.62,0.0,2743.86,微信支付,APP
T00002890,2023-01-07,C000991,P0037,3,484.48,0.15,1235.42,信用卡,APP
T00002891,2023-05-02,C000569,P0045,2,789.81,0.1,1421.66,支付宝,网页
T00002892,2023-01-26,C000886,P0006,3,281.15,0.0,843.45,信用卡,小程序
T00002893,2023-03-20,C000138,P0015,4,986.74,0.1,3552.26,支付宝,网页
T00002894,2023-12-06,C000351,P0035,12,914.62,0.15,9329.12,信用卡,APP
T00002895,2023-02-18,C000046,P0024,1,740.37,0.15,629.31,信用卡,网页
T00002896,2023-11-08,C000686,P0031,3,791.65,0.0,2374.95,银行卡,APP
T00002897,2023-10-20,C000048,P0009,1,17.15,0.3,12.0,微信支付,小程序
T00002898,2023-06-30,C000244,P0009,3,17.15,0.15,43.73,信用卡,APP
T00002899,2023-05-18,C000663,P0037,2,484.48,0.3,678.27,信用卡,小程序
T00002900,2023-06-24,C000166,P0033,9,838.62,0.0,7547.58,银行卡,网页
T00002901,2023-03-05,C000440,P0005,2,766.59,0.3,1073.23,信用卡,APP
T00002902,2023-05-25,C000169,P0039,1,141.38,0.3,98.97,信用卡,网页
T00002903,2023-08-24,C000713,P0020,1,925.61,0.0,925.61,微信支付,网页
T00002904,2023-10-15,C000847,P0030,2,179.49,0.15,305.13,信用卡,APP
T00002905,2023-07-17,C000355,P0009,6,17.15,0.15,87.46,微信支付,小程序
T00002906,2023-02-05,C000308,P0012,5,614.43,0.3,2150.5,信用卡,小程序
T00002907,2023-08-19,C000778,P0016,7,469.57,0.1,2958.29,信用卡,APP
T00002908,2023-05-13,C000196,P0020,3,925.61,0.0,2776.83,银行卡,网页
T00002909,2023-11-15,C000532,P0030,6,179.49,0.3,753.86,信用卡,网页
T00002910,2023-09-01,C000346,P0008,4,779.89,0.3,2183.69,银行卡,APP
T00002911,2023-09-23,C000664,P0044,1,535.61,0.3,374.93,微信支付,小程序
T00002912,2023-10-20,C000782,P0004,2,330.99,0.0,661.98,支付宝,小程序
T00002913,2023-06-01,C000301,P0009,6,17.15,0.1,92.61,支付宝,小程序
T00002914,2023-01-16,C000052,P0047,5,371.93,0.0,1859.65,支付宝,小程序
T00002915,2023-02-03,C000716,P0027,3,145.04,0.1,391.61,微信支付,网页
T00002916,2023-08-01,C000295,P0009,3,17.15,0.2,41.16,微信支付,APP
T00002917,2023-07-07,C000609,P0017,3,798.65,0.0,2395.95,信用卡,小程序
T00002918,2023-04-29,C000610,P0004,1,330.99,0.2,264.79,银行卡,小程序
T00002919,2023-01-31,C000696,P0007,3,444.27,0.0,1332.81,信用卡,APP
T00002920,2023-02-25,C000117,P0046,4,519.59,0.0,2078.36,微信支付,网页
T00002921,2023-06-09,C000265,P0005,7,766.59,0.0,5366.13,信用卡,小程序
T00002922,2023-01-07,C000650,P0001,1,461.62,0.15,392.38,银行卡,APP
T00002923,2023-11-09,C000223,P0015,7,986.74,0.2,5525.74,银行卡,网页
T00002924,2023-06-06,C000162,P0011,8,643.43,0.0,5147.44,银行卡,小程序
T00002925,2023-08-02,C000426,P0044,7,535.61,0.3,2624.49,支付宝,网页
T00002926,2023-05-08,C000021,P0039,2,141.38,0.0,282.76,信用卡,APP
T00002927,2023-06-04,C000747,P0030,3,179.49,0.0,538.47,支付宝,小程序
T00002928,2023-04-14,C000620,P0010,5,422.06,0.0,2110.3,支付宝,小程序
T00002929,2023-11-22,C000443,P0004,8,330.99,0.1,2383.13,支付宝,小程序
T00002930,2023-06-09,C000150,P0020,6,925.61,0.0,5553.66,银行卡,网页
T00002931,2023-05-14,C000961,P0043,1,861.78,0.2,689.42,银行卡,APP
T00002932,2023-11-25,C000128,P0016,9,469.57,0.15,3592.21,微信支付,小程序
T00002933,2023-12-28,C000063,P0048,8,651.69,0.0,5213.52,银行卡,小程序
T00002934,2023-04-26,C000202,P0040,3,484.99,0.0,1454.97,信用卡,小程序
T00002935,2023-01-10,C000328,P0018,2,63.49,0.2,101.58,微信支付,小程序
T00002936,2023-06-27,C000526,P0012,6,614.43,0.0,3686.58,银行卡,网页
T00002937,2023-04-12,C000848,P0016,5,469.57,0.0,2347.85,微信支付,APP
T00002938,2023-01-11,C000239,P0031,3,791.65,0.0,2374.95,微信支付,小程序
T00002939,2023-12-14,C000052,P0014,5,354.38,0.1,1594.71,银行卡,APP
T00002940,2023-04-02,C000301,P0010,4,422.06,0.0,1688.24,支付宝,小程序
T00002941,2023-10-19,C000384,P0035,2,914.62,0.2,1463.39,信用卡,APP
T00002942,2023-01-29,C000236,P0016,3,469.57,0.0,1408.71,银行卡,APP
T00002943,2023-07-24,C000129,P0004,3,330.99,0.0,992.97,支付宝,APP
T00002944,2023-09-07,C000092,P0046,3,519.59,0.0,1558.77,银行卡,小程序
T00002945,2023-09-13,C000824,P0004,5,330.99,0.0,1654.95,支付宝,网页
T00002946,2023-03-19,C000917,P0010,3,422.06,0.0,1266.18,信用卡,网页
T00002947,2023-02-06,C000608,P0006,5,281.15,0.0,1405.75,银行卡,网页
T00002948,2023-02-14,C000329,P0009,2,17.15,0.15,29.15,支付宝,网页
T00002949,2023-09-22,C000601,P0005,1,766.59,0.3,536.61,微信支付,小程序
T00002950,2023-06-26,C000358,P0002,3,123.04,0.0,369.12,银行卡,APP
T00002951,2023-11-12,C000896,P0046,6,519.59,0.2,2494.03,信用卡,网页
T00002952,2023-07-03,C000973,P0032,1,95.61,0.1,86.05,信用卡,APP
T00002953,2023-03-30,C000647,P0033,2,838.62,0.0,1677.24,信用卡,APP
T00002954,2023-01-09,C000124,P0028,4,210.19,0.0,840.76,支付宝,小程序
T00002955,2023-12-09,C000673,P0035,8,914.62,0.2,5853.57,信用卡,APP
T00002956,2023-06-11,C000010,P0009,1,17.15,0.0,17.15,银行卡,APP
T00002957,2023-05-29,C000057,P0010,3,422.06,0.15,1076.25,信用卡,小程序
T00002958,2023-07-03,C000668,P0043,6,861.78,0.1,4653.61,支付宝,网页
T00002959,2023-04-08,C000221,P0044,4,535.61,0.0,2142.44,支付宝,小程序
T00002960,2023-10-31,C000112,P0003,1,806.41,0.0,806.41,银行卡,网页
T00002961,2023-02-19,C000751,P0004,2,330.99,0.15,562.68,微信支付,网页
T00002962,2023-09-20,C000513,P0034,5,255.35,0.0,1276.75,微信支付,APP
T00002963,2023-05-24,C000673,P0026,1,224.0,0.1,201.6,微信支付,小程序
T00002964,2023-09-25,C000418,P0008,5,779.89,0.1,3509.51,银行卡,APP
T00002965,2023-09-28,C000362,P0044,4,535.61,0.15,1821.07,支付宝,网页
T00002966,2023-11-18,C000677,P0003,10,806.41,0.1,7257.69,微信支付,网页
T00002967,2023-09-03,C000537,P0012,1,614.43,0.0,614.43,信用卡,APP
T00002968,2023-09-07,C000844,P0011,1,643.43,0.2,514.74,支付宝,小程序
T00002969,2023-12-09,C000459,P0019,4,340.95,0.1,1227.42,微信支付,网页
T00002970,2023-08-04,C000019,P0019,6,340.95,0.2,1636.56,支付宝,小程序
T00002971,2023-04-24,C000788,P0004,4,330.99,0.15,1125.37,信用卡,小程序
T00002972,2023-11-03,C000644,P0038,10,562.9,0.2,4503.2,银行卡,网页
T00002973,2023-05-26,C000562,P0039,2,141.38,0.1,254.48,信用卡,APP
T00002974,2023-05-14,C000493,P0025,3,476.28,0.15,1214.51,支付宝,网页
T00002975,2023-07-14,C000528,P0034,6,255.35,0.0,1532.1,银行卡,网页
T00002976,2023-02-21,C000436,P0006,3,281.15,0.0,843.45,信用卡,APP
T00002977,2023-06-29,C000623,P0043,5,861.78,0.0,4308.9,银行卡,APP
T00002978,2023-02-15,C000050,P0033,4,838.62,0.0,3354.48,微信支付,APP
T00002979,2023-01-17,C000358,P0009,5,17.15,0.3,60.02,银行卡,网页
T00002980,2023-06-19,C000810,P0049,2,147.02,0.1,264.64,信用卡,网页
T00002981,2023-05-04,C000694,P0002,2,123.04,0.0,246.08,信用卡,网页
T00002982,2023-12-19,C000493,P0036,2,991.36,0.0,1982.72,信用卡,APP
T00002983,2023-07-10,C000561,P0019,6,340.95,0.0,2045.7,支付宝,APP
T00002984,2023-05-15,C000059,P0043,2,861.78,0.0,1723.56,银行卡,网页
T00002985,2023-06-14,C000674,P0002,1,123.04,0.0,123.04,支付宝,小程序
T00002986,2023-01-19,C000578,P0043,5,861.78,0.15,3662.56,微信支付,小程序
T00002987,2023-09-11,C000647,P0026,4,224.0,0.0,896.0,信用卡,APP
T00002988,2023-06-08,C000100,P0025,5,476.28,0.0,2381.4,银行卡,APP
T00002989,2023-09-27,C000791,P0015,1,986.74,0.0,986.74,支付宝,小程序
T00002990,2023-02-10,C000229,P0019,3,340.95,0.0,1022.85,银行卡,小程序
T00002991,2023-04-26,C000504,P0002,3,123.04,0.0,369.12,信用卡,小程序
T00002992,2023-10-17,C000423,P0042,3,193.1,0.0,579.3,信用卡,网页
T00002993,2023-03-20,C000635,P0033,4,838.62,0.2,2683.58,微信支付,网页
T00002994,2023-02-21,C000621,P0034,4,255.35,0.0,1021.4,微信支付,网页
T00002995,2023-03-21,C000797,P0029,3,287.8,0.2,690.72,信用卡,APP
T00002996,2023-01-03,C000131,P0011,2,643.43,0.0,1286.86,微信支付,APP
T00002997,2023-05-27,C000382,P0003,4,806.41,0.2,2580.51,信用卡,网页
T00002998,2023-02-22,C000369,P0012,1,614.43,0.2,491.54,银行卡,小程序
T00002999,2023-10-16,C000045,P0048,3,651.69,0.0,1955.07,微信支付,小程序
T00003000,2023-01-07,C000072,P0022,4,596.78,0.1,2148.41,信用卡,APP
T00003001,2023-12-30,C000821,P0035,2,914.62,0.0,1829.24,微信支付,网页
T00003002,2023-09-27,C000301,P0036,3,991.36,0.1,2676.67,支付宝,小程序
T00003003,2023-10-13,C000819,P0025,2,476.28,0.1,857.3,支付宝,网页
T00003004,2023-03-13,C000401,P0031,5,791.65,0.0,3958.25,银行卡,网页
T00003005,2023-06-05,C000016,P0010,2,422.06,0.0,844.12,微信支付,网页
T00003006,2023-10-02,C000857,P0035,4,914.62,0.0,3658.48,支付宝,APP
T00003007,2023-08-25,C000474,P0016,1,469.57,0.0,469.57,微信支付,APP
T00003008,2023-02-26,C000033,P0035,2,914.62,0.1,1646.32,信用卡,小程序
T00003009,2023-10-28,C000943,P0008,3,779.89,0.3,1637.77,支付宝,小程序
T00003010,2023-05-08,C000588,P0043,4,861.78,0.0,3447.12,信用卡,APP
T00003011,2023-01-13,C000466,P0017,1,798.65,0.3,559.05,支付宝,APP
T00003012,2023-10-25,C000129,P0040,3,484.99,0.3,1018.48,信用卡,小程序
T00003013,2023-12-13,C000147,P0039,7,141.38,0.1,890.69,微信支付,网页
T00003014,2023-02-02,C000226,P0003,3,806.41,0.0,2419.23,银行卡,APP
T00003015,2023-04-12,C000072,P0049,5,147.02,0.0,735.1,支付宝,小程序
T00003016,2023-11-21,C000320,P0007,2,444.27,0.0,888.54,支付宝,小程序
T00003017,2023-12-27,C000161,P0015,7,986.74,0.1,6216.46,支付宝,网页
T00003018,2023-06-09,C000040,P0029,7,287.8,0.0,2014.6,银行卡,APP
T00003019,2023-07-17,C000103,P0030,5,179.49,0.15,762.83,信用卡,小程序
T00003020,2023-04-19,C000023,P0005,2,766.59,0.0,1533.18,银行卡,网页
T00003021,2023-07-19,C000323,P0018,5,63.49,0.3,222.21,微信支付,网页
T00003022,2023-06-17,C000484,P0043,7,861.78,0.0,6032.46,信用卡,小程序
T00003023,2023-05-18,C000228,P0002,2,123.04,0.3,172.26,信用卡,网页
T00003024,2023-05-13,C000643,P0040,5,484.99,0.15,2061.21,信用卡,APP
T00003025,2023-11-06,C000253,P0015,8,986.74,0.0,7893.92,信用卡,小程序
T00003026,2023-11-11,C000092,P0019,5,340.95,0.1,1534.28,银行卡,APP
T00003027,2023-01-03,C000018,P0025,2,476.28,0.0,952.56,信用卡,网页
T00003028,2023-06-29,C000963,P0015,1,986.74,0.15,838.73,支付宝,网页
T00003029,2023-09-08,C000248,P0026,1,224.0,0.2,179.2,支付宝,APP
T00003030,2023-01-14,C000618,P0035,4,914.62,0.2,2926.78,银行卡,网页
T00003031,2023-07-28,C000170,P0007,4,444.27,0.0,1777.08,信用卡,网页
T00003032,2023-01-11,C000288,P0004,4,330.99,0.0,1323.96,信用卡,网页
T00003033,2023-11-03,C000898,P0020,10,925.61,0.2,7404.88,银行卡,小程序
T00003034,2023-05-10,C000072,P0034,4,255.35,0.0,1021.4,微信支付,网页
T00003035,2023-02-24,C000055,P0002,4,123.04,0.3,344.51,信用卡,APP
T00003036,2023-02-06,C000498,P0029,2,287.8,0.2,460.48,信用卡,网页
T00003037,2023-10-21,C000610,P0020,2,925.61,0.3,1295.85,微信支付,APP
T00003038,2023-08-16,C000106,P0034,1,255.35,0.0,255.35,信用卡,APP
T00003039,2023-10-21,C000778,P0046,4,519.59,0.3,1454.85,支付宝,APP
T00003040,2023-05-23,C000025,P0040,2,484.99,0.0,969.98,银行卡,网页
T00003041,2023-05-31,C000968,P0006,3,281.15,0.0,843.45,信用卡,网页
T00003042,2023-05-24,C000238,P0015,2,986.74,0.2,1578.78,银行卡,小程序
T00003043,2023-10-17,C000417,P0047,3,371.93,0.0,1115.79,微信支付,APP
T00003044,2023-10-18,C000492,P0007,1,444.27,0.3,310.99,微信支付,小程序
T00003045,2023-04-30,C000250,P0024,1,740.37,0.3,518.26,支付宝,网页
T00003046,2023-11-13,C000817,P0045,11,789.81,0.1,7819.12,信用卡,网页
T00003047,2023-04-20,C000396,P0047,1,371.93,0.2,297.54,信用卡,小程序
T00003048,2023-08-22,C000107,P0016,5,469.57,0.15,1995.67,银行卡,网页
T00003049,2023-12-22,C000280,P0010,11,422.06,0.2,3714.13,微信支付,APP
T00003050,2023-10-14,C000867,P0023,5,237.76,0.1,1069.92,银行卡,小程序
T00003051,2023-05-05,C000158,P0040,4,484.99,0.2,1551.97,信用卡,小程序
T00003052,2023-08-21,C000095,P0043,5,861.78,0.0,4308.9,银行卡,小程序
T00003053,2023-04-13,C000917,P0008,4,779.89,0.15,2651.63,信用卡,网页
T00003054,2023-01-18,C000007,P0028,3,210.19,0.0,630.57,支付宝,网页
T00003055,2023-04-28,C000474,P0021,5,519.75,0.0,2598.75,支付宝,小程序
T00003056,2023-03-04,C000140,P0025,3,476.28,0.0,1428.84,信用卡,小程序
T00003057,2023-10-28,C000628,P0036,2,991.36,0.0,1982.72,银行卡,网页
T00003058,2023-06-04,C000214,P0026,8,224.0,0.15,1523.2,信用卡,APP
T00003059,2023-02-22,C000679,P0019,3,340.95,0.0,1022.85,信用卡,APP
T00003060,2023-04-29,C000735,P0039,2,141.38,0.0,282.76,微信支付,网页
T00003061,2023-12-23,C000742,P0007,14,444.27,0.1,5597.8,微信支付,网页
T00003062,2023-06-14,C000619,P0009,1,17.15,0.15,14.58,微信支付,网页
T00003063,2023-01-28,C000050,P0001,1,461.62,0.3,323.13,支付宝,小程序
T00003064,2023-01-29,C000838,P0006,3,281.15,0.1,759.1,支付宝,网页
T00003065,2023-02-06,C000471,P0038,2,562.9,0.15,956.93,银行卡,网页
T00003066,2023-11-16,C000527,P0041,1,976.66,0.0,976.66,微信支付,APP
T00003067,2023-01-25,C000758,P0044,5,535.61,0.15,2276.34,微信支付,小程序
T00003068,2023-04-09,C000875,P0034,3,255.35,0.2,612.84,信用卡,小程序
T00003069,2023-11-16,C000783,P0004,13,330.99,0.1,3872.58,微信支付,APP
T00003070,2023-12-12,C000076,P0014,1,354.38,0.0,354.38,支付宝,网页
T00003071,2023-12-13,C000972,P0030,4,179.49,0.1,646.16,银行卡,网页
T00003072,2023-08-03,C000621,P0005,2,766.59,0.0,1533.18,微信支付,APP
T00003073,2023-01-11,C000219,P0027,1,145.04,0.15,123.28,信用卡,网页
T00003074,2023-03-04,C000394,P0031,1,791.65,0.2,633.32,微信支付,APP
T00003075,2023-03-21,C000424,P0013,3,615.93,0.3,1293.45,支付宝,小程序
T00003076,2023-11-18,C000623,P0028,4,210.19,0.0,840.76,银行卡,小程序
T00003077,2023-11-09,C000068,P0038,11,562.9,0.1,5572.71,银行卡,APP
T00003078,2023-05-05,C000231,P0010,5,422.06,0.2,1688.24,支付宝,小程序
T00003079,2023-10-20,C000234,P0047,2,371.93,0.0,743.86,微信支付,小程序
T00003080,2023-03-18,C000825,P0041,4,976.66,0.3,2734.65,信用卡,APP
T00003081,2023-03-31,C000910,P0025,5,476.28,0.0,2381.4,信用卡,小程序
T00003082,2023-05-14,C000867,P0039,5,141.38,0.15,600.87,银行卡,APP
T00003083,2023-04-06,C000190,P0021,5,519.75,0.1,2338.88,银行卡,网页
T00003084,2023-06-04,C000533,P0044,5,535.61,0.0,2678.05,信用卡,小程序
T00003085,2023-10-05,C000520,P0028,1,210.19,0.3,147.13,支付宝,APP
T00003086,2023-06-08,C000227,P0015,1,986.74,0.0,986.74,支付宝,网页
T00003087,2023-10-15,C000491,P0032,1,95.61,0.3,66.93,银行卡,网页
T00003088,2023-12-26,C000609,P0023,2,237.76,0.1,427.97,微信支付,网页
T00003089,2023-09-29,C000952,P0031,5,791.65,0.0,3958.25,微信支付,网页
T00003090,2023-10-23,C000705,P0007,2,444.27,0.0,888.54,银行卡,网页
T00003091,2023-05-01,C000173,P0030,1,179.49,0.1,161.54,微信支付,小程序
T00003092,2023-07-23,C000743,P0026,1,224.0,0.0,224.0,银行卡,小程序
T00003093,2023-06-02,C000549,P0005,1,766.59,0.0,766.59,银行卡,小程序
T00003094,2023-11-14,C000582,P0038,8,562.9,0.0,4503.2,信用卡,小程序
T00003095,2023-04-11,C000851,P0039,3,141.38,0.1,381.73,银行卡,网页
T00003096,2023-02-04,C000985,P0037,2,484.48,0.0,968.96,信用卡,网页
T00003097,2023-12-16,C000076,P0006,2,281.15,0.0,562.3,信用卡,网页
T00003098,2023-01-07,C000728,P0014,5,354.38,0.1,1594.71,微信支付,网页
T00003099,2023-07-21,C000475,P0042,5,193.1,0.0,965.5,银行卡,小程序
T00003100,2023-05-30,C000871,P0047,2,371.93,0.0,743.86,微信支付,APP
T00003101,2023-01-08,C000044,P0035,3,914.62,0.1,2469.47,微信支付,APP
T00003102,2023-09-18,C000150,P0045,5,789.81,0.0,3949.05,银行卡,小程序
T00003103,2023-10-14,C000524,P0009,4,17.15,0.0,68.6,微信支付,APP
T00003104,2023-01-21,C000700,P0031,5,791.65,0.15,3364.51,微信支付,APP
T00003105,2023-03-29,C000452,P0041,2,976.66,0.2,1562.66,信用卡,网页
T00003106,2023-05-29,C000358,P0035,2,914.62,0.0,1829.24,支付宝,网页
T00003107,2023-03-10,C000066,P0001,5,461.62,0.1,2077.29,支付宝,小程序
T00003108,2023-06-01,C000558,P0009,5,17.15,0.2,68.6,支付宝,网页
T00003109,2023-12-16,C000165,P0046,9,519.59,0.1,4208.68,微信支付,小程序
T00003110,2023-07-22,C000068,P0021,3,519.75,0.2,1247.4,银行卡,网页
T00003111,2023-06-19,C000701,P0006,1,281.15,0.0,281.15,支付宝,APP
T00003112,2023-09-20,C000634,P0008,3,779.89,0.2,1871.74,银行卡,小程序
T00003113,2023-03-07,C000440,P0009,2,17.15,0.0,34.3,支付宝,APP
T00003114,2023-04-18,C000011,P0027,4,145.04,0.0,580.16,微信支付,APP
T00003115,2023-06-14,C000158,P0003,6,806.41,0.2,3870.77,微信支付,小程序
T00003116,2023-05-20,C000146,P0044,3,535.61,0.0,1606.83,信用卡,网页
T00003117,2023-04-15,C000118,P0037,4,484.48,0.3,1356.54,微信支付,小程序
T00003118,2023-01-16,C000115,P0039,4,141.38,0.2,452.42,信用卡,APP
T00003119,2023-03-05,C000861,P0028,4,210.19,0.15,714.65,信用卡,小程序
T00003120,2023-08-30,C000693,P0047,3,371.93,0.0,1115.79,支付宝,网页
T00003121,2023-07-11,C000932,P0018,3,63.49,0.0,190.47,信用卡,APP
T00003122,2023-08-12,C000271,P0026,7,224.0,0.0,1568.0,银行卡,网页
T00003123,2023-06-19,C000029,P0036,1,991.36,0.2,793.09,支付宝,网页
T00003124,2023-07-28,C000147,P0020,9,925.61,0.3,5831.34,微信支付,小程序
T00003125,2023-01-02,C000133,P0038,3,562.9,0.0,1688.7,支付宝,网页
T00003126,2023-01-04,C000838,P0021,1,519.75,0.2,415.8,信用卡,小程序
T00003127,2023-10-21,C000426,P0046,1,519.59,0.2,415.67,微信支付,APP
T00003128,2023-06-18,C000726,P0011,4,643.43,0.2,2058.98,微信支付,小程序
T00003129,2023-03-25,C000677,P0009,5,17.15,0.0,85.75,银行卡,小程序
T00003130,2023-10-08,C000467,P0013,4,615.93,0.2,1970.98,银行卡,APP
T00003131,2023-06-29,C000758,P0018,1,63.49,0.3,44.44,银行卡,网页
T00003132,2023-07-27,C000961,P0012,5,614.43,0.2,2457.72,微信支付,小程序
T00003133,2023-07-06,C000791,P0003,1,806.41,0.0,806.41,微信支付,网页
T00003134,2023-06-13,C000703,P0033,7,838.62,0.1,5283.31,信用卡,小程序
T00003135,2023-10-06,C000552,P0036,2,991.36,0.1,1784.45,支付宝,APP
T00003136,2023-02-12,C000283,P0029,5,287.8,0.15,1223.15,支付宝,APP
T00003137,2023-01-11,C000931,P0017,3,798.65,0.3,1677.16,支付宝,小程序
T00003138,2023-10-31,C000121,P0031,5,791.65,0.1,3562.43,支付宝,网页
T00003139,2023-03-09,C000624,P0012,2,614.43,0.0,1228.86,银行卡,小程序
T00003140,2023-06-01,C000749,P0043,5,861.78,0.0,4308.9,支付宝,网页
T00003141,2023-06-30,C000417,P0037,5,484.48,0.1,2180.16,支付宝,APP
T00003142,2023-12-15,C000805,P0013,11,615.93,0.3,4742.66,微信支付,APP
T00003143,2023-12-29,C000777,P0020,6,925.61,0.0,5553.66,信用卡,网页
T00003144,2023-06-16,C000889,P0050,1,740.01,0.1,666.01,支付宝,小程序
T00003145,2023-10-19,C000992,P0023,5,237.76,0.15,1010.48,信用卡,APP
T00003146,2023-02-25,C000676,P0023,2,237.76,0.0,475.52,支付宝,APP
T00003147,2023-04-14,C000727,P0025,5,476.28,0.15,2024.19,信用卡,APP
T00003148,2023-01-04,C000201,P0033,3,838.62,0.1,2264.27,信用卡,小程序
T00003149,2023-02-06,C000688,P0009,5,17.15,0.2,68.6,微信支付,APP
T00003150,2023-12-18,C000288,P0032,11,95.61,0.2,841.37,支付宝,小程序
T00003151,2023-05-07,C000858,P0047,5,371.93,0.15,1580.7,信用卡,小程序
T00003152,2023-11-01,C000478,P0009,2,17.15,0.0,34.3,信用卡,APP
T00003153,2023-04-23,C000534,P0014,4,354.38,0.2,1134.02,银行卡,APP
T00003154,2023-09-20,C000752,P0024,5,740.37,0.3,2591.29,信用卡,小程序
T00003155,2023-11-30,C000560,P0007,7,444.27,0.15,2643.41,信用卡,网页
T00003156,2023-12-23,C000053,P0016,7,469.57,0.0,3286.99,信用卡,APP
T00003157,2023-09-12,C000292,P0038,5,562.9,0.15,2392.32,银行卡,网页
T00003158,2023-06-10,C000701,P0030,5,179.49,0.0,897.45,银行卡,APP
T00003159,2023-01-23,C000413,P0029,5,287.8,0.3,1007.3,微信支付,小程序
T00003160,2023-08-07,C000395,P0009,4,17.15,0.0,68.6,银行卡,网页
T00003161,2023-07-01,C000112,P0037,4,484.48,0.3,1356.54,银行卡,APP
T00003162,2023-06-24,C000668,P0038,6,562.9,0.15,2870.79,银行卡,小程序
T00003163,2023-11-23,C000883,P0046,13,519.59,0.1,6079.2,信用卡,网页
T00003164,2023-09-17,C000462,P0021,5,519.75,0.3,1819.12,微信支付,小程序
T00003165,2023-09-12,C000427,P0022,5,596.78,0.0,2983.9,信用卡,网页
T00003166,2023-09-27,C000844,P0020,2,925.61,0.0,1851.22,支付宝,网页
T00003167,2023-12-22,C000059,P0014,9,354.38,0.0,3189.42,信用卡,网页
T00003168,2023-07-18,C000902,P0007,2,444.27,0.0,888.54,支付宝,网页
T00003169,2023-09-18,C000224,P0035,4,914.62,0.15,3109.71,微信支付,APP
T00003170,2023-04-08,C000733,P0013,5,615.93,0.0,3079.65,银行卡,APP
T00003171,2023-05-01,C000419,P0013,5,615.93,0.15,2617.7,银行卡,APP
T00003172,2023-10-11,C000699,P0022,1,596.78,0.2,477.42,微信支付,APP
T00003173,2023-02-14,C000986,P0049,2,147.02,0.3,205.83,信用卡,网页
T00003174,2023-04-11,C000470,P0011,2,643.43,0.0,1286.86,银行卡,APP
T00003175,2023-05-26,C000462,P0040,2,484.99,0.0,969.98,支付宝,APP
T00003176,2023-03-13,C000252,P0009,3,17.15,0.1,46.3,信用卡,APP
T00003177,2023-05-30,C000812,P0028,5,210.19,0.0,1050.95,支付宝,小程序
T00003178,2023-05-05,C000366,P0046,3,519.59,0.0,1558.77,银行卡,小程序
T00003179,2023-08-20,C000936,P0003,2,806.41,0.1,1451.54,支付宝,网页
T00003180,2023-05-09,C000200,P0005,4,766.59,0.0,3066.36,银行卡,网页
T00003181,2023-10-16,C000819,P0018,4,63.49,0.3,177.77,信用卡,APP
T00003182,2023-03-23,C000565,P0007,5,444.27,0.0,2221.35,支付宝,小程序
T00003183,2023-03-17,C000694,P0031,1,791.65,0.3,554.15,信用卡,网页
T00003184,2023-01-16,C000753,P0029,4,287.8,0.0,1151.2,微信支付,APP
T00003185,2023-03-18,C000665,P0035,2,914.62,0.2,1463.39,支付宝,网页
T00003186,2023-07-17,C000291,P0019,6,340.95,0.0,2045.7,微信支付,小程序
T00003187,2023-01-03,C000380,P0017,3,798.65,0.0,2395.95,银行卡,小程序
T00003188,2023-06-20,C000130,P0004,5,330.99,0.0,1654.95,信用卡,APP
T00003189,2023-09-13,C000499,P0032,5,95.61,0.15,406.34,银行卡,APP
T00003190,2023-04-29,C000141,P0042,4,193.1,0.1,695.16,微信支付,小程序
T00003191,2023-11-04,C000270,P0004,6,330.99,0.15,1688.05,微信支付,小程序
T00003192,2023-05-06,C000580,P0026,4,224.0,0.2,716.8,微信支付,网页
T00003193,2023-10-16,C000189,P0002,2,123.04,0.0,246.08,支付宝,小程序
T00003194,2023-08-16,C000972,P0024,5,740.37,0.1,3331.66,支付宝,网页
T00003195,2023-11-07,C000443,P0003,6,806.41,0.2,3870.77,支付宝,网页
T00003196,2023-12-14,C000177,P0007,1,444.27,0.15,377.63,微信支付,网页
T00003197,2023-06-08,C000034,P0040,6,484.99,0.1,2618.95,微信支付,APP
T00003198,2023-07-15,C000746,P0012,1,614.43,0.0,614.43,微信支付,小程序
T00003199,2023-04-29,C000753,P0038,1,562.9,0.2,450.32,微信支付,小程序
T00003200,2023-07-13,C000625,P0042,2,193.1,0.3,270.34,银行卡,APP
T00003201,2023-01-13,C000088,P0031,2,791.65,0.0,1583.3,信用卡,APP
T00003202,2023-01-29,C000129,P0036,2,991.36,0.15,1685.31,微信支付,小程序
T00003203,2023-08-26,C000767,P0029,4,287.8,0.3,805.84,支付宝,网页
T00003204,2023-05-27,C000574,P0040,3,484.99,0.1,1309.47,信用卡,APP
T00003205,2023-10-08,C000064,P0010,4,422.06,0.0,1688.24,微信支付,APP
T00003206,2023-12-21,C000531,P0043,2,861.78,0.0,1723.56,信用卡,小程序
T00003207,2023-10-11,C000924,P0004,3,330.99,0.0,992.97,信用卡,小程序
T00003208,2023-08-03,C000516,P0024,7,740.37,0.2,4146.07,银行卡,网页
T00003209,2023-07-29,C000865,P0001,7,461.62,0.2,2585.07,支付宝,小程序
T00003210,2023-08-07,C000451,P0017,3,798.65,0.0,2395.95,银行卡,APP
T00003211,2023-07-05,C000223,P0030,6,179.49,0.2,861.55,银行卡,网页
T00003212,2023-09-11,C000928,P0036,5,991.36,0.0,4956.8,支付宝,网页
T00003213,2023-01-02,C000716,P0045,5,789.81,0.0,3949.05,信用卡,网页
T00003214,2023-09-03,C000470,P0030,1,179.49,0.1,161.54,支付宝,APP
T00003215,2023-11-11,C000513,P0033,10,838.62,0.0,8386.2,银行卡,APP
T00003216,2023-07-24,C000063,P0034,6,255.35,0.3,1072.47,微信支付,网页
T00003217,2023-12-18,C000073,P0047,7,371.93,0.1,2343.16,支付宝,APP
T00003218,2023-06-24,C000887,P0013,5,615.93,0.15,2617.7,信用卡,APP
T00003219,2023-06-21,C000747,P0025,6,476.28,0.0,2857.68,微信支付,APP
T00003220,2023-12-20,C000412,P0042,7,193.1,0.1,1216.53,银行卡,小程序
T00003221,2023-02-02,C000478,P0010,5,422.06,0.15,1793.76,微信支付,APP
T00003222,2023-03-31,C000781,P0049,3,147.02,0.0,441.06,银行卡,APP
T00003223,2023-07-11,C000703,P0044,3,535.61,0.1,1446.15,支付宝,APP
T00003224,2023-10-23,C000088,P0039,5,141.38,0.15,600.87,银行卡,小程序
T00003225,2023-01-11,C000451,P0034,1,255.35,0.2,204.28,支付宝,网页
T00003226,2023-01-01,C000527,P0045,4,789.81,0.1,2843.32,支付宝,网页
T00003227,2023-03-29,C000492,P0003,4,806.41,0.2,2580.51,支付宝,小程序
T00003228,2023-01-29,C000847,P0031,3,791.65,0.0,2374.95,银行卡,APP
T00003229,2023-04-26,C000999,P0028,5,210.19,0.15,893.31,银行卡,小程序
T00003230,2023-08-15,C000389,P0039,7,141.38,0.2,791.73,银行卡,网页
T00003231,2023-02-12,C000055,P0043,3,861.78,0.0,2585.34,支付宝,APP
T00003232,2023-10-20,C000053,P0001,4,461.62,0.0,1846.48,支付宝,网页
T00003233,2023-10-12,C000371,P0048,1,651.69,0.2,521.35,微信支付,APP
T00003234,2023-07-10,C000153,P0004,5,330.99,0.15,1406.71,信用卡,APP
T00003235,2023-12-18,C000953,P0049,5,147.02,0.15,624.84,微信支付,APP
T00003236,2023-02-11,C000691,P0001,2,461.62,0.15,784.75,信用卡,网页
T00003237,2023-11-16,C000485,P0039,7,141.38,0.2,791.73,银行卡,小程序
T00003238,2023-04-28,C000433,P0039,3,141.38,0.15,360.52,信用卡,小程序
T00003239,2023-06-08,C000852,P0017,2,798.65,0.1,1437.57,银行卡,小程序
T00003240,2023-11-29,C000058,P0011,4,643.43,0.0,2573.72,支付宝,网页
T00003241,2023-04-19,C000299,P0029,1,287.8,0.3,201.46,银行卡,APP
T00003242,2023-04-07,C000470,P0016,5,469.57,0.3,1643.49,微信支付,网页
T00003243,2023-08-05,C000405,P0049,9,147.02,0.2,1058.54,信用卡,网页
T00003244,2023-10-01,C000762,P0008,4,779.89,0.3,2183.69,支付宝,小程序
T00003245,2023-06-13,C000509,P0022,1,596.78,0.1,537.1,银行卡,小程序
T00003246,2023-12-03,C000820,P0003,6,806.41,0.15,4112.69,信用卡,小程序
T00003247,2023-09-18,C000282,P0006,3,281.15,0.15,716.93,支付宝,小程序
T00003248,2023-01-30,C000979,P0014,3,354.38,0.15,903.67,信用卡,APP
T00003249,2023-05-26,C000047,P0048,3,651.69,0.1,1759.56,银行卡,网页
T00003250,2023-06-19,C000579,P0002,8,123.04,0.1,885.89,微信支付,APP
T00003251,2023-05-13,C000784,P0024,2,740.37,0.0,1480.74,微信支付,网页
T00003252,2023-10-30,C000100,P0007,1,444.27,0.0,444.27,支付宝,小程序
T00003253,2023-09-23,C000820,P0024,1,740.37,0.15,629.31,银行卡,网页
T00003254,2023-12-13,C000919,P0028,12,210.19,0.2,2017.82,银行卡,小程序
T00003255,2023-04-24,C000079,P0011,2,643.43,0.0,1286.86,信用卡,APP
T00003256,2023-09-14,C000215,P0043,1,861.78,0.3,603.25,信用卡,小程序
T00003257,2023-12-22,C000667,P0013,7,615.93,0.3,3018.06,支付宝,APP
T00003258,2023-03-21,C000673,P0010,4,422.06,0.0,1688.24,微信支付,网页
T00003259,2023-11-12,C000679,P0032,3,95.61,0.3,200.78,银行卡,网页
T00003260,2023-10-07,C000843,P0011,5,643.43,0.15,2734.58,信用卡,小程序
T00003261,2023-02-22,C000625,P0046,2,519.59,0.0,1039.18,银行卡,网页
T00003262,2023-12-16,C000624,P0017,9,798.65,0.0,7187.85,信用卡,APP
T00003263,2023-05-31,C000598,P0012,2,614.43,0.1,1105.97,支付宝,网页
T00003264,2023-10-08,C000699,P0017,4,798.65,0.3,2236.22,微信支付,APP
T00003265,2023-05-15,C000081,P0028,4,210.19,0.0,840.76,信用卡,网页
T00003266,2023-10-02,C000829,P0004,3,330.99,0.0,992.97,微信支付,小程序
T00003267,2023-04-03,C000457,P0028,4,210.19,0.15,714.65,信用卡,小程序
T00003268,2023-10-05,C000473,P0034,4,255.35,0.0,1021.4,银行卡,网页
T00003269,2023-06-18,C000265,P0033,7,838.62,0.0,5870.34,微信支付,网页
T00003270,2023-01-03,C000941,P0008,5,779.89,0.0,3899.45,微信支付,网页
T00003271,2023-01-02,C000337,P0045,5,789.81,0.1,3554.14,微信支付,小程序
T00003272,2023-08-21,C000680,P0022,1,596.78,0.15,507.26,微信支付,网页
T00003273,2023-07-12,C000529,P0016,6,469.57,0.0,2817.42,银行卡,小程序
T00003274,2023-05-27,C000491,P0019,5,340.95,0.0,1704.75,信用卡,小程序
T00003275,2023-12-09,C000417,P0023,2,237.76,0.0,475.52,银行卡,网页
T00003276,2023-10-11,C000140,P0026,2,224.0,0.2,358.4,微信支付,APP
T00003277,2023-08-27,C000674,P0002,5,123.04,0.0,615.2,支付宝,网页
T00003278,2023-04-29,C000388,P0007,1,444.27,0.0,444.27,微信支付,网页
T00003279,2023-11-22,C000248,P0020,3,925.61,0.3,1943.78,信用卡,小程序
T00003280,2023-04-01,C000733,P0042,4,193.1,0.0,772.4,信用卡,小程序
T00003281,2023-11-29,C000292,P0011,6,643.43,0.3,2702.41,银行卡,网页
T00003282,2023-04-07,C000819,P0005,1,766.59,0.0,766.59,支付宝,APP
T00003283,2023-10-06,C000015,P0045,4,789.81,0.15,2685.35,微信支付,小程序
T00003284,2023-09-07,C000777,P0035,1,914.62,0.1,823.16,信用卡,APP
T00003285,2023-06-13,C000904,P0045,4,789.81,0.3,2211.47,银行卡,小程序
T00003286,2023-07-25,C000238,P0025,4,476.28,0.2,1524.1,银行卡,APP
T00003287,2023-09-25,C000170,P0002,5,123.04,0.2,492.16,微信支付,网页
T00003288,2023-03-13,C000961,P0005,2,766.59,0.2,1226.54,信用卡,网页
T00003289,2023-10-27,C000934,P0003,3,806.41,0.3,1693.46,银行卡,网页
T00003290,2023-10-29,C000621,P0046,5,519.59,0.3,1818.57,银行卡,APP
T00003291,2023-10-02,C000912,P0033,2,838.62,0.2,1341.79,银行卡,网页
T00003292,2023-01-19,C000158,P0022,1,596.78,0.0,596.78,支付宝,小程序
T00003293,2023-04-23,C000172,P0044,5,535.61,0.15,2276.34,信用卡,APP
T00003294,2023-03-27,C000764,P0014,2,354.38,0.0,708.76,微信支付,网页
T00003295,2023-07-15,C000447,P0034,3,255.35,0.1,689.44,信用卡,小程序
T00003296,2023-07-19,C000438,P0009,8,17.15,0.3,96.04,银行卡,APP
T00003297,2023-08-30,C000542,P0010,7,422.06,0.0,2954.42,微信支付,APP
T00003298,2023-01-04,C000935,P0033,4,838.62,0.1,3019.03,微信支付,网页
T00003299,2023-08-13,C000980,P0006,1,281.15,0.2,224.92,微信支付,APP
T00003300,2023-05-17,C000649,P0041,3,976.66,0.3,2050.99,银行卡,网页
T00003301,2023-05-05,C000913,P0022,4,596.78,0.0,2387.12,微信支付,小程序
T00003302,2023-03-08,C000512,P0029,1,287.8,0.0,287.8,银行卡,网页
T00003303,2023-04-20,C000544,P0022,3,596.78,0.2,1432.27,信用卡,APP
T00003304,2023-02-01,C000795,P0009,4,17.15,0.0,68.6,微信支付,APP
T00003305,2023-10-09,C000836,P0023,4,237.76,0.0,951.04,银行卡,小程序
T00003306,2023-03-25,C000043,P0017,2,798.65,0.0,1597.3,银行卡,网页
T00003307,2023-05-29,C000534,P0027,5,145.04,0.2,580.16,微信支付,小程序
T00003308,2023-08-19,C000665,P0030,1,179.49,0.0,179.49,信用卡,网页
T00003309,2023-10-13,C000875,P0035,1,914.62,0.0,914.62,信用卡,小程序
T00003310,2023-05-27,C000891,P0026,4,224.0,0.0,896.0,信用卡,网页
T00003311,2023-07-14,C000011,P0039,5,141.38,0.0,706.9,银行卡,小程序
T00003312,2023-12-10,C000512,P0028,3,210.19,0.2,504.46,微信支付,小程序
T00003313,2023-02-06,C000167,P0045,3,789.81,0.15,2014.02,银行卡,网页
T00003314,2023-10-01,C000941,P0030,4,179.49,0.0,717.96,支付宝,小程序
T00003315,2023-08-05,C000245,P0011,7,643.43,0.0,4504.01,银行卡,APP
T00003316,2023-08-04,C000033,P0018,6,63.49,0.2,304.75,银行卡,APP
T00003317,2023-01-31,C000132,P0006,1,281.15,0.0,281.15,微信支付,小程序
T00003318,2023-09-19,C000711,P0002,1,123.04,0.0,123.04,信用卡,APP
T00003319,2023-07-12,C000558,P0010,2,422.06,0.1,759.71,支付宝,网页
T00003320,2023-10-08,C000078,P0050,1,740.01,0.15,629.01,支付宝,APP
T00003321,2023-07-07,C000212,P0014,5,354.38,0.3,1240.33,微信支付,网页
T00003322,2023-07-26,C000022,P0030,3,179.49,0.1,484.62,信用卡,APP
T00003323,2023-09-19,C000472,P0050,1,740.01,0.0,740.01,信用卡,网页
T00003324,2023-11-08,C000676,P0028,10,210.19,0.2,1681.52,银行卡,网页
T00003325,2023-09-11,C000582,P0022,3,596.78,0.15,1521.79,银行卡,网页
T00003326,2023-01-14,C000332,P0022,2,596.78,0.2,954.85,信用卡,APP
T00003327,2023-10-16,C000647,P0046,1,519.59,0.1,467.63,支付宝,网页
T00003328,2023-09-21,C000897,P0024,3,740.37,0.0,2221.11,微信支付,小程序
T00003329,2023-06-26,C000707,P0011,3,643.43,0.3,1351.2,银行卡,APP
T00003330,2023-02-01,C000916,P0030,5,179.49,0.2,717.96,微信支付,APP
T00003331,2023-07-21,C000321,P0042,1,193.1,0.15,164.13,微信支付,APP
T00003332,2023-06-03,C000504,P0024,5,740.37,0.0,3701.85,微信支付,APP
T00003333,2023-04-15,C000809,P0003,2,806.41,0.1,1451.54,信用卡,小程序
T00003334,2023-05-15,C000208,P0030,1,179.49,0.15,152.57,微信支付,网页
T00003335,2023-01-30,C000843,P0013,3,615.93,0.2,1478.23,微信支付,APP
T00003336,2023-02-16,C000756,P0011,3,643.43,0.0,1930.29,支付宝,小程序
T00003337,2023-12-26,C000597,P0012,5,614.43,0.1,2764.93,微信支付,网页
T00003338,2023-11-26,C000590,P0002,4,123.04,0.3,344.51,支付宝,小程序
T00003339,2023-01-20,C000736,P0024,2,740.37,0.0,1480.74,信用卡,小程序
T00003340,2023-06-12,C000582,P0038,1,562.9,0.0,562.9,信用卡,小程序
T00003341,2023-05-10,C000140,P0006,2,281.15,0.0,562.3,银行卡,网页
T00003342,2023-07-28,C000089,P0001,9,461.62,0.0,4154.58,支付宝,APP
T00003343,2023-06-04,C000987,P0048,2,651.69,0.15,1107.87,银行卡,网页
T00003344,2023-02-05,C000220,P0013,5,615.93,0.3,2155.75,信用卡,小程序
T00003345,2023-04-01,C000438,P0030,5,179.49,0.1,807.71,支付宝,APP
T00003346,2023-09-10,C000298,P0016,2,469.57,0.0,939.14,支付宝,APP
T00003347,2023-01-14,C000170,P0050,5,740.01,0.0,3700.05,微信支付,小程序
T00003348,2023-02-12,C000041,P0015,1,986.74,0.0,986.74,银行卡,小程序
T00003349,2023-01-18,C000633,P0011,5,643.43,0.15,2734.58,支付宝,小程序
T00003350,2023-10-07,C000541,P0042,1,193.1,0.15,164.13,信用卡,小程序
T00003351,2023-07-31,C000829,P0020,3,925.61,0.0,2776.83,支付宝,小程序
T00003352,2023-10-22,C000037,P0038,5,562.9,0.0,2814.5,支付宝,小程序
T00003353,2023-04-22,C000329,P0013,4,615.93,0.15,2094.16,微信支付,APP
T00003354,2023-08-15,C000240,P0010,7,422.06,0.2,2363.54,信用卡,网页
T00003355,2023-01-28,C000998,P0020,1,925.61,0.1,833.05,支付宝,APP
T00003356,2023-12-02,C000708,P0014,14,354.38,0.0,4961.32,支付宝,小程序
T00003357,2023-09-03,C000037,P0019,3,340.95,0.3,715.99,支付宝,APP
T00003358,2023-05-03,C000211,P0047,2,371.93,0.0,743.86,微信支付,网页
T00003359,2023-05-15,C000377,P0038,4,562.9,0.0,2251.6,信用卡,APP
T00003360,2023-05-12,C000487,P0034,4,255.35,0.0,1021.4,支付宝,小程序
T00003361,2023-09-11,C000356,P0030,2,179.49,0.0,358.98,信用卡,APP
T00003362,2023-04-26,C000846,P0005,4,766.59,0.3,2146.45,微信支付,APP
T00003363,2023-07-21,C000856,P0002,3,123.04,0.2,295.3,支付宝,APP
T00003364,2023-11-30,C000763,P0043,1,861.78,0.2,689.42,信用卡,APP
T00003365,2023-04-07,C000878,P0049,5,147.02,0.15,624.84,信用卡,APP
T00003366,2023-01-31,C000409,P0028,4,210.19,0.0,840.76,支付宝,网页
T00003367,2023-11-01,C000288,P0039,11,141.38,0.3,1088.63,信用卡,网页
T00003368,2023-12-18,C000252,P0039,5,141.38,0.0,706.9,微信支付,小程序
T00003369,2023-08-25,C000030,P0004,5,330.99,0.2,1323.96,银行卡,小程序
T00003370,2023-01-05,C000594,P0002,4,123.04,0.3,344.51,支付宝,网页
T00003371,2023-12-02,C000573,P0004,7,330.99,0.0,2316.93,微信支付,网页
T00003372,2023-04-21,C000819,P0002,4,123.04,0.0,492.16,信用卡,网页
T00003373,2023-05-27,C000555,P0045,5,789.81,0.15,3356.69,微信支付,小程序
T00003374,2023-11-30,C000250,P0011,8,643.43,0.2,4117.95,支付宝,小程序
T00003375,2023-09-10,C000146,P0012,5,614.43,0.3,2150.5,银行卡,小程序
T00003376,2023-12-21,C000703,P0010,6,422.06,0.0,2532.36,银行卡,网页
T00003377,2023-06-11,C000217,P0008,9,779.89,0.15,5966.16,信用卡,APP
T00003378,2023-04-20,C000532,P0020,2,925.61,0.3,1295.85,微信支付,网页
T00003379,2023-09-11,C000575,P0035,2,914.62,0.15,1554.85,信用卡,APP
T00003380,2023-07-22,C000862,P0037,2,484.48,0.0,968.96,支付宝,APP
T00003381,2023-05-13,C000242,P0045,4,789.81,0.0,3159.24,信用卡,网页
T00003382,2023-09-23,C000424,P0020,4,925.61,0.3,2591.71,银行卡,小程序
T00003383,2023-08-09,C000492,P0048,3,651.69,0.0,1955.07,信用卡,APP
T00003384,2023-03-08,C000410,P0003,2,806.41,0.0,1612.82,信用卡,网页
T00003385,2023-06-26,C000589,P0011,6,643.43,0.0,3860.58,支付宝,网页
T00003386,2023-07-03,C000310,P0033,1,838.62,0.0,838.62,银行卡,网页
T00003387,2023-02-10,C000450,P0024,2,740.37,0.15,1258.63,支付宝,小程序
T00003388,2023-06-09,C000220,P0046,7,519.59,0.0,3637.13,信用卡,小程序
T00003389,2023-07-15,C000105,P0008,4,779.89,0.0,3119.56,微信支付,网页
T00003390,2023-02-08,C000529,P0006,5,281.15,0.0,1405.75,信用卡,小程序
T00003391,2023-01-12,C000350,P0022,3,596.78,0.2,1432.27,银行卡,网页
T00003392,2023-06-29,C000180,P0017,6,798.65,0.0,4791.9,信用卡,小程序
T00003393,2023-05-11,C000995,P0050,2,740.01,0.1,1332.02,信用卡,APP
T00003394,2023-05-17,C000204,P0002,3,123.04,0.3,258.38,银行卡,小程序
T00003395,2023-12-18,C000288,P0021,8,519.75,0.0,4158.0,信用卡,网页
T00003396,2023-01-15,C000237,P0001,1,461.62,0.3,323.13,支付宝,APP
T00003397,2023-11-04,C000659,P0027,3,145.04,0.3,304.58,微信支付,APP
T00003398,2023-09-25,C000820,P0025,5,476.28,0.1,2143.26,银行卡,小程序
T00003399,2023-03-06,C000102,P0045,4,789.81,0.2,2527.39,微信支付,网页
T00003400,2023-09-29,C000548,P0015,3,986.74,0.2,2368.18,支付宝,小程序
T00003401,2023-06-16,C000647,P0044,4,535.61,0.3,1499.71,微信支付,网页
T00003402,2023-01-16,C000734,P0050,5,740.01,0.15,3145.04,支付宝,网页
T00003403,2023-12-16,C000034,P0024,8,740.37,0.0,5922.96,信用卡,小程序
T00003404,2023-05-13,C000793,P0049,1,147.02,0.0,147.02,银行卡,小程序
T00003405,2023-11-18,C000576,P0017,5,798.65,0.2,3194.6,信用卡,网页
T00003406,2023-01-18,C000708,P0001,4,461.62,0.0,1846.48,信用卡,小程序
T00003407,2023-06-19,C000677,P0046,7,519.59,0.2,2909.7,支付宝,网页
T00003408,2023-04-03,C000978,P0039,3,141.38,0.0,424.14,银行卡,小程序
T00003409,2023-07-18,C000590,P0028,4,210.19,0.3,588.53,支付宝,小程序
T00003410,2023-12-23,C000863,P0031,8,791.65,0.0,6333.2,信用卡,网页
T00003411,2023-03-28,C000008,P0033,1,838.62,0.0,838.62,信用卡,小程序
T00003412,2023-02-04,C000458,P0042,2,193.1,0.0,386.2,银行卡,网页
T00003413,2023-10-24,C000802,P0043,3,861.78,0.2,2068.27,银行卡,小程序
T00003414,2023-04-05,C000321,P0015,1,986.74,0.3,690.72,信用卡,小程序
T00003415,2023-04-19,C000234,P0036,2,991.36,0.1,1784.45,银行卡,小程序
T00003416,2023-09-21,C000499,P0039,1,141.38,0.2,113.1,支付宝,APP
T00003417,2023-02-16,C000014,P0029,4,287.8,0.15,978.52,支付宝,APP
T00003418,2023-12-16,C000638,P0046,7,519.59,0.0,3637.13,信用卡,网页
T00003419,2023-02-08,C000757,P0048,2,651.69,0.0,1303.38,银行卡,小程序
T00003420,2023-06-04,C000289,P0036,1,991.36,0.3,693.95,银行卡,APP
T00003421,2023-11-17,C000913,P0046,3,519.59,0.0,1558.77,微信支付,小程序
T00003422,2023-04-14,C000219,P0041,4,976.66,0.0,3906.64,信用卡,小程序
T00003423,2023-07-03,C000675,P0026,6,224.0,0.15,1142.4,支付宝,小程序
T00003424,2023-04-17,C000941,P0004,2,330.99,0.1,595.78,银行卡,网页
T00003425,2023-05-21,C000468,P0041,4,976.66,0.0,3906.64,支付宝,网页
T00003426,2023-09-23,C000134,P0036,1,991.36,0.3,693.95,信用卡,APP
T00003427,2023-12-12,C000810,P0034,9,255.35,0.2,1838.52,支付宝,网页
T00003428,2023-10-23,C000119,P0008,4,779.89,0.0,3119.56,支付宝,网页
T00003429,2023-07-25,C000261,P0017,7,798.65,0.0,5590.55,支付宝,小程序
T00003430,2023-09-16,C000062,P0016,5,469.57,0.1,2113.07,银行卡,网页
T00003431,2023-03-30,C000786,P0047,3,371.93,0.3,781.05,信用卡,APP
T00003432,2023-12-10,C000940,P0034,13,255.35,0.3,2323.68,银行卡,小程序
T00003433,2023-04-05,C000509,P0016,4,469.57,0.0,1878.28,信用卡,网页
T00003434,2023-01-03,C000481,P0004,5,330.99,0.15,1406.71,支付宝,小程序
T00003435,2023-03-17,C000249,P0022,2,596.78,0.0,1193.56,支付宝,APP
T00003436,2023-02-14,C000666,P0049,5,147.02,0.3,514.57,支付宝,小程序
T00003437,2023-03-25,C000170,P0049,4,147.02,0.1,529.27,支付宝,小程序
T00003438,2023-07-29,C000416,P0043,7,861.78,0.0,6032.46,信用卡,网页
T00003439,2023-04-15,C000221,P0036,5,991.36,0.2,3965.44,银行卡,网页
T00003440,2023-02-02,C000315,P0027,4,145.04,0.3,406.11,微信支付,APP
T00003441,2023-01-01,C000194,P0001,4,461.62,0.0,1846.48,支付宝,网页
T00003442,2023-01-24,C000500,P0016,5,469.57,0.3,1643.49,支付宝,小程序
T00003443,2023-11-20,C000770,P0033,11,838.62,0.2,7379.86,信用卡,小程序
T00003444,2023-04-26,C000038,P0011,4,643.43,0.3,1801.6,支付宝,小程序
T00003445,2023-09-21,C000280,P0016,5,469.57,0.0,2347.85,微信支付,小程序
T00003446,2023-12-22,C000446,P0045,10,789.81,0.15,6713.38,信用卡,网页
T00003447,2023-12-17,C000631,P0012,8,614.43,0.3,3440.81,信用卡,网页
T00003448,2023-12-11,C000832,P0018,6,63.49,0.1,342.85,微信支付,网页
T00003449,2023-08-30,C000370,P0026,3,224.0,0.15,571.2,微信支付,小程序
T00003450,2023-02-22,C000601,P0029,3,287.8,0.1,777.06,信用卡,小程序
T00003451,2023-06-29,C000880,P0001,1,461.62,0.0,461.62,微信支付,APP
T00003452,2023-02-01,C000448,P0012,2,614.43,0.1,1105.97,微信支付,APP
T00003453,2023-04-21,C000866,P0009,4,17.15,0.2,54.88,银行卡,网页
T00003454,2023-03-29,C000976,P0024,4,740.37,0.0,2961.48,微信支付,APP
T00003455,2023-11-10,C000778,P0046,2,519.59,0.1,935.26,银行卡,APP
T00003456,2023-07-15,C000344,P0015,1,986.74,0.0,986.74,微信支付,小程序
T00003457,2023-03-18,C000477,P0018,4,63.49,0.2,203.17,信用卡,网页
T00003458,2023-03-04,C000351,P0009,5,17.15,0.0,85.75,信用卡,小程序
T00003459,2023-10-22,C000026,P0038,1,562.9,0.2,450.32,银行卡,APP
T00003460,2023-07-24,C000947,P0047,6,371.93,0.0,2231.58,微信支付,APP
T00003461,2023-09-10,C000237,P0028,2,210.19,0.0,420.38,微信支付,APP
T00003462,2023-09-30,C000714,P0023,4,237.76,0.0,951.04,微信支付,网页
T00003463,2023-03-13,C000510,P0015,2,986.74,0.0,1973.48,银行卡,小程序
T00003464,2023-04-17,C000037,P0007,2,444.27,0.3,621.98,微信支付,小程序
T00003465,2023-08-30,C000751,P0050,1,740.01,0.2,592.01,银行卡,APP
T00003466,2023-12-02,C000258,P0014,1,354.38,0.1,318.94,支付宝,网页
T00003467,2023-04-12,C000239,P0013,2,615.93,0.2,985.49,支付宝,小程序
T00003468,2023-11-17,C000909,P0035,9,914.62,0.0,8231.58,银行卡,网页
T00003469,2023-11-21,C000992,P0050,1,740.01,0.2,592.01,信用卡,小程序
T00003470,2023-11-17,C000276,P0001,7,461.62,0.0,3231.34,银行卡,小程序
T00003471,2023-12-13,C000489,P0008,9,779.89,0.1,6317.11,支付宝,小程序
T00003472,2023-11-18,C000303,P0025,8,476.28,0.0,3810.24,银行卡,网页
T00003473,2023-12-20,C000099,P0010,6,422.06,0.2,2025.89,微信支付,网页
T00003474,2023-11-14,C000162,P0043,7,861.78,0.0,6032.46,微信支付,小程序
T00003475,2023-03-16,C000844,P0041,4,976.66,0.0,3906.64,信用卡,小程序
T00003476,2023-09-29,C000632,P0024,2,740.37,0.0,1480.74,微信支付,小程序
T00003477,2023-10-12,C000651,P0014,5,354.38,0.0,1771.9,微信支付,小程序
T00003478,2023-08-22,C000933,P0040,7,484.99,0.2,2715.94,微信支付,小程序
T00003479,2023-04-19,C000711,P0006,3,281.15,0.0,843.45,微信支付,APP
T00003480,2023-02-18,C000523,P0039,3,141.38,0.3,296.9,信用卡,网页
T00003481,2023-07-05,C000083,P0050,1,740.01,0.0,740.01,信用卡,网页
T00003482,2023-08-11,C000665,P0048,7,651.69,0.2,3649.46,支付宝,网页
T00003483,2023-11-27,C000229,P0030,6,179.49,0.1,969.25,支付宝,网页
T00003484,2023-10-18,C000695,P0037,5,484.48,0.1,2180.16,微信支付,APP
T00003485,2023-10-14,C000367,P0038,5,562.9,0.0,2814.5,支付宝,APP
T00003486,2023-09-28,C000190,P0022,3,596.78,0.0,1790.34,信用卡,网页
T00003487,2023-03-28,C000106,P0010,3,422.06,0.0,1266.18,信用卡,APP
T00003488,2023-12-13,C000303,P0029,4,287.8,0.1,1036.08,微信支付,小程序
T00003489,2023-11-06,C000630,P0017,8,798.65,0.0,6389.2,支付宝,APP
T00003490,2023-10-12,C000357,P0037,3,484.48,0.3,1017.41,银行卡,网页
T00003491,2023-07-05,C000798,P0028,4,210.19,0.1,756.68,支付宝,小程序
T00003492,2023-09-09,C000033,P0014,1,354.38,0.0,354.38,支付宝,APP
T00003493,2023-12-06,C000754,P0010,11,422.06,0.1,4178.39,信用卡,APP
T00003494,2023-12-16,C000997,P0048,4,651.69,0.1,2346.08,信用卡,APP
T00003495,2023-12-27,C000175,P0012,3,614.43,0.15,1566.8,信用卡,网页
T00003496,2023-10-16,C000613,P0014,1,354.38,0.1,318.94,信用卡,APP
T00003497,2023-02-19,C000127,P0038,1,562.9,0.15,478.46,支付宝,网页
T00003498,2023-10-08,C000442,P0034,4,255.35,0.2,817.12,支付宝,小程序
T00003499,2023-08-15,C001000,P0014,3,354.38,0.0,1063.14,信用卡,小程序
T00003500,2023-10-20,C000708,P0041,2,976.66,0.2,1562.66,信用卡,小程序
T00003501,2023-07-02,C000372,P0040,3,484.99,0.1,1309.47,支付宝,小程序
T00003502,2023-12-10,C000614,P0002,4,123.04,0.1,442.94,银行卡,小程序
T00003503,2023-12-03,C000375,P0043,8,861.78,0.0,6894.24,银行卡,网页
T00003504,2023-05-07,C000279,P0046,4,519.59,0.1,1870.52,银行卡,网页
T00003505,2023-09-10,C000706,P0014,2,354.38,0.15,602.45,信用卡,小程序
T00003506,2023-01-30,C000790,P0048,3,651.69,0.0,1955.07,支付宝,小程序
T00003507,2023-06-19,C000448,P0025,5,476.28,0.0,2381.4,微信支付,网页
T00003508,2023-10-05,C000758,P0020,4,925.61,0.1,3332.2,支付宝,小程序
T00003509,2023-09-28,C000553,P0049,5,147.02,0.0,735.1,信用卡,网页
T00003510,2023-05-06,C000364,P0017,1,798.65,0.15,678.85,信用卡,小程序
T00003511,2023-06-13,C000220,P0040,6,484.99,0.0,2909.94,银行卡,APP
T00003512,2023-03-18,C000047,P0016,5,469.57,0.3,1643.49,信用卡,网页
T00003513,2023-07-21,C000976,P0039,2,141.38,0.0,282.76,银行卡,APP
T00003514,2023-07-03,C000542,P0017,6,798.65,0.0,4791.9,支付宝,APP
T00003515,2023-02-22,C000365,P0044,4,535.61,0.0,2142.44,微信支付,小程序
T00003516,2023-08-20,C000006,P0005,8,766.59,0.0,6132.72,银行卡,网页
T00003517,2023-08-03,C000298,P0040,6,484.99,0.0,2909.94,支付宝,APP
T00003518,2023-09-02,C000266,P0026,4,224.0,0.0,896.0,信用卡,网页
T00003519,2023-10-26,C000673,P0008,1,779.89,0.1,701.9,支付宝,APP
T00003520,2023-04-01,C000832,P0008,3,779.89,0.0,2339.67,微信支付,小程序
T00003521,2023-10-22,C000415,P0044,3,535.61,0.0,1606.83,信用卡,小程序
T00003522,2023-09-15,C000949,P0046,1,519.59,0.2,415.67,支付宝,APP
T00003523,2023-06-04,C000322,P0008,8,779.89,0.0,6239.12,微信支付,网页
T00003524,2023-03-09,C000426,P0035,4,914.62,0.0,3658.48,支付宝,APP
T00003525,2023-09-21,C000324,P0021,1,519.75,0.3,363.82,支付宝,APP
T00003526,2023-10-28,C000805,P0022,4,596.78,0.0,2387.12,支付宝,APP
T00003527,2023-01-16,C000189,P0005,3,766.59,0.3,1609.84,银行卡,网页
T00003528,2023-02-18,C000095,P0035,3,914.62,0.15,2332.28,支付宝,网页
T00003529,2023-12-01,C000613,P0006,7,281.15,0.3,1377.63,支付宝,APP
T00003530,2023-07-25,C000804,P0041,3,976.66,0.0,2929.98,银行卡,APP
T00003531,2023-10-22,C000688,P0007,5,444.27,0.0,2221.35,信用卡,小程序
T00003532,2023-08-13,C000514,P0006,7,281.15,0.1,1771.24,支付宝,网页
T00003533,2023-01-04,C000012,P0035,3,914.62,0.15,2332.28,微信支付,小程序
T00003534,2023-04-15,C000167,P0046,5,519.59,0.2,2078.36,银行卡,APP
T00003535,2023-09-09,C000104,P0045,5,789.81,0.1,3554.14,支付宝,APP
T00003536,2023-10-30,C000213,P0015,2,986.74,0.0,1973.48,微信支付,网页
T00003537,2023-10-23,C000168,P0023,2,237.76,0.0,475.52,银行卡,APP
T00003538,2023-12-07,C000967,P0004,4,330.99,0.2,1059.17,支付宝,网页
T00003539,2023-09-11,C000535,P0024,5,740.37,0.0,3701.85,信用卡,APP
T00003540,2023-08-18,C000554,P0017,1,798.65,0.0,798.65,支付宝,小程序
T00003541,2023-04-03,C000808,P0027,2,145.04,0.2,232.06,支付宝,小程序
T00003542,2023-04-28,C000398,P0004,5,330.99,0.3,1158.46,银行卡,APP
T00003543,2023-08-08,C000503,P0021,1,519.75,0.0,519.75,信用卡,APP
T00003544,2023-11-26,C000556,P0005,2,766.59,0.2,1226.54,微信支付,小程序
T00003545,2023-12-30,C000799,P0042,5,193.1,0.15,820.67,微信支付,APP
T00003546,2023-01-31,C000333,P0012,3,614.43,0.15,1566.8,信用卡,小程序
T00003547,2023-03-11,C000440,P0004,2,330.99,0.0,661.98,支付宝,网页
T00003548,2023-12-06,C000615,P0022,9,596.78,0.2,4296.82,支付宝,APP
T00003549,2023-10-26,C000397,P0046,1,519.59,0.15,441.65,信用卡,小程序
T00003550,2023-01-25,C000368,P0019,1,340.95,0.0,340.95,微信支付,APP
T00003551,2023-02-03,C000773,P0010,1,422.06,0.3,295.44,微信支付,网页
T00003552,2023-01-04,C000126,P0034,4,255.35,0.3,714.98,银行卡,APP
T00003553,2023-12-19,C000788,P0036,1,991.36,0.2,793.09,信用卡,APP
T00003554,2023-10-05,C000078,P0045,5,789.81,0.1,3554.14,支付宝,网页
T00003555,2023-01-20,C000566,P0050,2,740.01,0.0,1480.02,信用卡,小程序
T00003556,2023-06-16,C000288,P0017,9,798.65,0.0,7187.85,信用卡,APP
T00003557,2023-10-30,C000832,P0044,3,535.61,0.3,1124.78,支付宝,网页
T00003558,2023-03-09,C000968,P0045,4,789.81,0.0,3159.24,银行卡,网页
T00003559,2023-08-10,C000571,P0039,3,141.38,0.2,339.31,银行卡,小程序
T00003560,2023-12-01,C000499,P0003,5,806.41,0.0,4032.05,支付宝,网页
T00003561,2023-03-15,C000634,P0043,1,861.78,0.0,861.78,银行卡,网页
T00003562,2023-11-30,C000930,P0029,7,287.8,0.3,1410.22,微信支付,小程序
T00003563,2023-11-18,C000295,P0035,8,914.62,0.1,6585.26,支付宝,小程序
T00003564,2023-06-26,C000046,P0013,1,615.93,0.3,431.15,银行卡,网页
T00003565,2023-03-13,C000646,P0034,4,255.35,0.0,1021.4,信用卡,网页
T00003566,2023-12-11,C000385,P0046,9,519.59,0.0,4676.31,微信支付,小程序
T00003567,2023-07-18,C000624,P0009,7,17.15,0.0,120.05,支付宝,网页
T00003568,2023-07-18,C000788,P0009,7,17.15,0.0,120.05,微信支付,网页
T00003569,2023-11-02,C000131,P0034,8,255.35,0.1,1838.52,信用卡,网页
T00003570,2023-11-30,C000128,P0003,8,806.41,0.0,6451.28,信用卡,小程序
T00003571,2023-09-09,C000303,P0044,1,535.61,0.0,535.61,支付宝,网页
T00003572,2023-09-12,C000212,P0009,1,17.15,0.2,13.72,微信支付,网页
T00003573,2023-03-17,C000184,P0018,2,63.49,0.0,126.98,微信支付,网页
T00003574,2023-07-19,C000001,P0003,7,806.41,0.3,3951.41,银行卡,小程序
T00003575,2023-07-19,C000464,P0005,2,766.59,0.3,1073.23,支付宝,网页
T00003576,2023-03-18,C000641,P0001,3,461.62,0.2,1107.89,微信支付,网页
T00003577,2023-04-12,C000090,P0050,2,740.01,0.2,1184.02,支付宝,小程序
T00003578,2023-05-20,C000941,P0024,4,740.37,0.0,2961.48,银行卡,小程序
T00003579,2023-11-16,C000296,P0015,3,986.74,0.0,2960.22,支付宝,APP
T00003580,2023-11-06,C000905,P0006,5,281.15,0.15,1194.89,银行卡,网页
T00003581,2023-04-26,C000112,P0047,3,371.93,0.2,892.63,支付宝,网页
T00003582,2023-01-16,C000949,P0035,4,914.62,0.15,3109.71,微信支付,网页
T00003583,2023-12-22,C000698,P0013,11,615.93,0.1,6097.71,微信支付,小程序
T00003584,2023-06-05,C000775,P0003,2,806.41,0.0,1612.82,信用卡,小程序
T00003585,2023-03-17,C000095,P0015,2,986.74,0.1,1776.13,支付宝,小程序
T00003586,2023-02-25,C000016,P0042,1,193.1,0.3,135.17,信用卡,APP
T00003587,2023-06-09,C000997,P0011,5,643.43,0.1,2895.43,信用卡,APP
T00003588,2023-12-14,C000371,P0022,11,596.78,0.0,6564.58,银行卡,APP
T00003589,2023-08-02,C000786,P0014,4,354.38,0.15,1204.89,微信支付,APP
T00003590,2023-09-10,C000153,P0041,3,976.66,0.0,2929.98,银行卡,小程序
T00003591,2023-04-06,C000655,P0009,3,17.15,0.0,51.45,银行卡,APP
T00003592,2023-02-04,C000994,P0030,5,179.49,0.2,717.96,微信支付,小程序
T00003593,2023-01-13,C000048,P0022,2,596.78,0.0,1193.56,银行卡,网页
T00003594,2023-04-28,C000754,P0036,5,991.36,0.0,4956.8,信用卡,APP
T00003595,2023-01-04,C000452,P0017,4,798.65,0.1,2875.14,信用卡,网页
T00003596,2023-07-13,C000046,P0046,6,519.59,0.15,2649.91,信用卡,网页
T00003597,2023-06-14,C000714,P0046,7,519.59,0.2,2909.7,微信支付,APP
T00003598,2023-11-17,C000321,P0031,3,791.65,0.3,1662.46,微信支付,小程序
T00003599,2023-07-19,C000369,P0036,6,991.36,0.0,5948.16,微信支付,网页
T00003600,2023-03-07,C000673,P0007,1,444.27,0.1,399.84,银行卡,小程序
T00003601,2023-02-12,C000810,P0017,3,798.65,0.0,2395.95,支付宝,小程序
T00003602,2023-03-04,C000825,P0001,4,461.62,0.0,1846.48,银行卡,网页
T00003603,2023-07-02,C000606,P0010,7,422.06,0.0,2954.42,银行卡,小程序
T00003604,2023-08-25,C000278,P0020,2,925.61,0.15,1573.54,信用卡,APP
T00003605,2023-03-04,C000872,P0044,3,535.61,0.0,1606.83,微信支付,APP
T00003606,2023-05-22,C000956,P0038,4,562.9,0.0,2251.6,信用卡,小程序
T00003607,2023-08-28,C000095,P0002,1,123.04,0.2,98.43,微信支付,小程序
T00003608,2023-06-04,C000302,P0015,5,986.74,0.1,4440.33,银行卡,小程序
T00003609,2023-12-31,C000718,P0035,8,914.62,0.2,5853.57,信用卡,小程序
T00003610,2023-02-05,C000544,P0047,5,371.93,0.15,1580.7,支付宝,网页
T00003611,2023-09-20,C000055,P0026,2,224.0,0.0,448.0,银行卡,小程序
T00003612,2023-10-30,C000512,P0010,5,422.06,0.0,2110.3,微信支付,网页
T00003613,2023-08-12,C000528,P0015,3,986.74,0.0,2960.22,支付宝,APP
T00003614,2023-04-20,C000165,P0008,2,779.89,0.0,1559.78,微信支付,小程序
T00003615,2023-06-14,C000571,P0017,1,798.65,0.1,718.78,支付宝,网页
T00003616,2023-08-19,C000703,P0014,1,354.38,0.2,283.5,微信支付,网页
T00003617,2023-10-12,C000318,P0030,4,179.49,0.1,646.16,信用卡,网页
T00003618,2023-01-04,C000019,P0030,2,179.49,0.1,323.08,信用卡,网页
T00003619,2023-06-30,C000013,P0026,1,224.0,0.1,201.6,信用卡,小程序
T00003620,2023-03-13,C000876,P0011,5,643.43,0.3,2252.0,微信支付,APP
T00003621,2023-04-03,C000661,P0044,5,535.61,0.0,2678.05,支付宝,小程序
T00003622,2023-04-19,C000426,P0033,5,838.62,0.0,4193.1,信用卡,小程序
T00003623,2023-05-14,C000451,P0049,2,147.02,0.1,264.64,银行卡,小程序
T00003624,2023-04-21,C000211,P0039,2,141.38,0.3,197.93,支付宝,网页
T00003625,2023-07-04,C000601,P0042,6,193.1,0.2,926.88,支付宝,网页
T00003626,2023-07-25,C000990,P0043,4,861.78,0.0,3447.12,银行卡,APP
T00003627,2023-02-18,C000208,P0012,3,614.43,0.2,1474.63,银行卡,APP
T00003628,2023-06-24,C000831,P0034,4,255.35,0.15,868.19,支付宝,APP
T00003629,2023-09-24,C000317,P0043,4,861.78,0.0,3447.12,支付宝,APP
T00003630,2023-05-14,C000122,P0012,1,614.43,0.3,430.1,信用卡,小程序
T00003631,2023-05-01,C000571,P0030,1,179.49,0.1,161.54,支付宝,网页
T00003632,2023-10-14,C000744,P0046,2,519.59,0.3,727.43,信用卡,网页
T00003633,2023-11-17,C000098,P0034,2,255.35,0.2,408.56,银行卡,小程序
T00003634,2023-06-29,C000756,P0024,9,740.37,0.2,5330.66,银行卡,小程序
T00003635,2023-05-13,C000076,P0011,5,643.43,0.0,3217.15,信用卡,小程序
T00003636,2023-04-12,C000214,P0007,4,444.27,0.0,1777.08,信用卡,网页
T00003637,2023-10-23,C000182,P0032,4,95.61,0.1,344.2,信用卡,网页
T00003638,2023-09-24,C000488,P0032,4,95.61,0.0,382.44,微信支付,网页
T00003639,2023-10-14,C000074,P0028,2,210.19,0.3,294.27,银行卡,APP
T00003640,2023-09-06,C000610,P0017,1,798.65,0.15,678.85,银行卡,APP
T00003641,2023-10-12,C000983,P0002,5,123.04,0.2,492.16,银行卡,APP
T00003642,2023-08-10,C000876,P0032,2,95.61,0.15,162.54,支付宝,小程序
T00003643,2023-09-08,C000118,P0026,3,224.0,0.3,470.4,支付宝,APP
T00003644,2023-02-18,C000084,P0005,2,766.59,0.15,1303.2,支付宝,网页
T00003645,2023-06-07,C000991,P0034,1,255.35,0.0,255.35,微信支付,网页
T00003646,2023-05-09,C000634,P0032,2,95.61,0.3,133.85,支付宝,网页
T00003647,2023-10-27,C000014,P0039,1,141.38,0.0,141.38,信用卡,APP
T00003648,2023-07-16,C000839,P0050,5,740.01,0.2,2960.04,支付宝,网页
T00003649,2023-11-18,C000618,P0043,14,861.78,0.0,12064.92,信用卡,APP
T00003650,2023-09-29,C000945,P0043,1,861.78,0.1,775.6,信用卡,小程序
T00003651,2023-10-21,C000473,P0025,2,476.28,0.1,857.3,信用卡,APP
T00003652,2023-01-19,C000692,P0038,4,562.9,0.0,2251.6,支付宝,APP
T00003653,2023-04-10,C000186,P0030,4,179.49,0.0,717.96,微信支付,小程序
T00003654,2023-03-30,C000373,P0004,5,330.99,0.3,1158.46,信用卡,小程序
T00003655,2023-10-17,C000163,P0029,3,287.8,0.0,863.4,信用卡,APP
T00003656,2023-12-07,C000662,P0049,6,147.02,0.2,705.7,信用卡,小程序
T00003657,2023-04-11,C000787,P0011,4,643.43,0.1,2316.35,支付宝,APP
T00003658,2023-03-01,C000344,P0044,3,535.61,0.2,1285.46,支付宝,网页
T00003659,2023-12-13,C000211,P0032,5,95.61,0.3,334.63,信用卡,APP
T00003660,2023-10-28,C000521,P0028,3,210.19,0.1,567.51,信用卡,APP
T00003661,2023-01-18,C000537,P0049,3,147.02,0.2,352.85,信用卡,APP
T00003662,2023-06-27,C000388,P0033,7,838.62,0.3,4109.24,银行卡,APP
T00003663,2023-12-23,C000876,P0013,7,615.93,0.1,3880.36,支付宝,APP
T00003664,2023-07-15,C000154,P0013,6,615.93,0.1,3326.02,信用卡,网页
T00003665,2023-11-01,C000828,P0026,7,224.0,0.15,1332.8,信用卡,小程序
T00003666,2023-07-18,C000634,P0025,5,476.28,0.2,1905.12,银行卡,网页
T00003667,2023-02-10,C000363,P0023,2,237.76,0.0,475.52,信用卡,网页
T00003668,2023-06-13,C000037,P0042,2,193.1,0.3,270.34,银行卡,APP
T00003669,2023-08-15,C000174,P0032,8,95.61,0.15,650.15,银行卡,小程序
T00003670,2023-09-26,C000408,P0040,3,484.99,0.0,1454.97,银行卡,网页
T00003671,2023-01-14,C000452,P0016,3,469.57,0.0,1408.71,支付宝,网页
T00003672,2023-09-26,C000384,P0001,2,461.62,0.15,784.75,微信支付,APP
T00003673,2023-10-01,C000948,P0024,4,740.37,0.15,2517.26,微信支付,APP
T00003674,2023-11-07,C000254,P0008,9,779.89,0.0,7019.01,支付宝,小程序
T00003675,2023-05-22,C000030,P0050,4,740.01,0.0,2960.04,信用卡,APP
T00003676,2023-01-29,C000090,P0018,3,63.49,0.0,190.47,信用卡,APP
T00003677,2023-04-01,C000264,P0046,1,519.59,0.0,519.59,支付宝,APP
T00003678,2023-03-14,C000370,P0027,5,145.04,0.0,725.2,信用卡,小程序
T00003679,2023-10-25,C000211,P0028,2,210.19,0.0,420.38,信用卡,网页
T00003680,2023-05-24,C000438,P0042,3,193.1,0.2,463.44,信用卡,网页
T00003681,2023-01-20,C000224,P0016,2,469.57,0.1,845.23,微信支付,小程序
T00003682,2023-11-14,C000271,P0031,2,791.65,0.0,1583.3,支付宝,小程序
T00003683,2023-10-22,C000838,P0019,1,340.95,0.0,340.95,支付宝,APP
T00003684,2023-04-02,C000501,P0041,4,976.66,0.0,3906.64,信用卡,小程序
T00003685,2023-02-26,C000895,P0044,5,535.61,0.0,2678.05,支付宝,网页
T00003686,2023-06-03,C000269,P0034,9,255.35,0.1,2068.34,信用卡,APP
T00003687,2023-09-23,C000242,P0013,1,615.93,0.1,554.34,支付宝,网页
T00003688,2023-05-09,C000911,P0014,3,354.38,0.1,956.83,银行卡,网页
T00003689,2023-12-28,C000541,P0031,9,791.65,0.0,7124.85,支付宝,网页
T00003690,2023-12-09,C000787,P0049,4,147.02,0.0,588.08,信用卡,APP
T00003691,2023-07-26,C000482,P0034,4,255.35,0.1,919.26,支付宝,网页
T00003692,2023-02-13,C000867,P0041,5,976.66,0.2,3906.64,支付宝,APP
T00003693,2023-11-04,C000245,P0012,11,614.43,0.3,4731.11,微信支付,小程序
T00003694,2023-02-26,C000193,P0009,4,17.15,0.1,61.74,银行卡,网页
T00003695,2023-11-03,C000603,P0042,14,193.1,0.2,2162.72,支付宝,小程序
T00003696,2023-04-17,C000511,P0016,4,469.57,0.15,1596.54,信用卡,APP
T00003697,2023-06-21,C000518,P0045,1,789.81,0.0,789.81,支付宝,小程序
T00003698,2023-07-27,C000373,P0042,1,193.1,0.3,135.17,信用卡,网页
T00003699,2023-01-21,C000037,P0032,4,95.61,0.15,325.07,微信支付,小程序
T00003700,2023-12-15,C000309,P0042,9,193.1,0.0,1737.9,微信支付,APP
T00003701,2023-04-27,C000530,P0017,3,798.65,0.1,2156.36,微信支付,网页
T00003702,2023-06-18,C000292,P0043,1,861.78,0.0,861.78,微信支付,网页
T00003703,2023-04-05,C000060,P0033,5,838.62,0.0,4193.1,微信支付,APP
T00003704,2023-08-20,C000890,P0036,6,991.36,0.2,4758.53,信用卡,网页
T00003705,2023-05-06,C000971,P0048,1,651.69,0.1,586.52,信用卡,小程序
T00003706,2023-09-23,C000765,P0021,5,519.75,0.15,2208.94,银行卡,网页
T00003707,2023-05-17,C000565,P0003,5,806.41,0.2,3225.64,银行卡,小程序
T00003708,2023-10-28,C000025,P0014,2,354.38,0.0,708.76,支付宝,网页
T00003709,2023-11-17,C000447,P0024,2,740.37,0.3,1036.52,银行卡,APP
T00003710,2023-08-05,C000640,P0040,1,484.99,0.0,484.99,微信支付,APP
T00003711,2023-11-29,C000921,P0003,4,806.41,0.15,2741.79,信用卡,网页
T00003712,2023-04-11,C000022,P0015,5,986.74,0.3,3453.59,微信支付,APP
T00003713,2023-07-03,C000362,P0026,5,224.0,0.0,1120.0,支付宝,网页
T00003714,2023-11-02,C000608,P0042,2,193.1,0.0,386.2,支付宝,APP
T00003715,2023-12-16,C000214,P0030,3,179.49,0.0,538.47,银行卡,APP
T00003716,2023-02-17,C001000,P0036,3,991.36,0.0,2974.08,支付宝,网页
T00003717,2023-03-07,C000081,P0013,5,615.93,0.0,3079.65,支付宝,小程序
T00003718,2023-07-16,C000130,P0034,1,255.35,0.3,178.74,支付宝,小程序
T00003719,2023-01-17,C000244,P0037,1,484.48,0.0,484.48,银行卡,小程序
T00003720,2023-05-28,C000460,P0046,2,519.59,0.15,883.3,银行卡,网页
T00003721,2023-09-06,C000458,P0039,2,141.38,0.15,240.35,微信支付,网页
T00003722,2023-06-18,C000697,P0041,4,976.66,0.3,2734.65,支付宝,网页
T00003723,2023-02-13,C000161,P0035,4,914.62,0.0,3658.48,微信支付,小程序
T00003724,2023-03-12,C000955,P0028,3,210.19,0.3,441.4,微信支付,小程序
T00003725,2023-07-01,C000517,P0007,4,444.27,0.0,1777.08,银行卡,小程序
T00003726,2023-08-28,C000429,P0044,9,535.61,0.2,3856.39,支付宝,网页
T00003727,2023-06-23,C000043,P0038,2,562.9,0.15,956.93,支付宝,小程序
T00003728,2023-08-05,C000745,P0047,7,371.93,0.0,2603.51,银行卡,小程序
T00003729,2023-09-14,C000397,P0030,1,179.49,0.2,143.59,银行卡,APP
T00003730,2023-12-29,C000302,P0049,11,147.02,0.15,1374.64,支付宝,小程序
T00003731,2023-06-16,C000032,P0048,8,651.69,0.2,4170.82,银行卡,网页
T00003732,2023-07-28,C000298,P0046,1,519.59,0.0,519.59,支付宝,网页
T00003733,2023-07-31,C000953,P0039,4,141.38,0.0,565.52,微信支付,网页
T00003734,2023-06-20,C000524,P0033,1,838.62,0.15,712.83,微信支付,小程序
T00003735,2023-03-20,C000450,P0029,3,287.8,0.0,863.4,信用卡,网页
T00003736,2023-11-18,C000957,P0032,7,95.61,0.15,568.88,微信支付,网页
T00003737,2023-05-26,C000121,P0046,2,519.59,0.0,1039.18,信用卡,APP
T00003738,2023-05-28,C000601,P0048,2,651.69,0.1,1173.04,信用卡,小程序
T00003739,2023-01-20,C000506,P0002,1,123.04,0.2,98.43,银行卡,网页
T00003740,2023-07-06,C000292,P0039,9,141.38,0.15,1081.56,信用卡,网页
T00003741,2023-05-16,C000866,P0047,1,371.93,0.1,334.74,信用卡,APP
T00003742,2023-04-12,C000578,P0044,3,535.61,0.3,1124.78,信用卡,小程序
T00003743,2023-09-08,C000158,P0008,3,779.89,0.0,2339.67,微信支付,网页
T00003744,2023-01-16,C000796,P0011,4,643.43,0.1,2316.35,信用卡,网页
T00003745,2023-11-16,C000811,P0047,2,371.93,0.0,743.86,微信支付,APP
T00003746,2023-09-09,C000696,P0010,4,422.06,0.1,1519.42,银行卡,APP
T00003747,2023-02-02,C000837,P0019,3,340.95,0.0,1022.85,微信支付,网页
T00003748,2023-02-22,C000929,P0032,1,95.61,0.0,95.61,银行卡,网页
T00003749,2023-07-06,C000570,P0022,3,596.78,0.0,1790.34,银行卡,小程序
T00003750,2023-06-22,C000946,P0024,7,740.37,0.0,5182.59,信用卡,小程序
T00003751,2023-12-06,C000209,P0014,8,354.38,0.2,2268.03,信用卡,小程序
T00003752,2023-08-01,C000522,P0027,1,145.04,0.3,101.53,银行卡,APP
T00003753,2023-06-04,C000595,P0048,1,651.69,0.1,586.52,支付宝,网页
T00003754,2023-04-13,C000486,P0006,1,281.15,0.0,281.15,银行卡,小程序
T00003755,2023-08-30,C000329,P0036,2,991.36,0.2,1586.18,信用卡,小程序
T00003756,2023-04-29,C000401,P0015,5,986.74,0.1,4440.33,支付宝,小程序
T00003757,2023-12-16,C000892,P0016,2,469.57,0.1,845.23,支付宝,小程序
T00003758,2023-10-22,C000519,P0034,5,255.35,0.0,1276.75,支付宝,APP
T00003759,2023-01-18,C000381,P0024,5,740.37,0.0,3701.85,支付宝,APP
T00003760,2023-02-25,C000862,P0024,2,740.37,0.0,1480.74,支付宝,APP
T00003761,2023-07-27,C000050,P0019,1,340.95,0.0,340.95,微信支付,小程序
T00003762,2023-04-22,C000444,P0037,2,484.48,0.1,872.06,支付宝,APP
T00003763,2023-01-02,C000686,P0043,2,861.78,0.15,1465.03,信用卡,小程序
T00003764,2023-03-28,C000975,P0042,1,193.1,0.15,164.13,微信支付,小程序
T00003765,2023-06-02,C000976,P0019,6,340.95,0.3,1431.99,信用卡,网页
T00003766,2023-08-10,C000255,P0026,5,224.0,0.3,784.0,微信支付,小程序
T00003767,2023-01-05,C000239,P0035,3,914.62,0.15,2332.28,支付宝,APP
T00003768,2023-05-31,C000761,P0012,4,614.43,0.1,2211.95,银行卡,网页
T00003769,2023-05-23,C000746,P0010,4,422.06,0.0,1688.24,银行卡,APP
T00003770,2023-05-12,C000664,P0030,5,179.49,0.0,897.45,微信支付,网页
T00003771,2023-11-03,C000417,P0028,4,210.19,0.3,588.53,银行卡,小程序
T00003772,2023-02-17,C000710,P0044,5,535.61,0.1,2410.25,信用卡,网页
T00003773,2023-05-20,C000581,P0040,2,484.99,0.0,969.98,信用卡,小程序
T00003774,2023-08-17,C000091,P0043,5,861.78,0.0,4308.9,信用卡,小程序
T00003775,2023-04-22,C000632,P0037,3,484.48,0.0,1453.44,支付宝,网页
T00003776,2023-06-19,C000414,P0028,5,210.19,0.0,1050.95,银行卡,APP
T00003777,2023-03-20,C000388,P0041,5,976.66,0.3,3418.31,支付宝,小程序
T00003778,2023-10-17,C000275,P0025,5,476.28,0.1,2143.26,信用卡,网页
T00003779,2023-12-08,C000066,P0034,2,255.35,0.15,434.09,微信支付,APP
T00003780,2023-10-23,C000249,P0010,2,422.06,0.0,844.12,信用卡,小程序
T00003781,2023-09-09,C000191,P0009,1,17.15,0.0,17.15,信用卡,APP
T00003782,2023-04-28,C000724,P0032,5,95.61,0.3,334.63,银行卡,APP
T00003783,2023-07-18,C000730,P0044,1,535.61,0.1,482.05,信用卡,网页
T00003784,2023-12-28,C000987,P0034,6,255.35,0.0,1532.1,支付宝,网页
T00003785,2023-06-18,C000599,P0021,6,519.75,0.0,3118.5,信用卡,小程序
T00003786,2023-07-24,C000840,P0042,5,193.1,0.1,868.95,信用卡,小程序
T00003787,2023-12-13,C000056,P0001,6,461.62,0.3,1938.8,微信支付,网页
T00003788,2023-11-23,C000491,P0048,7,651.69,0.0,4561.83,银行卡,APP
T00003789,2023-08-01,C000170,P0015,4,986.74,0.1,3552.26,支付宝,网页
T00003790,2023-08-11,C000198,P0023,5,237.76,0.0,1188.8,支付宝,APP
T00003791,2023-05-30,C000090,P0010,5,422.06,0.1,1899.27,信用卡,网页
T00003792,2023-08-22,C000103,P0046,3,519.59,0.0,1558.77,银行卡,APP
T00003793,2023-11-20,C000095,P0037,14,484.48,0.0,6782.72,支付宝,网页
T00003794,2023-07-29,C000643,P0024,1,740.37,0.0,740.37,银行卡,APP
T00003795,2023-10-06,C000641,P0006,3,281.15,0.0,843.45,微信支付,APP
T00003796,2023-12-30,C000513,P0037,11,484.48,0.1,4796.35,微信支付,APP
T00003797,2023-09-08,C000606,P0043,1,861.78,0.3,603.25,银行卡,APP
T00003798,2023-04-17,C000562,P0014,1,354.38,0.0,354.38,信用卡,APP
T00003799,2023-09-16,C000994,P0040,1,484.99,0.2,387.99,信用卡,APP
T00003800,2023-01-20,C000155,P0024,2,740.37,0.15,1258.63,支付宝,小程序
T00003801,2023-05-17,C000471,P0023,3,237.76,0.15,606.29,信用卡,网页
T00003802,2023-11-13,C000022,P0039,8,141.38,0.1,1017.94,支付宝,小程序
T00003803,2023-04-03,C000632,P0023,5,237.76,0.1,1069.92,支付宝,APP
T00003804,2023-05-29,C000325,P0014,5,354.38,0.3,1240.33,微信支付,APP
T00003805,2023-06-09,C000643,P0001,6,461.62,0.2,2215.78,银行卡,APP
T00003806,2023-04-24,C000439,P0003,1,806.41,0.0,806.41,微信支付,APP
T00003807,2023-02-25,C000563,P0026,5,224.0,0.1,1008.0,银行卡,网页
T00003808,2023-04-13,C000113,P0030,3,179.49,0.1,484.62,微信支付,APP
T00003809,2023-01-23,C000252,P0019,1,340.95,0.15,289.81,微信支付,网页
T00003810,2023-05-25,C000820,P0016,1,469.57,0.0,469.57,信用卡,网页
T00003811,2023-07-30,C000408,P0023,1,237.76,0.0,237.76,信用卡,APP
T00003812,2023-07-31,C000348,P0023,6,237.76,0.3,998.59,微信支付,网页
T00003813,2023-08-21,C000340,P0021,3,519.75,0.1,1403.33,微信支付,APP
T00003814,2023-12-12,C000415,P0016,10,469.57,0.0,4695.7,信用卡,小程序
T00003815,2023-06-10,C000008,P0008,1,779.89,0.0,779.89,信用卡,小程序
T00003816,2023-09-07,C000437,P0003,5,806.41,0.0,4032.05,银行卡,网页
T00003817,2023-02-08,C000073,P0050,2,740.01,0.0,1480.02,支付宝,网页
T00003818,2023-08-21,C000614,P0045,3,789.81,0.0,2369.43,银行卡,APP
T00003819,2023-10-22,C000779,P0015,2,986.74,0.0,1973.48,银行卡,网页
T00003820,2023-09-29,C000752,P0019,5,340.95,0.2,1363.8,银行卡,APP
T00003821,2023-08-03,C000485,P0022,1,596.78,0.15,507.26,银行卡,APP
T00003822,2023-03-16,C000724,P0007,5,444.27,0.0,2221.35,支付宝,APP
T00003823,2023-05-19,C000406,P0012,3,614.43,0.1,1658.96,银行卡,小程序
T00003824,2023-12-17,C000757,P0022,2,596.78,0.0,1193.56,支付宝,网页
T00003825,2023-02-05,C000669,P0050,1,740.01,0.0,740.01,银行卡,小程序
T00003826,2023-09-16,C000798,P0003,3,806.41,0.0,2419.23,支付宝,小程序
T00003827,2023-04-24,C000292,P0013,4,615.93,0.3,1724.6,银行卡,小程序
T00003828,2023-05-07,C000427,P0015,2,986.74,0.3,1381.44,微信支付,APP
T00003829,2023-06-11,C000726,P0031,5,791.65,0.0,3958.25,信用卡,小程序
T00003830,2023-01-28,C000592,P0001,5,461.62,0.0,2308.1,支付宝,网页
T00003831,2023-05-15,C000462,P0015,4,986.74,0.0,3946.96,微信支付,APP
T00003832,2023-08-25,C000849,P0001,4,461.62,0.0,1846.48,微信支付,网页
T00003833,2023-12-27,C000895,P0045,8,789.81,0.2,5054.78,微信支付,APP
T00003834,2023-11-18,C000763,P0037,6,484.48,0.2,2325.5,银行卡,网页
T00003835,2023-09-28,C000465,P0007,4,444.27,0.15,1510.52,信用卡,网页
T00003836,2023-01-19,C000619,P0023,1,237.76,0.1,213.98,微信支付,小程序
T00003837,2023-10-16,C000032,P0016,1,469.57,0.0,469.57,银行卡,小程序
T00003838,2023-07-05,C000086,P0038,6,562.9,0.15,2870.79,微信支付,APP
T00003839,2023-11-30,C000500,P0005,9,766.59,0.1,6209.38,银行卡,小程序
T00003840,2023-09-13,C000532,P0002,5,123.04,0.2,492.16,银行卡,小程序
T00003841,2023-06-03,C000395,P0003,5,806.41,0.3,2822.43,银行卡,网页
T00003842,2023-03-18,C000343,P0048,5,651.69,0.0,3258.45,银行卡,网页
T00003843,2023-01-11,C000510,P0043,4,861.78,0.3,2412.98,银行卡,APP
T00003844,2023-10-23,C000402,P0017,2,798.65,0.3,1118.11,支付宝,网页
T00003845,2023-10-03,C000329,P0042,4,193.1,0.0,772.4,微信支付,网页
T00003846,2023-02-26,C000678,P0038,2,562.9,0.1,1013.22,支付宝,APP
T00003847,2023-11-20,C000393,P0043,1,861.78,0.1,775.6,支付宝,小程序
T00003848,2023-03-02,C000621,P0002,2,123.04,0.1,221.47,支付宝,小程序
T00003849,2023-11-29,C000604,P0005,8,766.59,0.0,6132.72,支付宝,小程序
T00003850,2023-08-28,C000051,P0004,3,330.99,0.1,893.67,信用卡,小程序
T00003851,2023-03-28,C000025,P0034,3,255.35,0.3,536.23,信用卡,网页
T00003852,2023-09-09,C000804,P0032,1,95.61,0.0,95.61,银行卡,小程序
T00003853,2023-10-29,C000138,P0030,4,179.49,0.15,610.27,微信支付,APP
T00003854,2023-02-23,C000344,P0037,4,484.48,0.2,1550.34,信用卡,网页
T00003855,2023-08-11,C000988,P0002,6,123.04,0.2,590.59,银行卡,小程序
T00003856,2023-07-05,C000713,P0025,8,476.28,0.15,3238.7,微信支付,APP
T00003857,2023-01-19,C000887,P0023,1,237.76,0.0,237.76,银行卡,网页
T00003858,2023-05-03,C000854,P0047,5,371.93,0.2,1487.72,信用卡,网页
T00003859,2023-09-29,C000625,P0043,2,861.78,0.0,1723.56,支付宝,APP
T00003860,2023-09-11,C000109,P0023,4,237.76,0.1,855.94,银行卡,小程序
T00003861,2023-09-26,C000655,P0027,4,145.04,0.0,580.16,银行卡,小程序
T00003862,2023-03-03,C000134,P0036,1,991.36,0.1,892.22,信用卡,网页
T00003863,2023-09-18,C000967,P0029,3,287.8,0.1,777.06,信用卡,小程序
T00003864,2023-05-03,C000885,P0024,5,740.37,0.15,3146.57,银行卡,小程序
T00003865,2023-10-09,C000222,P0020,5,925.61,0.0,4628.05,银行卡,网页
T00003866,2023-11-06,C000605,P0038,10,562.9,0.0,5629.0,银行卡,APP
T00003867,2023-01-19,C000627,P0006,2,281.15,0.0,562.3,信用卡,网页
T00003868,2023-08-07,C000592,P0041,1,976.66,0.3,683.66,信用卡,APP
T00003869,2023-10-23,C000583,P0006,4,281.15,0.15,955.91,微信支付,APP
T00003870,2023-07-09,C000695,P0016,1,469.57,0.0,469.57,微信支付,小程序
T00003871,2023-09-02,C000222,P0036,1,991.36,0.0,991.36,信用卡,小程序
T00003872,2023-03-09,C000817,P0033,4,838.62,0.0,3354.48,微信支付,APP
T00003873,2023-06-18,C000183,P0022,7,596.78,0.0,4177.46,微信支付,小程序
T00003874,2023-12-12,C000795,P0018,14,63.49,0.0,888.86,信用卡,小程序
T00003875,2023-03-05,C000191,P0008,5,779.89,0.0,3899.45,信用卡,小程序
T00003876,2023-12-07,C000202,P0038,7,562.9,0.0,3940.3,信用卡,APP
T00003877,2023-10-20,C000820,P0011,2,643.43,0.0,1286.86,微信支付,APP
T00003878,2023-08-14,C000472,P0042,7,193.1,0.0,1351.7,微信支付,小程序
T00003879,2023-11-30,C000703,P0018,8,63.49,0.3,355.54,支付宝,网页
T00003880,2023-06-16,C000710,P0031,7,791.65,0.3,3879.09,支付宝,网页
T00003881,2023-06-03,C000076,P0014,3,354.38,0.0,1063.14,银行卡,小程序
T00003882,2023-06-13,C000359,P0014,3,354.38,0.2,850.51,支付宝,APP
T00003883,2023-12-20,C000507,P0022,4,596.78,0.15,2029.05,微信支付,网页
T00003884,2023-03-22,C000634,P0004,3,330.99,0.15,844.02,支付宝,小程序
T00003885,2023-04-07,C000606,P0025,3,476.28,0.1,1285.96,银行卡,网页
T00003886,2023-04-06,C000263,P0040,2,484.99,0.0,969.98,支付宝,网页
T00003887,2023-10-02,C000912,P0025,4,476.28,0.0,1905.12,银行卡,网页
T00003888,2023-01-09,C000587,P0026,3,224.0,0.0,672.0,银行卡,网页
T00003889,2023-02-24,C000805,P0004,1,330.99,0.0,330.99,银行卡,APP
T00003890,2023-09-07,C000767,P0050,5,740.01,0.1,3330.05,银行卡,小程序
T00003891,2023-04-09,C000286,P0023,5,237.76,0.0,1188.8,支付宝,APP
T00003892,2023-02-24,C000819,P0034,1,255.35,0.15,217.05,信用卡,小程序
T00003893,2023-11-15,C000117,P0042,5,193.1,0.3,675.85,微信支付,网页
T00003894,2023-08-18,C000216,P0021,7,519.75,0.15,3092.51,支付宝,APP
T00003895,2023-02-15,C000734,P0021,4,519.75,0.0,2079.0,微信支付,网页
T00003896,2023-08-23,C000406,P0024,1,740.37,0.3,518.26,信用卡,网页
T00003897,2023-12-18,C000394,P0011,3,643.43,0.0,1930.29,银行卡,网页
T00003898,2023-08-02,C000004,P0011,3,643.43,0.3,1351.2,微信支付,网页
T00003899,2023-12-30,C000813,P0017,9,798.65,0.2,5750.28,微信支付,APP
T00003900,2023-12-06,C000584,P0016,4,469.57,0.3,1314.8,支付宝,网页
T00003901,2023-05-07,C000303,P0043,2,861.78,0.0,1723.56,信用卡,网页
T00003902,2023-02-01,C000949,P0040,3,484.99,0.3,1018.48,银行卡,网页
T00003903,2023-12-17,C000739,P0004,2,330.99,0.3,463.39,微信支付,小程序
T00003904,2023-09-27,C000053,P0005,4,766.59,0.15,2606.41,银行卡,APP
T00003905,2023-07-20,C000346,P0013,2,615.93,0.2,985.49,支付宝,小程序
T00003906,2023-04-01,C000935,P0001,2,461.62,0.0,923.24,银行卡,小程序
T00003907,2023-02-24,C000347,P0032,4,95.61,0.0,382.44,信用卡,小程序
T00003908,2023-01-22,C000346,P0039,4,141.38,0.0,565.52,支付宝,小程序
T00003909,2023-06-21,C000125,P0018,2,63.49,0.0,126.98,信用卡,网页
T00003910,2023-07-04,C000823,P0047,1,371.93,0.0,371.93,支付宝,网页
T00003911,2023-08-09,C000778,P0045,4,789.81,0.1,2843.32,支付宝,小程序
T00003912,2023-07-11,C000485,P0047,6,371.93,0.0,2231.58,银行卡,APP
T00003913,2023-06-05,C000183,P0038,2,562.9,0.15,956.93,支付宝,小程序
T00003914,2023-12-18,C000667,P0007,5,444.27,0.15,1888.15,银行卡,小程序
T00003915,2023-02-27,C000113,P0019,3,340.95,0.0,1022.85,支付宝,APP
T00003916,2023-09-20,C000711,P0024,4,740.37,0.15,2517.26,微信支付,小程序
T00003917,2023-03-03,C000876,P0019,2,340.95,0.1,613.71,银行卡,APP
T00003918,2023-01-03,C000849,P0008,2,779.89,0.3,1091.85,支付宝,APP
T00003919,2023-08-19,C000912,P0020,1,925.61,0.15,786.77,银行卡,小程序
T00003920,2023-06-07,C000634,P0028,8,210.19,0.15,1429.29,信用卡,网页
T00003921,2023-07-06,C000305,P0040,6,484.99,0.15,2473.45,微信支付,网页
T00003922,2023-04-06,C000128,P0039,2,141.38,0.2,226.21,信用卡,网页
T00003923,2023-12-09,C000973,P0021,14,519.75,0.1,6548.85,银行卡,网页
T00003924,2023-12-22,C000591,P0041,2,976.66,0.0,1953.32,微信支付,APP
T00003925,2023-02-28,C000671,P0036,1,991.36,0.0,991.36,支付宝,APP
T00003926,2023-02-01,C000323,P0034,2,255.35,0.0,510.7,支付宝,网页
T00003927,2023-07-26,C000786,P0035,3,914.62,0.0,2743.86,银行卡,APP
T00003928,2023-10-06,C000957,P0017,1,798.65,0.2,638.92,微信支付,APP
T00003929,2023-05-09,C000179,P0026,4,224.0,0.1,806.4,支付宝,小程序
T00003930,2023-05-05,C000162,P0050,1,740.01,0.0,740.01,银行卡,APP
T00003931,2023-05-10,C000248,P0011,5,643.43,0.1,2895.43,信用卡,APP
T00003932,2023-08-18,C000395,P0031,1,791.65,0.0,791.65,微信支付,小程序
T00003933,2023-11-21,C000677,P0043,13,861.78,0.1,10082.83,信用卡,小程序
T00003934,2023-07-22,C000310,P0031,1,791.65,0.2,633.32,信用卡,网页
T00003935,2023-03-10,C000041,P0005,4,766.59,0.2,2453.09,银行卡,APP
T00003936,2023-05-30,C000054,P0045,1,789.81,0.0,789.81,微信支付,小程序
T00003937,2023-01-19,C000875,P0024,1,740.37,0.0,740.37,信用卡,APP
T00003938,2023-05-26,C000824,P0030,2,179.49,0.0,358.98,银行卡,APP
T00003939,2023-08-10,C000297,P0023,1,237.76,0.3,166.43,微信支付,小程序
T00003940,2023-04-02,C000865,P0032,4,95.61,0.3,267.71,微信支付,小程序
T00003941,2023-10-10,C000717,P0021,2,519.75,0.0,1039.5,支付宝,小程序
T00003942,2023-03-28,C000591,P0033,2,838.62,0.1,1509.52,微信支付,小程序
T00003943,2023-11-17,C000796,P0011,9,643.43,0.1,5211.78,支付宝,网页
T00003944,2023-01-21,C000185,P0018,2,63.49,0.0,126.98,信用卡,小程序
T00003945,2023-04-29,C000534,P0006,5,281.15,0.15,1194.89,银行卡,小程序
T00003946,2023-05-01,C000841,P0005,1,766.59,0.2,613.27,信用卡,小程序
T00003947,2023-10-24,C000192,P0038,1,562.9,0.2,450.32,微信支付,网页
T00003948,2023-05-08,C000725,P0020,4,925.61,0.2,2961.95,支付宝,网页
T00003949,2023-01-04,C000876,P0031,1,791.65,0.1,712.49,信用卡,网页
T00003950,2023-01-04,C000572,P0047,5,371.93,0.3,1301.75,银行卡,小程序
T00003951,2023-05-25,C000592,P0043,5,861.78,0.15,3662.56,信用卡,APP
T00003952,2023-06-27,C000387,P0030,7,179.49,0.1,1130.79,微信支付,APP
T00003953,2023-05-02,C000957,P0035,1,914.62,0.3,640.23,银行卡,小程序
T00003954,2023-07-03,C000626,P0005,4,766.59,0.2,2453.09,银行卡,网页
T00003955,2023-03-29,C000922,P0011,3,643.43,0.15,1640.75,银行卡,网页
T00003956,2023-02-21,C000837,P0013,2,615.93,0.2,985.49,支付宝,小程序
T00003957,2023-06-17,C000069,P0040,4,484.99,0.15,1648.97,信用卡,APP
T00003958,2023-12-04,C000363,P0045,2,789.81,0.2,1263.7,支付宝,APP
T00003959,2023-11-02,C000510,P0027,6,145.04,0.2,696.19,微信支付,网页
T00003960,2023-04-28,C000775,P0026,3,224.0,0.2,537.6,支付宝,网页
T00003961,2023-01-16,C000067,P0017,4,798.65,0.0,3194.6,信用卡,APP
T00003962,2023-03-14,C000268,P0016,2,469.57,0.1,845.23,信用卡,小程序
T00003963,2023-08-27,C000727,P0003,3,806.41,0.3,1693.46,微信支付,APP
T00003964,2023-11-21,C000115,P0035,4,914.62,0.1,3292.63,支付宝,小程序
T00003965,2023-11-15,C000743,P0042,13,193.1,0.0,2510.3,银行卡,小程序
T00003966,2023-08-15,C000699,P0048,5,651.69,0.3,2280.91,支付宝,APP
T00003967,2023-03-24,C000768,P0029,3,287.8,0.15,733.89,信用卡,APP
T00003968,2023-09-12,C000073,P0014,1,354.38,0.0,354.38,微信支付,APP
T00003969,2023-02-23,C000548,P0002,5,123.04,0.1,553.68,微信支付,APP
T00003970,2023-01-28,C000750,P0028,3,210.19,0.3,441.4,银行卡,小程序
T00003971,2023-01-14,C000241,P0002,5,123.04,0.0,615.2,支付宝,APP
T00003972,2023-12-27,C000305,P0027,14,145.04,0.2,1624.45,支付宝,小程序
T00003973,2023-01-20,C000133,P0003,1,806.41,0.15,685.45,微信支付,网页
T00003974,2023-02-08,C000259,P0046,1,519.59,0.15,441.65,支付宝,网页
T00003975,2023-01-24,C000531,P0009,3,17.15,0.1,46.3,支付宝,网页
T00003976,2023-11-21,C000482,P0036,10,991.36,0.3,6939.52,微信支付,APP
T00003977,2023-02-02,C000582,P0019,5,340.95,0.15,1449.04,信用卡,APP
T00003978,2023-04-18,C000132,P0043,1,861.78,0.0,861.78,微信支付,小程序
T00003979,2023-06-09,C000508,P0043,4,861.78,0.0,3447.12,银行卡,网页
T00003980,2023-03-08,C000045,P0007,4,444.27,0.0,1777.08,支付宝,APP
T00003981,2023-01-11,C000864,P0019,4,340.95,0.0,1363.8,支付宝,APP
T00003982,2023-11-19,C000114,P0019,3,340.95,0.0,1022.85,银行卡,网页
T00003983,2023-08-22,C000311,P0037,2,484.48,0.1,872.06,微信支付,小程序
T00003984,2023-12-15,C000696,P0009,4,17.15,0.0,68.6,信用卡,小程序
T00003985,2023-08-26,C000673,P0009,1,17.15,0.3,12.0,支付宝,小程序
T00003986,2023-09-25,C000615,P0049,5,147.02,0.15,624.84,信用卡,小程序
T00003987,2023-10-11,C000503,P0030,4,179.49,0.1,646.16,信用卡,网页
T00003988,2023-02-02,C000513,P0014,4,354.38,0.1,1275.77,支付宝,APP
T00003989,2023-04-20,C000550,P0039,1,141.38,0.15,120.17,微信支付,小程序
T00003990,2023-08-22,C000652,P0042,2,193.1,0.15,328.27,信用卡,APP
T00003991,2023-01-20,C000370,P0018,1,63.49,0.15,53.97,银行卡,网页
T00003992,2023-06-24,C000514,P0048,7,651.69,0.3,3193.28,支付宝,小程序
T00003993,2023-08-22,C000229,P0047,3,371.93,0.15,948.42,支付宝,网页
T00003994,2023-10-24,C000413,P0043,3,861.78,0.2,2068.27,支付宝,APP
T00003995,2023-11-17,C000815,P0041,2,976.66,0.1,1757.99,银行卡,小程序
T00003996,2023-06-19,C000198,P0040,6,484.99,0.15,2473.45,银行卡,APP
T00003997,2023-12-05,C000738,P0026,3,224.0,0.0,672.0,银行卡,小程序
T00003998,2023-04-08,C000242,P0050,5,740.01,0.0,3700.05,信用卡,APP
T00003999,2023-12-12,C000324,P0037,4,484.48,0.1,1744.13,微信支付,小程序
T00004000,2023-06-10,C000918,P0027,4,145.04,0.0,580.16,信用卡,小程序
T00004001,2023-02-08,C000364,P0050,2,740.01,0.1,1332.02,银行卡,APP
T00004002,2023-01-29,C000917,P0044,3,535.61,0.0,1606.83,银行卡,小程序
T00004003,2023-06-22,C000225,P0049,4,147.02,0.3,411.66,支付宝,网页
T00004004,2023-09-22,C000608,P0046,4,519.59,0.1,1870.52,信用卡,小程序
T00004005,2023-09-15,C000551,P0034,5,255.35,0.0,1276.75,微信支付,APP
T00004006,2023-01-17,C000040,P0048,4,651.69,0.3,1824.73,微信支付,小程序
T00004007,2023-12-08,C000948,P0001,4,461.62,0.3,1292.54,银行卡,网页
T00004008,2023-02-04,C000802,P0008,2,779.89,0.0,1559.78,信用卡,APP
T00004009,2023-12-19,C000376,P0029,9,287.8,0.0,2590.2,银行卡,APP
T00004010,2023-01-12,C000319,P0045,5,789.81,0.1,3554.14,信用卡,网页
T00004011,2023-02-11,C000429,P0034,3,255.35,0.0,766.05,微信支付,网页
T00004012,2023-03-06,C000300,P0050,3,740.01,0.3,1554.02,信用卡,APP
T00004013,2023-12-23,C000577,P0017,10,798.65,0.0,7986.5,支付宝,APP
T00004014,2023-03-02,C000475,P0033,4,838.62,0.3,2348.14,支付宝,APP
T00004015,2023-05-05,C000335,P0011,4,643.43,0.3,1801.6,支付宝,小程序
T00004016,2023-05-27,C000301,P0043,2,861.78,0.3,1206.49,支付宝,网页
T00004017,2023-05-06,C000316,P0009,4,17.15,0.2,54.88,信用卡,小程序
T00004018,2023-10-17,C000896,P0040,4,484.99,0.2,1551.97,银行卡,小程序
T00004019,2023-12-14,C000773,P0004,4,330.99,0.0,1323.96,银行卡,APP
T00004020,2023-09-20,C000823,P0007,4,444.27,0.1,1599.37,微信支付,网页
T00004021,2023-07-26,C000165,P0037,4,484.48,0.0,1937.92,支付宝,APP
T00004022,2023-12-15,C000061,P0013,2,615.93,0.3,862.3,银行卡,APP
T00004023,2023-03-11,C000086,P0016,3,469.57,0.0,1408.71,信用卡,网页
T00004024,2023-02-19,C000807,P0033,1,838.62,0.0,838.62,信用卡,网页
T00004025,2023-11-01,C000920,P0006,6,281.15,0.0,1686.9,银行卡,APP
T00004026,2023-08-24,C000203,P0018,2,63.49,0.1,114.28,信用卡,网页
T00004027,2023-01-15,C000339,P0045,2,789.81,0.1,1421.66,微信支付,网页
T00004028,2023-02-16,C000688,P0042,2,193.1,0.0,386.2,支付宝,APP
T00004029,2023-06-22,C000112,P0017,1,798.65,0.3,559.05,支付宝,小程序
T00004030,2023-03-12,C000389,P0002,1,123.04,0.1,110.74,支付宝,APP
T00004031,2023-07-25,C000598,P0042,2,193.1,0.0,386.2,银行卡,APP
T00004032,2023-04-01,C000692,P0005,3,766.59,0.0,2299.77,微信支付,小程序
T00004033,2023-08-06,C000670,P0029,3,287.8,0.0,863.4,微信支付,小程序
T00004034,2023-05-16,C000140,P0043,3,861.78,0.3,1809.74,信用卡,APP
T00004035,2023-03-05,C000112,P0027,3,145.04,0.2,348.1,银行卡,网页
T00004036,2023-03-14,C000812,P0027,1,145.04,0.15,123.28,银行卡,网页
T00004037,2023-06-11,C000450,P0014,4,354.38,0.0,1417.52,信用卡,小程序
T00004038,2023-03-07,C000657,P0047,5,371.93,0.0,1859.65,支付宝,小程序
T00004039,2023-02-24,C000872,P0018,5,63.49,0.15,269.83,银行卡,APP
T00004040,2023-04-04,C000137,P0013,2,615.93,0.0,1231.86,银行卡,小程序
T00004041,2023-04-28,C000524,P0023,1,237.76,0.2,190.21,微信支付,小程序
T00004042,2023-11-18,C000897,P0022,4,596.78,0.0,2387.12,银行卡,APP
T00004043,2023-09-11,C000047,P0021,4,519.75,0.2,1663.2,支付宝,小程序
T00004044,2023-12-18,C000841,P0041,10,976.66,0.0,9766.6,银行卡,网页
T00004045,2023-03-09,C000186,P0023,3,237.76,0.2,570.62,信用卡,网页
T00004046,2023-09-08,C000260,P0031,3,791.65,0.3,1662.46,银行卡,小程序
T00004047,2023-07-19,C000814,P0017,6,798.65,0.0,4791.9,信用卡,网页
T00004048,2023-01-28,C000446,P0004,1,330.99,0.1,297.89,微信支付,网页
T00004049,2023-06-02,C000445,P0035,3,914.62,0.2,2195.09,信用卡,网页
T00004050,2023-07-06,C000509,P0014,6,354.38,0.3,1488.4,银行卡,小程序
T00004051,2023-05-29,C000824,P0042,4,193.1,0.0,772.4,支付宝,APP
T00004052,2023-03-04,C000908,P0002,3,123.04,0.0,369.12,信用卡,APP
T00004053,2023-07-04,C000830,P0017,5,798.65,0.15,3394.26,信用卡,APP
T00004054,2023-02-17,C000445,P0049,1,147.02,0.15,124.97,微信支付,APP
T00004055,2023-11-20,C000259,P0048,6,651.69,0.15,3323.62,微信支付,网页
T00004056,2023-03-11,C000685,P0024,1,740.37,0.2,592.3,信用卡,网页
T00004057,2023-04-14,C000703,P0008,4,779.89,0.3,2183.69,支付宝,APP
T00004058,2023-03-09,C000061,P0024,2,740.37,0.2,1184.59,银行卡,APP
T00004059,2023-12-12,C000612,P0041,14,976.66,0.0,13673.24,银行卡,APP
T00004060,2023-08-24,C000587,P0036,3,991.36,0.0,2974.08,信用卡,APP
T00004061,2023-09-13,C000933,P0038,3,562.9,0.15,1435.39,信用卡,小程序
T00004062,2023-05-15,C000949,P0022,3,596.78,0.15,1521.79,银行卡,小程序
T00004063,2023-11-16,C000863,P0023,10,237.76,0.0,2377.6,微信支付,网页
T00004064,2023-04-09,C000112,P0047,4,371.93,0.2,1190.18,银行卡,小程序
T00004065,2023-12-04,C000450,P0010,2,422.06,0.0,844.12,微信支付,小程序
T00004066,2023-05-24,C000166,P0002,2,123.04,0.15,209.17,微信支付,网页
T00004067,2023-12-07,C000488,P0009,6,17.15,0.1,92.61,银行卡,小程序
T00004068,2023-01-16,C000683,P0050,3,740.01,0.0,2220.03,银行卡,小程序
T00004069,2023-07-19,C000680,P0022,3,596.78,0.0,1790.34,信用卡,APP
T00004070,2023-09-16,C000980,P0006,1,281.15,0.0,281.15,银行卡,APP
T00004071,2023-03-11,C000891,P0046,2,519.59,0.15,883.3,微信支付,APP
T00004072,2023-09-02,C000666,P0050,3,740.01,0.2,1776.02,银行卡,小程序
T00004073,2023-07-02,C000813,P0011,9,643.43,0.0,5790.87,信用卡,网页
T00004074,2023-09-09,C000814,P0031,3,791.65,0.0,2374.95,微信支付,小程序
T00004075,2023-04-18,C000716,P0021,3,519.75,0.0,1559.25,微信支付,小程序
T00004076,2023-08-22,C000749,P0013,3,615.93,0.15,1570.62,微信支付,小程序
T00004077,2023-08-03,C000765,P0050,6,740.01,0.3,3108.04,银行卡,APP
T00004078,2023-01-22,C000142,P0001,4,461.62,0.0,1846.48,信用卡,网页
T00004079,2023-03-26,C000264,P0005,2,766.59,0.2,1226.54,银行卡,小程序
T00004080,2023-09-25,C000980,P0025,5,476.28,0.2,1905.12,信用卡,网页
T00004081,2023-04-21,C000070,P0032,3,95.61,0.0,286.83,信用卡,APP
T00004082,2023-02-27,C000365,P0002,2,123.04,0.0,246.08,微信支付,APP
T00004083,2023-10-12,C000228,P0030,1,179.49,0.2,143.59,银行卡,APP
T00004084,2023-09-01,C000215,P0040,2,484.99,0.1,872.98,信用卡,APP
T00004085,2023-02-23,C000627,P0009,4,17.15,0.0,68.6,银行卡,APP
T00004086,2023-06-09,C000349,P0034,1,255.35,0.3,178.74,微信支付,小程序
T00004087,2023-12-20,C000686,P0030,7,179.49,0.3,879.5,支付宝,小程序
T00004088,2023-03-18,C000558,P0027,1,145.04,0.0,145.04,支付宝,网页
T00004089,2023-03-19,C000029,P0012,5,614.43,0.2,2457.72,信用卡,APP
T00004090,2023-03-22,C000125,P0049,5,147.02,0.15,624.84,银行卡,网页
T00004091,2023-04-03,C000611,P0016,3,469.57,0.15,1197.4,信用卡,APP
T00004092,2023-03-09,C000215,P0016,1,469.57,0.3,328.7,银行卡,小程序
T00004093,2023-11-16,C000739,P0034,11,255.35,0.0,2808.85,信用卡,网页
T00004094,2023-08-17,C000031,P0040,2,484.99,0.0,969.98,支付宝,网页
T00004095,2023-01-02,C000290,P0039,1,141.38,0.1,127.24,银行卡,APP
T00004096,2023-03-28,C000287,P0047,1,371.93,0.0,371.93,支付宝,APP
T00004097,2023-08-16,C000641,P0033,7,838.62,0.2,4696.27,银行卡,小程序
T00004098,2023-12-25,C000333,P0032,7,95.61,0.0,669.27,支付宝,小程序
T00004099,2023-06-23,C000772,P0037,1,484.48,0.0,484.48,银行卡,小程序
T00004100,2023-08-13,C000923,P0012,3,614.43,0.15,1566.8,银行卡,小程序
T00004101,2023-07-21,C000457,P0009,3,17.15,0.0,51.45,支付宝,小程序
T00004102,2023-03-05,C000786,P0019,2,340.95,0.0,681.9,银行卡,APP
T00004103,2023-11-30,C000277,P0036,8,991.36,0.2,6344.7,银行卡,网页
T00004104,2023-03-16,C000499,P0007,4,444.27,0.0,1777.08,微信支付,网页
T00004105,2023-11-06,C000879,P0013,14,615.93,0.0,8623.02,信用卡,小程序
T00004106,2023-07-13,C000263,P0029,1,287.8,0.2,230.24,信用卡,小程序
T00004107,2023-09-19,C000854,P0048,3,651.69,0.15,1661.81,银行卡,网页
T00004108,2023-05-19,C000078,P0040,1,484.99,0.0,484.99,信用卡,小程序
T00004109,2023-08-12,C000657,P0030,3,179.49,0.0,538.47,支付宝,小程序
T00004110,2023-08-18,C000242,P0040,7,484.99,0.15,2885.69,银行卡,APP
T00004111,2023-08-21,C000054,P0031,1,791.65,0.0,791.65,微信支付,APP
T00004112,2023-08-09,C000273,P0048,5,651.69,0.15,2769.68,微信支付,网页
T00004113,2023-05-07,C000560,P0029,1,287.8,0.0,287.8,信用卡,APP
T00004114,2023-05-30,C000495,P0003,5,806.41,0.0,4032.05,信用卡,网页
T00004115,2023-02-04,C000859,P0033,4,838.62,0.0,3354.48,信用卡,小程序
T00004116,2023-04-02,C000922,P0028,5,210.19,0.0,1050.95,支付宝,APP
T00004117,2023-12-09,C000163,P0047,11,371.93,0.0,4091.23,信用卡,APP
T00004118,2023-03-14,C000399,P0024,4,740.37,0.0,2961.48,支付宝,APP
T00004119,2023-05-08,C000028,P0001,5,461.62,0.3,1615.67,银行卡,网页
T00004120,2023-12-04,C000884,P0033,10,838.62,0.15,7128.27,支付宝,网页
T00004121,2023-04-30,C000723,P0010,3,422.06,0.0,1266.18,银行卡,网页
T00004122,2023-07-14,C000008,P0002,8,123.04,0.2,787.46,支付宝,网页
T00004123,2023-09-09,C000218,P0035,4,914.62,0.2,2926.78,支付宝,小程序
T00004124,2023-04-16,C000208,P0002,3,123.04,0.0,369.12,微信支付,小程序
T00004125,2023-07-27,C000670,P0022,2,596.78,0.15,1014.53,银行卡,网页
T00004126,2023-10-02,C000632,P0018,5,63.49,0.3,222.21,信用卡,小程序
T00004127,2023-08-14,C000755,P0002,7,123.04,0.1,775.15,支付宝,APP
T00004128,2023-09-13,C000962,P0018,4,63.49,0.0,253.96,银行卡,APP
T00004129,2023-05-07,C000033,P0029,1,287.8,0.3,201.46,银行卡,小程序
T00004130,2023-10-30,C000748,P0006,4,281.15,0.0,1124.6,银行卡,APP
T00004131,2023-07-18,C000449,P0036,1,991.36,0.2,793.09,信用卡,APP
T00004132,2023-09-15,C000470,P0045,4,789.81,0.0,3159.24,支付宝,网页
T00004133,2023-09-02,C000502,P0046,3,519.59,0.3,1091.14,支付宝,小程序
T00004134,2023-06-16,C000996,P0017,5,798.65,0.1,3593.93,信用卡,APP
T00004135,2023-09-26,C000298,P0010,5,422.06,0.2,1688.24,信用卡,网页
T00004136,2023-02-04,C000175,P0018,4,63.49,0.15,215.87,银行卡,APP
T00004137,2023-11-18,C000257,P0005,2,766.59,0.15,1303.2,信用卡,APP
T00004138,2023-08-03,C000726,P0014,5,354.38,0.0,1771.9,支付宝,小程序
T00004139,2023-03-24,C000210,P0009,2,17.15,0.15,29.15,微信支付,APP
T00004140,2023-06-10,C000805,P0037,1,484.48,0.2,387.58,支付宝,APP
T00004141,2023-03-12,C000713,P0043,1,861.78,0.0,861.78,银行卡,小程序
T00004142,2023-05-13,C000360,P0050,4,740.01,0.1,2664.04,信用卡,APP
T00004143,2023-07-06,C000273,P0043,1,861.78,0.1,775.6,信用卡,网页
T00004144,2023-01-04,C000324,P0019,4,340.95,0.15,1159.23,微信支付,小程序
T00004145,2023-02-13,C000412,P0007,3,444.27,0.0,1332.81,信用卡,小程序
T00004146,2023-07-25,C000943,P0032,7,95.61,0.1,602.34,银行卡,网页
T00004147,2023-08-10,C000411,P0025,4,476.28,0.1,1714.61,支付宝,小程序
T00004148,2023-06-30,C000009,P0009,8,17.15,0.0,137.2,微信支付,小程序
T00004149,2023-08-12,C000338,P0020,5,925.61,0.0,4628.05,信用卡,网页
T00004150,2023-02-01,C000587,P0019,5,340.95,0.15,1449.04,信用卡,小程序
T00004151,2023-03-10,C000572,P0038,5,562.9,0.1,2533.05,微信支付,网页
T00004152,2023-07-04,C000759,P0020,3,925.61,0.0,2776.83,信用卡,APP
T00004153,2023-12-18,C000568,P0045,7,789.81,0.1,4975.8,微信支付,小程序
T00004154,2023-10-02,C000803,P0030,2,179.49,0.2,287.18,信用卡,小程序
T00004155,2023-05-22,C000064,P0003,4,806.41,0.3,2257.95,信用卡,APP
T00004156,2023-06-06,C000882,P0027,5,145.04,0.0,725.2,微信支付,APP
T00004157,2023-02-14,C000254,P0017,1,798.65,0.0,798.65,支付宝,小程序
T00004158,2023-12-23,C000581,P0013,3,615.93,0.0,1847.79,支付宝,APP
T00004159,2023-02-27,C000270,P0033,1,838.62,0.1,754.76,银行卡,网页
T00004160,2023-09-14,C000332,P0035,3,914.62,0.15,2332.28,信用卡,网页
T00004161,2023-07-10,C000714,P0009,4,17.15,0.15,58.31,信用卡,APP
T00004162,2023-06-25,C000284,P0005,3,766.59,0.1,2069.79,银行卡,网页
T00004163,2023-08-21,C000977,P0046,6,519.59,0.0,3117.54,信用卡,小程序
T00004164,2023-10-07,C000666,P0013,5,615.93,0.1,2771.68,支付宝,小程序
T00004165,2023-05-04,C000358,P0022,4,596.78,0.1,2148.41,信用卡,APP
T00004166,2023-12-03,C000828,P0014,12,354.38,0.15,3614.68,银行卡,小程序
T00004167,2023-10-03,C000681,P0028,3,210.19,0.0,630.57,信用卡,小程序
T00004168,2023-10-01,C000335,P0010,4,422.06,0.0,1688.24,支付宝,小程序
T00004169,2023-11-11,C000598,P0048,2,651.69,0.2,1042.7,信用卡,APP
T00004170,2023-05-16,C000957,P0028,5,210.19,0.0,1050.95,信用卡,网页
T00004171,2023-12-27,C000607,P0011,4,643.43,0.2,2058.98,银行卡,APP
T00004172,2023-08-09,C000881,P0034,5,255.35,0.1,1149.08,信用卡,APP
T00004173,2023-08-11,C000579,P0031,9,791.65,0.0,7124.85,支付宝,APP
T00004174,2023-03-09,C000953,P0042,4,193.1,0.3,540.68,支付宝,小程序
T00004175,2023-01-30,C000806,P0044,5,535.61,0.0,2678.05,微信支付,APP
T00004176,2023-04-07,C000979,P0035,4,914.62,0.0,3658.48,支付宝,APP
T00004177,2023-03-05,C000882,P0050,3,740.01,0.2,1776.02,支付宝,小程序
T00004178,2023-01-22,C000281,P0041,3,976.66,0.2,2343.98,信用卡,APP
T00004179,2023-06-06,C000278,P0047,7,371.93,0.0,2603.51,支付宝,APP
T00004180,2023-07-20,C000436,P0022,5,596.78,0.3,2088.73,微信支付,小程序
T00004181,2023-04-19,C000362,P0044,1,535.61,0.15,455.27,微信支付,网页
T00004182,2023-04-07,C000135,P0047,4,371.93,0.0,1487.72,银行卡,APP
T00004183,2023-12-11,C000094,P0035,4,914.62,0.0,3658.48,信用卡,网页
T00004184,2023-06-10,C000775,P0039,9,141.38,0.0,1272.42,银行卡,APP
T00004185,2023-02-01,C000906,P0010,3,422.06,0.15,1076.25,银行卡,APP
T00004186,2023-06-27,C000500,P0004,4,330.99,0.3,926.77,微信支付,小程序
T00004187,2023-05-07,C000528,P0012,1,614.43,0.3,430.1,信用卡,APP
T00004188,2023-03-13,C000277,P0017,1,798.65,0.0,798.65,微信支付,APP
T00004189,2023-01-13,C000013,P0040,4,484.99,0.1,1745.96,支付宝,小程序
T00004190,2023-10-13,C000242,P0012,3,614.43,0.2,1474.63,微信支付,APP
T00004191,2023-09-08,C000645,P0031,2,791.65,0.1,1424.97,信用卡,网页
T00004192,2023-06-25,C000452,P0017,5,798.65,0.0,3993.25,信用卡,网页
T00004193,2023-09-01,C000346,P0015,3,986.74,0.0,2960.22,支付宝,网页
T00004194,2023-08-28,C000185,P0007,6,444.27,0.0,2665.62,银行卡,小程序
T00004195,2023-05-07,C000223,P0038,5,562.9,0.2,2251.6,微信支付,小程序
T00004196,2023-05-17,C000474,P0012,1,614.43,0.3,430.1,微信支付,APP
T00004197,2023-06-27,C000957,P0004,1,330.99,0.0,330.99,微信支付,小程序
T00004198,2023-05-08,C000052,P0037,4,484.48,0.0,1937.92,信用卡,小程序
T00004199,2023-10-04,C000660,P0040,3,484.99,0.15,1236.72,微信支付,网页
T00004200,2023-08-17,C000194,P0031,3,791.65,0.3,1662.46,支付宝,APP
T00004201,2023-11-05,C000886,P0039,1,141.38,0.0,141.38,支付宝,APP
T00004202,2023-08-15,C000614,P0023,3,237.76,0.3,499.3,银行卡,网页
T00004203,2023-08-25,C000943,P0043,1,861.78,0.3,603.25,微信支付,APP
T00004204,2023-02-15,C000963,P0027,2,145.04,0.0,290.08,支付宝,小程序
T00004205,2023-07-20,C000739,P0042,5,193.1,0.0,965.5,支付宝,小程序
T00004206,2023-05-22,C000195,P0017,4,798.65,0.0,3194.6,微信支付,网页
T00004207,2023-05-17,C000258,P0019,2,340.95,0.3,477.33,微信支付,小程序
T00004208,2023-10-16,C000603,P0027,1,145.04,0.0,145.04,微信支付,APP
T00004209,2023-12-20,C000946,P0049,2,147.02,0.1,264.64,微信支付,APP
T00004210,2023-08-15,C000736,P0026,6,224.0,0.0,1344.0,信用卡,小程序
T00004211,2023-01-25,C000520,P0041,4,976.66,0.15,3320.64,银行卡,小程序
T00004212,2023-09-04,C000058,P0007,5,444.27,0.0,2221.35,微信支付,小程序
T00004213,2023-07-10,C000041,P0014,1,354.38,0.0,354.38,支付宝,小程序
T00004214,2023-08-05,C000650,P0014,2,354.38,0.2,567.01,信用卡,小程序
T00004215,2023-09-01,C000906,P0029,3,287.8,0.0,863.4,信用卡,网页
T00004216,2023-10-10,C000124,P0027,4,145.04,0.0,580.16,银行卡,网页
T00004217,2023-12-01,C000248,P0002,5,123.04,0.1,553.68,微信支付,APP
T00004218,2023-04-05,C000294,P0046,4,519.59,0.0,2078.36,信用卡,小程序
T00004219,2023-05-26,C000067,P0050,3,740.01,0.0,2220.03,信用卡,小程序
T00004220,2023-04-13,C000124,P0022,4,596.78,0.0,2387.12,信用卡,APP
T00004221,2023-06-10,C000070,P0049,7,147.02,0.3,720.4,信用卡,网页
T00004222,2023-10-19,C000396,P0044,3,535.61,0.2,1285.46,银行卡,小程序
T00004223,2023-07-29,C000809,P0021,4,519.75,0.3,1455.3,微信支付,小程序
T00004224,2023-04-23,C000762,P0029,3,287.8,0.0,863.4,微信支付,小程序
T00004225,2023-07-22,C000279,P0048,7,651.69,0.0,4561.83,支付宝,APP
T00004226,2023-10-16,C000189,P0011,2,643.43,0.0,1286.86,支付宝,小程序
T00004227,2023-05-16,C000362,P0022,4,596.78,0.15,2029.05,银行卡,小程序
T00004228,2023-04-12,C000657,P0030,2,179.49,0.0,358.98,信用卡,网页
T00004229,2023-07-31,C000280,P0003,1,806.41,0.1,725.77,银行卡,APP
T00004230,2023-01-30,C000634,P0012,4,614.43,0.0,2457.72,支付宝,APP
T00004231,2023-09-07,C000184,P0010,5,422.06,0.15,1793.76,微信支付,APP
T00004232,2023-01-09,C000798,P0040,2,484.99,0.0,969.98,微信支付,网页
T00004233,2023-12-10,C000621,P0013,3,615.93,0.2,1478.23,银行卡,APP
T00004234,2023-02-14,C000690,P0046,3,519.59,0.15,1324.95,信用卡,APP
T00004235,2023-10-13,C000027,P0017,4,798.65,0.3,2236.22,信用卡,小程序
T00004236,2023-11-27,C000606,P0043,5,861.78,0.0,4308.9,信用卡,小程序
T00004237,2023-04-19,C000673,P0043,3,861.78,0.3,1809.74,信用卡,网页
T00004238,2023-08-23,C000639,P0044,1,535.61,0.1,482.05,微信支付,网页
T00004239,2023-06-05,C000442,P0026,6,224.0,0.0,1344.0,微信支付,网页
T00004240,2023-12-17,C000697,P0001,12,461.62,0.0,5539.44,信用卡,小程序
T00004241,2023-03-23,C000762,P0044,3,535.61,0.2,1285.46,支付宝,小程序
T00004242,2023-06-17,C000594,P0022,2,596.78,0.2,954.85,信用卡,APP
T00004243,2023-10-20,C000812,P0031,2,791.65,0.1,1424.97,信用卡,小程序
T00004244,2023-03-16,C000827,P0014,2,354.38,0.0,708.76,信用卡,小程序
T00004245,2023-03-23,C000251,P0032,3,95.61,0.2,229.46,信用卡,小程序
T00004246,2023-11-07,C000170,P0046,11,519.59,0.2,4572.39,银行卡,网页
T00004247,2023-04-01,C000800,P0013,2,615.93,0.0,1231.86,银行卡,网页
T00004248,2023-08-02,C000108,P0026,1,224.0,0.0,224.0,信用卡,APP
T00004249,2023-10-07,C000388,P0004,5,330.99,0.1,1489.46,微信支付,小程序
T00004250,2023-10-09,C000776,P0025,5,476.28,0.2,1905.12,信用卡,小程序
T00004251,2023-03-28,C000996,P0018,3,63.49,0.15,161.9,银行卡,APP
T00004252,2023-05-06,C000958,P0044,5,535.61,0.0,2678.05,支付宝,小程序
T00004253,2023-08-07,C000725,P0040,4,484.99,0.0,1939.96,微信支付,小程序
T00004254,2023-06-03,C000049,P0018,9,63.49,0.0,571.41,微信支付,APP
T00004255,2023-10-06,C000558,P0016,1,469.57,0.0,469.57,信用卡,小程序
T00004256,2023-04-08,C000481,P0018,4,63.49,0.15,215.87,支付宝,APP
T00004257,2023-11-27,C000506,P0014,9,354.38,0.3,2232.59,微信支付,小程序
T00004258,2023-11-09,C000827,P0036,1,991.36,0.2,793.09,微信支付,APP
T00004259,2023-01-15,C000395,P0005,2,766.59,0.0,1533.18,银行卡,APP
T00004260,2023-01-16,C000643,P0001,2,461.62,0.0,923.24,支付宝,网页
T00004261,2023-03-19,C000075,P0014,2,354.38,0.0,708.76,信用卡,小程序
T00004262,2023-12-18,C000696,P0014,1,354.38,0.0,354.38,微信支付,APP
T00004263,2023-03-27,C000047,P0032,2,95.61,0.0,191.22,支付宝,小程序
T00004264,2023-11-01,C000496,P0028,3,210.19,0.0,630.57,微信支付,小程序
T00004265,2023-06-28,C000019,P0039,2,141.38,0.3,197.93,信用卡,网页
T00004266,2023-11-22,C000409,P0021,12,519.75,0.0,6237.0,支付宝,小程序
T00004267,2023-01-03,C000108,P0045,5,789.81,0.2,3159.24,支付宝,网页
T00004268,2023-07-12,C000864,P0022,3,596.78,0.0,1790.34,银行卡,网页
T00004269,2023-09-29,C000264,P0016,2,469.57,0.3,657.4,信用卡,APP
T00004270,2023-07-10,C000321,P0005,5,766.59,0.0,3832.95,信用卡,小程序
T00004271,2023-03-01,C000477,P0008,1,779.89,0.2,623.91,信用卡,APP
T00004272,2023-03-10,C000145,P0031,5,791.65,0.0,3958.25,支付宝,网页
T00004273,2023-01-28,C000639,P0003,2,806.41,0.2,1290.26,支付宝,小程序
T00004274,2023-04-14,C000643,P0019,5,340.95,0.2,1363.8,支付宝,APP
T00004275,2023-04-15,C000116,P0011,4,643.43,0.2,2058.98,支付宝,APP
T00004276,2023-07-11,C000892,P0039,2,141.38,0.2,226.21,支付宝,小程序
T00004277,2023-04-30,C000700,P0009,3,17.15,0.0,51.45,信用卡,网页
T00004278,2023-03-24,C000152,P0024,1,740.37,0.0,740.37,支付宝,APP
T00004279,2023-02-27,C000448,P0007,4,444.27,0.15,1510.52,银行卡,小程序
T00004280,2023-05-29,C000542,P0011,2,643.43,0.0,1286.86,信用卡,网页
T00004281,2023-12-14,C000104,P0002,2,123.04,0.15,209.17,支付宝,APP
T00004282,2023-08-10,C000814,P0030,7,179.49,0.0,1256.43,支付宝,APP
T00004283,2023-06-13,C000342,P0007,3,444.27,0.3,932.97,银行卡,APP
T00004284,2023-08-10,C000240,P0029,1,287.8,0.0,287.8,银行卡,APP
T00004285,2023-09-05,C000827,P0044,3,535.61,0.0,1606.83,支付宝,网页
T00004286,2023-12-11,C000370,P0001,3,461.62,0.15,1177.13,银行卡,APP
T00004287,2023-02-01,C000351,P0043,1,861.78,0.1,775.6,银行卡,网页
T00004288,2023-01-02,C000266,P0034,5,255.35,0.0,1276.75,微信支付,小程序
T00004289,2023-05-30,C000952,P0027,4,145.04,0.1,522.14,支付宝,APP
T00004290,2023-09-12,C000257,P0033,4,838.62,0.1,3019.03,信用卡,APP
T00004291,2023-01-04,C000671,P0036,2,991.36,0.0,1982.72,信用卡,网页
T00004292,2023-05-20,C000302,P0043,1,861.78,0.0,861.78,微信支付,网页
T00004293,2023-06-17,C000918,P0046,1,519.59,0.0,519.59,信用卡,APP
T00004294,2023-08-21,C000610,P0042,5,193.1,0.2,772.4,微信支付,小程序
T00004295,2023-04-06,C000027,P0037,1,484.48,0.3,339.14,微信支付,APP
T00004296,2023-01-06,C000111,P0024,1,740.37,0.3,518.26,微信支付,APP
T00004297,2023-04-09,C000029,P0017,4,798.65,0.0,3194.6,信用卡,小程序
T00004298,2023-01-16,C000908,P0005,5,766.59,0.15,3258.01,支付宝,网页
T00004299,2023-01-16,C000311,P0012,1,614.43,0.1,552.99,银行卡,APP
T00004300,2023-02-03,C000481,P0044,3,535.61,0.3,1124.78,信用卡,APP
T00004301,2023-02-15,C000051,P0030,4,179.49,0.0,717.96,银行卡,网页
T00004302,2023-10-18,C000935,P0028,5,210.19,0.15,893.31,信用卡,APP
T00004303,2023-11-19,C000092,P0043,5,861.78,0.3,3016.23,银行卡,APP
T00004304,2023-08-18,C000677,P0048,6,651.69,0.2,3128.11,银行卡,小程序
T00004305,2023-12-17,C000963,P0006,4,281.15,0.2,899.68,支付宝,小程序
T00004306,2023-02-01,C000103,P0008,3,779.89,0.3,1637.77,银行卡,小程序
T00004307,2023-07-28,C000815,P0032,6,95.61,0.1,516.29,支付宝,小程序
T00004308,2023-06-23,C000275,P0009,7,17.15,0.0,120.05,支付宝,网页
T00004309,2023-01-20,C000157,P0037,1,484.48,0.1,436.03,信用卡,网页
T00004310,2023-06-19,C000955,P0005,7,766.59,0.1,4829.52,支付宝,APP
T00004311,2023-03-20,C000211,P0043,5,861.78,0.0,4308.9,银行卡,小程序
T00004312,2023-06-29,C000313,P0015,6,986.74,0.0,5920.44,信用卡,网页
T00004313,2023-12-03,C000331,P0009,5,17.15,0.0,85.75,银行卡,小程序
T00004314,2023-10-29,C000707,P0042,2,193.1,0.15,328.27,银行卡,小程序
T00004315,2023-10-16,C000486,P0036,2,991.36,0.0,1982.72,信用卡,APP
T00004316,2023-08-23,C000635,P0011,9,643.43,0.0,5790.87,微信支付,小程序
T00004317,2023-06-23,C000484,P0045,1,789.81,0.0,789.81,支付宝,小程序
T00004318,2023-05-05,C000516,P0037,4,484.48,0.2,1550.34,信用卡,APP
T00004319,2023-11-07,C000316,P0034,7,255.35,0.0,1787.45,银行卡,APP
T00004320,2023-12-13,C000255,P0030,11,179.49,0.0,1974.39,信用卡,小程序
T00004321,2023-06-27,C000728,P0009,3,17.15,0.15,43.73,信用卡,小程序
T00004322,2023-08-21,C000171,P0026,3,224.0,0.0,672.0,微信支付,APP
T00004323,2023-06-09,C000962,P0001,6,461.62,0.0,2769.72,支付宝,网页
T00004324,2023-08-06,C000252,P0013,5,615.93,0.0,3079.65,银行卡,小程序
T00004325,2023-03-10,C000384,P0006,4,281.15,0.2,899.68,微信支付,网页
T00004326,2023-12-19,C000182,P0022,7,596.78,0.0,4177.46,信用卡,APP
T00004327,2023-04-22,C000374,P0013,4,615.93,0.0,2463.72,银行卡,网页
T00004328,2023-05-17,C000372,P0024,1,740.37,0.2,592.3,银行卡,APP
T00004329,2023-05-19,C000957,P0019,2,340.95,0.0,681.9,支付宝,APP
T00004330,2023-08-28,C000272,P0022,7,596.78,0.15,3550.84,银行卡,网页
T00004331,2023-11-25,C000171,P0019,2,340.95,0.15,579.62,银行卡,APP
T00004332,2023-11-17,C000308,P0050,7,740.01,0.0,5180.07,银行卡,APP
T00004333,2023-03-24,C000114,P0040,1,484.99,0.1,436.49,银行卡,网页
T00004334,2023-11-25,C000178,P0040,7,484.99,0.0,3394.93,微信支付,小程序
T00004335,2023-11-02,C000453,P0033,3,838.62,0.2,2012.69,微信支付,网页
T00004336,2023-04-20,C000930,P0042,5,193.1,0.15,820.67,信用卡,网页
T00004337,2023-11-27,C000832,P0037,2,484.48,0.3,678.27,支付宝,APP
T00004338,2023-08-26,C000829,P0021,1,519.75,0.2,415.8,支付宝,小程序
T00004339,2023-04-23,C000492,P0018,5,63.49,0.0,317.45,微信支付,APP
T00004340,2023-06-23,C000833,P0030,6,179.49,0.0,1076.94,微信支付,APP
T00004341,2023-01-14,C000516,P0047,1,371.93,0.0,371.93,银行卡,网页
T00004342,2023-06-03,C000761,P0016,6,469.57,0.2,2253.94,信用卡,APP
T00004343,2023-06-07,C000763,P0014,1,354.38,0.2,283.5,支付宝,网页
T00004344,2023-11-20,C000014,P0027,8,145.04,0.2,928.26,信用卡,APP
T00004345,2023-01-14,C000829,P0025,5,476.28,0.2,1905.12,信用卡,APP
T00004346,2023-08-17,C000622,P0020,1,925.61,0.0,925.61,支付宝,小程序
T00004347,2023-09-09,C000979,P0039,1,141.38,0.1,127.24,银行卡,APP
T00004348,2023-08-06,C000870,P0005,4,766.59,0.0,3066.36,支付宝,APP
T00004349,2023-02-25,C000327,P0011,1,643.43,0.0,643.43,微信支付,APP
T00004350,2023-08-01,C000002,P0003,5,806.41,0.0,4032.05,信用卡,APP
T00004351,2023-10-13,C000555,P0040,4,484.99,0.3,1357.97,微信支付,小程序
T00004352,2023-03-10,C000948,P0008,2,779.89,0.0,1559.78,信用卡,APP
T00004353,2023-05-16,C000719,P0048,5,651.69,0.15,2769.68,银行卡,APP
T00004354,2023-07-10,C000871,P0003,6,806.41,0.3,3386.92,信用卡,小程序
T00004355,2023-11-06,C000771,P0041,9,976.66,0.0,8789.94,微信支付,APP
T00004356,2023-02-01,C000070,P0042,3,193.1,0.0,579.3,银行卡,网页
T00004357,2023-03-11,C000402,P0017,1,798.65,0.2,638.92,信用卡,APP
T00004358,2023-09-08,C000253,P0011,5,643.43,0.1,2895.43,支付宝,小程序
T00004359,2023-07-01,C000378,P0038,3,562.9,0.3,1182.09,银行卡,小程序
T00004360,2023-11-03,C000888,P0046,9,519.59,0.0,4676.31,信用卡,小程序
T00004361,2023-08-12,C000917,P0014,7,354.38,0.15,2108.56,微信支付,小程序
T00004362,2023-04-28,C000349,P0002,3,123.04,0.1,332.21,信用卡,小程序
T00004363,2023-08-29,C000841,P0043,8,861.78,0.3,4825.97,微信支付,网页
T00004364,2023-08-16,C000017,P0028,5,210.19,0.2,840.76,支付宝,APP
T00004365,2023-07-08,C000224,P0038,7,562.9,0.2,3152.24,支付宝,网页
T00004366,2023-01-03,C000288,P0050,2,740.01,0.15,1258.02,支付宝,APP
T00004367,2023-06-24,C000760,P0028,1,210.19,0.15,178.66,银行卡,小程序
T00004368,2023-11-20,C000634,P0027,8,145.04,0.0,1160.32,信用卡,APP
T00004369,2023-07-02,C000693,P0020,7,925.61,0.1,5831.34,支付宝,网页
T00004370,2023-06-17,C000817,P0006,2,281.15,0.0,562.3,银行卡,APP
T00004371,2023-07-19,C000680,P0011,3,643.43,0.3,1351.2,银行卡,APP
T00004372,2023-09-27,C000898,P0002,2,123.04,0.3,172.26,银行卡,网页
T00004373,2023-10-26,C000063,P0019,5,340.95,0.0,1704.75,微信支付,网页
T00004374,2023-07-27,C000247,P0024,3,740.37,0.0,2221.11,微信支付,网页
T00004375,2023-08-21,C000748,P0049,7,147.02,0.3,720.4,信用卡,小程序
T00004376,2023-08-02,C000949,P0044,5,535.61,0.0,2678.05,信用卡,APP
T00004377,2023-09-06,C000574,P0017,3,798.65,0.2,1916.76,微信支付,网页
T00004378,2023-02-08,C000175,P0011,3,643.43,0.3,1351.2,银行卡,网页
T00004379,2023-08-23,C000866,P0038,1,562.9,0.1,506.61,银行卡,APP
T00004380,2023-03-22,C000604,P0031,2,791.65,0.15,1345.8,银行卡,小程序
T00004381,2023-12-18,C000868,P0049,7,147.02,0.0,1029.14,微信支付,小程序
T00004382,2023-07-23,C000261,P0032,9,95.61,0.15,731.42,支付宝,APP
T00004383,2023-01-31,C000681,P0015,5,986.74,0.0,4933.7,银行卡,APP
T00004384,2023-08-13,C000061,P0001,7,461.62,0.0,3231.34,银行卡,小程序
T00004385,2023-02-12,C000290,P0009,2,17.15,0.1,30.87,银行卡,网页
T00004386,2023-06-13,C000858,P0015,7,986.74,0.2,5525.74,微信支付,小程序
T00004387,2023-11-08,C000385,P0031,4,791.65,0.15,2691.61,银行卡,网页
T00004388,2023-02-06,C000134,P0020,4,925.61,0.2,2961.95,微信支付,APP
T00004389,2023-05-19,C000524,P0004,3,330.99,0.0,992.97,支付宝,网页
T00004390,2023-05-06,C000270,P0014,4,354.38,0.0,1417.52,支付宝,小程序
T00004391,2023-11-03,C000539,P0032,7,95.61,0.0,669.27,微信支付,小程序
T00004392,2023-07-15,C000618,P0023,3,237.76,0.2,570.62,支付宝,网页
T00004393,2023-02-22,C000978,P0046,5,519.59,0.0,2597.95,信用卡,APP
T00004394,2023-07-16,C000252,P0004,3,330.99,0.2,794.38,微信支付,APP
T00004395,2023-09-16,C000299,P0024,3,740.37,0.0,2221.11,银行卡,APP
T00004396,2023-08-03,C000824,P0042,4,193.1,0.0,772.4,支付宝,小程序
T00004397,2023-11-06,C000090,P0013,4,615.93,0.15,2094.16,支付宝,小程序
T00004398,2023-03-23,C000931,P0044,1,535.61,0.0,535.61,微信支付,网页
T00004399,2023-09-06,C001000,P0047,4,371.93,0.1,1338.95,信用卡,网页
T00004400,2023-08-21,C000874,P0016,5,469.57,0.1,2113.07,信用卡,网页
T00004401,2023-07-02,C000306,P0023,5,237.76,0.0,1188.8,微信支付,网页
T00004402,2023-09-16,C000629,P0008,3,779.89,0.3,1637.77,银行卡,APP
T00004403,2023-07-03,C000757,P0050,1,740.01,0.0,740.01,微信支付,网页
T00004404,2023-11-16,C000588,P0014,6,354.38,0.0,2126.28,支付宝,小程序
T00004405,2023-11-13,C000770,P0047,3,371.93,0.0,1115.79,微信支付,小程序
T00004406,2023-02-12,C000374,P0014,1,354.38,0.0,354.38,银行卡,网页
T00004407,2023-01-15,C000024,P0030,2,179.49,0.1,323.08,银行卡,APP
T00004408,2023-08-10,C000820,P0009,4,17.15,0.1,61.74,银行卡,小程序
T00004409,2023-02-24,C000648,P0021,1,519.75,0.2,415.8,银行卡,网页
T00004410,2023-09-17,C000448,P0031,2,791.65,0.0,1583.3,信用卡,网页
T00004411,2023-10-15,C000753,P0016,3,469.57,0.2,1126.97,微信支付,网页
T00004412,2023-12-23,C000465,P0038,3,562.9,0.15,1435.39,银行卡,APP
T00004413,2023-08-12,C000336,P0037,7,484.48,0.0,3391.36,微信支付,小程序
T00004414,2023-01-18,C000235,P0011,3,643.43,0.15,1640.75,微信支付,网页
T00004415,2023-08-25,C000115,P0050,2,740.01,0.0,1480.02,银行卡,小程序
T00004416,2023-10-14,C000916,P0039,1,141.38,0.15,120.17,银行卡,小程序
T00004417,2023-07-03,C000394,P0006,5,281.15,0.0,1405.75,银行卡,网页
T00004418,2023-07-21,C000301,P0043,4,861.78,0.3,2412.98,银行卡,APP
T00004419,2023-05-02,C000007,P0038,1,562.9,0.0,562.9,支付宝,网页
T00004420,2023-03-28,C000894,P0020,2,925.61,0.3,1295.85,信用卡,网页
T00004421,2023-10-03,C000339,P0024,3,740.37,0.1,1999.0,支付宝,APP
T00004422,2023-09-15,C000482,P0038,4,562.9,0.15,1913.86,银行卡,APP
T00004423,2023-03-05,C000309,P0044,4,535.61,0.1,1928.2,支付宝,小程序
T00004424,2023-11-12,C000772,P0044,4,535.61,0.0,2142.44,银行卡,APP
T00004425,2023-03-07,C000715,P0033,1,838.62,0.0,838.62,银行卡,小程序
T00004426,2023-02-09,C000496,P0030,1,179.49,0.3,125.64,信用卡,APP
T00004427,2023-05-19,C000872,P0045,4,789.81,0.0,3159.24,微信支付,APP
T00004428,2023-07-31,C000227,P0007,3,444.27,0.1,1199.53,微信支付,小程序
T00004429,2023-02-14,C000907,P0025,3,476.28,0.0,1428.84,信用卡,网页
T00004430,2023-04-01,C000354,P0032,3,95.61,0.2,229.46,微信支付,小程序
T00004431,2023-09-15,C000944,P0046,2,519.59,0.3,727.43,微信支付,小程序
T00004432,2023-07-24,C000704,P0032,7,95.61,0.0,669.27,银行卡,小程序
T00004433,2023-01-27,C000930,P0028,4,210.19,0.15,714.65,支付宝,网页
T00004434,2023-07-03,C000480,P0048,1,651.69,0.0,651.69,信用卡,小程序
T00004435,2023-08-02,C000881,P0006,6,281.15,0.15,1433.86,银行卡,APP
T00004436,2023-10-17,C000431,P0016,2,469.57,0.1,845.23,银行卡,网页
T00004437,2023-11-24,C000350,P0001,14,461.62,0.0,6462.68,支付宝,小程序
T00004438,2023-07-31,C000885,P0008,1,779.89,0.15,662.91,银行卡,网页
T00004439,2023-04-07,C000135,P0012,3,614.43,0.0,1843.29,支付宝,小程序
T00004440,2023-03-18,C000405,P0024,5,740.37,0.1,3331.66,支付宝,小程序
T00004441,2023-03-07,C000972,P0006,2,281.15,0.2,449.84,信用卡,小程序
T00004442,2023-08-19,C000914,P0048,4,651.69,0.3,1824.73,信用卡,小程序
T00004443,2023-09-06,C000312,P0036,5,991.36,0.1,4461.12,信用卡,小程序
T00004444,2023-04-12,C000586,P0006,4,281.15,0.0,1124.6,支付宝,网页
T00004445,2023-03-24,C000643,P0032,1,95.61,0.0,95.61,微信支付,网页
T00004446,2023-10-20,C000185,P0012,3,614.43,0.3,1290.3,支付宝,网页
T00004447,2023-05-09,C000241,P0009,1,17.15,0.0,17.15,微信支付,网页
T00004448,2023-05-25,C000601,P0026,1,224.0,0.0,224.0,信用卡,网页
T00004449,2023-04-15,C000772,P0007,5,444.27,0.0,2221.35,信用卡,APP
T00004450,2023-08-27,C000668,P0044,1,535.61,0.0,535.61,银行卡,APP
T00004451,2023-07-18,C000431,P0001,2,461.62,0.0,923.24,信用卡,APP
T00004452,2023-06-28,C000482,P0027,3,145.04,0.0,435.12,信用卡,网页
T00004453,2023-07-11,C000636,P0026,3,224.0,0.15,571.2,银行卡,APP
T00004454,2023-01-01,C000901,P0020,1,925.61,0.3,647.93,支付宝,APP
T00004455,2023-03-23,C000209,P0031,1,791.65,0.0,791.65,微信支付,网页
T00004456,2023-09-26,C000727,P0012,4,614.43,0.0,2457.72,信用卡,APP
T00004457,2023-06-16,C000700,P0009,3,17.15,0.3,36.01,信用卡,APP
T00004458,2023-03-01,C000528,P0036,2,991.36,0.0,1982.72,微信支付,小程序
T00004459,2023-01-02,C000864,P0044,4,535.61,0.3,1499.71,银行卡,小程序
T00004460,2023-12-08,C000990,P0027,4,145.04,0.15,493.14,银行卡,APP
T00004461,2023-11-29,C000896,P0043,2,861.78,0.0,1723.56,微信支付,小程序
T00004462,2023-02-10,C000497,P0030,5,179.49,0.0,897.45,微信支付,小程序
T00004463,2023-07-20,C000395,P0028,5,210.19,0.2,840.76,银行卡,网页
T00004464,2023-03-31,C000076,P0033,2,838.62,0.0,1677.24,信用卡,网页
T00004465,2023-10-25,C000287,P0033,3,838.62,0.0,2515.86,微信支付,APP
T00004466,2023-12-17,C000626,P0032,2,95.61,0.2,152.98,银行卡,APP
T00004467,2023-04-26,C000370,P0032,2,95.61,0.0,191.22,微信支付,小程序
T00004468,2023-02-25,C000206,P0043,2,861.78,0.2,1378.85,银行卡,小程序
T00004469,2023-06-25,C000866,P0009,7,17.15,0.0,120.05,信用卡,网页
T00004470,2023-02-20,C000647,P0038,3,562.9,0.0,1688.7,微信支付,APP
T00004471,2023-07-09,C000514,P0026,6,224.0,0.1,1209.6,支付宝,APP
T00004472,2023-12-25,C000408,P0050,5,740.01,0.3,2590.03,银行卡,小程序
T00004473,2023-11-06,C000513,P0005,5,766.59,0.2,3066.36,微信支付,小程序
T00004474,2023-09-15,C000932,P0011,1,643.43,0.2,514.74,支付宝,网页
T00004475,2023-03-03,C000602,P0018,4,63.49,0.1,228.56,信用卡,网页
T00004476,2023-05-18,C000092,P0037,2,484.48,0.1,872.06,支付宝,网页
T00004477,2023-06-30,C000424,P0029,3,287.8,0.0,863.4,微信支付,小程序
T00004478,2023-07-18,C000860,P0007,8,444.27,0.2,2843.33,银行卡,小程序
T00004479,2023-10-16,C000835,P0043,1,861.78,0.3,603.25,微信支付,小程序
T00004480,2023-06-06,C000877,P0036,4,991.36,0.0,3965.44,微信支付,小程序
T00004481,2023-05-12,C000879,P0048,3,651.69,0.1,1759.56,信用卡,网页
T00004482,2023-07-22,C000740,P0005,3,766.59,0.15,1954.8,信用卡,网页
T00004483,2023-11-17,C000017,P0022,2,596.78,0.15,1014.53,支付宝,小程序
T00004484,2023-07-08,C000355,P0039,7,141.38,0.15,841.21,微信支付,APP
T00004485,2023-04-17,C000714,P0037,3,484.48,0.3,1017.41,微信支付,网页
T00004486,2023-01-08,C000594,P0008,3,779.89,0.0,2339.67,微信支付,小程序
T00004487,2023-08-24,C000426,P0002,5,123.04,0.3,430.64,银行卡,小程序
T00004488,2023-04-28,C000036,P0027,5,145.04,0.1,652.68,支付宝,网页
T00004489,2023-03-11,C000685,P0001,2,461.62,0.0,923.24,微信支付,小程序
T00004490,2023-12-31,C000564,P0014,8,354.38,0.0,2835.04,微信支付,APP
T00004491,2023-10-23,C000438,P0040,4,484.99,0.3,1357.97,信用卡,网页
T00004492,2023-04-23,C000168,P0029,1,287.8,0.0,287.8,信用卡,APP
T00004493,2023-06-01,C000257,P0050,6,740.01,0.1,3996.05,银行卡,网页
T00004494,2023-09-05,C000472,P0001,1,461.62,0.15,392.38,支付宝,网页
T00004495,2023-07-27,C000878,P0043,4,861.78,0.0,3447.12,微信支付,小程序
T00004496,2023-07-28,C000490,P0032,1,95.61,0.1,86.05,信用卡,APP
T00004497,2023-11-04,C000078,P0016,7,469.57,0.15,2793.94,支付宝,小程序
T00004498,2023-06-24,C000436,P0018,8,63.49,0.1,457.13,微信支付,小程序
T00004499,2023-12-05,C000774,P0004,6,330.99,0.15,1688.05,信用卡,小程序
T00004500,2023-03-05,C000871,P0004,2,330.99,0.0,661.98,微信支付,APP
T00004501,2023-03-11,C000821,P0038,2,562.9,0.1,1013.22,信用卡,APP
T00004502,2023-06-11,C000508,P0018,9,63.49,0.2,457.13,支付宝,小程序
T00004503,2023-06-17,C000053,P0034,3,255.35,0.0,766.05,银行卡,网页
T00004504,2023-03-04,C000623,P0021,4,519.75,0.3,1455.3,支付宝,APP
T00004505,2023-01-14,C000939,P0005,5,766.59,0.2,3066.36,支付宝,APP
T00004506,2023-08-19,C000532,P0014,9,354.38,0.0,3189.42,信用卡,网页
T00004507,2023-12-30,C000646,P0015,7,986.74,0.0,6907.18,微信支付,网页
T00004508,2023-10-21,C000840,P0015,5,986.74,0.2,3946.96,支付宝,小程序
T00004509,2023-11-06,C000108,P0018,3,63.49,0.15,161.9,银行卡,小程序
T00004510,2023-07-13,C000070,P0032,6,95.61,0.0,573.66,微信支付,APP
T00004511,2023-06-29,C000129,P0019,8,340.95,0.2,2182.08,微信支付,网页
T00004512,2023-11-19,C000107,P0005,2,766.59,0.15,1303.2,支付宝,APP
T00004513,2023-06-30,C000308,P0039,1,141.38,0.0,141.38,银行卡,APP
T00004514,2023-04-03,C000579,P0021,4,519.75,0.15,1767.15,支付宝,小程序
T00004515,2023-12-16,C000779,P0015,3,986.74,0.15,2516.19,信用卡,小程序
T00004516,2023-08-03,C000399,P0030,4,179.49,0.2,574.37,信用卡,APP
T00004517,2023-09-26,C000961,P0037,3,484.48,0.3,1017.41,支付宝,APP
T00004518,2023-06-08,C000664,P0002,3,123.04,0.3,258.38,信用卡,小程序
T00004519,2023-04-22,C000473,P0035,3,914.62,0.0,2743.86,微信支付,APP
T00004520,2023-09-28,C000523,P0007,2,444.27,0.1,799.69,微信支付,APP
T00004521,2023-12-20,C000583,P0049,4,147.02,0.3,411.66,信用卡,小程序
T00004522,2023-01-05,C000395,P0012,4,614.43,0.0,2457.72,微信支付,APP
T00004523,2023-08-30,C000357,P0008,4,779.89,0.15,2651.63,银行卡,APP
T00004524,2023-04-24,C000845,P0015,1,986.74,0.0,986.74,信用卡,小程序
T00004525,2023-08-01,C000350,P0004,7,330.99,0.1,2085.24,信用卡,网页
T00004526,2023-02-06,C000140,P0038,5,562.9,0.15,2392.32,微信支付,APP
T00004527,2023-04-27,C000944,P0004,2,330.99,0.15,562.68,信用卡,网页
T00004528,2023-08-13,C000035,P0018,4,63.49,0.3,177.77,微信支付,APP
T00004529,2023-12-14,C000215,P0001,6,461.62,0.1,2492.75,信用卡,小程序
T00004530,2023-09-04,C000609,P0008,2,779.89,0.0,1559.78,信用卡,小程序
T00004531,2023-03-31,C000332,P0025,3,476.28,0.3,1000.19,信用卡,APP
T00004532,2023-04-07,C000289,P0026,5,224.0,0.3,784.0,信用卡,网页
T00004533,2023-05-13,C000373,P0045,1,789.81,0.2,631.85,银行卡,网页
T00004534,2023-04-28,C000365,P0029,2,287.8,0.0,575.6,信用卡,小程序
T00004535,2023-06-03,C000695,P0020,8,925.61,0.3,5183.42,银行卡,APP
T00004536,2023-08-03,C000864,P0042,8,193.1,0.0,1544.8,支付宝,小程序
T00004537,2023-07-07,C000781,P0007,1,444.27,0.0,444.27,信用卡,网页
T00004538,2023-05-08,C000557,P0015,3,986.74,0.0,2960.22,银行卡,网页
T00004539,2023-08-08,C000754,P0019,6,340.95,0.0,2045.7,银行卡,APP
T00004540,2023-12-05,C000769,P0027,7,145.04,0.15,862.99,微信支付,小程序
T00004541,2023-04-18,C000881,P0005,5,766.59,0.0,3832.95,银行卡,网页
T00004542,2023-06-15,C000062,P0045,3,789.81,0.0,2369.43,信用卡,APP
T00004543,2023-05-08,C000307,P0041,3,976.66,0.1,2636.98,微信支付,小程序
T00004544,2023-05-04,C000797,P0014,5,354.38,0.15,1506.12,微信支付,APP
T00004545,2023-06-03,C000995,P0040,3,484.99,0.3,1018.48,银行卡,网页
T00004546,2023-01-28,C000079,P0022,3,596.78,0.3,1253.24,银行卡,小程序
T00004547,2023-08-29,C000962,P0034,3,255.35,0.15,651.14,支付宝,小程序
T00004548,2023-04-14,C000985,P0011,3,643.43,0.2,1544.23,微信支付,网页
T00004549,2023-02-15,C000113,P0025,5,476.28,0.2,1905.12,信用卡,APP
T00004550,2023-12-19,C000932,P0033,9,838.62,0.1,6792.82,银行卡,网页
T00004551,2023-08-02,C000825,P0047,3,371.93,0.0,1115.79,信用卡,APP
T00004552,2023-04-18,C000570,P0044,3,535.61,0.2,1285.46,银行卡,网页
T00004553,2023-10-14,C000455,P0049,2,147.02,0.1,264.64,支付宝,小程序
T00004554,2023-04-07,C000816,P0008,5,779.89,0.0,3899.45,微信支付,小程序
T00004555,2023-10-20,C000093,P0018,2,63.49,0.2,101.58,微信支付,APP
T00004556,2023-09-19,C000714,P0049,1,147.02,0.3,102.91,信用卡,APP
T00004557,2023-06-28,C000702,P0016,7,469.57,0.2,2629.59,支付宝,小程序
T00004558,2023-07-04,C000350,P0018,4,63.49,0.3,177.77,微信支付,网页
T00004559,2023-10-03,C000910,P0034,2,255.35,0.0,510.7,银行卡,APP
T00004560,2023-01-27,C000356,P0015,4,986.74,0.0,3946.96,支付宝,APP
T00004561,2023-03-23,C000155,P0033,4,838.62,0.1,3019.03,微信支付,网页
T00004562,2023-12-08,C000892,P0020,7,925.61,0.1,5831.34,信用卡,网页
T00004563,2023-08-15,C000437,P0007,8,444.27,0.1,3198.74,微信支付,APP
T00004564,2023-04-10,C000799,P0010,3,422.06,0.0,1266.18,信用卡,APP
T00004565,2023-10-04,C000929,P0027,5,145.04,0.0,725.2,信用卡,网页
T00004566,2023-11-17,C000306,P0014,8,354.38,0.2,2268.03,微信支付,APP
T00004567,2023-01-11,C000175,P0037,3,484.48,0.15,1235.42,信用卡,APP
T00004568,2023-09-24,C000811,P0039,3,141.38,0.1,381.73,信用卡,小程序
T00004569,2023-04-20,C000215,P0026,1,224.0,0.1,201.6,微信支付,APP
T00004570,2023-01-09,C000301,P0036,4,991.36,0.0,3965.44,支付宝,网页
T00004571,2023-03-22,C000404,P0048,2,651.69,0.15,1107.87,支付宝,APP
T00004572,2023-04-17,C000912,P0045,4,789.81,0.0,3159.24,支付宝,小程序
T00004573,2023-05-26,C000512,P0043,3,861.78,0.15,2197.54,支付宝,小程序
T00004574,2023-02-16,C000827,P0028,2,210.19,0.0,420.38,微信支付,小程序
T00004575,2023-01-18,C000966,P0015,1,986.74,0.0,986.74,支付宝,网页
T00004576,2023-07-30,C000788,P0016,6,469.57,0.3,1972.19,微信支付,小程序
T00004577,2023-05-21,C000858,P0024,3,740.37,0.0,2221.11,支付宝,网页
T00004578,2023-01-02,C000651,P0035,3,914.62,0.1,2469.47,信用卡,APP
T00004579,2023-03-25,C000361,P0037,1,484.48,0.3,339.14,支付宝,小程序
T00004580,2023-01-01,C000320,P0033,5,838.62,0.1,3773.79,支付宝,APP
T00004581,2023-07-15,C000793,P0047,7,371.93,0.2,2082.81,支付宝,APP
T00004582,2023-07-19,C000304,P0001,6,461.62,0.2,2215.78,支付宝,网页
T00004583,2023-05-15,C000676,P0040,3,484.99,0.0,1454.97,支付宝,小程序
T00004584,2023-07-14,C000924,P0009,4,17.15,0.0,68.6,信用卡,网页
T00004585,2023-11-17,C000559,P0032,9,95.61,0.1,774.44,微信支付,APP
T00004586,2023-02-08,C000358,P0028,1,210.19,0.3,147.13,微信支付,小程序
T00004587,2023-05-21,C000919,P0010,2,422.06,0.3,590.88,微信支付,网页
T00004588,2023-05-17,C000261,P0048,1,651.69,0.1,586.52,支付宝,APP
T00004589,2023-11-25,C000704,P0001,10,461.62,0.15,3923.77,银行卡,APP
T00004590,2023-03-28,C000678,P0016,1,469.57,0.0,469.57,支付宝,网页
T00004591,2023-08-11,C000097,P0029,4,287.8,0.0,1151.2,微信支付,小程序
T00004592,2023-04-12,C000125,P0050,4,740.01,0.3,2072.03,支付宝,网页
T00004593,2023-08-22,C000779,P0037,4,484.48,0.2,1550.34,支付宝,APP
T00004594,2023-10-16,C000712,P0036,2,991.36,0.0,1982.72,微信支付,APP
T00004595,2023-01-03,C000520,P0012,5,614.43,0.0,3072.15,银行卡,小程序
T00004596,2023-04-03,C000522,P0004,5,330.99,0.3,1158.46,银行卡,APP
T00004597,2023-02-26,C000894,P0029,4,287.8,0.15,978.52,支付宝,APP
T00004598,2023-03-22,C000622,P0027,4,145.04,0.0,580.16,银行卡,APP
T00004599,2023-06-17,C000059,P0049,7,147.02,0.2,823.31,微信支付,网页
T00004600,2023-11-04,C000238,P0005,9,766.59,0.0,6899.31,微信支付,小程序
T00004601,2023-03-28,C000047,P0024,2,740.37,0.1,1332.67,银行卡,小程序
T00004602,2023-07-23,C000808,P0010,3,422.06,0.15,1076.25,银行卡,网页
T00004603,2023-01-25,C000935,P0049,2,147.02,0.1,264.64,信用卡,网页
T00004604,2023-05-12,C000611,P0014,5,354.38,0.15,1506.12,银行卡,APP
T00004605,2023-10-15,C000365,P0049,5,147.02,0.0,735.1,微信支付,APP
T00004606,2023-01-14,C000421,P0034,3,255.35,0.3,536.23,支付宝,网页
T00004607,2023-10-12,C000672,P0027,2,145.04,0.3,203.06,微信支付,小程序
T00004608,2023-11-29,C000528,P0003,8,806.41,0.0,6451.28,支付宝,网页
T00004609,2023-12-10,C000876,P0033,9,838.62,0.0,7547.58,支付宝,网页
T00004610,2023-03-02,C000129,P0036,2,991.36,0.1,1784.45,信用卡,APP
T00004611,2023-02-23,C000630,P0004,1,330.99,0.1,297.89,银行卡,网页
T00004612,2023-05-12,C000587,P0031,2,791.65,0.15,1345.8,支付宝,小程序
T00004613,2023-02-06,C000128,P0031,4,791.65,0.0,3166.6,支付宝,APP
T00004614,2023-04-13,C000263,P0046,3,519.59,0.1,1402.89,银行卡,小程序
T00004615,2023-07-22,C000691,P0022,7,596.78,0.1,3759.71,银行卡,网页
T00004616,2023-11-03,C000415,P0025,11,476.28,0.1,4715.17,微信支付,APP
T00004617,2023-07-21,C000748,P0025,1,476.28,0.3,333.4,信用卡,网页
T00004618,2023-02-23,C000007,P0010,5,422.06,0.0,2110.3,支付宝,APP
T00004619,2023-08-12,C000609,P0034,3,255.35,0.0,766.05,银行卡,APP
T00004620,2023-10-01,C000967,P0044,5,535.61,0.2,2142.44,银行卡,APP
T00004621,2023-06-06,C000595,P0014,3,354.38,0.0,1063.14,信用卡,APP
T00004622,2023-03-12,C000623,P0026,3,224.0,0.1,604.8,信用卡,网页
T00004623,2023-03-09,C000941,P0045,4,789.81,0.1,2843.32,银行卡,小程序
T00004624,2023-01-27,C000683,P0014,1,354.38,0.1,318.94,微信支付,网页
T00004625,2023-08-29,C000072,P0034,5,255.35,0.0,1276.75,支付宝,APP
T00004626,2023-06-23,C000500,P0016,7,469.57,0.0,3286.99,微信支付,小程序
T00004627,2023-04-23,C000215,P0001,5,461.62,0.3,1615.67,银行卡,APP
T00004628,2023-11-03,C000139,P0024,6,740.37,0.2,3553.78,银行卡,APP
T00004629,2023-04-03,C000826,P0039,5,141.38,0.3,494.83,信用卡,APP
T00004630,2023-05-29,C000886,P0046,1,519.59,0.0,519.59,支付宝,网页
T00004631,2023-11-14,C000501,P0039,6,141.38,0.0,848.28,银行卡,小程序
T00004632,2023-09-08,C000689,P0013,4,615.93,0.3,1724.6,信用卡,APP
T00004633,2023-05-22,C000603,P0049,5,147.02,0.0,735.1,信用卡,网页
T00004634,2023-10-01,C000618,P0005,3,766.59,0.0,2299.77,信用卡,网页
T00004635,2023-10-22,C000969,P0031,4,791.65,0.0,3166.6,信用卡,APP
T00004636,2023-01-17,C000206,P0043,3,861.78,0.0,2585.34,银行卡,网页
T00004637,2023-04-16,C000555,P0026,5,224.0,0.0,1120.0,支付宝,小程序
T00004638,2023-01-11,C000830,P0019,1,340.95,0.2,272.76,信用卡,网页
T00004639,2023-08-08,C000655,P0040,5,484.99,0.0,2424.95,信用卡,小程序
T00004640,2023-03-24,C000920,P0007,5,444.27,0.2,1777.08,信用卡,小程序
T00004641,2023-08-21,C000694,P0005,7,766.59,0.15,4561.21,支付宝,网页
T00004642,2023-06-13,C000474,P0033,2,838.62,0.0,1677.24,银行卡,APP
T00004643,2023-03-02,C000271,P0003,5,806.41,0.3,2822.43,银行卡,网页
T00004644,2023-10-12,C000430,P0046,4,519.59,0.0,2078.36,微信支付,网页
T00004645,2023-06-17,C000711,P0031,3,791.65,0.0,2374.95,微信支付,小程序
T00004646,2023-03-02,C000870,P0011,4,643.43,0.3,1801.6,银行卡,小程序
T00004647,2023-03-26,C000592,P0017,5,798.65,0.0,3993.25,信用卡,APP
T00004648,2023-11-23,C000300,P0034,2,255.35,0.0,510.7,银行卡,网页
T00004649,2023-04-09,C000731,P0030,2,179.49,0.0,358.98,银行卡,APP
T00004650,2023-08-22,C000209,P0027,1,145.04,0.0,145.04,信用卡,网页
T00004651,2023-01-12,C000842,P0032,1,95.61,0.1,86.05,银行卡,网页
T00004652,2023-10-08,C000945,P0046,1,519.59,0.0,519.59,银行卡,APP
T00004653,2023-01-03,C000765,P0004,3,330.99,0.0,992.97,信用卡,网页
T00004654,2023-07-30,C000153,P0003,3,806.41,0.0,2419.23,支付宝,小程序
T00004655,2023-08-05,C000993,P0020,1,925.61,0.15,786.77,信用卡,APP
T00004656,2023-10-27,C000537,P0027,2,145.04,0.0,290.08,银行卡,小程序
T00004657,2023-06-06,C000465,P0010,3,422.06,0.0,1266.18,信用卡,小程序
T00004658,2023-11-03,C000918,P0010,5,422.06,0.3,1477.21,信用卡,小程序
T00004659,2023-04-10,C000418,P0027,3,145.04,0.0,435.12,信用卡,小程序
T00004660,2023-07-07,C000923,P0033,7,838.62,0.2,4696.27,微信支付,小程序
T00004661,2023-09-05,C000933,P0005,1,766.59,0.3,536.61,银行卡,APP
T00004662,2023-10-28,C000713,P0048,2,651.69,0.0,1303.38,支付宝,网页
T00004663,2023-12-21,C000471,P0032,2,95.61,0.0,191.22,信用卡,APP
T00004664,2023-11-22,C000487,P0007,8,444.27,0.2,2843.33,支付宝,网页
T00004665,2023-02-01,C000359,P0011,4,643.43,0.3,1801.6,支付宝,APP
T00004666,2023-05-31,C000206,P0008,1,779.89,0.1,701.9,信用卡,网页
T00004667,2023-08-27,C000152,P0023,7,237.76,0.0,1664.32,信用卡,APP
T00004668,2023-03-21,C000590,P0029,4,287.8,0.0,1151.2,信用卡,网页
T00004669,2023-04-20,C000981,P0048,3,651.69,0.0,1955.07,信用卡,网页
T00004670,2023-04-02,C000470,P0045,2,789.81,0.15,1342.68,支付宝,小程序
T00004671,2023-05-31,C000525,P0014,5,354.38,0.2,1417.52,支付宝,网页
T00004672,2023-07-28,C000408,P0030,3,179.49,0.0,538.47,信用卡,APP
T00004673,2023-03-15,C000357,P0048,3,651.69,0.0,1955.07,支付宝,网页
T00004674,2023-11-24,C000589,P0015,1,986.74,0.0,986.74,信用卡,网页
T00004675,2023-09-05,C000344,P0009,4,17.15,0.0,68.6,银行卡,网页
T00004676,2023-08-28,C000162,P0033,1,838.62,0.1,754.76,支付宝,网页
T00004677,2023-12-22,C000328,P0007,4,444.27,0.3,1243.96,微信支付,网页
T00004678,2023-02-03,C000264,P0016,1,469.57,0.2,375.66,信用卡,APP
T00004679,2023-02-17,C000159,P0009,1,17.15,0.3,12.0,信用卡,网页
T00004680,2023-08-13,C000416,P0028,4,210.19,0.0,840.76,银行卡,APP
T00004681,2023-11-22,C000285,P0012,4,614.43,0.2,1966.18,支付宝,小程序
T00004682,2023-07-30,C000285,P0037,2,484.48,0.2,775.17,微信支付,小程序
T00004683,2023-08-11,C000478,P0005,8,766.59,0.0,6132.72,支付宝,APP
T00004684,2023-09-23,C000977,P0003,3,806.41,0.1,2177.31,微信支付,APP
T00004685,2023-03-01,C000388,P0015,4,986.74,0.3,2762.87,信用卡,网页
T00004686,2023-07-02,C000853,P0022,3,596.78,0.0,1790.34,银行卡,APP
T00004687,2023-01-16,C000012,P0029,3,287.8,0.2,690.72,银行卡,网页
T00004688,2023-01-05,C000988,P0024,2,740.37,0.15,1258.63,银行卡,APP
T00004689,2023-10-15,C000545,P0026,4,224.0,0.3,627.2,银行卡,网页
T00004690,2023-02-17,C000791,P0009,2,17.15,0.0,34.3,信用卡,小程序
T00004691,2023-03-30,C000575,P0021,4,519.75,0.15,1767.15,微信支付,网页
T00004692,2023-05-07,C000442,P0021,1,519.75,0.0,519.75,信用卡,小程序
T00004693,2023-04-06,C000682,P0022,3,596.78,0.0,1790.34,银行卡,APP
T00004694,2023-09-05,C000975,P0049,5,147.02,0.3,514.57,信用卡,小程序
T00004695,2023-07-05,C000887,P0005,6,766.59,0.15,3909.61,银行卡,小程序
T00004696,2023-06-21,C000069,P0014,3,354.38,0.0,1063.14,银行卡,网页
T00004697,2023-06-21,C000662,P0034,1,255.35,0.15,217.05,信用卡,网页
T00004698,2023-12-19,C000115,P0011,5,643.43,0.1,2895.43,支付宝,网页
T00004699,2023-05-22,C000386,P0044,1,535.61,0.0,535.61,微信支付,小程序
T00004700,2023-08-09,C000344,P0050,2,740.01,0.0,1480.02,微信支付,小程序
T00004701,2023-05-14,C000461,P0050,1,740.01,0.2,592.01,支付宝,APP
T00004702,2023-02-24,C000541,P0018,1,63.49,0.0,63.49,信用卡,APP
T00004703,2023-11-12,C000549,P0036,4,991.36,0.3,2775.81,银行卡,APP
T00004704,2023-08-18,C000810,P0050,4,740.01,0.3,2072.03,支付宝,APP
T00004705,2023-07-25,C000113,P0033,7,838.62,0.15,4989.79,微信支付,APP
T00004706,2023-01-08,C000873,P0034,1,255.35,0.0,255.35,支付宝,网页
T00004707,2023-12-02,C000043,P0033,8,838.62,0.0,6708.96,微信支付,APP
T00004708,2023-05-25,C000860,P0046,1,519.59,0.0,519.59,支付宝,小程序
T00004709,2023-02-27,C000740,P0045,1,789.81,0.0,789.81,信用卡,小程序
T00004710,2023-04-24,C000981,P0022,5,596.78,0.2,2387.12,信用卡,小程序
T00004711,2023-10-30,C000650,P0003,2,806.41,0.0,1612.82,微信支付,APP
T00004712,2023-02-19,C000719,P0027,4,145.04,0.15,493.14,银行卡,网页
T00004713,2023-01-12,C000984,P0009,1,17.15,0.0,17.15,银行卡,网页
T00004714,2023-08-18,C000795,P0028,3,210.19,0.0,630.57,微信支付,小程序
T00004715,2023-12-17,C000745,P0047,7,371.93,0.3,1822.46,微信支付,网页
T00004716,2023-03-23,C000469,P0004,3,330.99,0.15,844.02,银行卡,小程序
T00004717,2023-12-20,C000329,P0047,8,371.93,0.0,2975.44,信用卡,APP
T00004718,2023-10-24,C000001,P0010,2,422.06,0.0,844.12,支付宝,小程序
T00004719,2023-05-13,C000444,P0048,3,651.69,0.1,1759.56,银行卡,网页
T00004720,2023-03-03,C000430,P0049,4,147.02,0.0,588.08,信用卡,小程序
T00004721,2023-11-20,C000217,P0007,1,444.27,0.15,377.63,银行卡,APP
T00004722,2023-06-05,C000950,P0016,8,469.57,0.3,2629.59,信用卡,网页
T00004723,2023-11-29,C000408,P0007,6,444.27,0.15,2265.78,信用卡,APP
T00004724,2023-12-28,C000899,P0037,5,484.48,0.0,2422.4,微信支付,APP
T00004725,2023-01-12,C000152,P0031,3,791.65,0.2,1899.96,信用卡,网页
T00004726,2023-05-11,C000939,P0007,2,444.27,0.1,799.69,支付宝,APP
T00004727,2023-12-09,C000373,P0037,6,484.48,0.0,2906.88,信用卡,APP
T00004728,2023-09-16,C000014,P0048,3,651.69,0.3,1368.55,微信支付,小程序
T00004729,2023-05-06,C000906,P0020,1,925.61,0.15,786.77,微信支付,网页
T00004730,2023-05-19,C000836,P0041,3,976.66,0.3,2050.99,微信支付,小程序
T00004731,2023-11-24,C000528,P0031,10,791.65,0.15,6729.02,支付宝,小程序
T00004732,2023-03-30,C000444,P0001,5,461.62,0.1,2077.29,银行卡,网页
T00004733,2023-11-10,C000183,P0013,7,615.93,0.15,3664.78,信用卡,APP
T00004734,2023-08-23,C000705,P0028,2,210.19,0.1,378.34,微信支付,APP
T00004735,2023-03-31,C000349,P0031,2,791.65,0.0,1583.3,支付宝,小程序
T00004736,2023-04-16,C000758,P0040,5,484.99,0.2,1939.96,银行卡,网页
T00004737,2023-11-22,C000856,P0031,13,791.65,0.3,7204.01,支付宝,APP
T00004738,2023-03-10,C000019,P0033,1,838.62,0.3,587.03,信用卡,网页
T00004739,2023-02-11,C000997,P0044,1,535.61,0.1,482.05,微信支付,小程序
T00004740,2023-06-01,C000889,P0024,1,740.37,0.1,666.33,银行卡,网页
T00004741,2023-08-21,C000796,P0015,5,986.74,0.0,4933.7,支付宝,小程序
T00004742,2023-05-25,C000253,P0045,5,789.81,0.0,3949.05,支付宝,小程序
T00004743,2023-04-22,C000973,P0012,2,614.43,0.2,983.09,支付宝,小程序
T00004744,2023-08-09,C000767,P0043,7,861.78,0.3,4222.72,支付宝,网页
T00004745,2023-08-05,C000499,P0041,4,976.66,0.2,3125.31,微信支付,APP
T00004746,2023-12-31,C000082,P0007,1,444.27,0.15,377.63,微信支付,小程序
T00004747,2023-05-09,C000760,P0016,4,469.57,0.3,1314.8,微信支付,网页
T00004748,2023-01-10,C000658,P0006,5,281.15,0.1,1265.17,信用卡,小程序
T00004749,2023-09-01,C000772,P0040,3,484.99,0.2,1163.98,微信支付,APP
T00004750,2023-05-25,C000137,P0010,3,422.06,0.0,1266.18,微信支付,小程序
T00004751,2023-03-08,C000271,P0009,2,17.15,0.0,34.3,信用卡,网页
T00004752,2023-08-19,C000186,P0050,6,740.01,0.0,4440.06,信用卡,小程序
T00004753,2023-06-23,C000169,P0004,1,330.99,0.15,281.34,银行卡,APP
T00004754,2023-02-17,C000959,P0007,3,444.27,0.15,1132.89,银行卡,网页
T00004755,2023-01-18,C000729,P0015,4,986.74,0.0,3946.96,微信支付,小程序
T00004756,2023-07-22,C000785,P0046,7,519.59,0.3,2545.99,银行卡,APP
T00004757,2023-01-09,C000767,P0049,3,147.02,0.1,396.95,银行卡,小程序
T00004758,2023-11-17,C000906,P0045,13,789.81,0.0,10267.53,银行卡,小程序
T00004759,2023-09-15,C000319,P0039,4,141.38,0.3,395.86,信用卡,APP
T00004760,2023-07-16,C000719,P0037,3,484.48,0.0,1453.44,银行卡,APP
T00004761,2023-03-08,C000655,P0042,1,193.1,0.0,193.1,银行卡,网页
T00004762,2023-07-28,C000873,P0006,7,281.15,0.2,1574.44,信用卡,小程序
T00004763,2023-05-29,C000765,P0027,4,145.04,0.2,464.13,信用卡,小程序
T00004764,2023-12-07,C000533,P0005,11,766.59,0.1,7589.24,微信支付,小程序
T00004765,2023-08-01,C000942,P0048,1,651.69,0.3,456.18,银行卡,小程序
T00004766,2023-05-29,C000653,P0050,3,740.01,0.3,1554.02,微信支付,小程序
T00004767,2023-02-03,C000730,P0008,5,779.89,0.0,3899.45,信用卡,APP
T00004768,2023-04-28,C000341,P0041,1,976.66,0.0,976.66,银行卡,网页
T00004769,2023-04-20,C000500,P0032,5,95.61,0.1,430.25,微信支付,网页
T00004770,2023-12-12,C000518,P0013,10,615.93,0.3,4311.51,银行卡,网页
T00004771,2023-10-16,C000899,P0040,4,484.99,0.2,1551.97,信用卡,小程序
T00004772,2023-02-13,C000491,P0046,5,519.59,0.2,2078.36,微信支付,APP
T00004773,2023-01-11,C000564,P0003,1,806.41,0.0,806.41,支付宝,APP
T00004774,2023-05-11,C000517,P0012,4,614.43,0.2,1966.18,信用卡,小程序
T00004775,2023-01-30,C000187,P0026,3,224.0,0.0,672.0,银行卡,网页
T00004776,2023-06-15,C000349,P0038,1,562.9,0.15,478.46,支付宝,小程序
T00004777,2023-12-25,C000456,P0026,2,224.0,0.3,313.6,支付宝,小程序
T00004778,2023-09-19,C000002,P0001,3,461.62,0.2,1107.89,银行卡,小程序
T00004779,2023-12-22,C000922,P0031,3,791.65,0.2,1899.96,微信支付,网页
T00004780,2023-12-11,C000301,P0042,14,193.1,0.1,2433.06,银行卡,小程序
T00004781,2023-12-04,C000635,P0009,8,17.15,0.0,137.2,支付宝,网页
T00004782,2023-02-28,C000128,P0030,5,179.49,0.1,807.71,微信支付,小程序
T00004783,2023-06-19,C000185,P0005,3,766.59,0.0,2299.77,微信支付,APP
T00004784,2023-06-17,C000968,P0015,6,986.74,0.2,4736.35,信用卡,小程序
T00004785,2023-09-05,C000455,P0032,2,95.61,0.0,191.22,微信支付,网页
T00004786,2023-06-21,C000875,P0035,5,914.62,0.0,4573.1,支付宝,APP
T00004787,2023-06-03,C000663,P0046,7,519.59,0.0,3637.13,银行卡,APP
T00004788,2023-08-29,C000077,P0031,3,791.65,0.0,2374.95,信用卡,APP
T00004789,2023-12-05,C000611,P0037,2,484.48,0.0,968.96,信用卡,网页
T00004790,2023-12-29,C000619,P0027,10,145.04,0.0,1450.4,信用卡,APP
T00004791,2023-02-16,C000123,P0030,2,179.49,0.0,358.98,微信支付,网页
T00004792,2023-07-19,C000513,P0028,3,210.19,0.2,504.46,支付宝,APP
T00004793,2023-03-20,C000776,P0023,2,237.76,0.1,427.97,银行卡,小程序
T00004794,2023-03-15,C000334,P0024,5,740.37,0.1,3331.66,信用卡,网页
T00004795,2023-04-16,C000747,P0021,1,519.75,0.1,467.78,支付宝,小程序
T00004796,2023-01-29,C000512,P0043,2,861.78,0.15,1465.03,微信支付,小程序
T00004797,2023-11-01,C000832,P0020,11,925.61,0.0,10181.71,信用卡,小程序
T00004798,2023-12-14,C000188,P0005,6,766.59,0.15,3909.61,微信支付,小程序
T00004799,2023-07-27,C000955,P0043,2,861.78,0.15,1465.03,信用卡,APP
T00004800,2023-08-14,C000404,P0022,4,596.78,0.15,2029.05,支付宝,小程序
T00004801,2023-06-13,C000645,P0005,9,766.59,0.1,6209.38,信用卡,APP
T00004802,2023-01-09,C000668,P0004,4,330.99,0.0,1323.96,信用卡,APP
T00004803,2023-12-31,C000812,P0008,2,779.89,0.0,1559.78,信用卡,网页
T00004804,2023-01-29,C000523,P0029,4,287.8,0.3,805.84,支付宝,网页
T00004805,2023-09-14,C000093,P0007,2,444.27,0.2,710.83,银行卡,APP
T00004806,2023-12-19,C000488,P0047,4,371.93,0.0,1487.72,微信支付,网页
T00004807,2023-11-18,C000784,P0011,9,643.43,0.2,4632.7,信用卡,网页
T00004808,2023-08-24,C000714,P0031,1,791.65,0.0,791.65,支付宝,网页
T00004809,2023-02-15,C000711,P0012,5,614.43,0.15,2611.33,信用卡,小程序
T00004810,2023-11-04,C000334,P0007,7,444.27,0.0,3109.89,信用卡,APP
T00004811,2023-01-26,C000131,P0043,5,861.78,0.0,4308.9,微信支付,小程序
T00004812,2023-02-23,C000132,P0014,4,354.38,0.15,1204.89,微信支付,网页
T00004813,2023-05-15,C000021,P0027,2,145.04,0.0,290.08,微信支付,网页
T00004814,2023-10-07,C000295,P0035,1,914.62,0.0,914.62,信用卡,网页
T00004815,2023-02-12,C000139,P0045,5,789.81,0.0,3949.05,银行卡,APP
T00004816,2023-12-25,C000662,P0041,4,976.66,0.15,3320.64,银行卡,网页
T00004817,2023-02-13,C000447,P0031,3,791.65,0.0,2374.95,微信支付,APP
T00004818,2023-04-23,C000378,P0045,3,789.81,0.0,2369.43,银行卡,小程序
T00004819,2023-09-09,C000027,P0043,4,861.78,0.0,3447.12,支付宝,小程序
T00004820,2023-03-19,C000152,P0050,5,740.01,0.3,2590.03,微信支付,小程序
T00004821,2023-04-25,C000366,P0016,2,469.57,0.15,798.27,信用卡,小程序
T00004822,2023-11-10,C000107,P0032,7,95.61,0.0,669.27,银行卡,小程序
T00004823,2023-11-29,C000308,P0027,11,145.04,0.1,1435.9,银行卡,小程序
T00004824,2023-09-13,C000423,P0018,3,63.49,0.2,152.38,银行卡,网页
T00004825,2023-01-18,C000701,P0030,2,179.49,0.15,305.13,微信支付,APP
T00004826,2023-01-06,C000564,P0008,3,779.89,0.2,1871.74,支付宝,小程序
T00004827,2023-10-07,C000958,P0004,5,330.99,0.1,1489.46,银行卡,网页
T00004828,2023-06-08,C000769,P0023,1,237.76,0.0,237.76,支付宝,小程序
T00004829,2023-01-07,C000543,P0021,1,519.75,0.0,519.75,支付宝,小程序
T00004830,2023-11-25,C000912,P0036,8,991.36,0.1,7137.79,银行卡,网页
T00004831,2023-09-13,C000082,P0028,5,210.19,0.0,1050.95,信用卡,小程序
T00004832,2023-10-08,C000386,P0028,2,210.19,0.3,294.27,信用卡,小程序
T00004833,2023-06-01,C000782,P0025,4,476.28,0.0,1905.12,微信支付,网页
T00004834,2023-08-16,C000284,P0029,7,287.8,0.0,2014.6,微信支付,网页
T00004835,2023-10-23,C000160,P0010,4,422.06,0.0,1688.24,支付宝,小程序
T00004836,2023-02-08,C000001,P0023,2,237.76,0.0,475.52,信用卡,网页
T00004837,2023-04-16,C000908,P0036,4,991.36,0.0,3965.44,银行卡,网页
T00004838,2023-01-26,C000987,P0021,2,519.75,0.0,1039.5,银行卡,APP
T00004839,2023-06-13,C000004,P0041,4,976.66,0.3,2734.65,信用卡,APP
T00004840,2023-11-16,C000886,P0031,10,791.65,0.15,6729.02,支付宝,网页
T00004841,2023-07-01,C000499,P0038,5,562.9,0.1,2533.05,信用卡,APP
T00004842,2023-10-20,C000770,P0035,3,914.62,0.15,2332.28,支付宝,小程序
T00004843,2023-10-13,C000450,P0006,3,281.15,0.1,759.1,微信支付,网页
T00004844,2023-08-12,C000210,P0024,7,740.37,0.15,4405.2,银行卡,小程序
T00004845,2023-08-19,C000519,P0020,8,925.61,0.0,7404.88,银行卡,网页
T00004846,2023-03-01,C000116,P0016,5,469.57,0.15,1995.67,银行卡,网页
T00004847,2023-05-16,C000616,P0047,4,371.93,0.0,1487.72,信用卡,APP
T00004848,2023-10-17,C000186,P0021,3,519.75,0.1,1403.33,银行卡,网页
T00004849,2023-09-02,C000285,P0031,2,791.65,0.1,1424.97,微信支付,APP
T00004850,2023-03-14,C000520,P0015,3,986.74,0.15,2516.19,信用卡,网页
T00004851,2023-07-09,C000925,P0025,1,476.28,0.15,404.84,支付宝,小程序
T00004852,2023-10-16,C000481,P0034,3,255.35,0.0,766.05,信用卡,小程序
T00004853,2023-12-09,C000869,P0035,3,914.62,0.0,2743.86,支付宝,小程序
T00004854,2023-01-15,C000332,P0004,5,330.99,0.0,1654.95,银行卡,网页
T00004855,2023-06-29,C000117,P0048,5,651.69,0.0,3258.45,银行卡,网页
T00004856,2023-01-17,C000747,P0021,5,519.75,0.0,2598.75,微信支付,网页
T00004857,2023-06-05,C000298,P0012,5,614.43,0.2,2457.72,信用卡,APP
T00004858,2023-03-10,C000625,P0013,2,615.93,0.0,1231.86,支付宝,网页
T00004859,2023-06-22,C000208,P0016,5,469.57,0.0,2347.85,银行卡,小程序
T00004860,2023-08-30,C000956,P0021,8,519.75,0.0,4158.0,信用卡,APP
T00004861,2023-09-15,C000748,P0012,1,614.43,0.15,522.27,信用卡,APP
T00004862,2023-09-26,C000574,P0032,4,95.61,0.3,267.71,银行卡,小程序
T00004863,2023-08-29,C000668,P0033,6,838.62,0.2,4025.38,信用卡,APP
T00004864,2023-08-27,C000254,P0028,1,210.19,0.1,189.17,信用卡,APP
T00004865,2023-10-25,C000833,P0042,5,193.1,0.2,772.4,微信支付,网页
T00004866,2023-07-17,C000028,P0027,7,145.04,0.15,862.99,信用卡,小程序
T00004867,2023-06-16,C001000,P0022,1,596.78,0.3,417.75,支付宝,小程序
T00004868,2023-11-26,C000285,P0019,7,340.95,0.1,2147.99,微信支付,小程序
T00004869,2023-07-24,C000968,P0011,9,643.43,0.2,4632.7,支付宝,小程序
T00004870,2023-02-11,C000952,P0002,4,123.04,0.15,418.34,微信支付,小程序
T00004871,2023-04-04,C000973,P0045,2,789.81,0.1,1421.66,银行卡,APP
T00004872,2023-08-18,C000163,P0034,4,255.35,0.0,1021.4,支付宝,网页
T00004873,2023-11-15,C000687,P0020,2,925.61,0.1,1666.1,信用卡,APP
T00004874,2023-02-04,C000453,P0030,3,179.49,0.0,538.47,信用卡,APP
T00004875,2023-05-23,C000324,P0041,5,976.66,0.0,4883.3,信用卡,小程序
T00004876,2023-01-18,C000688,P0033,5,838.62,0.0,4193.1,支付宝,网页
T00004877,2023-06-18,C000323,P0046,3,519.59,0.3,1091.14,支付宝,网页
T00004878,2023-04-11,C000402,P0048,3,651.69,0.15,1661.81,信用卡,APP
T00004879,2023-08-12,C000223,P0034,9,255.35,0.0,2298.15,信用卡,小程序
T00004880,2023-12-24,C000358,P0002,2,123.04,0.3,172.26,支付宝,网页
T00004881,2023-11-07,C000460,P0027,3,145.04,0.0,435.12,支付宝,网页
T00004882,2023-07-18,C000249,P0036,7,991.36,0.0,6939.52,微信支付,网页
T00004883,2023-09-24,C000230,P0022,4,596.78,0.15,2029.05,微信支付,APP
T00004884,2023-05-28,C000588,P0047,2,371.93,0.0,743.86,支付宝,APP
T00004885,2023-08-31,C000491,P0007,2,444.27,0.1,799.69,微信支付,小程序
T00004886,2023-01-19,C000381,P0034,5,255.35,0.0,1276.75,支付宝,网页
T00004887,2023-10-14,C000700,P0017,5,798.65,0.0,3993.25,信用卡,小程序
T00004888,2023-03-05,C000454,P0028,2,210.19,0.0,420.38,信用卡,网页
T00004889,2023-06-22,C000424,P0043,1,861.78,0.1,775.6,信用卡,网页
T00004890,2023-06-29,C000365,P0037,7,484.48,0.2,2713.09,银行卡,网页
T00004891,2023-02-21,C000327,P0001,4,461.62,0.1,1661.83,微信支付,网页
T00004892,2023-01-07,C000041,P0019,2,340.95,0.0,681.9,支付宝,APP
T00004893,2023-11-18,C000934,P0035,8,914.62,0.15,6219.42,信用卡,APP
T00004894,2023-04-19,C000497,P0022,5,596.78,0.0,2983.9,银行卡,网页
T00004895,2023-11-19,C000048,P0010,7,422.06,0.0,2954.42,支付宝,APP
T00004896,2023-05-27,C000379,P0006,1,281.15,0.3,196.8,信用卡,小程序
T00004897,2023-06-05,C000251,P0038,1,562.9,0.0,562.9,支付宝,网页
T00004898,2023-12-15,C000089,P0008,7,779.89,0.2,4367.38,信用卡,网页
T00004899,2023-02-15,C000664,P0015,3,986.74,0.0,2960.22,银行卡,网页
T00004900,2023-12-06,C000365,P0042,1,193.1,0.3,135.17,银行卡,网页
T00004901,2023-10-10,C000035,P0020,5,925.61,0.15,3933.84,微信支付,APP
T00004902,2023-11-17,C000024,P0031,11,791.65,0.15,7401.93,支付宝,小程序
T00004903,2023-07-16,C000622,P0020,5,925.61,0.0,4628.05,信用卡,小程序
T00004904,2023-06-28,C000713,P0048,9,651.69,0.2,4692.17,微信支付,小程序
T00004905,2023-07-21,C000576,P0014,3,354.38,0.1,956.83,微信支付,APP
T00004906,2023-06-05,C000334,P0024,9,740.37,0.0,6663.33,信用卡,APP
T00004907,2023-09-26,C000227,P0047,2,371.93,0.0,743.86,支付宝,网页
T00004908,2023-11-26,C000189,P0043,5,861.78,0.2,3447.12,信用卡,网页
T00004909,2023-12-26,C000688,P0016,7,469.57,0.0,3286.99,支付宝,网页
T00004910,2023-07-02,C000606,P0014,6,354.38,0.2,1701.02,信用卡,网页
T00004911,2023-11-20,C000863,P0011,4,643.43,0.0,2573.72,信用卡,APP
T00004912,2023-08-13,C000579,P0004,8,330.99,0.1,2383.13,微信支付,APP
T00004913,2023-09-12,C000976,P0001,5,461.62,0.15,1961.88,支付宝,网页
T00004914,2023-07-28,C000933,P0035,6,914.62,0.0,5487.72,微信支付,小程序
T00004915,2023-10-07,C000389,P0019,5,340.95,0.0,1704.75,微信支付,小程序
T00004916,2023-02-19,C000056,P0024,1,740.37,0.1,666.33,银行卡,网页
T00004917,2023-05-14,C000395,P0027,2,145.04,0.0,290.08,信用卡,APP
T00004918,2023-02-27,C000887,P0010,3,422.06,0.0,1266.18,信用卡,APP
T00004919,2023-03-07,C000413,P0029,5,287.8,0.15,1223.15,信用卡,网页
T00004920,2023-03-30,C000888,P0050,2,740.01,0.3,1036.01,银行卡,网页
T00004921,2023-11-24,C000965,P0038,6,562.9,0.0,3377.4,支付宝,小程序
T00004922,2023-01-31,C000578,P0041,5,976.66,0.15,4150.81,信用卡,APP
T00004923,2023-08-27,C000668,P0015,2,986.74,0.0,1973.48,信用卡,APP
T00004924,2023-08-06,C000916,P0003,4,806.41,0.3,2257.95,支付宝,网页
T00004925,2023-05-10,C000090,P0029,4,287.8,0.0,1151.2,支付宝,网页
T00004926,2023-05-15,C000108,P0050,3,740.01,0.0,2220.03,信用卡,网页
T00004927,2023-05-26,C000699,P0023,5,237.76,0.2,951.04,微信支付,小程序
T00004928,2023-08-01,C000611,P0048,5,651.69,0.0,3258.45,银行卡,APP
T00004929,2023-12-04,C000860,P0044,13,535.61,0.0,6962.93,微信支付,小程序
T00004930,2023-08-26,C000046,P0036,5,991.36,0.1,4461.12,信用卡,APP
T00004931,2023-01-11,C000194,P0039,5,141.38,0.3,494.83,微信支付,网页
T00004932,2023-05-07,C000402,P0039,3,141.38,0.2,339.31,微信支付,网页
T00004933,2023-03-30,C000687,P0031,4,791.65,0.0,3166.6,信用卡,网页
T00004934,2023-12-04,C000124,P0044,6,535.61,0.3,2249.56,银行卡,APP
T00004935,2023-03-29,C000711,P0028,1,210.19,0.0,210.19,银行卡,APP
T00004936,2023-05-25,C000334,P0010,3,422.06,0.0,1266.18,信用卡,APP
T00004937,2023-10-13,C000147,P0013,4,615.93,0.2,1970.98,微信支付,APP
T00004938,2023-04-17,C000262,P0035,1,914.62,0.3,640.23,银行卡,网页
T00004939,2023-02-07,C000590,P0001,3,461.62,0.0,1384.86,微信支付,小程序
T00004940,2023-07-05,C000145,P0050,5,740.01,0.0,3700.05,信用卡,小程序
T00004941,2023-09-15,C000064,P0041,5,976.66,0.0,4883.3,微信支付,小程序
T00004942,2023-01-07,C000161,P0029,4,287.8,0.0,1151.2,微信支付,网页
T00004943,2023-04-07,C000315,P0014,1,354.38,0.2,283.5,微信支付,小程序
T00004944,2023-11-13,C000501,P0014,14,354.38,0.2,3969.06,微信支付,APP
T00004945,2023-07-28,C000163,P0031,5,791.65,0.0,3958.25,信用卡,APP
T00004946,2023-08-18,C000938,P0029,6,287.8,0.1,1554.12,银行卡,小程序
T00004947,2023-09-18,C000595,P0008,3,779.89,0.3,1637.77,信用卡,小程序
T00004948,2023-08-17,C000724,P0041,7,976.66,0.15,5811.13,微信支付,小程序
T00004949,2023-05-29,C000622,P0018,5,63.49,0.0,317.45,支付宝,APP
T00004950,2023-08-02,C000355,P0032,5,95.61,0.3,334.63,信用卡,网页
T00004951,2023-09-16,C000727,P0017,5,798.65,0.0,3993.25,银行卡,APP
T00004952,2023-07-27,C000433,P0042,6,193.1,0.0,1158.6,微信支付,APP
T00004953,2023-04-08,C000407,P0005,1,766.59,0.2,613.27,微信支付,APP
T00004954,2023-09-05,C000612,P0029,1,287.8,0.0,287.8,微信支付,网页
T00004955,2023-01-22,C000568,P0014,5,354.38,0.0,1771.9,微信支付,APP
T00004956,2023-02-22,C000327,P0042,1,193.1,0.15,164.13,支付宝,APP
T00004957,2023-07-23,C000287,P0026,9,224.0,0.0,2016.0,微信支付,网页
T00004958,2023-03-11,C000060,P0035,1,914.62,0.3,640.23,微信支付,小程序
T00004959,2023-09-28,C000756,P0045,5,789.81,0.2,3159.24,银行卡,APP
T00004960,2023-02-06,C000363,P0008,3,779.89,0.3,1637.77,微信支付,小程序
T00004961,2023-09-05,C000931,P0035,1,914.62,0.0,914.62,信用卡,APP
T00004962,2023-05-14,C000881,P0006,3,281.15,0.15,716.93,支付宝,APP
T00004963,2023-12-11,C000794,P0025,6,476.28,0.1,2571.91,微信支付,APP
T00004964,2023-07-14,C000062,P0023,4,237.76,0.0,951.04,信用卡,小程序
T00004965,2023-03-31,C000319,P0010,4,422.06,0.15,1435.0,微信支付,APP
T00004966,2023-06-22,C000654,P0007,9,444.27,0.0,3998.43,信用卡,小程序
T00004967,2023-02-20,C000251,P0050,3,740.01,0.0,2220.03,信用卡,APP
T00004968,2023-02-03,C000543,P0004,3,330.99,0.0,992.97,支付宝,网页
T00004969,2023-09-03,C000912,P0040,5,484.99,0.1,2182.45,支付宝,网页
T00004970,2023-03-11,C000630,P0046,5,519.59,0.0,2597.95,支付宝,小程序
T00004971,2023-11-10,C000658,P0031,5,791.65,0.1,3562.43,信用卡,网页
T00004972,2023-07-11,C000547,P0004,3,330.99,0.0,992.97,信用卡,小程序
T00004973,2023-12-11,C000117,P0011,4,643.43,0.0,2573.72,信用卡,APP
T00004974,2023-01-28,C000703,P0034,4,255.35,0.0,1021.4,银行卡,APP
T00004975,2023-10-24,C000200,P0002,5,123.04,0.0,615.2,微信支付,APP
T00004976,2023-01-27,C000866,P0022,4,596.78,0.0,2387.12,信用卡,APP
T00004977,2023-09-04,C000648,P0001,2,461.62,0.2,738.59,银行卡,网页
T00004978,2023-05-27,C000846,P0033,3,838.62,0.2,2012.69,信用卡,小程序
T00004979,2023-09-25,C000548,P0046,5,519.59,0.15,2208.26,微信支付,APP
T00004980,2023-04-29,C000473,P0011,2,643.43,0.15,1093.83,支付宝,网页
T00004981,2023-03-31,C000611,P0010,2,422.06,0.0,844.12,微信支付,小程序
T00004982,2023-08-21,C000696,P0043,3,861.78,0.0,2585.34,银行卡,APP
T00004983,2023-02-27,C000607,P0019,2,340.95,0.15,579.62,银行卡,网页
T00004984,2023-07-08,C000241,P0019,1,340.95,0.1,306.86,银行卡,网页
T00004985,2023-11-04,C000466,P0018,7,63.49,0.1,399.99,微信支付,小程序
T00004986,2023-05-19,C000439,P0049,2,147.02,0.1,264.64,信用卡,小程序
T00004987,2023-09-25,C000490,P0016,3,469.57,0.0,1408.71,银行卡,小程序
T00004988,2023-01-09,C000852,P0018,3,63.49,0.15,161.9,微信支付,小程序
T00004989,2023-09-10,C000040,P0024,1,740.37,0.3,518.26,信用卡,小程序
T00004990,2023-08-26,C000632,P0003,6,806.41,0.0,4838.46,支付宝,网页
T00004991,2023-03-16,C000646,P0007,1,444.27,0.3,310.99,微信支付,网页
T00004992,2023-10-28,C000513,P0046,1,519.59,0.0,519.59,微信支付,APP
T00004993,2023-05-02,C000826,P0008,3,779.89,0.2,1871.74,信用卡,小程序
T00004994,2023-08-04,C000019,P0017,1,798.65,0.0,798.65,信用卡,APP
T00004995,2023-02-16,C000694,P0040,2,484.99,0.0,969.98,银行卡,APP
T00004996,2023-01-04,C000171,P0028,2,210.19,0.3,294.27,信用卡,APP
T00004997,2023-12-18,C000213,P0037,2,484.48,0.2,775.17,银行卡,APP
T00004998,2023-07-17,C000858,P0026,2,224.0,0.1,403.2,支付宝,网页
T00004999,2023-01-27,C000977,P0036,2,991.36,0.0,1982.72,支付宝,APP
T00005000,2023-02-02,C000088,P0031,4,791.65,0.0,3166.6,银行卡,网页
