用户ID,订单时间,商品类别,单价,数量,订单金额,评分,支付方式,日期,月份,星期,小时
USER_0103,2023-02-21 21:14:42,美妆护肤,306.49,3,919.47,4.0,支付宝,2023-02-21,2023-02,Tuesday,21
USER_0373,2023-04-10 16:23:02,电子产品,2294.88875,2,6641.0175,5.0,支付宝,2023-04-10,2023-04,Monday,16
USER_0277,2023-02-02 20:57:21,电子产品,213.01,2,426.02,4.0,支付宝,2023-02-02,2023-02,Thursday,20
USER_0190,2023-03-03 11:43:54,图书音像,104.02,5,520.1,5.0,支付宝,2023-03-03,2023-03,Friday,11
USER_0274,2023-01-04 17:59:13,美妆护肤,166.21,4,664.84,2.0,支付宝,2023-01-04,2023-01,Wednesday,17
USER_0455,2023-02-13 21:07:46,电子产品,2016.2,4,6641.0175,3.0,支付宝,2023-02-13,2023-02,Monday,21
USER_0390,2023-02-23 18:03:53,电子产品,2294.88875,2,6641.0175,4.0,微信支付,2023-02-23,2023-02,Thursday,18
USER_0270,2023-04-05 16:13:22,食品饮料,192.62,5,963.1,5.0,支付宝,2023-04-05,2023-04,Wednesday,16
USER_0053,2023-01-24 18:24:59,家居用品,297.72,5,1488.6,3.0,支付宝,2023-01-24,2023-01,Tuesday,18
USER_0521,2023-03-29 09:43:07,电子产品,2294.88875,3,6641.0175,5.0,微信支付,2023-03-29,2023-03,Wednesday,9
USER_0379,2023-01-05 18:38:57,电子产品,2294.88875,2,6641.0175,4.0,支付宝,2023-01-05,2023-01,Thursday,18
USER_0503,2023-01-23 16:36:34,食品饮料,62.2,3,186.6,4.0,支付宝,2023-01-23,2023-01,Monday,16
USER_0462,2023-01-03 09:04:25,电子产品,1354.73,2,2709.46,1.0,支付宝,2023-01-03,2023-01,Tuesday,9
USER_0461,2023-02-20 15:48:51,食品饮料,142.15,5,710.75,3.0,微信支付,2023-02-20,2023-02,Monday,15
USER_0541,2023-02-05 21:31:06,服装鞋帽,170.92,5,854.6,5.0,支付宝,2023-02-05,2023-02,Sunday,21
USER_0028,2023-04-18 20:19:29,运动户外,682.47,1,682.47,2.0,支付宝,2023-04-18,2023-04,Tuesday,20
USER_0225,2023-01-01 17:26:56,美妆护肤,433.15,3,1110.13,1.0,支付宝,2023-01-01,2023-01,Sunday,17
USER_0225,2023-02-20 18:43:23,图书音像,78.18,1,78.18,4.0,支付宝,2023-02-20,2023-02,Monday,18
USER_0497,2023-02-27 12:11:38,食品饮料,67.17,1,67.17,3.0,支付宝,2023-02-27,2023-02,Monday,12
USER_0002,2023-01-02 20:53:22,服装鞋帽,731.2,2,1462.4,3.0,微信支付,2023-01-02,2023-01,Monday,20
USER_0416,2023-04-29 12:54:10,服装鞋帽,231.62,5,1158.1,5.0,微信支付,2023-04-29,2023-04,Saturday,12
USER_0198,2023-03-27 19:47:15,美妆护肤,173.97,5,869.85,3.0,微信支付,2023-03-27,2023-03,Monday,19
USER_0403,2023-03-31 11:18:19,家居用品,199.14,2,398.28,4.0,微信支付,2023-03-31,2023-03,Friday,11
USER_0473,2023-02-19 15:30:29,家居用品,251.69,1,251.69,3.0,微信支付,2023-02-19,2023-02,Sunday,15
USER_0002,2023-01-01 20:04:36,运动户外,417.98,3,1253.94,3.0,微信支付,2023-01-01,2023-01,Sunday,20
USER_0131,2023-01-20 16:53:55,运动户外,1709.31,4,6641.0175,5.0,微信支付,2023-01-20,2023-01,Friday,16
USER_0254,2023-04-09 17:34:24,电子产品,887.96,3,2663.88,4.0,微信支付,2023-04-09,2023-04,Sunday,17
USER_0161,2023-03-09 09:13:20,电子产品,1895.7,3,5687.1,5.0,微信支付,2023-03-09,2023-03,Thursday,9
USER_0033,2023-02-17 20:58:50,家居用品,272.95,5,1364.75,4.0,支付宝,2023-02-17,2023-02,Friday,20
USER_0283,2023-01-27 10:20:29,家居用品,678.86,4,2715.44,5.0,微信支付,2023-01-27,2023-01,Friday,10
USER_0516,2023-02-04 09:16:43,图书音像,191.71,3,575.13,5.0,微信支付,2023-02-04,2023-02,Saturday,9
USER_0037,2023-01-24 21:48:45,图书音像,193.45,5,967.25,5.0,支付宝,2023-01-24,2023-01,Tuesday,21
USER_0161,2023-03-08 10:24:41,运动户外,1407.26,2,2814.52,4.0,微信支付,2023-03-08,2023-03,Wednesday,10
USER_0155,2023-04-16 10:25:16,运动户外,316.41,5,1582.05,5.0,支付宝,2023-04-16,2023-04,Sunday,10
USER_0538,2023-04-09 10:24:23,运动户外,1047.12,5,5235.6,4.0,支付宝,2023-04-09,2023-04,Sunday,10
USER_0512,2023-04-20 20:50:22,电子产品,2294.88875,3,6641.0175,4.0,支付宝,2023-04-20,2023-04,Thursday,20
USER_0575,2023-03-03 21:21:57,运动户外,537.99,3,1613.97,1.0,支付宝,2023-03-03,2023-03,Friday,21
USER_0264,2023-02-22 20:43:43,家居用品,112.79,4,451.16,2.0,支付宝,2023-02-22,2023-02,Wednesday,20
USER_0269,2023-04-24 20:41:29,电子产品,2054.22,2,4108.44,4.0,支付宝,2023-04-24,2023-04,Monday,20
USER_0474,2023-04-27 15:08:11,服装鞋帽,179.97,2,359.94,3.0,支付宝,2023-04-27,2023-04,Thursday,15
USER_0118,2023-02-17 17:39:44,服装鞋帽,766.15,5,3830.75,5.0,微信支付,2023-02-17,2023-02,Friday,17
USER_0247,2023-03-08 20:25:15,电子产品,688.81,4,2755.24,3.0,支付宝,2023-03-08,2023-03,Wednesday,20
USER_0094,2023-04-20 12:04:11,电子产品,2294.88875,4,6641.0175,5.0,支付宝,2023-04-20,2023-04,Thursday,12
USER_0357,2023-01-23 18:09:53,家居用品,73.94,2,147.88,4.0,银行卡,2023-01-23,2023-01,Monday,18
USER_0325,2023-04-19 12:15:23,图书音像,189.97,3,569.91,5.0,微信支付,2023-04-19,2023-04,Wednesday,12
USER_0380,2023-02-02 09:50:42,图书音像,89.5,2,179.0,5.0,支付宝,2023-02-02,2023-02,Thursday,9
USER_0285,2023-01-13 20:30:45,电子产品,562.77,1,562.77,4.0,微信支付,2023-01-13,2023-01,Friday,20
USER_0418,2023-04-25 17:06:03,家居用品,367.89,4,1471.56,5.0,支付宝,2023-04-25,2023-04,Tuesday,17
USER_0394,2023-04-11 17:23:34,图书音像,94.27,5,471.35,4.0,支付宝,2023-04-11,2023-04,Tuesday,17
USER_0525,2023-01-23 17:34:40,服装鞋帽,450.75,1,1110.13,4.0,支付宝,2023-01-23,2023-01,Monday,17
USER_0019,2023-02-18 12:11:40,运动户外,742.07,4,2968.28,5.0,微信支付,2023-02-18,2023-02,Saturday,12
USER_0367,2023-01-16 13:04:34,家居用品,567.09,5,2835.45,3.0,微信支付,2023-01-16,2023-01,Monday,13
USER_0569,2023-02-08 21:52:41,图书音像,199.27,3,597.81,2.0,微信支付,2023-02-08,2023-02,Wednesday,21
USER_0235,2023-03-16 10:46:11,家居用品,841.85,5,4209.25,5.0,支付宝,2023-03-16,2023-03,Thursday,10
USER_0393,2023-02-19 19:57:01,电子产品,515.7,5,2578.5,5.0,支付宝,2023-02-19,2023-02,Sunday,19
USER_0500,2023-01-17 15:24:44,美妆护肤,200.6,5,1003.0,2.0,支付宝,2023-01-17,2023-01,Tuesday,15
USER_0167,2023-04-01 18:25:18,电子产品,2294.88875,4,6641.0175,1.0,微信支付,2023-04-01,2023-04,Saturday,18
USER_0476,2023-03-13 21:40:38,美妆护肤,300.02,4,1200.08,5.0,支付宝,2023-03-13,2023-03,Monday,21
USER_0117,2023-01-06 18:43:44,图书音像,27.77,5,138.85,5.0,银行卡,2023-01-06,2023-01,Friday,18
USER_0229,2023-02-05 11:18:19,电子产品,914.46,1,914.46,3.0,微信支付,2023-02-05,2023-02,Sunday,11
USER_0259,2023-01-16 15:56:10,服装鞋帽,762.81,4,3051.24,5.0,支付宝,2023-01-16,2023-01,Monday,15
USER_0373,2023-01-08 18:27:35,食品饮料,77.14,4,308.56,4.0,支付宝,2023-01-08,2023-01,Sunday,18
USER_0502,2023-03-04 09:08:32,服装鞋帽,502.09,5,2510.45,3.0,银行卡,2023-03-04,2023-03,Saturday,9
USER_0253,2023-01-06 10:50:04,家居用品,435.7,2,871.4,5.0,微信支付,2023-01-06,2023-01,Friday,10
USER_0005,2023-04-29 16:32:53,美妆护肤,493.89,5,2469.45,3.0,微信支付,2023-04-29,2023-04,Saturday,16
USER_0217,2023-03-27 19:26:48,美妆护肤,244.97,1,244.97,4.0,支付宝,2023-03-27,2023-03,Monday,19
USER_0518,2023-04-02 09:04:30,美妆护肤,458.32,5,2291.6,4.0,银行卡,2023-04-02,2023-04,Sunday,9
USER_0458,2023-03-24 09:20:13,电子产品,1332.07,4,5328.28,3.0,支付宝,2023-03-24,2023-03,Friday,9
USER_0488,2023-02-01 10:27:30,电子产品,2294.88875,3,6641.0175,4.0,微信支付,2023-02-01,2023-02,Wednesday,10
USER_0268,2023-03-06 14:43:04,电子产品,2294.88875,5,6641.0175,4.0,微信支付,2023-03-06,2023-03,Monday,14
USER_0578,2023-03-16 11:38:37,家居用品,981.05,2,1962.1,4.0,支付宝,2023-03-16,2023-03,Thursday,11
USER_0435,2023-03-04 10:51:56,食品饮料,158.89,2,317.78,4.0,微信支付,2023-03-04,2023-03,Saturday,10
USER_0133,2023-01-29 12:09:55,运动户外,1549.39,5,6641.0175,2.0,银行卡,2023-01-29,2023-01,Sunday,12
USER_0053,2023-03-07 21:42:42,电子产品,471.73,3,1415.19,2.0,支付宝,2023-03-07,2023-03,Tuesday,21
USER_0520,2023-01-04 16:03:55,服装鞋帽,705.74,2,1411.48,4.0,微信支付,2023-01-04,2023-01,Wednesday,16
USER_0051,2023-01-19 13:04:17,服装鞋帽,182.76,1,182.76,2.0,微信支付,2023-01-19,2023-01,Thursday,13
USER_0524,2023-03-31 10:48:13,服装鞋帽,291.19,1,291.19,2.0,微信支付,2023-03-31,2023-03,Friday,10
USER_0056,2023-04-04 19:47:16,服装鞋帽,654.65,5,3273.25,5.0,银行卡,2023-04-04,2023-04,Tuesday,19
USER_0303,2023-02-25 14:13:25,美妆护肤,275.01,2,550.02,4.0,支付宝,2023-02-25,2023-02,Saturday,14
USER_0312,2023-04-25 15:02:46,运动户外,1511.75,2,3023.5,1.0,支付宝,2023-04-25,2023-04,Tuesday,15
USER_0015,2023-03-05 17:54:36,电子产品,2294.88875,2,5726.86,5.0,微信支付,2023-03-05,2023-03,Sunday,17
USER_0537,2023-01-17 21:19:24,家居用品,795.5,4,3182.0,4.0,微信支付,2023-01-17,2023-01,Tuesday,21
USER_0034,2023-04-21 16:39:48,食品饮料,81.97,4,327.88,3.0,微信支付,2023-04-21,2023-04,Friday,16
USER_0443,2023-02-25 19:44:05,家居用品,260.11,4,1040.44,2.0,微信支付,2023-02-25,2023-02,Saturday,19
USER_0446,2023-03-03 16:54:08,电子产品,2294.88875,4,6641.0175,4.0,银行卡,2023-03-03,2023-03,Friday,16
USER_0006,2023-03-07 12:27:10,运动户外,1643.29,3,4929.87,3.0,微信支付,2023-03-07,2023-03,Tuesday,12
USER_0194,2023-03-20 19:07:25,服装鞋帽,627.12,4,2508.48,3.0,支付宝,2023-03-20,2023-03,Monday,19
USER_0225,2023-01-20 09:11:46,家居用品,774.75,3,2324.25,2.0,银行卡,2023-01-20,2023-01,Friday,9
USER_0259,2023-02-02 14:49:55,电子产品,410.54,5,2052.7,5.0,微信支付,2023-02-02,2023-02,Thursday,14
USER_0596,2023-03-06 13:08:16,电子产品,2294.88875,3,6641.0175,4.0,支付宝,2023-03-06,2023-03,Monday,13
USER_0581,2023-03-03 20:43:49,电子产品,2294.88875,4,6641.0175,5.0,支付宝,2023-03-03,2023-03,Friday,20
USER_0513,2023-02-09 14:59:28,电子产品,2294.88875,3,6641.0175,3.0,支付宝,2023-02-09,2023-02,Thursday,14
USER_0005,2023-03-24 19:13:25,运动户外,666.58,2,1333.16,4.0,微信支付,2023-03-24,2023-03,Friday,19
USER_0295,2023-04-14 11:37:32,美妆护肤,261.31,1,261.31,3.0,支付宝,2023-04-14,2023-04,Friday,11
USER_0104,2023-02-20 15:50:05,运动户外,1274.03,4,5096.12,3.0,微信支付,2023-02-20,2023-02,Monday,15
USER_0289,2023-04-26 15:26:35,图书音像,155.43,3,466.29,5.0,微信支付,2023-04-26,2023-04,Wednesday,15
USER_0254,2023-03-09 14:01:09,食品饮料,153.38,5,766.9,2.0,支付宝,2023-03-09,2023-03,Thursday,14
USER_0228,2023-04-19 16:51:55,食品饮料,112.57,4,450.28,4.0,微信支付,2023-04-19,2023-04,Wednesday,16
USER_0130,2023-01-27 11:50:35,食品饮料,57.84,3,173.52,3.0,银行卡,2023-01-27,2023-01,Friday,11
USER_0550,2023-01-06 16:22:46,服装鞋帽,511.21,2,1022.42,5.0,微信支付,2023-01-06,2023-01,Friday,16
USER_0460,2023-04-18 12:47:03,美妆护肤,31.05,1,31.05,4.0,微信支付,2023-04-18,2023-04,Tuesday,12
USER_0378,2023-01-09 14:50:28,电子产品,2294.88875,1,4218.15,5.0,支付宝,2023-01-09,2023-01,Monday,14
USER_0405,2023-03-31 12:53:22,运动户外,1746.3,5,6641.0175,4.0,支付宝,2023-03-31,2023-03,Friday,12
USER_0309,2023-01-09 18:51:56,电子产品,1734.15,1,1734.15,4.0,微信支付,2023-01-09,2023-01,Monday,18
USER_0386,2023-01-07 10:26:33,运动户外,1194.78,3,3584.34,1.0,支付宝,2023-01-07,2023-01,Saturday,10
USER_0025,2023-03-12 12:05:52,运动户外,756.67,2,1513.34,4.0,支付宝,2023-03-12,2023-03,Sunday,12
USER_0469,2023-02-18 15:16:19,食品饮料,115.89,5,579.45,5.0,支付宝,2023-02-18,2023-02,Saturday,15
USER_0327,2023-01-01 21:29:22,服装鞋帽,649.84,5,3249.2,3.0,微信支付,2023-01-01,2023-01,Sunday,21
USER_0477,2023-01-30 16:18:17,服装鞋帽,585.54,4,2342.16,4.0,支付宝,2023-01-30,2023-01,Monday,16
USER_0222,2023-02-07 11:03:00,服装鞋帽,106.63,2,213.26,5.0,支付宝,2023-02-07,2023-02,Tuesday,11
USER_0162,2023-04-07 15:54:27,美妆护肤,436.16,1,436.16,4.0,支付宝,2023-04-07,2023-04,Friday,15
USER_0443,2023-03-13 14:56:46,食品饮料,178.62,2,357.24,4.0,微信支付,2023-03-13,2023-03,Monday,14
USER_0088,2023-03-19 16:45:42,图书音像,189.99,2,379.98,3.0,支付宝,2023-03-19,2023-03,Sunday,16
USER_0151,2023-03-26 11:47:18,食品饮料,90.07,5,450.35,5.0,支付宝,2023-03-26,2023-03,Sunday,11
USER_0386,2023-03-08 15:54:11,美妆护肤,185.69,1,185.69,5.0,支付宝,2023-03-08,2023-03,Wednesday,15
USER_0500,2023-03-27 20:23:16,运动户外,1000.49,1,1000.49,5.0,支付宝,2023-03-27,2023-03,Monday,20
USER_0209,2023-01-14 17:39:01,家居用品,280.15,3,840.45,3.0,支付宝,2023-01-14,2023-01,Saturday,17
USER_0442,2023-01-29 21:33:22,家居用品,827.91,2,1655.82,4.0,微信支付,2023-01-29,2023-01,Sunday,21
USER_0034,2023-01-17 13:24:37,美妆护肤,119.08,5,595.4,1.0,支付宝,2023-01-17,2023-01,Tuesday,13
USER_0287,2023-01-06 19:39:33,家居用品,675.09,5,3375.45,3.0,微信支付,2023-01-06,2023-01,Friday,19
USER_0476,2023-03-03 18:45:01,电子产品,2294.88875,4,6641.0175,2.0,微信支付,2023-03-03,2023-03,Friday,18
USER_0029,2023-01-21 19:39:10,服装鞋帽,589.28,3,1767.84,3.0,银行卡,2023-01-21,2023-01,Saturday,19
USER_0055,2023-04-21 16:53:21,美妆护肤,123.17,4,492.68,1.0,支付宝,2023-04-21,2023-04,Friday,16
USER_0244,2023-04-17 09:58:44,电子产品,2294.88875,1,3154.33,4.0,支付宝,2023-04-17,2023-04,Monday,9
USER_0017,2023-01-01 17:42:39,服装鞋帽,234.8,5,1174.0,5.0,支付宝,2023-01-01,2023-01,Sunday,17
USER_0435,2023-04-04 14:33:11,服装鞋帽,118.69,5,593.45,5.0,微信支付,2023-04-04,2023-04,Tuesday,14
USER_0569,2023-02-24 09:46:11,食品饮料,175.86,5,879.3,5.0,微信支付,2023-02-24,2023-02,Friday,9
USER_0485,2023-04-28 14:07:24,运动户外,1311.0,1,1311.0,4.0,银行卡,2023-04-28,2023-04,Friday,14
USER_0047,2023-02-01 18:15:06,图书音像,120.05,5,600.25,4.0,微信支付,2023-02-01,2023-02,Wednesday,18
USER_0498,2023-02-28 15:28:17,美妆护肤,46.34,3,139.02,4.0,微信支付,2023-02-28,2023-02,Tuesday,15
USER_0273,2023-01-14 16:34:43,电子产品,477.07,2,954.14,4.0,微信支付,2023-01-14,2023-01,Saturday,16
USER_0364,2023-02-08 16:48:03,美妆护肤,173.0,5,865.0,4.0,微信支付,2023-02-08,2023-02,Wednesday,16
USER_0450,2023-02-24 11:41:33,电子产品,2294.88875,3,6641.0175,4.0,支付宝,2023-02-24,2023-02,Friday,11
USER_0029,2023-03-03 09:28:52,食品饮料,120.34,1,120.34,3.0,微信支付,2023-03-03,2023-03,Friday,9
USER_0359,2023-03-25 13:00:29,电子产品,2294.88875,2,4779.64,3.0,支付宝,2023-03-25,2023-03,Saturday,13
USER_0293,2023-01-25 09:52:45,电子产品,636.39,4,2545.56,4.0,支付宝,2023-01-25,2023-01,Wednesday,9
USER_0061,2023-04-11 19:59:05,图书音像,179.16,5,895.8,4.0,银行卡,2023-04-11,2023-04,Tuesday,19
USER_0564,2023-01-04 19:07:19,美妆护肤,130.67,2,261.34,5.0,支付宝,2023-01-04,2023-01,Wednesday,19
USER_0218,2023-02-10 09:57:02,美妆护肤,404.37,1,404.37,4.0,微信支付,2023-02-10,2023-02,Friday,9
USER_0020,2023-04-23 21:58:41,食品饮料,103.33,3,309.99,5.0,微信支付,2023-04-23,2023-04,Sunday,21
USER_0120,2023-04-21 17:08:03,食品饮料,27.38,3,82.14,5.0,支付宝,2023-04-21,2023-04,Friday,17
USER_0541,2023-01-09 11:24:33,运动户外,1628.56,5,6641.0175,4.0,微信支付,2023-01-09,2023-01,Monday,11
USER_0226,2023-03-29 20:14:37,服装鞋帽,592.57,5,2962.85,4.0,支付宝,2023-03-29,2023-03,Wednesday,20
USER_0593,2023-04-24 16:44:31,食品饮料,182.24,2,364.48,4.0,微信支付,2023-04-24,2023-04,Monday,16
USER_0289,2023-01-06 16:18:15,家居用品,855.06,1,855.06,5.0,支付宝,2023-01-06,2023-01,Friday,16
USER_0557,2023-03-30 13:41:35,家居用品,760.14,3,2280.42,3.0,银行卡,2023-03-30,2023-03,Thursday,13
USER_0031,2023-01-23 18:09:31,服装鞋帽,607.63,4,2430.52,3.0,微信支付,2023-01-23,2023-01,Monday,18
USER_0589,2023-04-03 20:38:01,服装鞋帽,512.7,1,512.7,5.0,支付宝,2023-04-03,2023-04,Monday,20
USER_0448,2023-03-29 21:34:47,电子产品,2294.88875,2,6641.0175,4.0,支付宝,2023-03-29,2023-03,Wednesday,21
USER_0572,2023-03-20 13:28:21,运动户外,1391.38,3,1110.13,2.0,支付宝,2023-03-20,2023-03,Monday,13
USER_0524,2023-01-22 09:09:53,服装鞋帽,515.69,2,1031.38,1.0,银行卡,2023-01-22,2023-01,Sunday,9
USER_0285,2023-03-17 12:58:34,食品饮料,82.89,1,82.89,2.0,支付宝,2023-03-17,2023-03,Friday,12
USER_0079,2023-02-01 11:10:57,电子产品,878.8,4,3515.2,4.0,支付宝,2023-02-01,2023-02,Wednesday,11
USER_0397,2023-04-15 15:14:54,美妆护肤,163.22,4,652.88,5.0,微信支付,2023-04-15,2023-04,Saturday,15
USER_0539,2023-03-08 09:43:55,服装鞋帽,757.71,3,2273.13,4.0,银行卡,2023-03-08,2023-03,Wednesday,9
USER_0453,2023-01-03 19:00:57,运动户外,498.41,1,498.41,3.0,微信支付,2023-01-03,2023-01,Tuesday,19
USER_0524,2023-01-18 20:15:26,图书音像,53.39,5,266.95,5.0,支付宝,2023-01-18,2023-01,Wednesday,20
USER_0027,2023-02-15 10:51:06,家居用品,157.31,4,629.24,1.0,银行卡,2023-02-15,2023-02,Wednesday,10
USER_0558,2023-01-15 17:29:13,食品饮料,125.39,1,125.39,3.0,支付宝,2023-01-15,2023-01,Sunday,17
USER_0501,2023-04-27 10:23:07,服装鞋帽,391.42,2,782.84,1.0,微信支付,2023-04-27,2023-04,Thursday,10
USER_0338,2023-04-20 14:31:10,家居用品,864.32,3,2592.96,5.0,支付宝,2023-04-20,2023-04,Thursday,14
USER_0088,2023-02-10 09:11:56,食品饮料,13.49,4,53.96,4.0,微信支付,2023-02-10,2023-02,Friday,9
USER_0242,2023-04-07 10:32:32,运动户外,210.89,2,421.78,5.0,支付宝,2023-04-07,2023-04,Friday,10
USER_0194,2023-02-07 15:25:45,家居用品,826.8,4,1110.13,1.0,支付宝,2023-02-07,2023-02,Tuesday,15
USER_0317,2023-03-08 19:05:08,运动户外,151.34,2,302.68,4.0,银行卡,2023-03-08,2023-03,Wednesday,19
USER_0318,2023-03-25 19:06:10,运动户外,1117.81,2,2235.62,5.0,支付宝,2023-03-25,2023-03,Saturday,19
USER_0127,2023-02-10 20:41:13,电子产品,395.73,5,1978.65,3.0,支付宝,2023-02-10,2023-02,Friday,20
USER_0243,2023-01-19 15:45:35,美妆护肤,438.48,3,1315.44,4.0,支付宝,2023-01-19,2023-01,Thursday,15
USER_0549,2023-04-06 16:40:58,家居用品,223.56,5,1117.8,4.0,支付宝,2023-04-06,2023-04,Thursday,16
USER_0207,2023-04-07 15:11:48,运动户外,1467.98,4,1110.13,5.0,微信支付,2023-04-07,2023-04,Friday,15
USER_0364,2023-01-20 20:23:49,运动户外,1178.42,5,5892.1,4.0,支付宝,2023-01-20,2023-01,Friday,20
USER_0578,2023-03-20 10:35:05,家居用品,992.37,5,4961.85,3.0,支付宝,2023-03-20,2023-03,Monday,10
USER_0237,2023-01-18 16:20:14,电子产品,2294.88875,2,6641.0175,4.0,支付宝,2023-01-18,2023-01,Wednesday,16
USER_0334,2023-01-02 15:36:04,电子产品,2242.11,5,6641.0175,2.0,支付宝,2023-01-02,2023-01,Monday,15
USER_0504,2023-04-13 17:19:01,电子产品,2294.88875,4,6641.0175,3.0,支付宝,2023-04-13,2023-04,Thursday,17
USER_0229,2023-01-05 09:39:11,电子产品,2294.88875,3,6641.0175,4.0,微信支付,2023-01-05,2023-01,Thursday,9
USER_0270,2023-03-21 18:28:09,家居用品,171.38,3,514.14,4.0,银行卡,2023-03-21,2023-03,Tuesday,18
USER_0313,2023-03-05 14:19:27,电子产品,2294.88875,5,6641.0175,4.0,微信支付,2023-03-05,2023-03,Sunday,14
USER_0556,2023-02-25 20:46:14,食品饮料,112.58,2,225.16,1.0,支付宝,2023-02-25,2023-02,Saturday,20
USER_0293,2023-01-20 18:28:00,电子产品,2294.88875,5,6641.0175,5.0,支付宝,2023-01-20,2023-01,Friday,18
USER_0206,2023-01-12 18:19:52,食品饮料,140.33,1,140.33,1.0,微信支付,2023-01-12,2023-01,Thursday,18
USER_0185,2023-02-08 16:46:42,食品饮料,136.7,5,683.5,3.0,支付宝,2023-02-08,2023-02,Wednesday,16
USER_0375,2023-01-08 10:20:00,美妆护肤,94.96,2,189.92,3.0,微信支付,2023-01-08,2023-01,Sunday,10
USER_0119,2023-03-31 19:09:29,食品饮料,127.39,1,127.39,5.0,支付宝,2023-03-31,2023-03,Friday,19
USER_0345,2023-02-15 12:32:00,电子产品,2294.88875,5,6641.0175,4.0,微信支付,2023-02-15,2023-02,Wednesday,12
USER_0220,2023-03-07 10:05:08,运动户外,1987.01,5,6641.0175,5.0,微信支付,2023-03-07,2023-03,Tuesday,10
USER_0489,2023-03-16 12:33:37,服装鞋帽,550.7,2,1101.4,5.0,微信支付,2023-03-16,2023-03,Thursday,12
USER_0279,2023-03-24 21:10:00,电子产品,2294.88875,1,2768.0,1.0,支付宝,2023-03-24,2023-03,Friday,21
USER_0143,2023-01-21 11:59:28,服装鞋帽,228.16,4,912.64,4.0,支付宝,2023-01-21,2023-01,Saturday,11
USER_0267,2023-04-09 16:45:13,家居用品,479.59,2,959.18,4.0,银行卡,2023-04-09,2023-04,Sunday,16
USER_0450,2023-03-11 20:52:28,服装鞋帽,335.15,5,1675.75,4.0,支付宝,2023-03-11,2023-03,Saturday,20
USER_0043,2023-02-17 15:05:45,家居用品,956.86,3,2870.58,1.0,支付宝,2023-02-17,2023-02,Friday,15
USER_0117,2023-01-15 17:35:10,服装鞋帽,197.87,3,593.61,4.0,支付宝,2023-01-15,2023-01,Sunday,17
USER_0373,2023-02-21 19:28:46,食品饮料,120.38,2,240.76,2.0,支付宝,2023-02-21,2023-02,Tuesday,19
USER_0589,2023-01-04 18:24:29,电子产品,2294.88875,5,6641.0175,3.0,支付宝,2023-01-04,2023-01,Wednesday,18
USER_0312,2023-04-23 18:41:55,图书音像,107.04,1,107.04,5.0,支付宝,2023-04-23,2023-04,Sunday,18
USER_0362,2023-02-16 19:12:54,家居用品,529.72,2,1059.44,4.0,支付宝,2023-02-16,2023-02,Thursday,19
USER_0010,2023-03-29 18:56:41,运动户外,739.17,5,3695.85,3.0,支付宝,2023-03-29,2023-03,Wednesday,18
USER_0531,2023-04-10 20:38:09,美妆护肤,387.99,2,775.98,3.0,支付宝,2023-04-10,2023-04,Monday,20
USER_0561,2023-04-09 20:33:32,电子产品,569.0,3,1707.0,1.0,微信支付,2023-04-09,2023-04,Sunday,20
USER_0160,2023-01-11 18:08:13,家居用品,86.7,3,260.1,3.0,微信支付,2023-01-11,2023-01,Wednesday,18
USER_0554,2023-04-28 21:38:40,家居用品,991.52,3,2974.56,2.0,微信支付,2023-04-28,2023-04,Friday,21
USER_0102,2023-02-11 15:44:45,服装鞋帽,533.97,1,533.97,4.0,支付宝,2023-02-11,2023-02,Saturday,15
USER_0070,2023-02-10 15:03:12,食品饮料,22.85,3,68.55,5.0,微信支付,2023-02-10,2023-02,Friday,15
USER_0230,2023-03-13 10:02:53,电子产品,2294.88875,2,4677.22,3.0,银行卡,2023-03-13,2023-03,Monday,10
USER_0209,2023-02-04 10:22:29,服装鞋帽,485.36,5,2426.8,2.0,支付宝,2023-02-04,2023-02,Saturday,10
USER_0287,2023-02-16 17:54:15,服装鞋帽,367.02,4,1468.08,5.0,支付宝,2023-02-16,2023-02,Thursday,17
USER_0515,2023-01-16 21:22:27,图书音像,23.6,4,94.4,5.0,支付宝,2023-01-16,2023-01,Monday,21
USER_0286,2023-01-21 12:05:21,电子产品,2294.88875,4,6641.0175,2.0,微信支付,2023-01-21,2023-01,Saturday,12
USER_0509,2023-01-14 12:32:22,服装鞋帽,320.1,3,960.3,2.0,支付宝,2023-01-14,2023-01,Saturday,12
USER_0449,2023-03-16 11:51:22,图书音像,177.2,3,531.6,3.0,微信支付,2023-03-16,2023-03,Thursday,11
USER_0316,2023-04-11 12:41:11,运动户外,276.91,3,830.73,5.0,微信支付,2023-04-11,2023-04,Tuesday,12
USER_0462,2023-01-06 11:15:06,服装鞋帽,110.69,2,221.38,4.0,支付宝,2023-01-06,2023-01,Friday,11
USER_0466,2023-03-19 12:17:09,美妆护肤,83.61,4,334.44,5.0,微信支付,2023-03-19,2023-03,Sunday,12
USER_0110,2023-03-21 14:45:51,食品饮料,85.75,5,428.75,3.0,支付宝,2023-03-21,2023-03,Tuesday,14
USER_0537,2023-03-20 12:44:59,美妆护肤,78.58,4,314.32,4.0,支付宝,2023-03-20,2023-03,Monday,12
USER_0447,2023-01-06 21:42:01,家居用品,177.46,3,532.38,2.0,支付宝,2023-01-06,2023-01,Friday,21
USER_0345,2023-01-02 19:49:30,家居用品,984.17,3,2952.51,3.0,支付宝,2023-01-02,2023-01,Monday,19
USER_0156,2023-03-03 11:06:15,家居用品,629.51,1,629.51,4.0,支付宝,2023-03-03,2023-03,Friday,11
USER_0380,2023-02-21 21:51:35,食品饮料,90.96,4,363.84,3.0,支付宝,2023-02-21,2023-02,Tuesday,21
USER_0483,2023-01-07 19:27:21,美妆护肤,372.13,2,744.26,5.0,支付宝,2023-01-07,2023-01,Saturday,19
USER_0405,2023-04-28 14:14:20,美妆护肤,85.81,1,85.81,4.0,支付宝,2023-04-28,2023-04,Friday,14
USER_0242,2023-04-19 13:52:17,电子产品,308.9,1,308.9,4.0,微信支付,2023-04-19,2023-04,Wednesday,13
USER_0308,2023-02-24 13:25:03,运动户外,524.78,3,1574.34,4.0,支付宝,2023-02-24,2023-02,Friday,13
USER_0436,2023-01-29 14:41:20,图书音像,43.97,1,43.97,2.0,银行卡,2023-01-29,2023-01,Sunday,14
USER_0130,2023-03-01 21:32:09,运动户外,543.46,4,2173.84,5.0,微信支付,2023-03-01,2023-03,Wednesday,21
USER_0200,2023-02-18 09:59:22,食品饮料,38.53,1,38.53,5.0,支付宝,2023-02-18,2023-02,Saturday,9
USER_0008,2023-03-18 16:56:22,家居用品,99.92,1,99.92,2.0,银行卡,2023-03-18,2023-03,Saturday,16
USER_0277,2023-04-14 18:30:45,图书音像,194.73,3,584.19,5.0,支付宝,2023-04-14,2023-04,Friday,18
USER_0491,2023-02-27 13:04:29,美妆护肤,52.98,4,211.92,4.0,微信支付,2023-02-27,2023-02,Monday,13
USER_0360,2023-01-25 17:01:14,电子产品,694.79,1,694.79,4.0,微信支付,2023-01-25,2023-01,Wednesday,17
USER_0378,2023-04-29 10:09:20,电子产品,2294.88875,5,6641.0175,2.0,微信支付,2023-04-29,2023-04,Saturday,10
USER_0351,2023-01-16 20:33:10,电子产品,642.96,1,642.96,4.0,支付宝,2023-01-16,2023-01,Monday,20
USER_0124,2023-03-30 10:21:51,电子产品,695.36,1,695.36,3.0,微信支付,2023-03-30,2023-03,Thursday,10
USER_0122,2023-02-01 15:38:48,服装鞋帽,458.01,5,2290.05,4.0,银行卡,2023-02-01,2023-02,Wednesday,15
USER_0302,2023-04-14 15:22:43,电子产品,1668.29,1,1668.29,5.0,银行卡,2023-04-14,2023-04,Friday,15
USER_0466,2023-01-02 21:20:14,电子产品,2294.88875,4,6641.0175,4.0,微信支付,2023-01-02,2023-01,Monday,21
USER_0421,2023-03-02 09:55:02,服装鞋帽,473.77,4,1895.08,4.0,微信支付,2023-03-02,2023-03,Thursday,9
USER_0128,2023-04-11 16:41:57,电子产品,1308.73,1,1308.73,5.0,支付宝,2023-04-11,2023-04,Tuesday,16
USER_0483,2023-04-06 18:33:42,服装鞋帽,606.76,3,1820.28,5.0,支付宝,2023-04-06,2023-04,Thursday,18
USER_0112,2023-01-13 17:51:35,电子产品,2294.88875,1,3828.85,1.0,支付宝,2023-01-13,2023-01,Friday,17
USER_0418,2023-02-22 17:19:10,美妆护肤,424.15,3,1272.45,4.0,银行卡,2023-02-22,2023-02,Wednesday,17
USER_0132,2023-04-21 21:03:19,美妆护肤,124.26,5,621.3,3.0,支付宝,2023-04-21,2023-04,Friday,21
USER_0405,2023-03-15 14:45:03,电子产品,1999.6,4,6641.0175,4.0,微信支付,2023-03-15,2023-03,Wednesday,14
USER_0515,2023-03-29 13:15:57,食品饮料,116.53,2,233.06,4.0,微信支付,2023-03-29,2023-03,Wednesday,13
USER_0159,2023-03-01 20:18:48,家居用品,174.53,4,698.12,4.0,微信支付,2023-03-01,2023-03,Wednesday,20
USER_0117,2023-01-31 12:18:47,服装鞋帽,141.78,1,141.78,5.0,支付宝,2023-01-31,2023-01,Tuesday,12
USER_0113,2023-04-02 19:46:10,美妆护肤,163.73,4,654.92,3.0,支付宝,2023-04-02,2023-04,Sunday,19
USER_0047,2023-04-01 14:46:13,美妆护肤,375.19,5,1875.95,5.0,支付宝,2023-04-01,2023-04,Saturday,14
USER_0573,2023-01-10 10:02:12,家居用品,598.24,1,598.24,4.0,银行卡,2023-01-10,2023-01,Tuesday,10
USER_0563,2023-04-27 11:41:34,服装鞋帽,704.55,5,3522.75,5.0,支付宝,2023-04-27,2023-04,Thursday,11
USER_0074,2023-03-05 13:35:05,家居用品,78.35,3,235.05,5.0,支付宝,2023-03-05,2023-03,Sunday,13
USER_0313,2023-04-10 14:40:53,电子产品,743.61,4,2974.44,4.0,微信支付,2023-04-10,2023-04,Monday,14
USER_0548,2023-03-26 16:43:41,服装鞋帽,246.28,4,985.12,3.0,微信支付,2023-03-26,2023-03,Sunday,16
USER_0400,2023-02-23 18:24:12,服装鞋帽,167.29,3,501.87,5.0,支付宝,2023-02-23,2023-02,Thursday,18
USER_0250,2023-04-17 17:20:03,服装鞋帽,628.89,2,1257.78,2.0,微信支付,2023-04-17,2023-04,Monday,17
USER_0203,2023-01-20 16:14:47,运动户外,151.9,1,151.9,4.0,支付宝,2023-01-20,2023-01,Friday,16
USER_0021,2023-03-23 13:02:22,电子产品,2294.88875,1,2870.12,4.0,银行卡,2023-03-23,2023-03,Thursday,13
USER_0445,2023-02-10 09:49:52,电子产品,1329.74,1,1329.74,5.0,微信支付,2023-02-10,2023-02,Friday,9
USER_0573,2023-03-02 10:27:57,食品饮料,160.42,2,320.84,4.0,支付宝,2023-03-02,2023-03,Thursday,10
USER_0198,2023-04-08 09:09:20,电子产品,2294.88875,2,6641.0175,3.0,支付宝,2023-04-08,2023-04,Saturday,9
USER_0435,2023-02-08 14:11:23,美妆护肤,73.73,3,221.19,4.0,支付宝,2023-02-08,2023-02,Wednesday,14
USER_0561,2023-03-05 15:20:19,食品饮料,154.1,5,770.5,5.0,微信支付,2023-03-05,2023-03,Sunday,15
USER_0381,2023-04-15 16:57:27,美妆护肤,33.04,3,99.12,2.0,银行卡,2023-04-15,2023-04,Saturday,16
USER_0097,2023-02-11 12:34:05,服装鞋帽,388.77,3,1166.31,4.0,微信支付,2023-02-11,2023-02,Saturday,12
USER_0307,2023-01-11 16:11:09,电子产品,1847.69,5,6641.0175,5.0,微信支付,2023-01-11,2023-01,Wednesday,16
USER_0567,2023-01-09 16:17:41,服装鞋帽,468.37,3,1405.11,3.0,支付宝,2023-01-09,2023-01,Monday,16
USER_0283,2023-04-24 19:39:37,电子产品,1089.88,5,5449.4,3.0,微信支付,2023-04-24,2023-04,Monday,19
USER_0260,2023-04-04 14:45:53,运动户外,279.41,1,279.41,5.0,支付宝,2023-04-04,2023-04,Tuesday,14
USER_0533,2023-01-30 21:33:03,图书音像,196.36,3,589.08,4.0,微信支付,2023-01-30,2023-01,Monday,21
USER_0131,2023-04-07 12:24:19,运动户外,204.84,5,1024.2,5.0,支付宝,2023-04-07,2023-04,Friday,12
USER_0265,2023-04-26 14:49:05,家居用品,334.92,4,1339.68,4.0,支付宝,2023-04-26,2023-04,Wednesday,14
USER_0226,2023-03-27 11:11:27,食品饮料,56.42,2,112.84,2.0,支付宝,2023-03-27,2023-03,Monday,11
USER_0546,2023-02-10 11:46:17,美妆护肤,332.55,1,332.55,4.0,微信支付,2023-02-10,2023-02,Friday,11
USER_0289,2023-03-25 21:15:33,服装鞋帽,564.75,1,564.75,2.0,微信支付,2023-03-25,2023-03,Saturday,21
USER_0001,2023-03-13 15:22:02,家居用品,527.28,5,2636.4,3.0,支付宝,2023-03-13,2023-03,Monday,15
USER_0302,2023-04-26 12:11:16,美妆护肤,398.45,2,796.9,4.0,微信支付,2023-04-26,2023-04,Wednesday,12
USER_0251,2023-04-01 15:58:26,服装鞋帽,334.63,5,1673.15,3.0,微信支付,2023-04-01,2023-04,Saturday,15
USER_0547,2023-01-19 19:19:48,电子产品,2294.88875,1,3725.53,5.0,支付宝,2023-01-19,2023-01,Thursday,19
USER_0426,2023-01-19 17:27:19,图书音像,131.84,4,527.36,4.0,微信支付,2023-01-19,2023-01,Thursday,17
USER_0508,2023-01-19 12:13:55,家居用品,554.48,1,554.48,2.0,支付宝,2023-01-19,2023-01,Thursday,12
USER_0376,2023-02-21 17:13:10,电子产品,1209.12,1,1209.12,5.0,支付宝,2023-02-21,2023-02,Tuesday,17
USER_0068,2023-04-02 16:01:40,服装鞋帽,305.3,5,1526.5,5.0,微信支付,2023-04-02,2023-04,Sunday,16
USER_0432,2023-01-30 20:34:10,图书音像,174.03,5,870.15,4.0,支付宝,2023-01-30,2023-01,Monday,20
USER_0201,2023-03-02 17:03:34,美妆护肤,441.91,5,2209.55,4.0,微信支付,2023-03-02,2023-03,Thursday,17
USER_0424,2023-03-17 14:11:45,美妆护肤,308.92,5,1544.6,5.0,支付宝,2023-03-17,2023-03,Friday,14
USER_0533,2023-02-20 14:19:56,家居用品,260.31,4,1041.24,4.0,支付宝,2023-02-20,2023-02,Monday,14
USER_0076,2023-02-14 11:21:43,图书音像,128.12,1,128.12,5.0,支付宝,2023-02-14,2023-02,Tuesday,11
USER_0262,2023-03-27 17:17:16,电子产品,2294.88875,3,6641.0175,5.0,支付宝,2023-03-27,2023-03,Monday,17
USER_0449,2023-02-26 21:44:48,家居用品,485.65,4,1942.6,4.0,支付宝,2023-02-26,2023-02,Sunday,21
USER_0049,2023-02-15 09:07:42,运动户外,605.57,5,3027.85,4.0,微信支付,2023-02-15,2023-02,Wednesday,9
USER_0318,2023-04-16 19:53:40,服装鞋帽,115.32,5,576.6,4.0,支付宝,2023-04-16,2023-04,Sunday,19
USER_0183,2023-02-10 15:12:10,电子产品,2294.88875,5,6641.0175,5.0,支付宝,2023-02-10,2023-02,Friday,15
USER_0019,2023-03-17 16:07:52,服装鞋帽,555.96,2,1111.92,3.0,银行卡,2023-03-17,2023-03,Friday,16
USER_0250,2023-03-10 16:24:26,电子产品,2294.88875,1,3616.1,5.0,微信支付,2023-03-10,2023-03,Friday,16
USER_0324,2023-04-04 09:35:17,电子产品,2294.88875,1,3021.98,4.0,支付宝,2023-04-04,2023-04,Tuesday,9
USER_0378,2023-04-25 17:38:01,家居用品,688.31,3,2064.93,4.0,微信支付,2023-04-25,2023-04,Tuesday,17
USER_0210,2023-02-20 14:08:56,电子产品,942.06,5,4710.3,4.0,银行卡,2023-02-20,2023-02,Monday,14
USER_0387,2023-01-16 16:01:16,家居用品,546.52,5,2732.6,4.0,支付宝,2023-01-16,2023-01,Monday,16
USER_0357,2023-03-26 09:30:24,美妆护肤,333.1,3,999.3,5.0,支付宝,2023-03-26,2023-03,Sunday,9
USER_0429,2023-04-29 17:52:37,美妆护肤,234.28,3,702.84,5.0,支付宝,2023-04-29,2023-04,Saturday,17
USER_0172,2023-03-20 17:22:39,运动户外,74.0,4,296.0,4.0,支付宝,2023-03-20,2023-03,Monday,17
USER_0290,2023-02-25 20:36:06,电子产品,2294.88875,4,6641.0175,3.0,支付宝,2023-02-25,2023-02,Saturday,20
USER_0202,2023-03-01 10:27:34,服装鞋帽,103.78,1,103.78,4.0,支付宝,2023-03-01,2023-03,Wednesday,10
USER_0576,2023-03-10 16:33:47,电子产品,2294.88875,4,6641.0175,4.0,支付宝,2023-03-10,2023-03,Friday,16
USER_0434,2023-03-10 16:23:58,食品饮料,35.8,3,107.4,2.0,支付宝,2023-03-10,2023-03,Friday,16
USER_0234,2023-02-20 10:05:58,电子产品,2294.88875,2,4980.94,3.0,支付宝,2023-02-20,2023-02,Monday,10
USER_0170,2023-04-11 11:22:05,家居用品,831.91,5,4159.55,5.0,微信支付,2023-04-11,2023-04,Tuesday,11
USER_0500,2023-01-17 21:31:47,美妆护肤,490.45,5,2452.25,4.0,微信支付,2023-01-17,2023-01,Tuesday,21
USER_0379,2023-03-28 11:02:41,美妆护肤,360.33,5,1801.65,3.0,支付宝,2023-03-28,2023-03,Tuesday,11
USER_0533,2023-02-13 19:38:03,服装鞋帽,485.35,3,1456.05,3.0,支付宝,2023-02-13,2023-02,Monday,19
USER_0139,2023-04-10 11:16:34,运动户外,1265.64,2,2531.28,4.0,支付宝,2023-04-10,2023-04,Monday,11
USER_0520,2023-01-28 13:16:36,食品饮料,53.27,5,266.35,5.0,微信支付,2023-01-28,2023-01,Saturday,13
USER_0559,2023-01-12 14:20:53,美妆护肤,79.91,4,319.64,5.0,支付宝,2023-01-12,2023-01,Thursday,14
USER_0524,2023-03-11 09:50:18,食品饮料,27.8,2,55.6,5.0,支付宝,2023-03-11,2023-03,Saturday,9
USER_0587,2023-02-02 16:22:14,家居用品,921.17,1,921.17,4.0,微信支付,2023-02-02,2023-02,Thursday,16
USER_0082,2023-04-02 11:46:46,食品饮料,191.65,1,191.65,3.0,支付宝,2023-04-02,2023-04,Sunday,11
USER_0337,2023-04-23 09:31:07,电子产品,2294.88875,5,6641.0175,4.0,银行卡,2023-04-23,2023-04,Sunday,9
USER_0287,2023-04-29 10:31:21,家居用品,731.03,2,1462.06,4.0,微信支付,2023-04-29,2023-04,Saturday,10
USER_0277,2023-03-21 20:01:40,服装鞋帽,208.03,3,624.09,5.0,银行卡,2023-03-21,2023-03,Tuesday,20
USER_0264,2023-01-26 09:39:06,电子产品,316.39,5,1581.95,3.0,微信支付,2023-01-26,2023-01,Thursday,9
USER_0549,2023-01-13 16:07:04,美妆护肤,408.41,3,1225.23,5.0,微信支付,2023-01-13,2023-01,Friday,16
USER_0104,2023-01-23 17:33:45,服装鞋帽,565.55,3,1696.65,1.0,支付宝,2023-01-23,2023-01,Monday,17
USER_0188,2023-03-18 21:31:33,电子产品,594.61,2,1189.22,5.0,支付宝,2023-03-18,2023-03,Saturday,21
USER_0375,2023-02-03 18:59:15,食品饮料,37.59,4,150.36,5.0,微信支付,2023-02-03,2023-02,Friday,18
USER_0451,2023-01-08 15:13:55,服装鞋帽,729.58,5,3647.9,3.0,微信支付,2023-01-08,2023-01,Sunday,15
USER_0233,2023-01-30 13:12:20,电子产品,2138.99,1,2138.99,5.0,微信支付,2023-01-30,2023-01,Monday,13
USER_0544,2023-03-03 18:09:35,家居用品,99.62,2,199.24,4.0,微信支付,2023-03-03,2023-03,Friday,18
USER_0053,2023-01-24 14:29:03,电子产品,2294.88875,2,6641.0175,3.0,支付宝,2023-01-24,2023-01,Tuesday,14
USER_0354,2023-03-16 17:11:48,服装鞋帽,50.1,2,100.2,4.0,微信支付,2023-03-16,2023-03,Thursday,17
USER_0294,2023-03-22 15:23:49,食品饮料,74.67,5,373.35,5.0,银行卡,2023-03-22,2023-03,Wednesday,15
USER_0577,2023-04-17 11:08:26,运动户外,1165.03,3,3495.09,5.0,支付宝,2023-04-17,2023-04,Monday,11
USER_0177,2023-03-11 16:11:50,电子产品,2294.88875,1,3466.39,4.0,银行卡,2023-03-11,2023-03,Saturday,16
USER_0175,2023-01-23 13:20:42,家居用品,967.07,1,967.07,5.0,微信支付,2023-01-23,2023-01,Monday,13
USER_0533,2023-03-25 11:18:11,图书音像,38.87,4,155.48,4.0,微信支付,2023-03-25,2023-03,Saturday,11
USER_0355,2023-02-16 10:13:34,服装鞋帽,89.27,2,178.54,5.0,微信支付,2023-02-16,2023-02,Thursday,10
USER_0100,2023-01-31 10:15:08,家居用品,488.11,1,488.11,5.0,微信支付,2023-01-31,2023-01,Tuesday,10
USER_0173,2023-04-19 10:08:23,运动户外,295.16,4,1180.64,5.0,支付宝,2023-04-19,2023-04,Wednesday,10
USER_0540,2023-04-14 14:53:00,运动户外,610.45,1,610.45,4.0,微信支付,2023-04-14,2023-04,Friday,14
USER_0054,2023-01-10 13:43:46,美妆护肤,27.05,2,1110.13,4.0,支付宝,2023-01-10,2023-01,Tuesday,13
USER_0398,2023-01-10 11:24:02,服装鞋帽,448.2,5,2241.0,4.0,支付宝,2023-01-10,2023-01,Tuesday,11
USER_0378,2023-03-01 18:37:00,服装鞋帽,630.49,4,2521.96,5.0,银行卡,2023-03-01,2023-03,Wednesday,18
USER_0502,2023-02-22 18:58:46,美妆护肤,77.7,5,388.5,3.0,支付宝,2023-02-22,2023-02,Wednesday,18
USER_0055,2023-02-27 15:51:56,服装鞋帽,51.02,4,204.08,3.0,微信支付,2023-02-27,2023-02,Monday,15
USER_0228,2023-04-21 11:08:31,运动户外,1577.24,5,6641.0175,5.0,支付宝,2023-04-21,2023-04,Friday,11
USER_0195,2023-01-29 17:28:33,家居用品,489.2,4,1956.8,4.0,支付宝,2023-01-29,2023-01,Sunday,17
USER_0104,2023-01-09 15:04:55,图书音像,118.01,4,472.04,5.0,微信支付,2023-01-09,2023-01,Monday,15
USER_0529,2023-02-28 18:43:06,电子产品,2294.88875,5,6641.0175,5.0,支付宝,2023-02-28,2023-02,Tuesday,18
USER_0461,2023-02-22 16:39:03,服装鞋帽,555.6,1,555.6,3.0,银行卡,2023-02-22,2023-02,Wednesday,16
USER_0102,2023-03-29 14:59:56,运动户外,1430.06,1,1430.06,2.0,银行卡,2023-03-29,2023-03,Wednesday,14
USER_0596,2023-02-21 17:10:55,电子产品,2294.88875,5,6641.0175,4.0,银行卡,2023-02-21,2023-02,Tuesday,17
USER_0558,2023-03-10 14:37:21,美妆护肤,282.49,3,847.47,3.0,支付宝,2023-03-10,2023-03,Friday,14
USER_0093,2023-01-08 20:44:42,家居用品,162.89,2,325.78,5.0,微信支付,2023-01-08,2023-01,Sunday,20
USER_0492,2023-03-11 17:15:03,图书音像,199.07,2,398.14,5.0,微信支付,2023-03-11,2023-03,Saturday,17
USER_0332,2023-01-11 13:24:17,食品饮料,23.89,2,47.78,4.0,支付宝,2023-01-11,2023-01,Wednesday,13
USER_0571,2023-04-08 09:42:42,食品饮料,195.69,5,978.45,5.0,微信支付,2023-04-08,2023-04,Saturday,9
USER_0478,2023-04-06 12:46:29,家居用品,676.6,2,1353.2,3.0,微信支付,2023-04-06,2023-04,Thursday,12
USER_0086,2023-02-13 17:36:09,美妆护肤,200.95,3,602.85,4.0,支付宝,2023-02-13,2023-02,Monday,17
USER_0170,2023-04-14 10:54:07,美妆护肤,141.83,5,709.15,3.0,支付宝,2023-04-14,2023-04,Friday,10
USER_0173,2023-01-10 12:08:53,服装鞋帽,739.65,1,739.65,5.0,微信支付,2023-01-10,2023-01,Tuesday,12
USER_0404,2023-04-27 11:34:48,服装鞋帽,256.66,5,1283.3,4.0,支付宝,2023-04-27,2023-04,Thursday,11
USER_0091,2023-03-23 12:00:49,运动户外,1760.84,2,3521.68,5.0,微信支付,2023-03-23,2023-03,Thursday,12
USER_0041,2023-04-15 13:57:00,电子产品,2294.88875,5,6641.0175,3.0,支付宝,2023-04-15,2023-04,Saturday,13
USER_0256,2023-01-11 16:50:20,食品饮料,154.17,4,616.68,3.0,支付宝,2023-01-11,2023-01,Wednesday,16
USER_0327,2023-01-26 16:04:20,美妆护肤,415.12,2,830.24,5.0,支付宝,2023-01-26,2023-01,Thursday,16
USER_0221,2023-01-08 17:47:18,食品饮料,16.23,3,48.69,4.0,支付宝,2023-01-08,2023-01,Sunday,17
USER_0271,2023-04-09 13:00:02,电子产品,2294.88875,4,6641.0175,1.0,微信支付,2023-04-09,2023-04,Sunday,13
USER_0536,2023-01-24 18:03:02,食品饮料,98.03,4,392.12,1.0,支付宝,2023-01-24,2023-01,Tuesday,18
USER_0581,2023-04-05 13:40:56,食品饮料,21.65,1,21.65,4.0,银行卡,2023-04-05,2023-04,Wednesday,13
USER_0391,2023-04-13 14:20:19,电子产品,107.22,4,428.88,5.0,支付宝,2023-04-13,2023-04,Thursday,14
USER_0511,2023-02-05 17:04:12,服装鞋帽,277.2,1,277.2,3.0,支付宝,2023-02-05,2023-02,Sunday,17
USER_0206,2023-02-26 19:46:53,服装鞋帽,215.37,5,1076.85,5.0,支付宝,2023-02-26,2023-02,Sunday,19
USER_0272,2023-02-28 15:30:41,家居用品,192.3,1,192.3,5.0,支付宝,2023-02-28,2023-02,Tuesday,15
USER_0480,2023-01-10 14:56:16,家居用品,317.66,5,1588.3,5.0,微信支付,2023-01-10,2023-01,Tuesday,14
USER_0191,2023-03-30 11:35:16,运动户外,1663.64,3,4990.92,4.0,微信支付,2023-03-30,2023-03,Thursday,11
USER_0407,2023-02-08 21:56:16,电子产品,354.29,4,1417.16,3.0,银行卡,2023-02-08,2023-02,Wednesday,21
USER_0515,2023-03-22 09:11:47,食品饮料,189.95,3,569.85,4.0,支付宝,2023-03-22,2023-03,Wednesday,9
USER_0100,2023-02-01 12:17:48,电子产品,2294.88875,2,6641.0175,1.0,微信支付,2023-02-01,2023-02,Wednesday,12
USER_0315,2023-01-29 11:05:56,食品饮料,112.74,5,563.7,4.0,微信支付,2023-01-29,2023-01,Sunday,11
USER_0390,2023-04-14 21:47:34,图书音像,60.81,1,60.81,5.0,支付宝,2023-04-14,2023-04,Friday,21
USER_0452,2023-02-13 15:01:55,美妆护肤,260.73,3,782.19,2.0,微信支付,2023-02-13,2023-02,Monday,15
USER_0595,2023-02-20 10:51:15,电子产品,1015.88,5,5079.4,1.0,支付宝,2023-02-20,2023-02,Monday,10
USER_0283,2023-01-12 09:05:32,服装鞋帽,708.49,3,2125.47,4.0,支付宝,2023-01-12,2023-01,Thursday,9
USER_0050,2023-04-22 17:18:21,服装鞋帽,92.44,4,369.76,4.0,银行卡,2023-04-22,2023-04,Saturday,17
USER_0084,2023-02-23 15:14:22,电子产品,2149.84,4,6641.0175,5.0,支付宝,2023-02-23,2023-02,Thursday,15
USER_0338,2023-03-04 18:40:56,电子产品,2294.88875,2,4611.14,5.0,银行卡,2023-03-04,2023-03,Saturday,18
USER_0325,2023-01-28 17:04:17,家居用品,440.05,4,1760.2,3.0,支付宝,2023-01-28,2023-01,Saturday,17
USER_0387,2023-01-10 10:24:34,服装鞋帽,265.6,2,531.2,4.0,微信支付,2023-01-10,2023-01,Tuesday,10
USER_0295,2023-04-01 21:46:37,电子产品,2208.84,3,6626.52,4.0,微信支付,2023-04-01,2023-04,Saturday,21
USER_0367,2023-03-07 13:33:21,图书音像,65.16,1,65.16,4.0,微信支付,2023-03-07,2023-03,Tuesday,13
USER_0326,2023-04-15 19:35:58,食品饮料,174.56,2,349.12,5.0,支付宝,2023-04-15,2023-04,Saturday,19
USER_0079,2023-02-28 14:50:47,电子产品,2294.88875,1,3884.27,4.0,支付宝,2023-02-28,2023-02,Tuesday,14
USER_0449,2023-04-23 21:03:06,服装鞋帽,387.69,4,1550.76,5.0,微信支付,2023-04-23,2023-04,Sunday,21
USER_0046,2023-04-16 14:47:37,电子产品,140.77,3,422.31,4.0,微信支付,2023-04-16,2023-04,Sunday,14
USER_0341,2023-01-25 20:46:14,美妆护肤,266.11,3,798.33,4.0,微信支付,2023-01-25,2023-01,Wednesday,20
USER_0043,2023-02-10 18:49:19,电子产品,2294.88875,4,6641.0175,5.0,支付宝,2023-02-10,2023-02,Friday,18
USER_0575,2023-04-07 17:45:04,电子产品,2294.88875,2,6641.0175,4.0,微信支付,2023-04-07,2023-04,Friday,17
USER_0314,2023-02-02 19:15:17,服装鞋帽,299.78,3,899.34,5.0,支付宝,2023-02-02,2023-02,Thursday,19
USER_0319,2023-03-18 16:45:02,家居用品,750.6,3,2251.8,5.0,微信支付,2023-03-18,2023-03,Saturday,16
USER_0073,2023-01-06 19:24:38,服装鞋帽,326.34,1,326.34,5.0,支付宝,2023-01-06,2023-01,Friday,19
USER_0187,2023-03-26 10:57:42,家居用品,838.63,2,1677.26,4.0,微信支付,2023-03-26,2023-03,Sunday,10
USER_0549,2023-03-20 20:17:33,食品饮料,159.17,5,795.85,4.0,支付宝,2023-03-20,2023-03,Monday,20
USER_0256,2023-01-07 21:42:53,电子产品,1129.14,3,3387.42,3.0,支付宝,2023-01-07,2023-01,Saturday,21
USER_0121,2023-01-01 14:37:20,电子产品,445.41,5,2227.05,3.0,微信支付,2023-01-01,2023-01,Sunday,14
USER_0303,2023-03-25 11:34:03,服装鞋帽,282.36,2,564.72,3.0,微信支付,2023-03-25,2023-03,Saturday,11
USER_0277,2023-03-02 18:51:23,美妆护肤,167.74,5,838.7,5.0,支付宝,2023-03-02,2023-03,Thursday,18
USER_0177,2023-04-16 18:38:15,运动户外,250.01,3,750.03,4.0,微信支付,2023-04-16,2023-04,Sunday,18
USER_0039,2023-01-22 17:53:04,家居用品,842.77,3,2528.31,5.0,支付宝,2023-01-22,2023-01,Sunday,17
USER_0457,2023-01-29 13:22:12,美妆护肤,204.71,5,1023.55,4.0,支付宝,2023-01-29,2023-01,Sunday,13
USER_0597,2023-03-07 13:05:43,食品饮料,40.66,1,40.66,2.0,支付宝,2023-03-07,2023-03,Tuesday,13
USER_0416,2023-02-11 11:13:57,服装鞋帽,129.01,1,129.01,3.0,支付宝,2023-02-11,2023-02,Saturday,11
USER_0011,2023-03-19 15:54:46,服装鞋帽,225.65,4,902.6,3.0,微信支付,2023-03-19,2023-03,Sunday,15
USER_0363,2023-01-09 09:32:18,家居用品,429.51,5,2147.55,5.0,微信支付,2023-01-09,2023-01,Monday,9
USER_0499,2023-01-13 14:00:33,电子产品,2294.88875,5,6641.0175,4.0,支付宝,2023-01-13,2023-01,Friday,14
USER_0295,2023-03-29 18:16:06,电子产品,2294.88875,2,6641.0175,4.0,微信支付,2023-03-29,2023-03,Wednesday,18
USER_0193,2023-04-23 09:42:24,家居用品,425.88,3,1277.64,5.0,微信支付,2023-04-23,2023-04,Sunday,9
USER_0380,2023-01-16 17:53:27,家居用品,760.06,1,760.06,4.0,支付宝,2023-01-16,2023-01,Monday,17
USER_0199,2023-03-19 21:18:18,运动户外,1770.99,5,6641.0175,4.0,支付宝,2023-03-19,2023-03,Sunday,21
USER_0057,2023-04-14 10:50:47,电子产品,305.73,1,305.73,4.0,微信支付,2023-04-14,2023-04,Friday,10
USER_0335,2023-04-02 12:56:48,电子产品,1939.8,4,1110.13,5.0,银行卡,2023-04-02,2023-04,Sunday,12
USER_0323,2023-03-24 11:53:13,服装鞋帽,101.54,3,304.62,4.0,支付宝,2023-03-24,2023-03,Friday,11
USER_0122,2023-04-05 19:31:26,服装鞋帽,673.53,1,673.53,5.0,支付宝,2023-04-05,2023-04,Wednesday,19
USER_0124,2023-04-08 21:55:14,电子产品,2294.88875,2,5893.94,4.0,微信支付,2023-04-08,2023-04,Saturday,21
USER_0429,2023-03-03 15:31:57,美妆护肤,27.02,4,108.08,3.0,微信支付,2023-03-03,2023-03,Friday,15
USER_0583,2023-04-02 17:27:05,美妆护肤,455.95,3,1367.85,5.0,支付宝,2023-04-02,2023-04,Sunday,17
USER_0490,2023-04-11 13:21:41,服装鞋帽,361.23,3,1083.69,5.0,支付宝,2023-04-11,2023-04,Tuesday,13
USER_0237,2023-02-28 10:29:29,运动户外,1038.77,1,1038.77,3.0,微信支付,2023-02-28,2023-02,Tuesday,10
USER_0178,2023-01-12 11:25:22,家居用品,802.35,1,802.35,3.0,支付宝,2023-01-12,2023-01,Thursday,11
USER_0222,2023-03-02 09:29:44,美妆护肤,242.3,3,726.9,3.0,微信支付,2023-03-02,2023-03,Thursday,9
USER_0586,2023-04-13 13:14:14,美妆护肤,385.21,4,1540.84,3.0,微信支付,2023-04-13,2023-04,Thursday,13
USER_0340,2023-03-17 09:27:07,电子产品,1371.92,5,6641.0175,1.0,微信支付,2023-03-17,2023-03,Friday,9
USER_0591,2023-01-05 20:55:45,家居用品,343.34,3,1030.02,5.0,微信支付,2023-01-05,2023-01,Thursday,20
USER_0455,2023-04-14 21:37:17,运动户外,535.57,3,1606.71,4.0,银行卡,2023-04-14,2023-04,Friday,21
USER_0299,2023-03-02 19:31:09,电子产品,2294.88875,5,6641.0175,4.0,支付宝,2023-03-02,2023-03,Thursday,19
USER_0459,2023-02-28 13:50:53,食品饮料,69.43,3,208.29,4.0,支付宝,2023-02-28,2023-02,Tuesday,13
USER_0415,2023-03-19 16:49:48,美妆护肤,38.69,3,116.07,5.0,支付宝,2023-03-19,2023-03,Sunday,16
USER_0515,2023-03-21 13:20:09,服装鞋帽,102.0,3,306.0,4.0,支付宝,2023-03-21,2023-03,Tuesday,13
USER_0074,2023-03-02 19:24:19,食品饮料,175.0,2,350.0,4.0,支付宝,2023-03-02,2023-03,Thursday,19
USER_0191,2023-02-28 13:50:20,图书音像,136.91,4,547.64,5.0,银行卡,2023-02-28,2023-02,Tuesday,13
USER_0014,2023-03-16 19:17:26,家居用品,391.93,5,1959.65,5.0,微信支付,2023-03-16,2023-03,Thursday,19
USER_0343,2023-02-10 19:24:40,电子产品,2294.88875,4,6641.0175,5.0,支付宝,2023-02-10,2023-02,Friday,19
USER_0406,2023-03-27 10:46:16,美妆护肤,101.47,1,101.47,1.0,微信支付,2023-03-27,2023-03,Monday,10
USER_0043,2023-03-20 20:39:53,家居用品,912.91,2,1825.82,4.0,支付宝,2023-03-20,2023-03,Monday,20
USER_0438,2023-01-26 19:07:43,服装鞋帽,88.99,2,177.98,1.0,支付宝,2023-01-26,2023-01,Thursday,19
USER_0340,2023-04-26 15:15:45,家居用品,234.89,3,704.67,5.0,微信支付,2023-04-26,2023-04,Wednesday,15
USER_0088,2023-03-14 11:50:19,电子产品,2294.88875,1,1110.13,4.0,支付宝,2023-03-14,2023-03,Tuesday,11
USER_0366,2023-01-20 20:38:52,图书音像,167.06,5,835.3,5.0,支付宝,2023-01-20,2023-01,Friday,20
USER_0523,2023-04-08 10:06:43,电子产品,2294.88875,2,4854.52,2.0,支付宝,2023-04-08,2023-04,Saturday,10
USER_0485,2023-03-25 11:36:56,图书音像,99.15,3,297.45,3.0,支付宝,2023-03-25,2023-03,Saturday,11
USER_0093,2023-04-04 16:59:09,服装鞋帽,316.49,4,1265.96,4.0,支付宝,2023-04-04,2023-04,Tuesday,16
USER_0086,2023-01-04 10:37:23,电子产品,505.41,3,1516.23,4.0,微信支付,2023-01-04,2023-01,Wednesday,10
USER_0096,2023-03-03 13:37:09,食品饮料,37.37,4,149.48,4.0,支付宝,2023-03-03,2023-03,Friday,13
USER_0145,2023-03-06 15:30:30,服装鞋帽,586.39,2,1172.78,3.0,支付宝,2023-03-06,2023-03,Monday,15
USER_0089,2023-02-17 10:50:11,美妆护肤,433.86,5,2169.3,3.0,银行卡,2023-02-17,2023-02,Friday,10
USER_0393,2023-02-09 12:25:26,食品饮料,99.46,4,397.84,4.0,支付宝,2023-02-09,2023-02,Thursday,12
USER_0211,2023-03-01 15:56:34,美妆护肤,79.15,3,237.45,4.0,微信支付,2023-03-01,2023-03,Wednesday,15
USER_0488,2023-01-13 21:16:48,电子产品,2294.88875,2,5763.72,4.0,微信支付,2023-01-13,2023-01,Friday,21
USER_0310,2023-01-04 20:38:07,服装鞋帽,546.25,4,2185.0,3.0,支付宝,2023-01-04,2023-01,Wednesday,20
USER_0451,2023-01-28 11:44:53,美妆护肤,157.14,1,157.14,5.0,微信支付,2023-01-28,2023-01,Saturday,11
USER_0544,2023-04-09 18:02:58,服装鞋帽,597.1,5,2985.5,4.0,支付宝,2023-04-09,2023-04,Sunday,18
USER_0345,2023-02-10 13:57:19,电子产品,1389.91,2,2779.82,1.0,微信支付,2023-02-10,2023-02,Friday,13
USER_0276,2023-04-26 21:16:53,服装鞋帽,465.75,2,931.5,3.0,支付宝,2023-04-26,2023-04,Wednesday,21
USER_0109,2023-01-23 16:07:58,电子产品,2294.88875,1,4551.33,4.0,微信支付,2023-01-23,2023-01,Monday,16
USER_0272,2023-04-29 10:53:17,食品饮料,143.78,2,1110.13,5.0,支付宝,2023-04-29,2023-04,Saturday,10
USER_0094,2023-03-23 21:42:20,美妆护肤,41.82,3,125.46,4.0,微信支付,2023-03-23,2023-03,Thursday,21
USER_0201,2023-02-21 18:43:30,电子产品,2294.88875,1,3168.98,3.0,支付宝,2023-02-21,2023-02,Tuesday,18
USER_0367,2023-01-01 20:34:10,服装鞋帽,228.11,1,228.11,1.0,微信支付,2023-01-01,2023-01,Sunday,20
USER_0072,2023-01-27 20:00:42,美妆护肤,208.2,3,624.6,5.0,微信支付,2023-01-27,2023-01,Friday,20
USER_0481,2023-02-01 18:28:20,食品饮料,186.54,2,373.08,4.0,支付宝,2023-02-01,2023-02,Wednesday,18
USER_0493,2023-03-05 11:53:07,美妆护肤,132.52,1,132.52,3.0,支付宝,2023-03-05,2023-03,Sunday,11
USER_0450,2023-03-04 16:18:38,服装鞋帽,508.6,4,2034.4,4.0,微信支付,2023-03-04,2023-03,Saturday,16
USER_0119,2023-02-06 11:51:03,服装鞋帽,734.7,5,3673.5,3.0,支付宝,2023-02-06,2023-02,Monday,11
USER_0288,2023-03-22 17:35:54,服装鞋帽,645.86,3,1937.58,3.0,微信支付,2023-03-22,2023-03,Wednesday,17
USER_0210,2023-02-17 16:32:11,电子产品,1925.29,4,6641.0175,5.0,支付宝,2023-02-17,2023-02,Friday,16
USER_0367,2023-01-16 16:11:30,电子产品,2294.88875,2,6641.0175,4.0,支付宝,2023-01-16,2023-01,Monday,16
USER_0510,2023-04-28 18:08:25,家居用品,294.85,5,1474.25,3.0,支付宝,2023-04-28,2023-04,Friday,18
USER_0283,2023-03-21 09:14:34,电子产品,2294.88875,2,6641.0175,4.0,微信支付,2023-03-21,2023-03,Tuesday,9
USER_0434,2023-03-25 20:22:03,服装鞋帽,568.29,1,568.29,3.0,微信支付,2023-03-25,2023-03,Saturday,20
USER_0378,2023-01-21 17:19:48,美妆护肤,103.2,4,412.8,4.0,支付宝,2023-01-21,2023-01,Saturday,17
USER_0143,2023-04-20 12:14:45,家居用品,596.1,1,596.1,4.0,支付宝,2023-04-20,2023-04,Thursday,12
USER_0364,2023-02-16 15:03:26,运动户外,1650.91,3,4952.73,4.0,支付宝,2023-02-16,2023-02,Thursday,15
USER_0138,2023-03-30 12:48:07,美妆护肤,404.47,5,2022.35,2.0,支付宝,2023-03-30,2023-03,Thursday,12
USER_0549,2023-02-25 19:44:37,电子产品,429.45,1,429.45,4.0,微信支付,2023-02-25,2023-02,Saturday,19
USER_0030,2023-01-11 20:43:11,运动户外,1589.51,5,6641.0175,5.0,支付宝,2023-01-11,2023-01,Wednesday,20
USER_0457,2023-04-13 18:20:55,服装鞋帽,87.76,4,351.04,2.0,微信支付,2023-04-13,2023-04,Thursday,18
USER_0278,2023-02-09 13:46:00,服装鞋帽,483.22,5,2416.1,4.0,微信支付,2023-02-09,2023-02,Thursday,13
USER_0022,2023-02-07 11:44:15,服装鞋帽,654.29,2,1308.58,3.0,支付宝,2023-02-07,2023-02,Tuesday,11
USER_0166,2023-03-22 21:05:34,电子产品,1966.86,5,6641.0175,5.0,支付宝,2023-03-22,2023-03,Wednesday,21
USER_0415,2023-04-27 16:34:59,电子产品,2294.88875,1,4675.37,4.0,微信支付,2023-04-27,2023-04,Thursday,16
USER_0005,2023-03-31 12:05:05,家居用品,630.66,1,630.66,3.0,微信支付,2023-03-31,2023-03,Friday,12
USER_0013,2023-01-07 20:54:14,家居用品,940.33,1,940.33,4.0,微信支付,2023-01-07,2023-01,Saturday,20
USER_0122,2023-02-17 20:39:23,家居用品,392.25,1,392.25,3.0,支付宝,2023-02-17,2023-02,Friday,20
USER_0164,2023-01-13 14:57:13,服装鞋帽,212.72,3,638.16,3.0,支付宝,2023-01-13,2023-01,Friday,14
USER_0190,2023-01-04 21:25:27,食品饮料,144.92,3,434.76,2.0,支付宝,2023-01-04,2023-01,Wednesday,21
USER_0487,2023-02-14 10:07:06,运动户外,1837.02,1,1837.02,4.0,支付宝,2023-02-14,2023-02,Tuesday,10
USER_0458,2023-04-12 10:49:04,美妆护肤,211.15,5,1055.75,4.0,微信支付,2023-04-12,2023-04,Wednesday,10
USER_0350,2023-01-06 16:57:45,电子产品,2294.88875,2,6641.0175,4.0,微信支付,2023-01-06,2023-01,Friday,16
USER_0424,2023-04-06 17:36:09,食品饮料,71.79,3,215.37,1.0,微信支付,2023-04-06,2023-04,Thursday,17
USER_0401,2023-04-06 12:03:16,美妆护肤,185.99,3,557.97,4.0,银行卡,2023-04-06,2023-04,Thursday,12
USER_0150,2023-04-22 15:10:12,图书音像,24.64,1,24.64,4.0,支付宝,2023-04-22,2023-04,Saturday,15
USER_0251,2023-04-15 17:22:09,家居用品,246.0,1,246.0,3.0,支付宝,2023-04-15,2023-04,Saturday,17
USER_0237,2023-04-30 17:09:13,美妆护肤,351.39,1,351.39,3.0,支付宝,2023-04-30,2023-04,Sunday,17
USER_0355,2023-04-26 10:09:34,电子产品,2294.88875,1,4167.74,5.0,支付宝,2023-04-26,2023-04,Wednesday,10
USER_0576,2023-01-02 20:56:41,运动户外,466.71,3,1400.13,4.0,支付宝,2023-01-02,2023-01,Monday,20
USER_0187,2023-03-31 14:56:43,服装鞋帽,235.91,4,943.64,4.0,支付宝,2023-03-31,2023-03,Friday,14
USER_0474,2023-02-28 19:26:14,服装鞋帽,728.18,4,2912.72,4.0,支付宝,2023-02-28,2023-02,Tuesday,19
USER_0555,2023-01-17 21:16:55,服装鞋帽,115.69,4,462.76,2.0,支付宝,2023-01-17,2023-01,Tuesday,21
USER_0175,2023-03-17 13:29:22,电子产品,2294.88875,4,6641.0175,2.0,微信支付,2023-03-17,2023-03,Friday,13
USER_0195,2023-01-15 12:46:45,食品饮料,51.09,5,255.45,3.0,微信支付,2023-01-15,2023-01,Sunday,12
USER_0285,2023-01-20 17:05:35,服装鞋帽,144.17,4,576.68,3.0,微信支付,2023-01-20,2023-01,Friday,17
USER_0471,2023-02-03 21:42:53,服装鞋帽,714.56,4,2858.24,5.0,支付宝,2023-02-03,2023-02,Friday,21
USER_0550,2023-03-11 12:46:14,美妆护肤,343.08,2,686.16,5.0,支付宝,2023-03-11,2023-03,Saturday,12
USER_0587,2023-02-06 14:57:03,服装鞋帽,110.92,2,221.84,5.0,微信支付,2023-02-06,2023-02,Monday,14
USER_0580,2023-01-19 18:29:30,家居用品,590.47,3,1771.41,5.0,银行卡,2023-01-19,2023-01,Thursday,18
USER_0288,2023-03-07 19:51:09,服装鞋帽,297.71,5,1488.55,4.0,支付宝,2023-03-07,2023-03,Tuesday,19
USER_0088,2023-01-01 19:54:20,美妆护肤,27.78,1,27.78,5.0,微信支付,2023-01-01,2023-01,Sunday,19
USER_0348,2023-04-06 09:46:27,美妆护肤,399.9,4,1599.6,4.0,支付宝,2023-04-06,2023-04,Thursday,9
USER_0410,2023-03-16 16:49:42,图书音像,44.31,3,132.93,3.0,微信支付,2023-03-16,2023-03,Thursday,16
USER_0316,2023-02-23 12:37:27,美妆护肤,128.61,1,128.61,4.0,微信支付,2023-02-23,2023-02,Thursday,12
USER_0361,2023-04-28 18:46:36,家居用品,235.96,2,471.92,2.0,支付宝,2023-04-28,2023-04,Friday,18
USER_0553,2023-03-21 10:31:25,食品饮料,88.16,2,176.32,2.0,支付宝,2023-03-21,2023-03,Tuesday,10
USER_0505,2023-04-08 12:38:59,美妆护肤,342.97,3,1028.91,5.0,微信支付,2023-04-08,2023-04,Saturday,12
USER_0569,2023-03-19 10:28:14,运动户外,1174.92,5,5874.6,4.0,支付宝,2023-03-19,2023-03,Sunday,10
USER_0128,2023-02-27 20:21:55,运动户外,1983.33,5,6641.0175,5.0,银行卡,2023-02-27,2023-02,Monday,20
USER_0096,2023-02-02 21:35:19,图书音像,73.25,3,219.75,1.0,支付宝,2023-02-02,2023-02,Thursday,21
USER_0452,2023-01-21 16:50:13,服装鞋帽,81.85,1,81.85,4.0,微信支付,2023-01-21,2023-01,Saturday,16
USER_0142,2023-03-02 15:45:31,美妆护肤,463.64,4,1854.56,4.0,微信支付,2023-03-02,2023-03,Thursday,15
USER_0109,2023-01-27 12:22:39,服装鞋帽,274.09,5,1370.45,5.0,微信支付,2023-01-27,2023-01,Friday,12
USER_0476,2023-03-24 14:22:31,运动户外,1917.38,1,1917.38,4.0,微信支付,2023-03-24,2023-03,Friday,14
USER_0511,2023-01-25 14:01:44,图书音像,60.63,1,60.63,4.0,支付宝,2023-01-25,2023-01,Wednesday,14
USER_0587,2023-02-08 14:23:10,食品饮料,175.99,3,527.97,5.0,微信支付,2023-02-08,2023-02,Wednesday,14
USER_0058,2023-02-22 09:16:01,家居用品,691.73,3,2075.19,3.0,支付宝,2023-02-22,2023-02,Wednesday,9
USER_0188,2023-02-04 13:26:43,家居用品,709.59,4,2838.36,5.0,支付宝,2023-02-04,2023-02,Saturday,13
USER_0102,2023-04-01 21:42:12,家居用品,774.47,5,3872.35,3.0,微信支付,2023-04-01,2023-04,Saturday,21
USER_0043,2023-03-24 16:51:07,图书音像,39.45,3,118.35,4.0,支付宝,2023-03-24,2023-03,Friday,16
USER_0137,2023-01-20 16:18:47,电子产品,2294.88875,3,6641.0175,4.0,微信支付,2023-01-20,2023-01,Friday,16
USER_0411,2023-01-11 14:33:42,服装鞋帽,349.38,1,349.38,4.0,微信支付,2023-01-11,2023-01,Wednesday,14
USER_0577,2023-04-09 16:07:58,电子产品,2294.88875,5,6641.0175,2.0,银行卡,2023-04-09,2023-04,Sunday,16
USER_0563,2023-04-27 13:45:52,服装鞋帽,92.66,1,92.66,5.0,银行卡,2023-04-27,2023-04,Thursday,13
USER_0260,2023-03-16 09:06:45,服装鞋帽,327.52,5,1637.6,4.0,支付宝,2023-03-16,2023-03,Thursday,9
USER_0540,2023-04-17 17:25:24,电子产品,1762.6,3,5287.8,4.0,微信支付,2023-04-17,2023-04,Monday,17
USER_0273,2023-03-08 12:28:44,电子产品,2294.88875,2,6641.0175,4.0,微信支付,2023-03-08,2023-03,Wednesday,12
USER_0181,2023-03-05 14:51:57,电子产品,2294.88875,1,4087.24,5.0,银行卡,2023-03-05,2023-03,Sunday,14
USER_0169,2023-03-15 18:56:06,食品饮料,31.13,1,31.13,5.0,支付宝,2023-03-15,2023-03,Wednesday,18
USER_0188,2023-02-03 12:16:03,电子产品,386.97,2,773.94,4.0,微信支付,2023-02-03,2023-02,Friday,12
USER_0291,2023-01-08 21:23:18,服装鞋帽,447.48,1,447.48,4.0,支付宝,2023-01-08,2023-01,Sunday,21
USER_0508,2023-01-29 11:46:58,服装鞋帽,496.76,2,993.52,2.0,支付宝,2023-01-29,2023-01,Sunday,11
USER_0489,2023-01-04 14:10:01,家居用品,833.79,5,4168.95,5.0,支付宝,2023-01-04,2023-01,Wednesday,14
USER_0253,2023-01-01 18:25:22,服装鞋帽,345.6,3,1036.8,4.0,微信支付,2023-01-01,2023-01,Sunday,18
USER_0357,2023-01-30 17:41:32,电子产品,2294.88875,1,3951.03,4.0,微信支付,2023-01-30,2023-01,Monday,17
USER_0541,2023-02-02 19:52:14,家居用品,53.39,2,106.78,2.0,微信支付,2023-02-02,2023-02,Thursday,19
USER_0422,2023-02-06 18:32:43,电子产品,2294.88875,2,6641.0175,5.0,支付宝,2023-02-06,2023-02,Monday,18
USER_0098,2023-04-03 16:21:01,美妆护肤,323.1,1,323.1,5.0,支付宝,2023-04-03,2023-04,Monday,16
USER_0144,2023-04-05 15:27:31,电子产品,2294.88875,5,6641.0175,4.0,微信支付,2023-04-05,2023-04,Wednesday,15
USER_0453,2023-03-28 13:41:52,食品饮料,53.09,5,265.45,4.0,支付宝,2023-03-28,2023-03,Tuesday,13
USER_0387,2023-03-24 18:27:28,服装鞋帽,88.36,5,441.8,4.0,银行卡,2023-03-24,2023-03,Friday,18
USER_0067,2023-01-08 16:54:57,电子产品,2294.88875,5,6641.0175,2.0,微信支付,2023-01-08,2023-01,Sunday,16
USER_0016,2023-03-18 11:47:08,食品饮料,192.36,2,384.72,1.0,支付宝,2023-03-18,2023-03,Saturday,11
USER_0408,2023-04-23 13:43:00,服装鞋帽,491.91,1,491.91,4.0,支付宝,2023-04-23,2023-04,Sunday,13
USER_0012,2023-03-30 09:59:25,美妆护肤,346.67,3,1040.01,3.0,微信支付,2023-03-30,2023-03,Thursday,9
USER_0427,2023-01-25 10:12:42,食品饮料,24.58,1,24.58,1.0,支付宝,2023-01-25,2023-01,Wednesday,10
USER_0056,2023-01-27 17:39:31,电子产品,1743.32,2,3486.64,3.0,支付宝,2023-01-27,2023-01,Friday,17
USER_0518,2023-03-21 16:47:38,服装鞋帽,227.69,2,455.38,2.0,微信支付,2023-03-21,2023-03,Tuesday,16
USER_0066,2023-03-15 15:44:49,服装鞋帽,636.22,1,636.22,4.0,微信支付,2023-03-15,2023-03,Wednesday,15
USER_0147,2023-02-04 15:52:25,运动户外,1669.71,1,1669.71,3.0,微信支付,2023-02-04,2023-02,Saturday,15
USER_0440,2023-04-28 11:17:11,美妆护肤,221.61,3,664.83,4.0,微信支付,2023-04-28,2023-04,Friday,11
USER_0253,2023-02-18 13:25:34,电子产品,2137.51,5,6641.0175,4.0,微信支付,2023-02-18,2023-02,Saturday,13
USER_0310,2023-01-22 20:47:34,服装鞋帽,149.76,5,748.8,3.0,支付宝,2023-01-22,2023-01,Sunday,20
USER_0085,2023-01-25 17:00:05,服装鞋帽,551.91,5,2759.55,4.0,微信支付,2023-01-25,2023-01,Wednesday,17
USER_0463,2023-04-07 13:56:38,食品饮料,118.35,3,355.05,3.0,微信支付,2023-04-07,2023-04,Friday,13
USER_0435,2023-02-11 15:49:47,食品饮料,59.62,5,298.1,4.0,支付宝,2023-02-11,2023-02,Saturday,15
USER_0533,2023-03-31 16:47:44,食品饮料,35.3,5,176.5,3.0,支付宝,2023-03-31,2023-03,Friday,16
USER_0028,2023-02-10 10:24:57,电子产品,2294.88875,5,6641.0175,3.0,支付宝,2023-02-10,2023-02,Friday,10
USER_0168,2023-01-03 15:52:34,电子产品,251.56,4,1006.24,5.0,支付宝,2023-01-03,2023-01,Tuesday,15
USER_0035,2023-03-03 09:35:24,电子产品,2294.88875,1,4322.16,4.0,支付宝,2023-03-03,2023-03,Friday,9
USER_0221,2023-01-19 15:18:24,美妆护肤,458.26,3,1374.78,4.0,支付宝,2023-01-19,2023-01,Thursday,15
USER_0439,2023-01-18 10:24:44,食品饮料,91.03,3,273.09,4.0,支付宝,2023-01-18,2023-01,Wednesday,10
USER_0010,2023-01-30 17:51:17,服装鞋帽,350.23,4,1400.92,5.0,微信支付,2023-01-30,2023-01,Monday,17
USER_0521,2023-04-19 17:25:03,服装鞋帽,299.59,5,1497.95,4.0,支付宝,2023-04-19,2023-04,Wednesday,17
USER_0079,2023-01-18 10:28:12,电子产品,2294.88875,1,3706.0,3.0,微信支付,2023-01-18,2023-01,Wednesday,10
USER_0496,2023-03-04 17:29:52,电子产品,2294.88875,4,6641.0175,1.0,微信支付,2023-03-04,2023-03,Saturday,17
USER_0268,2023-02-06 18:59:55,电子产品,2294.88875,4,6641.0175,4.0,支付宝,2023-02-06,2023-02,Monday,18
USER_0487,2023-03-26 15:28:13,服装鞋帽,714.72,2,1429.44,3.0,支付宝,2023-03-26,2023-03,Sunday,15
USER_0183,2023-03-22 21:01:24,美妆护肤,296.03,3,888.09,3.0,支付宝,2023-03-22,2023-03,Wednesday,21
USER_0594,2023-03-16 14:19:04,电子产品,2086.09,1,2086.09,3.0,支付宝,2023-03-16,2023-03,Thursday,14
USER_0217,2023-04-18 15:34:54,电子产品,2294.88875,3,6641.0175,4.0,微信支付,2023-04-18,2023-04,Tuesday,15
USER_0144,2023-04-21 14:39:50,电子产品,1653.02,2,3306.04,5.0,微信支付,2023-04-21,2023-04,Friday,14
USER_0173,2023-03-18 15:26:09,美妆护肤,90.41,5,452.05,4.0,支付宝,2023-03-18,2023-03,Saturday,15
USER_0439,2023-03-22 16:10:25,电子产品,1599.63,3,4798.89,2.0,微信支付,2023-03-22,2023-03,Wednesday,16
USER_0078,2023-02-20 18:47:20,家居用品,258.55,3,775.65,5.0,银行卡,2023-02-20,2023-02,Monday,18
USER_0059,2023-03-12 17:44:00,食品饮料,25.57,3,76.71,4.0,微信支付,2023-03-12,2023-03,Sunday,17
USER_0237,2023-04-14 15:26:00,食品饮料,171.33,1,171.33,4.0,微信支付,2023-04-14,2023-04,Friday,15
USER_0298,2023-04-27 09:49:35,食品饮料,68.5,5,342.5,4.0,银行卡,2023-04-27,2023-04,Thursday,9
USER_0003,2023-04-26 11:51:13,家居用品,706.11,1,706.11,4.0,支付宝,2023-04-26,2023-04,Wednesday,11
USER_0050,2023-04-28 10:14:14,图书音像,142.25,3,426.75,4.0,微信支付,2023-04-28,2023-04,Friday,10
USER_0361,2023-04-08 16:39:31,食品饮料,199.14,5,995.7,5.0,银行卡,2023-04-08,2023-04,Saturday,16
USER_0446,2023-03-20 20:13:56,电子产品,920.55,5,4602.75,4.0,支付宝,2023-03-20,2023-03,Monday,20
USER_0014,2023-01-08 19:53:01,电子产品,2294.88875,5,6641.0175,4.0,支付宝,2023-01-08,2023-01,Sunday,19
USER_0445,2023-04-27 14:34:36,美妆护肤,331.4,1,331.4,4.0,支付宝,2023-04-27,2023-04,Thursday,14
USER_0503,2023-01-02 12:20:38,服装鞋帽,497.04,5,2485.2,5.0,支付宝,2023-01-02,2023-01,Monday,12
USER_0448,2023-01-16 11:40:36,电子产品,2151.61,1,2151.61,3.0,微信支付,2023-01-16,2023-01,Monday,11
USER_0342,2023-03-05 14:21:33,电子产品,689.78,2,1379.56,2.0,微信支付,2023-03-05,2023-03,Sunday,14
USER_0097,2023-01-01 16:03:03,电子产品,457.72,1,457.72,5.0,微信支付,2023-01-01,2023-01,Sunday,16
USER_0105,2023-02-24 12:59:05,电子产品,1239.92,1,1239.92,5.0,支付宝,2023-02-24,2023-02,Friday,12
USER_0018,2023-02-23 21:48:36,家居用品,820.62,2,1641.24,5.0,微信支付,2023-02-23,2023-02,Thursday,21
USER_0499,2023-01-30 18:33:57,电子产品,2294.88875,2,6641.0175,3.0,微信支付,2023-01-30,2023-01,Monday,18
USER_0494,2023-02-18 12:49:42,服装鞋帽,451.0,4,1804.0,5.0,银行卡,2023-02-18,2023-02,Saturday,12
USER_0198,2023-01-20 16:26:37,图书音像,191.25,3,573.75,3.0,支付宝,2023-01-20,2023-01,Friday,16
USER_0574,2023-01-30 21:21:10,运动户外,1011.27,2,2022.54,4.0,微信支付,2023-01-30,2023-01,Monday,21
USER_0158,2023-04-22 10:54:57,服装鞋帽,290.3,3,870.9,3.0,微信支付,2023-04-22,2023-04,Saturday,10
USER_0569,2023-02-13 10:34:49,电子产品,2294.88875,5,6641.0175,4.0,支付宝,2023-02-13,2023-02,Monday,10
USER_0219,2023-01-21 13:15:43,服装鞋帽,412.14,4,1648.56,3.0,微信支付,2023-01-21,2023-01,Saturday,13
USER_0586,2023-03-05 19:16:56,美妆护肤,490.78,4,1963.12,4.0,支付宝,2023-03-05,2023-03,Sunday,19
USER_0452,2023-03-19 15:31:18,家居用品,218.45,4,873.8,4.0,微信支付,2023-03-19,2023-03,Sunday,15
USER_0340,2023-01-01 14:46:52,服装鞋帽,644.85,1,644.85,3.0,支付宝,2023-01-01,2023-01,Sunday,14
USER_0410,2023-03-18 15:14:43,图书音像,152.25,3,456.75,4.0,银行卡,2023-03-18,2023-03,Saturday,15
USER_0130,2023-02-24 18:32:15,图书音像,88.69,2,177.38,5.0,微信支付,2023-02-24,2023-02,Friday,18
USER_0579,2023-03-28 21:33:32,运动户外,1839.41,2,3678.82,5.0,银行卡,2023-03-28,2023-03,Tuesday,21
USER_0001,2023-03-02 12:31:05,服装鞋帽,161.38,4,645.52,4.0,微信支付,2023-03-02,2023-03,Thursday,12
USER_0209,2023-04-07 18:50:46,服装鞋帽,532.1,1,532.1,4.0,微信支付,2023-04-07,2023-04,Friday,18
USER_0574,2023-01-27 20:16:45,食品饮料,99.78,2,199.56,4.0,微信支付,2023-01-27,2023-01,Friday,20
USER_0271,2023-03-30 15:59:21,电子产品,2294.88875,1,2921.35,5.0,微信支付,2023-03-30,2023-03,Thursday,15
USER_0427,2023-04-27 14:40:44,食品饮料,49.34,5,246.7,4.0,微信支付,2023-04-27,2023-04,Thursday,14
USER_0352,2023-03-03 16:08:03,运动户外,365.3,2,730.6,5.0,微信支付,2023-03-03,2023-03,Friday,16
USER_0152,2023-03-15 21:16:17,美妆护肤,164.7,1,164.7,4.0,支付宝,2023-03-15,2023-03,Wednesday,21
USER_0433,2023-01-29 12:17:58,美妆护肤,306.77,1,306.77,5.0,支付宝,2023-01-29,2023-01,Sunday,12
USER_0155,2023-01-15 20:36:54,美妆护肤,461.22,2,922.44,4.0,支付宝,2023-01-15,2023-01,Sunday,20
USER_0433,2023-03-23 13:02:01,运动户外,1129.44,4,4517.76,3.0,微信支付,2023-03-23,2023-03,Thursday,13
USER_0049,2023-02-24 18:34:07,美妆护肤,471.68,4,1886.72,4.0,微信支付,2023-02-24,2023-02,Friday,18
USER_0189,2023-02-23 09:48:24,服装鞋帽,555.32,5,2776.6,4.0,支付宝,2023-02-23,2023-02,Thursday,9
USER_0134,2023-01-16 12:15:06,美妆护肤,281.93,1,281.93,3.0,微信支付,2023-01-16,2023-01,Monday,12
USER_0301,2023-03-25 11:51:03,家居用品,958.42,1,958.42,4.0,微信支付,2023-03-25,2023-03,Saturday,11
USER_0556,2023-02-02 21:13:23,家居用品,676.73,4,2706.92,4.0,支付宝,2023-02-02,2023-02,Thursday,21
USER_0457,2023-03-28 21:22:16,美妆护肤,284.32,3,852.96,3.0,银行卡,2023-03-28,2023-03,Tuesday,21
USER_0183,2023-01-12 16:01:35,服装鞋帽,282.06,5,1410.3,5.0,微信支付,2023-01-12,2023-01,Thursday,16
USER_0278,2023-01-18 20:51:58,家居用品,346.05,3,1038.15,3.0,支付宝,2023-01-18,2023-01,Wednesday,20
USER_0155,2023-02-22 19:36:47,服装鞋帽,560.29,3,1680.87,3.0,支付宝,2023-02-22,2023-02,Wednesday,19
USER_0535,2023-02-22 13:08:14,电子产品,1503.72,5,1110.13,4.0,微信支付,2023-02-22,2023-02,Wednesday,13
USER_0422,2023-03-13 18:23:34,服装鞋帽,248.81,4,995.24,4.0,支付宝,2023-03-13,2023-03,Monday,18
USER_0546,2023-02-10 18:57:16,电子产品,1583.6,4,6334.4,4.0,支付宝,2023-02-10,2023-02,Friday,18
USER_0397,2023-04-08 18:20:21,运动户外,1186.24,4,4744.96,2.0,微信支付,2023-04-08,2023-04,Saturday,18
USER_0392,2023-02-20 19:56:11,食品饮料,110.44,5,552.2,3.0,微信支付,2023-02-20,2023-02,Monday,19
USER_0469,2023-03-25 16:35:28,服装鞋帽,430.01,2,860.02,5.0,支付宝,2023-03-25,2023-03,Saturday,16
USER_0236,2023-02-19 15:19:23,服装鞋帽,265.91,5,1329.55,5.0,支付宝,2023-02-19,2023-02,Sunday,15
USER_0556,2023-03-15 15:57:05,食品饮料,150.73,2,301.46,4.0,微信支付,2023-03-15,2023-03,Wednesday,15
USER_0248,2023-03-11 13:56:38,食品饮料,91.54,1,91.54,2.0,支付宝,2023-03-11,2023-03,Saturday,13
USER_0298,2023-01-27 18:45:56,美妆护肤,49.73,3,149.19,4.0,微信支付,2023-01-27,2023-01,Friday,18
USER_0057,2023-02-21 16:22:28,家居用品,561.09,2,1122.18,5.0,支付宝,2023-02-21,2023-02,Tuesday,16
USER_0229,2023-04-08 12:34:50,食品饮料,118.47,5,592.35,3.0,微信支付,2023-04-08,2023-04,Saturday,12
USER_0309,2023-01-10 15:51:48,图书音像,194.61,5,973.05,5.0,微信支付,2023-01-10,2023-01,Tuesday,15
USER_0042,2023-01-19 10:36:29,食品饮料,153.98,1,153.98,3.0,支付宝,2023-01-19,2023-01,Thursday,10
USER_0546,2023-02-22 17:07:17,运动户外,1240.21,5,6201.05,4.0,支付宝,2023-02-22,2023-02,Wednesday,17
USER_0259,2023-03-31 16:58:57,食品饮料,28.92,4,115.68,1.0,微信支付,2023-03-31,2023-03,Friday,16
USER_0485,2023-03-27 20:01:36,服装鞋帽,688.21,4,2752.84,3.0,微信支付,2023-03-27,2023-03,Monday,20
USER_0397,2023-01-05 19:09:51,家居用品,157.35,2,314.7,3.0,支付宝,2023-01-05,2023-01,Thursday,19
USER_0040,2023-01-28 11:14:47,电子产品,1927.7,4,6641.0175,3.0,微信支付,2023-01-28,2023-01,Saturday,11
USER_0421,2023-01-23 21:20:47,服装鞋帽,382.12,5,1910.6,5.0,支付宝,2023-01-23,2023-01,Monday,21
USER_0144,2023-04-04 21:03:39,食品饮料,13.99,4,55.96,1.0,支付宝,2023-04-04,2023-04,Tuesday,21
USER_0256,2023-04-22 09:27:08,食品饮料,183.51,3,550.53,4.0,支付宝,2023-04-22,2023-04,Saturday,9
USER_0226,2023-03-18 15:41:44,家居用品,382.5,4,1530.0,5.0,微信支付,2023-03-18,2023-03,Saturday,15
USER_0071,2023-02-25 17:07:36,运动户外,449.36,5,2246.8,5.0,支付宝,2023-02-25,2023-02,Saturday,17
USER_0182,2023-02-20 18:11:53,图书音像,135.7,1,135.7,5.0,支付宝,2023-02-20,2023-02,Monday,18
USER_0420,2023-04-11 11:08:52,电子产品,2294.88875,2,6641.0175,3.0,微信支付,2023-04-11,2023-04,Tuesday,11
USER_0425,2023-02-14 10:14:27,电子产品,386.44,2,772.88,3.0,支付宝,2023-02-14,2023-02,Tuesday,10
USER_0368,2023-04-01 16:34:45,运动户外,345.9,4,1383.6,4.0,微信支付,2023-04-01,2023-04,Saturday,16
USER_0199,2023-03-28 10:48:23,电子产品,2294.88875,3,6641.0175,4.0,微信支付,2023-03-28,2023-03,Tuesday,10
USER_0380,2023-03-31 17:46:12,运动户外,940.93,4,3763.72,4.0,支付宝,2023-03-31,2023-03,Friday,17
USER_0214,2023-04-23 14:49:56,图书音像,96.83,5,484.15,2.0,支付宝,2023-04-23,2023-04,Sunday,14
USER_0044,2023-01-31 18:22:53,食品饮料,20.38,5,101.9,5.0,支付宝,2023-01-31,2023-01,Tuesday,18
USER_0145,2023-04-24 13:12:18,服装鞋帽,194.51,4,778.04,2.0,微信支付,2023-04-24,2023-04,Monday,13
USER_0019,2023-04-19 20:06:56,电子产品,1730.37,5,6641.0175,5.0,支付宝,2023-04-19,2023-04,Wednesday,20
USER_0042,2023-02-10 21:38:04,食品饮料,58.4,3,175.2,4.0,微信支付,2023-02-10,2023-02,Friday,21
USER_0193,2023-04-02 09:38:13,电子产品,292.87,5,1464.35,1.0,支付宝,2023-04-02,2023-04,Sunday,9
USER_0574,2023-04-05 12:39:37,食品饮料,65.15,5,325.75,4.0,微信支付,2023-04-05,2023-04,Wednesday,12
USER_0446,2023-04-03 19:48:35,食品饮料,83.95,1,83.95,5.0,微信支付,2023-04-03,2023-04,Monday,19
USER_0219,2023-01-21 20:15:55,运动户外,148.49,1,148.49,4.0,银行卡,2023-01-21,2023-01,Saturday,20
USER_0530,2023-02-16 14:56:28,美妆护肤,360.32,2,720.64,4.0,微信支付,2023-02-16,2023-02,Thursday,14
USER_0552,2023-03-08 17:44:37,电子产品,464.24,2,928.48,2.0,支付宝,2023-03-08,2023-03,Wednesday,17
USER_0368,2023-03-28 14:50:52,食品饮料,182.82,2,365.64,1.0,银行卡,2023-03-28,2023-03,Tuesday,14
USER_0504,2023-01-07 14:41:41,图书音像,161.88,2,323.76,1.0,支付宝,2023-01-07,2023-01,Saturday,14
USER_0019,2023-01-17 13:38:17,服装鞋帽,453.67,4,1814.68,4.0,支付宝,2023-01-17,2023-01,Tuesday,13
USER_0388,2023-04-12 17:04:29,食品饮料,124.62,3,373.86,3.0,支付宝,2023-04-12,2023-04,Wednesday,17
USER_0146,2023-02-11 17:18:11,电子产品,2294.88875,1,4274.05,5.0,微信支付,2023-02-11,2023-02,Saturday,17
USER_0288,2023-01-09 20:23:59,美妆护肤,296.71,4,1186.84,3.0,微信支付,2023-01-09,2023-01,Monday,20
USER_0433,2023-04-19 09:09:46,电子产品,1008.5,2,2017.0,3.0,微信支付,2023-04-19,2023-04,Wednesday,9
USER_0027,2023-04-02 10:58:38,运动户外,526.09,2,1052.18,4.0,支付宝,2023-04-02,2023-04,Sunday,10
USER_0402,2023-02-07 19:08:58,家居用品,150.69,2,301.38,4.0,支付宝,2023-02-07,2023-02,Tuesday,19
USER_0158,2023-01-04 15:19:24,运动户外,363.24,4,1452.96,3.0,支付宝,2023-01-04,2023-01,Wednesday,15
USER_0311,2023-03-09 16:24:00,美妆护肤,43.0,4,172.0,5.0,支付宝,2023-03-09,2023-03,Thursday,16
USER_0358,2023-01-12 15:17:01,服装鞋帽,482.41,4,1929.64,5.0,支付宝,2023-01-12,2023-01,Thursday,15
USER_0479,2023-04-25 20:58:54,食品饮料,11.48,5,57.4,4.0,微信支付,2023-04-25,2023-04,Tuesday,20
USER_0418,2023-02-13 14:49:36,食品饮料,51.34,2,102.68,3.0,支付宝,2023-02-13,2023-02,Monday,14
USER_0509,2023-03-17 21:47:16,家居用品,558.46,1,558.46,2.0,支付宝,2023-03-17,2023-03,Friday,21
USER_0325,2023-04-06 18:08:26,食品饮料,36.47,3,109.41,5.0,支付宝,2023-04-06,2023-04,Thursday,18
USER_0324,2023-04-11 16:47:53,服装鞋帽,250.84,5,1254.2,4.0,微信支付,2023-04-11,2023-04,Tuesday,16
USER_0141,2023-01-27 14:16:35,服装鞋帽,95.68,1,95.68,5.0,微信支付,2023-01-27,2023-01,Friday,14
USER_0066,2023-02-21 20:42:58,美妆护肤,165.97,3,497.91,5.0,微信支付,2023-02-21,2023-02,Tuesday,20
USER_0396,2023-03-29 13:19:38,图书音像,60.53,4,242.12,4.0,微信支付,2023-03-29,2023-03,Wednesday,13
USER_0353,2023-02-26 16:53:15,食品饮料,10.39,2,20.78,3.0,微信支付,2023-02-26,2023-02,Sunday,16
USER_0117,2023-02-25 18:41:51,食品饮料,19.72,5,98.6,3.0,支付宝,2023-02-25,2023-02,Saturday,18
USER_0447,2023-02-01 12:56:33,服装鞋帽,397.99,1,397.99,3.0,支付宝,2023-02-01,2023-02,Wednesday,12
USER_0326,2023-01-23 19:45:05,服装鞋帽,724.81,4,2899.24,4.0,支付宝,2023-01-23,2023-01,Monday,19
USER_0584,2023-02-06 09:51:32,食品饮料,110.45,5,552.25,1.0,微信支付,2023-02-06,2023-02,Monday,9
USER_0479,2023-03-05 18:14:41,服装鞋帽,799.29,3,2397.87,3.0,支付宝,2023-03-05,2023-03,Sunday,18
USER_0514,2023-04-04 21:40:15,电子产品,2294.88875,5,6641.0175,5.0,微信支付,2023-04-04,2023-04,Tuesday,21
USER_0189,2023-04-01 18:44:26,电子产品,2279.71,3,6641.0175,5.0,支付宝,2023-04-01,2023-04,Saturday,18
USER_0471,2023-04-02 10:52:14,食品饮料,106.33,5,531.65,4.0,微信支付,2023-04-02,2023-04,Sunday,10
USER_0179,2023-02-08 12:02:55,服装鞋帽,748.0,2,1496.0,1.0,支付宝,2023-02-08,2023-02,Wednesday,12
USER_0021,2023-02-08 14:45:01,电子产品,2294.88875,1,4127.01,4.0,微信支付,2023-02-08,2023-02,Wednesday,14
USER_0291,2023-01-31 20:38:00,运动户外,906.3,3,2718.9,1.0,支付宝,2023-01-31,2023-01,Tuesday,20
USER_0126,2023-04-18 21:09:04,运动户外,954.06,2,1908.12,5.0,支付宝,2023-04-18,2023-04,Tuesday,21
USER_0502,2023-03-26 09:46:05,运动户外,1963.04,2,3926.08,4.0,微信支付,2023-03-26,2023-03,Sunday,9
USER_0346,2023-04-12 20:25:07,服装鞋帽,550.2,5,2751.0,2.0,支付宝,2023-04-12,2023-04,Wednesday,20
USER_0047,2023-04-05 21:55:15,食品饮料,24.62,2,49.24,4.0,支付宝,2023-04-05,2023-04,Wednesday,21
USER_0358,2023-02-15 17:10:07,电子产品,2294.88875,5,6641.0175,3.0,支付宝,2023-02-15,2023-02,Wednesday,17
USER_0448,2023-04-30 12:07:57,家居用品,642.92,1,642.92,4.0,支付宝,2023-04-30,2023-04,Sunday,12
USER_0394,2023-01-29 14:15:35,电子产品,1002.82,1,1002.82,2.0,微信支付,2023-01-29,2023-01,Sunday,14
USER_0412,2023-02-17 14:30:13,图书音像,117.45,3,352.35,3.0,支付宝,2023-02-17,2023-02,Friday,14
USER_0541,2023-02-20 09:42:27,食品饮料,150.92,2,301.84,4.0,支付宝,2023-02-20,2023-02,Monday,9
USER_0283,2023-02-27 10:24:08,运动户外,1927.33,4,6641.0175,4.0,支付宝,2023-02-27,2023-02,Monday,10
USER_0125,2023-03-08 14:57:05,美妆护肤,53.98,2,107.96,4.0,支付宝,2023-03-08,2023-03,Wednesday,14
USER_0404,2023-04-13 16:47:19,家居用品,334.74,4,1338.96,5.0,银行卡,2023-04-13,2023-04,Thursday,16
USER_0105,2023-04-21 11:45:54,电子产品,1253.38,2,2506.76,4.0,支付宝,2023-04-21,2023-04,Friday,11
USER_0536,2023-03-15 11:23:27,电子产品,1119.72,3,3359.16,5.0,支付宝,2023-03-15,2023-03,Wednesday,11
USER_0271,2023-04-08 19:00:14,食品饮料,183.21,5,916.05,5.0,银行卡,2023-04-08,2023-04,Saturday,19
USER_0482,2023-04-13 17:41:49,食品饮料,57.94,1,1110.13,5.0,微信支付,2023-04-13,2023-04,Thursday,17
USER_0176,2023-03-20 10:40:06,电子产品,2294.88875,4,6641.0175,4.0,微信支付,2023-03-20,2023-03,Monday,10
USER_0188,2023-02-25 11:47:29,电子产品,804.95,2,1609.9,2.0,微信支付,2023-02-25,2023-02,Saturday,11
USER_0325,2023-02-20 14:23:42,美妆护肤,423.21,4,1692.84,4.0,银行卡,2023-02-20,2023-02,Monday,14
USER_0181,2023-03-23 10:15:40,服装鞋帽,222.05,4,888.2,3.0,微信支付,2023-03-23,2023-03,Thursday,10
USER_0039,2023-01-29 14:25:20,服装鞋帽,432.89,1,432.89,3.0,支付宝,2023-01-29,2023-01,Sunday,14
USER_0176,2023-04-20 19:32:34,电子产品,745.85,2,1491.7,5.0,支付宝,2023-04-20,2023-04,Thursday,19
USER_0211,2023-04-11 10:15:03,家居用品,447.24,3,1341.72,4.0,微信支付,2023-04-11,2023-04,Tuesday,10
USER_0506,2023-04-16 18:42:16,图书音像,63.08,4,252.32,4.0,支付宝,2023-04-16,2023-04,Sunday,18
USER_0009,2023-03-03 17:28:49,美妆护肤,143.43,5,717.15,5.0,微信支付,2023-03-03,2023-03,Friday,17
USER_0260,2023-03-23 10:56:48,美妆护肤,132.82,3,398.46,4.0,微信支付,2023-03-23,2023-03,Thursday,10
USER_0320,2023-04-12 21:41:17,运动户外,395.84,1,395.84,1.0,支付宝,2023-04-12,2023-04,Wednesday,21
USER_0462,2023-04-07 20:51:36,电子产品,2294.88875,5,6641.0175,4.0,银行卡,2023-04-07,2023-04,Friday,20
USER_0234,2023-02-01 09:02:29,电子产品,2294.88875,5,6641.0175,3.0,支付宝,2023-02-01,2023-02,Wednesday,9
USER_0386,2023-03-03 11:45:03,服装鞋帽,174.9,1,174.9,5.0,支付宝,2023-03-03,2023-03,Friday,11
USER_0172,2023-03-05 20:46:01,电子产品,1598.88,2,3197.76,4.0,微信支付,2023-03-05,2023-03,Sunday,20
USER_0383,2023-03-30 10:36:29,电子产品,1871.55,5,6641.0175,4.0,支付宝,2023-03-30,2023-03,Thursday,10
USER_0313,2023-01-24 13:05:42,服装鞋帽,718.27,4,2873.08,5.0,微信支付,2023-01-24,2023-01,Tuesday,13
USER_0354,2023-03-31 10:20:35,电子产品,181.69,3,545.07,5.0,支付宝,2023-03-31,2023-03,Friday,10
USER_0491,2023-01-30 16:33:56,图书音像,54.62,3,163.86,5.0,支付宝,2023-01-30,2023-01,Monday,16
USER_0328,2023-03-24 15:26:39,家居用品,452.23,2,904.46,4.0,支付宝,2023-03-24,2023-03,Friday,15
USER_0167,2023-03-01 17:32:18,运动户外,574.92,2,1149.84,5.0,支付宝,2023-03-01,2023-03,Wednesday,17
USER_0072,2023-01-05 18:27:52,美妆护肤,219.5,5,1097.5,3.0,支付宝,2023-01-05,2023-01,Thursday,18
USER_0018,2023-04-24 13:29:25,服装鞋帽,796.73,1,796.73,4.0,支付宝,2023-04-24,2023-04,Monday,13
USER_0369,2023-01-06 10:37:41,家居用品,598.65,2,1197.3,4.0,支付宝,2023-01-06,2023-01,Friday,10
USER_0446,2023-01-29 18:05:13,服装鞋帽,764.2,3,2292.6,4.0,微信支付,2023-01-29,2023-01,Sunday,18
USER_0563,2023-01-23 15:39:49,运动户外,944.47,3,2833.41,3.0,支付宝,2023-01-23,2023-01,Monday,15
USER_0052,2023-01-02 17:12:33,家居用品,436.36,2,872.72,4.0,银行卡,2023-01-02,2023-01,Monday,17
USER_0432,2023-03-05 09:18:02,服装鞋帽,279.83,3,839.49,5.0,支付宝,2023-03-05,2023-03,Sunday,9
USER_0452,2023-03-10 09:26:27,家居用品,895.7,2,1791.4,2.0,支付宝,2023-03-10,2023-03,Friday,9
USER_0024,2023-04-09 14:35:10,家居用品,235.72,4,942.88,3.0,支付宝,2023-04-09,2023-04,Sunday,14
USER_0299,2023-03-21 18:48:31,服装鞋帽,303.88,3,911.64,1.0,支付宝,2023-03-21,2023-03,Tuesday,18
USER_0541,2023-03-08 18:13:24,电子产品,695.87,2,1391.74,4.0,支付宝,2023-03-08,2023-03,Wednesday,18
USER_0599,2023-01-21 17:00:20,运动户外,321.64,4,1286.56,4.0,支付宝,2023-01-21,2023-01,Saturday,17
USER_0429,2023-01-17 19:39:57,运动户外,1659.79,5,6641.0175,5.0,支付宝,2023-01-17,2023-01,Tuesday,19
USER_0267,2023-03-10 11:26:48,服装鞋帽,773.7,5,3868.5,3.0,银行卡,2023-03-10,2023-03,Friday,11
USER_0031,2023-01-11 15:56:01,家居用品,43.94,5,219.7,1.0,微信支付,2023-01-11,2023-01,Wednesday,15
USER_0389,2023-02-21 21:20:28,家居用品,823.6,1,823.6,4.0,微信支付,2023-02-21,2023-02,Tuesday,21
USER_0026,2023-03-11 17:56:02,家居用品,197.21,4,788.84,5.0,微信支付,2023-03-11,2023-03,Saturday,17
USER_0371,2023-02-04 20:29:04,食品饮料,60.58,3,181.74,1.0,微信支付,2023-02-04,2023-02,Saturday,20
USER_0468,2023-01-31 13:23:39,美妆护肤,83.59,4,334.36,4.0,微信支付,2023-01-31,2023-01,Tuesday,13
USER_0332,2023-03-18 21:41:38,图书音像,185.16,4,740.64,5.0,支付宝,2023-03-18,2023-03,Saturday,21
USER_0498,2023-03-28 10:12:59,服装鞋帽,641.69,5,3208.45,3.0,支付宝,2023-03-28,2023-03,Tuesday,10
USER_0169,2023-03-15 16:17:48,服装鞋帽,363.41,3,1090.23,1.0,支付宝,2023-03-15,2023-03,Wednesday,16
USER_0541,2023-01-23 13:13:14,食品饮料,164.78,1,164.78,5.0,支付宝,2023-01-23,2023-01,Monday,13
USER_0186,2023-01-14 21:19:29,运动户外,1011.32,1,1011.32,4.0,微信支付,2023-01-14,2023-01,Saturday,21
USER_0530,2023-03-14 09:31:53,食品饮料,55.28,5,276.4,5.0,微信支付,2023-03-14,2023-03,Tuesday,9
USER_0202,2023-03-29 13:10:26,美妆护肤,101.86,1,101.86,4.0,支付宝,2023-03-29,2023-03,Wednesday,13
USER_0272,2023-04-09 18:15:39,电子产品,1562.62,3,4687.86,4.0,支付宝,2023-04-09,2023-04,Sunday,18
USER_0288,2023-02-10 14:23:26,美妆护肤,118.87,5,594.35,5.0,支付宝,2023-02-10,2023-02,Friday,14
USER_0103,2023-04-07 15:00:36,电子产品,2294.88875,2,6641.0175,2.0,微信支付,2023-04-07,2023-04,Friday,15
USER_0506,2023-02-23 15:45:57,服装鞋帽,191.74,1,191.74,3.0,微信支付,2023-02-23,2023-02,Thursday,15
USER_0420,2023-02-27 16:44:53,美妆护肤,174.34,2,348.68,1.0,银行卡,2023-02-27,2023-02,Monday,16
USER_0137,2023-04-09 16:19:53,家居用品,80.46,3,1110.13,2.0,支付宝,2023-04-09,2023-04,Sunday,16
USER_0433,2023-04-22 15:35:29,服装鞋帽,163.45,5,817.25,3.0,支付宝,2023-04-22,2023-04,Saturday,15
USER_0541,2023-04-24 19:25:43,电子产品,601.43,2,1202.86,4.0,支付宝,2023-04-24,2023-04,Monday,19
USER_0059,2023-03-31 11:10:27,服装鞋帽,131.3,5,656.5,5.0,微信支付,2023-03-31,2023-03,Friday,11
USER_0562,2023-01-14 14:09:34,图书音像,51.48,3,154.44,4.0,支付宝,2023-01-14,2023-01,Saturday,14
USER_0078,2023-02-25 20:10:38,电子产品,2294.88875,5,6641.0175,5.0,支付宝,2023-02-25,2023-02,Saturday,20
USER_0480,2023-02-19 15:12:04,服装鞋帽,416.71,3,1250.13,4.0,微信支付,2023-02-19,2023-02,Sunday,15
USER_0243,2023-04-23 09:42:30,食品饮料,110.13,4,440.52,4.0,微信支付,2023-04-23,2023-04,Sunday,9
USER_0399,2023-01-23 21:16:31,电子产品,2294.88875,1,4853.57,1.0,支付宝,2023-01-23,2023-01,Monday,21
USER_0326,2023-04-25 16:05:26,电子产品,2294.88875,2,6641.0175,4.0,银行卡,2023-04-25,2023-04,Tuesday,16
USER_0214,2023-04-28 16:00:17,运动户外,458.15,4,1832.6,2.0,支付宝,2023-04-28,2023-04,Friday,16
USER_0470,2023-04-16 11:51:28,运动户外,993.2,4,3972.8,3.0,支付宝,2023-04-16,2023-04,Sunday,11
USER_0118,2023-04-19 13:07:03,服装鞋帽,629.63,2,1259.26,5.0,支付宝,2023-04-19,2023-04,Wednesday,13
USER_0007,2023-02-09 20:38:38,电子产品,2294.88875,4,6641.0175,2.0,支付宝,2023-02-09,2023-02,Thursday,20
USER_0364,2023-04-22 17:06:37,运动户外,1130.49,2,2260.98,3.0,银行卡,2023-04-22,2023-04,Saturday,17
USER_0595,2023-04-22 20:10:39,运动户外,1793.25,2,3586.5,5.0,微信支付,2023-04-22,2023-04,Saturday,20
USER_0058,2023-01-09 11:17:40,电子产品,2294.88875,4,6641.0175,5.0,微信支付,2023-01-09,2023-01,Monday,11
USER_0039,2023-04-29 19:39:09,服装鞋帽,462.41,5,2312.05,4.0,微信支付,2023-04-29,2023-04,Saturday,19
USER_0394,2023-03-24 14:02:36,图书音像,171.66,3,514.98,4.0,支付宝,2023-03-24,2023-03,Friday,14
USER_0221,2023-04-04 10:08:46,电子产品,2294.88875,5,6641.0175,4.0,微信支付,2023-04-04,2023-04,Tuesday,10
USER_0006,2023-04-18 16:44:18,食品饮料,21.86,5,109.3,4.0,支付宝,2023-04-18,2023-04,Tuesday,16
USER_0569,2023-02-11 10:08:55,美妆护肤,482.93,4,1931.72,5.0,微信支付,2023-02-11,2023-02,Saturday,10
USER_0323,2023-03-03 15:45:23,服装鞋帽,63.29,3,189.87,5.0,微信支付,2023-03-03,2023-03,Friday,15
USER_0302,2023-02-07 16:53:36,服装鞋帽,325.51,4,1302.04,4.0,微信支付,2023-02-07,2023-02,Tuesday,16
USER_0161,2023-02-16 12:53:15,服装鞋帽,306.64,5,1533.2,3.0,微信支付,2023-02-16,2023-02,Thursday,12
USER_0197,2023-01-10 14:55:50,食品饮料,113.69,2,227.38,4.0,微信支付,2023-01-10,2023-01,Tuesday,14
USER_0233,2023-03-08 19:11:09,电子产品,284.07,4,1136.28,5.0,微信支付,2023-03-08,2023-03,Wednesday,19
USER_0218,2023-03-19 15:55:39,服装鞋帽,621.83,4,2487.32,5.0,支付宝,2023-03-19,2023-03,Sunday,15
USER_0180,2023-01-31 14:42:22,服装鞋帽,104.81,3,314.43,3.0,微信支付,2023-01-31,2023-01,Tuesday,14
USER_0570,2023-04-03 19:38:11,电子产品,829.16,2,1658.32,5.0,微信支付,2023-04-03,2023-04,Monday,19
USER_0233,2023-04-08 21:12:54,电子产品,2294.88875,2,6641.0175,5.0,支付宝,2023-04-08,2023-04,Saturday,21
USER_0093,2023-04-24 20:59:26,家居用品,518.41,2,1036.82,2.0,微信支付,2023-04-24,2023-04,Monday,20
USER_0023,2023-03-13 19:24:12,家居用品,594.01,2,1188.02,5.0,微信支付,2023-03-13,2023-03,Monday,19
USER_0389,2023-01-13 20:42:24,家居用品,895.3,3,2685.9,5.0,银行卡,2023-01-13,2023-01,Friday,20
USER_0549,2023-04-29 10:21:07,服装鞋帽,612.62,2,1225.24,4.0,支付宝,2023-04-29,2023-04,Saturday,10
USER_0238,2023-01-27 16:22:59,运动户外,1384.21,5,6641.0175,5.0,微信支付,2023-01-27,2023-01,Friday,16
USER_0528,2023-01-17 11:55:55,电子产品,2127.29,4,6641.0175,3.0,支付宝,2023-01-17,2023-01,Tuesday,11
USER_0444,2023-03-17 15:16:14,电子产品,2181.49,1,2181.49,4.0,微信支付,2023-03-17,2023-03,Friday,15
USER_0224,2023-01-06 18:43:42,电子产品,1748.09,1,1748.09,4.0,支付宝,2023-01-06,2023-01,Friday,18
USER_0210,2023-01-16 16:24:31,食品饮料,44.37,2,88.74,5.0,微信支付,2023-01-16,2023-01,Monday,16
USER_0501,2023-04-02 14:58:19,食品饮料,31.8,3,95.4,2.0,微信支付,2023-04-02,2023-04,Sunday,14
USER_0334,2023-02-08 13:49:33,图书音像,107.16,4,428.64,2.0,微信支付,2023-02-08,2023-02,Wednesday,13
USER_0113,2023-04-28 15:45:55,电子产品,2294.88875,4,6641.0175,4.0,支付宝,2023-04-28,2023-04,Friday,15
USER_0044,2023-04-18 09:58:09,食品饮料,143.44,3,430.32,5.0,支付宝,2023-04-18,2023-04,Tuesday,9
USER_0315,2023-02-18 12:22:31,美妆护肤,330.81,2,661.62,4.0,微信支付,2023-02-18,2023-02,Saturday,12
USER_0204,2023-03-26 16:18:02,食品饮料,128.29,2,256.58,1.0,支付宝,2023-03-26,2023-03,Sunday,16
USER_0295,2023-02-18 09:11:44,服装鞋帽,358.11,4,1432.44,3.0,支付宝,2023-02-18,2023-02,Saturday,9
USER_0536,2023-02-24 17:06:41,美妆护肤,116.56,2,233.12,2.0,微信支付,2023-02-24,2023-02,Friday,17
USER_0329,2023-01-12 11:03:35,食品饮料,63.08,5,315.4,3.0,支付宝,2023-01-12,2023-01,Thursday,11
USER_0080,2023-04-07 20:33:06,电子产品,2294.88875,2,6641.0175,4.0,支付宝,2023-04-07,2023-04,Friday,20
USER_0313,2023-03-16 10:38:03,电子产品,2294.88875,5,6641.0175,3.0,银行卡,2023-03-16,2023-03,Thursday,10
USER_0405,2023-02-13 20:18:06,服装鞋帽,681.21,3,2043.63,4.0,银行卡,2023-02-13,2023-02,Monday,20
USER_0573,2023-01-26 15:56:38,运动户外,1024.38,2,2048.76,2.0,微信支付,2023-01-26,2023-01,Thursday,15
USER_0326,2023-04-23 17:36:27,食品饮料,196.06,1,196.06,4.0,微信支付,2023-04-23,2023-04,Sunday,17
USER_0530,2023-01-10 20:10:32,服装鞋帽,412.79,3,1238.37,3.0,微信支付,2023-01-10,2023-01,Tuesday,20
USER_0475,2023-01-17 15:45:28,服装鞋帽,711.06,5,3555.3,4.0,支付宝,2023-01-17,2023-01,Tuesday,15
USER_0503,2023-03-27 13:03:35,美妆护肤,76.01,1,76.01,4.0,微信支付,2023-03-27,2023-03,Monday,13
USER_0468,2023-02-02 16:35:16,电子产品,2294.88875,4,6641.0175,5.0,支付宝,2023-02-02,2023-02,Thursday,16
USER_0520,2023-03-29 11:24:18,图书音像,153.12,2,306.24,2.0,支付宝,2023-03-29,2023-03,Wednesday,11
USER_0113,2023-04-01 21:32:04,电子产品,2294.88875,3,6641.0175,4.0,支付宝,2023-04-01,2023-04,Saturday,21
USER_0319,2023-04-23 11:47:13,电子产品,2294.88875,1,3868.63,5.0,微信支付,2023-04-23,2023-04,Sunday,11
USER_0448,2023-03-16 17:56:33,电子产品,732.42,4,2929.68,4.0,支付宝,2023-03-16,2023-03,Thursday,17
USER_0023,2023-01-27 18:56:44,电子产品,2294.88875,1,3396.85,4.0,支付宝,2023-01-27,2023-01,Friday,18
USER_0125,2023-03-20 18:07:50,服装鞋帽,443.38,3,1330.14,4.0,微信支付,2023-03-20,2023-03,Monday,18
USER_0316,2023-02-15 12:57:11,电子产品,1793.72,3,5381.16,5.0,微信支付,2023-02-15,2023-02,Wednesday,12
USER_0141,2023-01-18 17:57:55,服装鞋帽,730.15,1,730.15,4.0,支付宝,2023-01-18,2023-01,Wednesday,17
USER_0386,2023-04-12 11:42:30,家居用品,117.78,5,588.9,4.0,微信支付,2023-04-12,2023-04,Wednesday,11
USER_0138,2023-02-07 17:49:49,电子产品,2294.88875,2,6641.0175,3.0,支付宝,2023-02-07,2023-02,Tuesday,17
USER_0043,2023-01-26 15:37:29,电子产品,1551.27,1,1551.27,4.0,微信支付,2023-01-26,2023-01,Thursday,15
USER_0213,2023-01-20 21:22:20,美妆护肤,179.36,2,358.72,5.0,微信支付,2023-01-20,2023-01,Friday,21
USER_0382,2023-04-07 16:13:35,电子产品,409.94,5,2049.7,3.0,微信支付,2023-04-07,2023-04,Friday,16
USER_0438,2023-01-26 10:15:37,家居用品,256.19,3,768.57,5.0,微信支付,2023-01-26,2023-01,Thursday,10
USER_0566,2023-02-08 18:27:28,食品饮料,23.82,4,95.28,5.0,微信支付,2023-02-08,2023-02,Wednesday,18
USER_0416,2023-02-01 18:31:25,家居用品,374.86,2,749.72,5.0,支付宝,2023-02-01,2023-02,Wednesday,18
USER_0376,2023-04-13 15:51:26,服装鞋帽,394.51,1,394.51,5.0,支付宝,2023-04-13,2023-04,Thursday,15
USER_0356,2023-02-09 21:03:08,电子产品,2294.88875,3,6641.0175,5.0,支付宝,2023-02-09,2023-02,Thursday,21
USER_0048,2023-04-21 15:15:04,食品饮料,178.5,5,892.5,5.0,支付宝,2023-04-21,2023-04,Friday,15
USER_0192,2023-03-31 14:07:32,运动户外,974.5,3,2923.5,1.0,银行卡,2023-03-31,2023-03,Friday,14
USER_0504,2023-01-04 13:03:12,图书音像,20.69,2,41.38,3.0,支付宝,2023-01-04,2023-01,Wednesday,13
USER_0570,2023-03-24 17:27:34,运动户外,980.36,5,4901.8,5.0,支付宝,2023-03-24,2023-03,Friday,17
USER_0441,2023-03-10 17:57:21,食品饮料,121.6,4,486.4,3.0,支付宝,2023-03-10,2023-03,Friday,17
USER_0162,2023-03-04 17:59:48,食品饮料,124.35,2,248.7,2.0,微信支付,2023-03-04,2023-03,Saturday,17
USER_0349,2023-02-27 12:35:52,运动户外,690.1,4,2760.4,2.0,微信支付,2023-02-27,2023-02,Monday,12
USER_0208,2023-03-27 20:15:50,服装鞋帽,602.6,2,1205.2,4.0,微信支付,2023-03-27,2023-03,Monday,20
USER_0277,2023-03-06 12:59:19,运动户外,1880.5,1,1880.5,5.0,微信支付,2023-03-06,2023-03,Monday,12
USER_0317,2023-01-10 14:19:00,电子产品,2294.88875,4,6641.0175,3.0,银行卡,2023-01-10,2023-01,Tuesday,14
USER_0496,2023-04-19 19:16:48,电子产品,2294.88875,3,6641.0175,4.0,微信支付,2023-04-19,2023-04,Wednesday,19
USER_0320,2023-01-31 09:46:08,服装鞋帽,300.28,5,1501.4,3.0,支付宝,2023-01-31,2023-01,Tuesday,9
USER_0479,2023-01-17 19:19:47,食品饮料,34.87,2,69.74,3.0,微信支付,2023-01-17,2023-01,Tuesday,19
USER_0265,2023-03-27 15:11:09,运动户外,1551.95,2,3103.9,5.0,微信支付,2023-03-27,2023-03,Monday,15
USER_0544,2023-04-16 20:00:52,服装鞋帽,689.71,4,2758.84,4.0,银行卡,2023-04-16,2023-04,Sunday,20
USER_0558,2023-03-10 10:18:46,电子产品,2294.88875,4,6641.0175,3.0,银行卡,2023-03-10,2023-03,Friday,10
USER_0178,2023-03-15 10:25:29,运动户外,427.57,4,1710.28,4.0,微信支付,2023-03-15,2023-03,Wednesday,10
USER_0326,2023-03-19 12:25:46,运动户外,1821.4,1,1821.4,5.0,支付宝,2023-03-19,2023-03,Sunday,12
USER_0477,2023-03-16 17:39:10,家居用品,99.75,3,299.25,5.0,微信支付,2023-03-16,2023-03,Thursday,17
USER_0426,2023-02-10 12:22:46,服装鞋帽,184.74,4,738.96,4.0,支付宝,2023-02-10,2023-02,Friday,12
USER_0085,2023-02-01 14:33:07,服装鞋帽,408.71,2,817.42,3.0,支付宝,2023-02-01,2023-02,Wednesday,14
USER_0105,2023-03-06 17:09:54,食品饮料,172.35,4,689.4,1.0,支付宝,2023-03-06,2023-03,Monday,17
USER_0464,2023-02-04 10:10:40,运动户外,1863.51,2,3727.02,4.0,支付宝,2023-02-04,2023-02,Saturday,10
USER_0031,2023-02-27 16:41:57,服装鞋帽,366.33,3,1098.99,3.0,微信支付,2023-02-27,2023-02,Monday,16
USER_0136,2023-04-05 11:02:43,电子产品,1231.8,3,3695.4,5.0,支付宝,2023-04-05,2023-04,Wednesday,11
USER_0139,2023-01-20 11:52:46,服装鞋帽,616.3,4,2465.2,4.0,微信支付,2023-01-20,2023-01,Friday,11
USER_0047,2023-04-04 20:47:47,电子产品,2294.88875,3,6641.0175,5.0,支付宝,2023-04-04,2023-04,Tuesday,20
USER_0073,2023-01-04 20:08:12,美妆护肤,433.7,4,1734.8,4.0,支付宝,2023-01-04,2023-01,Wednesday,20
USER_0088,2023-03-24 09:12:12,服装鞋帽,624.73,5,3123.65,4.0,微信支付,2023-03-24,2023-03,Friday,9
USER_0142,2023-04-22 12:14:31,服装鞋帽,711.68,3,2135.04,3.0,银行卡,2023-04-22,2023-04,Saturday,12
USER_0450,2023-03-22 19:07:51,电子产品,2294.88875,3,6641.0175,4.0,微信支付,2023-03-22,2023-03,Wednesday,19
USER_0063,2023-03-03 19:48:50,服装鞋帽,776.73,2,1553.46,5.0,支付宝,2023-03-03,2023-03,Friday,19
USER_0510,2023-01-23 09:44:14,食品饮料,47.8,1,47.8,4.0,微信支付,2023-01-23,2023-01,Monday,9
USER_0587,2023-01-29 17:51:53,电子产品,2294.88875,1,3394.18,4.0,银行卡,2023-01-29,2023-01,Sunday,17
USER_0558,2023-03-14 10:56:22,运动户外,128.55,5,642.75,5.0,银行卡,2023-03-14,2023-03,Tuesday,10
USER_0131,2023-04-12 14:13:35,食品饮料,136.74,1,136.74,5.0,微信支付,2023-04-12,2023-04,Wednesday,14
USER_0321,2023-04-01 17:26:10,美妆护肤,388.05,5,1940.25,4.0,支付宝,2023-04-01,2023-04,Saturday,17
USER_0111,2023-04-11 15:11:29,电子产品,1327.37,2,2654.74,5.0,支付宝,2023-04-11,2023-04,Tuesday,15
USER_0279,2023-03-26 17:12:27,电子产品,2294.88875,4,6641.0175,3.0,微信支付,2023-03-26,2023-03,Sunday,17
USER_0191,2023-02-20 17:12:39,服装鞋帽,107.23,4,428.92,5.0,支付宝,2023-02-20,2023-02,Monday,17
USER_0420,2023-04-25 17:09:35,食品饮料,121.49,4,485.96,4.0,银行卡,2023-04-25,2023-04,Tuesday,17
USER_0492,2023-04-22 13:19:24,美妆护肤,209.51,2,419.02,4.0,银行卡,2023-04-22,2023-04,Saturday,13
USER_0089,2023-04-09 12:31:48,美妆护肤,85.04,5,425.2,4.0,微信支付,2023-04-09,2023-04,Sunday,12
USER_0483,2023-01-19 15:08:53,食品饮料,178.69,1,178.69,4.0,支付宝,2023-01-19,2023-01,Thursday,15
USER_0345,2023-01-16 18:46:43,服装鞋帽,525.35,3,1576.05,4.0,支付宝,2023-01-16,2023-01,Monday,18
USER_0283,2023-03-15 11:22:48,电子产品,195.29,5,976.45,5.0,微信支付,2023-03-15,2023-03,Wednesday,11
USER_0321,2023-03-09 09:48:25,美妆护肤,181.09,5,905.45,4.0,支付宝,2023-03-09,2023-03,Thursday,9
USER_0380,2023-01-19 16:44:23,食品饮料,63.77,3,191.31,1.0,支付宝,2023-01-19,2023-01,Thursday,16
USER_0052,2023-01-28 09:16:30,服装鞋帽,494.36,2,988.72,5.0,微信支付,2023-01-28,2023-01,Saturday,9
USER_0582,2023-04-14 20:52:13,图书音像,130.41,2,260.82,3.0,微信支付,2023-04-14,2023-04,Friday,20
USER_0522,2023-04-22 21:38:27,美妆护肤,460.78,5,2303.9,4.0,微信支付,2023-04-22,2023-04,Saturday,21
USER_0056,2023-03-17 12:46:08,电子产品,2294.88875,5,6641.0175,2.0,支付宝,2023-03-17,2023-03,Friday,12
USER_0435,2023-02-27 18:29:32,电子产品,1462.9,3,4388.7,3.0,微信支付,2023-02-27,2023-02,Monday,18
USER_0584,2023-03-11 15:22:31,电子产品,2294.88875,1,4597.02,3.0,支付宝,2023-03-11,2023-03,Saturday,15
USER_0131,2023-02-04 09:20:30,服装鞋帽,750.19,5,3750.95,5.0,支付宝,2023-02-04,2023-02,Saturday,9
USER_0436,2023-03-24 09:27:30,服装鞋帽,665.35,3,1996.05,4.0,微信支付,2023-03-24,2023-03,Friday,9
USER_0390,2023-04-26 17:36:19,美妆护肤,217.25,3,651.75,4.0,微信支付,2023-04-26,2023-04,Wednesday,17
USER_0309,2023-02-25 19:05:13,服装鞋帽,231.32,4,925.28,4.0,支付宝,2023-02-25,2023-02,Saturday,19
USER_0149,2023-04-01 18:18:23,食品饮料,198.42,4,793.68,5.0,支付宝,2023-04-01,2023-04,Saturday,18
USER_0273,2023-03-09 20:44:58,美妆护肤,129.49,2,258.98,5.0,支付宝,2023-03-09,2023-03,Thursday,20
USER_0433,2023-03-11 18:07:34,电子产品,2294.88875,3,6641.0175,5.0,微信支付,2023-03-11,2023-03,Saturday,18
USER_0271,2023-01-08 14:49:18,服装鞋帽,151.64,1,151.64,4.0,银行卡,2023-01-08,2023-01,Sunday,14
USER_0261,2023-04-29 15:18:30,服装鞋帽,757.66,5,3788.3,5.0,微信支付,2023-04-29,2023-04,Saturday,15
USER_0550,2023-02-10 12:26:10,电子产品,595.7,1,595.7,1.0,银行卡,2023-02-10,2023-02,Friday,12
USER_0013,2023-01-11 20:44:25,运动户外,1945.5,4,6641.0175,5.0,微信支付,2023-01-11,2023-01,Wednesday,20
USER_0504,2023-01-18 19:15:32,服装鞋帽,84.55,4,338.2,4.0,支付宝,2023-01-18,2023-01,Wednesday,19
USER_0442,2023-03-30 10:23:13,运动户外,283.53,3,850.59,4.0,微信支付,2023-03-30,2023-03,Thursday,10
USER_0091,2023-02-08 18:00:55,服装鞋帽,380.17,3,1140.51,5.0,支付宝,2023-02-08,2023-02,Wednesday,18
USER_0574,2023-03-22 12:55:46,图书音像,186.5,3,559.5,5.0,支付宝,2023-03-22,2023-03,Wednesday,12
USER_0198,2023-03-18 14:55:30,电子产品,1038.3,2,2076.6,4.0,支付宝,2023-03-18,2023-03,Saturday,14
USER_0288,2023-04-08 15:41:47,电子产品,2294.88875,5,6641.0175,4.0,微信支付,2023-04-08,2023-04,Saturday,15
USER_0239,2023-02-02 14:24:25,电子产品,2294.88875,1,4416.92,4.0,微信支付,2023-02-02,2023-02,Thursday,14
USER_0433,2023-02-17 16:48:46,食品饮料,74.79,1,74.79,5.0,支付宝,2023-02-17,2023-02,Friday,16
USER_0257,2023-02-01 18:41:02,电子产品,2294.88875,2,4977.18,4.0,微信支付,2023-02-01,2023-02,Wednesday,18
USER_0145,2023-03-01 12:16:48,电子产品,2294.88875,1,4577.26,5.0,支付宝,2023-03-01,2023-03,Wednesday,12
USER_0178,2023-02-06 18:14:32,服装鞋帽,321.94,5,1609.7,2.0,银行卡,2023-02-06,2023-02,Monday,18
USER_0080,2023-04-04 10:00:23,图书音像,64.28,1,64.28,4.0,支付宝,2023-04-04,2023-04,Tuesday,10
USER_0539,2023-03-27 18:57:30,电子产品,2294.88875,1,2910.11,3.0,支付宝,2023-03-27,2023-03,Monday,18
USER_0181,2023-03-02 13:09:15,电子产品,1415.65,3,4246.95,4.0,银行卡,2023-03-02,2023-03,Thursday,13
USER_0292,2023-02-23 14:54:16,食品饮料,60.88,5,304.4,4.0,微信支付,2023-02-23,2023-02,Thursday,14
USER_0115,2023-01-27 13:45:48,电子产品,894.64,1,894.64,5.0,微信支付,2023-01-27,2023-01,Friday,13
USER_0122,2023-03-22 21:25:21,家居用品,257.17,4,1028.68,3.0,微信支付,2023-03-22,2023-03,Wednesday,21
USER_0421,2023-03-07 09:39:37,电子产品,2294.88875,3,6641.0175,4.0,微信支付,2023-03-07,2023-03,Tuesday,9
USER_0364,2023-03-13 19:41:12,电子产品,485.62,4,1942.48,4.0,支付宝,2023-03-13,2023-03,Monday,19
USER_0007,2023-01-09 11:44:53,电子产品,2294.88875,2,6641.0175,4.0,微信支付,2023-01-09,2023-01,Monday,11
USER_0543,2023-02-02 19:32:06,家居用品,53.96,4,215.84,5.0,微信支付,2023-02-02,2023-02,Thursday,19
USER_0464,2023-01-19 09:58:25,家居用品,272.4,4,1089.6,2.0,微信支付,2023-01-19,2023-01,Thursday,9
USER_0235,2023-04-10 19:35:02,图书音像,51.63,2,103.26,4.0,支付宝,2023-04-10,2023-04,Monday,19
USER_0557,2023-03-17 09:20:18,食品饮料,113.25,5,566.25,3.0,支付宝,2023-03-17,2023-03,Friday,9
USER_0232,2023-03-20 13:03:57,家居用品,174.03,1,174.03,4.0,微信支付,2023-03-20,2023-03,Monday,13
USER_0586,2023-02-16 18:55:22,服装鞋帽,395.08,3,1185.24,3.0,支付宝,2023-02-16,2023-02,Thursday,18
USER_0067,2023-02-06 11:28:24,服装鞋帽,145.56,4,582.24,4.0,支付宝,2023-02-06,2023-02,Monday,11
USER_0417,2023-01-22 11:22:20,美妆护肤,100.74,5,503.7,5.0,微信支付,2023-01-22,2023-01,Sunday,11
USER_0122,2023-04-09 14:23:10,运动户外,1997.86,1,1997.86,4.0,银行卡,2023-04-09,2023-04,Sunday,14
USER_0502,2023-01-19 09:21:13,家居用品,68.92,1,68.92,5.0,支付宝,2023-01-19,2023-01,Thursday,9
USER_0497,2023-01-12 15:50:37,家居用品,312.67,1,312.67,3.0,微信支付,2023-01-12,2023-01,Thursday,15
USER_0564,2023-01-10 16:09:40,运动户外,921.14,2,1842.28,3.0,微信支付,2023-01-10,2023-01,Tuesday,16
USER_0467,2023-03-28 21:31:12,家居用品,438.27,3,1314.81,5.0,微信支付,2023-03-28,2023-03,Tuesday,21
USER_0327,2023-01-24 14:44:22,食品饮料,173.61,1,173.61,2.0,微信支付,2023-01-24,2023-01,Tuesday,14
USER_0456,2023-03-20 12:03:33,图书音像,69.72,2,139.44,4.0,银行卡,2023-03-20,2023-03,Monday,12
USER_0039,2023-02-23 18:32:32,电子产品,1199.41,2,2398.82,4.0,微信支付,2023-02-23,2023-02,Thursday,18
USER_0062,2023-01-31 12:41:11,美妆护肤,396.29,2,792.58,3.0,微信支付,2023-01-31,2023-01,Tuesday,12
USER_0528,2023-03-29 10:13:02,美妆护肤,151.54,2,303.08,5.0,支付宝,2023-03-29,2023-03,Wednesday,10
USER_0021,2023-01-19 17:46:21,食品饮料,169.68,4,678.72,5.0,微信支付,2023-01-19,2023-01,Thursday,17
USER_0521,2023-01-25 17:32:01,美妆护肤,220.6,5,1103.0,5.0,支付宝,2023-01-25,2023-01,Wednesday,17
USER_0089,2023-04-12 12:29:19,家居用品,947.3,4,3789.2,4.0,微信支付,2023-04-12,2023-04,Wednesday,12
USER_0421,2023-04-19 17:32:26,食品饮料,110.43,3,331.29,5.0,微信支付,2023-04-19,2023-04,Wednesday,17
USER_0583,2023-02-02 15:11:10,运动户外,157.56,2,315.12,5.0,支付宝,2023-02-02,2023-02,Thursday,15
USER_0184,2023-01-14 09:09:15,电子产品,926.14,5,4630.7,4.0,支付宝,2023-01-14,2023-01,Saturday,9
USER_0059,2023-02-21 09:47:18,服装鞋帽,50.96,1,50.96,2.0,支付宝,2023-02-21,2023-02,Tuesday,9
USER_0008,2023-03-21 10:58:32,电子产品,1040.88,3,3122.64,5.0,微信支付,2023-03-21,2023-03,Tuesday,10
USER_0339,2023-02-23 21:07:02,电子产品,2294.88875,3,6641.0175,3.0,支付宝,2023-02-23,2023-02,Thursday,21
USER_0095,2023-02-02 10:56:38,电子产品,2294.88875,3,6641.0175,3.0,支付宝,2023-02-02,2023-02,Thursday,10
USER_0368,2023-03-30 14:21:58,电子产品,2294.88875,5,6641.0175,2.0,银行卡,2023-03-30,2023-03,Thursday,14
USER_0345,2023-01-13 16:55:04,电子产品,2294.88875,2,6641.0175,3.0,支付宝,2023-01-13,2023-01,Friday,16
USER_0393,2023-04-15 10:49:28,美妆护肤,254.53,2,509.06,4.0,微信支付,2023-04-15,2023-04,Saturday,10
USER_0197,2023-01-14 11:22:38,服装鞋帽,517.49,2,1034.98,2.0,支付宝,2023-01-14,2023-01,Saturday,11
USER_0553,2023-04-08 15:36:21,家居用品,529.13,1,529.13,3.0,微信支付,2023-04-08,2023-04,Saturday,15
USER_0480,2023-04-30 10:52:58,电子产品,2294.88875,1,4080.35,5.0,支付宝,2023-04-30,2023-04,Sunday,10
USER_0373,2023-03-18 21:40:58,运动户外,1466.07,5,6641.0175,5.0,微信支付,2023-03-18,2023-03,Saturday,21
USER_0585,2023-01-06 17:18:15,美妆护肤,421.18,5,2105.9,4.0,微信支付,2023-01-06,2023-01,Friday,17
USER_0047,2023-04-20 16:42:17,食品饮料,119.8,5,599.0,5.0,支付宝,2023-04-20,2023-04,Thursday,16
USER_0488,2023-01-03 11:06:35,家居用品,497.95,2,995.9,2.0,微信支付,2023-01-03,2023-01,Tuesday,11
USER_0497,2023-03-01 14:39:00,食品饮料,150.29,3,450.87,3.0,微信支付,2023-03-01,2023-03,Wednesday,14
USER_0143,2023-04-07 17:42:50,运动户外,1800.25,5,6641.0175,3.0,银行卡,2023-04-07,2023-04,Friday,17
USER_0485,2023-03-19 19:22:13,家居用品,801.91,4,3207.64,3.0,支付宝,2023-03-19,2023-03,Sunday,19
USER_0223,2023-01-09 13:12:13,服装鞋帽,259.6,5,1298.0,4.0,支付宝,2023-01-09,2023-01,Monday,13
USER_0070,2023-03-31 10:44:12,电子产品,2096.17,5,6641.0175,3.0,银行卡,2023-03-31,2023-03,Friday,10
USER_0550,2023-02-17 15:10:16,运动户外,1107.65,4,4430.6,4.0,银行卡,2023-02-17,2023-02,Friday,15
USER_0137,2023-03-31 10:15:30,家居用品,917.18,4,3668.72,3.0,微信支付,2023-03-31,2023-03,Friday,10
USER_0024,2023-04-22 20:36:55,美妆护肤,164.59,1,164.59,4.0,支付宝,2023-04-22,2023-04,Saturday,20
USER_0492,2023-03-02 10:41:00,电子产品,2284.32,4,6641.0175,5.0,微信支付,2023-03-02,2023-03,Thursday,10
USER_0170,2023-03-02 14:24:17,运动户外,433.06,5,2165.3,4.0,支付宝,2023-03-02,2023-03,Thursday,14
USER_0188,2023-02-26 15:16:49,服装鞋帽,333.52,5,1667.6,2.0,微信支付,2023-02-26,2023-02,Sunday,15
USER_0560,2023-01-05 18:34:54,美妆护肤,322.67,5,1613.35,5.0,微信支付,2023-01-05,2023-01,Thursday,18
USER_0578,2023-03-11 16:35:24,家居用品,308.21,3,924.63,3.0,微信支付,2023-03-11,2023-03,Saturday,16
USER_0397,2023-01-21 09:58:18,服装鞋帽,765.98,3,2297.94,4.0,微信支付,2023-01-21,2023-01,Saturday,9
USER_0070,2023-03-11 15:56:43,电子产品,1419.86,5,6641.0175,5.0,银行卡,2023-03-11,2023-03,Saturday,15
USER_0175,2023-03-17 13:36:30,家居用品,858.93,3,2576.79,3.0,支付宝,2023-03-17,2023-03,Friday,13
USER_0402,2023-04-07 17:55:30,食品饮料,58.16,5,290.8,5.0,支付宝,2023-04-07,2023-04,Friday,17
USER_0191,2023-04-06 10:16:33,服装鞋帽,595.68,4,2382.72,4.0,银行卡,2023-04-06,2023-04,Thursday,10
USER_0317,2023-02-13 17:03:24,服装鞋帽,144.14,5,720.7,5.0,支付宝,2023-02-13,2023-02,Monday,17
USER_0001,2023-01-03 13:21:16,食品饮料,88.12,5,440.6,3.0,支付宝,2023-01-03,2023-01,Tuesday,13
USER_0256,2023-02-20 14:15:17,电子产品,166.84,1,166.84,3.0,支付宝,2023-02-20,2023-02,Monday,14
USER_0060,2023-02-09 11:42:36,服装鞋帽,357.89,1,357.89,3.0,微信支付,2023-02-09,2023-02,Thursday,11
USER_0503,2023-04-05 18:55:43,服装鞋帽,330.99,2,661.98,3.0,支付宝,2023-04-05,2023-04,Wednesday,18
USER_0457,2023-01-07 10:07:42,美妆护肤,177.81,5,889.05,4.0,微信支付,2023-01-07,2023-01,Saturday,10
USER_0436,2023-01-22 12:56:51,服装鞋帽,610.0,4,2440.0,2.0,微信支付,2023-01-22,2023-01,Sunday,12
USER_0205,2023-04-28 11:15:14,服装鞋帽,287.45,1,287.45,4.0,微信支付,2023-04-28,2023-04,Friday,11
USER_0163,2023-04-26 21:53:34,运动户外,1426.81,5,6641.0175,4.0,微信支付,2023-04-26,2023-04,Wednesday,21
USER_0307,2023-03-24 15:22:12,食品饮料,18.49,1,18.49,3.0,微信支付,2023-03-24,2023-03,Friday,15
USER_0303,2023-03-21 19:55:37,美妆护肤,227.46,1,227.46,4.0,支付宝,2023-03-21,2023-03,Tuesday,19
USER_0413,2023-01-26 15:44:42,家居用品,134.84,4,539.36,4.0,支付宝,2023-01-26,2023-01,Thursday,15
USER_0081,2023-02-05 11:00:49,运动户外,1556.42,4,6225.68,3.0,微信支付,2023-02-05,2023-02,Sunday,11
USER_0591,2023-01-06 09:54:18,食品饮料,121.2,2,242.4,4.0,微信支付,2023-01-06,2023-01,Friday,9
USER_0433,2023-01-17 09:55:43,图书音像,198.54,3,595.62,5.0,支付宝,2023-01-17,2023-01,Tuesday,9
USER_0463,2023-04-21 16:37:02,美妆护肤,458.61,3,1375.83,5.0,支付宝,2023-04-21,2023-04,Friday,16
USER_0484,2023-04-03 16:51:38,食品饮料,123.68,5,618.4,1.0,微信支付,2023-04-03,2023-04,Monday,16
USER_0541,2023-01-26 11:25:36,图书音像,134.67,3,404.01,3.0,支付宝,2023-01-26,2023-01,Thursday,11
USER_0381,2023-02-18 17:08:52,电子产品,1425.56,5,6641.0175,5.0,支付宝,2023-02-18,2023-02,Saturday,17
USER_0091,2023-01-27 16:31:19,食品饮料,71.38,5,356.9,5.0,微信支付,2023-01-27,2023-01,Friday,16
USER_0095,2023-02-10 14:20:11,家居用品,573.06,3,1719.18,5.0,支付宝,2023-02-10,2023-02,Friday,14
USER_0196,2023-03-28 17:49:19,美妆护肤,165.68,1,165.68,3.0,银行卡,2023-03-28,2023-03,Tuesday,17
USER_0249,2023-01-23 16:51:47,美妆护肤,64.33,2,128.66,4.0,微信支付,2023-01-23,2023-01,Monday,16
USER_0241,2023-01-13 12:34:43,家居用品,779.07,2,1558.14,4.0,微信支付,2023-01-13,2023-01,Friday,12
USER_0234,2023-03-15 15:02:31,美妆护肤,217.04,2,434.08,3.0,微信支付,2023-03-15,2023-03,Wednesday,15
USER_0061,2023-03-13 15:05:10,服装鞋帽,531.66,5,2658.3,3.0,微信支付,2023-03-13,2023-03,Monday,15
USER_0533,2023-04-20 11:17:23,运动户外,725.62,1,725.62,5.0,支付宝,2023-04-20,2023-04,Thursday,11
USER_0114,2023-01-26 11:59:32,电子产品,2294.88875,4,6641.0175,1.0,支付宝,2023-01-26,2023-01,Thursday,11
USER_0595,2023-01-25 17:31:11,家居用品,780.59,4,3122.36,4.0,微信支付,2023-01-25,2023-01,Wednesday,17
USER_0086,2023-04-02 15:22:03,服装鞋帽,761.49,5,3807.45,3.0,支付宝,2023-04-02,2023-04,Sunday,15
USER_0578,2023-02-28 15:48:15,服装鞋帽,478.0,2,956.0,4.0,微信支付,2023-02-28,2023-02,Tuesday,15
USER_0578,2023-03-04 15:40:21,食品饮料,148.78,2,297.56,4.0,支付宝,2023-03-04,2023-03,Saturday,15
USER_0507,2023-01-17 20:08:49,电子产品,2294.88875,1,3447.04,4.0,支付宝,2023-01-17,2023-01,Tuesday,20
USER_0326,2023-03-15 12:53:21,服装鞋帽,222.76,2,445.52,4.0,微信支付,2023-03-15,2023-03,Wednesday,12
USER_0074,2023-03-01 09:51:42,美妆护肤,386.24,3,1158.72,4.0,微信支付,2023-03-01,2023-03,Wednesday,9
USER_0455,2023-01-10 11:56:57,电子产品,2294.88875,2,6341.26,4.0,支付宝,2023-01-10,2023-01,Tuesday,11
USER_0427,2023-02-11 09:45:21,服装鞋帽,605.23,3,1815.69,3.0,支付宝,2023-02-11,2023-02,Saturday,9
USER_0409,2023-04-22 10:22:52,家居用品,985.4,5,4927.0,1.0,支付宝,2023-04-22,2023-04,Saturday,10
USER_0061,2023-04-10 11:33:08,食品饮料,116.62,4,466.48,4.0,微信支付,2023-04-10,2023-04,Monday,11
USER_0133,2023-02-28 12:08:28,食品饮料,64.7,2,129.4,4.0,支付宝,2023-02-28,2023-02,Tuesday,12
USER_0266,2023-01-06 09:04:57,电子产品,1596.62,1,1596.62,5.0,支付宝,2023-01-06,2023-01,Friday,9
USER_0132,2023-04-14 19:47:31,美妆护肤,107.0,4,428.0,5.0,支付宝,2023-04-14,2023-04,Friday,19
USER_0366,2023-01-16 19:52:18,电子产品,2161.09,3,6483.27,4.0,支付宝,2023-01-16,2023-01,Monday,19
USER_0349,2023-02-28 09:03:27,美妆护肤,253.47,4,1013.88,3.0,银行卡,2023-02-28,2023-02,Tuesday,9
USER_0008,2023-04-07 11:42:20,电子产品,2294.88875,3,6641.0175,3.0,支付宝,2023-04-07,2023-04,Friday,11
USER_0394,2023-02-25 20:32:55,电子产品,2294.88875,2,6641.0175,4.0,支付宝,2023-02-25,2023-02,Saturday,20
USER_0273,2023-02-19 13:17:25,服装鞋帽,287.51,5,1437.55,4.0,微信支付,2023-02-19,2023-02,Sunday,13
USER_0080,2023-01-11 14:58:34,运动户外,266.29,2,532.58,4.0,支付宝,2023-01-11,2023-01,Wednesday,14
USER_0448,2023-01-01 17:33:38,电子产品,952.65,5,4763.25,5.0,微信支付,2023-01-01,2023-01,Sunday,17
USER_0012,2023-01-17 12:25:47,家居用品,979.29,5,4896.45,5.0,微信支付,2023-01-17,2023-01,Tuesday,12
USER_0546,2023-01-07 21:34:14,服装鞋帽,463.49,3,1390.47,4.0,微信支付,2023-01-07,2023-01,Saturday,21
USER_0390,2023-02-21 16:20:06,美妆护肤,303.4,5,1517.0,2.0,微信支付,2023-02-21,2023-02,Tuesday,16
USER_0069,2023-03-03 12:21:17,电子产品,1707.54,2,3415.08,4.0,支付宝,2023-03-03,2023-03,Friday,12
USER_0566,2023-01-15 13:02:36,家居用品,69.38,4,277.52,4.0,微信支付,2023-01-15,2023-01,Sunday,13
USER_0244,2023-02-05 09:25:47,服装鞋帽,785.77,5,3928.85,4.0,支付宝,2023-02-05,2023-02,Sunday,9
USER_0159,2023-02-28 18:11:47,电子产品,1667.41,4,6641.0175,4.0,支付宝,2023-02-28,2023-02,Tuesday,18
USER_0304,2023-04-15 15:51:53,美妆护肤,257.48,5,1287.4,3.0,微信支付,2023-04-15,2023-04,Saturday,15
USER_0330,2023-03-24 16:30:16,服装鞋帽,69.84,1,69.84,3.0,支付宝,2023-03-24,2023-03,Friday,16
USER_0019,2023-04-13 14:49:50,运动户外,910.48,5,4552.4,1.0,微信支付,2023-04-13,2023-04,Thursday,14
USER_0085,2023-03-15 12:49:35,电子产品,1027.87,4,4111.48,5.0,微信支付,2023-03-15,2023-03,Wednesday,12
USER_0566,2023-01-02 10:40:44,美妆护肤,144.34,5,721.7,5.0,支付宝,2023-01-02,2023-01,Monday,10
USER_0243,2023-01-19 11:02:22,食品饮料,61.43,2,122.86,1.0,银行卡,2023-01-19,2023-01,Thursday,11
USER_0252,2023-03-28 11:54:24,美妆护肤,431.73,1,431.73,4.0,微信支付,2023-03-28,2023-03,Tuesday,11
USER_0072,2023-01-09 13:29:52,美妆护肤,80.45,4,321.8,5.0,银行卡,2023-01-09,2023-01,Monday,13
USER_0574,2023-03-11 13:13:52,服装鞋帽,639.36,3,1918.08,4.0,支付宝,2023-03-11,2023-03,Saturday,13
USER_0341,2023-02-26 18:42:47,食品饮料,44.16,5,220.8,4.0,微信支付,2023-02-26,2023-02,Sunday,18
USER_0368,2023-02-16 14:43:07,食品饮料,132.86,3,398.58,5.0,微信支付,2023-02-16,2023-02,Thursday,14
USER_0586,2023-03-22 20:05:18,服装鞋帽,448.14,1,448.14,2.0,银行卡,2023-03-22,2023-03,Wednesday,20
USER_0024,2023-03-30 12:15:05,家居用品,712.8,1,712.8,4.0,微信支付,2023-03-30,2023-03,Thursday,12
USER_0398,2023-03-12 14:50:00,食品饮料,140.96,2,281.92,4.0,微信支付,2023-03-12,2023-03,Sunday,14
USER_0158,2023-04-08 18:10:26,食品饮料,40.51,5,202.55,3.0,支付宝,2023-04-08,2023-04,Saturday,18
USER_0371,2023-03-28 20:48:29,食品饮料,137.46,5,687.3,5.0,微信支付,2023-03-28,2023-03,Tuesday,20
USER_0179,2023-04-20 15:44:05,图书音像,154.33,3,462.99,3.0,微信支付,2023-04-20,2023-04,Thursday,15
USER_0221,2023-01-24 13:52:53,运动户外,1187.5,5,5937.5,4.0,支付宝,2023-01-24,2023-01,Tuesday,13
USER_0391,2023-02-06 13:17:22,电子产品,2294.88875,4,6641.0175,3.0,支付宝,2023-02-06,2023-02,Monday,13
USER_0308,2023-01-08 19:15:40,电子产品,2294.88875,2,5803.92,3.0,支付宝,2023-01-08,2023-01,Sunday,19
USER_0186,2023-04-10 16:50:58,图书音像,75.55,3,226.65,3.0,支付宝,2023-04-10,2023-04,Monday,16
USER_0409,2023-02-09 16:27:13,电子产品,1735.69,4,6641.0175,5.0,支付宝,2023-02-09,2023-02,Thursday,16
USER_0318,2023-01-27 13:44:40,食品饮料,59.41,1,59.41,4.0,微信支付,2023-01-27,2023-01,Friday,13
USER_0176,2023-01-14 09:15:17,家居用品,141.56,5,707.8,4.0,银行卡,2023-01-14,2023-01,Saturday,9
USER_0056,2023-01-15 17:57:34,运动户外,447.36,5,2236.8,5.0,银行卡,2023-01-15,2023-01,Sunday,17
USER_0497,2023-02-23 15:13:58,图书音像,38.2,3,114.6,3.0,支付宝,2023-02-23,2023-02,Thursday,15
USER_0300,2023-01-18 20:19:44,运动户外,1456.45,1,1456.45,4.0,微信支付,2023-01-18,2023-01,Wednesday,20
USER_0303,2023-01-29 14:44:12,电子产品,2155.62,3,6466.86,3.0,微信支付,2023-01-29,2023-01,Sunday,14
USER_0327,2023-03-13 13:40:13,运动户外,218.53,1,218.53,5.0,支付宝,2023-03-13,2023-03,Monday,13
USER_0477,2023-01-27 09:51:33,图书音像,120.01,1,120.01,3.0,微信支付,2023-01-27,2023-01,Friday,9
USER_0307,2023-03-20 14:15:09,家居用品,700.13,1,700.13,5.0,微信支付,2023-03-20,2023-03,Monday,14
USER_0406,2023-01-24 21:16:20,运动户外,931.57,5,4657.85,5.0,支付宝,2023-01-24,2023-01,Tuesday,21
USER_0381,2023-02-26 13:17:34,食品饮料,170.78,5,853.9,4.0,微信支付,2023-02-26,2023-02,Sunday,13
USER_0455,2023-01-26 18:47:07,服装鞋帽,636.02,1,636.02,4.0,银行卡,2023-01-26,2023-01,Thursday,18
USER_0555,2023-02-10 13:56:41,服装鞋帽,152.19,4,608.76,5.0,微信支付,2023-02-10,2023-02,Friday,13
USER_0486,2023-01-30 16:42:39,服装鞋帽,435.23,4,1740.92,5.0,支付宝,2023-01-30,2023-01,Monday,16
USER_0143,2023-04-03 21:42:48,服装鞋帽,354.21,2,708.42,4.0,微信支付,2023-04-03,2023-04,Monday,21
USER_0027,2023-03-28 21:40:52,服装鞋帽,774.06,4,3096.24,4.0,支付宝,2023-03-28,2023-03,Tuesday,21
USER_0260,2023-03-10 13:10:40,图书音像,99.92,2,199.84,3.0,支付宝,2023-03-10,2023-03,Friday,13
USER_0242,2023-01-21 14:42:52,电子产品,1788.08,2,3576.16,2.0,支付宝,2023-01-21,2023-01,Saturday,14
USER_0131,2023-03-14 12:30:48,美妆护肤,86.19,1,86.19,5.0,微信支付,2023-03-14,2023-03,Tuesday,12
USER_0259,2023-03-24 20:02:37,服装鞋帽,730.43,3,2191.29,5.0,银行卡,2023-03-24,2023-03,Friday,20
USER_0193,2023-01-09 09:53:00,家居用品,435.81,2,871.62,5.0,微信支付,2023-01-09,2023-01,Monday,9
USER_0217,2023-03-05 14:14:58,电子产品,2294.88875,5,6641.0175,5.0,支付宝,2023-03-05,2023-03,Sunday,14
USER_0314,2023-01-19 16:37:11,美妆护肤,265.51,5,1327.55,4.0,银行卡,2023-01-19,2023-01,Thursday,16
USER_0107,2023-04-02 17:02:50,家居用品,839.09,1,839.09,5.0,微信支付,2023-04-02,2023-04,Sunday,17
USER_0231,2023-03-13 11:53:46,电子产品,2294.88875,5,6641.0175,4.0,支付宝,2023-03-13,2023-03,Monday,11
USER_0128,2023-03-08 11:09:26,家居用品,616.13,5,3080.65,5.0,支付宝,2023-03-08,2023-03,Wednesday,11
USER_0132,2023-01-13 17:56:48,服装鞋帽,380.09,4,1520.36,2.0,支付宝,2023-01-13,2023-01,Friday,17
USER_0149,2023-01-11 20:50:57,电子产品,2294.88875,5,6641.0175,4.0,支付宝,2023-01-11,2023-01,Wednesday,20
USER_0474,2023-01-16 18:44:01,服装鞋帽,359.07,4,1436.28,1.0,银行卡,2023-01-16,2023-01,Monday,18
USER_0522,2023-03-08 14:28:14,家居用品,54.71,2,109.42,2.0,支付宝,2023-03-08,2023-03,Wednesday,14
USER_0516,2023-02-24 10:02:06,电子产品,2294.88875,1,2548.56,4.0,微信支付,2023-02-24,2023-02,Friday,10
USER_0485,2023-03-28 12:12:12,图书音像,178.7,2,357.4,4.0,微信支付,2023-03-28,2023-03,Tuesday,12
USER_0260,2023-01-22 14:54:36,家居用品,538.05,1,538.05,1.0,支付宝,2023-01-22,2023-01,Sunday,14
USER_0156,2023-03-15 14:16:25,图书音像,126.1,3,378.3,4.0,支付宝,2023-03-15,2023-03,Wednesday,14
USER_0233,2023-01-10 14:37:56,家居用品,755.76,3,2267.28,5.0,微信支付,2023-01-10,2023-01,Tuesday,14
USER_0364,2023-03-01 10:57:47,服装鞋帽,716.84,1,716.84,5.0,支付宝,2023-03-01,2023-03,Wednesday,10
USER_0165,2023-04-22 17:35:16,家居用品,709.74,4,2838.96,5.0,微信支付,2023-04-22,2023-04,Saturday,17
USER_0121,2023-02-18 12:23:23,家居用品,441.94,2,883.88,3.0,支付宝,2023-02-18,2023-02,Saturday,12
USER_0448,2023-01-20 16:08:06,食品饮料,95.12,5,475.6,2.0,微信支付,2023-01-20,2023-01,Friday,16
USER_0535,2023-02-15 10:50:11,食品饮料,38.41,3,115.23,2.0,银行卡,2023-02-15,2023-02,Wednesday,10
USER_0514,2023-02-13 13:53:16,电子产品,2294.88875,4,6641.0175,5.0,支付宝,2023-02-13,2023-02,Monday,13
USER_0409,2023-03-27 15:46:29,家居用品,537.46,2,1074.92,5.0,微信支付,2023-03-27,2023-03,Monday,15
USER_0405,2023-01-01 13:12:20,服装鞋帽,177.61,3,532.83,3.0,微信支付,2023-01-01,2023-01,Sunday,13
USER_0524,2023-03-05 15:05:52,服装鞋帽,133.3,4,533.2,3.0,支付宝,2023-03-05,2023-03,Sunday,15
USER_0222,2023-02-21 12:25:52,家居用品,579.45,5,2897.25,4.0,支付宝,2023-02-21,2023-02,Tuesday,12
USER_0309,2023-04-09 18:04:15,电子产品,789.2,4,3156.8,5.0,支付宝,2023-04-09,2023-04,Sunday,18
USER_0468,2023-04-21 10:00:57,食品饮料,155.09,4,620.36,3.0,支付宝,2023-04-21,2023-04,Friday,10
USER_0374,2023-04-20 16:23:19,服装鞋帽,625.9,4,2503.6,1.0,微信支付,2023-04-20,2023-04,Thursday,16
USER_0199,2023-03-21 15:26:13,服装鞋帽,540.97,5,2704.85,5.0,微信支付,2023-03-21,2023-03,Tuesday,15
USER_0007,2023-02-01 11:38:28,家居用品,322.44,2,644.88,5.0,支付宝,2023-02-01,2023-02,Wednesday,11
USER_0288,2023-02-14 21:05:23,服装鞋帽,307.28,3,921.84,4.0,支付宝,2023-02-14,2023-02,Tuesday,21
USER_0274,2023-04-19 15:54:12,食品饮料,184.84,4,739.36,1.0,支付宝,2023-04-19,2023-04,Wednesday,15
USER_0356,2023-04-04 21:24:01,电子产品,2294.88875,2,6641.0175,5.0,银行卡,2023-04-04,2023-04,Tuesday,21
USER_0032,2023-01-21 18:36:48,食品饮料,15.51,4,62.04,4.0,支付宝,2023-01-21,2023-01,Saturday,18
USER_0392,2023-04-29 13:18:27,电子产品,2294.88875,2,4651.44,3.0,微信支付,2023-04-29,2023-04,Saturday,13
USER_0508,2023-02-15 19:13:20,服装鞋帽,474.17,2,948.34,4.0,银行卡,2023-02-15,2023-02,Wednesday,19
USER_0333,2023-03-17 10:04:38,运动户外,269.38,2,538.76,2.0,银行卡,2023-03-17,2023-03,Friday,10
USER_0334,2023-04-23 21:41:24,电子产品,1666.3,2,3332.6,5.0,支付宝,2023-04-23,2023-04,Sunday,21
USER_0390,2023-04-18 17:14:03,电子产品,1435.09,4,5740.36,5.0,支付宝,2023-04-18,2023-04,Tuesday,17
USER_0521,2023-03-04 17:07:13,图书音像,114.9,2,229.8,3.0,银行卡,2023-03-04,2023-03,Saturday,17
USER_0596,2023-02-19 11:47:58,运动户外,1390.38,2,2780.76,2.0,支付宝,2023-02-19,2023-02,Sunday,11
USER_0360,2023-02-25 14:41:39,美妆护肤,89.17,4,356.68,5.0,支付宝,2023-02-25,2023-02,Saturday,14
USER_0147,2023-02-13 17:30:58,家居用品,833.2,1,833.2,3.0,支付宝,2023-02-13,2023-02,Monday,17
USER_0491,2023-01-12 21:35:38,电子产品,2294.88875,4,6641.0175,4.0,支付宝,2023-01-12,2023-01,Thursday,21
USER_0520,2023-04-14 09:33:43,食品饮料,84.11,5,420.55,5.0,微信支付,2023-04-14,2023-04,Friday,9
USER_0598,2023-01-05 21:27:57,食品饮料,62.16,2,124.32,5.0,微信支付,2023-01-05,2023-01,Thursday,21
USER_0293,2023-03-09 10:41:21,运动户外,1237.93,4,4951.72,5.0,支付宝,2023-03-09,2023-03,Thursday,10
USER_0379,2023-03-14 19:57:52,食品饮料,135.69,3,407.07,4.0,微信支付,2023-03-14,2023-03,Tuesday,19
USER_0580,2023-04-03 09:53:29,服装鞋帽,176.17,4,704.68,4.0,微信支付,2023-04-03,2023-04,Monday,9
USER_0392,2023-01-28 21:42:08,家居用品,648.32,4,2593.28,4.0,微信支付,2023-01-28,2023-01,Saturday,21
USER_0590,2023-02-20 20:31:49,食品饮料,97.15,5,485.75,4.0,微信支付,2023-02-20,2023-02,Monday,20
USER_0319,2023-03-17 13:20:44,图书音像,39.43,5,197.15,5.0,支付宝,2023-03-17,2023-03,Friday,13
USER_0460,2023-03-02 09:56:14,家居用品,360.36,4,1441.44,3.0,支付宝,2023-03-02,2023-03,Thursday,9
USER_0069,2023-03-28 09:37:55,服装鞋帽,112.92,5,564.6,2.0,支付宝,2023-03-28,2023-03,Tuesday,9
USER_0454,2023-02-28 14:32:29,电子产品,2294.88875,3,6641.0175,3.0,支付宝,2023-02-28,2023-02,Tuesday,14
USER_0068,2023-03-25 11:41:26,服装鞋帽,473.23,5,2366.15,2.0,支付宝,2023-03-25,2023-03,Saturday,11
USER_0026,2023-01-26 14:18:08,电子产品,2294.88875,1,2650.8,4.0,微信支付,2023-01-26,2023-01,Thursday,14
USER_0396,2023-01-10 09:31:29,服装鞋帽,782.05,4,3128.2,3.0,微信支付,2023-01-10,2023-01,Tuesday,9
USER_0026,2023-03-26 20:35:25,食品饮料,165.63,2,331.26,4.0,微信支付,2023-03-26,2023-03,Sunday,20
USER_0168,2023-04-29 09:52:17,图书音像,148.0,3,444.0,3.0,银行卡,2023-04-29,2023-04,Saturday,9
USER_0053,2023-03-29 20:15:15,电子产品,2294.88875,4,6641.0175,3.0,支付宝,2023-03-29,2023-03,Wednesday,20
USER_0447,2023-02-03 09:26:28,服装鞋帽,437.86,2,875.72,4.0,微信支付,2023-02-03,2023-02,Friday,9
USER_0151,2023-03-20 09:56:12,服装鞋帽,402.38,1,402.38,3.0,支付宝,2023-03-20,2023-03,Monday,9
USER_0389,2023-03-18 14:04:59,电子产品,2294.88875,2,6199.16,4.0,支付宝,2023-03-18,2023-03,Saturday,14
USER_0394,2023-01-24 16:46:20,运动户外,613.43,4,2453.72,2.0,微信支付,2023-01-24,2023-01,Tuesday,16
USER_0582,2023-01-28 11:38:41,电子产品,1819.52,5,6641.0175,5.0,微信支付,2023-01-28,2023-01,Saturday,11
USER_0581,2023-04-19 20:54:49,食品饮料,112.61,1,112.61,4.0,微信支付,2023-04-19,2023-04,Wednesday,20
USER_0062,2023-02-13 11:58:07,食品饮料,57.61,1,57.61,4.0,微信支付,2023-02-13,2023-02,Monday,11
USER_0160,2023-03-06 14:12:10,服装鞋帽,500.81,4,2003.24,5.0,支付宝,2023-03-06,2023-03,Monday,14
USER_0068,2023-01-05 20:22:45,服装鞋帽,632.46,2,1264.92,4.0,支付宝,2023-01-05,2023-01,Thursday,20
USER_0304,2023-01-29 19:17:39,服装鞋帽,198.78,2,397.56,5.0,支付宝,2023-01-29,2023-01,Sunday,19
USER_0102,2023-01-03 16:30:40,电子产品,2294.88875,2,6641.0175,5.0,支付宝,2023-01-03,2023-01,Tuesday,16
USER_0554,2023-01-20 09:03:44,服装鞋帽,542.08,1,542.08,3.0,微信支付,2023-01-20,2023-01,Friday,9
USER_0162,2023-03-14 14:17:13,美妆护肤,196.91,5,984.55,5.0,支付宝,2023-03-14,2023-03,Tuesday,14
USER_0379,2023-04-17 16:00:44,服装鞋帽,253.18,4,1012.72,5.0,微信支付,2023-04-17,2023-04,Monday,16
USER_0273,2023-04-11 12:02:36,电子产品,2294.88875,3,6641.0175,4.0,支付宝,2023-04-11,2023-04,Tuesday,12
USER_0415,2023-04-15 14:25:16,家居用品,475.7,5,2378.5,5.0,支付宝,2023-04-15,2023-04,Saturday,14
USER_0089,2023-02-16 12:35:51,运动户外,987.91,4,3951.64,3.0,微信支付,2023-02-16,2023-02,Thursday,12
USER_0176,2023-03-08 09:09:30,运动户外,295.81,3,887.43,4.0,支付宝,2023-03-08,2023-03,Wednesday,9
USER_0370,2023-03-08 14:18:34,食品饮料,182.69,5,913.45,5.0,支付宝,2023-03-08,2023-03,Wednesday,14
USER_0288,2023-03-16 14:23:34,运动户外,1700.78,2,3401.56,2.0,微信支付,2023-03-16,2023-03,Thursday,14
USER_0545,2023-03-18 16:35:53,食品饮料,105.28,4,421.12,4.0,支付宝,2023-03-18,2023-03,Saturday,16
USER_0409,2023-04-16 11:02:19,运动户外,935.49,3,2806.47,5.0,支付宝,2023-04-16,2023-04,Sunday,11
USER_0380,2023-01-27 13:43:47,电子产品,2294.88875,4,6641.0175,4.0,支付宝,2023-01-27,2023-01,Friday,13
USER_0159,2023-03-01 21:45:36,电子产品,1607.51,4,6430.04,1.0,微信支付,2023-03-01,2023-03,Wednesday,21
USER_0111,2023-01-29 11:25:19,服装鞋帽,792.14,4,3168.56,3.0,支付宝,2023-01-29,2023-01,Sunday,11
USER_0015,2023-02-28 11:09:14,电子产品,2294.88875,5,6641.0175,5.0,银行卡,2023-02-28,2023-02,Tuesday,11
USER_0506,2023-01-14 10:25:07,食品饮料,136.1,5,680.5,4.0,微信支付,2023-01-14,2023-01,Saturday,10
USER_0132,2023-04-10 16:16:46,图书音像,180.79,5,903.95,4.0,微信支付,2023-04-10,2023-04,Monday,16
USER_0048,2023-01-10 17:35:28,家居用品,825.68,4,3302.72,4.0,微信支付,2023-01-10,2023-01,Tuesday,17
USER_0397,2023-02-15 10:32:20,服装鞋帽,551.37,3,1654.11,4.0,银行卡,2023-02-15,2023-02,Wednesday,10
USER_0484,2023-02-02 12:32:30,服装鞋帽,305.49,2,610.98,2.0,支付宝,2023-02-02,2023-02,Thursday,12
USER_0278,2023-01-17 15:42:03,服装鞋帽,312.4,1,312.4,5.0,银行卡,2023-01-17,2023-01,Tuesday,15
USER_0235,2023-02-25 09:07:58,服装鞋帽,237.41,2,474.82,4.0,银行卡,2023-02-25,2023-02,Saturday,9
USER_0219,2023-04-28 09:15:05,运动户外,397.59,1,397.59,5.0,支付宝,2023-04-28,2023-04,Friday,9
USER_0285,2023-02-26 13:04:28,家居用品,976.73,3,2930.19,3.0,微信支付,2023-02-26,2023-02,Sunday,13
USER_0443,2023-03-30 17:55:02,电子产品,2294.88875,1,4992.26,5.0,支付宝,2023-03-30,2023-03,Thursday,17
USER_0246,2023-01-16 11:47:10,服装鞋帽,707.32,4,2829.28,3.0,微信支付,2023-01-16,2023-01,Monday,11
USER_0025,2023-02-07 13:23:23,服装鞋帽,428.87,5,2144.35,4.0,微信支付,2023-02-07,2023-02,Tuesday,13
USER_0096,2023-04-02 15:39:41,电子产品,2294.88875,2,6641.0175,2.0,微信支付,2023-04-02,2023-04,Sunday,15
USER_0110,2023-04-01 10:44:35,电子产品,973.48,1,973.48,5.0,微信支付,2023-04-01,2023-04,Saturday,10
USER_0071,2023-04-26 15:07:15,服装鞋帽,396.61,5,1983.05,4.0,微信支付,2023-04-26,2023-04,Wednesday,15
USER_0599,2023-02-26 19:55:21,服装鞋帽,623.18,4,2492.72,4.0,支付宝,2023-02-26,2023-02,Sunday,19
USER_0176,2023-03-24 18:02:26,运动户外,71.51,1,71.51,3.0,支付宝,2023-03-24,2023-03,Friday,18
USER_0126,2023-04-23 13:35:52,食品饮料,26.5,4,106.0,5.0,微信支付,2023-04-23,2023-04,Sunday,13
USER_0541,2023-02-17 21:12:02,美妆护肤,87.95,5,439.75,5.0,支付宝,2023-02-17,2023-02,Friday,21
USER_0482,2023-02-01 09:12:29,电子产品,2294.88875,2,6641.0175,4.0,支付宝,2023-02-01,2023-02,Wednesday,9
USER_0389,2023-03-23 20:38:42,家居用品,311.92,5,1559.6,3.0,微信支付,2023-03-23,2023-03,Thursday,20
USER_0304,2023-04-28 14:47:47,电子产品,611.96,4,2447.84,3.0,支付宝,2023-04-28,2023-04,Friday,14
USER_0556,2023-04-15 18:49:52,电子产品,2294.88875,3,6641.0175,5.0,支付宝,2023-04-15,2023-04,Saturday,18
USER_0253,2023-03-01 18:24:30,运动户外,1343.14,2,2686.28,3.0,微信支付,2023-03-01,2023-03,Wednesday,18
USER_0548,2023-03-06 12:03:25,美妆护肤,478.23,4,1912.92,5.0,支付宝,2023-03-06,2023-03,Monday,12
USER_0237,2023-01-23 14:36:07,电子产品,926.64,3,2779.92,3.0,微信支付,2023-01-23,2023-01,Monday,14
USER_0263,2023-02-20 09:08:17,电子产品,649.98,2,1110.13,3.0,支付宝,2023-02-20,2023-02,Monday,9
USER_0163,2023-02-23 15:46:16,电子产品,2219.75,4,6641.0175,4.0,微信支付,2023-02-23,2023-02,Thursday,15
USER_0239,2023-03-10 21:05:27,家居用品,480.34,2,960.68,4.0,支付宝,2023-03-10,2023-03,Friday,21
USER_0118,2023-01-21 16:36:58,美妆护肤,287.29,5,1436.45,5.0,银行卡,2023-01-21,2023-01,Saturday,16
USER_0519,2023-03-19 10:00:37,食品饮料,21.71,2,43.42,5.0,微信支付,2023-03-19,2023-03,Sunday,10
USER_0209,2023-03-02 19:19:09,家居用品,297.8,4,1191.2,3.0,支付宝,2023-03-02,2023-03,Thursday,19
USER_0428,2023-02-16 15:26:53,电子产品,2294.88875,4,6641.0175,5.0,支付宝,2023-02-16,2023-02,Thursday,15
USER_0569,2023-02-03 15:57:51,服装鞋帽,683.53,3,2050.59,4.0,微信支付,2023-02-03,2023-02,Friday,15
USER_0590,2023-01-09 15:47:02,电子产品,1130.89,4,4523.56,3.0,支付宝,2023-01-09,2023-01,Monday,15
USER_0188,2023-03-04 13:22:54,电子产品,2294.88875,1,2404.22,5.0,银行卡,2023-03-04,2023-03,Saturday,13
USER_0146,2023-02-19 10:04:28,家居用品,296.87,2,593.74,4.0,微信支付,2023-02-19,2023-02,Sunday,10
USER_0591,2023-03-25 16:48:30,电子产品,2294.88875,2,6641.0175,5.0,微信支付,2023-03-25,2023-03,Saturday,16
USER_0474,2023-04-10 16:00:58,服装鞋帽,703.85,1,703.85,3.0,支付宝,2023-04-10,2023-04,Monday,16
USER_0272,2023-04-28 14:41:17,电子产品,1336.12,5,6641.0175,3.0,支付宝,2023-04-28,2023-04,Friday,14
USER_0171,2023-03-26 21:17:57,美妆护肤,106.71,5,533.55,4.0,微信支付,2023-03-26,2023-03,Sunday,21
USER_0262,2023-04-22 10:16:37,服装鞋帽,331.62,2,663.24,4.0,支付宝,2023-04-22,2023-04,Saturday,10
USER_0076,2023-01-09 12:38:23,电子产品,315.13,5,1575.65,4.0,微信支付,2023-01-09,2023-01,Monday,12
USER_0563,2023-02-21 18:38:57,运动户外,961.71,3,2885.13,4.0,银行卡,2023-02-21,2023-02,Tuesday,18
USER_0357,2023-03-03 14:25:56,运动户外,875.0,3,2625.0,3.0,支付宝,2023-03-03,2023-03,Friday,14
USER_0525,2023-04-11 11:31:34,美妆护肤,225.02,4,900.08,3.0,支付宝,2023-04-11,2023-04,Tuesday,11
USER_0064,2023-04-11 10:14:01,家居用品,307.6,3,922.8,3.0,银行卡,2023-04-11,2023-04,Tuesday,10
USER_0426,2023-03-24 16:49:34,食品饮料,105.2,4,420.8,3.0,微信支付,2023-03-24,2023-03,Friday,16
USER_0194,2023-01-21 15:55:34,食品饮料,122.07,1,122.07,3.0,支付宝,2023-01-21,2023-01,Saturday,15
USER_0494,2023-02-17 18:14:52,运动户外,778.09,2,1556.18,5.0,银行卡,2023-02-17,2023-02,Friday,18
USER_0518,2023-01-21 17:09:35,服装鞋帽,79.44,2,158.88,3.0,支付宝,2023-01-21,2023-01,Saturday,17
USER_0091,2023-02-02 20:21:28,食品饮料,107.87,3,323.61,4.0,支付宝,2023-02-02,2023-02,Thursday,20
USER_0021,2023-04-10 16:01:46,食品饮料,121.56,5,607.8,4.0,支付宝,2023-04-10,2023-04,Monday,16
USER_0505,2023-01-14 12:59:12,图书音像,103.22,3,309.66,4.0,支付宝,2023-01-14,2023-01,Saturday,12
USER_0241,2023-02-04 11:12:46,运动户外,882.47,4,3529.88,4.0,微信支付,2023-02-04,2023-02,Saturday,11
USER_0495,2023-02-02 15:52:51,家居用品,806.05,4,3224.2,3.0,支付宝,2023-02-02,2023-02,Thursday,15
USER_0010,2023-01-24 21:45:17,电子产品,2294.88875,2,6547.16,4.0,支付宝,2023-01-24,2023-01,Tuesday,21
USER_0006,2023-03-26 11:35:06,电子产品,2294.88875,5,6641.0175,5.0,微信支付,2023-03-26,2023-03,Sunday,11
USER_0378,2023-03-29 16:56:25,电子产品,715.74,3,2147.22,3.0,微信支付,2023-03-29,2023-03,Wednesday,16
USER_0448,2023-03-03 13:05:18,家居用品,695.78,3,2087.34,1.0,微信支付,2023-03-03,2023-03,Friday,13
USER_0584,2023-02-07 12:11:43,食品饮料,168.05,5,840.25,4.0,银行卡,2023-02-07,2023-02,Tuesday,12
USER_0332,2023-02-06 10:03:01,食品饮料,156.01,4,624.04,3.0,支付宝,2023-02-06,2023-02,Monday,10
USER_0257,2023-01-17 17:56:52,运动户外,336.45,1,336.45,5.0,微信支付,2023-01-17,2023-01,Tuesday,17
USER_0331,2023-01-11 16:54:31,美妆护肤,493.29,2,986.58,3.0,微信支付,2023-01-11,2023-01,Wednesday,16
USER_0290,2023-02-26 13:58:55,美妆护肤,243.13,4,972.52,4.0,支付宝,2023-02-26,2023-02,Sunday,13
USER_0209,2023-02-06 20:08:57,服装鞋帽,89.18,1,89.18,2.0,支付宝,2023-02-06,2023-02,Monday,20
USER_0027,2023-03-13 09:16:56,服装鞋帽,438.05,5,2190.25,1.0,支付宝,2023-03-13,2023-03,Monday,9
USER_0596,2023-02-07 20:00:59,家居用品,432.29,1,432.29,5.0,支付宝,2023-02-07,2023-02,Tuesday,20
USER_0462,2023-03-30 12:24:09,服装鞋帽,242.37,2,484.74,4.0,微信支付,2023-03-30,2023-03,Thursday,12
USER_0504,2023-01-14 10:07:31,美妆护肤,479.41,4,1917.64,4.0,支付宝,2023-01-14,2023-01,Saturday,10
USER_0090,2023-01-04 18:35:14,家居用品,758.73,3,2276.19,4.0,银行卡,2023-01-04,2023-01,Wednesday,18
USER_0435,2023-01-18 18:43:56,美妆护肤,337.41,4,1349.64,4.0,支付宝,2023-01-18,2023-01,Wednesday,18
USER_0278,2023-04-27 12:45:12,运动户外,527.66,3,1582.98,5.0,微信支付,2023-04-27,2023-04,Thursday,12
USER_0174,2023-02-21 18:52:11,美妆护肤,411.3,3,1233.9,2.0,支付宝,2023-02-21,2023-02,Tuesday,18
USER_0071,2023-03-14 14:25:52,美妆护肤,422.48,5,2112.4,5.0,支付宝,2023-03-14,2023-03,Tuesday,14
USER_0456,2023-04-19 15:05:36,运动户外,1067.12,4,4268.48,5.0,银行卡,2023-04-19,2023-04,Wednesday,15
USER_0103,2023-04-15 13:13:36,电子产品,2294.88875,4,6641.0175,3.0,支付宝,2023-04-15,2023-04,Saturday,13
USER_0083,2023-02-07 14:01:59,电子产品,385.02,1,385.02,4.0,微信支付,2023-02-07,2023-02,Tuesday,14
USER_0158,2023-03-22 16:33:37,服装鞋帽,752.11,5,3760.55,2.0,微信支付,2023-03-22,2023-03,Wednesday,16
USER_0063,2023-02-17 15:47:11,电子产品,2294.88875,4,6641.0175,5.0,支付宝,2023-02-17,2023-02,Friday,15
USER_0540,2023-04-15 21:35:08,服装鞋帽,161.59,1,161.59,4.0,支付宝,2023-04-15,2023-04,Saturday,21
USER_0569,2023-02-23 12:15:19,服装鞋帽,63.75,3,191.25,2.0,支付宝,2023-02-23,2023-02,Thursday,12
USER_0078,2023-01-22 20:16:59,电子产品,2226.28,5,6641.0175,3.0,支付宝,2023-01-22,2023-01,Sunday,20
USER_0253,2023-02-26 18:26:34,食品饮料,132.96,4,1110.13,4.0,微信支付,2023-02-26,2023-02,Sunday,18
USER_0161,2023-04-13 10:22:59,服装鞋帽,131.46,5,657.3,4.0,支付宝,2023-04-13,2023-04,Thursday,10
USER_0240,2023-02-14 09:11:28,电子产品,2294.88875,4,6641.0175,2.0,支付宝,2023-02-14,2023-02,Tuesday,9
USER_0053,2023-03-09 14:33:27,食品饮料,118.14,3,354.42,5.0,支付宝,2023-03-09,2023-03,Thursday,14
USER_0376,2023-03-25 19:57:09,美妆护肤,340.11,5,1700.55,3.0,微信支付,2023-03-25,2023-03,Saturday,19
USER_0066,2023-01-24 14:27:27,美妆护肤,307.87,5,1539.35,3.0,支付宝,2023-01-24,2023-01,Tuesday,14
USER_0059,2023-01-02 15:40:36,运动户外,966.69,3,2900.07,4.0,支付宝,2023-01-02,2023-01,Monday,15
USER_0423,2023-04-02 14:38:16,运动户外,1138.55,1,1138.55,3.0,微信支付,2023-04-02,2023-04,Sunday,14
USER_0042,2023-04-21 21:05:59,美妆护肤,90.76,1,90.76,5.0,支付宝,2023-04-21,2023-04,Friday,21
USER_0295,2023-02-24 12:49:36,运动户外,1514.74,1,1514.74,5.0,银行卡,2023-02-24,2023-02,Friday,12
USER_0083,2023-02-13 12:47:56,运动户外,1471.62,3,4414.86,5.0,支付宝,2023-02-13,2023-02,Monday,12
USER_0395,2023-04-30 14:55:37,服装鞋帽,774.54,3,2323.62,4.0,支付宝,2023-04-30,2023-04,Sunday,14
USER_0008,2023-03-01 16:54:33,电子产品,2294.88875,4,6641.0175,3.0,微信支付,2023-03-01,2023-03,Wednesday,16
USER_0406,2023-04-06 17:48:26,运动户外,1795.46,4,6641.0175,4.0,支付宝,2023-04-06,2023-04,Thursday,17
USER_0581,2023-04-07 12:29:44,电子产品,2294.88875,3,6641.0175,3.0,支付宝,2023-04-07,2023-04,Friday,12
USER_0328,2023-02-12 19:45:07,服装鞋帽,69.09,1,69.09,4.0,微信支付,2023-02-12,2023-02,Sunday,19
USER_0468,2023-02-20 13:54:36,食品饮料,36.01,2,72.02,3.0,银行卡,2023-02-20,2023-02,Monday,13
USER_0389,2023-03-30 10:59:54,食品饮料,53.69,5,268.45,3.0,支付宝,2023-03-30,2023-03,Thursday,10
USER_0468,2023-01-13 12:01:34,运动户外,1875.87,4,6641.0175,5.0,银行卡,2023-01-13,2023-01,Friday,12
USER_0439,2023-04-13 12:33:26,食品饮料,59.26,1,59.26,5.0,支付宝,2023-04-13,2023-04,Thursday,12
USER_0024,2023-01-15 14:13:05,家居用品,434.25,1,434.25,5.0,微信支付,2023-01-15,2023-01,Sunday,14
USER_0039,2023-02-21 20:43:08,图书音像,193.78,1,193.78,4.0,支付宝,2023-02-21,2023-02,Tuesday,20
USER_0484,2023-03-22 10:51:22,家居用品,981.97,4,3927.88,3.0,支付宝,2023-03-22,2023-03,Wednesday,10
USER_0023,2023-04-15 11:02:33,电子产品,1388.12,3,4164.36,1.0,微信支付,2023-04-15,2023-04,Saturday,11
USER_0322,2023-02-08 09:17:05,运动户外,1918.34,2,3836.68,1.0,支付宝,2023-02-08,2023-02,Wednesday,9
USER_0363,2023-04-21 21:55:01,运动户外,1221.44,2,2442.88,4.0,支付宝,2023-04-21,2023-04,Friday,21
USER_0425,2023-04-29 12:40:35,食品饮料,128.79,2,257.58,5.0,支付宝,2023-04-29,2023-04,Saturday,12
USER_0136,2023-02-24 13:43:12,家居用品,786.42,3,2359.26,5.0,微信支付,2023-02-24,2023-02,Friday,13
USER_0308,2023-03-09 13:17:38,电子产品,1473.06,4,5892.24,2.0,支付宝,2023-03-09,2023-03,Thursday,13
USER_0547,2023-01-17 17:56:34,食品饮料,127.06,3,381.18,4.0,支付宝,2023-01-17,2023-01,Tuesday,17
USER_0177,2023-02-21 09:01:07,食品饮料,108.59,1,108.59,3.0,支付宝,2023-02-21,2023-02,Tuesday,9
USER_0094,2023-03-20 11:52:14,美妆护肤,225.17,2,450.34,4.0,微信支付,2023-03-20,2023-03,Monday,11
USER_0039,2023-03-15 20:16:06,运动户外,699.52,4,2798.08,3.0,支付宝,2023-03-15,2023-03,Wednesday,20
USER_0361,2023-01-13 10:20:47,食品饮料,139.2,5,696.0,2.0,银行卡,2023-01-13,2023-01,Friday,10
USER_0181,2023-04-27 13:26:18,电子产品,2294.88875,4,6641.0175,4.0,微信支付,2023-04-27,2023-04,Thursday,13
USER_0112,2023-03-10 12:40:07,美妆护肤,100.25,5,501.25,1.0,微信支付,2023-03-10,2023-03,Friday,12
USER_0561,2023-02-07 16:06:01,运动户外,1954.16,5,6641.0175,5.0,支付宝,2023-02-07,2023-02,Tuesday,16
USER_0161,2023-01-29 10:14:22,服装鞋帽,228.72,5,1143.6,5.0,微信支付,2023-01-29,2023-01,Sunday,10
USER_0233,2023-04-23 19:49:44,服装鞋帽,334.72,3,1004.16,4.0,微信支付,2023-04-23,2023-04,Sunday,19
USER_0227,2023-01-06 20:44:43,美妆护肤,179.68,3,539.04,5.0,支付宝,2023-01-06,2023-01,Friday,20
USER_0107,2023-02-05 11:05:24,图书音像,48.81,5,1110.13,5.0,微信支付,2023-02-05,2023-02,Sunday,11
USER_0498,2023-03-26 09:23:52,美妆护肤,462.77,3,1388.31,4.0,支付宝,2023-03-26,2023-03,Sunday,9
USER_0593,2023-04-10 21:06:15,家居用品,944.06,3,2832.18,5.0,银行卡,2023-04-10,2023-04,Monday,21
USER_0105,2023-03-31 18:11:29,服装鞋帽,374.25,5,1871.25,5.0,支付宝,2023-03-31,2023-03,Friday,18
USER_0028,2023-01-26 19:51:48,美妆护肤,193.02,2,386.04,4.0,银行卡,2023-01-26,2023-01,Thursday,19
USER_0337,2023-01-26 12:24:12,图书音像,148.38,4,593.52,3.0,微信支付,2023-01-26,2023-01,Thursday,12
USER_0310,2023-03-28 19:30:05,运动户外,1175.23,5,5876.15,4.0,银行卡,2023-03-28,2023-03,Tuesday,19
USER_0036,2023-01-17 20:27:21,服装鞋帽,603.86,3,1811.58,5.0,支付宝,2023-01-17,2023-01,Tuesday,20
USER_0317,2023-03-19 17:17:50,电子产品,2294.88875,4,6641.0175,3.0,支付宝,2023-03-19,2023-03,Sunday,17
USER_0497,2023-03-26 09:52:55,图书音像,96.88,5,484.4,4.0,微信支付,2023-03-26,2023-03,Sunday,9
USER_0023,2023-03-18 14:52:48,服装鞋帽,366.86,4,1467.44,5.0,支付宝,2023-03-18,2023-03,Saturday,14
USER_0346,2023-03-06 17:14:51,运动户外,1438.52,2,2877.04,4.0,支付宝,2023-03-06,2023-03,Monday,17
USER_0050,2023-01-14 14:11:19,服装鞋帽,351.83,1,351.83,5.0,支付宝,2023-01-14,2023-01,Saturday,14
USER_0164,2023-03-05 09:33:15,食品饮料,186.21,2,372.42,4.0,微信支付,2023-03-05,2023-03,Sunday,9
USER_0193,2023-02-24 12:58:13,美妆护肤,229.04,2,458.08,2.0,微信支付,2023-02-24,2023-02,Friday,12
USER_0422,2023-03-09 15:29:29,运动户外,1917.44,1,1917.44,5.0,支付宝,2023-03-09,2023-03,Thursday,15
USER_0394,2023-02-26 20:13:35,家居用品,618.13,1,618.13,4.0,微信支付,2023-02-26,2023-02,Sunday,20
USER_0271,2023-04-18 11:42:46,家居用品,81.43,3,244.29,3.0,微信支付,2023-04-18,2023-04,Tuesday,11
USER_0522,2023-04-22 14:40:42,运动户外,428.6,5,2143.0,3.0,支付宝,2023-04-22,2023-04,Saturday,14
USER_0005,2023-04-13 17:52:17,食品饮料,190.31,3,570.93,5.0,微信支付,2023-04-13,2023-04,Thursday,17
USER_0152,2023-04-30 16:32:37,服装鞋帽,169.14,2,338.28,3.0,支付宝,2023-04-30,2023-04,Sunday,16
USER_0023,2023-03-27 19:17:39,电子产品,2294.88875,5,6641.0175,5.0,支付宝,2023-03-27,2023-03,Monday,19
USER_0280,2023-04-10 12:44:01,服装鞋帽,167.96,3,503.88,4.0,支付宝,2023-04-10,2023-04,Monday,12
USER_0228,2023-03-15 13:40:37,服装鞋帽,610.04,4,2440.16,5.0,微信支付,2023-03-15,2023-03,Wednesday,13
USER_0123,2023-02-14 17:13:10,图书音像,138.79,3,1110.13,5.0,微信支付,2023-02-14,2023-02,Tuesday,17
USER_0230,2023-02-28 14:33:55,服装鞋帽,587.07,1,587.07,4.0,支付宝,2023-02-28,2023-02,Tuesday,14
USER_0146,2023-01-12 15:50:44,运动户外,688.14,5,3440.7,3.0,支付宝,2023-01-12,2023-01,Thursday,15
USER_0191,2023-03-18 13:13:36,图书音像,184.06,1,184.06,3.0,支付宝,2023-03-18,2023-03,Saturday,13
USER_0531,2023-02-03 10:46:45,美妆护肤,83.46,3,250.38,5.0,银行卡,2023-02-03,2023-02,Friday,10
USER_0374,2023-01-28 11:26:47,服装鞋帽,238.63,5,1193.15,4.0,支付宝,2023-01-28,2023-01,Saturday,11
USER_0069,2023-04-04 09:42:55,电子产品,2294.88875,2,1110.13,4.0,支付宝,2023-04-04,2023-04,Tuesday,9
USER_0051,2023-04-26 09:19:15,电子产品,2294.88875,2,6199.22,3.0,微信支付,2023-04-26,2023-04,Wednesday,9
USER_0488,2023-01-23 19:48:03,电子产品,2294.88875,4,6641.0175,3.0,微信支付,2023-01-23,2023-01,Monday,19
USER_0469,2023-04-15 15:52:15,电子产品,1340.45,1,1340.45,5.0,支付宝,2023-04-15,2023-04,Saturday,15
USER_0073,2023-03-20 15:32:00,服装鞋帽,468.35,5,2341.75,5.0,微信支付,2023-03-20,2023-03,Monday,15
USER_0027,2023-02-07 12:10:20,服装鞋帽,623.18,4,2492.72,4.0,微信支付,2023-02-07,2023-02,Tuesday,12
USER_0030,2023-03-26 14:20:59,美妆护肤,477.49,4,1909.96,2.0,支付宝,2023-03-26,2023-03,Sunday,14
USER_0499,2023-01-18 17:54:36,美妆护肤,416.14,1,416.14,2.0,微信支付,2023-01-18,2023-01,Wednesday,17
USER_0385,2023-02-27 11:20:22,食品饮料,50.14,4,200.56,4.0,支付宝,2023-02-27,2023-02,Monday,11
USER_0599,2023-04-01 19:38:35,食品饮料,29.92,4,119.68,5.0,微信支付,2023-04-01,2023-04,Saturday,19
USER_0148,2023-02-09 11:30:57,图书音像,113.81,4,455.24,5.0,微信支付,2023-02-09,2023-02,Thursday,11
USER_0079,2023-03-18 14:15:31,家居用品,850.06,4,3400.24,3.0,银行卡,2023-03-18,2023-03,Saturday,14
USER_0555,2023-04-30 20:45:43,电子产品,2294.88875,1,4136.25,4.0,支付宝,2023-04-30,2023-04,Sunday,20
USER_0052,2023-02-14 13:41:43,电子产品,2294.88875,4,6641.0175,5.0,微信支付,2023-02-14,2023-02,Tuesday,13
USER_0419,2023-02-27 17:08:05,电子产品,1740.14,4,6641.0175,3.0,支付宝,2023-02-27,2023-02,Monday,17
USER_0548,2023-03-13 21:41:49,图书音像,80.4,2,160.8,3.0,支付宝,2023-03-13,2023-03,Monday,21
USER_0351,2023-03-19 14:46:13,运动户外,1096.28,3,3288.84,5.0,银行卡,2023-03-19,2023-03,Sunday,14
USER_0037,2023-04-17 20:51:56,运动户外,1754.88,1,1754.88,3.0,支付宝,2023-04-17,2023-04,Monday,20
USER_0078,2023-02-08 18:07:23,运动户外,1926.47,4,6641.0175,4.0,微信支付,2023-02-08,2023-02,Wednesday,18
USER_0174,2023-02-16 13:15:04,家居用品,852.14,3,2556.42,4.0,微信支付,2023-02-16,2023-02,Thursday,13
USER_0420,2023-02-16 19:00:49,运动户外,976.64,4,3906.56,5.0,支付宝,2023-02-16,2023-02,Thursday,19
USER_0553,2023-03-17 11:24:49,图书音像,90.64,2,181.28,4.0,微信支付,2023-03-17,2023-03,Friday,11
USER_0357,2023-04-21 12:59:51,食品饮料,62.18,2,124.36,5.0,微信支付,2023-04-21,2023-04,Friday,12
USER_0017,2023-04-27 10:47:12,服装鞋帽,538.62,1,538.62,3.0,支付宝,2023-04-27,2023-04,Thursday,10
USER_0240,2023-03-14 19:23:28,电子产品,1191.47,4,4765.88,5.0,微信支付,2023-03-14,2023-03,Tuesday,19
USER_0084,2023-02-13 15:39:06,食品饮料,12.83,1,12.83,4.0,支付宝,2023-02-13,2023-02,Monday,15
USER_0342,2023-04-08 16:48:44,美妆护肤,136.78,2,273.56,5.0,支付宝,2023-04-08,2023-04,Saturday,16
USER_0347,2023-01-14 15:52:52,电子产品,259.05,1,259.05,5.0,支付宝,2023-01-14,2023-01,Saturday,15
USER_0036,2023-02-19 11:00:16,图书音像,37.32,2,74.64,4.0,微信支付,2023-02-19,2023-02,Sunday,11
USER_0488,2023-04-24 15:26:40,图书音像,157.17,1,157.17,5.0,支付宝,2023-04-24,2023-04,Monday,15
USER_0082,2023-03-19 18:00:41,食品饮料,178.69,2,357.38,4.0,支付宝,2023-03-19,2023-03,Sunday,18
USER_0552,2023-03-06 09:03:06,服装鞋帽,689.27,3,2067.81,5.0,微信支付,2023-03-06,2023-03,Monday,9
USER_0441,2023-02-20 21:23:10,电子产品,2294.88875,3,6641.0175,4.0,微信支付,2023-02-20,2023-02,Monday,21
USER_0312,2023-04-03 16:18:05,运动户外,1742.11,1,1742.11,4.0,支付宝,2023-04-03,2023-04,Monday,16
USER_0042,2023-03-15 18:51:28,服装鞋帽,614.35,5,3071.75,1.0,微信支付,2023-03-15,2023-03,Wednesday,18
USER_0565,2023-03-26 09:45:39,运动户外,1954.83,1,1954.83,5.0,微信支付,2023-03-26,2023-03,Sunday,9
USER_0081,2023-03-06 13:56:05,食品饮料,123.5,5,617.5,4.0,支付宝,2023-03-06,2023-03,Monday,13
USER_0204,2023-04-09 14:14:14,美妆护肤,98.79,2,197.58,4.0,微信支付,2023-04-09,2023-04,Sunday,14
USER_0009,2023-03-16 19:24:21,电子产品,1177.96,5,5889.8,1.0,微信支付,2023-03-16,2023-03,Thursday,19
USER_0157,2023-03-04 17:04:39,电子产品,949.53,4,3798.12,3.0,微信支付,2023-03-04,2023-03,Saturday,17
USER_0406,2023-03-31 13:05:31,电子产品,2294.88875,2,6641.0175,5.0,支付宝,2023-03-31,2023-03,Friday,13
USER_0243,2023-04-18 14:02:01,美妆护肤,174.2,3,522.6,4.0,微信支付,2023-04-18,2023-04,Tuesday,14
USER_0439,2023-03-16 11:30:44,美妆护肤,366.57,4,1466.28,4.0,支付宝,2023-03-16,2023-03,Thursday,11
USER_0532,2023-01-09 18:37:24,电子产品,2294.88875,5,6641.0175,5.0,银行卡,2023-01-09,2023-01,Monday,18
USER_0127,2023-01-21 11:36:52,食品饮料,161.36,5,806.8,1.0,微信支付,2023-01-21,2023-01,Saturday,11
USER_0360,2023-01-01 18:48:50,食品饮料,28.46,2,56.92,3.0,微信支付,2023-01-01,2023-01,Sunday,18
USER_0303,2023-01-14 10:40:13,家居用品,799.78,3,2399.34,3.0,支付宝,2023-01-14,2023-01,Saturday,10
USER_0036,2023-03-20 11:21:33,食品饮料,32.04,2,64.08,4.0,支付宝,2023-03-20,2023-03,Monday,11
USER_0210,2023-04-25 10:44:31,食品饮料,80.04,1,80.04,2.0,银行卡,2023-04-25,2023-04,Tuesday,10
USER_0522,2023-03-10 13:02:18,美妆护肤,214.45,5,1072.25,5.0,支付宝,2023-03-10,2023-03,Friday,13
USER_0294,2023-03-21 12:23:34,家居用品,83.82,2,167.64,3.0,微信支付,2023-03-21,2023-03,Tuesday,12
USER_0506,2023-03-02 21:29:33,美妆护肤,193.18,1,193.18,4.0,支付宝,2023-03-02,2023-03,Thursday,21
USER_0330,2023-03-23 11:06:56,美妆护肤,340.63,4,1362.52,4.0,微信支付,2023-03-23,2023-03,Thursday,11
USER_0486,2023-01-04 13:40:43,家居用品,931.54,3,2794.62,3.0,支付宝,2023-01-04,2023-01,Wednesday,13
USER_0188,2023-03-13 17:17:50,电子产品,621.3,2,1242.6,4.0,微信支付,2023-03-13,2023-03,Monday,17
USER_0528,2023-01-02 10:30:43,食品饮料,88.75,2,177.5,2.0,微信支付,2023-01-02,2023-01,Monday,10
USER_0227,2023-04-25 12:19:54,服装鞋帽,488.47,5,2442.35,4.0,支付宝,2023-04-25,2023-04,Tuesday,12
USER_0220,2023-04-22 18:35:31,电子产品,1289.73,2,2579.46,3.0,银行卡,2023-04-22,2023-04,Saturday,18
USER_0011,2023-02-19 19:34:57,电子产品,2294.88875,4,6641.0175,3.0,微信支付,2023-02-19,2023-02,Sunday,19
USER_0212,2023-04-02 17:10:18,运动户外,836.96,2,1673.92,5.0,微信支付,2023-04-02,2023-04,Sunday,17
USER_0530,2023-03-18 11:04:19,运动户外,1856.01,2,3712.02,4.0,银行卡,2023-03-18,2023-03,Saturday,11
USER_0540,2023-03-15 14:54:16,图书音像,64.39,2,128.78,4.0,支付宝,2023-03-15,2023-03,Wednesday,14
USER_0308,2023-02-05 20:13:57,服装鞋帽,619.08,4,2476.32,4.0,支付宝,2023-02-05,2023-02,Sunday,20
USER_0095,2023-02-09 16:03:30,电子产品,2294.88875,5,6641.0175,4.0,支付宝,2023-02-09,2023-02,Thursday,16
USER_0008,2023-01-09 12:56:40,美妆护肤,382.44,5,1912.2,5.0,支付宝,2023-01-09,2023-01,Monday,12
USER_0211,2023-02-26 20:16:41,食品饮料,52.25,2,104.5,4.0,微信支付,2023-02-26,2023-02,Sunday,20
USER_0579,2023-03-03 11:17:24,电子产品,1279.3,1,1279.3,5.0,支付宝,2023-03-03,2023-03,Friday,11
USER_0247,2023-04-26 21:31:09,电子产品,2294.88875,4,6641.0175,2.0,银行卡,2023-04-26,2023-04,Wednesday,21
USER_0252,2023-03-08 13:52:01,运动户外,958.59,3,2875.77,2.0,支付宝,2023-03-08,2023-03,Wednesday,13
USER_0577,2023-02-08 11:44:25,美妆护肤,403.41,4,1613.64,5.0,银行卡,2023-02-08,2023-02,Wednesday,11
USER_0166,2023-02-28 18:51:55,图书音像,103.01,5,515.05,3.0,支付宝,2023-02-28,2023-02,Tuesday,18
USER_0335,2023-02-01 16:32:17,美妆护肤,278.89,2,557.78,5.0,支付宝,2023-02-01,2023-02,Wednesday,16
USER_0481,2023-01-23 16:04:33,家居用品,762.33,5,3811.65,2.0,微信支付,2023-01-23,2023-01,Monday,16
USER_0357,2023-01-15 10:49:24,电子产品,1573.95,1,1573.95,3.0,支付宝,2023-01-15,2023-01,Sunday,10
USER_0452,2023-02-13 11:01:25,服装鞋帽,646.32,3,1938.96,1.0,支付宝,2023-02-13,2023-02,Monday,11
USER_0419,2023-01-13 16:08:44,家居用品,410.27,2,820.54,5.0,支付宝,2023-01-13,2023-01,Friday,16
USER_0023,2023-04-14 09:44:06,美妆护肤,39.21,3,117.63,3.0,微信支付,2023-04-14,2023-04,Friday,9
USER_0500,2023-04-20 16:04:50,图书音像,69.06,1,69.06,5.0,银行卡,2023-04-20,2023-04,Thursday,16
USER_0483,2023-03-20 21:02:10,食品饮料,65.54,3,196.62,4.0,支付宝,2023-03-20,2023-03,Monday,21
USER_0140,2023-02-26 20:12:23,运动户外,1081.17,5,5405.85,5.0,支付宝,2023-02-26,2023-02,Sunday,20
USER_0149,2023-04-21 20:50:20,家居用品,47.61,1,47.61,5.0,支付宝,2023-04-21,2023-04,Friday,20
USER_0590,2023-01-06 09:21:33,服装鞋帽,292.98,4,1171.92,4.0,支付宝,2023-01-06,2023-01,Friday,9
USER_0479,2023-03-31 16:31:09,美妆护肤,78.34,5,391.7,2.0,微信支付,2023-03-31,2023-03,Friday,16
USER_0305,2023-02-03 17:43:50,运动户外,1715.82,4,6641.0175,1.0,微信支付,2023-02-03,2023-02,Friday,17
USER_0047,2023-04-24 11:47:31,服装鞋帽,757.29,5,3786.45,3.0,银行卡,2023-04-24,2023-04,Monday,11
USER_0176,2023-03-28 20:02:31,食品饮料,76.5,1,76.5,4.0,支付宝,2023-03-28,2023-03,Tuesday,20
USER_0112,2023-03-20 18:14:00,家居用品,945.32,2,1890.64,4.0,微信支付,2023-03-20,2023-03,Monday,18
USER_0509,2023-04-05 19:53:15,家居用品,59.86,1,59.86,5.0,微信支付,2023-04-05,2023-04,Wednesday,19
USER_0246,2023-03-31 16:23:07,电子产品,2294.88875,1,2723.75,5.0,微信支付,2023-03-31,2023-03,Friday,16
USER_0446,2023-04-18 12:36:07,电子产品,1399.39,3,4198.17,5.0,微信支付,2023-04-18,2023-04,Tuesday,12
USER_0024,2023-02-16 10:19:27,服装鞋帽,504.84,5,2524.2,5.0,银行卡,2023-02-16,2023-02,Thursday,10
USER_0440,2023-03-30 21:27:15,图书音像,52.51,5,262.55,1.0,微信支付,2023-03-30,2023-03,Thursday,21
USER_0365,2023-01-27 09:16:47,家居用品,446.54,1,446.54,4.0,支付宝,2023-01-27,2023-01,Friday,9
USER_0378,2023-03-31 15:05:27,服装鞋帽,367.69,3,1103.07,5.0,支付宝,2023-03-31,2023-03,Friday,15
USER_0177,2023-03-06 15:28:58,食品饮料,15.91,3,47.73,4.0,微信支付,2023-03-06,2023-03,Monday,15
USER_0483,2023-01-06 11:04:08,电子产品,2186.76,5,6641.0175,3.0,支付宝,2023-01-06,2023-01,Friday,11
USER_0405,2023-04-01 14:37:48,图书音像,196.95,5,984.75,4.0,支付宝,2023-04-01,2023-04,Saturday,14
USER_0507,2023-01-08 13:29:50,美妆护肤,282.01,4,1128.04,3.0,微信支付,2023-01-08,2023-01,Sunday,13
USER_0155,2023-03-18 13:53:47,服装鞋帽,162.42,4,649.68,2.0,微信支付,2023-03-18,2023-03,Saturday,13
USER_0247,2023-01-27 21:54:34,家居用品,822.24,2,1644.48,5.0,支付宝,2023-01-27,2023-01,Friday,21
USER_0276,2023-04-06 14:39:31,电子产品,2294.88875,4,6641.0175,3.0,微信支付,2023-04-06,2023-04,Thursday,14
USER_0565,2023-03-26 10:39:52,美妆护肤,40.32,1,40.32,1.0,微信支付,2023-03-26,2023-03,Sunday,10
USER_0566,2023-03-06 10:03:13,电子产品,2294.88875,4,6641.0175,2.0,支付宝,2023-03-06,2023-03,Monday,10
USER_0561,2023-01-08 20:45:20,美妆护肤,373.61,2,747.22,3.0,支付宝,2023-01-08,2023-01,Sunday,20
USER_0361,2023-01-18 11:48:51,食品饮料,77.67,2,155.34,5.0,微信支付,2023-01-18,2023-01,Wednesday,11
USER_0031,2023-03-02 13:40:40,家居用品,646.55,1,646.55,3.0,微信支付,2023-03-02,2023-03,Thursday,13
USER_0302,2023-02-07 11:00:47,运动户外,1473.06,2,2946.12,3.0,支付宝,2023-02-07,2023-02,Tuesday,11
USER_0018,2023-04-05 19:26:15,服装鞋帽,177.42,4,709.68,4.0,微信支付,2023-04-05,2023-04,Wednesday,19
USER_0283,2023-03-08 20:29:08,电子产品,2294.88875,1,4327.1,4.0,银行卡,2023-03-08,2023-03,Wednesday,20
USER_0591,2023-02-20 19:07:59,电子产品,641.65,2,1283.3,5.0,微信支付,2023-02-20,2023-02,Monday,19
USER_0594,2023-01-04 19:21:02,电子产品,2294.88875,1,3672.17,4.0,支付宝,2023-01-04,2023-01,Wednesday,19
USER_0026,2023-01-08 10:15:37,电子产品,2227.67,4,6641.0175,3.0,支付宝,2023-01-08,2023-01,Sunday,10
USER_0046,2023-02-04 21:11:51,运动户外,797.75,2,1595.5,3.0,微信支付,2023-02-04,2023-02,Saturday,21
USER_0595,2023-02-27 13:00:23,服装鞋帽,498.61,2,997.22,4.0,支付宝,2023-02-27,2023-02,Monday,13
USER_0458,2023-04-05 21:21:22,服装鞋帽,622.72,4,2490.88,4.0,支付宝,2023-04-05,2023-04,Wednesday,21
USER_0552,2023-02-08 16:07:17,美妆护肤,45.61,2,91.22,5.0,支付宝,2023-02-08,2023-02,Wednesday,16
USER_0254,2023-03-14 15:40:19,服装鞋帽,643.62,1,643.62,2.0,微信支付,2023-03-14,2023-03,Tuesday,15
USER_0109,2023-01-24 19:06:08,服装鞋帽,618.39,5,3091.95,4.0,支付宝,2023-01-24,2023-01,Tuesday,19
USER_0571,2023-02-21 14:01:28,服装鞋帽,125.16,4,500.64,4.0,支付宝,2023-02-21,2023-02,Tuesday,14
USER_0596,2023-02-10 15:44:17,图书音像,134.27,2,268.54,5.0,支付宝,2023-02-10,2023-02,Friday,15
USER_0037,2023-03-05 19:21:50,服装鞋帽,769.83,3,2309.49,4.0,微信支付,2023-03-05,2023-03,Sunday,19
USER_0079,2023-04-03 10:28:09,家居用品,54.22,4,216.88,4.0,支付宝,2023-04-03,2023-04,Monday,10
USER_0540,2023-01-14 20:33:12,运动户外,513.51,1,513.51,2.0,支付宝,2023-01-14,2023-01,Saturday,20
USER_0156,2023-04-05 09:52:22,服装鞋帽,533.77,3,1601.31,5.0,支付宝,2023-04-05,2023-04,Wednesday,9
USER_0220,2023-02-10 20:12:41,电子产品,2294.88875,5,6641.0175,5.0,微信支付,2023-02-10,2023-02,Friday,20
USER_0220,2023-01-15 13:10:55,电子产品,2073.39,2,4146.78,3.0,微信支付,2023-01-15,2023-01,Sunday,13
USER_0340,2023-01-29 18:52:28,服装鞋帽,361.78,2,723.56,5.0,支付宝,2023-01-29,2023-01,Sunday,18
USER_0542,2023-02-20 09:17:13,食品饮料,142.43,4,569.72,5.0,微信支付,2023-02-20,2023-02,Monday,9
USER_0036,2023-02-16 14:21:31,电子产品,2294.88875,3,6641.0175,4.0,支付宝,2023-02-16,2023-02,Thursday,14
USER_0002,2023-03-07 14:54:50,服装鞋帽,180.58,4,722.32,4.0,微信支付,2023-03-07,2023-03,Tuesday,14
USER_0421,2023-04-23 18:35:22,电子产品,1159.54,1,1159.54,2.0,支付宝,2023-04-23,2023-04,Sunday,18
USER_0446,2023-04-14 19:55:55,食品饮料,141.09,4,564.36,5.0,支付宝,2023-04-14,2023-04,Friday,19
USER_0034,2023-04-06 11:53:41,运动户外,1037.42,2,2074.84,4.0,支付宝,2023-04-06,2023-04,Thursday,11
USER_0327,2023-03-15 18:46:11,食品饮料,90.54,3,271.62,4.0,支付宝,2023-03-15,2023-03,Wednesday,18
USER_0282,2023-04-23 15:55:54,美妆护肤,409.87,1,409.87,4.0,微信支付,2023-04-23,2023-04,Sunday,15
USER_0178,2023-04-27 12:07:31,运动户外,857.43,2,1714.86,3.0,支付宝,2023-04-27,2023-04,Thursday,12
USER_0518,2023-01-04 19:28:41,电子产品,2294.88875,5,6641.0175,2.0,微信支付,2023-01-04,2023-01,Wednesday,19
USER_0209,2023-04-30 11:38:59,美妆护肤,92.76,2,185.52,4.0,微信支付,2023-04-30,2023-04,Sunday,11
USER_0374,2023-01-14 11:27:57,服装鞋帽,720.9,3,2162.7,5.0,微信支付,2023-01-14,2023-01,Saturday,11
USER_0383,2023-02-21 21:35:26,家居用品,488.62,1,488.62,5.0,微信支付,2023-02-21,2023-02,Tuesday,21
USER_0516,2023-03-16 10:41:48,家居用品,279.93,1,279.93,5.0,银行卡,2023-03-16,2023-03,Thursday,10
USER_0162,2023-01-27 21:35:26,家居用品,939.62,5,1110.13,2.0,微信支付,2023-01-27,2023-01,Friday,21
USER_0416,2023-02-11 13:24:31,电子产品,2294.88875,2,6641.0175,3.0,微信支付,2023-02-11,2023-02,Saturday,13
USER_0599,2023-02-09 09:24:35,美妆护肤,308.89,2,617.78,4.0,微信支付,2023-02-09,2023-02,Thursday,9
USER_0288,2023-04-07 12:27:15,食品饮料,63.5,3,190.5,2.0,微信支付,2023-04-07,2023-04,Friday,12
USER_0381,2023-03-17 17:37:27,食品饮料,86.12,3,258.36,5.0,微信支付,2023-03-17,2023-03,Friday,17
USER_0074,2023-04-21 15:38:09,服装鞋帽,62.4,2,124.8,5.0,支付宝,2023-04-21,2023-04,Friday,15
USER_0173,2023-03-20 10:28:03,服装鞋帽,90.77,3,272.31,3.0,支付宝,2023-03-20,2023-03,Monday,10
USER_0236,2023-01-31 13:59:58,运动户外,470.76,3,1412.28,1.0,微信支付,2023-01-31,2023-01,Tuesday,13
USER_0509,2023-01-14 09:12:40,美妆护肤,496.28,2,992.56,4.0,支付宝,2023-01-14,2023-01,Saturday,9
USER_0187,2023-03-22 11:33:39,电子产品,904.78,1,904.78,3.0,微信支付,2023-03-22,2023-03,Wednesday,11
USER_0533,2023-04-03 19:24:37,电子产品,2294.88875,4,6641.0175,3.0,微信支付,2023-04-03,2023-04,Monday,19
USER_0549,2023-01-16 13:11:23,运动户外,559.2,3,1677.6,3.0,银行卡,2023-01-16,2023-01,Monday,13
USER_0491,2023-01-27 13:43:34,食品饮料,30.26,2,60.52,3.0,支付宝,2023-01-27,2023-01,Friday,13
USER_0466,2023-02-25 15:32:33,电子产品,177.88,2,355.76,4.0,支付宝,2023-02-25,2023-02,Saturday,15
USER_0097,2023-02-24 10:33:52,服装鞋帽,283.55,5,1417.75,2.0,微信支付,2023-02-24,2023-02,Friday,10
USER_0596,2023-03-15 12:17:52,服装鞋帽,194.4,2,388.8,5.0,支付宝,2023-03-15,2023-03,Wednesday,12
USER_0523,2023-02-03 15:19:52,家居用品,907.04,5,4535.2,5.0,微信支付,2023-02-03,2023-02,Friday,15
USER_0413,2023-01-25 16:12:26,美妆护肤,304.0,4,1216.0,3.0,微信支付,2023-01-25,2023-01,Wednesday,16
USER_0533,2023-03-27 10:38:47,运动户外,1444.68,4,5778.72,1.0,微信支付,2023-03-27,2023-03,Monday,10
USER_0455,2023-03-14 09:15:17,服装鞋帽,113.47,4,453.88,5.0,微信支付,2023-03-14,2023-03,Tuesday,9
USER_0363,2023-04-19 19:50:07,服装鞋帽,525.54,4,2102.16,3.0,微信支付,2023-04-19,2023-04,Wednesday,19
USER_0508,2023-03-22 19:04:15,电子产品,1273.49,2,2546.98,3.0,支付宝,2023-03-22,2023-03,Wednesday,19
USER_0176,2023-04-27 18:21:43,电子产品,1595.74,4,6382.96,5.0,微信支付,2023-04-27,2023-04,Thursday,18
USER_0229,2023-01-24 20:32:19,食品饮料,91.67,5,458.35,4.0,微信支付,2023-01-24,2023-01,Tuesday,20
USER_0356,2023-01-14 11:06:58,食品饮料,175.69,2,351.38,3.0,微信支付,2023-01-14,2023-01,Saturday,11
USER_0196,2023-01-17 09:27:29,服装鞋帽,550.41,5,2752.05,5.0,微信支付,2023-01-17,2023-01,Tuesday,9
USER_0285,2023-04-30 12:34:51,图书音像,74.03,4,296.12,5.0,支付宝,2023-04-30,2023-04,Sunday,12
USER_0264,2023-02-24 10:12:39,服装鞋帽,629.98,5,3149.9,4.0,银行卡,2023-02-24,2023-02,Friday,10
USER_0475,2023-02-05 15:54:20,美妆护肤,82.7,2,165.4,3.0,微信支付,2023-02-05,2023-02,Sunday,15
USER_0402,2023-04-20 18:38:29,电子产品,2294.88875,2,5969.16,5.0,支付宝,2023-04-20,2023-04,Thursday,18
USER_0074,2023-02-01 09:37:14,家居用品,982.58,4,3930.32,2.0,支付宝,2023-02-01,2023-02,Wednesday,9
USER_0134,2023-04-04 17:07:30,服装鞋帽,448.92,4,1110.13,5.0,微信支付,2023-04-04,2023-04,Tuesday,17
USER_0013,2023-01-24 16:13:27,美妆护肤,151.05,1,151.05,4.0,支付宝,2023-01-24,2023-01,Tuesday,16
USER_0544,2023-01-13 09:31:55,电子产品,498.27,2,996.54,1.0,微信支付,2023-01-13,2023-01,Friday,9
USER_0148,2023-01-16 11:48:36,食品饮料,16.32,3,48.96,3.0,微信支付,2023-01-16,2023-01,Monday,11
USER_0399,2023-03-22 10:16:51,食品饮料,51.17,3,153.51,3.0,微信支付,2023-03-22,2023-03,Wednesday,10
USER_0161,2023-02-02 12:03:00,食品饮料,85.61,3,256.83,4.0,支付宝,2023-02-02,2023-02,Thursday,12
USER_0149,2023-03-01 21:02:03,运动户外,1399.05,3,4197.15,2.0,银行卡,2023-03-01,2023-03,Wednesday,21
USER_0295,2023-01-19 11:18:11,美妆护肤,129.21,4,516.84,2.0,微信支付,2023-01-19,2023-01,Thursday,11
USER_0075,2023-04-11 18:17:43,电子产品,335.21,2,670.42,4.0,微信支付,2023-04-11,2023-04,Tuesday,18
USER_0087,2023-02-22 17:03:29,服装鞋帽,703.17,2,1406.34,1.0,微信支付,2023-02-22,2023-02,Wednesday,17
USER_0408,2023-01-07 21:26:47,美妆护肤,268.6,2,537.2,5.0,支付宝,2023-01-07,2023-01,Saturday,21
USER_0288,2023-04-01 09:52:51,服装鞋帽,180.04,4,720.16,2.0,支付宝,2023-04-01,2023-04,Saturday,9
USER_0470,2023-03-23 21:42:15,电子产品,2294.88875,5,6641.0175,5.0,支付宝,2023-03-23,2023-03,Thursday,21
USER_0352,2023-01-31 10:11:26,电子产品,772.35,3,2317.05,4.0,微信支付,2023-01-31,2023-01,Tuesday,10
USER_0600,2023-02-13 20:47:23,服装鞋帽,613.85,2,1227.7,2.0,微信支付,2023-02-13,2023-02,Monday,20
USER_0537,2023-01-04 11:10:16,运动户外,922.71,5,4613.55,5.0,微信支付,2023-01-04,2023-01,Wednesday,11
USER_0476,2023-04-29 16:30:19,食品饮料,86.29,3,258.87,4.0,支付宝,2023-04-29,2023-04,Saturday,16
USER_0007,2023-03-01 12:38:04,家居用品,842.61,2,1685.22,5.0,银行卡,2023-03-01,2023-03,Wednesday,12
USER_0156,2023-04-28 12:38:02,电子产品,2294.88875,1,3891.03,4.0,支付宝,2023-04-28,2023-04,Friday,12
USER_0362,2023-04-08 12:04:30,图书音像,192.77,2,385.54,3.0,微信支付,2023-04-08,2023-04,Saturday,12
USER_0001,2023-04-17 17:22:42,运动户外,1835.4,2,3670.8,3.0,微信支付,2023-04-17,2023-04,Monday,17
USER_0349,2023-04-18 19:05:02,家居用品,55.47,3,166.41,4.0,支付宝,2023-04-18,2023-04,Tuesday,19
USER_0161,2023-03-29 09:43:14,电子产品,339.23,4,1356.92,3.0,微信支付,2023-03-29,2023-03,Wednesday,9
USER_0096,2023-03-28 10:06:33,家居用品,474.34,3,1423.02,5.0,微信支付,2023-03-28,2023-03,Tuesday,10
USER_0555,2023-04-10 09:47:02,美妆护肤,96.77,2,193.54,3.0,微信支付,2023-04-10,2023-04,Monday,9
USER_0138,2023-02-21 17:45:54,服装鞋帽,353.28,3,1059.84,3.0,微信支付,2023-02-21,2023-02,Tuesday,17
USER_0538,2023-03-27 13:34:01,电子产品,1029.02,3,3087.06,1.0,支付宝,2023-03-27,2023-03,Monday,13
USER_0210,2023-04-30 14:06:32,图书音像,32.29,3,96.87,4.0,支付宝,2023-04-30,2023-04,Sunday,14
USER_0268,2023-04-26 16:49:39,电子产品,2294.88875,1,3844.68,4.0,支付宝,2023-04-26,2023-04,Wednesday,16
USER_0536,2023-01-02 11:27:18,电子产品,2258.56,5,6641.0175,3.0,支付宝,2023-01-02,2023-01,Monday,11
USER_0234,2023-04-29 11:17:52,电子产品,968.33,4,3873.32,5.0,支付宝,2023-04-29,2023-04,Saturday,11
USER_0530,2023-03-01 10:00:13,美妆护肤,164.85,4,659.4,5.0,微信支付,2023-03-01,2023-03,Wednesday,10
USER_0341,2023-02-11 09:31:19,美妆护肤,467.55,1,467.55,5.0,支付宝,2023-02-11,2023-02,Saturday,9
USER_0330,2023-04-30 16:26:09,美妆护肤,384.8,5,1924.0,3.0,微信支付,2023-04-30,2023-04,Sunday,16
USER_0466,2023-04-09 12:42:36,食品饮料,49.31,4,197.24,5.0,支付宝,2023-04-09,2023-04,Sunday,12
USER_0578,2023-01-08 09:58:37,服装鞋帽,622.14,1,622.14,4.0,微信支付,2023-01-08,2023-01,Sunday,9
USER_0394,2023-01-12 10:57:20,电子产品,2294.88875,1,2320.47,3.0,微信支付,2023-01-12,2023-01,Thursday,10
USER_0160,2023-03-11 09:39:20,运动户外,192.19,1,192.19,4.0,支付宝,2023-03-11,2023-03,Saturday,9
USER_0194,2023-03-12 10:21:49,食品饮料,86.58,4,346.32,5.0,微信支付,2023-03-12,2023-03,Sunday,10
USER_0164,2023-01-13 14:04:51,食品饮料,78.84,1,78.84,4.0,微信支付,2023-01-13,2023-01,Friday,14
USER_0589,2023-02-13 11:25:54,食品饮料,30.1,3,90.3,3.0,微信支付,2023-02-13,2023-02,Monday,11
USER_0293,2023-02-18 11:18:00,家居用品,625.62,5,3128.1,4.0,微信支付,2023-02-18,2023-02,Saturday,11
USER_0506,2023-01-06 09:21:48,图书音像,173.36,5,866.8,4.0,支付宝,2023-01-06,2023-01,Friday,9
USER_0557,2023-03-31 19:07:39,美妆护肤,82.62,1,82.62,5.0,支付宝,2023-03-31,2023-03,Friday,19
USER_0493,2023-01-09 10:31:50,电子产品,2294.88875,3,1110.13,4.0,微信支付,2023-01-09,2023-01,Monday,10
USER_0568,2023-03-14 18:45:49,电子产品,2294.88875,1,3421.58,4.0,支付宝,2023-03-14,2023-03,Tuesday,18
USER_0184,2023-03-08 09:47:07,食品饮料,58.83,1,58.83,5.0,微信支付,2023-03-08,2023-03,Wednesday,9
USER_0473,2023-04-25 12:52:53,电子产品,261.25,5,1306.25,4.0,支付宝,2023-04-25,2023-04,Tuesday,12
USER_0292,2023-03-15 15:35:15,运动户外,1858.17,1,1858.17,2.0,支付宝,2023-03-15,2023-03,Wednesday,15
USER_0385,2023-04-25 16:56:02,美妆护肤,392.55,1,392.55,4.0,微信支付,2023-04-25,2023-04,Tuesday,16
USER_0366,2023-01-04 15:54:43,图书音像,133.89,3,401.67,3.0,支付宝,2023-01-04,2023-01,Wednesday,15
USER_0093,2023-03-17 09:00:09,服装鞋帽,507.98,2,1015.96,2.0,支付宝,2023-03-17,2023-03,Friday,9
USER_0095,2023-04-26 19:05:55,运动户外,1640.33,3,4920.99,4.0,支付宝,2023-04-26,2023-04,Wednesday,19
USER_0419,2023-02-05 12:53:27,服装鞋帽,623.83,1,623.83,5.0,支付宝,2023-02-05,2023-02,Sunday,12
USER_0099,2023-04-23 19:09:57,家居用品,892.56,2,1785.12,3.0,微信支付,2023-04-23,2023-04,Sunday,19
USER_0219,2023-01-18 11:18:11,服装鞋帽,758.17,3,2274.51,4.0,支付宝,2023-01-18,2023-01,Wednesday,11
USER_0428,2023-04-08 19:19:40,服装鞋帽,552.11,2,1104.22,1.0,微信支付,2023-04-08,2023-04,Saturday,19
USER_0542,2023-04-11 13:02:22,电子产品,140.69,1,140.69,5.0,银行卡,2023-04-11,2023-04,Tuesday,13
USER_0405,2023-01-02 14:07:22,电子产品,2294.88875,2,6641.0175,5.0,微信支付,2023-01-02,2023-01,Monday,14
USER_0343,2023-04-07 12:46:17,电子产品,973.35,1,1110.13,4.0,支付宝,2023-04-07,2023-04,Friday,12
USER_0226,2023-02-08 11:30:12,家居用品,343.87,1,343.87,3.0,微信支付,2023-02-08,2023-02,Wednesday,11
USER_0114,2023-04-30 09:31:58,美妆护肤,50.83,3,152.49,3.0,微信支付,2023-04-30,2023-04,Sunday,9
USER_0182,2023-02-26 18:33:06,食品饮料,84.78,2,169.56,4.0,支付宝,2023-02-26,2023-02,Sunday,18
USER_0222,2023-03-16 17:19:59,服装鞋帽,108.37,2,216.74,4.0,微信支付,2023-03-16,2023-03,Thursday,17
USER_0105,2023-04-15 21:39:26,电子产品,2043.38,1,2043.38,4.0,支付宝,2023-04-15,2023-04,Saturday,21
USER_0474,2023-03-03 12:34:05,食品饮料,181.16,2,362.32,3.0,支付宝,2023-03-03,2023-03,Friday,12
USER_0399,2023-01-06 10:23:55,电子产品,2294.88875,4,6641.0175,4.0,微信支付,2023-01-06,2023-01,Friday,10
USER_0065,2023-03-31 11:42:48,家居用品,875.13,5,4375.65,5.0,微信支付,2023-03-31,2023-03,Friday,11
USER_0593,2023-03-10 10:47:16,食品饮料,88.13,4,352.52,3.0,支付宝,2023-03-10,2023-03,Friday,10
USER_0554,2023-03-10 11:42:38,图书音像,137.89,4,551.56,5.0,支付宝,2023-03-10,2023-03,Friday,11
USER_0082,2023-04-23 11:47:42,运动户外,1444.25,5,6641.0175,4.0,银行卡,2023-04-23,2023-04,Sunday,11
USER_0109,2023-01-05 17:23:28,服装鞋帽,477.92,4,1911.68,4.0,微信支付,2023-01-05,2023-01,Thursday,17
USER_0267,2023-01-24 16:06:49,电子产品,2179.38,4,6641.0175,1.0,银行卡,2023-01-24,2023-01,Tuesday,16
USER_0242,2023-03-03 14:36:01,电子产品,2294.88875,1,2603.94,3.0,支付宝,2023-03-03,2023-03,Friday,14
USER_0367,2023-01-12 13:54:55,服装鞋帽,707.64,4,2830.56,5.0,微信支付,2023-01-12,2023-01,Thursday,13
USER_0315,2023-01-20 12:32:14,美妆护肤,438.15,3,1314.45,5.0,微信支付,2023-01-20,2023-01,Friday,12
USER_0440,2023-01-31 14:34:53,服装鞋帽,496.08,4,1984.32,3.0,微信支付,2023-01-31,2023-01,Tuesday,14
USER_0087,2023-01-25 19:28:30,服装鞋帽,561.14,1,561.14,3.0,支付宝,2023-01-25,2023-01,Wednesday,19
USER_0456,2023-01-15 10:38:21,服装鞋帽,61.79,3,185.37,4.0,支付宝,2023-01-15,2023-01,Sunday,10
USER_0055,2023-03-07 11:25:56,食品饮料,71.45,2,142.9,4.0,支付宝,2023-03-07,2023-03,Tuesday,11
USER_0568,2023-02-24 12:49:24,家居用品,555.83,4,2223.32,5.0,微信支付,2023-02-24,2023-02,Friday,12
USER_0487,2023-03-17 13:01:53,运动户外,488.44,5,1110.13,4.0,支付宝,2023-03-17,2023-03,Friday,13
USER_0426,2023-01-24 11:29:36,电子产品,2294.88875,5,6641.0175,5.0,支付宝,2023-01-24,2023-01,Tuesday,11
USER_0085,2023-02-24 15:03:32,电子产品,2294.88875,5,6641.0175,4.0,支付宝,2023-02-24,2023-02,Friday,15
USER_0119,2023-04-04 13:46:29,电子产品,1040.25,2,2080.5,4.0,微信支付,2023-04-04,2023-04,Tuesday,13
USER_0085,2023-02-14 13:39:44,服装鞋帽,116.94,5,584.7,2.0,微信支付,2023-02-14,2023-02,Tuesday,13
USER_0350,2023-01-26 13:12:28,服装鞋帽,402.52,4,1610.08,1.0,支付宝,2023-01-26,2023-01,Thursday,13
USER_0115,2023-03-02 12:14:25,食品饮料,139.76,3,419.28,4.0,支付宝,2023-03-02,2023-03,Thursday,12
USER_0083,2023-02-03 14:22:52,家居用品,790.76,2,1581.52,4.0,支付宝,2023-02-03,2023-02,Friday,14
USER_0369,2023-01-15 14:13:13,图书音像,166.05,3,498.15,2.0,微信支付,2023-01-15,2023-01,Sunday,14
USER_0041,2023-03-16 21:12:26,食品饮料,28.2,1,28.2,3.0,支付宝,2023-03-16,2023-03,Thursday,21
USER_0180,2023-02-23 11:50:31,家居用品,693.85,5,3469.25,4.0,微信支付,2023-02-23,2023-02,Thursday,11
USER_0584,2023-02-20 18:30:25,家居用品,510.36,4,2041.44,3.0,微信支付,2023-02-20,2023-02,Monday,18
USER_0003,2023-04-12 12:35:03,美妆护肤,236.56,1,236.56,4.0,银行卡,2023-04-12,2023-04,Wednesday,12
USER_0436,2023-01-27 19:02:23,电子产品,2294.88875,1,3717.09,5.0,微信支付,2023-01-27,2023-01,Friday,19
USER_0246,2023-03-06 12:20:38,运动户外,1455.99,1,1455.99,4.0,银行卡,2023-03-06,2023-03,Monday,12
USER_0227,2023-02-05 18:35:53,电子产品,2294.88875,5,6641.0175,4.0,微信支付,2023-02-05,2023-02,Sunday,18
USER_0072,2023-04-16 19:31:12,服装鞋帽,121.74,2,243.48,3.0,微信支付,2023-04-16,2023-04,Sunday,19
USER_0216,2023-04-13 13:40:08,服装鞋帽,558.76,5,2793.8,5.0,支付宝,2023-04-13,2023-04,Thursday,13
USER_0077,2023-01-21 16:49:17,电子产品,2294.88875,4,6641.0175,4.0,支付宝,2023-01-21,2023-01,Saturday,16
USER_0161,2023-02-21 10:34:11,美妆护肤,23.77,4,95.08,4.0,支付宝,2023-02-21,2023-02,Tuesday,10
USER_0451,2023-04-20 15:07:31,食品饮料,187.04,3,561.12,2.0,微信支付,2023-04-20,2023-04,Thursday,15
USER_0031,2023-02-22 10:37:56,电子产品,1750.94,5,6641.0175,5.0,支付宝,2023-02-22,2023-02,Wednesday,10
USER_0163,2023-02-17 15:14:44,服装鞋帽,330.32,3,990.96,5.0,支付宝,2023-02-17,2023-02,Friday,15
USER_0110,2023-01-15 20:43:50,电子产品,2294.88875,1,4937.84,4.0,微信支付,2023-01-15,2023-01,Sunday,20
USER_0585,2023-01-15 21:19:07,运动户外,317.08,3,951.24,4.0,微信支付,2023-01-15,2023-01,Sunday,21
USER_0074,2023-01-18 11:42:49,食品饮料,19.5,2,39.0,4.0,支付宝,2023-01-18,2023-01,Wednesday,11
USER_0221,2023-04-16 14:16:58,电子产品,2294.88875,2,6641.0175,5.0,微信支付,2023-04-16,2023-04,Sunday,14
USER_0553,2023-03-10 12:43:47,电子产品,2294.88875,2,5172.18,5.0,微信支付,2023-03-10,2023-03,Friday,12
USER_0322,2023-03-29 19:23:34,食品饮料,140.14,2,280.28,5.0,支付宝,2023-03-29,2023-03,Wednesday,19
USER_0527,2023-04-30 13:34:04,美妆护肤,339.88,5,1110.13,4.0,微信支付,2023-04-30,2023-04,Sunday,13
USER_0554,2023-04-04 16:39:45,服装鞋帽,64.58,1,64.58,2.0,支付宝,2023-04-04,2023-04,Tuesday,16
USER_0325,2023-01-05 12:16:52,服装鞋帽,705.93,1,705.93,3.0,支付宝,2023-01-05,2023-01,Thursday,12
USER_0165,2023-04-03 13:52:31,美妆护肤,281.94,1,281.94,4.0,支付宝,2023-04-03,2023-04,Monday,13
USER_0127,2023-04-08 19:06:16,家居用品,203.18,3,609.54,4.0,支付宝,2023-04-08,2023-04,Saturday,19
USER_0434,2023-04-28 18:04:29,美妆护肤,251.05,5,1255.25,4.0,支付宝,2023-04-28,2023-04,Friday,18
USER_0021,2023-01-01 09:50:13,服装鞋帽,568.31,5,2841.55,4.0,支付宝,2023-01-01,2023-01,Sunday,9
USER_0118,2023-03-10 15:32:12,图书音像,168.28,4,673.12,4.0,支付宝,2023-03-10,2023-03,Friday,15
USER_0097,2023-04-14 09:44:13,电子产品,2294.88875,5,6641.0175,5.0,支付宝,2023-04-14,2023-04,Friday,9
USER_0054,2023-01-27 14:52:39,家居用品,127.57,5,637.85,4.0,支付宝,2023-01-27,2023-01,Friday,14
USER_0292,2023-04-29 13:45:14,服装鞋帽,200.24,1,200.24,4.0,支付宝,2023-04-29,2023-04,Saturday,13
USER_0553,2023-01-15 20:45:57,电子产品,2294.88875,2,6641.0175,4.0,支付宝,2023-01-15,2023-01,Sunday,20
USER_0467,2023-04-28 21:30:43,食品饮料,50.51,3,151.53,4.0,支付宝,2023-04-28,2023-04,Friday,21
USER_0572,2023-03-15 09:14:18,食品饮料,38.43,1,38.43,4.0,银行卡,2023-03-15,2023-03,Wednesday,9
USER_0159,2023-01-18 20:47:29,电子产品,2112.81,3,6338.43,5.0,支付宝,2023-01-18,2023-01,Wednesday,20
USER_0390,2023-04-05 14:14:06,家居用品,484.02,5,2420.1,3.0,银行卡,2023-04-05,2023-04,Wednesday,14
USER_0309,2023-01-26 11:26:39,运动户外,829.92,5,4149.6,5.0,微信支付,2023-01-26,2023-01,Thursday,11
USER_0247,2023-01-27 19:08:56,服装鞋帽,106.52,5,532.6,5.0,微信支付,2023-01-27,2023-01,Friday,19
USER_0076,2023-01-17 10:49:15,美妆护肤,405.8,4,1623.2,4.0,银行卡,2023-01-17,2023-01,Tuesday,10
USER_0273,2023-02-27 18:08:30,美妆护肤,87.6,1,87.6,2.0,微信支付,2023-02-27,2023-02,Monday,18
USER_0311,2023-01-28 14:47:27,服装鞋帽,369.13,3,1107.39,5.0,微信支付,2023-01-28,2023-01,Saturday,14
USER_0394,2023-01-21 13:14:22,运动户外,335.93,5,1679.65,5.0,微信支付,2023-01-21,2023-01,Saturday,13
USER_0234,2023-03-31 16:21:51,食品饮料,193.85,2,387.7,5.0,微信支付,2023-03-31,2023-03,Friday,16
USER_0346,2023-04-09 19:59:30,家居用品,84.29,5,421.45,4.0,支付宝,2023-04-09,2023-04,Sunday,19
USER_0053,2023-03-07 15:43:51,服装鞋帽,58.89,4,235.56,2.0,微信支付,2023-03-07,2023-03,Tuesday,15
USER_0089,2023-02-15 15:30:27,服装鞋帽,543.46,3,1110.13,5.0,微信支付,2023-02-15,2023-02,Wednesday,15
USER_0428,2023-02-11 16:37:27,家居用品,803.16,4,3212.64,4.0,支付宝,2023-02-11,2023-02,Saturday,16
USER_0051,2023-02-22 10:59:44,运动户外,216.47,5,1082.35,4.0,支付宝,2023-02-22,2023-02,Wednesday,10
USER_0241,2023-01-07 18:14:55,美妆护肤,293.47,5,1467.35,4.0,支付宝,2023-01-07,2023-01,Saturday,18
USER_0293,2023-01-18 12:45:01,电子产品,2187.89,5,6641.0175,5.0,微信支付,2023-01-18,2023-01,Wednesday,12
USER_0177,2023-01-01 17:21:28,美妆护肤,175.13,1,175.13,4.0,微信支付,2023-01-01,2023-01,Sunday,17
USER_0260,2023-01-03 09:29:30,电子产品,2294.88875,1,2606.29,2.0,支付宝,2023-01-03,2023-01,Tuesday,9
USER_0407,2023-02-21 10:56:56,食品饮料,14.68,3,44.04,5.0,微信支付,2023-02-21,2023-02,Tuesday,10
USER_0014,2023-04-09 09:51:00,图书音像,144.72,5,723.6,5.0,支付宝,2023-04-09,2023-04,Sunday,9
USER_0137,2023-04-13 10:02:51,美妆护肤,113.08,3,339.24,3.0,银行卡,2023-04-13,2023-04,Thursday,10
USER_0392,2023-03-14 13:02:03,服装鞋帽,77.11,3,231.33,3.0,银行卡,2023-03-14,2023-03,Tuesday,13
USER_0086,2023-03-04 12:36:30,运动户外,1908.92,2,3817.84,4.0,支付宝,2023-03-04,2023-03,Saturday,12
USER_0556,2023-03-23 18:33:22,服装鞋帽,278.7,1,278.7,4.0,支付宝,2023-03-23,2023-03,Thursday,18
USER_0455,2023-01-17 11:47:36,服装鞋帽,525.83,3,1577.49,5.0,微信支付,2023-01-17,2023-01,Tuesday,11
USER_0542,2023-01-08 16:04:11,家居用品,201.76,2,403.52,4.0,微信支付,2023-01-08,2023-01,Sunday,16
USER_0026,2023-03-02 16:58:02,食品饮料,18.03,4,72.12,4.0,支付宝,2023-03-02,2023-03,Thursday,16
USER_0292,2023-01-21 17:53:47,电子产品,854.54,1,854.54,5.0,支付宝,2023-01-21,2023-01,Saturday,17
USER_0271,2023-03-20 14:42:30,运动户外,1365.16,1,1365.16,4.0,微信支付,2023-03-20,2023-03,Monday,14
USER_0444,2023-02-19 12:30:46,美妆护肤,333.71,4,1334.84,5.0,支付宝,2023-02-19,2023-02,Sunday,12
USER_0250,2023-01-19 18:27:14,服装鞋帽,667.69,2,1335.38,4.0,银行卡,2023-01-19,2023-01,Thursday,18
USER_0407,2023-04-02 12:12:26,电子产品,2294.88875,1,4543.04,5.0,支付宝,2023-04-02,2023-04,Sunday,12
USER_0368,2023-01-24 21:02:44,电子产品,1576.98,1,1576.98,3.0,微信支付,2023-01-24,2023-01,Tuesday,21
USER_0129,2023-03-04 14:34:50,图书音像,51.26,5,256.3,3.0,支付宝,2023-03-04,2023-03,Saturday,14
USER_0238,2023-01-24 09:47:09,食品饮料,72.87,3,218.61,4.0,银行卡,2023-01-24,2023-01,Tuesday,9
USER_0355,2023-03-07 17:46:16,服装鞋帽,178.06,4,712.24,5.0,支付宝,2023-03-07,2023-03,Tuesday,17
USER_0254,2023-03-05 18:07:29,电子产品,1389.78,4,5559.12,5.0,银行卡,2023-03-05,2023-03,Sunday,18
USER_0384,2023-04-17 21:07:38,食品饮料,74.76,3,224.28,5.0,支付宝,2023-04-17,2023-04,Monday,21
USER_0482,2023-03-28 09:23:14,美妆护肤,164.19,2,328.38,4.0,支付宝,2023-03-28,2023-03,Tuesday,9
USER_0219,2023-04-16 14:55:05,运动户外,323.52,3,970.56,4.0,支付宝,2023-04-16,2023-04,Sunday,14
USER_0245,2023-03-05 21:46:25,运动户外,164.08,2,328.16,4.0,微信支付,2023-03-05,2023-03,Sunday,21
USER_0115,2023-01-24 17:28:55,服装鞋帽,520.08,5,2600.4,4.0,支付宝,2023-01-24,2023-01,Tuesday,17
USER_0550,2023-03-03 14:08:48,运动户外,1862.23,1,1862.23,3.0,银行卡,2023-03-03,2023-03,Friday,14
USER_0038,2023-01-14 19:10:08,服装鞋帽,347.69,1,347.69,5.0,微信支付,2023-01-14,2023-01,Saturday,19
USER_0244,2023-01-15 10:16:02,美妆护肤,191.07,4,764.28,4.0,微信支付,2023-01-15,2023-01,Sunday,10
USER_0218,2023-04-21 15:18:51,电子产品,2294.88875,4,6641.0175,5.0,微信支付,2023-04-21,2023-04,Friday,15
USER_0089,2023-01-09 17:47:11,电子产品,2294.88875,1,2483.12,3.0,微信支付,2023-01-09,2023-01,Monday,17
USER_0401,2023-01-16 20:20:07,电子产品,2294.88875,3,6641.0175,1.0,支付宝,2023-01-16,2023-01,Monday,20
USER_0184,2023-03-08 18:11:17,服装鞋帽,84.98,2,169.96,4.0,微信支付,2023-03-08,2023-03,Wednesday,18
USER_0170,2023-02-03 16:23:48,服装鞋帽,338.08,1,338.08,5.0,支付宝,2023-02-03,2023-02,Friday,16
USER_0302,2023-02-15 09:01:39,服装鞋帽,377.2,1,377.2,4.0,支付宝,2023-02-15,2023-02,Wednesday,9
USER_0391,2023-04-26 16:07:22,服装鞋帽,270.11,4,1080.44,3.0,微信支付,2023-04-26,2023-04,Wednesday,16
USER_0503,2023-04-12 10:55:30,电子产品,2294.88875,2,6641.0175,3.0,微信支付,2023-04-12,2023-04,Wednesday,10
USER_0031,2023-04-12 11:34:18,电子产品,2294.88875,4,6641.0175,5.0,微信支付,2023-04-12,2023-04,Wednesday,11
USER_0544,2023-03-14 16:25:02,服装鞋帽,454.63,5,2273.15,4.0,银行卡,2023-03-14,2023-03,Tuesday,16
USER_0346,2023-03-25 13:19:13,美妆护肤,365.43,3,1096.29,1.0,微信支付,2023-03-25,2023-03,Saturday,13
USER_0418,2023-04-24 11:39:02,食品饮料,10.25,5,51.25,3.0,银行卡,2023-04-24,2023-04,Monday,11
USER_0311,2023-04-29 16:15:41,电子产品,2294.88875,1,2632.32,3.0,微信支付,2023-04-29,2023-04,Saturday,16
USER_0175,2023-02-23 12:03:29,运动户外,1867.21,5,6641.0175,4.0,微信支付,2023-02-23,2023-02,Thursday,12
USER_0213,2023-04-22 13:03:00,食品饮料,29.63,1,29.63,3.0,微信支付,2023-04-22,2023-04,Saturday,13
USER_0554,2023-02-10 19:24:25,服装鞋帽,544.35,3,1633.05,2.0,支付宝,2023-02-10,2023-02,Friday,19
USER_0099,2023-02-19 16:21:07,电子产品,1625.1,1,1625.1,4.0,支付宝,2023-02-19,2023-02,Sunday,16
USER_0477,2023-03-18 16:47:28,运动户外,646.99,1,646.99,3.0,支付宝,2023-03-18,2023-03,Saturday,16
USER_0008,2023-02-13 18:39:02,食品饮料,66.1,4,264.4,3.0,微信支付,2023-02-13,2023-02,Monday,18
USER_0158,2023-03-07 21:26:58,运动户外,249.68,4,998.72,3.0,支付宝,2023-03-07,2023-03,Tuesday,21
USER_0568,2023-03-16 10:26:25,服装鞋帽,317.13,4,1268.52,4.0,微信支付,2023-03-16,2023-03,Thursday,10
USER_0024,2023-04-22 14:57:39,家居用品,600.83,2,1201.66,4.0,支付宝,2023-04-22,2023-04,Saturday,14
USER_0274,2023-02-18 16:57:14,美妆护肤,106.07,3,318.21,5.0,微信支付,2023-02-18,2023-02,Saturday,16
USER_0064,2023-02-03 10:41:09,服装鞋帽,384.47,4,1537.88,3.0,微信支付,2023-02-03,2023-02,Friday,10
USER_0426,2023-04-01 13:01:33,服装鞋帽,353.39,4,1413.56,4.0,支付宝,2023-04-01,2023-04,Saturday,13
USER_0531,2023-01-09 18:16:49,服装鞋帽,597.85,4,2391.4,4.0,支付宝,2023-01-09,2023-01,Monday,18
USER_0250,2023-04-18 17:33:46,美妆护肤,449.87,4,1799.48,4.0,支付宝,2023-04-18,2023-04,Tuesday,17
USER_0164,2023-03-10 09:00:52,运动户外,945.91,3,2837.73,2.0,微信支付,2023-03-10,2023-03,Friday,9
USER_0501,2023-02-16 21:11:04,美妆护肤,351.2,5,1756.0,5.0,微信支付,2023-02-16,2023-02,Thursday,21
USER_0236,2023-01-02 18:14:45,服装鞋帽,130.93,5,654.65,5.0,支付宝,2023-01-02,2023-01,Monday,18
USER_0469,2023-01-22 09:44:26,食品饮料,66.1,5,330.5,5.0,支付宝,2023-01-22,2023-01,Sunday,9
USER_0298,2023-01-05 19:56:05,电子产品,2294.88875,2,6641.0175,4.0,微信支付,2023-01-05,2023-01,Thursday,19
USER_0410,2023-02-22 20:31:38,食品饮料,179.73,2,359.46,3.0,微信支付,2023-02-22,2023-02,Wednesday,20
USER_0232,2023-01-20 09:39:07,图书音像,52.86,5,264.3,4.0,微信支付,2023-01-20,2023-01,Friday,9
USER_0017,2023-01-18 10:11:15,电子产品,1571.78,3,4715.34,4.0,微信支付,2023-01-18,2023-01,Wednesday,10
USER_0508,2023-01-25 15:09:23,食品饮料,46.16,2,92.32,5.0,支付宝,2023-01-25,2023-01,Wednesday,15
USER_0067,2023-04-20 16:30:47,图书音像,175.73,1,175.73,4.0,银行卡,2023-04-20,2023-04,Thursday,16
USER_0255,2023-03-04 11:53:18,图书音像,99.95,1,99.95,4.0,支付宝,2023-03-04,2023-03,Saturday,11
USER_0393,2023-01-04 17:48:11,美妆护肤,411.14,3,1233.42,5.0,支付宝,2023-01-04,2023-01,Wednesday,17
USER_0247,2023-04-15 16:58:03,家居用品,567.67,3,1703.01,4.0,微信支付,2023-04-15,2023-04,Saturday,16
USER_0423,2023-02-13 14:17:35,图书音像,154.56,1,154.56,5.0,微信支付,2023-02-13,2023-02,Monday,14
USER_0098,2023-03-13 11:40:25,图书音像,27.04,2,54.08,5.0,支付宝,2023-03-13,2023-03,Monday,11
USER_0522,2023-04-19 17:38:35,电子产品,2294.88875,3,6641.0175,2.0,支付宝,2023-04-19,2023-04,Wednesday,17
USER_0537,2023-04-10 17:27:41,图书音像,53.67,3,161.01,5.0,微信支付,2023-04-10,2023-04,Monday,17
USER_0214,2023-04-13 10:57:56,服装鞋帽,90.33,1,90.33,5.0,支付宝,2023-04-13,2023-04,Thursday,10
USER_0180,2023-02-06 15:00:18,运动户外,728.75,4,2915.0,2.0,微信支付,2023-02-06,2023-02,Monday,15
USER_0079,2023-01-22 17:26:54,电子产品,2294.88875,4,6641.0175,4.0,微信支付,2023-01-22,2023-01,Sunday,17
USER_0468,2023-01-25 13:13:21,服装鞋帽,412.93,1,412.93,5.0,支付宝,2023-01-25,2023-01,Wednesday,13
USER_0184,2023-03-05 12:37:10,服装鞋帽,588.76,3,1766.28,4.0,微信支付,2023-03-05,2023-03,Sunday,12
USER_0343,2023-03-01 19:11:58,电子产品,2294.88875,4,1110.13,4.0,支付宝,2023-03-01,2023-03,Wednesday,19
USER_0495,2023-04-20 10:19:17,图书音像,84.61,1,84.61,4.0,支付宝,2023-04-20,2023-04,Thursday,10
USER_0475,2023-01-23 14:43:02,服装鞋帽,740.29,1,740.29,5.0,支付宝,2023-01-23,2023-01,Monday,14
USER_0006,2023-03-16 11:03:28,电子产品,2294.88875,1,4702.2,3.0,银行卡,2023-03-16,2023-03,Thursday,11
USER_0595,2023-03-04 09:14:44,服装鞋帽,562.8,1,562.8,3.0,微信支付,2023-03-04,2023-03,Saturday,9
USER_0184,2023-02-14 11:58:49,电子产品,2294.88875,4,6641.0175,5.0,银行卡,2023-02-14,2023-02,Tuesday,11
USER_0021,2023-03-01 12:53:38,食品饮料,66.66,2,133.32,5.0,支付宝,2023-03-01,2023-03,Wednesday,12
USER_0600,2023-01-24 16:47:11,图书音像,52.67,5,263.35,2.0,银行卡,2023-01-24,2023-01,Tuesday,16
USER_0196,2023-03-25 21:15:09,服装鞋帽,216.44,5,1082.2,4.0,支付宝,2023-03-25,2023-03,Saturday,21
USER_0015,2023-04-17 12:33:59,家居用品,727.62,2,1455.24,4.0,微信支付,2023-04-17,2023-04,Monday,12
USER_0472,2023-01-28 13:09:48,食品饮料,122.22,5,1110.13,5.0,微信支付,2023-01-28,2023-01,Saturday,13
USER_0279,2023-01-27 19:06:48,电子产品,176.48,2,352.96,3.0,微信支付,2023-01-27,2023-01,Friday,19
USER_0482,2023-01-26 15:08:36,运动户外,369.88,3,1109.64,1.0,银行卡,2023-01-26,2023-01,Thursday,15
USER_0498,2023-02-13 14:45:25,服装鞋帽,716.54,2,1433.08,4.0,支付宝,2023-02-13,2023-02,Monday,14
USER_0081,2023-02-03 11:38:17,服装鞋帽,263.73,5,1318.65,4.0,支付宝,2023-02-03,2023-02,Friday,11
USER_0584,2023-01-26 17:00:27,服装鞋帽,796.06,2,1592.12,4.0,支付宝,2023-01-26,2023-01,Thursday,17
USER_0382,2023-02-18 13:30:36,电子产品,2294.88875,1,4735.41,5.0,支付宝,2023-02-18,2023-02,Saturday,13
USER_0454,2023-01-23 16:01:14,电子产品,2294.88875,3,6641.0175,5.0,支付宝,2023-01-23,2023-01,Monday,16
USER_0521,2023-03-06 19:37:07,电子产品,2294.88875,2,6641.0175,5.0,支付宝,2023-03-06,2023-03,Monday,19
USER_0245,2023-02-17 21:53:35,图书音像,191.75,1,191.75,5.0,支付宝,2023-02-17,2023-02,Friday,21
USER_0573,2023-02-15 11:34:16,美妆护肤,109.26,2,218.52,5.0,微信支付,2023-02-15,2023-02,Wednesday,11
USER_0317,2023-04-05 13:12:32,运动户外,1294.82,4,5179.28,4.0,微信支付,2023-04-05,2023-04,Wednesday,13
USER_0216,2023-01-28 19:17:33,服装鞋帽,236.67,2,473.34,3.0,支付宝,2023-01-28,2023-01,Saturday,19
USER_0188,2023-01-01 11:15:57,食品饮料,12.59,1,12.59,4.0,支付宝,2023-01-01,2023-01,Sunday,11
USER_0345,2023-04-30 18:05:30,电子产品,2294.88875,5,6641.0175,5.0,微信支付,2023-04-30,2023-04,Sunday,18
USER_0004,2023-02-19 18:02:11,电子产品,1389.64,4,5558.56,3.0,微信支付,2023-02-19,2023-02,Sunday,18
USER_0290,2023-02-04 11:37:41,服装鞋帽,272.77,1,272.77,5.0,微信支付,2023-02-04,2023-02,Saturday,11
USER_0089,2023-04-11 19:00:20,家居用品,273.28,4,1093.12,3.0,银行卡,2023-04-11,2023-04,Tuesday,19
USER_0375,2023-04-22 20:12:49,服装鞋帽,609.19,2,1218.38,5.0,微信支付,2023-04-22,2023-04,Saturday,20
USER_0537,2023-04-22 14:14:11,美妆护肤,81.06,5,405.3,4.0,支付宝,2023-04-22,2023-04,Saturday,14
USER_0554,2023-03-13 11:01:15,服装鞋帽,687.31,2,1374.62,3.0,支付宝,2023-03-13,2023-03,Monday,11
USER_0237,2023-01-18 12:08:35,图书音像,91.49,2,182.98,4.0,支付宝,2023-01-18,2023-01,Wednesday,12
USER_0366,2023-04-09 14:27:54,电子产品,2294.88875,1,4102.42,4.0,银行卡,2023-04-09,2023-04,Sunday,14
USER_0049,2023-03-06 18:22:47,电子产品,2294.88875,3,6641.0175,3.0,支付宝,2023-03-06,2023-03,Monday,18
USER_0227,2023-03-20 09:49:31,电子产品,2294.88875,5,6641.0175,5.0,支付宝,2023-03-20,2023-03,Monday,9
USER_0435,2023-02-26 15:36:22,电子产品,2116.45,1,2116.45,4.0,微信支付,2023-02-26,2023-02,Sunday,15
USER_0168,2023-04-09 10:35:26,美妆护肤,381.44,2,762.88,5.0,微信支付,2023-04-09,2023-04,Sunday,10
USER_0247,2023-04-14 21:28:04,电子产品,2294.88875,5,6641.0175,1.0,微信支付,2023-04-14,2023-04,Friday,21
USER_0143,2023-03-18 09:53:37,食品饮料,53.51,3,160.53,3.0,支付宝,2023-03-18,2023-03,Saturday,9
USER_0214,2023-04-09 20:50:43,食品饮料,136.36,2,272.72,5.0,银行卡,2023-04-09,2023-04,Sunday,20
USER_0273,2023-02-07 17:09:19,家居用品,771.47,3,2314.41,5.0,微信支付,2023-02-07,2023-02,Tuesday,17
USER_0420,2023-04-08 09:02:22,服装鞋帽,254.77,1,254.77,4.0,支付宝,2023-04-08,2023-04,Saturday,9
USER_0562,2023-03-10 16:28:28,食品饮料,81.63,3,244.89,5.0,微信支付,2023-03-10,2023-03,Friday,16
USER_0065,2023-03-03 19:53:44,食品饮料,178.74,5,893.7,4.0,微信支付,2023-03-03,2023-03,Friday,19
USER_0401,2023-02-22 13:52:47,电子产品,608.37,2,1216.74,3.0,微信支付,2023-02-22,2023-02,Wednesday,13
USER_0486,2023-04-06 13:47:30,电子产品,2294.88875,2,6641.0175,4.0,微信支付,2023-04-06,2023-04,Thursday,13
USER_0025,2023-02-08 10:37:40,家居用品,207.96,1,207.96,4.0,支付宝,2023-02-08,2023-02,Wednesday,10
USER_0082,2023-03-18 19:36:26,图书音像,84.29,2,168.58,4.0,银行卡,2023-03-18,2023-03,Saturday,19
USER_0583,2023-03-13 10:06:51,运动户外,1995.51,4,6641.0175,5.0,支付宝,2023-03-13,2023-03,Monday,10
USER_0127,2023-04-03 16:32:40,美妆护肤,181.04,3,543.12,4.0,微信支付,2023-04-03,2023-04,Monday,16
USER_0090,2023-04-14 12:11:31,美妆护肤,482.7,3,1448.1,5.0,微信支付,2023-04-14,2023-04,Friday,12
USER_0466,2023-04-02 11:58:21,美妆护肤,449.92,2,899.84,5.0,支付宝,2023-04-02,2023-04,Sunday,11
USER_0367,2023-04-07 21:42:13,电子产品,654.78,2,1309.56,5.0,微信支付,2023-04-07,2023-04,Friday,21
USER_0135,2023-03-24 15:46:07,电子产品,603.76,4,2415.04,2.0,支付宝,2023-03-24,2023-03,Friday,15
USER_0399,2023-04-10 13:02:03,运动户外,1020.98,4,4083.92,4.0,银行卡,2023-04-10,2023-04,Monday,13
USER_0571,2023-03-08 19:49:22,电子产品,464.54,5,2322.7,1.0,微信支付,2023-03-08,2023-03,Wednesday,19
USER_0483,2023-01-18 13:44:46,美妆护肤,353.11,1,353.11,3.0,微信支付,2023-01-18,2023-01,Wednesday,13
USER_0523,2023-03-12 16:25:29,家居用品,587.72,3,1763.16,3.0,支付宝,2023-03-12,2023-03,Sunday,16
USER_0573,2023-04-16 15:45:48,食品饮料,125.07,5,625.35,4.0,微信支付,2023-04-16,2023-04,Sunday,15
USER_0170,2023-03-03 18:56:47,服装鞋帽,495.45,2,990.9,5.0,支付宝,2023-03-03,2023-03,Friday,18
USER_0097,2023-01-25 18:28:57,家居用品,101.41,4,405.64,3.0,支付宝,2023-01-25,2023-01,Wednesday,18
USER_0020,2023-04-23 15:36:46,家居用品,402.88,1,402.88,4.0,支付宝,2023-04-23,2023-04,Sunday,15
USER_0278,2023-01-05 13:24:16,电子产品,2294.88875,4,6641.0175,3.0,微信支付,2023-01-05,2023-01,Thursday,13
USER_0391,2023-02-09 21:58:49,图书音像,78.42,5,392.1,5.0,支付宝,2023-02-09,2023-02,Thursday,21
USER_0130,2023-03-20 13:23:49,美妆护肤,178.5,4,714.0,3.0,支付宝,2023-03-20,2023-03,Monday,13
USER_0596,2023-01-30 16:00:23,电子产品,2294.88875,4,6641.0175,5.0,支付宝,2023-01-30,2023-01,Monday,16
USER_0589,2023-03-09 21:16:32,电子产品,2294.88875,4,6641.0175,4.0,支付宝,2023-03-09,2023-03,Thursday,21
USER_0268,2023-01-13 16:00:08,运动户外,1413.79,4,5655.16,5.0,支付宝,2023-01-13,2023-01,Friday,16
USER_0390,2023-03-28 13:49:02,家居用品,210.37,3,631.11,3.0,微信支付,2023-03-28,2023-03,Tuesday,13
USER_0420,2023-01-24 14:37:16,电子产品,2294.88875,3,6641.0175,2.0,银行卡,2023-01-24,2023-01,Tuesday,14
USER_0033,2023-02-12 11:36:46,服装鞋帽,555.31,2,1110.62,5.0,支付宝,2023-02-12,2023-02,Sunday,11
USER_0271,2023-02-06 21:03:21,电子产品,2132.67,2,4265.34,4.0,微信支付,2023-02-06,2023-02,Monday,21
USER_0336,2023-04-04 14:53:23,食品饮料,76.39,2,152.78,5.0,支付宝,2023-04-04,2023-04,Tuesday,14
USER_0425,2023-03-16 14:15:18,电子产品,2294.88875,3,6641.0175,4.0,微信支付,2023-03-16,2023-03,Thursday,14
USER_0058,2023-03-14 15:03:09,美妆护肤,442.68,2,885.36,4.0,微信支付,2023-03-14,2023-03,Tuesday,15
USER_0575,2023-04-26 16:20:33,家居用品,900.48,1,900.48,3.0,支付宝,2023-04-26,2023-04,Wednesday,16
USER_0293,2023-02-17 16:04:55,美妆护肤,34.6,3,103.8,4.0,银行卡,2023-02-17,2023-02,Friday,16
USER_0474,2023-01-15 21:24:29,美妆护肤,39.12,4,156.48,5.0,支付宝,2023-01-15,2023-01,Sunday,21
USER_0230,2023-01-30 18:29:38,服装鞋帽,394.19,5,1970.95,5.0,微信支付,2023-01-30,2023-01,Monday,18
USER_0571,2023-04-13 09:25:25,食品饮料,144.59,4,578.36,2.0,支付宝,2023-04-13,2023-04,Thursday,9
USER_0462,2023-04-07 21:44:23,食品饮料,178.78,2,357.56,5.0,支付宝,2023-04-07,2023-04,Friday,21
USER_0114,2023-03-09 19:45:50,运动户外,96.42,3,289.26,2.0,支付宝,2023-03-09,2023-03,Thursday,19
USER_0111,2023-04-17 14:45:02,电子产品,1324.48,1,1324.48,4.0,支付宝,2023-04-17,2023-04,Monday,14
USER_0123,2023-04-23 15:34:13,食品饮料,112.49,2,224.98,4.0,微信支付,2023-04-23,2023-04,Sunday,15
USER_0230,2023-04-30 19:20:40,食品饮料,69.86,1,69.86,3.0,银行卡,2023-04-30,2023-04,Sunday,19
USER_0512,2023-02-05 18:58:39,运动户外,958.98,4,3835.92,3.0,微信支付,2023-02-05,2023-02,Sunday,18
USER_0329,2023-02-04 16:06:03,电子产品,2294.88875,1,3790.86,4.0,支付宝,2023-02-04,2023-02,Saturday,16
USER_0227,2023-02-27 17:28:55,图书音像,73.94,4,295.76,3.0,支付宝,2023-02-27,2023-02,Monday,17
USER_0376,2023-04-19 17:06:39,美妆护肤,247.24,3,741.72,5.0,支付宝,2023-04-19,2023-04,Wednesday,17
USER_0007,2023-04-01 21:50:16,服装鞋帽,425.11,5,2125.55,4.0,微信支付,2023-04-01,2023-04,Saturday,21
USER_0001,2023-02-02 12:54:13,电子产品,2294.88875,1,2496.19,5.0,支付宝,2023-02-02,2023-02,Thursday,12
USER_0500,2023-04-25 15:00:40,家居用品,465.98,1,465.98,4.0,银行卡,2023-04-25,2023-04,Tuesday,15
USER_0137,2023-04-18 11:22:53,电子产品,1933.44,3,5800.32,3.0,支付宝,2023-04-18,2023-04,Tuesday,11
USER_0065,2023-03-10 11:48:49,家居用品,180.74,2,361.48,4.0,支付宝,2023-03-10,2023-03,Friday,11
USER_0495,2023-01-13 21:15:07,美妆护肤,325.63,4,1302.52,5.0,微信支付,2023-01-13,2023-01,Friday,21
USER_0585,2023-02-17 10:29:31,美妆护肤,365.25,4,1461.0,2.0,微信支付,2023-02-17,2023-02,Friday,10
USER_0074,2023-01-24 21:51:45,图书音像,86.63,1,86.63,5.0,支付宝,2023-01-24,2023-01,Tuesday,21
USER_0375,2023-04-05 18:26:49,电子产品,659.16,3,1977.48,3.0,银行卡,2023-04-05,2023-04,Wednesday,18
USER_0550,2023-02-02 12:37:07,食品饮料,71.67,3,215.01,3.0,银行卡,2023-02-02,2023-02,Thursday,12
USER_0088,2023-01-10 12:49:33,服装鞋帽,683.97,2,1367.94,4.0,支付宝,2023-01-10,2023-01,Tuesday,12
USER_0339,2023-02-09 16:00:34,图书音像,79.19,2,158.38,5.0,支付宝,2023-02-09,2023-02,Thursday,16
USER_0491,2023-02-18 12:41:53,电子产品,1364.06,4,5456.24,5.0,支付宝,2023-02-18,2023-02,Saturday,12
USER_0096,2023-04-17 16:36:38,美妆护肤,180.9,3,542.7,2.0,微信支付,2023-04-17,2023-04,Monday,16
USER_0549,2023-03-14 14:48:18,食品饮料,66.65,1,66.65,3.0,银行卡,2023-03-14,2023-03,Tuesday,14
USER_0201,2023-02-18 17:02:21,美妆护肤,408.24,4,1632.96,4.0,微信支付,2023-02-18,2023-02,Saturday,17
USER_0109,2023-02-04 20:23:39,电子产品,2294.88875,4,6641.0175,2.0,支付宝,2023-02-04,2023-02,Saturday,20
USER_0574,2023-03-22 10:05:43,食品饮料,15.52,1,15.52,1.0,支付宝,2023-03-22,2023-03,Wednesday,10
USER_0238,2023-03-21 20:40:51,家居用品,460.01,1,460.01,2.0,支付宝,2023-03-21,2023-03,Tuesday,20
USER_0229,2023-01-22 11:09:06,图书音像,116.9,2,233.8,4.0,支付宝,2023-01-22,2023-01,Sunday,11
USER_0061,2023-04-18 20:50:37,食品饮料,26.77,4,107.08,5.0,支付宝,2023-04-18,2023-04,Tuesday,20
USER_0206,2023-01-30 17:49:42,家居用品,458.84,1,458.84,4.0,微信支付,2023-01-30,2023-01,Monday,17
USER_0435,2023-01-13 12:41:53,服装鞋帽,720.54,3,2161.62,4.0,银行卡,2023-01-13,2023-01,Friday,12
USER_0032,2023-02-18 13:00:05,电子产品,2294.88875,4,6641.0175,4.0,支付宝,2023-02-18,2023-02,Saturday,13
USER_0366,2023-03-23 21:21:07,美妆护肤,136.81,3,410.43,1.0,微信支付,2023-03-23,2023-03,Thursday,21
USER_0133,2023-04-29 21:46:36,食品饮料,50.83,3,152.49,5.0,支付宝,2023-04-29,2023-04,Saturday,21
USER_0572,2023-03-11 20:57:02,食品饮料,183.82,4,735.28,5.0,支付宝,2023-03-11,2023-03,Saturday,20
USER_0535,2023-04-09 13:42:40,电子产品,2294.88875,5,1110.13,3.0,微信支付,2023-04-09,2023-04,Sunday,13
USER_0488,2023-04-08 11:26:08,服装鞋帽,557.87,4,2231.48,5.0,支付宝,2023-04-08,2023-04,Saturday,11
USER_0018,2023-02-25 13:30:00,食品饮料,16.24,3,48.72,4.0,银行卡,2023-02-25,2023-02,Saturday,13
USER_0367,2023-04-15 09:10:37,电子产品,1232.64,2,2465.28,4.0,支付宝,2023-04-15,2023-04,Saturday,9
USER_0323,2023-02-09 13:51:20,美妆护肤,472.12,1,472.12,5.0,支付宝,2023-02-09,2023-02,Thursday,13
USER_0374,2023-04-26 21:02:12,食品饮料,143.3,5,716.5,5.0,银行卡,2023-04-26,2023-04,Wednesday,21
USER_0304,2023-01-14 09:10:12,食品饮料,53.59,1,53.59,4.0,银行卡,2023-01-14,2023-01,Saturday,9
USER_0135,2023-01-14 14:33:15,食品饮料,139.14,3,417.42,5.0,支付宝,2023-01-14,2023-01,Saturday,14
USER_0001,2023-02-03 21:08:11,服装鞋帽,355.32,1,355.32,4.0,支付宝,2023-02-03,2023-02,Friday,21
USER_0234,2023-04-05 18:40:29,电子产品,1804.05,1,1804.05,4.0,微信支付,2023-04-05,2023-04,Wednesday,18
USER_0464,2023-03-01 12:28:37,服装鞋帽,374.88,1,374.88,3.0,支付宝,2023-03-01,2023-03,Wednesday,12
USER_0402,2023-01-18 21:21:13,食品饮料,89.6,1,89.6,5.0,支付宝,2023-01-18,2023-01,Wednesday,21
USER_0270,2023-04-16 17:28:05,电子产品,2294.88875,2,6641.0175,5.0,微信支付,2023-04-16,2023-04,Sunday,17
USER_0207,2023-01-08 12:49:58,图书音像,91.38,3,274.14,5.0,支付宝,2023-01-08,2023-01,Sunday,12
USER_0441,2023-03-21 17:30:16,美妆护肤,429.4,2,858.8,5.0,微信支付,2023-03-21,2023-03,Tuesday,17
USER_0098,2023-01-12 20:59:51,服装鞋帽,65.43,5,327.15,5.0,微信支付,2023-01-12,2023-01,Thursday,20
USER_0163,2023-03-01 21:30:12,运动户外,955.52,1,955.52,4.0,支付宝,2023-03-01,2023-03,Wednesday,21
USER_0296,2023-04-27 09:40:31,电子产品,2294.88875,5,6641.0175,4.0,微信支付,2023-04-27,2023-04,Thursday,9
USER_0128,2023-01-13 15:22:49,服装鞋帽,233.86,5,1169.3,5.0,微信支付,2023-01-13,2023-01,Friday,15
USER_0290,2023-02-20 14:09:53,服装鞋帽,710.94,5,3554.7,4.0,支付宝,2023-02-20,2023-02,Monday,14
USER_0150,2023-03-05 15:43:39,美妆护肤,33.97,4,135.88,1.0,支付宝,2023-03-05,2023-03,Sunday,15
USER_0172,2023-03-31 17:00:34,服装鞋帽,451.72,2,903.44,3.0,支付宝,2023-03-31,2023-03,Friday,17
USER_0083,2023-01-31 10:17:41,运动户外,261.7,2,523.4,5.0,微信支付,2023-01-31,2023-01,Tuesday,10
USER_0314,2023-02-16 10:51:35,电子产品,2081.95,2,1110.13,1.0,微信支付,2023-02-16,2023-02,Thursday,10
USER_0344,2023-03-15 15:22:42,电子产品,2294.88875,3,6641.0175,5.0,支付宝,2023-03-15,2023-03,Wednesday,15
USER_0062,2023-03-12 20:02:46,家居用品,291.29,2,582.58,3.0,银行卡,2023-03-12,2023-03,Sunday,20
USER_0328,2023-03-17 18:13:08,食品饮料,183.7,4,734.8,4.0,支付宝,2023-03-17,2023-03,Friday,18
USER_0410,2023-02-13 11:05:42,电子产品,2294.88875,2,5594.82,3.0,银行卡,2023-02-13,2023-02,Monday,11
USER_0337,2023-02-01 19:33:23,服装鞋帽,510.12,2,1020.24,2.0,支付宝,2023-02-01,2023-02,Wednesday,19
USER_0485,2023-03-13 21:51:45,电子产品,629.32,2,1258.64,4.0,银行卡,2023-03-13,2023-03,Monday,21
USER_0160,2023-04-27 21:08:01,电子产品,1626.07,2,3252.14,5.0,支付宝,2023-04-27,2023-04,Thursday,21
USER_0177,2023-04-15 21:15:20,运动户外,533.07,5,2665.35,5.0,银行卡,2023-04-15,2023-04,Saturday,21
USER_0576,2023-02-09 16:50:08,电子产品,2294.88875,4,6641.0175,4.0,微信支付,2023-02-09,2023-02,Thursday,16
USER_0080,2023-03-31 17:36:22,服装鞋帽,558.21,3,1674.63,1.0,支付宝,2023-03-31,2023-03,Friday,17
USER_0485,2023-03-24 15:34:12,食品饮料,145.35,4,581.4,4.0,微信支付,2023-03-24,2023-03,Friday,15
USER_0319,2023-03-12 20:45:24,美妆护肤,147.27,3,441.81,1.0,银行卡,2023-03-12,2023-03,Sunday,20
USER_0077,2023-03-23 11:50:36,运动户外,1181.08,1,1181.08,4.0,银行卡,2023-03-23,2023-03,Thursday,11
USER_0461,2023-01-10 09:42:04,服装鞋帽,390.88,4,1563.52,5.0,微信支付,2023-01-10,2023-01,Tuesday,9
USER_0171,2023-04-29 12:20:42,图书音像,90.26,1,90.26,5.0,支付宝,2023-04-29,2023-04,Saturday,12
USER_0496,2023-01-28 10:23:12,电子产品,2294.88875,4,6641.0175,3.0,支付宝,2023-01-28,2023-01,Saturday,10
USER_0395,2023-03-24 15:33:59,食品饮料,94.22,2,188.44,4.0,支付宝,2023-03-24,2023-03,Friday,15
USER_0156,2023-03-09 20:56:59,美妆护肤,401.25,4,1605.0,5.0,支付宝,2023-03-09,2023-03,Thursday,20
USER_0376,2023-03-31 14:55:08,美妆护肤,236.96,4,947.84,4.0,微信支付,2023-03-31,2023-03,Friday,14
USER_0478,2023-01-30 19:30:57,美妆护肤,290.91,1,290.91,5.0,微信支付,2023-01-30,2023-01,Monday,19
USER_0263,2023-04-22 13:33:32,美妆护肤,194.96,3,584.88,5.0,微信支付,2023-04-22,2023-04,Saturday,13
USER_0048,2023-04-17 17:50:49,服装鞋帽,719.51,5,3597.55,4.0,微信支付,2023-04-17,2023-04,Monday,17
USER_0590,2023-04-13 17:27:30,电子产品,2013.81,5,6641.0175,3.0,微信支付,2023-04-13,2023-04,Thursday,17
USER_0464,2023-04-24 09:06:29,电子产品,2157.55,5,6641.0175,3.0,支付宝,2023-04-24,2023-04,Monday,9
USER_0540,2023-02-08 09:39:18,美妆护肤,218.35,4,873.4,1.0,支付宝,2023-02-08,2023-02,Wednesday,9
USER_0120,2023-01-25 17:52:03,电子产品,2294.88875,2,6641.0175,4.0,支付宝,2023-01-25,2023-01,Wednesday,17
USER_0160,2023-03-17 11:51:31,家居用品,483.86,1,483.86,2.0,微信支付,2023-03-17,2023-03,Friday,11
USER_0400,2023-01-12 18:01:17,食品饮料,184.66,4,738.64,4.0,支付宝,2023-01-12,2023-01,Thursday,18
USER_0001,2023-02-12 15:39:33,服装鞋帽,458.88,5,2294.4,3.0,支付宝,2023-02-12,2023-02,Sunday,15
USER_0340,2023-03-31 15:06:49,家居用品,410.36,5,2051.8,2.0,微信支付,2023-03-31,2023-03,Friday,15
USER_0212,2023-03-02 17:12:43,美妆护肤,455.5,4,1822.0,5.0,支付宝,2023-03-02,2023-03,Thursday,17
USER_0202,2023-03-27 20:15:10,电子产品,2294.88875,2,5124.82,4.0,银行卡,2023-03-27,2023-03,Monday,20
USER_0146,2023-02-23 12:20:52,服装鞋帽,620.62,1,620.62,4.0,银行卡,2023-02-23,2023-02,Thursday,12
USER_0144,2023-04-28 12:32:16,食品饮料,129.52,4,518.08,4.0,微信支付,2023-04-28,2023-04,Friday,12
USER_0249,2023-03-09 15:20:20,运动户外,698.5,4,2794.0,3.0,支付宝,2023-03-09,2023-03,Thursday,15
USER_0380,2023-01-12 16:55:14,运动户外,1234.3,3,3702.9,3.0,支付宝,2023-01-12,2023-01,Thursday,16
USER_0427,2023-01-21 12:00:38,食品饮料,49.61,2,99.22,3.0,微信支付,2023-01-21,2023-01,Saturday,12
USER_0474,2023-01-13 20:36:12,家居用品,748.87,5,3744.35,3.0,微信支付,2023-01-13,2023-01,Friday,20
USER_0158,2023-03-16 12:32:46,食品饮料,160.74,1,160.74,5.0,微信支付,2023-03-16,2023-03,Thursday,12
USER_0360,2023-01-28 19:32:45,食品饮料,199.46,2,398.92,4.0,支付宝,2023-01-28,2023-01,Saturday,19
USER_0566,2023-04-08 16:27:21,美妆护肤,290.08,3,870.24,2.0,微信支付,2023-04-08,2023-04,Saturday,16
USER_0067,2023-04-01 11:21:56,图书音像,158.53,4,634.12,4.0,银行卡,2023-04-01,2023-04,Saturday,11
USER_0380,2023-01-15 12:55:32,家居用品,835.33,1,835.33,4.0,微信支付,2023-01-15,2023-01,Sunday,12
USER_0568,2023-01-29 09:33:17,电子产品,2294.88875,2,5521.28,3.0,微信支付,2023-01-29,2023-01,Sunday,9
USER_0010,2023-04-17 13:08:04,图书音像,27.43,1,27.43,5.0,微信支付,2023-04-17,2023-04,Monday,13
USER_0264,2023-02-18 16:38:32,运动户外,1947.91,3,5843.73,3.0,支付宝,2023-02-18,2023-02,Saturday,16
USER_0317,2023-01-03 14:34:20,电子产品,2294.88875,3,6641.0175,4.0,支付宝,2023-01-03,2023-01,Tuesday,14
USER_0567,2023-04-10 11:59:20,电子产品,2294.88875,4,6641.0175,3.0,支付宝,2023-04-10,2023-04,Monday,11
USER_0579,2023-03-12 10:00:57,电子产品,842.89,5,4214.45,2.0,支付宝,2023-03-12,2023-03,Sunday,10
USER_0160,2023-02-14 09:09:08,电子产品,2294.88875,5,6641.0175,5.0,微信支付,2023-02-14,2023-02,Tuesday,9
USER_0494,2023-02-24 18:13:38,电子产品,1778.25,5,6641.0175,2.0,微信支付,2023-02-24,2023-02,Friday,18
USER_0126,2023-01-08 16:19:47,运动户外,462.41,4,1849.64,4.0,支付宝,2023-01-08,2023-01,Sunday,16
USER_0367,2023-04-14 10:55:22,家居用品,473.29,5,2366.45,4.0,支付宝,2023-04-14,2023-04,Friday,10
USER_0347,2023-02-01 20:04:06,电子产品,2294.88875,1,2382.77,2.0,支付宝,2023-02-01,2023-02,Wednesday,20
USER_0535,2023-01-13 18:02:28,电子产品,2153.61,3,6460.83,4.0,微信支付,2023-01-13,2023-01,Friday,18
USER_0598,2023-01-29 20:53:28,运动户外,263.84,5,1319.2,3.0,微信支付,2023-01-29,2023-01,Sunday,20
USER_0358,2023-03-16 12:57:45,服装鞋帽,217.49,2,434.98,4.0,支付宝,2023-03-16,2023-03,Thursday,12
USER_0103,2023-02-02 16:31:54,食品饮料,180.56,3,541.68,5.0,微信支付,2023-02-02,2023-02,Thursday,16
USER_0589,2023-02-23 13:46:31,服装鞋帽,750.31,5,3751.55,5.0,银行卡,2023-02-23,2023-02,Thursday,13
USER_0401,2023-03-19 17:47:26,家居用品,249.96,2,499.92,1.0,支付宝,2023-03-19,2023-03,Sunday,17
USER_0549,2023-03-11 17:14:41,图书音像,57.97,1,57.97,4.0,支付宝,2023-03-11,2023-03,Saturday,17
USER_0053,2023-04-28 21:30:07,美妆护肤,178.53,3,535.59,2.0,支付宝,2023-04-28,2023-04,Friday,21
USER_0205,2023-04-25 12:18:49,服装鞋帽,312.38,4,1249.52,5.0,微信支付,2023-04-25,2023-04,Tuesday,12
USER_0208,2023-02-28 13:46:22,电子产品,676.61,3,2029.83,3.0,微信支付,2023-02-28,2023-02,Tuesday,13
USER_0066,2023-03-21 15:17:38,家居用品,74.46,4,297.84,3.0,支付宝,2023-03-21,2023-03,Tuesday,15
USER_0111,2023-02-26 17:02:29,食品饮料,76.89,4,307.56,4.0,支付宝,2023-02-26,2023-02,Sunday,17
USER_0443,2023-02-05 21:40:08,图书音像,52.0,4,1110.13,4.0,银行卡,2023-02-05,2023-02,Sunday,21
USER_0241,2023-01-26 13:13:15,运动户外,240.34,2,480.68,3.0,微信支付,2023-01-26,2023-01,Thursday,13
USER_0556,2023-03-03 17:14:08,图书音像,21.07,5,105.35,1.0,微信支付,2023-03-03,2023-03,Friday,17
USER_0375,2023-02-04 19:31:54,运动户外,954.28,2,1908.56,2.0,银行卡,2023-02-04,2023-02,Saturday,19
USER_0333,2023-04-15 14:46:15,电子产品,2294.88875,3,6641.0175,4.0,银行卡,2023-04-15,2023-04,Saturday,14
USER_0527,2023-01-14 15:04:51,美妆护肤,477.32,4,1909.28,4.0,支付宝,2023-01-14,2023-01,Saturday,15
USER_0309,2023-03-28 21:32:28,家居用品,925.89,3,2777.67,5.0,银行卡,2023-03-28,2023-03,Tuesday,21
USER_0282,2023-01-03 12:46:04,美妆护肤,295.44,1,1110.13,4.0,支付宝,2023-01-03,2023-01,Tuesday,12
USER_0156,2023-04-04 11:37:41,服装鞋帽,765.68,2,1531.36,5.0,支付宝,2023-04-04,2023-04,Tuesday,11
USER_0198,2023-01-17 20:49:30,服装鞋帽,183.1,2,366.2,3.0,微信支付,2023-01-17,2023-01,Tuesday,20
USER_0107,2023-02-12 19:32:57,电子产品,2294.88875,1,3720.11,4.0,银行卡,2023-02-12,2023-02,Sunday,19
USER_0257,2023-01-21 14:53:03,运动户外,1701.17,4,6641.0175,3.0,银行卡,2023-01-21,2023-01,Saturday,14
USER_0325,2023-01-29 19:24:15,食品饮料,53.38,1,53.38,4.0,支付宝,2023-01-29,2023-01,Sunday,19
USER_0240,2023-04-08 18:47:17,电子产品,2294.88875,3,6641.0175,4.0,支付宝,2023-04-08,2023-04,Saturday,18
USER_0132,2023-04-23 12:50:24,电子产品,2294.88875,1,3810.8,4.0,微信支付,2023-04-23,2023-04,Sunday,12
USER_0223,2023-03-24 10:48:05,电子产品,2294.88875,2,5555.38,3.0,支付宝,2023-03-24,2023-03,Friday,10
USER_0537,2023-03-22 13:32:22,家居用品,539.42,3,1618.26,5.0,支付宝,2023-03-22,2023-03,Wednesday,13
USER_0216,2023-04-21 21:43:54,家居用品,411.85,3,1235.55,3.0,支付宝,2023-04-21,2023-04,Friday,21
USER_0103,2023-03-12 16:41:50,家居用品,467.15,5,2335.75,2.0,支付宝,2023-03-12,2023-03,Sunday,16
USER_0352,2023-01-30 14:37:32,电子产品,2294.88875,4,6641.0175,4.0,支付宝,2023-01-30,2023-01,Monday,14
USER_0254,2023-01-01 16:02:13,服装鞋帽,594.32,3,1782.96,3.0,支付宝,2023-01-01,2023-01,Sunday,16
USER_0541,2023-04-09 10:39:47,服装鞋帽,677.84,1,677.84,4.0,微信支付,2023-04-09,2023-04,Sunday,10
USER_0587,2023-04-15 09:27:31,电子产品,2294.88875,3,6641.0175,5.0,微信支付,2023-04-15,2023-04,Saturday,9
USER_0381,2023-03-17 14:39:47,运动户外,341.72,5,1708.6,5.0,支付宝,2023-03-17,2023-03,Friday,14
USER_0175,2023-04-26 21:26:09,美妆护肤,274.15,3,822.45,4.0,支付宝,2023-04-26,2023-04,Wednesday,21
USER_0587,2023-02-15 18:38:54,电子产品,2239.86,3,6641.0175,5.0,支付宝,2023-02-15,2023-02,Wednesday,18
USER_0027,2023-04-28 15:06:00,电子产品,2294.88875,3,6641.0175,1.0,支付宝,2023-04-28,2023-04,Friday,15
USER_0548,2023-01-06 17:41:49,服装鞋帽,643.37,5,3216.85,4.0,支付宝,2023-01-06,2023-01,Friday,17
USER_0226,2023-02-28 20:43:23,家居用品,914.7,1,914.7,4.0,银行卡,2023-02-28,2023-02,Tuesday,20
USER_0333,2023-01-09 13:40:07,电子产品,2294.88875,1,4008.24,1.0,支付宝,2023-01-09,2023-01,Monday,13
USER_0174,2023-03-19 20:37:19,美妆护肤,36.56,3,109.68,3.0,支付宝,2023-03-19,2023-03,Sunday,20
USER_0330,2023-03-25 10:26:31,图书音像,108.71,1,108.71,4.0,支付宝,2023-03-25,2023-03,Saturday,10
USER_0457,2023-03-13 17:30:41,运动户外,1420.55,4,5682.2,5.0,支付宝,2023-03-13,2023-03,Monday,17
USER_0525,2023-01-16 18:54:30,家居用品,748.59,4,2994.36,5.0,微信支付,2023-01-16,2023-01,Monday,18
USER_0378,2023-02-07 20:30:09,食品饮料,25.67,4,102.68,5.0,支付宝,2023-02-07,2023-02,Tuesday,20
USER_0525,2023-02-10 20:49:39,电子产品,2294.88875,2,6217.84,5.0,支付宝,2023-02-10,2023-02,Friday,20
USER_0191,2023-01-09 20:55:49,服装鞋帽,565.34,1,565.34,4.0,支付宝,2023-01-09,2023-01,Monday,20
USER_0052,2023-04-18 15:44:07,电子产品,1587.35,5,6641.0175,4.0,微信支付,2023-04-18,2023-04,Tuesday,15
USER_0495,2023-02-26 14:18:02,运动户外,1342.47,2,2684.94,5.0,支付宝,2023-02-26,2023-02,Sunday,14
USER_0023,2023-03-03 19:08:53,服装鞋帽,633.59,1,633.59,5.0,支付宝,2023-03-03,2023-03,Friday,19
USER_0113,2023-02-07 20:07:09,服装鞋帽,397.87,1,397.87,4.0,微信支付,2023-02-07,2023-02,Tuesday,20
USER_0456,2023-03-08 13:17:45,食品饮料,34.78,3,104.34,5.0,银行卡,2023-03-08,2023-03,Wednesday,13
USER_0582,2023-02-16 15:43:47,运动户外,231.83,4,927.32,3.0,微信支付,2023-02-16,2023-02,Thursday,15
USER_0263,2023-03-11 16:21:09,服装鞋帽,274.99,4,1099.96,1.0,微信支付,2023-03-11,2023-03,Saturday,16
USER_0385,2023-01-29 17:08:21,电子产品,209.49,5,1047.45,5.0,微信支付,2023-01-29,2023-01,Sunday,17
USER_0463,2023-02-02 18:00:59,美妆护肤,460.99,4,1843.96,5.0,支付宝,2023-02-02,2023-02,Thursday,18
USER_0482,2023-04-27 15:45:56,服装鞋帽,224.94,1,224.94,4.0,银行卡,2023-04-27,2023-04,Thursday,15
USER_0462,2023-03-02 14:31:22,食品饮料,176.88,2,353.76,3.0,银行卡,2023-03-02,2023-03,Thursday,14
USER_0332,2023-01-08 11:08:27,美妆护肤,380.63,1,380.63,5.0,支付宝,2023-01-08,2023-01,Sunday,11
USER_0089,2023-03-18 14:22:35,食品饮料,96.59,2,193.18,2.0,支付宝,2023-03-18,2023-03,Saturday,14
USER_0386,2023-04-09 17:46:44,家居用品,442.65,1,442.65,2.0,微信支付,2023-04-09,2023-04,Sunday,17
USER_0539,2023-01-02 18:29:50,图书音像,126.95,2,253.9,5.0,支付宝,2023-01-02,2023-01,Monday,18
USER_0434,2023-04-05 21:24:58,食品饮料,117.08,2,234.16,5.0,微信支付,2023-04-05,2023-04,Wednesday,21
USER_0582,2023-03-23 09:43:34,食品饮料,97.8,1,97.8,4.0,支付宝,2023-03-23,2023-03,Thursday,9
USER_0501,2023-04-09 13:47:19,家居用品,356.78,5,1783.9,4.0,支付宝,2023-04-09,2023-04,Sunday,13
USER_0185,2023-02-23 13:18:36,电子产品,2294.88875,4,6641.0175,3.0,支付宝,2023-02-23,2023-02,Thursday,13
USER_0001,2023-01-23 15:27:47,家居用品,228.38,1,228.38,4.0,银行卡,2023-01-23,2023-01,Monday,15
USER_0039,2023-03-30 10:05:18,服装鞋帽,351.03,1,351.03,1.0,微信支付,2023-03-30,2023-03,Thursday,10
USER_0111,2023-02-12 10:45:58,电子产品,2294.88875,1,4854.88,5.0,支付宝,2023-02-12,2023-02,Sunday,10
USER_0173,2023-03-06 11:21:07,家居用品,463.95,2,927.9,5.0,微信支付,2023-03-06,2023-03,Monday,11
USER_0199,2023-02-28 18:50:51,家居用品,221.83,1,221.83,5.0,支付宝,2023-02-28,2023-02,Tuesday,18
USER_0153,2023-04-20 10:09:52,电子产品,1086.14,3,3258.42,4.0,微信支付,2023-04-20,2023-04,Thursday,10
USER_0551,2023-02-17 21:58:02,电子产品,1236.73,1,1236.73,5.0,微信支付,2023-02-17,2023-02,Friday,21
USER_0076,2023-03-29 14:41:10,食品饮料,124.96,1,124.96,2.0,微信支付,2023-03-29,2023-03,Wednesday,14
USER_0418,2023-04-30 09:57:47,电子产品,2219.17,3,6641.0175,4.0,支付宝,2023-04-30,2023-04,Sunday,9
USER_0197,2023-02-21 17:46:20,美妆护肤,306.02,4,1224.08,4.0,支付宝,2023-02-21,2023-02,Tuesday,17
USER_0034,2023-01-20 18:33:42,服装鞋帽,103.18,1,103.18,5.0,微信支付,2023-01-20,2023-01,Friday,18
USER_0071,2023-02-16 12:16:02,服装鞋帽,212.93,2,425.86,5.0,支付宝,2023-02-16,2023-02,Thursday,12
USER_0311,2023-04-01 18:56:49,服装鞋帽,242.81,2,485.62,5.0,支付宝,2023-04-01,2023-04,Saturday,18
USER_0062,2023-01-14 18:29:35,家居用品,688.54,3,2065.62,4.0,微信支付,2023-01-14,2023-01,Saturday,18
USER_0276,2023-04-09 18:14:23,电子产品,2141.92,3,6425.76,4.0,银行卡,2023-04-09,2023-04,Sunday,18
