订单ID,用户ID,下单时间,商品类别,商品数量,订单金额,用户评分,是否会员,年份,月份,日期,星期,小时
ORD_000001,USER_0027,2024-03-13 18:43:00,美妆护肤,2,679.94,5.0,是,2024,3,2024-03-13,2,18
ORD_000002,USER_0272,2024-03-18 18:17:00,图书文具,2,160.1,4.0,是,2024,3,2024-03-18,0,18
ORD_000003,USER_0323,2024-02-19 22:48:00,家居用品,4,1681.41,4.0,否,2024,2,2024-02-19,0,22
ORD_000004,USER_0070,2024-02-13 21:29:00,运动户外,4,4728.01,5.0,否,2024,2,2024-02-13,1,21
ORD_000005,USER_0046,2024-02-26 17:02:00,服装鞋帽,4,2638.57,4.0,否,2024,2,2024-02-26,0,17
ORD_000006,USER_0239,2024-04-03 10:39:00,电子产品,1,1066.36,4.0,是,2024,4,2024-04-03,2,10
ORD_000007,USER_0230,2024-04-07 20:11:00,电子产品,2,430.15,4.0,是,2024,4,2024-04-07,6,20
ORD_000008,USER_0334,2024-04-29 22:01:00,美妆护肤,2,183.09,3.0,否,2024,4,2024-04-29,0,22
ORD_000009,USER_0317,2024-02-13 22:50:00,图书文具,2,54.15,3.0,否,2024,2,2024-02-13,1,22
ORD_000010,USER_0032,2024-04-02 15:40:00,服装鞋帽,3,821.9,2.0,否,2024,4,2024-04-02,1,15
ORD_000011,USER_0025,2024-03-21 17:47:00,电子产品,1,275.35,5.0,是,2024,3,2024-03-21,3,17
ORD_000012,USER_0188,2024-04-07 19:00:00,运动户外,1,2409.68,3.0,否,2024,4,2024-04-07,6,19
ORD_000013,USER_0272,2024-01-02 22:07:00,运动户外,4,2462.61,3.0,否,2024,1,2024-01-02,1,22
ORD_000014,USER_0189,2024-02-02 21:38:00,美妆护肤,4,408.79,4.0,是,2024,2,2024-02-02,4,21
ORD_000015,USER_0213,2024-02-27 11:14:00,电子产品,4,4385.08,4.0,否,2024,2,2024-02-27,1,11
ORD_000016,USER_0079,2024-03-20 18:28:00,电子产品,3,4728.01,4.0,否,2024,3,2024-03-20,2,18
ORD_000017,USER_0329,2024-02-02 15:00:00,美妆护肤,2,357.71,2.0,否,2024,2,2024-02-02,4,15
ORD_000018,USER_0011,2024-03-24 10:45:00,服装鞋帽,2,1261.66,4.0,是,2024,3,2024-03-24,6,10
ORD_000019,USER_0001,2024-01-19 11:05:00,电子产品,1,2833.49,4.0,否,2024,1,2024-01-19,4,11
ORD_000020,USER_0308,2024-02-15 20:55:00,家居用品,1,156.86,5.0,是,2024,2,2024-02-15,3,20
ORD_000021,USER_0215,2024-04-06 13:42:00,家居用品,2,848.33,5.0,是,2024,4,2024-04-06,5,13
ORD_000022,USER_0067,2024-01-29 16:08:00,食品饮料,3,378.47,4.0,是,2024,1,2024-01-29,0,16
ORD_000023,USER_0234,2024-01-09 18:12:00,电子产品,3,4728.01,2.0,否,2024,1,2024-01-09,1,18
ORD_000024,USER_0303,2024-01-30 22:49:00,服装鞋帽,2,112.73,4.0,否,2024,1,2024-01-30,1,22
ORD_000025,USER_0142,2024-02-03 12:57:00,服装鞋帽,4,2673.31,2.0,否,2024,2,2024-02-03,5,12
ORD_000026,USER_0145,2024-03-19 18:02:00,美妆护肤,3,492.96,5.0,否,2024,3,2024-03-19,1,18
ORD_000027,USER_0341,2024-01-08 09:51:00,服装鞋帽,3,2195.6,4.0,否,2024,1,2024-01-08,0,9
ORD_000028,USER_0053,2024-02-28 22:22:00,食品饮料,1,70.58,5.0,否,2024,2,2024-02-28,2,22
ORD_000029,USER_0175,2024-01-04 14:52:00,图书文具,3,85.22,5.0,是,2024,1,2024-01-04,3,14
ORD_000030,USER_0160,2024-04-27 13:47:00,图书文具,2,243.9,5.0,否,2024,4,2024-04-27,5,13
ORD_000031,USER_0118,2024-01-08 16:46:00,电子产品,4,4728.01,5.0,是,2024,1,2024-01-08,0,16
ORD_000032,USER_0232,2024-02-20 10:51:00,服装鞋帽,2,1376.03,4.0,否,2024,2,2024-02-20,1,10
ORD_000033,USER_0207,2024-04-15 19:42:00,电子产品,3,4728.01,5.0,否,2024,4,2024-04-15,0,19
ORD_000034,USER_0168,2024-01-21 22:01:00,美妆护肤,3,1752.95,3.0,是,2024,1,2024-01-21,6,22
ORD_000035,USER_0116,2024-03-19 22:53:00,电子产品,1,936.8,4.0,是,2024,3,2024-03-19,1,22
ORD_000036,USER_0152,2024-02-05 13:31:00,电子产品,3,4728.01,5.0,否,2024,2,2024-02-05,0,13
ORD_000037,USER_0044,2024-01-25 21:01:00,食品饮料,3,149.99,5.0,是,2024,1,2024-01-25,3,21
ORD_000038,USER_0093,2024-04-21 19:54:00,食品饮料,3,207.05,4.0,是,2024,4,2024-04-21,6,19
ORD_000039,USER_0078,2024-03-13 16:14:00,运动户外,1,145.96,3.0,否,2024,3,2024-03-13,2,16
ORD_000040,USER_0113,2024-02-29 22:37:00,电子产品,2,4286.93,4.0,是,2024,2,2024-02-29,3,22
ORD_000041,USER_0229,2024-03-20 13:58:00,美妆护肤,1,68.81,4.0,是,2024,3,2024-03-20,2,13
ORD_000042,USER_0225,2024-04-28 09:35:00,电子产品,4,4200.21,5.0,否,2024,4,2024-04-28,6,9
ORD_000043,USER_0016,2024-03-14 09:05:00,运动户外,2,2118.8,5.0,否,2024,3,2024-03-14,3,9
ORD_000044,USER_0265,2024-04-22 11:12:00,服装鞋帽,4,2914.65,5.0,否,2024,4,2024-04-22,0,11
ORD_000045,USER_0351,2024-02-16 22:38:00,图书文具,3,108.57,5.0,否,2024,2,2024-02-16,4,22
ORD_000046,USER_0007,2024-02-27 11:19:00,食品饮料,1,176.56,1.0,否,2024,2,2024-02-27,1,11
ORD_000047,USER_0063,2024-01-26 10:36:00,食品饮料,3,199.74,5.0,否,2024,1,2024-01-26,4,10
ORD_000048,USER_0326,2024-03-31 15:22:00,电子产品,3,4728.01,4.0,是,2024,3,2024-03-31,6,15
ORD_000049,USER_0350,2024-01-31 22:26:00,美妆护肤,4,537.48,4.0,否,2024,1,2024-01-31,2,22
ORD_000050,USER_0291,2024-03-11 20:40:00,电子产品,3,4728.01,5.0,否,2024,3,2024-03-11,0,20
ORD_000051,USER_0002,2024-02-02 17:08:00,美妆护肤,1,308.09,3.0,否,2024,2,2024-02-02,4,17
ORD_000052,USER_0326,2024-02-04 13:56:00,美妆护肤,2,460.15,5.0,否,2024,2,2024-02-04,6,13
ORD_000053,USER_0265,2024-04-17 18:12:00,食品饮料,3,283.87,4.0,是,2024,4,2024-04-17,2,18
ORD_000054,USER_0313,2024-03-26 15:47:00,食品饮料,3,200.54,4.0,否,2024,3,2024-03-26,1,15
ORD_000055,USER_0247,2024-03-24 09:00:00,食品饮料,4,354.79,4.0,是,2024,3,2024-03-24,6,9
ORD_000056,USER_0330,2024-01-30 21:18:00,运动户外,2,1861.4,5.0,否,2024,1,2024-01-30,1,21
ORD_000057,USER_0275,2024-04-28 16:10:00,家居用品,1,183.25,4.0,否,2024,4,2024-04-28,6,16
ORD_000058,USER_0254,2024-01-08 12:40:00,图书文具,1,59.23,5.0,是,2024,1,2024-01-08,0,12
ORD_000059,USER_0138,2024-04-14 17:28:00,食品饮料,4,358.34,4.0,否,2024,4,2024-04-14,6,17
ORD_000060,USER_0109,2024-02-15 10:58:00,家居用品,4,676.16,4.0,否,2024,2,2024-02-15,3,10
ORD_000061,USER_0050,2024-01-21 10:27:00,服装鞋帽,3,1742.24,4.0,否,2024,1,2024-01-21,6,10
ORD_000062,USER_0022,2024-01-09 19:38:00,服装鞋帽,4,2671.87,4.0,否,2024,1,2024-01-09,1,19
ORD_000063,USER_0156,2024-01-30 16:00:00,运动户外,3,4192.19,4.0,是,2024,1,2024-01-30,1,16
ORD_000064,USER_0050,2024-01-06 17:05:00,食品饮料,3,320.95,2.0,否,2024,1,2024-01-06,5,17
ORD_000065,USER_0290,2024-02-19 22:03:00,家居用品,3,596.57,5.0,否,2024,2,2024-02-19,0,22
ORD_000066,USER_0354,2024-01-26 22:36:00,美妆护肤,3,1091.89,1.0,否,2024,1,2024-01-26,4,22
ORD_000067,USER_0305,2024-02-12 12:07:00,服装鞋帽,2,1394.52,5.0,是,2024,2,2024-02-12,0,12
ORD_000068,USER_0075,2024-04-21 09:36:00,服装鞋帽,4,726.48,2.0,否,2024,4,2024-04-21,6,9
ORD_000069,USER_0080,2024-04-21 20:59:00,运动户外,3,653.7,5.0,是,2024,4,2024-04-21,6,20
ORD_000070,USER_0088,2024-04-07 18:06:00,服装鞋帽,3,1333.14,5.0,否,2024,4,2024-04-07,6,18
ORD_000071,USER_0298,2024-02-21 13:04:00,服装鞋帽,4,1326.21,4.0,是,2024,2,2024-02-21,2,13
ORD_000072,USER_0136,2024-03-24 22:27:00,家居用品,3,690.88,4.0,是,2024,3,2024-03-24,6,22
ORD_000073,USER_0041,2024-04-24 21:25:00,运动户外,3,4728.01,5.0,否,2024,4,2024-04-24,2,21
ORD_000074,USER_0119,2024-04-12 22:19:00,图书文具,4,167.76,5.0,是,2024,4,2024-04-12,4,22
ORD_000075,USER_0258,2024-03-30 09:09:00,美妆护肤,1,51.88,4.0,否,2024,3,2024-03-30,5,9
ORD_000076,USER_0114,2024-01-01 20:39:00,服装鞋帽,1,204.95,2.0,否,2024,1,2024-01-01,0,20
ORD_000077,USER_0308,2024-04-25 17:15:00,图书文具,1,31.88,4.0,否,2024,4,2024-04-25,3,17
ORD_000078,USER_0140,2024-01-21 09:29:00,美妆护肤,2,296.68,2.0,否,2024,1,2024-01-21,6,9
ORD_000079,USER_0283,2024-04-27 19:07:00,服装鞋帽,2,1182.9,2.0,是,2024,4,2024-04-27,5,19
ORD_000080,USER_0243,2024-01-10 10:00:00,食品饮料,1,168.14,4.0,否,2024,1,2024-01-10,2,10
ORD_000081,USER_0219,2024-02-24 11:53:00,运动户外,2,3307.77,5.0,否,2024,2,2024-02-24,5,11
ORD_000082,USER_0085,2024-04-22 10:53:00,电子产品,3,4728.01,5.0,否,2024,4,2024-04-22,0,10
ORD_000083,USER_0056,2024-03-13 16:15:00,电子产品,3,4728.01,3.0,是,2024,3,2024-03-13,2,16
ORD_000084,USER_0052,2024-03-21 20:44:00,电子产品,3,3201.39,4.0,是,2024,3,2024-03-21,3,20
ORD_000085,USER_0352,2024-03-06 11:24:00,运动户外,3,1286.93,3.0,是,2024,3,2024-03-06,2,11
ORD_000086,USER_0158,2024-03-13 20:16:00,电子产品,1,1859.91,5.0,否,2024,3,2024-03-13,2,20
ORD_000087,USER_0283,2024-03-11 20:35:00,美妆护肤,1,592.62,5.0,否,2024,3,2024-03-11,0,20
ORD_000088,USER_0333,2024-01-10 18:11:00,服装鞋帽,4,2566.98,4.0,否,2024,1,2024-01-10,2,18
ORD_000089,USER_0101,2024-02-17 15:30:00,服装鞋帽,2,1287.85,5.0,否,2024,2,2024-02-17,5,15
ORD_000090,USER_0257,2024-04-18 18:39:00,服装鞋帽,3,1471.83,1.0,否,2024,4,2024-04-18,3,18
ORD_000091,USER_0192,2024-04-20 12:53:00,家居用品,2,548.77,2.0,否,2024,4,2024-04-20,5,12
ORD_000092,USER_0126,2024-02-28 17:31:00,美妆护肤,2,1150.39,3.0,否,2024,2,2024-02-28,2,17
ORD_000093,USER_0214,2024-03-27 19:49:00,家居用品,3,1193.8,1.0,是,2024,3,2024-03-27,2,19
ORD_000094,USER_0013,2024-01-30 21:23:00,家居用品,1,311.33,5.0,否,2024,1,2024-01-30,1,21
ORD_000095,USER_0291,2024-02-07 14:10:00,食品饮料,1,188.33,4.0,否,2024,2,2024-02-07,2,14
ORD_000096,USER_0269,2024-04-14 14:11:00,电子产品,3,4728.01,1.0,否,2024,4,2024-04-14,6,14
ORD_000097,USER_0038,2024-01-28 17:48:00,电子产品,1,2881.1,4.0,是,2024,1,2024-01-28,6,17
ORD_000098,USER_0052,2024-03-04 20:51:00,电子产品,4,4728.01,3.0,否,2024,3,2024-03-04,0,20
ORD_000099,USER_0163,2024-04-19 22:57:00,美妆护肤,1,329.16,4.0,否,2024,4,2024-04-19,4,22
ORD_000100,USER_0219,2024-02-01 20:26:00,服装鞋帽,2,812.54,3.0,否,2024,2,2024-02-01,3,20
ORD_000101,USER_0124,2024-01-29 16:16:00,家居用品,2,313.1,3.0,是,2024,1,2024-01-29,0,16
ORD_000102,USER_0288,2024-02-29 12:38:00,电子产品,3,4728.01,5.0,是,2024,2,2024-02-29,3,12
ORD_000103,USER_0353,2024-02-09 13:15:00,服装鞋帽,4,665.38,5.0,是,2024,2,2024-02-09,4,13
ORD_000104,USER_0297,2024-02-05 10:21:00,家居用品,4,660.46,4.0,否,2024,2,2024-02-05,0,10
ORD_000105,USER_0265,2024-04-05 16:16:00,运动户外,2,3183.07,5.0,是,2024,4,2024-04-05,4,16
ORD_000106,USER_0136,2024-04-24 16:00:00,美妆护肤,3,1473.36,4.0,是,2024,4,2024-04-24,2,16
ORD_000107,USER_0099,2024-01-22 22:09:00,家居用品,1,528.65,5.0,是,2024,1,2024-01-22,0,22
ORD_000108,USER_0062,2024-04-27 10:31:00,食品饮料,2,273.22,5.0,否,2024,4,2024-04-27,5,10
ORD_000109,USER_0315,2024-01-23 14:25:00,服装鞋帽,2,968.17,4.0,否,2024,1,2024-01-23,1,14
ORD_000110,USER_0202,2024-03-08 12:20:00,服装鞋帽,1,512.92,4.0,否,2024,3,2024-03-08,4,12
ORD_000111,USER_0268,2024-01-23 09:50:00,家居用品,3,362.17,4.0,否,2024,1,2024-01-23,1,9
ORD_000112,USER_0360,2024-03-09 17:41:00,美妆护肤,2,1178.86,2.0,否,2024,3,2024-03-09,5,17
ORD_000113,USER_0304,2024-04-01 17:36:00,家居用品,4,223.43,4.0,是,2024,4,2024-04-01,0,17
ORD_000114,USER_0188,2024-01-21 22:11:00,家居用品,2,564.21,5.0,否,2024,1,2024-01-21,6,22
ORD_000115,USER_0274,2024-01-28 21:18:00,食品饮料,1,163.81,4.0,否,2024,1,2024-01-28,6,21
ORD_000116,USER_0163,2024-02-13 10:02:00,食品饮料,1,59.29,5.0,是,2024,2,2024-02-13,1,10
ORD_000117,USER_0186,2024-03-13 15:19:00,食品饮料,4,791.53,1.0,否,2024,3,2024-03-13,2,15
ORD_000118,USER_0117,2024-03-05 12:05:00,食品饮料,3,226.16,5.0,否,2024,3,2024-03-05,1,12
ORD_000119,USER_0293,2024-01-26 11:46:00,服装鞋帽,2,324.44,4.0,否,2024,1,2024-01-26,4,11
ORD_000120,USER_0112,2024-02-12 19:27:00,食品饮料,3,50.19,2.0,是,2024,2,2024-02-12,0,19
ORD_000121,USER_0199,2024-04-12 10:37:00,家居用品,1,301.08,3.0,是,2024,4,2024-04-12,4,10
ORD_000122,USER_0170,2024-01-06 19:31:00,电子产品,3,2154.24,5.0,是,2024,1,2024-01-06,5,19
ORD_000123,USER_0340,2024-04-29 14:54:00,电子产品,2,4728.01,4.0,否,2024,4,2024-04-29,0,14
ORD_000124,USER_0140,2024-01-21 22:55:00,电子产品,4,4728.01,4.0,否,2024,1,2024-01-21,6,22
ORD_000125,USER_0319,2024-03-06 10:16:00,服装鞋帽,3,815.97,4.0,是,2024,3,2024-03-06,2,10
ORD_000126,USER_0110,2024-01-15 21:58:00,服装鞋帽,3,2037.5,3.0,否,2024,1,2024-01-15,0,21
ORD_000127,USER_0086,2024-02-18 13:42:00,图书文具,1,82.32,5.0,否,2024,2,2024-02-18,6,13
ORD_000128,USER_0188,2024-02-09 09:38:00,美妆护肤,2,1073.0,2.0,是,2024,2,2024-02-09,4,9
ORD_000129,USER_0156,2024-02-10 16:47:00,运动户外,4,4728.01,5.0,否,2024,2,2024-02-10,5,16
ORD_000130,USER_0099,2024-03-28 12:15:00,美妆护肤,3,962.4,3.0,否,2024,3,2024-03-28,3,12
ORD_000131,USER_0033,2024-04-26 09:04:00,美妆护肤,4,1873.63,5.0,是,2024,4,2024-04-26,4,9
ORD_000132,USER_0348,2024-02-11 21:42:00,电子产品,3,3690.52,5.0,是,2024,2,2024-02-11,6,21
ORD_000133,USER_0155,2024-03-28 19:29:00,食品饮料,4,111.31,1.0,是,2024,3,2024-03-28,3,19
ORD_000134,USER_0079,2024-04-11 17:35:00,运动户外,1,288.32,4.0,是,2024,4,2024-04-11,3,17
ORD_000135,USER_0027,2024-04-22 22:32:00,电子产品,4,4728.01,5.0,是,2024,4,2024-04-22,0,22
ORD_000136,USER_0199,2024-02-06 15:40:00,家居用品,2,225.16,1.0,否,2024,2,2024-02-06,1,15
ORD_000137,USER_0317,2024-02-13 17:03:00,家居用品,2,259.55,3.0,否,2024,2,2024-02-13,1,17
ORD_000138,USER_0129,2024-04-21 19:13:00,电子产品,2,465.15,5.0,是,2024,4,2024-04-21,6,19
ORD_000139,USER_0090,2024-03-08 13:29:00,服装鞋帽,1,319.57,5.0,否,2024,3,2024-03-08,4,13
ORD_000140,USER_0251,2024-03-31 21:42:00,食品饮料,1,190.59,4.0,否,2024,3,2024-03-31,6,21
ORD_000141,USER_0332,2024-01-09 22:27:00,家居用品,1,528.65,4.0,否,2024,1,2024-01-09,1,22
ORD_000142,USER_0180,2024-03-14 10:55:00,家居用品,3,379.54,5.0,否,2024,3,2024-03-14,3,10
ORD_000143,USER_0301,2024-04-13 16:30:00,食品饮料,3,420.28,4.0,否,2024,4,2024-04-13,5,16
ORD_000144,USER_0061,2024-03-07 21:12:00,家居用品,2,151.39,4.0,是,2024,3,2024-03-07,3,21
ORD_000145,USER_0313,2024-04-15 12:32:00,家居用品,4,1200.03,5.0,是,2024,4,2024-04-15,0,12
ORD_000146,USER_0175,2024-03-18 18:43:00,服装鞋帽,1,101.76,1.0,否,2024,3,2024-03-18,0,18
ORD_000147,USER_0286,2024-01-07 19:55:00,服装鞋帽,3,1660.93,3.0,否,2024,1,2024-01-07,6,19
ORD_000148,USER_0206,2024-01-17 18:28:00,食品饮料,4,259.33,5.0,是,2024,1,2024-01-17,2,18
ORD_000149,USER_0206,2024-03-27 12:00:00,电子产品,1,3882.87,5.0,否,2024,3,2024-03-27,2,12
ORD_000150,USER_0132,2024-02-13 14:11:00,服装鞋帽,4,506.36,5.0,否,2024,2,2024-02-13,1,14
ORD_000151,USER_0033,2024-01-04 13:43:00,家居用品,1,496.67,1.0,是,2024,1,2024-01-04,3,13
ORD_000152,USER_0113,2024-02-28 16:39:00,电子产品,1,1006.7,5.0,是,2024,2,2024-02-28,2,16
ORD_000153,USER_0275,2024-01-14 12:55:00,运动户外,1,1359.62,5.0,否,2024,1,2024-01-14,6,12
ORD_000154,USER_0146,2024-02-15 20:50:00,服装鞋帽,2,829.6,5.0,是,2024,2,2024-02-15,3,20
ORD_000155,USER_0280,2024-01-03 12:59:00,美妆护肤,4,457.74,4.0,否,2024,1,2024-01-03,2,12
ORD_000156,USER_0158,2024-04-04 13:40:00,食品饮料,1,149.59,4.0,是,2024,4,2024-04-04,3,13
ORD_000157,USER_0158,2024-03-12 13:56:00,电子产品,3,144.68,5.0,否,2024,3,2024-03-12,1,13
ORD_000158,USER_0092,2024-03-10 17:17:00,电子产品,2,4728.01,5.0,否,2024,3,2024-03-10,6,17
ORD_000159,USER_0081,2024-02-01 20:31:00,美妆护肤,1,537.48,4.0,否,2024,2,2024-02-01,3,20
ORD_000160,USER_0032,2024-02-26 17:31:00,家居用品,4,1416.17,3.0,是,2024,2,2024-02-26,0,17
ORD_000161,USER_0028,2024-03-10 12:10:00,美妆护肤,2,743.68,4.0,否,2024,3,2024-03-10,6,12
ORD_000162,USER_0172,2024-03-01 10:35:00,家居用品,2,115.97,4.0,否,2024,3,2024-03-01,4,10
ORD_000163,USER_0318,2024-04-26 14:22:00,家居用品,3,646.45,4.0,否,2024,4,2024-04-26,4,14
ORD_000164,USER_0187,2024-03-11 21:24:00,图书文具,1,76.21,3.0,否,2024,3,2024-03-11,0,21
ORD_000165,USER_0037,2024-02-25 18:56:00,图书文具,3,329.91,1.0,否,2024,2,2024-02-25,6,18
ORD_000166,USER_0151,2024-02-04 22:03:00,运动户外,1,323.13,3.0,否,2024,2,2024-02-04,6,22
ORD_000167,USER_0147,2024-03-12 14:14:00,运动户外,3,3107.26,5.0,是,2024,3,2024-03-12,1,14
ORD_000168,USER_0335,2024-02-28 13:29:00,食品饮料,1,64.95,5.0,否,2024,2,2024-02-28,2,13
ORD_000169,USER_0213,2024-03-01 18:06:00,美妆护肤,2,1023.27,5.0,是,2024,3,2024-03-01,4,18
ORD_000170,USER_0160,2024-02-25 14:42:00,家居用品,2,950.87,4.0,是,2024,2,2024-02-25,6,14
ORD_000171,USER_0089,2024-02-05 17:51:00,图书文具,2,155.88,2.0,否,2024,2,2024-02-05,0,17
ORD_000172,USER_0356,2024-02-24 17:10:00,服装鞋帽,2,1400.83,4.0,是,2024,2,2024-02-24,5,17
ORD_000173,USER_0021,2024-04-07 20:07:00,家居用品,4,1928.33,4.0,否,2024,4,2024-04-07,6,20
ORD_000174,USER_0306,2024-03-23 19:21:00,服装鞋帽,4,1492.71,2.0,否,2024,3,2024-03-23,5,19
ORD_000175,USER_0166,2024-04-22 11:51:00,运动户外,2,1674.04,5.0,是,2024,4,2024-04-22,0,11
ORD_000176,USER_0323,2024-02-26 18:54:00,电子产品,4,4728.01,4.0,否,2024,2,2024-02-26,0,18
ORD_000177,USER_0153,2024-04-19 17:21:00,运动户外,1,510.7,1.0,否,2024,4,2024-04-19,4,17
ORD_000178,USER_0028,2024-03-11 18:09:00,食品饮料,1,234.0,5.0,是,2024,3,2024-03-11,0,18
ORD_000179,USER_0356,2024-03-01 14:45:00,家居用品,1,209.23,5.0,否,2024,3,2024-03-01,4,14
ORD_000180,USER_0250,2024-03-29 20:58:00,美妆护肤,4,963.85,5.0,是,2024,3,2024-03-29,4,20
ORD_000181,USER_0337,2024-04-06 18:09:00,家居用品,1,73.29,5.0,否,2024,4,2024-04-06,5,18
ORD_000182,USER_0037,2024-01-02 10:18:00,运动户外,4,1054.49,5.0,否,2024,1,2024-01-02,1,10
ORD_000183,USER_0119,2024-01-14 12:39:00,服装鞋帽,4,3197.66,2.0,是,2024,1,2024-01-14,6,12
ORD_000184,USER_0322,2024-01-05 13:09:00,服装鞋帽,2,949.95,5.0,是,2024,1,2024-01-05,4,13
ORD_000185,USER_0228,2024-01-10 11:31:00,电子产品,2,1837.26,5.0,是,2024,1,2024-01-10,2,11
ORD_000186,USER_0025,2024-01-17 19:12:00,运动户外,3,3679.99,4.0,否,2024,1,2024-01-17,2,19
ORD_000187,USER_0277,2024-03-23 19:07:00,服装鞋帽,2,544.8,5.0,是,2024,3,2024-03-23,5,19
ORD_000188,USER_0357,2024-03-19 11:24:00,运动户外,2,1263.78,5.0,否,2024,3,2024-03-19,1,11
ORD_000189,USER_0151,2024-04-03 10:42:00,电子产品,2,4728.01,3.0,否,2024,4,2024-04-03,2,10
ORD_000190,USER_0216,2024-02-02 20:20:00,食品饮料,3,271.88,5.0,否,2024,2,2024-02-02,4,20
ORD_000191,USER_0093,2024-04-26 13:19:00,服装鞋帽,1,429.05,5.0,是,2024,4,2024-04-26,4,13
ORD_000192,USER_0338,2024-04-13 18:28:00,服装鞋帽,2,666.03,2.0,是,2024,4,2024-04-13,5,18
ORD_000193,USER_0266,2024-04-29 19:08:00,图书文具,3,348.36,3.0,否,2024,4,2024-04-29,0,19
ORD_000194,USER_0095,2024-02-25 20:21:00,美妆护肤,4,1548.96,4.0,否,2024,2,2024-02-25,6,20
ORD_000195,USER_0255,2024-04-25 21:10:00,运动户外,2,1181.3,4.0,否,2024,4,2024-04-25,3,21
ORD_000196,USER_0332,2024-01-02 14:43:00,家居用品,3,363.89,3.0,否,2024,1,2024-01-02,1,14
ORD_000197,USER_0271,2024-02-25 21:00:00,运动户外,2,2073.44,3.0,是,2024,2,2024-02-25,6,21
ORD_000198,USER_0253,2024-01-25 19:08:00,图书文具,3,161.36,5.0,否,2024,1,2024-01-25,3,19
ORD_000199,USER_0321,2024-04-27 11:03:00,美妆护肤,2,259.81,4.0,是,2024,4,2024-04-27,5,11
ORD_000200,USER_0073,2024-01-02 15:56:00,图书文具,4,283.08,4.0,是,2024,1,2024-01-02,1,15
ORD_000201,USER_0331,2024-04-05 09:53:00,电子产品,4,2704.67,3.0,否,2024,4,2024-04-05,4,9
ORD_000202,USER_0225,2024-03-29 10:17:00,电子产品,3,244.84,4.0,是,2024,3,2024-03-29,4,10
ORD_000203,USER_0300,2024-02-18 22:42:00,服装鞋帽,3,2039.2,2.0,否,2024,2,2024-02-18,6,22
ORD_000204,USER_0024,2024-03-21 10:03:00,美妆护肤,1,92.82,4.0,是,2024,3,2024-03-21,3,10
ORD_000205,USER_0056,2024-03-05 19:34:00,服装鞋帽,3,1485.35,3.0,否,2024,3,2024-03-05,1,19
ORD_000206,USER_0173,2024-04-18 17:47:00,美妆护肤,2,681.36,3.0,否,2024,4,2024-04-18,3,17
ORD_000207,USER_0073,2024-04-16 21:04:00,美妆护肤,1,73.15,1.0,是,2024,4,2024-04-16,1,21
ORD_000208,USER_0142,2024-01-08 19:36:00,运动户外,4,3166.67,1.0,是,2024,1,2024-01-08,0,19
ORD_000209,USER_0135,2024-02-28 16:16:00,运动户外,1,2409.68,1.0,否,2024,2,2024-02-28,2,16
ORD_000210,USER_0181,2024-02-18 09:07:00,美妆护肤,3,1288.75,4.0,是,2024,2,2024-02-18,6,9
ORD_000211,USER_0181,2024-03-29 13:10:00,家居用品,2,769.5,5.0,否,2024,3,2024-03-29,4,13
ORD_000212,USER_0126,2024-04-15 19:16:00,电子产品,4,4728.01,4.0,否,2024,4,2024-04-15,0,19
ORD_000213,USER_0165,2024-04-13 16:39:00,食品饮料,1,81.74,5.0,否,2024,4,2024-04-13,5,16
ORD_000214,USER_0030,2024-03-20 16:20:00,食品饮料,1,199.63,3.0,否,2024,3,2024-03-20,2,16
ORD_000215,USER_0103,2024-04-15 22:21:00,食品饮料,2,261.02,5.0,是,2024,4,2024-04-15,0,22
ORD_000216,USER_0180,2024-02-29 12:07:00,食品饮料,2,108.07,4.0,是,2024,2,2024-02-29,3,12
ORD_000217,USER_0080,2024-04-04 22:28:00,家居用品,3,490.99,1.0,是,2024,4,2024-04-04,3,22
ORD_000218,USER_0348,2024-03-07 12:35:00,家居用品,3,1375.34,5.0,否,2024,3,2024-03-07,3,12
ORD_000219,USER_0354,2024-03-14 17:15:00,运动户外,2,2847.64,5.0,否,2024,3,2024-03-14,3,17
ORD_000220,USER_0340,2024-01-06 11:06:00,家居用品,1,168.95,3.0,否,2024,1,2024-01-06,5,11
ORD_000221,USER_0017,2024-03-23 12:06:00,美妆护肤,3,1651.0,5.0,是,2024,3,2024-03-23,5,12
ORD_000222,USER_0016,2024-03-16 17:14:00,运动户外,4,4158.87,5.0,是,2024,3,2024-03-16,5,17
ORD_000223,USER_0129,2024-02-22 15:24:00,家居用品,1,454.65,4.0,否,2024,2,2024-02-22,3,15
ORD_000224,USER_0327,2024-04-13 09:25:00,运动户外,4,2150.53,3.0,是,2024,4,2024-04-13,5,9
ORD_000225,USER_0153,2024-04-25 17:30:00,食品饮料,2,119.68,4.0,否,2024,4,2024-04-25,3,17
ORD_000226,USER_0197,2024-04-01 10:58:00,食品饮料,3,557.55,4.0,否,2024,4,2024-04-01,0,10
ORD_000227,USER_0316,2024-03-03 20:20:00,电子产品,3,4728.01,5.0,否,2024,3,2024-03-03,6,20
ORD_000228,USER_0056,2024-01-27 14:42:00,电子产品,3,4728.01,5.0,是,2024,1,2024-01-27,5,14
ORD_000229,USER_0360,2024-02-08 09:42:00,服装鞋帽,1,691.03,3.0,否,2024,2,2024-02-08,3,9
ORD_000230,USER_0334,2024-02-03 11:55:00,食品饮料,1,121.75,5.0,否,2024,2,2024-02-03,5,11
ORD_000231,USER_0123,2024-03-25 19:37:00,电子产品,1,3041.09,5.0,否,2024,3,2024-03-25,0,19
ORD_000232,USER_0303,2024-04-16 17:00:00,服装鞋帽,4,413.85,4.0,否,2024,4,2024-04-16,1,17
ORD_000233,USER_0284,2024-01-28 20:09:00,电子产品,2,1639.83,5.0,否,2024,1,2024-01-28,6,20
ORD_000234,USER_0320,2024-01-25 17:07:00,食品饮料,1,168.99,3.0,否,2024,1,2024-01-25,3,17
ORD_000235,USER_0341,2024-01-20 12:04:00,服装鞋帽,4,1149.71,4.0,是,2024,1,2024-01-20,5,12
ORD_000236,USER_0349,2024-01-19 17:29:00,美妆护肤,1,381.39,4.0,是,2024,1,2024-01-19,4,17
ORD_000237,USER_0146,2024-03-26 14:42:00,家居用品,3,636.36,5.0,否,2024,3,2024-03-26,1,14
ORD_000238,USER_0342,2024-04-17 11:15:00,美妆护肤,4,1021.16,4.0,否,2024,4,2024-04-17,2,11
ORD_000239,USER_0312,2024-04-17 09:42:00,服装鞋帽,4,2447.22,2.0,是,2024,4,2024-04-17,2,9
ORD_000240,USER_0106,2024-02-11 12:28:00,图书文具,3,65.88,4.0,否,2024,2,2024-02-11,6,12
ORD_000241,USER_0344,2024-02-16 16:48:00,食品饮料,1,96.99,5.0,否,2024,2,2024-02-16,4,16
ORD_000242,USER_0068,2024-04-06 17:41:00,服装鞋帽,2,141.59,4.0,否,2024,4,2024-04-06,5,17
ORD_000243,USER_0079,2024-03-01 18:26:00,美妆护肤,4,314.76,4.0,是,2024,3,2024-03-01,4,18
ORD_000244,USER_0327,2024-01-04 21:16:00,运动户外,1,1879.07,3.0,否,2024,1,2024-01-04,3,21
ORD_000245,USER_0055,2024-04-08 09:48:00,美妆护肤,4,1056.63,4.0,否,2024,4,2024-04-08,0,9
ORD_000246,USER_0198,2024-04-12 12:30:00,电子产品,3,4728.01,5.0,否,2024,4,2024-04-12,4,12
ORD_000247,USER_0200,2024-01-16 20:23:00,家居用品,3,916.48,5.0,否,2024,1,2024-01-16,1,20
ORD_000248,USER_0255,2024-04-13 13:56:00,服装鞋帽,1,253.9,3.0,是,2024,4,2024-04-13,5,13
ORD_000249,USER_0172,2024-02-27 15:43:00,服装鞋帽,3,1685.22,4.0,是,2024,2,2024-02-27,1,15
ORD_000250,USER_0007,2024-02-07 12:03:00,美妆护肤,4,952.87,4.0,否,2024,2,2024-02-07,2,12
ORD_000251,USER_0132,2024-03-18 19:42:00,美妆护肤,1,183.94,4.0,否,2024,3,2024-03-18,0,19
ORD_000252,USER_0270,2024-04-12 15:30:00,电子产品,1,3230.05,3.0,否,2024,4,2024-04-12,4,15
ORD_000253,USER_0265,2024-03-06 17:19:00,美妆护肤,1,491.53,2.0,否,2024,3,2024-03-06,2,17
ORD_000254,USER_0159,2024-01-16 20:00:00,家居用品,4,1686.48,4.0,否,2024,1,2024-01-16,1,20
ORD_000255,USER_0034,2024-02-08 09:56:00,服装鞋帽,2,1498.42,2.0,否,2024,2,2024-02-08,3,9
ORD_000256,USER_0103,2024-02-20 20:45:00,家居用品,2,842.95,5.0,否,2024,2,2024-02-20,1,20
ORD_000257,USER_0202,2024-02-10 18:56:00,食品饮料,4,116.69,3.0,是,2024,2,2024-02-10,5,18
ORD_000258,USER_0127,2024-03-10 22:34:00,美妆护肤,4,2370.17,5.0,是,2024,3,2024-03-10,6,22
ORD_000259,USER_0320,2024-02-20 17:43:00,美妆护肤,4,268.16,4.0,否,2024,2,2024-02-20,1,17
ORD_000260,USER_0340,2024-04-04 19:10:00,美妆护肤,1,537.48,3.0,否,2024,4,2024-04-04,3,19
ORD_000261,USER_0260,2024-01-28 22:51:00,电子产品,2,4728.01,5.0,否,2024,1,2024-01-28,6,22
ORD_000262,USER_0299,2024-01-26 12:19:00,食品饮料,2,337.22,4.0,否,2024,1,2024-01-26,4,12
ORD_000263,USER_0087,2024-02-20 11:13:00,运动户外,1,1581.76,2.0,是,2024,2,2024-02-20,1,11
ORD_000264,USER_0096,2024-02-20 11:52:00,运动户外,1,1360.73,2.0,否,2024,2,2024-02-20,1,11
ORD_000265,USER_0192,2024-02-11 12:27:00,美妆护肤,2,1093.19,5.0,否,2024,2,2024-02-11,6,12
ORD_000266,USER_0352,2024-01-05 19:23:00,电子产品,1,4390.09,5.0,否,2024,1,2024-01-05,4,19
ORD_000267,USER_0126,2024-04-23 12:32:00,电子产品,1,494.21,5.0,否,2024,4,2024-04-23,1,12
ORD_000268,USER_0090,2024-04-09 09:12:00,家居用品,1,82.73,4.0,否,2024,4,2024-04-09,1,9
ORD_000269,USER_0277,2024-01-26 13:07:00,服装鞋帽,3,699.03,3.0,是,2024,1,2024-01-26,4,13
ORD_000270,USER_0119,2024-01-26 11:29:00,家居用品,2,251.17,4.0,是,2024,1,2024-01-26,4,11
ORD_000271,USER_0195,2024-01-11 22:13:00,服装鞋帽,2,1291.0,2.0,否,2024,1,2024-01-11,3,22
ORD_000272,USER_0231,2024-04-20 16:20:00,电子产品,4,2415.12,2.0,是,2024,4,2024-04-20,5,16
ORD_000273,USER_0184,2024-03-28 21:09:00,食品饮料,3,332.48,4.0,是,2024,3,2024-03-28,3,21
ORD_000274,USER_0239,2024-04-04 12:50:00,家居用品,1,278.54,3.0,否,2024,4,2024-04-04,3,12
ORD_000275,USER_0092,2024-04-04 14:35:00,食品饮料,3,177.74,4.0,否,2024,4,2024-04-04,3,14
ORD_000276,USER_0017,2024-02-23 11:08:00,电子产品,1,3413.78,2.0,否,2024,2,2024-02-23,4,11
ORD_000277,USER_0315,2024-01-20 18:11:00,服装鞋帽,2,645.92,4.0,否,2024,1,2024-01-20,5,18
ORD_000278,USER_0110,2024-03-22 17:16:00,电子产品,4,4728.01,5.0,是,2024,3,2024-03-22,4,17
ORD_000279,USER_0347,2024-04-29 17:56:00,电子产品,3,1171.68,3.0,是,2024,4,2024-04-29,0,17
ORD_000280,USER_0033,2024-01-21 13:12:00,食品饮料,3,367.3,5.0,否,2024,1,2024-01-21,6,13
ORD_000281,USER_0336,2024-01-05 13:02:00,美妆护肤,4,537.48,5.0,否,2024,1,2024-01-05,4,13
ORD_000282,USER_0115,2024-01-20 20:17:00,电子产品,3,4728.01,5.0,否,2024,1,2024-01-20,5,20
ORD_000283,USER_0286,2024-01-05 20:09:00,运动户外,1,1257.66,4.0,是,2024,1,2024-01-05,4,20
ORD_000284,USER_0114,2024-02-28 22:01:00,服装鞋帽,1,199.87,4.0,是,2024,2,2024-02-28,2,22
ORD_000285,USER_0151,2024-04-12 16:58:00,电子产品,4,4728.01,5.0,否,2024,4,2024-04-12,4,16
ORD_000286,USER_0101,2024-03-19 14:32:00,图书文具,2,285.3,3.0,是,2024,3,2024-03-19,1,14
ORD_000287,USER_0224,2024-04-06 20:45:00,运动户外,2,1629.12,5.0,否,2024,4,2024-04-06,5,20
ORD_000288,USER_0154,2024-01-03 20:01:00,服装鞋帽,3,1625.08,2.0,是,2024,1,2024-01-03,2,20
ORD_000289,USER_0238,2024-03-23 09:51:00,电子产品,4,4728.01,2.0,否,2024,3,2024-03-23,5,9
ORD_000290,USER_0299,2024-02-21 17:24:00,食品饮料,3,439.0,5.0,是,2024,2,2024-02-21,2,17
ORD_000291,USER_0239,2024-01-31 21:20:00,美妆护肤,1,169.17,4.0,是,2024,1,2024-01-31,2,21
ORD_000292,USER_0146,2024-01-01 19:41:00,运动户外,2,2409.68,1.0,是,2024,1,2024-01-01,0,19
ORD_000293,USER_0105,2024-01-02 17:58:00,电子产品,3,4728.01,4.0,否,2024,1,2024-01-02,1,17
ORD_000294,USER_0221,2024-03-28 17:41:00,电子产品,2,4728.01,5.0,否,2024,3,2024-03-28,3,17
ORD_000295,USER_0146,2024-01-17 20:06:00,家居用品,4,751.34,5.0,否,2024,1,2024-01-17,2,20
ORD_000296,USER_0035,2024-02-14 20:33:00,家居用品,3,470.09,4.0,否,2024,2,2024-02-14,2,20
ORD_000297,USER_0129,2024-04-11 15:52:00,家居用品,4,1727.65,3.0,是,2024,4,2024-04-11,3,15
ORD_000298,USER_0069,2024-02-25 15:45:00,美妆护肤,1,223.18,3.0,否,2024,2,2024-02-25,6,15
ORD_000299,USER_0048,2024-01-10 16:12:00,美妆护肤,4,279.09,5.0,是,2024,1,2024-01-10,2,16
ORD_000300,USER_0279,2024-02-10 15:35:00,图书文具,4,342.63,5.0,否,2024,2,2024-02-10,5,15
ORD_000301,USER_0016,2024-02-28 17:50:00,电子产品,1,279.5,4.0,否,2024,2,2024-02-28,2,17
ORD_000302,USER_0038,2024-01-26 16:24:00,电子产品,3,2948.35,5.0,否,2024,1,2024-01-26,4,16
ORD_000303,USER_0006,2024-01-29 17:31:00,图书文具,3,32.68,4.0,否,2024,1,2024-01-29,0,17
ORD_000304,USER_0283,2024-02-08 18:20:00,服装鞋帽,2,812.97,5.0,否,2024,2,2024-02-08,3,18
ORD_000305,USER_0117,2024-02-24 10:09:00,图书文具,2,167.59,4.0,否,2024,2,2024-02-24,5,10
ORD_000306,USER_0333,2024-04-10 14:58:00,电子产品,3,4728.01,2.0,否,2024,4,2024-04-10,2,14
ORD_000307,USER_0158,2024-01-19 10:04:00,家居用品,4,596.49,2.0,是,2024,1,2024-01-19,4,10
ORD_000308,USER_0295,2024-02-15 10:50:00,服装鞋帽,4,3069.19,5.0,否,2024,2,2024-02-15,3,10
ORD_000309,USER_0327,2024-03-12 13:26:00,运动户外,4,3305.1,5.0,否,2024,3,2024-03-12,1,13
ORD_000310,USER_0223,2024-01-18 09:46:00,电子产品,4,1436.39,4.0,否,2024,1,2024-01-18,3,9
ORD_000311,USER_0044,2024-03-26 11:59:00,食品饮料,4,626.02,4.0,是,2024,3,2024-03-26,1,11
ORD_000312,USER_0090,2024-01-05 12:12:00,运动户外,1,922.33,4.0,否,2024,1,2024-01-05,4,12
ORD_000313,USER_0264,2024-03-29 14:17:00,电子产品,4,4728.01,4.0,是,2024,3,2024-03-29,4,14
ORD_000314,USER_0314,2024-04-02 22:57:00,电子产品,2,4728.01,1.0,是,2024,4,2024-04-02,1,22
ORD_000315,USER_0341,2024-02-27 14:36:00,图书文具,4,405.47,4.0,是,2024,2,2024-02-27,1,14
ORD_000316,USER_0125,2024-01-07 11:32:00,服装鞋帽,4,477.35,2.0,是,2024,1,2024-01-07,6,11
ORD_000317,USER_0021,2024-03-06 11:16:00,运动户外,2,1456.83,5.0,否,2024,3,2024-03-06,2,11
ORD_000318,USER_0032,2024-03-15 11:54:00,美妆护肤,4,1016.48,4.0,是,2024,3,2024-03-15,4,11
ORD_000319,USER_0047,2024-04-23 10:02:00,美妆护肤,1,453.45,2.0,否,2024,4,2024-04-23,1,10
ORD_000320,USER_0351,2024-04-25 11:09:00,电子产品,2,3151.68,4.0,否,2024,4,2024-04-25,3,11
ORD_000321,USER_0074,2024-02-26 14:37:00,图书文具,2,131.79,3.0,否,2024,2,2024-02-26,0,14
ORD_000322,USER_0216,2024-01-12 16:51:00,电子产品,4,4728.01,3.0,是,2024,1,2024-01-12,4,16
ORD_000323,USER_0025,2024-02-29 10:23:00,运动户外,3,381.0,3.0,是,2024,2,2024-02-29,3,10
ORD_000324,USER_0054,2024-01-23 13:19:00,运动户外,3,1694.26,4.0,否,2024,1,2024-01-23,1,13
ORD_000325,USER_0092,2024-02-13 16:24:00,电子产品,3,4728.01,5.0,是,2024,2,2024-02-13,1,16
ORD_000326,USER_0254,2024-04-04 10:29:00,服装鞋帽,1,779.93,4.0,否,2024,4,2024-04-04,3,10
ORD_000327,USER_0300,2024-01-02 22:46:00,运动户外,2,1412.94,4.0,否,2024,1,2024-01-02,1,22
ORD_000328,USER_0207,2024-02-20 14:00:00,美妆护肤,3,912.96,4.0,否,2024,2,2024-02-20,1,14
ORD_000329,USER_0089,2024-03-18 11:47:00,家居用品,2,240.78,5.0,是,2024,3,2024-03-18,0,11
ORD_000330,USER_0303,2024-02-23 10:16:00,电子产品,3,4728.01,4.0,否,2024,2,2024-02-23,4,10
ORD_000331,USER_0322,2024-04-07 15:23:00,家居用品,1,430.21,5.0,是,2024,4,2024-04-07,6,15
ORD_000332,USER_0069,2024-01-04 21:41:00,服装鞋帽,2,1129.54,5.0,是,2024,1,2024-01-04,3,21
ORD_000333,USER_0301,2024-01-15 11:38:00,运动户外,2,3910.19,4.0,否,2024,1,2024-01-15,0,11
ORD_000334,USER_0190,2024-03-30 22:03:00,运动户外,1,1763.71,4.0,否,2024,3,2024-03-30,5,22
ORD_000335,USER_0337,2024-01-22 17:42:00,运动户外,2,1955.44,5.0,否,2024,1,2024-01-22,0,17
ORD_000336,USER_0047,2024-03-20 13:01:00,服装鞋帽,1,799.36,5.0,否,2024,3,2024-03-20,2,13
ORD_000337,USER_0242,2024-03-07 09:27:00,服装鞋帽,3,1414.39,2.0,是,2024,3,2024-03-07,3,9
ORD_000338,USER_0162,2024-03-05 16:59:00,美妆护肤,3,1678.27,5.0,否,2024,3,2024-03-05,1,16
ORD_000339,USER_0142,2024-04-01 11:51:00,运动户外,3,1151.08,3.0,是,2024,4,2024-04-01,0,11
ORD_000340,USER_0093,2024-03-15 11:13:00,食品饮料,4,688.68,5.0,是,2024,3,2024-03-15,4,11
ORD_000341,USER_0004,2024-03-02 11:19:00,服装鞋帽,3,293.39,4.0,否,2024,3,2024-03-02,5,11
ORD_000342,USER_0112,2024-02-21 21:26:00,电子产品,3,4385.08,1.0,否,2024,2,2024-02-21,2,21
ORD_000343,USER_0097,2024-04-27 10:30:00,家居用品,4,799.98,4.0,否,2024,4,2024-04-27,5,10
ORD_000344,USER_0338,2024-04-05 21:52:00,服装鞋帽,4,887.08,5.0,是,2024,4,2024-04-05,4,21
ORD_000345,USER_0295,2024-02-21 14:43:00,家居用品,1,203.58,5.0,是,2024,2,2024-02-21,2,14
ORD_000346,USER_0318,2024-01-08 16:40:00,运动户外,4,4248.3,2.0,是,2024,1,2024-01-08,0,16
ORD_000347,USER_0229,2024-03-16 21:02:00,美妆护肤,1,438.33,1.0,否,2024,3,2024-03-16,5,21
ORD_000348,USER_0160,2024-02-24 19:06:00,电子产品,2,2202.89,2.0,否,2024,2,2024-02-24,5,19
ORD_000349,USER_0160,2024-02-27 10:34:00,服装鞋帽,1,318.76,4.0,是,2024,2,2024-02-27,1,10
ORD_000350,USER_0060,2024-03-24 19:47:00,家居用品,3,1287.75,4.0,是,2024,3,2024-03-24,6,19
ORD_000351,USER_0338,2024-01-05 13:52:00,运动户外,4,4728.01,5.0,是,2024,1,2024-01-05,4,13
ORD_000352,USER_0171,2024-04-26 15:52:00,家居用品,2,253.19,4.0,是,2024,4,2024-04-26,4,15
ORD_000353,USER_0193,2024-04-17 21:33:00,图书文具,1,78.2,4.0,否,2024,4,2024-04-17,2,21
ORD_000354,USER_0038,2024-01-10 18:20:00,服装鞋帽,2,169.55,3.0,是,2024,1,2024-01-10,2,18
ORD_000355,USER_0305,2024-03-17 15:03:00,电子产品,3,4512.18,5.0,否,2024,3,2024-03-17,6,15
ORD_000356,USER_0264,2024-03-01 17:28:00,电子产品,3,3934.45,5.0,是,2024,3,2024-03-01,4,17
ORD_000357,USER_0017,2024-03-18 14:43:00,家居用品,2,62.7,1.0,否,2024,3,2024-03-18,0,14
ORD_000358,USER_0242,2024-04-19 15:15:00,食品饮料,2,260.85,1.0,否,2024,4,2024-04-19,4,15
ORD_000359,USER_0210,2024-04-21 12:29:00,家居用品,4,1611.0,4.0,是,2024,4,2024-04-21,6,12
ORD_000360,USER_0287,2024-03-20 10:14:00,服装鞋帽,1,256.58,5.0,是,2024,3,2024-03-20,2,10
ORD_000361,USER_0036,2024-01-17 21:41:00,美妆护肤,1,255.08,5.0,否,2024,1,2024-01-17,2,21
ORD_000362,USER_0324,2024-03-26 17:18:00,服装鞋帽,3,193.58,1.0,是,2024,3,2024-03-26,1,17
ORD_000363,USER_0298,2024-03-02 10:48:00,运动户外,2,933.37,2.0,否,2024,3,2024-03-02,5,10
ORD_000364,USER_0303,2024-03-25 20:12:00,家居用品,2,840.74,3.0,是,2024,3,2024-03-25,0,20
ORD_000365,USER_0329,2024-02-25 19:18:00,运动户外,3,2862.18,3.0,是,2024,2,2024-02-25,6,19
ORD_000366,USER_0036,2024-04-09 11:26:00,家居用品,4,863.72,4.0,是,2024,4,2024-04-09,1,11
ORD_000367,USER_0280,2024-04-20 15:40:00,服装鞋帽,3,632.9,4.0,是,2024,4,2024-04-20,5,15
ORD_000368,USER_0009,2024-03-02 16:30:00,家居用品,3,683.04,5.0,是,2024,3,2024-03-02,5,16
ORD_000369,USER_0295,2024-04-09 14:41:00,食品饮料,3,264.13,4.0,是,2024,4,2024-04-09,1,14
ORD_000370,USER_0184,2024-02-18 12:14:00,服装鞋帽,2,658.52,5.0,否,2024,2,2024-02-18,6,12
ORD_000371,USER_0124,2024-01-10 14:36:00,运动户外,2,296.13,3.0,是,2024,1,2024-01-10,2,14
ORD_000372,USER_0327,2024-02-16 20:03:00,食品饮料,2,364.7,4.0,否,2024,2,2024-02-16,4,20
ORD_000373,USER_0314,2024-02-02 18:19:00,美妆护肤,4,537.48,3.0,是,2024,2,2024-02-02,4,18
ORD_000374,USER_0075,2024-02-17 22:33:00,服装鞋帽,4,2506.71,4.0,是,2024,2,2024-02-17,5,22
ORD_000375,USER_0057,2024-03-18 19:23:00,电子产品,3,1233.85,2.0,是,2024,3,2024-03-18,0,19
ORD_000376,USER_0136,2024-02-09 21:00:00,食品饮料,3,534.06,5.0,是,2024,2,2024-02-09,4,21
ORD_000377,USER_0092,2024-02-03 22:19:00,电子产品,3,4728.01,5.0,是,2024,2,2024-02-03,5,22
ORD_000378,USER_0147,2024-04-09 20:30:00,服装鞋帽,1,88.25,4.0,否,2024,4,2024-04-09,1,20
ORD_000379,USER_0019,2024-02-26 14:08:00,运动户外,2,1596.37,5.0,否,2024,2,2024-02-26,0,14
ORD_000380,USER_0304,2024-03-15 16:05:00,图书文具,3,273.35,4.0,是,2024,3,2024-03-15,4,16
ORD_000381,USER_0308,2024-02-15 14:57:00,电子产品,2,1587.45,5.0,否,2024,2,2024-02-15,3,14
ORD_000382,USER_0239,2024-01-03 18:02:00,家居用品,3,824.71,5.0,否,2024,1,2024-01-03,2,18
ORD_000383,USER_0271,2024-04-05 20:05:00,运动户外,4,3606.06,1.0,是,2024,4,2024-04-05,4,20
ORD_000384,USER_0190,2024-01-03 20:44:00,电子产品,1,3699.24,5.0,否,2024,1,2024-01-03,2,20
ORD_000385,USER_0254,2024-02-05 15:48:00,服装鞋帽,4,1768.03,5.0,否,2024,2,2024-02-05,0,15
ORD_000386,USER_0268,2024-03-04 16:40:00,家居用品,4,1770.95,4.0,是,2024,3,2024-03-04,0,16
ORD_000387,USER_0049,2024-02-08 22:31:00,电子产品,1,4578.26,4.0,否,2024,2,2024-02-08,3,22
ORD_000388,USER_0260,2024-03-26 10:25:00,电子产品,4,4728.01,2.0,否,2024,3,2024-03-26,1,10
ORD_000389,USER_0087,2024-02-12 17:24:00,家居用品,3,1285.93,4.0,是,2024,2,2024-02-12,0,17
ORD_000390,USER_0184,2024-02-20 21:55:00,家居用品,3,125.35,5.0,否,2024,2,2024-02-20,1,21
ORD_000391,USER_0023,2024-03-11 09:07:00,家居用品,3,1423.23,4.0,否,2024,3,2024-03-11,0,9
ORD_000392,USER_0339,2024-04-29 22:40:00,家居用品,1,420.73,4.0,是,2024,4,2024-04-29,0,22
ORD_000393,USER_0198,2024-01-23 10:44:00,图书文具,4,525.65,5.0,否,2024,1,2024-01-23,1,10
ORD_000394,USER_0168,2024-01-29 12:24:00,美妆护肤,3,179.76,1.0,否,2024,1,2024-01-29,0,12
ORD_000395,USER_0297,2024-04-28 09:10:00,图书文具,3,297.66,5.0,是,2024,4,2024-04-28,6,9
ORD_000396,USER_0069,2024-03-01 10:19:00,家居用品,2,348.08,5.0,是,2024,3,2024-03-01,4,10
ORD_000397,USER_0193,2024-01-25 10:05:00,美妆护肤,1,258.32,5.0,是,2024,1,2024-01-25,3,10
ORD_000398,USER_0183,2024-01-08 16:28:00,美妆护肤,1,568.0,3.0,是,2024,1,2024-01-08,0,16
ORD_000399,USER_0350,2024-03-25 17:35:00,运动户外,4,4728.01,2.0,是,2024,3,2024-03-25,0,17
ORD_000400,USER_0297,2024-03-09 12:38:00,美妆护肤,3,560.72,4.0,是,2024,3,2024-03-09,5,12
ORD_000401,USER_0299,2024-03-12 10:59:00,食品饮料,4,119.21,4.0,是,2024,3,2024-03-12,1,10
ORD_000402,USER_0217,2024-02-06 20:26:00,电子产品,4,4728.01,4.0,是,2024,2,2024-02-06,1,20
ORD_000403,USER_0127,2024-03-14 21:10:00,美妆护肤,2,318.09,5.0,是,2024,3,2024-03-14,3,21
ORD_000404,USER_0022,2024-01-09 16:10:00,电子产品,1,658.62,5.0,是,2024,1,2024-01-09,1,16
ORD_000405,USER_0194,2024-04-12 10:43:00,电子产品,2,4728.01,5.0,否,2024,4,2024-04-12,4,10
ORD_000406,USER_0282,2024-03-25 20:14:00,电子产品,2,1387.23,5.0,是,2024,3,2024-03-25,0,20
ORD_000407,USER_0160,2024-04-19 13:43:00,服装鞋帽,3,1211.78,1.0,是,2024,4,2024-04-19,4,13
ORD_000408,USER_0114,2024-02-19 18:11:00,运动户外,4,4461.89,4.0,否,2024,2,2024-02-19,0,18
ORD_000409,USER_0320,2024-03-25 17:24:00,食品饮料,1,33.03,4.0,否,2024,3,2024-03-25,0,17
ORD_000410,USER_0314,2024-02-26 09:13:00,运动户外,3,865.36,5.0,是,2024,2,2024-02-26,0,9
ORD_000411,USER_0196,2024-02-09 11:36:00,美妆护肤,1,403.68,5.0,否,2024,2,2024-02-09,4,11
ORD_000412,USER_0354,2024-02-18 19:37:00,美妆护肤,4,1443.57,2.0,是,2024,2,2024-02-18,6,19
ORD_000413,USER_0342,2024-04-26 18:33:00,图书文具,3,308.11,5.0,是,2024,4,2024-04-26,4,18
ORD_000414,USER_0125,2024-03-07 13:32:00,电子产品,1,2228.52,4.0,是,2024,3,2024-03-07,3,13
ORD_000415,USER_0290,2024-02-08 17:14:00,电子产品,4,4728.01,5.0,否,2024,2,2024-02-08,3,17
ORD_000416,USER_0313,2024-02-04 19:46:00,电子产品,3,4728.01,5.0,否,2024,2,2024-02-04,6,19
ORD_000417,USER_0281,2024-01-16 14:01:00,美妆护肤,3,402.29,2.0,否,2024,1,2024-01-16,1,14
ORD_000418,USER_0223,2024-04-10 20:43:00,电子产品,3,4728.01,4.0,否,2024,4,2024-04-10,2,20
ORD_000419,USER_0269,2024-01-06 16:50:00,图书文具,2,159.72,4.0,是,2024,1,2024-01-06,5,16
ORD_000420,USER_0316,2024-02-29 22:41:00,电子产品,1,1990.24,5.0,否,2024,2,2024-02-29,3,22
ORD_000421,USER_0092,2024-03-08 11:07:00,电子产品,4,4728.01,3.0,否,2024,3,2024-03-08,4,11
ORD_000422,USER_0176,2024-02-23 22:11:00,家居用品,3,1375.39,5.0,是,2024,2,2024-02-23,4,22
ORD_000423,USER_0142,2024-04-28 19:20:00,电子产品,2,4260.09,4.0,是,2024,4,2024-04-28,6,19
ORD_000424,USER_0282,2024-01-07 09:01:00,食品饮料,4,672.41,5.0,是,2024,1,2024-01-07,6,9
ORD_000425,USER_0230,2024-03-10 16:24:00,运动户外,2,2637.83,2.0,是,2024,3,2024-03-10,6,16
ORD_000426,USER_0234,2024-03-24 21:01:00,家居用品,1,83.33,3.0,是,2024,3,2024-03-24,6,21
ORD_000427,USER_0295,2024-01-14 11:33:00,电子产品,2,921.74,5.0,否,2024,1,2024-01-14,6,11
ORD_000428,USER_0144,2024-03-11 17:29:00,电子产品,4,4093.33,4.0,是,2024,3,2024-03-11,0,17
ORD_000429,USER_0174,2024-01-21 20:22:00,食品饮料,2,300.37,5.0,是,2024,1,2024-01-21,6,20
ORD_000430,USER_0293,2024-02-14 22:33:00,运动户外,4,3442.26,5.0,否,2024,2,2024-02-14,2,22
ORD_000431,USER_0094,2024-03-14 10:40:00,运动户外,3,4728.01,4.0,否,2024,3,2024-03-14,3,10
ORD_000432,USER_0162,2024-03-19 22:43:00,运动户外,2,2663.69,4.0,否,2024,3,2024-03-19,1,22
ORD_000433,USER_0280,2024-03-10 17:16:00,食品饮料,1,172.55,5.0,否,2024,3,2024-03-10,6,17
ORD_000434,USER_0323,2024-02-15 19:21:00,家居用品,3,1241.44,5.0,否,2024,2,2024-02-15,3,19
ORD_000435,USER_0168,2024-02-04 20:24:00,家居用品,1,156.17,4.0,否,2024,2,2024-02-04,6,20
ORD_000436,USER_0005,2024-03-01 15:02:00,图书文具,2,259.21,5.0,否,2024,3,2024-03-01,4,15
ORD_000437,USER_0217,2024-03-14 15:15:00,运动户外,3,4223.83,4.0,是,2024,3,2024-03-14,3,15
ORD_000438,USER_0329,2024-04-17 20:57:00,服装鞋帽,1,190.36,4.0,否,2024,4,2024-04-17,2,20
ORD_000439,USER_0100,2024-01-30 21:34:00,运动户外,1,1141.97,2.0,是,2024,1,2024-01-30,1,21
ORD_000440,USER_0139,2024-02-23 22:45:00,运动户外,1,1611.27,2.0,否,2024,2,2024-02-23,4,22
ORD_000441,USER_0100,2024-01-26 18:24:00,食品饮料,3,461.96,4.0,是,2024,1,2024-01-26,4,18
ORD_000442,USER_0354,2024-02-12 13:40:00,家居用品,1,344.97,4.0,否,2024,2,2024-02-12,0,13
ORD_000443,USER_0007,2024-02-07 15:11:00,运动户外,3,4443.71,5.0,否,2024,2,2024-02-07,2,15
ORD_000444,USER_0324,2024-03-01 15:28:00,运动户外,4,1689.89,4.0,是,2024,3,2024-03-01,4,15
ORD_000445,USER_0339,2024-01-11 17:10:00,电子产品,4,4728.01,5.0,否,2024,1,2024-01-11,3,17
ORD_000446,USER_0217,2024-03-04 22:33:00,服装鞋帽,3,230.65,5.0,是,2024,3,2024-03-04,0,22
ORD_000447,USER_0025,2024-02-12 16:27:00,运动户外,1,1482.48,5.0,是,2024,2,2024-02-12,0,16
ORD_000448,USER_0184,2024-03-11 20:24:00,运动户外,3,2409.68,4.0,是,2024,3,2024-03-11,0,20
ORD_000449,USER_0286,2024-02-21 12:15:00,食品饮料,2,265.5,4.0,否,2024,2,2024-02-21,2,12
ORD_000450,USER_0328,2024-03-28 22:42:00,服装鞋帽,4,2645.65,5.0,是,2024,3,2024-03-28,3,22
ORD_000451,USER_0276,2024-04-11 20:58:00,家居用品,1,154.58,3.0,否,2024,4,2024-04-11,3,20
ORD_000452,USER_0330,2024-01-18 11:01:00,家居用品,3,185.02,5.0,是,2024,1,2024-01-18,3,11
ORD_000453,USER_0242,2024-04-03 21:51:00,电子产品,1,2871.65,5.0,是,2024,4,2024-04-03,2,21
ORD_000454,USER_0264,2024-02-25 09:46:00,美妆护肤,3,245.51,5.0,是,2024,2,2024-02-25,6,9
ORD_000455,USER_0179,2024-02-24 20:30:00,服装鞋帽,3,1704.98,5.0,是,2024,2,2024-02-24,5,20
ORD_000456,USER_0274,2024-02-18 19:11:00,食品饮料,2,380.7,4.0,是,2024,2,2024-02-18,6,19
ORD_000457,USER_0335,2024-03-18 17:50:00,服装鞋帽,4,856.59,5.0,是,2024,3,2024-03-18,0,17
ORD_000458,USER_0352,2024-02-21 11:19:00,电子产品,1,386.72,4.0,否,2024,2,2024-02-21,2,11
ORD_000459,USER_0117,2024-04-26 16:28:00,服装鞋帽,1,154.77,4.0,是,2024,4,2024-04-26,4,16
ORD_000460,USER_0130,2024-01-09 12:38:00,服装鞋帽,1,678.2,4.0,否,2024,1,2024-01-09,1,12
ORD_000461,USER_0347,2024-01-09 13:38:00,运动户外,3,4728.01,2.0,否,2024,1,2024-01-09,1,13
ORD_000462,USER_0023,2024-04-26 12:12:00,电子产品,4,4728.01,5.0,否,2024,4,2024-04-26,4,12
ORD_000463,USER_0113,2024-04-27 16:36:00,美妆护肤,2,148.57,3.0,是,2024,4,2024-04-27,5,16
ORD_000464,USER_0158,2024-02-27 15:12:00,食品饮料,1,143.29,4.0,是,2024,2,2024-02-27,1,15
ORD_000465,USER_0337,2024-01-15 11:38:00,电子产品,4,3517.99,5.0,是,2024,1,2024-01-15,0,11
ORD_000466,USER_0210,2024-01-04 10:14:00,食品饮料,4,85.79,5.0,否,2024,1,2024-01-04,3,10
ORD_000467,USER_0165,2024-03-16 15:51:00,家居用品,2,603.16,3.0,否,2024,3,2024-03-16,5,15
ORD_000468,USER_0214,2024-03-16 12:34:00,运动户外,2,1684.82,3.0,否,2024,3,2024-03-16,5,12
ORD_000469,USER_0073,2024-02-11 19:38:00,运动户外,4,4728.01,3.0,否,2024,2,2024-02-11,6,19
ORD_000470,USER_0355,2024-03-11 21:34:00,图书文具,2,76.76,5.0,否,2024,3,2024-03-11,0,21
ORD_000471,USER_0355,2024-01-21 22:32:00,图书文具,2,141.81,4.0,否,2024,1,2024-01-21,6,22
ORD_000472,USER_0194,2024-04-02 14:41:00,食品饮料,3,395.83,5.0,是,2024,4,2024-04-02,1,14
ORD_000473,USER_0290,2024-02-25 15:38:00,家居用品,1,154.11,4.0,否,2024,2,2024-02-25,6,15
ORD_000474,USER_0230,2024-04-05 18:03:00,服装鞋帽,2,1001.42,5.0,是,2024,4,2024-04-05,4,18
ORD_000475,USER_0290,2024-01-19 20:48:00,图书文具,2,289.17,5.0,否,2024,1,2024-01-19,4,20
ORD_000476,USER_0086,2024-03-14 18:38:00,运动户外,2,1878.22,5.0,是,2024,3,2024-03-14,3,18
ORD_000477,USER_0124,2024-01-23 12:11:00,食品饮料,1,176.05,4.0,是,2024,1,2024-01-23,1,12
ORD_000478,USER_0329,2024-02-03 09:14:00,食品饮料,3,313.18,5.0,是,2024,2,2024-02-03,5,9
ORD_000479,USER_0203,2024-01-16 22:40:00,运动户外,2,1032.86,4.0,否,2024,1,2024-01-16,1,22
ORD_000480,USER_0299,2024-04-19 13:26:00,电子产品,1,2789.5,5.0,否,2024,4,2024-04-19,4,13
ORD_000481,USER_0007,2024-02-04 19:52:00,电子产品,3,1418.73,4.0,否,2024,2,2024-02-04,6,19
ORD_000482,USER_0317,2024-04-19 21:29:00,电子产品,4,4728.01,3.0,是,2024,4,2024-04-19,4,21
ORD_000483,USER_0275,2024-03-03 11:12:00,家居用品,4,231.09,5.0,否,2024,3,2024-03-03,6,11
ORD_000484,USER_0051,2024-02-21 10:10:00,电子产品,3,326.15,5.0,是,2024,2,2024-02-21,2,10
ORD_000485,USER_0025,2024-01-11 14:47:00,食品饮料,2,202.8,4.0,否,2024,1,2024-01-11,3,14
ORD_000486,USER_0150,2024-03-25 22:08:00,电子产品,1,627.68,3.0,否,2024,3,2024-03-25,0,22
ORD_000487,USER_0098,2024-03-01 16:47:00,家居用品,1,440.85,4.0,是,2024,3,2024-03-01,4,16
ORD_000488,USER_0103,2024-02-24 19:20:00,电子产品,1,1915.5,5.0,否,2024,2,2024-02-24,5,19
ORD_000489,USER_0010,2024-04-05 09:34:00,图书文具,2,154.22,3.0,否,2024,4,2024-04-05,4,9
ORD_000490,USER_0074,2024-03-04 09:30:00,美妆护肤,4,301.28,4.0,否,2024,3,2024-03-04,0,9
ORD_000491,USER_0305,2024-03-09 22:09:00,电子产品,2,4728.01,3.0,否,2024,3,2024-03-09,5,22
ORD_000492,USER_0295,2024-03-03 18:08:00,服装鞋帽,1,210.04,5.0,否,2024,3,2024-03-03,6,18
ORD_000493,USER_0237,2024-03-09 19:00:00,电子产品,1,4600.67,5.0,是,2024,3,2024-03-09,5,19
ORD_000494,USER_0356,2024-02-12 20:29:00,家居用品,3,517.3,4.0,否,2024,2,2024-02-12,0,20
ORD_000495,USER_0334,2024-04-12 18:51:00,食品饮料,3,235.22,5.0,是,2024,4,2024-04-12,4,18
ORD_000496,USER_0232,2024-03-18 09:01:00,服装鞋帽,2,1215.47,4.0,否,2024,3,2024-03-18,0,9
ORD_000497,USER_0315,2024-01-21 22:03:00,运动户外,2,2702.41,3.0,是,2024,1,2024-01-21,6,22
ORD_000498,USER_0071,2024-04-06 20:00:00,服装鞋帽,3,1904.97,5.0,否,2024,4,2024-04-06,5,20
ORD_000499,USER_0020,2024-01-23 22:22:00,服装鞋帽,2,1496.96,5.0,否,2024,1,2024-01-23,1,22
ORD_000500,USER_0357,2024-01-22 16:13:00,电子产品,1,4728.01,5.0,否,2024,1,2024-01-22,0,16
ORD_000501,USER_0195,2024-01-10 20:33:00,电子产品,4,4728.01,4.0,否,2024,1,2024-01-10,2,20
ORD_000502,USER_0320,2024-03-27 10:05:00,服装鞋帽,1,515.23,2.0,否,2024,3,2024-03-27,2,10
ORD_000503,USER_0032,2024-01-12 22:57:00,服装鞋帽,2,274.47,5.0,是,2024,1,2024-01-12,4,22
ORD_000504,USER_0197,2024-03-18 12:40:00,电子产品,4,4728.01,5.0,否,2024,3,2024-03-18,0,12
ORD_000505,USER_0350,2024-03-04 13:59:00,服装鞋帽,1,129.36,5.0,是,2024,3,2024-03-04,0,13
ORD_000506,USER_0035,2024-02-28 22:33:00,电子产品,2,4728.01,5.0,是,2024,2,2024-02-28,2,22
ORD_000507,USER_0160,2024-02-25 16:27:00,电子产品,1,2004.65,3.0,是,2024,2,2024-02-25,6,16
ORD_000508,USER_0351,2024-04-23 21:52:00,美妆护肤,1,68.0,5.0,否,2024,4,2024-04-23,1,21
ORD_000509,USER_0231,2024-04-04 13:11:00,运动户外,4,2232.21,1.0,否,2024,4,2024-04-04,3,13
ORD_000510,USER_0096,2024-04-17 17:02:00,图书文具,4,279.85,5.0,否,2024,4,2024-04-17,2,17
ORD_000511,USER_0248,2024-04-26 22:42:00,运动户外,1,1025.46,4.0,是,2024,4,2024-04-26,4,22
ORD_000512,USER_0142,2024-02-11 21:37:00,图书文具,2,143.96,2.0,否,2024,2,2024-02-11,6,21
ORD_000513,USER_0075,2024-04-12 22:05:00,运动户外,1,1282.92,4.0,否,2024,4,2024-04-12,4,22
ORD_000514,USER_0023,2024-01-26 14:09:00,食品饮料,4,724.0,3.0,是,2024,1,2024-01-26,4,14
ORD_000515,USER_0209,2024-01-07 09:16:00,服装鞋帽,1,196.47,2.0,否,2024,1,2024-01-07,6,9
ORD_000516,USER_0265,2024-04-12 12:26:00,食品饮料,1,11.23,4.0,是,2024,4,2024-04-12,4,12
ORD_000517,USER_0186,2024-03-23 17:20:00,家居用品,1,281.0,5.0,否,2024,3,2024-03-23,5,17
ORD_000518,USER_0330,2024-04-24 19:36:00,运动户外,3,4728.01,5.0,否,2024,4,2024-04-24,2,19
ORD_000519,USER_0300,2024-01-02 20:43:00,服装鞋帽,1,417.69,5.0,否,2024,1,2024-01-02,1,20
ORD_000520,USER_0238,2024-02-17 14:42:00,图书文具,3,416.16,4.0,是,2024,2,2024-02-17,5,14
ORD_000521,USER_0139,2024-03-03 18:25:00,图书文具,1,58.35,5.0,否,2024,3,2024-03-03,6,18
ORD_000522,USER_0275,2024-03-29 18:17:00,电子产品,2,1959.03,5.0,否,2024,3,2024-03-29,4,18
ORD_000523,USER_0073,2024-04-16 22:57:00,家居用品,2,98.81,2.0,是,2024,4,2024-04-16,1,22
ORD_000524,USER_0309,2024-03-16 12:31:00,电子产品,1,2143.51,4.0,否,2024,3,2024-03-16,5,12
ORD_000525,USER_0130,2024-03-13 10:08:00,电子产品,3,4728.01,5.0,否,2024,3,2024-03-13,2,10
ORD_000526,USER_0186,2024-01-25 15:16:00,服装鞋帽,3,1338.98,4.0,否,2024,1,2024-01-25,3,15
ORD_000527,USER_0256,2024-01-19 16:42:00,家居用品,2,528.65,5.0,是,2024,1,2024-01-19,4,16
ORD_000528,USER_0300,2024-03-19 11:29:00,食品饮料,2,338.56,4.0,是,2024,3,2024-03-19,1,11
ORD_000529,USER_0244,2024-01-18 10:26:00,家居用品,4,825.79,4.0,否,2024,1,2024-01-18,3,10
ORD_000530,USER_0275,2024-04-04 20:09:00,电子产品,4,4728.01,4.0,否,2024,4,2024-04-04,3,20
ORD_000531,USER_0223,2024-03-01 10:00:00,电子产品,4,4728.01,4.0,是,2024,3,2024-03-01,4,10
ORD_000532,USER_0026,2024-03-14 21:36:00,电子产品,1,421.36,5.0,否,2024,3,2024-03-14,3,21
ORD_000533,USER_0286,2024-02-07 12:11:00,电子产品,2,4728.01,2.0,否,2024,2,2024-02-07,2,12
ORD_000534,USER_0012,2024-03-09 18:08:00,运动户外,2,3815.5,5.0,否,2024,3,2024-03-09,5,18
ORD_000535,USER_0354,2024-03-31 16:50:00,家居用品,2,114.03,4.0,否,2024,3,2024-03-31,6,16
ORD_000536,USER_0022,2024-02-23 20:17:00,食品饮料,2,168.91,5.0,否,2024,2,2024-02-23,4,20
ORD_000537,USER_0086,2024-03-31 11:19:00,食品饮料,2,201.65,3.0,否,2024,3,2024-03-31,6,11
ORD_000538,USER_0154,2024-02-06 21:24:00,家居用品,1,492.46,2.0,否,2024,2,2024-02-06,1,21
ORD_000539,USER_0032,2024-04-28 15:12:00,运动户外,4,417.87,4.0,否,2024,4,2024-04-28,6,15
ORD_000540,USER_0274,2024-01-11 10:14:00,服装鞋帽,3,555.4,3.0,否,2024,1,2024-01-11,3,10
ORD_000541,USER_0163,2024-03-10 20:53:00,家居用品,2,179.74,5.0,是,2024,3,2024-03-10,6,20
ORD_000542,USER_0127,2024-01-19 21:22:00,服装鞋帽,2,712.94,3.0,否,2024,1,2024-01-19,4,21
ORD_000543,USER_0020,2024-03-24 19:15:00,电子产品,1,499.26,5.0,是,2024,3,2024-03-24,6,19
ORD_000544,USER_0189,2024-02-15 11:14:00,电子产品,3,1760.76,4.0,否,2024,2,2024-02-15,3,11
ORD_000545,USER_0198,2024-04-17 12:37:00,服装鞋帽,4,1148.8,5.0,是,2024,4,2024-04-17,2,12
ORD_000546,USER_0109,2024-04-23 09:24:00,图书文具,1,123.22,4.0,否,2024,4,2024-04-23,1,9
ORD_000547,USER_0035,2024-01-26 16:46:00,食品饮料,3,347.42,3.0,否,2024,1,2024-01-26,4,16
ORD_000548,USER_0038,2024-04-24 19:35:00,运动户外,4,2409.68,2.0,否,2024,4,2024-04-24,2,19
ORD_000549,USER_0056,2024-03-05 09:50:00,食品饮料,2,188.14,4.0,是,2024,3,2024-03-05,1,9
ORD_000550,USER_0176,2024-02-01 19:49:00,美妆护肤,3,1158.45,4.0,否,2024,2,2024-02-01,3,19
ORD_000551,USER_0095,2024-01-21 10:16:00,运动户外,1,1137.05,5.0,是,2024,1,2024-01-21,6,10
ORD_000552,USER_0056,2024-02-21 12:37:00,服装鞋帽,3,2132.29,4.0,是,2024,2,2024-02-21,2,12
ORD_000553,USER_0003,2024-01-10 14:15:00,家居用品,3,1103.38,1.0,是,2024,1,2024-01-10,2,14
ORD_000554,USER_0027,2024-01-26 16:15:00,运动户外,1,439.53,5.0,否,2024,1,2024-01-26,4,16
ORD_000555,USER_0168,2024-01-13 15:59:00,美妆护肤,4,1171.34,4.0,是,2024,1,2024-01-13,5,15
ORD_000556,USER_0207,2024-01-19 15:28:00,服装鞋帽,1,930.02,5.0,是,2024,1,2024-01-19,4,15
ORD_000557,USER_0202,2024-03-11 20:03:00,服装鞋帽,2,260.29,4.0,否,2024,3,2024-03-11,0,20
ORD_000558,USER_0326,2024-02-19 22:26:00,服装鞋帽,3,572.08,3.0,否,2024,2,2024-02-19,0,22
ORD_000559,USER_0193,2024-03-01 21:01:00,电子产品,3,4385.08,3.0,否,2024,3,2024-03-01,4,21
ORD_000560,USER_0279,2024-03-18 11:36:00,美妆护肤,2,307.33,4.0,是,2024,3,2024-03-18,0,11
ORD_000561,USER_0227,2024-04-16 10:54:00,图书文具,1,57.4,4.0,是,2024,4,2024-04-16,1,10
ORD_000562,USER_0299,2024-01-07 13:30:00,运动户外,2,2498.51,3.0,否,2024,1,2024-01-07,6,13
ORD_000563,USER_0356,2024-04-25 16:28:00,家居用品,3,202.24,5.0,否,2024,4,2024-04-25,3,16
ORD_000564,USER_0251,2024-03-24 12:56:00,服装鞋帽,1,284.43,5.0,否,2024,3,2024-03-24,6,12
ORD_000565,USER_0306,2024-03-01 11:10:00,家居用品,4,1915.39,1.0,否,2024,3,2024-03-01,4,11
ORD_000566,USER_0196,2024-03-23 20:25:00,家居用品,4,773.46,5.0,否,2024,3,2024-03-23,5,20
ORD_000567,USER_0171,2024-03-27 17:45:00,食品饮料,1,177.1,3.0,否,2024,3,2024-03-27,2,17
ORD_000568,USER_0274,2024-04-28 09:33:00,美妆护肤,3,535.41,2.0,否,2024,4,2024-04-28,6,9
ORD_000569,USER_0104,2024-02-15 15:27:00,服装鞋帽,2,583.74,5.0,是,2024,2,2024-02-15,3,15
ORD_000570,USER_0216,2024-03-26 16:47:00,图书文具,2,38.52,4.0,是,2024,3,2024-03-26,1,16
ORD_000571,USER_0260,2024-01-16 13:04:00,图书文具,4,445.55,4.0,是,2024,1,2024-01-16,1,13
ORD_000572,USER_0093,2024-01-08 22:50:00,运动户外,3,4728.01,4.0,否,2024,1,2024-01-08,0,22
ORD_000573,USER_0234,2024-01-11 13:03:00,图书文具,4,344.99,4.0,是,2024,1,2024-01-11,3,13
ORD_000574,USER_0063,2024-02-04 16:10:00,运动户外,3,3650.87,4.0,否,2024,2,2024-02-04,6,16
ORD_000575,USER_0042,2024-01-15 18:30:00,运动户外,3,2959.97,2.0,是,2024,1,2024-01-15,0,18
ORD_000576,USER_0074,2024-04-11 15:33:00,食品饮料,4,757.05,4.0,否,2024,4,2024-04-11,3,15
ORD_000577,USER_0223,2024-02-27 15:51:00,电子产品,2,2095.8,5.0,否,2024,2,2024-02-27,1,15
ORD_000578,USER_0165,2024-01-24 22:06:00,家居用品,1,199.14,5.0,否,2024,1,2024-01-24,2,22
ORD_000579,USER_0035,2024-02-23 18:09:00,图书文具,3,278.78,5.0,否,2024,2,2024-02-23,4,18
ORD_000580,USER_0263,2024-03-05 12:31:00,家居用品,1,241.23,3.0,否,2024,3,2024-03-05,1,12
ORD_000581,USER_0260,2024-04-03 14:12:00,食品饮料,3,399.16,4.0,否,2024,4,2024-04-03,2,14
ORD_000582,USER_0031,2024-04-29 12:58:00,服装鞋帽,3,1729.66,3.0,否,2024,4,2024-04-29,0,12
ORD_000583,USER_0254,2024-03-15 17:39:00,服装鞋帽,3,1728.35,5.0,是,2024,3,2024-03-15,4,17
ORD_000584,USER_0042,2024-01-01 12:41:00,服装鞋帽,1,102.4,4.0,是,2024,1,2024-01-01,0,12
ORD_000585,USER_0094,2024-03-14 09:10:00,美妆护肤,1,321.52,5.0,是,2024,3,2024-03-14,3,9
ORD_000586,USER_0051,2024-01-25 13:53:00,家居用品,2,403.14,4.0,是,2024,1,2024-01-25,3,13
ORD_000587,USER_0217,2024-01-24 11:09:00,食品饮料,4,665.91,5.0,是,2024,1,2024-01-24,2,11
ORD_000588,USER_0125,2024-01-12 14:39:00,电子产品,4,4728.01,5.0,否,2024,1,2024-01-12,4,14
ORD_000589,USER_0139,2024-01-07 09:01:00,电子产品,1,3258.68,5.0,否,2024,1,2024-01-07,6,9
ORD_000590,USER_0260,2024-03-27 19:40:00,家居用品,4,288.63,4.0,否,2024,3,2024-03-27,2,19
ORD_000591,USER_0280,2024-01-18 20:13:00,电子产品,1,2656.04,5.0,是,2024,1,2024-01-18,3,20
ORD_000592,USER_0042,2024-01-22 13:34:00,食品饮料,1,174.56,3.0,否,2024,1,2024-01-22,0,13
ORD_000593,USER_0355,2024-02-17 14:25:00,食品饮料,2,180.31,4.0,是,2024,2,2024-02-17,5,14
ORD_000594,USER_0125,2024-04-10 18:49:00,电子产品,2,4728.01,4.0,是,2024,4,2024-04-10,2,18
ORD_000595,USER_0298,2024-01-18 22:22:00,服装鞋帽,4,2920.02,1.0,是,2024,1,2024-01-18,3,22
ORD_000596,USER_0293,2024-02-15 17:58:00,服装鞋帽,3,1691.2,4.0,是,2024,2,2024-02-15,3,17
ORD_000597,USER_0134,2024-04-10 17:23:00,美妆护肤,1,409.7,5.0,是,2024,4,2024-04-10,2,17
ORD_000598,USER_0237,2024-02-28 22:37:00,家居用品,1,340.65,5.0,否,2024,2,2024-02-28,2,22
ORD_000599,USER_0037,2024-03-31 12:02:00,图书文具,2,33.05,5.0,否,2024,3,2024-03-31,6,12
ORD_000600,USER_0348,2024-02-09 12:13:00,电子产品,1,1150.13,3.0,是,2024,2,2024-02-09,4,12
ORD_000601,USER_0185,2024-01-15 20:57:00,图书文具,3,324.38,4.0,否,2024,1,2024-01-15,0,20
ORD_000602,USER_0319,2024-03-31 18:58:00,美妆护肤,1,527.06,4.0,是,2024,3,2024-03-31,6,18
ORD_000603,USER_0230,2024-02-22 18:02:00,服装鞋帽,3,163.79,4.0,是,2024,2,2024-02-22,3,18
ORD_000604,USER_0020,2024-02-02 18:01:00,电子产品,1,1383.25,5.0,否,2024,2,2024-02-02,4,18
ORD_000605,USER_0070,2024-01-06 21:11:00,图书文具,2,41.34,5.0,是,2024,1,2024-01-06,5,21
ORD_000606,USER_0217,2024-04-16 12:41:00,家居用品,1,111.65,5.0,是,2024,4,2024-04-16,1,12
ORD_000607,USER_0324,2024-04-13 19:12:00,电子产品,1,3202.53,3.0,否,2024,4,2024-04-13,5,19
ORD_000608,USER_0116,2024-04-02 11:44:00,运动户外,4,1517.87,5.0,否,2024,4,2024-04-02,1,11
ORD_000609,USER_0052,2024-02-01 15:44:00,家居用品,4,179.57,4.0,是,2024,2,2024-02-01,3,15
ORD_000610,USER_0202,2024-04-10 16:11:00,食品饮料,2,69.92,2.0,否,2024,4,2024-04-10,2,16
ORD_000611,USER_0320,2024-02-28 17:58:00,美妆护肤,3,1754.76,5.0,是,2024,2,2024-02-28,2,17
ORD_000612,USER_0122,2024-03-08 13:06:00,服装鞋帽,3,1339.64,2.0,否,2024,3,2024-03-08,4,13
ORD_000613,USER_0267,2024-01-06 11:59:00,食品饮料,1,126.7,3.0,否,2024,1,2024-01-06,5,11
ORD_000614,USER_0047,2024-04-13 17:35:00,服装鞋帽,3,633.83,1.0,是,2024,4,2024-04-13,5,17
ORD_000615,USER_0008,2024-03-30 14:33:00,服装鞋帽,2,1491.31,1.0,否,2024,3,2024-03-30,5,14
ORD_000616,USER_0074,2024-01-13 16:18:00,食品饮料,4,47.6,2.0,是,2024,1,2024-01-13,5,16
ORD_000617,USER_0335,2024-04-11 10:12:00,图书文具,3,153.8,5.0,是,2024,4,2024-04-11,3,10
ORD_000618,USER_0080,2024-04-18 18:54:00,服装鞋帽,3,1020.06,4.0,否,2024,4,2024-04-18,3,18
ORD_000619,USER_0310,2024-01-27 17:56:00,食品饮料,2,277.24,5.0,是,2024,1,2024-01-27,5,17
ORD_000620,USER_0273,2024-03-04 10:12:00,服装鞋帽,1,543.42,1.0,是,2024,3,2024-03-04,0,10
ORD_000621,USER_0246,2024-02-06 12:14:00,食品饮料,4,526.91,4.0,否,2024,2,2024-02-06,1,12
ORD_000622,USER_0087,2024-03-03 19:56:00,电子产品,2,3947.74,4.0,是,2024,3,2024-03-03,6,19
ORD_000623,USER_0358,2024-03-11 21:39:00,食品饮料,1,153.7,4.0,否,2024,3,2024-03-11,0,21
ORD_000624,USER_0003,2024-03-31 10:32:00,电子产品,1,4374.11,4.0,否,2024,3,2024-03-31,6,10
ORD_000625,USER_0252,2024-01-26 10:42:00,服装鞋帽,3,1013.5,4.0,否,2024,1,2024-01-26,4,10
ORD_000626,USER_0057,2024-04-05 21:59:00,电子产品,1,1340.84,5.0,是,2024,4,2024-04-05,4,21
ORD_000627,USER_0265,2024-04-03 12:49:00,运动户外,2,3579.07,4.0,是,2024,4,2024-04-03,2,12
ORD_000628,USER_0038,2024-04-19 14:09:00,服装鞋帽,2,373.45,4.0,否,2024,4,2024-04-19,4,14
ORD_000629,USER_0262,2024-03-01 21:01:00,美妆护肤,4,851.82,5.0,否,2024,3,2024-03-01,4,21
ORD_000630,USER_0117,2024-01-30 10:25:00,食品饮料,1,91.81,4.0,是,2024,1,2024-01-30,1,10
ORD_000631,USER_0179,2024-03-26 21:04:00,服装鞋帽,1,539.99,2.0,是,2024,3,2024-03-26,1,21
ORD_000632,USER_0123,2024-03-24 14:20:00,家居用品,2,785.04,5.0,否,2024,3,2024-03-24,6,14
ORD_000633,USER_0117,2024-02-11 20:47:00,电子产品,2,1286.03,4.0,否,2024,2,2024-02-11,6,20
ORD_000634,USER_0348,2024-03-24 14:51:00,图书文具,4,560.54,5.0,否,2024,3,2024-03-24,6,14
ORD_000635,USER_0093,2024-03-04 14:06:00,家居用品,3,262.94,5.0,是,2024,3,2024-03-04,0,14
ORD_000636,USER_0141,2024-01-17 22:56:00,食品饮料,4,675.85,4.0,是,2024,1,2024-01-17,2,22
ORD_000637,USER_0343,2024-02-10 22:40:00,图书文具,2,36.47,4.0,否,2024,2,2024-02-10,5,22
ORD_000638,USER_0234,2024-03-11 12:38:00,电子产品,1,4033.58,2.0,是,2024,3,2024-03-11,0,12
ORD_000639,USER_0099,2024-04-10 15:14:00,家居用品,2,497.33,5.0,否,2024,4,2024-04-10,2,15
ORD_000640,USER_0089,2024-03-02 13:07:00,电子产品,4,4728.01,4.0,否,2024,3,2024-03-02,5,13
ORD_000641,USER_0057,2024-04-28 20:39:00,食品饮料,4,756.9,5.0,否,2024,4,2024-04-28,6,20
ORD_000642,USER_0264,2024-01-13 17:54:00,运动户外,4,1241.23,5.0,否,2024,1,2024-01-13,5,17
ORD_000643,USER_0063,2024-01-19 10:37:00,电子产品,3,4728.01,5.0,是,2024,1,2024-01-19,4,10
ORD_000644,USER_0109,2024-02-01 20:49:00,服装鞋帽,4,3012.61,4.0,否,2024,2,2024-02-01,3,20
ORD_000645,USER_0326,2024-02-02 16:43:00,美妆护肤,1,537.48,5.0,否,2024,2,2024-02-02,4,16
ORD_000646,USER_0304,2024-01-12 10:42:00,食品饮料,1,149.56,1.0,否,2024,1,2024-01-12,4,10
ORD_000647,USER_0257,2024-01-20 19:55:00,食品饮料,3,136.45,5.0,否,2024,1,2024-01-20,5,19
ORD_000648,USER_0009,2024-02-12 20:28:00,美妆护肤,2,681.51,4.0,否,2024,2,2024-02-12,0,20
ORD_000649,USER_0032,2024-02-13 13:40:00,美妆护肤,2,657.38,4.0,是,2024,2,2024-02-13,1,13
ORD_000650,USER_0295,2024-03-29 15:36:00,家居用品,4,667.52,4.0,否,2024,3,2024-03-29,4,15
ORD_000651,USER_0173,2024-02-18 22:41:00,食品饮料,1,56.18,5.0,否,2024,2,2024-02-18,6,22
ORD_000652,USER_0073,2024-03-21 18:39:00,电子产品,1,1796.53,4.0,是,2024,3,2024-03-21,3,18
ORD_000653,USER_0130,2024-04-14 17:49:00,图书文具,4,72.39,5.0,是,2024,4,2024-04-14,6,17
ORD_000654,USER_0193,2024-04-16 12:16:00,运动户外,2,1112.94,4.0,否,2024,4,2024-04-16,1,12
ORD_000655,USER_0297,2024-03-06 14:56:00,运动户外,4,4728.01,4.0,否,2024,3,2024-03-06,2,14
ORD_000656,USER_0239,2024-01-28 09:16:00,电子产品,3,4728.01,5.0,否,2024,1,2024-01-28,6,9
ORD_000657,USER_0038,2024-02-08 22:34:00,电子产品,4,4728.01,3.0,否,2024,2,2024-02-08,3,22
ORD_000658,USER_0326,2024-03-23 18:20:00,美妆护肤,2,1146.32,4.0,是,2024,3,2024-03-23,5,18
ORD_000659,USER_0119,2024-04-06 17:56:00,电子产品,3,4728.01,4.0,是,2024,4,2024-04-06,5,17
ORD_000660,USER_0219,2024-01-25 11:48:00,美妆护肤,3,1370.66,5.0,是,2024,1,2024-01-25,3,11
ORD_000661,USER_0357,2024-01-10 17:35:00,食品饮料,4,710.48,4.0,否,2024,1,2024-01-10,2,17
ORD_000662,USER_0182,2024-01-23 17:37:00,运动户外,4,4728.01,4.0,否,2024,1,2024-01-23,1,17
ORD_000663,USER_0021,2024-01-27 17:01:00,服装鞋帽,1,638.44,4.0,否,2024,1,2024-01-27,5,17
ORD_000664,USER_0115,2024-02-22 19:36:00,运动户外,1,1146.03,5.0,否,2024,2,2024-02-22,3,19
ORD_000665,USER_0068,2024-01-25 17:04:00,服装鞋帽,3,930.02,3.0,否,2024,1,2024-01-25,3,17
ORD_000666,USER_0048,2024-02-29 10:17:00,服装鞋帽,4,1418.46,5.0,否,2024,2,2024-02-29,3,10
ORD_000667,USER_0147,2024-02-18 18:02:00,美妆护肤,3,1555.49,5.0,否,2024,2,2024-02-18,6,18
ORD_000668,USER_0296,2024-02-15 22:11:00,电子产品,2,1801.99,4.0,否,2024,2,2024-02-15,3,22
ORD_000669,USER_0227,2024-02-23 14:19:00,电子产品,2,3875.04,5.0,否,2024,2,2024-02-23,4,14
ORD_000670,USER_0284,2024-04-09 09:12:00,服装鞋帽,2,504.27,4.0,否,2024,4,2024-04-09,1,9
ORD_000671,USER_0352,2024-04-19 19:18:00,电子产品,1,2396.61,3.0,否,2024,4,2024-04-19,4,19
ORD_000672,USER_0028,2024-02-10 09:13:00,服装鞋帽,1,337.12,4.0,否,2024,2,2024-02-10,5,9
ORD_000673,USER_0060,2024-02-17 13:49:00,服装鞋帽,2,441.5,3.0,是,2024,2,2024-02-17,5,13
ORD_000674,USER_0160,2024-01-29 10:18:00,家居用品,2,673.0,2.0,是,2024,1,2024-01-29,0,10
ORD_000675,USER_0254,2024-04-03 13:41:00,美妆护肤,2,278.46,2.0,否,2024,4,2024-04-03,2,13
ORD_000676,USER_0021,2024-01-16 21:30:00,电子产品,3,4728.01,4.0,是,2024,1,2024-01-16,1,21
ORD_000677,USER_0284,2024-01-04 18:47:00,食品饮料,3,304.29,1.0,否,2024,1,2024-01-04,3,18
ORD_000678,USER_0020,2024-02-14 09:29:00,家居用品,4,1857.18,5.0,是,2024,2,2024-02-14,2,9
ORD_000679,USER_0100,2024-01-21 11:08:00,美妆护肤,4,1225.81,4.0,否,2024,1,2024-01-21,6,11
ORD_000680,USER_0316,2024-02-19 12:39:00,食品饮料,4,364.98,5.0,否,2024,2,2024-02-19,0,12
ORD_000681,USER_0322,2024-02-20 21:48:00,服装鞋帽,4,2872.38,4.0,否,2024,2,2024-02-20,1,21
ORD_000682,USER_0294,2024-02-27 15:04:00,图书文具,2,242.18,4.0,否,2024,2,2024-02-27,1,15
ORD_000683,USER_0165,2024-02-16 20:04:00,美妆护肤,4,2367.85,1.0,否,2024,2,2024-02-16,4,20
ORD_000684,USER_0177,2024-04-20 16:38:00,服装鞋帽,4,2108.36,5.0,否,2024,4,2024-04-20,5,16
ORD_000685,USER_0284,2024-03-03 22:27:00,电子产品,1,4048.76,2.0,否,2024,3,2024-03-03,6,22
ORD_000686,USER_0252,2024-03-09 14:41:00,食品饮料,2,157.0,5.0,否,2024,3,2024-03-09,5,14
ORD_000687,USER_0248,2024-02-12 09:14:00,食品饮料,4,380.64,5.0,是,2024,2,2024-02-12,0,9
ORD_000688,USER_0082,2024-02-26 10:20:00,运动户外,3,1040.89,4.0,否,2024,2,2024-02-26,0,10
ORD_000689,USER_0058,2024-01-02 21:54:00,食品饮料,1,136.21,4.0,是,2024,1,2024-01-02,1,21
ORD_000690,USER_0293,2024-03-22 10:44:00,食品饮料,1,172.72,2.0,否,2024,3,2024-03-22,4,10
ORD_000691,USER_0247,2024-01-15 18:28:00,服装鞋帽,4,3011.85,4.0,是,2024,1,2024-01-15,0,18
ORD_000692,USER_0252,2024-03-20 10:25:00,电子产品,1,4385.08,2.0,是,2024,3,2024-03-20,2,10
ORD_000693,USER_0151,2024-04-29 15:48:00,食品饮料,3,452.94,4.0,否,2024,4,2024-04-29,0,15
ORD_000694,USER_0277,2024-01-27 18:14:00,服装鞋帽,1,312.58,5.0,否,2024,1,2024-01-27,5,18
ORD_000695,USER_0195,2024-01-08 14:42:00,美妆护肤,3,345.85,2.0,否,2024,1,2024-01-08,0,14
ORD_000696,USER_0273,2024-02-08 14:55:00,图书文具,3,360.35,4.0,否,2024,2,2024-02-08,3,14
ORD_000697,USER_0211,2024-01-13 10:47:00,美妆护肤,2,110.89,5.0,否,2024,1,2024-01-13,5,10
ORD_000698,USER_0039,2024-02-07 12:02:00,家居用品,1,456.62,4.0,否,2024,2,2024-02-07,2,12
ORD_000699,USER_0219,2024-03-24 18:22:00,食品饮料,3,224.65,5.0,否,2024,3,2024-03-24,6,18
ORD_000700,USER_0103,2024-02-23 17:56:00,食品饮料,1,172.61,4.0,是,2024,2,2024-02-23,4,17
ORD_000701,USER_0088,2024-04-02 13:53:00,家居用品,3,1090.32,1.0,否,2024,4,2024-04-02,1,13
ORD_000702,USER_0051,2024-04-04 16:51:00,运动户外,4,4197.1,5.0,是,2024,4,2024-04-04,3,16
ORD_000703,USER_0303,2024-01-21 11:12:00,电子产品,2,4728.01,3.0,否,2024,1,2024-01-21,6,11
ORD_000704,USER_0040,2024-02-20 18:48:00,电子产品,4,2850.39,5.0,否,2024,2,2024-02-20,1,18
ORD_000705,USER_0167,2024-02-23 22:07:00,服装鞋帽,3,1823.14,4.0,否,2024,2,2024-02-23,4,22
ORD_000706,USER_0309,2024-03-03 11:08:00,食品饮料,2,336.4,3.0,否,2024,3,2024-03-03,6,11
ORD_000707,USER_0077,2024-01-17 12:03:00,服装鞋帽,1,370.01,4.0,是,2024,1,2024-01-17,2,12
ORD_000708,USER_0203,2024-04-18 18:45:00,电子产品,3,1878.29,3.0,是,2024,4,2024-04-18,3,18
ORD_000709,USER_0264,2024-01-02 22:11:00,美妆护肤,3,821.19,3.0,否,2024,1,2024-01-02,1,22
ORD_000710,USER_0347,2024-02-27 15:09:00,电子产品,1,1543.11,4.0,否,2024,2,2024-02-27,1,15
ORD_000711,USER_0078,2024-01-26 13:11:00,服装鞋帽,3,1858.45,4.0,否,2024,1,2024-01-26,4,13
ORD_000712,USER_0069,2024-01-06 16:21:00,食品饮料,2,227.67,2.0,是,2024,1,2024-01-06,5,16
ORD_000713,USER_0245,2024-01-19 15:19:00,图书文具,2,63.25,4.0,否,2024,1,2024-01-19,4,15
ORD_000714,USER_0137,2024-01-29 10:56:00,家居用品,4,876.65,2.0,是,2024,1,2024-01-29,0,10
ORD_000715,USER_0260,2024-04-17 22:36:00,服装鞋帽,2,698.71,3.0,否,2024,4,2024-04-17,2,22
ORD_000716,USER_0067,2024-01-27 13:24:00,家居用品,4,973.02,5.0,否,2024,1,2024-01-27,5,13
ORD_000717,USER_0151,2024-04-29 21:19:00,图书文具,1,118.11,5.0,是,2024,4,2024-04-29,0,21
ORD_000718,USER_0231,2024-03-03 18:14:00,家居用品,2,346.49,2.0,否,2024,3,2024-03-03,6,18
ORD_000719,USER_0338,2024-01-20 12:23:00,食品饮料,4,721.55,3.0,否,2024,1,2024-01-20,5,12
ORD_000720,USER_0055,2024-01-08 22:49:00,食品饮料,1,199.38,1.0,否,2024,1,2024-01-08,0,22
ORD_000721,USER_0010,2024-01-10 14:33:00,电子产品,3,4728.01,5.0,否,2024,1,2024-01-10,2,14
ORD_000722,USER_0103,2024-01-15 13:57:00,服装鞋帽,4,970.83,1.0,是,2024,1,2024-01-15,0,13
ORD_000723,USER_0303,2024-01-22 11:11:00,食品饮料,3,130.11,4.0,否,2024,1,2024-01-22,0,11
ORD_000724,USER_0222,2024-04-09 22:51:00,电子产品,3,4728.01,5.0,是,2024,4,2024-04-09,1,22
ORD_000725,USER_0250,2024-04-21 21:16:00,运动户外,2,2842.65,4.0,否,2024,4,2024-04-21,6,21
ORD_000726,USER_0268,2024-01-24 18:57:00,家居用品,4,1327.25,1.0,否,2024,1,2024-01-24,2,18
ORD_000727,USER_0074,2024-04-11 15:13:00,电子产品,1,4728.01,2.0,是,2024,4,2024-04-11,3,15
ORD_000728,USER_0030,2024-02-14 21:02:00,家居用品,1,359.46,5.0,否,2024,2,2024-02-14,2,21
ORD_000729,USER_0272,2024-01-28 10:29:00,电子产品,4,4728.01,4.0,是,2024,1,2024-01-28,6,10
ORD_000730,USER_0165,2024-02-08 22:14:00,服装鞋帽,3,228.88,4.0,是,2024,2,2024-02-08,3,22
ORD_000731,USER_0139,2024-03-28 17:57:00,图书文具,3,341.16,1.0,否,2024,3,2024-03-28,3,17
ORD_000732,USER_0166,2024-01-16 10:37:00,电子产品,3,4639.77,4.0,是,2024,1,2024-01-16,1,10
ORD_000733,USER_0283,2024-01-17 15:38:00,食品饮料,1,170.86,4.0,否,2024,1,2024-01-17,2,15
ORD_000734,USER_0135,2024-04-15 09:30:00,家居用品,4,1309.21,3.0,否,2024,4,2024-04-15,0,9
ORD_000735,USER_0099,2024-04-29 15:08:00,电子产品,4,4728.01,1.0,是,2024,4,2024-04-29,0,15
ORD_000736,USER_0355,2024-01-09 21:52:00,家居用品,3,553.3,3.0,否,2024,1,2024-01-09,1,21
ORD_000737,USER_0234,2024-04-19 14:47:00,食品饮料,4,609.22,4.0,否,2024,4,2024-04-19,4,14
ORD_000738,USER_0173,2024-03-10 19:42:00,美妆护肤,4,457.16,4.0,是,2024,3,2024-03-10,6,19
ORD_000739,USER_0133,2024-01-28 20:56:00,美妆护肤,1,453.44,3.0,否,2024,1,2024-01-28,6,20
ORD_000740,USER_0123,2024-01-12 13:53:00,图书文具,4,126.69,4.0,是,2024,1,2024-01-12,4,13
ORD_000741,USER_0232,2024-01-16 12:10:00,电子产品,3,4728.01,4.0,是,2024,1,2024-01-16,1,12
ORD_000742,USER_0292,2024-04-24 15:02:00,图书文具,2,136.53,5.0,否,2024,4,2024-04-24,2,15
ORD_000743,USER_0330,2024-04-29 16:43:00,家居用品,4,1292.66,2.0,否,2024,4,2024-04-29,0,16
ORD_000744,USER_0166,2024-01-15 15:51:00,电子产品,2,492.11,2.0,是,2024,1,2024-01-15,0,15
ORD_000745,USER_0342,2024-04-13 17:05:00,家居用品,3,509.61,2.0,是,2024,4,2024-04-13,5,17
ORD_000746,USER_0045,2024-01-24 13:05:00,家居用品,3,797.38,5.0,是,2024,1,2024-01-24,2,13
ORD_000747,USER_0029,2024-01-30 11:01:00,食品饮料,2,61.88,3.0,否,2024,1,2024-01-30,1,11
ORD_000748,USER_0273,2024-04-26 14:16:00,服装鞋帽,1,426.18,3.0,是,2024,4,2024-04-26,4,14
ORD_000749,USER_0268,2024-02-05 15:19:00,食品饮料,4,234.0,5.0,是,2024,2,2024-02-05,0,15
ORD_000750,USER_0211,2024-04-08 20:35:00,服装鞋帽,2,993.29,3.0,否,2024,4,2024-04-08,0,20
ORD_000751,USER_0266,2024-01-22 12:29:00,运动户外,3,1961.41,4.0,否,2024,1,2024-01-22,0,12
ORD_000752,USER_0291,2024-04-14 13:06:00,美妆护肤,4,1497.3,4.0,是,2024,4,2024-04-14,6,13
ORD_000753,USER_0121,2024-02-21 20:55:00,食品饮料,3,110.7,4.0,否,2024,2,2024-02-21,2,20
ORD_000754,USER_0049,2024-03-19 10:55:00,电子产品,1,4380.06,4.0,否,2024,3,2024-03-19,1,10
ORD_000755,USER_0132,2024-01-27 17:45:00,食品饮料,4,306.11,4.0,是,2024,1,2024-01-27,5,17
ORD_000756,USER_0149,2024-03-17 22:30:00,食品饮料,1,162.16,4.0,是,2024,3,2024-03-17,6,22
ORD_000757,USER_0122,2024-01-07 13:56:00,服装鞋帽,1,624.5,4.0,否,2024,1,2024-01-07,6,13
ORD_000758,USER_0310,2024-01-22 21:05:00,图书文具,2,162.61,5.0,是,2024,1,2024-01-22,0,21
ORD_000759,USER_0262,2024-01-25 15:23:00,食品饮料,3,449.47,4.0,否,2024,1,2024-01-25,3,15
ORD_000760,USER_0098,2024-01-14 11:44:00,服装鞋帽,4,3184.26,5.0,是,2024,1,2024-01-14,6,11
ORD_000761,USER_0260,2024-01-18 09:39:00,美妆护肤,4,927.49,5.0,是,2024,1,2024-01-18,3,9
ORD_000762,USER_0019,2024-02-25 09:56:00,食品饮料,1,185.24,4.0,否,2024,2,2024-02-25,6,9
ORD_000763,USER_0158,2024-02-11 17:00:00,运动户外,1,421.54,3.0,否,2024,2,2024-02-11,6,17
ORD_000764,USER_0013,2024-01-08 21:23:00,美妆护肤,4,985.21,5.0,否,2024,1,2024-01-08,0,21
ORD_000765,USER_0103,2024-04-14 09:39:00,电子产品,1,3598.86,1.0,否,2024,4,2024-04-14,6,9
ORD_000766,USER_0325,2024-02-07 13:15:00,电子产品,1,3571.2,4.0,否,2024,2,2024-02-07,2,13
ORD_000767,USER_0057,2024-04-11 18:47:00,运动户外,3,4162.72,4.0,是,2024,4,2024-04-11,3,18
ORD_000768,USER_0306,2024-01-26 10:48:00,图书文具,2,117.95,4.0,是,2024,1,2024-01-26,4,10
ORD_000769,USER_0354,2024-02-01 15:48:00,运动户外,4,1015.43,5.0,否,2024,2,2024-02-01,3,15
ORD_000770,USER_0111,2024-01-29 16:18:00,美妆护肤,2,244.72,4.0,否,2024,1,2024-01-29,0,16
ORD_000771,USER_0102,2024-04-21 14:12:00,运动户外,2,3679.94,5.0,否,2024,4,2024-04-21,6,14
ORD_000772,USER_0069,2024-03-23 11:47:00,服装鞋帽,2,1309.13,4.0,否,2024,3,2024-03-23,5,11
ORD_000773,USER_0140,2024-01-02 20:51:00,食品饮料,2,194.92,4.0,否,2024,1,2024-01-02,1,20
ORD_000774,USER_0323,2024-03-20 10:57:00,电子产品,2,4728.01,3.0,是,2024,3,2024-03-20,2,10
ORD_000775,USER_0326,2024-04-14 16:50:00,图书文具,1,17.11,4.0,否,2024,4,2024-04-14,6,16
ORD_000776,USER_0145,2024-03-10 16:05:00,食品饮料,4,88.58,3.0,否,2024,3,2024-03-10,6,16
ORD_000777,USER_0236,2024-02-29 13:40:00,电子产品,4,401.64,4.0,否,2024,2,2024-02-29,3,13
ORD_000778,USER_0093,2024-04-22 19:32:00,家居用品,3,833.41,4.0,是,2024,4,2024-04-22,0,19
ORD_000779,USER_0232,2024-02-26 18:38:00,食品饮料,1,198.32,4.0,否,2024,2,2024-02-26,0,18
ORD_000780,USER_0185,2024-01-19 17:06:00,运动户外,4,3389.66,3.0,否,2024,1,2024-01-19,4,17
ORD_000781,USER_0058,2024-02-25 11:39:00,食品饮料,2,176.09,5.0,是,2024,2,2024-02-25,6,11
ORD_000782,USER_0136,2024-04-01 11:45:00,食品饮料,3,551.17,5.0,是,2024,4,2024-04-01,0,11
ORD_000783,USER_0178,2024-04-12 17:22:00,服装鞋帽,3,1324.11,2.0,否,2024,4,2024-04-12,4,17
ORD_000784,USER_0195,2024-03-11 13:46:00,图书文具,2,58.81,3.0,否,2024,3,2024-03-11,0,13
ORD_000785,USER_0079,2024-04-09 18:04:00,食品饮料,2,295.44,5.0,是,2024,4,2024-04-09,1,18
ORD_000786,USER_0024,2024-01-28 18:00:00,美妆护肤,2,444.11,4.0,否,2024,1,2024-01-28,6,18
ORD_000787,USER_0011,2024-02-07 22:21:00,电子产品,4,4728.01,4.0,是,2024,2,2024-02-07,2,22
ORD_000788,USER_0354,2024-02-28 17:09:00,家居用品,3,910.43,3.0,是,2024,2,2024-02-28,2,17
ORD_000789,USER_0359,2024-01-30 09:00:00,服装鞋帽,2,176.82,4.0,否,2024,1,2024-01-30,1,9
ORD_000790,USER_0065,2024-03-31 11:48:00,运动户外,4,3263.63,5.0,否,2024,3,2024-03-31,6,11
ORD_000791,USER_0267,2024-03-01 17:24:00,美妆护肤,3,893.94,5.0,否,2024,3,2024-03-01,4,17
ORD_000792,USER_0085,2024-01-12 15:41:00,服装鞋帽,4,930.02,4.0,否,2024,1,2024-01-12,4,15
ORD_000793,USER_0260,2024-02-22 09:17:00,服装鞋帽,4,1991.16,5.0,是,2024,2,2024-02-22,3,9
ORD_000794,USER_0062,2024-04-28 22:29:00,家居用品,1,489.09,5.0,是,2024,4,2024-04-28,6,22
ORD_000795,USER_0044,2024-03-19 22:17:00,图书文具,3,420.59,3.0,否,2024,3,2024-03-19,1,22
ORD_000796,USER_0072,2024-02-11 11:56:00,图书文具,4,465.84,5.0,否,2024,2,2024-02-11,6,11
ORD_000797,USER_0015,2024-03-31 21:52:00,电子产品,1,3895.8,2.0,否,2024,3,2024-03-31,6,21
ORD_000798,USER_0154,2024-04-25 22:51:00,食品饮料,2,139.4,5.0,否,2024,4,2024-04-25,3,22
ORD_000799,USER_0243,2024-01-17 16:26:00,食品饮料,2,224.35,4.0,否,2024,1,2024-01-17,2,16
ORD_000800,USER_0341,2024-03-30 16:13:00,食品饮料,2,159.79,5.0,否,2024,3,2024-03-30,5,16
ORD_000801,USER_0051,2024-04-24 18:36:00,服装鞋帽,4,2200.8,5.0,否,2024,4,2024-04-24,2,18
ORD_000802,USER_0172,2024-01-11 15:52:00,美妆护肤,1,172.48,4.0,否,2024,1,2024-01-11,3,15
ORD_000803,USER_0112,2024-04-24 12:41:00,美妆护肤,1,373.75,1.0,否,2024,4,2024-04-24,2,12
ORD_000804,USER_0202,2024-01-11 16:52:00,服装鞋帽,2,4262.0,4.0,否,2024,1,2024-01-11,3,16
ORD_000805,USER_0143,2024-03-16 17:19:00,电子产品,3,2995.21,3.0,是,2024,3,2024-03-16,5,17
ORD_000806,USER_0204,2024-03-23 11:52:00,美妆护肤,3,709.59,2.0,否,2024,3,2024-03-23,5,11
ORD_000807,USER_0087,2024-01-18 11:33:00,家居用品,2,131.71,5.0,否,2024,1,2024-01-18,3,11
ORD_000808,USER_0329,2024-03-11 12:01:00,电子产品,1,4422.44,4.0,是,2024,3,2024-03-11,0,12
ORD_000809,USER_0135,2024-01-13 16:27:00,服装鞋帽,3,794.47,5.0,是,2024,1,2024-01-13,5,16
ORD_000810,USER_0278,2024-03-11 15:30:00,服装鞋帽,4,2683.55,5.0,是,2024,3,2024-03-11,0,15
ORD_000811,USER_0175,2024-03-31 09:41:00,电子产品,4,4728.01,1.0,否,2024,3,2024-03-31,6,9
ORD_000812,USER_0245,2024-04-04 17:56:00,家居用品,4,1288.87,4.0,否,2024,4,2024-04-04,3,17
ORD_000813,USER_0107,2024-01-05 17:44:00,电子产品,1,1100.45,4.0,否,2024,1,2024-01-05,4,17
ORD_000814,USER_0215,2024-03-14 18:42:00,家居用品,4,656.58,4.0,否,2024,3,2024-03-14,3,18
ORD_000815,USER_0133,2024-03-11 14:34:00,运动户外,4,4728.01,1.0,是,2024,3,2024-03-11,0,14
ORD_000816,USER_0354,2024-01-09 21:13:00,电子产品,3,4728.01,3.0,是,2024,1,2024-01-09,1,21
ORD_000817,USER_0315,2024-01-03 19:13:00,家居用品,4,451.56,2.0,否,2024,1,2024-01-03,2,19
ORD_000818,USER_0336,2024-02-02 10:38:00,家居用品,3,528.65,4.0,是,2024,2,2024-02-02,4,10
ORD_000819,USER_0015,2024-02-08 12:13:00,运动户外,3,834.72,4.0,是,2024,2,2024-02-08,3,12
ORD_000820,USER_0301,2024-03-18 13:50:00,服装鞋帽,2,184.36,3.0,是,2024,3,2024-03-18,0,13
ORD_000821,USER_0193,2024-02-15 21:13:00,图书文具,4,578.39,4.0,是,2024,2,2024-02-15,3,21
ORD_000822,USER_0134,2024-03-10 15:21:00,美妆护肤,4,2298.34,4.0,是,2024,3,2024-03-10,6,15
ORD_000823,USER_0140,2024-03-09 18:16:00,图书文具,4,145.59,3.0,否,2024,3,2024-03-09,5,18
ORD_000824,USER_0238,2024-03-20 15:25:00,服装鞋帽,4,2361.62,3.0,否,2024,3,2024-03-20,2,15
ORD_000825,USER_0329,2024-01-06 20:59:00,美妆护肤,1,420.35,4.0,是,2024,1,2024-01-06,5,20
ORD_000826,USER_0064,2024-01-20 20:55:00,图书文具,4,55.79,3.0,是,2024,1,2024-01-20,5,20
ORD_000827,USER_0144,2024-01-28 15:01:00,服装鞋帽,2,275.6,4.0,是,2024,1,2024-01-28,6,15
ORD_000828,USER_0208,2024-03-12 13:03:00,图书文具,1,125.52,5.0,否,2024,3,2024-03-12,1,13
ORD_000829,USER_0134,2024-02-17 18:07:00,食品饮料,2,217.87,1.0,否,2024,2,2024-02-17,5,18
ORD_000830,USER_0346,2024-04-22 09:31:00,美妆护肤,3,939.45,4.0,是,2024,4,2024-04-22,0,9
ORD_000831,USER_0252,2024-01-09 13:10:00,家居用品,3,1272.38,3.0,是,2024,1,2024-01-09,1,13
ORD_000832,USER_0174,2024-02-12 22:46:00,运动户外,3,483.16,5.0,否,2024,2,2024-02-12,0,22
ORD_000833,USER_0081,2024-02-11 20:21:00,运动户外,1,1207.59,2.0,是,2024,2,2024-02-11,6,20
ORD_000834,USER_0315,2024-03-20 17:32:00,食品饮料,3,41.66,2.0,否,2024,3,2024-03-20,2,17
ORD_000835,USER_0293,2024-01-12 19:19:00,电子产品,4,4728.01,4.0,否,2024,1,2024-01-12,4,19
ORD_000836,USER_0251,2024-04-13 22:41:00,美妆护肤,4,876.62,5.0,是,2024,4,2024-04-13,5,22
ORD_000837,USER_0138,2024-03-27 20:46:00,食品饮料,3,234.0,5.0,否,2024,3,2024-03-27,2,20
ORD_000838,USER_0142,2024-04-03 21:47:00,家居用品,3,1158.38,4.0,否,2024,4,2024-04-03,2,21
ORD_000839,USER_0297,2024-04-04 11:34:00,服装鞋帽,2,468.76,5.0,是,2024,4,2024-04-04,3,11
ORD_000840,USER_0118,2024-03-21 18:31:00,食品饮料,2,258.46,4.0,是,2024,3,2024-03-21,3,18
ORD_000841,USER_0117,2024-01-24 11:27:00,图书文具,2,192.49,4.0,否,2024,1,2024-01-24,2,11
ORD_000842,USER_0148,2024-01-18 10:00:00,电子产品,2,4728.01,5.0,否,2024,1,2024-01-18,3,10
ORD_000843,USER_0234,2024-04-22 19:16:00,电子产品,1,2749.69,4.0,否,2024,4,2024-04-22,0,19
ORD_000844,USER_0175,2024-04-12 17:34:00,服装鞋帽,4,1063.83,4.0,是,2024,4,2024-04-12,4,17
ORD_000845,USER_0163,2024-04-02 16:58:00,美妆护肤,3,767.02,4.0,是,2024,4,2024-04-02,1,16
ORD_000846,USER_0311,2024-02-11 11:46:00,美妆护肤,4,537.48,2.0,是,2024,2,2024-02-11,6,11
ORD_000847,USER_0301,2024-01-03 11:22:00,图书文具,2,187.8,4.0,否,2024,1,2024-01-03,2,11
ORD_000848,USER_0007,2024-03-16 10:57:00,电子产品,1,2315.95,5.0,是,2024,3,2024-03-16,5,10
ORD_000849,USER_0256,2024-04-01 16:30:00,电子产品,4,4728.01,1.0,否,2024,4,2024-04-01,0,16
ORD_000850,USER_0130,2024-01-25 09:05:00,图书文具,4,306.58,3.0,否,2024,1,2024-01-25,3,9
ORD_000851,USER_0060,2024-03-22 11:19:00,服装鞋帽,3,2250.07,5.0,否,2024,3,2024-03-22,4,11
ORD_000852,USER_0206,2024-02-27 12:01:00,运动户外,2,2642.32,5.0,否,2024,2,2024-02-27,1,12
ORD_000853,USER_0304,2024-02-14 10:37:00,电子产品,1,4295.48,4.0,否,2024,2,2024-02-14,2,10
ORD_000854,USER_0083,2024-01-13 16:35:00,图书文具,4,165.22,4.0,是,2024,1,2024-01-13,5,16
ORD_000855,USER_0311,2024-04-17 19:26:00,美妆护肤,2,675.06,5.0,否,2024,4,2024-04-17,2,19
ORD_000856,USER_0029,2024-02-10 14:53:00,家居用品,4,1934.78,5.0,否,2024,2,2024-02-10,5,14
ORD_000857,USER_0094,2024-04-27 18:41:00,服装鞋帽,4,2117.77,5.0,否,2024,4,2024-04-27,5,18
ORD_000858,USER_0184,2024-02-28 17:01:00,运动户外,4,799.37,5.0,否,2024,2,2024-02-28,2,17
ORD_000859,USER_0203,2024-03-04 13:44:00,电子产品,4,4728.01,3.0,是,2024,3,2024-03-04,0,13
ORD_000860,USER_0321,2024-01-23 20:34:00,家居用品,4,253.41,4.0,否,2024,1,2024-01-23,1,20
ORD_000861,USER_0172,2024-02-07 20:33:00,电子产品,1,1410.56,2.0,否,2024,2,2024-02-07,2,20
ORD_000862,USER_0312,2024-04-13 12:19:00,服装鞋帽,1,400.65,1.0,否,2024,4,2024-04-13,5,12
ORD_000863,USER_0054,2024-01-21 13:30:00,家居用品,4,1222.03,5.0,否,2024,1,2024-01-21,6,13
ORD_000864,USER_0113,2024-01-15 19:58:00,食品饮料,2,2362.6,5.0,否,2024,1,2024-01-15,0,19
ORD_000865,USER_0051,2024-03-30 15:37:00,图书文具,4,205.27,5.0,否,2024,3,2024-03-30,5,15
ORD_000866,USER_0145,2024-03-18 15:08:00,电子产品,4,4728.01,2.0,是,2024,3,2024-03-18,0,15
ORD_000867,USER_0355,2024-02-25 20:21:00,食品饮料,4,696.95,3.0,否,2024,2,2024-02-25,6,20
ORD_000868,USER_0347,2024-03-16 11:33:00,服装鞋帽,3,2262.1,4.0,否,2024,3,2024-03-16,5,11
ORD_000869,USER_0290,2024-01-19 12:07:00,服装鞋帽,4,851.71,3.0,否,2024,1,2024-01-19,4,12
ORD_000870,USER_0328,2024-02-21 17:58:00,电子产品,3,4728.01,4.0,否,2024,2,2024-02-21,2,17
ORD_000871,USER_0280,2024-02-05 12:13:00,食品饮料,4,620.04,4.0,否,2024,2,2024-02-05,0,12
ORD_000872,USER_0250,2024-04-14 16:44:00,电子产品,1,836.63,4.0,是,2024,4,2024-04-14,6,16
ORD_000873,USER_0076,2024-03-03 19:07:00,食品饮料,4,418.33,4.0,是,2024,3,2024-03-03,6,19
ORD_000874,USER_0243,2024-02-02 19:24:00,家居用品,2,384.62,4.0,否,2024,2,2024-02-02,4,19
ORD_000875,USER_0122,2024-04-22 14:25:00,食品饮料,3,480.71,4.0,是,2024,4,2024-04-22,0,14
ORD_000876,USER_0106,2024-04-12 22:47:00,电子产品,2,4728.01,4.0,是,2024,4,2024-04-12,4,22
ORD_000877,USER_0006,2024-01-15 14:16:00,家居用品,3,785.21,4.0,是,2024,1,2024-01-15,0,14
ORD_000878,USER_0218,2024-02-12 16:46:00,家居用品,1,357.49,5.0,否,2024,2,2024-02-12,0,16
ORD_000879,USER_0078,2024-04-20 14:56:00,运动户外,1,1848.65,2.0,是,2024,4,2024-04-20,5,14
ORD_000880,USER_0308,2024-02-11 10:42:00,服装鞋帽,2,1191.32,5.0,否,2024,2,2024-02-11,6,10
ORD_000881,USER_0245,2024-04-10 11:04:00,美妆护肤,3,357.52,3.0,是,2024,4,2024-04-10,2,11
ORD_000882,USER_0028,2024-01-17 10:28:00,家居用品,3,790.0,3.0,是,2024,1,2024-01-17,2,10
ORD_000883,USER_0107,2024-03-19 15:23:00,服装鞋帽,2,1079.43,4.0,否,2024,3,2024-03-19,1,15
ORD_000884,USER_0304,2024-04-20 16:33:00,家居用品,3,1446.92,5.0,否,2024,4,2024-04-20,5,16
ORD_000885,USER_0144,2024-03-13 21:03:00,美妆护肤,1,260.0,3.0,否,2024,3,2024-03-13,2,21
ORD_000886,USER_0242,2024-02-06 10:08:00,家居用品,2,848.81,4.0,是,2024,2,2024-02-06,1,10
ORD_000887,USER_0327,2024-01-14 17:30:00,电子产品,2,3735.18,5.0,否,2024,1,2024-01-14,6,17
ORD_000888,USER_0307,2024-02-10 21:18:00,食品饮料,4,215.07,4.0,否,2024,2,2024-02-10,5,21
ORD_000889,USER_0154,2024-03-31 18:15:00,服装鞋帽,4,1291.05,5.0,否,2024,3,2024-03-31,6,18
ORD_000890,USER_0227,2024-03-21 13:28:00,家居用品,3,591.9,1.0,否,2024,3,2024-03-21,3,13
ORD_000891,USER_0109,2024-04-21 12:03:00,美妆护肤,1,272.19,4.0,是,2024,4,2024-04-21,6,12
ORD_000892,USER_0176,2024-02-28 12:05:00,运动户外,3,4728.01,4.0,是,2024,2,2024-02-28,2,12
ORD_000893,USER_0111,2024-01-02 17:53:00,美妆护肤,3,419.29,3.0,是,2024,1,2024-01-02,1,17
ORD_000894,USER_0221,2024-01-13 17:29:00,电子产品,2,4728.01,2.0,否,2024,1,2024-01-13,5,17
ORD_000895,USER_0326,2024-03-07 16:50:00,家居用品,1,312.26,4.0,否,2024,3,2024-03-07,3,16
ORD_000896,USER_0074,2024-02-21 19:46:00,家居用品,4,1339.38,5.0,否,2024,2,2024-02-21,2,19
ORD_000897,USER_0018,2024-03-10 20:58:00,食品饮料,4,460.56,4.0,否,2024,3,2024-03-10,6,20
ORD_000898,USER_0197,2024-01-27 17:57:00,电子产品,1,743.66,4.0,否,2024,1,2024-01-27,5,17
ORD_000899,USER_0219,2024-01-14 14:01:00,美妆护肤,3,228.92,5.0,是,2024,1,2024-01-14,6,14
ORD_000900,USER_0076,2024-01-01 10:44:00,服装鞋帽,4,3063.03,5.0,否,2024,1,2024-01-01,0,10
ORD_000901,USER_0225,2024-01-05 20:12:00,电子产品,4,4199.84,4.0,是,2024,1,2024-01-05,4,20
ORD_000902,USER_0219,2024-02-18 11:34:00,服装鞋帽,3,2086.9,3.0,是,2024,2,2024-02-18,6,11
ORD_000903,USER_0343,2024-03-10 11:13:00,美妆护肤,1,595.67,4.0,否,2024,3,2024-03-10,6,11
ORD_000904,USER_0241,2024-01-24 15:37:00,家居用品,3,457.6,4.0,否,2024,1,2024-01-24,2,15
ORD_000905,USER_0001,2024-01-04 22:51:00,美妆护肤,1,432.33,4.0,否,2024,1,2024-01-04,3,22
ORD_000906,USER_0209,2024-01-10 09:25:00,电子产品,3,4728.01,5.0,是,2024,1,2024-01-10,2,9
ORD_000907,USER_0329,2024-03-10 12:03:00,服装鞋帽,3,2061.3,5.0,否,2024,3,2024-03-10,6,12
ORD_000908,USER_0199,2024-03-05 12:22:00,食品饮料,2,249.29,2.0,否,2024,3,2024-03-05,1,12
ORD_000909,USER_0119,2024-04-17 09:44:00,服装鞋帽,1,692.53,5.0,是,2024,4,2024-04-17,2,9
ORD_000910,USER_0343,2024-01-31 13:17:00,电子产品,4,1220.06,5.0,否,2024,1,2024-01-31,2,13
ORD_000911,USER_0182,2024-01-13 09:26:00,美妆护肤,4,1034.81,5.0,是,2024,1,2024-01-13,5,9
ORD_000912,USER_0241,2024-03-27 10:16:00,服装鞋帽,1,295.98,2.0,否,2024,3,2024-03-27,2,10
ORD_000913,USER_0195,2024-01-02 13:10:00,家居用品,3,119.52,4.0,否,2024,1,2024-01-02,1,13
ORD_000914,USER_0199,2024-01-21 16:30:00,电子产品,2,1620.11,4.0,是,2024,1,2024-01-21,6,16
ORD_000915,USER_0337,2024-02-24 09:30:00,电子产品,4,4385.08,4.0,否,2024,2,2024-02-24,5,9
ORD_000916,USER_0028,2024-02-17 16:02:00,服装鞋帽,4,1890.24,4.0,否,2024,2,2024-02-17,5,16
ORD_000917,USER_0338,2024-03-14 15:44:00,家居用品,4,822.94,5.0,是,2024,3,2024-03-14,3,15
ORD_000918,USER_0194,2024-04-24 16:55:00,美妆护肤,3,1110.8,5.0,是,2024,4,2024-04-24,2,16
ORD_000919,USER_0032,2024-02-07 09:29:00,美妆护肤,2,108.06,5.0,是,2024,2,2024-02-07,2,9
ORD_000920,USER_0217,2024-03-25 18:17:00,运动户外,1,547.2,4.0,是,2024,3,2024-03-25,0,18
ORD_000921,USER_0249,2024-01-27 22:19:00,食品饮料,2,97.78,5.0,否,2024,1,2024-01-27,5,22
ORD_000922,USER_0004,2024-03-05 22:23:00,运动户外,4,4638.66,3.0,否,2024,3,2024-03-05,1,22
ORD_000923,USER_0133,2024-01-27 10:56:00,服装鞋帽,2,998.9,5.0,否,2024,1,2024-01-27,5,10
ORD_000924,USER_0147,2024-01-15 18:43:00,家居用品,4,528.65,2.0,否,2024,1,2024-01-15,0,18
ORD_000925,USER_0348,2024-02-04 12:42:00,电子产品,3,4728.01,5.0,是,2024,2,2024-02-04,6,12
ORD_000926,USER_0168,2024-02-06 13:07:00,电子产品,4,2708.74,4.0,否,2024,2,2024-02-06,1,13
ORD_000927,USER_0240,2024-04-17 18:42:00,服装鞋帽,3,695.67,5.0,否,2024,4,2024-04-17,2,18
ORD_000928,USER_0050,2024-04-28 10:32:00,美妆护肤,2,157.43,4.0,否,2024,4,2024-04-28,6,10
ORD_000929,USER_0070,2024-01-19 17:33:00,运动户外,2,3027.08,5.0,否,2024,1,2024-01-19,4,17
ORD_000930,USER_0107,2024-01-14 13:02:00,美妆护肤,3,1052.71,2.0,否,2024,1,2024-01-14,6,13
ORD_000931,USER_0289,2024-03-02 20:55:00,电子产品,2,1758.81,4.0,否,2024,3,2024-03-02,5,20
ORD_000932,USER_0075,2024-02-20 15:44:00,图书文具,4,167.76,4.0,是,2024,2,2024-02-20,1,15
ORD_000933,USER_0241,2024-04-22 20:30:00,服装鞋帽,2,721.22,4.0,否,2024,4,2024-04-22,0,20
ORD_000934,USER_0088,2024-02-03 09:17:00,服装鞋帽,4,2274.08,5.0,是,2024,2,2024-02-03,5,9
ORD_000935,USER_0354,2024-04-22 18:57:00,服装鞋帽,1,309.02,4.0,否,2024,4,2024-04-22,0,18
ORD_000936,USER_0094,2024-01-31 16:07:00,运动户外,2,2361.28,1.0,否,2024,1,2024-01-31,2,16
ORD_000937,USER_0011,2024-02-14 19:31:00,食品饮料,4,717.77,3.0,否,2024,2,2024-02-14,2,19
ORD_000938,USER_0179,2024-01-15 16:28:00,电子产品,1,1288.19,5.0,是,2024,1,2024-01-15,0,16
ORD_000939,USER_0075,2024-04-17 10:27:00,运动户外,2,2175.66,4.0,是,2024,4,2024-04-17,2,10
ORD_000940,USER_0144,2024-02-14 21:47:00,美妆护肤,3,464.46,5.0,是,2024,2,2024-02-14,2,21
ORD_000941,USER_0218,2024-01-23 14:17:00,电子产品,3,4664.47,4.0,是,2024,1,2024-01-23,1,14
ORD_000942,USER_0053,2024-02-05 21:46:00,食品饮料,4,234.0,4.0,否,2024,2,2024-02-05,0,21
ORD_000943,USER_0201,2024-02-29 12:52:00,服装鞋帽,1,735.28,5.0,是,2024,2,2024-02-29,3,12
ORD_000944,USER_0301,2024-03-03 11:03:00,服装鞋帽,4,1635.93,2.0,是,2024,3,2024-03-03,6,11
ORD_000945,USER_0143,2024-03-16 11:43:00,服装鞋帽,4,2357.21,4.0,否,2024,3,2024-03-16,5,11
ORD_000946,USER_0176,2024-03-29 10:24:00,服装鞋帽,4,2700.68,5.0,否,2024,3,2024-03-29,4,10
ORD_000947,USER_0138,2024-02-16 20:46:00,家居用品,2,886.69,5.0,否,2024,2,2024-02-16,4,20
ORD_000948,USER_0325,2024-02-28 15:08:00,食品饮料,3,278.19,4.0,否,2024,2,2024-02-28,2,15
ORD_000949,USER_0240,2024-04-22 16:25:00,家居用品,1,62.25,2.0,是,2024,4,2024-04-22,0,16
ORD_000950,USER_0125,2024-03-08 13:42:00,服装鞋帽,2,577.01,5.0,是,2024,3,2024-03-08,4,13
ORD_000951,USER_0283,2024-04-05 17:58:00,美妆护肤,3,1449.67,5.0,是,2024,4,2024-04-05,4,17
ORD_000952,USER_0302,2024-04-08 20:03:00,电子产品,4,2758.12,4.0,否,2024,4,2024-04-08,0,20
ORD_000953,USER_0204,2024-02-26 20:26:00,家居用品,2,202.47,4.0,否,2024,2,2024-02-26,0,20
ORD_000954,USER_0125,2024-02-28 09:41:00,电子产品,4,4728.01,4.0,否,2024,2,2024-02-28,2,9
ORD_000955,USER_0287,2024-03-06 12:04:00,家居用品,3,736.82,4.0,否,2024,3,2024-03-06,2,12
ORD_000956,USER_0294,2024-03-02 16:01:00,食品饮料,3,574.62,4.0,是,2024,3,2024-03-02,5,16
ORD_000957,USER_0095,2024-04-01 11:37:00,电子产品,1,4277.3,2.0,是,2024,4,2024-04-01,0,11
ORD_000958,USER_0150,2024-04-25 15:50:00,运动户外,3,4728.01,4.0,是,2024,4,2024-04-25,3,15
ORD_000959,USER_0191,2024-04-01 11:29:00,家居用品,4,1208.92,5.0,是,2024,4,2024-04-01,0,11
ORD_000960,USER_0105,2024-01-06 09:03:00,家居用品,1,350.42,4.0,否,2024,1,2024-01-06,5,9
ORD_000961,USER_0198,2024-04-12 15:46:00,电子产品,3,1796.21,3.0,否,2024,4,2024-04-12,4,15
ORD_000962,USER_0135,2024-04-08 11:32:00,电子产品,4,4728.01,5.0,是,2024,4,2024-04-08,0,11
ORD_000963,USER_0288,2024-01-02 16:26:00,电子产品,4,4728.01,4.0,否,2024,1,2024-01-02,1,16
ORD_000964,USER_0340,2024-02-27 22:16:00,服装鞋帽,4,910.09,5.0,否,2024,2,2024-02-27,1,22
ORD_000965,USER_0126,2024-04-25 15:00:00,电子产品,1,1583.02,1.0,否,2024,4,2024-04-25,3,15
ORD_000966,USER_0003,2024-01-04 20:44:00,图书文具,2,131.34,4.0,是,2024,1,2024-01-04,3,20
ORD_000967,USER_0249,2024-03-21 19:51:00,服装鞋帽,1,175.32,4.0,是,2024,3,2024-03-21,3,19
ORD_000968,USER_0118,2024-03-12 22:51:00,服装鞋帽,4,252.58,3.0,是,2024,3,2024-03-12,1,22
ORD_000969,USER_0038,2024-04-10 18:28:00,服装鞋帽,1,682.59,5.0,否,2024,4,2024-04-10,2,18
ORD_000970,USER_0336,2024-03-01 15:52:00,运动户外,1,1046.91,4.0,否,2024,3,2024-03-01,4,15
ORD_000971,USER_0300,2024-02-18 20:37:00,食品饮料,1,109.68,5.0,是,2024,2,2024-02-18,6,20
ORD_000972,USER_0026,2024-03-03 16:57:00,服装鞋帽,3,1258.73,4.0,否,2024,3,2024-03-03,6,16
ORD_000973,USER_0173,2024-01-28 18:28:00,家居用品,1,234.72,4.0,是,2024,1,2024-01-28,6,18
ORD_000974,USER_0006,2024-02-04 19:59:00,食品饮料,2,298.15,3.0,否,2024,2,2024-02-04,6,19
ORD_000975,USER_0105,2024-03-28 21:42:00,食品饮料,2,229.13,5.0,否,2024,3,2024-03-28,3,21
ORD_000976,USER_0346,2024-04-25 09:12:00,服装鞋帽,3,771.61,5.0,否,2024,4,2024-04-25,3,9
ORD_000977,USER_0225,2024-01-16 20:50:00,电子产品,3,4669.62,2.0,否,2024,1,2024-01-16,1,20
ORD_000978,USER_0190,2024-03-07 21:36:00,服装鞋帽,2,1353.54,5.0,否,2024,3,2024-03-07,3,21
ORD_000979,USER_0259,2024-03-13 20:06:00,运动户外,2,2427.92,4.0,否,2024,3,2024-03-13,2,20
ORD_000980,USER_0214,2024-02-09 13:07:00,家居用品,1,255.87,5.0,是,2024,2,2024-02-09,4,13
ORD_000981,USER_0025,2024-03-28 10:46:00,美妆护肤,1,379.15,4.0,是,2024,3,2024-03-28,3,10
ORD_000982,USER_0156,2024-03-13 15:35:00,运动户外,3,4728.01,3.0,是,2024,3,2024-03-13,2,15
ORD_000983,USER_0055,2024-03-10 13:42:00,服装鞋帽,2,930.02,4.0,否,2024,3,2024-03-10,6,13
ORD_000984,USER_0036,2024-03-31 22:31:00,家居用品,4,551.29,3.0,是,2024,3,2024-03-31,6,22
ORD_000985,USER_0281,2024-03-11 09:42:00,家居用品,1,163.96,1.0,否,2024,3,2024-03-11,0,9
ORD_000986,USER_0163,2024-02-12 17:05:00,运动户外,4,4728.01,4.0,否,2024,2,2024-02-12,0,17
ORD_000987,USER_0300,2024-02-12 19:34:00,电子产品,1,3933.22,5.0,否,2024,2,2024-02-12,0,19
ORD_000988,USER_0256,2024-03-20 09:19:00,服装鞋帽,3,229.47,5.0,否,2024,3,2024-03-20,2,9
ORD_000989,USER_0304,2024-01-04 09:20:00,服装鞋帽,4,1398.5,4.0,否,2024,1,2024-01-04,3,9
ORD_000990,USER_0242,2024-04-12 17:50:00,美妆护肤,2,409.66,3.0,是,2024,4,2024-04-12,4,17
ORD_000991,USER_0290,2024-04-09 14:43:00,食品饮料,2,269.68,2.0,否,2024,4,2024-04-09,1,14
ORD_000992,USER_0027,2024-01-22 19:50:00,家居用品,2,804.85,4.0,否,2024,1,2024-01-22,0,19
ORD_000993,USER_0212,2024-03-12 19:38:00,美妆护肤,1,588.93,5.0,否,2024,3,2024-03-12,1,19
ORD_000994,USER_0320,2024-04-01 09:42:00,食品饮料,3,440.08,4.0,否,2024,4,2024-04-01,0,9
ORD_000995,USER_0072,2024-02-19 17:33:00,美妆护肤,2,515.09,5.0,是,2024,2,2024-02-19,0,17
ORD_000996,USER_0231,2024-01-29 17:40:00,食品饮料,1,153.46,5.0,是,2024,1,2024-01-29,0,17
ORD_000997,USER_0189,2024-03-05 09:08:00,美妆护肤,1,445.65,4.0,否,2024,3,2024-03-05,1,9
ORD_000998,USER_0131,2024-03-31 09:28:00,食品饮料,2,179.57,5.0,是,2024,3,2024-03-31,6,9
ORD_000999,USER_0172,2024-03-08 20:40:00,电子产品,4,4728.01,5.0,是,2024,3,2024-03-08,4,20
ORD_001000,USER_0052,2024-01-16 21:08:00,服装鞋帽,2,1521.54,5.0,否,2024,1,2024-01-16,1,21
ORD_001001,USER_0176,2024-01-01 11:23:00,食品饮料,3,184.06,4.0,否,2024,1,2024-01-01,0,11
ORD_001002,USER_0218,2024-04-14 16:41:00,美妆护肤,2,1049.77,5.0,否,2024,4,2024-04-14,6,16
ORD_001003,USER_0211,2024-02-23 20:45:00,食品饮料,3,241.59,4.0,否,2024,2,2024-02-23,4,20
ORD_001004,USER_0031,2024-01-25 17:23:00,家居用品,4,262.17,4.0,否,2024,1,2024-01-25,3,17
ORD_001005,USER_0268,2024-03-02 18:32:00,美妆护肤,3,1674.44,4.0,否,2024,3,2024-03-02,5,18
ORD_001006,USER_0001,2024-04-23 17:54:00,服装鞋帽,3,1883.18,5.0,否,2024,4,2024-04-23,1,17
ORD_001007,USER_0045,2024-03-13 16:01:00,家居用品,3,1223.2,4.0,否,2024,3,2024-03-13,2,16
ORD_001008,USER_0305,2024-04-18 10:34:00,服装鞋帽,3,810.59,5.0,是,2024,4,2024-04-18,3,10
ORD_001009,USER_0248,2024-01-25 12:26:00,电子产品,3,4728.01,3.0,是,2024,1,2024-01-25,3,12
ORD_001010,USER_0004,2024-03-05 10:28:00,服装鞋帽,1,312.58,4.0,否,2024,3,2024-03-05,1,10
ORD_001011,USER_0030,2024-02-20 20:05:00,运动户外,3,3349.12,4.0,否,2024,2,2024-02-20,1,20
ORD_001012,USER_0213,2024-03-20 16:05:00,图书文具,2,199.83,3.0,否,2024,3,2024-03-20,2,16
ORD_001013,USER_0198,2024-02-29 11:09:00,食品饮料,2,232.77,5.0,是,2024,2,2024-02-29,3,11
ORD_001014,USER_0159,2024-01-30 22:54:00,服装鞋帽,1,358.37,4.0,否,2024,1,2024-01-30,1,22
ORD_001015,USER_0352,2024-03-12 17:39:00,服装鞋帽,4,2752.4,2.0,是,2024,3,2024-03-12,1,17
ORD_001016,USER_0241,2024-04-13 14:54:00,食品饮料,1,141.84,2.0,是,2024,4,2024-04-13,5,14
ORD_001017,USER_0270,2024-01-25 17:06:00,运动户外,1,509.49,5.0,否,2024,1,2024-01-25,3,17
ORD_001018,USER_0168,2024-04-06 19:07:00,图书文具,1,33.41,5.0,否,2024,4,2024-04-06,5,19
ORD_001019,USER_0192,2024-04-20 20:37:00,美妆护肤,2,537.48,4.0,是,2024,4,2024-04-20,5,20
ORD_001020,USER_0151,2024-03-17 11:38:00,家居用品,1,106.21,5.0,是,2024,3,2024-03-17,6,11
ORD_001021,USER_0075,2024-04-16 17:54:00,食品饮料,3,443.69,5.0,是,2024,4,2024-04-16,1,17
ORD_001022,USER_0207,2024-02-26 10:16:00,运动户外,4,2391.45,5.0,否,2024,2,2024-02-26,0,10
ORD_001023,USER_0224,2024-01-25 20:14:00,电子产品,1,4659.09,3.0,是,2024,1,2024-01-25,3,20
ORD_001024,USER_0156,2024-03-25 14:40:00,运动户外,3,1037.51,4.0,否,2024,3,2024-03-25,0,14
ORD_001025,USER_0278,2024-02-03 21:30:00,家居用品,3,297.19,3.0,是,2024,2,2024-02-03,5,21
ORD_001026,USER_0220,2024-01-01 18:47:00,电子产品,3,3665.71,5.0,是,2024,1,2024-01-01,0,18
ORD_001027,USER_0276,2024-04-25 13:32:00,运动户外,3,2846.41,5.0,是,2024,4,2024-04-25,3,13
ORD_001028,USER_0021,2024-02-06 15:04:00,图书文具,1,129.44,3.0,否,2024,2,2024-02-06,1,15
ORD_001029,USER_0330,2024-03-21 14:46:00,食品饮料,4,542.87,4.0,是,2024,3,2024-03-21,3,14
ORD_001030,USER_0005,2024-02-11 16:06:00,食品饮料,2,248.88,2.0,是,2024,2,2024-02-11,6,16
ORD_001031,USER_0144,2024-02-13 09:34:00,运动户外,3,4728.01,5.0,是,2024,2,2024-02-13,1,9
ORD_001032,USER_0109,2024-04-27 16:01:00,服装鞋帽,3,1759.29,3.0,是,2024,4,2024-04-27,5,16
ORD_001033,USER_0304,2024-03-05 16:15:00,食品饮料,2,125.5,5.0,是,2024,3,2024-03-05,1,16
ORD_001034,USER_0262,2024-02-08 19:23:00,食品饮料,1,156.01,3.0,否,2024,2,2024-02-08,3,19
ORD_001035,USER_0200,2024-01-06 15:32:00,食品饮料,3,416.19,4.0,是,2024,1,2024-01-06,5,15
ORD_001036,USER_0248,2024-03-18 20:38:00,食品饮料,4,282.44,3.0,是,2024,3,2024-03-18,0,20
ORD_001037,USER_0336,2024-04-14 20:18:00,图书文具,2,195.89,3.0,是,2024,4,2024-04-14,6,20
ORD_001038,USER_0241,2024-04-25 10:28:00,食品饮料,3,2812.3,1.0,否,2024,4,2024-04-25,3,10
ORD_001039,USER_0270,2024-04-19 20:05:00,服装鞋帽,2,773.28,5.0,是,2024,4,2024-04-19,4,20
ORD_001040,USER_0062,2024-01-23 10:39:00,美妆护肤,3,979.55,4.0,是,2024,1,2024-01-23,1,10
ORD_001041,USER_0071,2024-01-17 17:13:00,图书文具,3,436.43,5.0,否,2024,1,2024-01-17,2,17
ORD_001042,USER_0051,2024-03-28 12:40:00,美妆护肤,1,416.42,5.0,否,2024,3,2024-03-28,3,12
ORD_001043,USER_0317,2024-04-28 20:13:00,家居用品,4,1334.23,3.0,否,2024,4,2024-04-28,6,20
ORD_001044,USER_0250,2024-01-04 21:48:00,家居用品,1,51.73,4.0,否,2024,1,2024-01-04,3,21
ORD_001045,USER_0042,2024-03-05 17:45:00,图书文具,4,414.47,5.0,否,2024,3,2024-03-05,1,17
ORD_001046,USER_0235,2024-02-10 20:44:00,家居用品,3,1244.16,3.0,否,2024,2,2024-02-10,5,20
ORD_001047,USER_0275,2024-03-30 14:59:00,家居用品,1,328.99,5.0,否,2024,3,2024-03-30,5,14
ORD_001048,USER_0320,2024-02-08 11:06:00,电子产品,2,995.37,1.0,是,2024,2,2024-02-08,3,11
ORD_001049,USER_0356,2024-02-16 16:47:00,美妆护肤,3,1073.84,3.0,否,2024,2,2024-02-16,4,16
ORD_001050,USER_0263,2024-01-13 16:14:00,电子产品,4,4728.01,4.0,是,2024,1,2024-01-13,5,16
ORD_001051,USER_0276,2024-04-19 22:01:00,电子产品,3,4728.01,5.0,否,2024,4,2024-04-19,4,22
ORD_001052,USER_0192,2024-03-10 14:25:00,服装鞋帽,1,125.62,4.0,是,2024,3,2024-03-10,6,14
ORD_001053,USER_0296,2024-01-07 09:46:00,运动户外,4,3509.09,5.0,否,2024,1,2024-01-07,6,9
ORD_001054,USER_0201,2024-01-21 13:17:00,家居用品,3,171.94,4.0,是,2024,1,2024-01-21,6,13
ORD_001055,USER_0047,2024-01-15 14:44:00,美妆护肤,3,1541.99,5.0,是,2024,1,2024-01-15,0,14
ORD_001056,USER_0145,2024-04-14 14:48:00,美妆护肤,1,188.83,3.0,否,2024,4,2024-04-14,6,14
ORD_001057,USER_0164,2024-04-25 10:53:00,家居用品,2,62.14,4.0,否,2024,4,2024-04-25,3,10
ORD_001058,USER_0184,2024-02-18 14:32:00,食品饮料,4,524.01,5.0,否,2024,2,2024-02-18,6,14
ORD_001059,USER_0204,2024-01-11 09:46:00,电子产品,1,1374.19,5.0,否,2024,1,2024-01-11,3,9
ORD_001060,USER_0046,2024-04-28 19:44:00,家居用品,3,905.89,3.0,否,2024,4,2024-04-28,6,19
ORD_001061,USER_0254,2024-01-31 14:39:00,服装鞋帽,3,2338.25,4.0,否,2024,1,2024-01-31,2,14
ORD_001062,USER_0281,2024-02-15 18:42:00,家居用品,1,126.2,5.0,否,2024,2,2024-02-15,3,18
ORD_001063,USER_0334,2024-01-10 09:06:00,食品饮料,4,284.88,3.0,否,2024,1,2024-01-10,2,9
ORD_001064,USER_0061,2024-01-07 17:23:00,食品饮料,2,220.25,4.0,否,2024,1,2024-01-07,6,17
ORD_001065,USER_0193,2024-01-03 21:46:00,美妆护肤,2,864.01,5.0,否,2024,1,2024-01-03,2,21
ORD_001066,USER_0259,2024-02-29 22:17:00,运动户外,3,4728.01,3.0,否,2024,2,2024-02-29,3,22
ORD_001067,USER_0091,2024-02-07 19:37:00,电子产品,3,822.76,4.0,否,2024,2,2024-02-07,2,19
ORD_001068,USER_0315,2024-04-12 13:49:00,美妆护肤,1,410.17,4.0,否,2024,4,2024-04-12,4,13
ORD_001069,USER_0181,2024-01-17 16:36:00,食品饮料,4,357.13,1.0,否,2024,1,2024-01-17,2,16
ORD_001070,USER_0255,2024-02-08 20:08:00,家居用品,1,260.65,4.0,是,2024,2,2024-02-08,3,20
ORD_001071,USER_0358,2024-02-09 20:00:00,食品饮料,3,299.33,5.0,否,2024,2,2024-02-09,4,20
ORD_001072,USER_0230,2024-04-18 17:45:00,电子产品,4,4728.01,5.0,否,2024,4,2024-04-18,3,17
ORD_001073,USER_0286,2024-02-06 10:00:00,运动户外,2,3199.43,5.0,否,2024,2,2024-02-06,1,10
ORD_001074,USER_0182,2024-04-10 19:40:00,食品饮料,1,185.67,4.0,否,2024,4,2024-04-10,2,19
ORD_001075,USER_0010,2024-01-01 10:49:00,服装鞋帽,4,3070.7,3.0,否,2024,1,2024-01-01,0,10
ORD_001076,USER_0033,2024-01-11 15:58:00,食品饮料,4,729.63,3.0,是,2024,1,2024-01-11,3,15
ORD_001077,USER_0012,2024-01-17 13:08:00,电子产品,3,4728.01,4.0,是,2024,1,2024-01-17,2,13
ORD_001078,USER_0074,2024-03-18 17:41:00,服装鞋帽,1,172.0,5.0,否,2024,3,2024-03-18,0,17
ORD_001079,USER_0265,2024-02-27 13:07:00,美妆护肤,1,228.46,5.0,否,2024,2,2024-02-27,1,13
ORD_001080,USER_0047,2024-03-15 10:09:00,图书文具,2,178.69,4.0,否,2024,3,2024-03-15,4,10
ORD_001081,USER_0005,2024-02-28 18:10:00,服装鞋帽,4,1705.19,4.0,否,2024,2,2024-02-28,2,18
ORD_001082,USER_0133,2024-02-07 22:23:00,美妆护肤,3,1223.53,4.0,否,2024,2,2024-02-07,2,22
ORD_001083,USER_0121,2024-04-03 16:39:00,家居用品,1,216.46,4.0,是,2024,4,2024-04-03,2,16
ORD_001084,USER_0022,2024-02-10 14:05:00,服装鞋帽,2,1109.12,5.0,否,2024,2,2024-02-10,5,14
ORD_001085,USER_0046,2024-02-14 20:15:00,家居用品,4,742.78,5.0,是,2024,2,2024-02-14,2,20
ORD_001086,USER_0258,2024-03-17 12:43:00,图书文具,1,140.41,4.0,是,2024,3,2024-03-17,6,12
ORD_001087,USER_0279,2024-01-09 12:45:00,美妆护肤,4,1225.76,2.0,是,2024,1,2024-01-09,1,12
ORD_001088,USER_0058,2024-02-25 22:59:00,电子产品,4,1782.12,5.0,否,2024,2,2024-02-25,6,22
ORD_001089,USER_0154,2024-03-05 10:31:00,家居用品,3,1268.18,2.0,是,2024,3,2024-03-05,1,10
ORD_001090,USER_0277,2024-01-31 18:54:00,食品饮料,3,554.3,5.0,是,2024,1,2024-01-31,2,18
ORD_001091,USER_0138,2024-01-05 14:18:00,家居用品,1,337.24,2.0,否,2024,1,2024-01-05,4,14
ORD_001092,USER_0003,2024-03-13 09:24:00,食品饮料,1,12.24,5.0,否,2024,3,2024-03-13,2,9
ORD_001093,USER_0051,2024-03-03 11:00:00,食品饮料,2,318.52,5.0,是,2024,3,2024-03-03,6,11
ORD_001094,USER_0107,2024-01-06 16:35:00,美妆护肤,3,1651.72,4.0,否,2024,1,2024-01-06,5,16
ORD_001095,USER_0079,2024-03-08 18:29:00,服装鞋帽,3,1920.82,5.0,否,2024,3,2024-03-08,4,18
ORD_001096,USER_0078,2024-03-14 17:19:00,服装鞋帽,1,621.07,5.0,是,2024,3,2024-03-14,3,17
ORD_001097,USER_0160,2024-01-25 09:56:00,电子产品,3,1474.61,4.0,否,2024,1,2024-01-25,3,9
ORD_001098,USER_0189,2024-03-18 13:23:00,运动户外,3,4728.01,4.0,是,2024,3,2024-03-18,0,13
ORD_001099,USER_0148,2024-02-22 14:45:00,家居用品,1,103.32,3.0,否,2024,2,2024-02-22,3,14
ORD_001100,USER_0097,2024-02-20 09:55:00,运动户外,2,2994.79,5.0,是,2024,2,2024-02-20,1,9
ORD_001101,USER_0184,2024-03-19 11:23:00,运动户外,3,2797.94,4.0,是,2024,3,2024-03-19,1,11
ORD_001102,USER_0061,2024-02-16 18:15:00,食品饮料,4,599.66,5.0,否,2024,2,2024-02-16,4,18
ORD_001103,USER_0333,2024-02-02 09:47:00,运动户外,3,4728.01,4.0,否,2024,2,2024-02-02,4,9
ORD_001104,USER_0255,2024-03-15 16:37:00,电子产品,1,3735.32,4.0,否,2024,3,2024-03-15,4,16
ORD_001105,USER_0031,2024-04-07 19:38:00,食品饮料,2,381.05,4.0,否,2024,4,2024-04-07,6,19
ORD_001106,USER_0310,2024-03-01 12:24:00,食品饮料,2,139.16,4.0,否,2024,3,2024-03-01,4,12
ORD_001107,USER_0135,2024-02-03 16:22:00,服装鞋帽,2,755.88,5.0,否,2024,2,2024-02-03,5,16
ORD_001108,USER_0317,2024-02-10 15:41:00,食品饮料,3,95.32,4.0,是,2024,2,2024-02-10,5,15
ORD_001109,USER_0165,2024-01-18 14:16:00,电子产品,1,4267.17,3.0,否,2024,1,2024-01-18,3,14
ORD_001110,USER_0131,2024-04-04 11:35:00,食品饮料,3,370.11,4.0,否,2024,4,2024-04-04,3,11
ORD_001111,USER_0162,2024-02-07 17:21:00,服装鞋帽,4,2669.47,5.0,否,2024,2,2024-02-07,2,17
ORD_001112,USER_0276,2024-03-27 13:29:00,电子产品,2,4385.08,3.0,是,2024,3,2024-03-27,2,13
ORD_001113,USER_0039,2024-02-26 16:47:00,服装鞋帽,1,795.45,4.0,否,2024,2,2024-02-26,0,16
ORD_001114,USER_0101,2024-03-31 15:40:00,美妆护肤,4,1774.16,3.0,否,2024,3,2024-03-31,6,15
ORD_001115,USER_0033,2024-04-03 14:21:00,电子产品,4,4728.01,3.0,是,2024,4,2024-04-03,2,14
ORD_001116,USER_0021,2024-03-19 14:34:00,美妆护肤,2,1186.44,5.0,是,2024,3,2024-03-19,1,14
ORD_001117,USER_0020,2024-02-05 13:48:00,家居用品,4,1396.74,3.0,是,2024,2,2024-02-05,0,13
ORD_001118,USER_0168,2024-02-29 16:35:00,服装鞋帽,4,1546.55,1.0,否,2024,2,2024-02-29,3,16
ORD_001119,USER_0215,2024-04-23 15:30:00,家居用品,1,462.73,3.0,是,2024,4,2024-04-23,1,15
ORD_001120,USER_0157,2024-02-07 20:52:00,家居用品,4,1474.98,1.0,是,2024,2,2024-02-07,2,20
ORD_001121,USER_0183,2024-01-17 11:57:00,食品饮料,3,570.12,3.0,否,2024,1,2024-01-17,2,11
ORD_001122,USER_0071,2024-01-22 13:21:00,食品饮料,4,276.55,5.0,是,2024,1,2024-01-22,0,13
ORD_001123,USER_0089,2024-04-19 16:40:00,家居用品,1,232.26,5.0,否,2024,4,2024-04-19,4,16
ORD_001124,USER_0089,2024-01-13 18:36:00,电子产品,1,2030.69,5.0,否,2024,1,2024-01-13,5,18
ORD_001125,USER_0050,2024-04-11 19:20:00,电子产品,1,3738.94,4.0,否,2024,4,2024-04-11,3,19
ORD_001126,USER_0093,2024-02-08 20:33:00,电子产品,1,2885.22,2.0,否,2024,2,2024-02-08,3,20
ORD_001127,USER_0148,2024-04-09 11:40:00,图书文具,4,383.11,5.0,否,2024,4,2024-04-09,1,11
ORD_001128,USER_0224,2024-03-10 20:00:00,食品饮料,3,234.0,5.0,否,2024,3,2024-03-10,6,20
ORD_001129,USER_0118,2024-02-12 10:04:00,电子产品,2,3393.04,3.0,否,2024,2,2024-02-12,0,10
ORD_001130,USER_0144,2024-04-08 09:27:00,家居用品,4,1088.01,5.0,否,2024,4,2024-04-08,0,9
ORD_001131,USER_0311,2024-03-28 17:02:00,家居用品,1,238.28,2.0,否,2024,3,2024-03-28,3,17
ORD_001132,USER_0317,2024-01-24 13:12:00,服装鞋帽,2,1344.07,4.0,是,2024,1,2024-01-24,2,13
ORD_001133,USER_0117,2024-04-20 11:44:00,家居用品,2,956.47,5.0,是,2024,4,2024-04-20,5,11
ORD_001134,USER_0323,2024-01-20 14:53:00,运动户外,4,2455.25,2.0,否,2024,1,2024-01-20,5,14
ORD_001135,USER_0116,2024-01-31 12:05:00,家居用品,1,258.06,4.0,否,2024,1,2024-01-31,2,12
ORD_001136,USER_0164,2024-01-26 14:29:00,电子产品,2,3306.91,4.0,否,2024,1,2024-01-26,4,14
ORD_001137,USER_0169,2024-01-29 16:06:00,家居用品,4,1182.06,5.0,否,2024,1,2024-01-29,0,16
ORD_001138,USER_0006,2024-04-08 13:21:00,美妆护肤,4,1888.68,4.0,否,2024,4,2024-04-08,0,13
ORD_001139,USER_0147,2024-01-24 16:15:00,运动户外,3,1543.11,3.0,是,2024,1,2024-01-24,2,16
ORD_001140,USER_0021,2024-02-22 09:23:00,服装鞋帽,1,476.47,5.0,否,2024,2,2024-02-22,3,9
ORD_001141,USER_0012,2024-01-29 10:13:00,食品饮料,1,124.33,5.0,否,2024,1,2024-01-29,0,10
ORD_001142,USER_0042,2024-02-03 16:00:00,电子产品,1,2517.5,5.0,是,2024,2,2024-02-03,5,16
ORD_001143,USER_0078,2024-01-11 17:41:00,家居用品,3,880.46,4.0,是,2024,1,2024-01-11,3,17
ORD_001144,USER_0341,2024-02-02 21:48:00,家居用品,3,576.3,4.0,否,2024,2,2024-02-02,4,21
ORD_001145,USER_0213,2024-02-20 15:39:00,家居用品,3,1281.63,4.0,否,2024,2,2024-02-20,1,15
ORD_001146,USER_0022,2024-01-04 22:11:00,图书文具,1,129.85,5.0,否,2024,1,2024-01-04,3,22
ORD_001147,USER_0292,2024-03-05 21:08:00,食品饮料,4,692.78,4.0,是,2024,3,2024-03-05,1,21
ORD_001148,USER_0316,2024-02-02 14:33:00,服装鞋帽,1,930.02,5.0,否,2024,2,2024-02-02,4,14
ORD_001149,USER_0211,2024-03-21 17:47:00,食品饮料,1,86.47,1.0,是,2024,3,2024-03-21,3,17
ORD_001150,USER_0179,2024-04-22 10:48:00,电子产品,3,1154.69,5.0,是,2024,4,2024-04-22,0,10
ORD_001151,USER_0263,2024-04-19 11:26:00,美妆护肤,1,210.13,4.0,否,2024,4,2024-04-19,4,11
ORD_001152,USER_0040,2024-01-03 10:15:00,电子产品,3,4728.01,4.0,否,2024,1,2024-01-03,2,10
ORD_001153,USER_0189,2024-01-05 12:01:00,电子产品,2,2477.74,3.0,是,2024,1,2024-01-05,4,12
ORD_001154,USER_0170,2024-03-12 21:35:00,电子产品,4,4728.01,1.0,是,2024,3,2024-03-12,1,21
ORD_001155,USER_0306,2024-03-29 19:34:00,家居用品,4,1225.81,4.0,否,2024,3,2024-03-29,4,19
ORD_001156,USER_0056,2024-02-07 09:44:00,运动户外,2,3240.96,5.0,是,2024,2,2024-02-07,2,9
ORD_001157,USER_0275,2024-03-19 13:10:00,图书文具,2,65.19,5.0,否,2024,3,2024-03-19,1,13
ORD_001158,USER_0158,2024-04-06 09:38:00,图书文具,1,58.15,5.0,否,2024,4,2024-04-06,5,9
ORD_001159,USER_0017,2024-04-24 14:24:00,食品饮料,2,234.0,4.0,否,2024,4,2024-04-24,2,14
ORD_001160,USER_0114,2024-03-26 16:10:00,服装鞋帽,1,64.67,4.0,是,2024,3,2024-03-26,1,16
ORD_001161,USER_0097,2024-01-23 12:09:00,电子产品,2,4728.01,4.0,否,2024,1,2024-01-23,1,12
ORD_001162,USER_0140,2024-02-11 22:06:00,服装鞋帽,1,698.9,4.0,否,2024,2,2024-02-11,6,22
ORD_001163,USER_0314,2024-03-18 14:35:00,电子产品,2,4579.12,1.0,否,2024,3,2024-03-18,0,14
ORD_001164,USER_0226,2024-01-07 15:48:00,运动户外,3,4728.01,5.0,否,2024,1,2024-01-07,6,15
ORD_001165,USER_0217,2024-04-11 11:55:00,电子产品,3,3949.89,5.0,否,2024,4,2024-04-11,3,11
ORD_001166,USER_0317,2024-03-19 20:21:00,家居用品,4,1433.25,5.0,否,2024,3,2024-03-19,1,20
ORD_001167,USER_0266,2024-01-15 19:35:00,食品饮料,2,27.38,1.0,否,2024,1,2024-01-15,0,19
ORD_001168,USER_0031,2024-04-05 13:14:00,电子产品,1,2649.11,4.0,否,2024,4,2024-04-05,4,13
ORD_001169,USER_0032,2024-02-10 11:22:00,电子产品,2,4728.01,4.0,否,2024,2,2024-02-10,5,11
ORD_001170,USER_0069,2024-01-20 10:08:00,家居用品,4,1788.6,5.0,否,2024,1,2024-01-20,5,10
ORD_001171,USER_0104,2024-02-29 13:58:00,家居用品,3,721.31,3.0,是,2024,2,2024-02-29,3,13
ORD_001172,USER_0100,2024-04-03 13:24:00,运动户外,3,2409.68,5.0,否,2024,4,2024-04-03,2,13
ORD_001173,USER_0299,2024-04-13 13:06:00,食品饮料,4,711.55,5.0,是,2024,4,2024-04-13,5,13
ORD_001174,USER_0157,2024-03-02 16:06:00,电子产品,2,4728.01,5.0,否,2024,3,2024-03-02,5,16
ORD_001175,USER_0261,2024-01-29 13:16:00,家居用品,2,292.49,5.0,否,2024,1,2024-01-29,0,13
ORD_001176,USER_0223,2024-01-08 10:45:00,美妆护肤,1,535.47,4.0,是,2024,1,2024-01-08,0,10
ORD_001177,USER_0265,2024-02-18 18:04:00,电子产品,1,3151.48,5.0,否,2024,2,2024-02-18,6,18
ORD_001178,USER_0050,2024-01-30 11:13:00,服装鞋帽,2,1116.79,4.0,是,2024,1,2024-01-30,1,11
ORD_001179,USER_0274,2024-02-15 18:33:00,运动户外,4,1810.2,4.0,否,2024,2,2024-02-15,3,18
ORD_001180,USER_0010,2024-03-03 09:36:00,电子产品,1,3808.95,5.0,是,2024,3,2024-03-03,6,9
ORD_001181,USER_0160,2024-04-02 15:07:00,电子产品,2,4728.01,4.0,否,2024,4,2024-04-02,1,15
ORD_001182,USER_0203,2024-03-26 15:24:00,服装鞋帽,2,1155.47,3.0,是,2024,3,2024-03-26,1,15
ORD_001183,USER_0003,2024-02-12 10:29:00,服装鞋帽,1,582.46,4.0,是,2024,2,2024-02-12,0,10
ORD_001184,USER_0242,2024-03-31 10:31:00,电子产品,1,1667.4,1.0,否,2024,3,2024-03-31,6,10
ORD_001185,USER_0192,2024-02-11 20:23:00,运动户外,3,2507.52,4.0,否,2024,2,2024-02-11,6,20
ORD_001186,USER_0229,2024-03-08 21:17:00,家居用品,3,655.67,4.0,否,2024,3,2024-03-08,4,21
ORD_001187,USER_0334,2024-03-26 15:29:00,图书文具,2,261.13,1.0,是,2024,3,2024-03-26,1,15
ORD_001188,USER_0255,2024-03-16 15:46:00,家居用品,4,528.65,5.0,是,2024,3,2024-03-16,5,15
ORD_001189,USER_0061,2024-03-25 20:41:00,服装鞋帽,1,930.02,4.0,否,2024,3,2024-03-25,0,20
ORD_001190,USER_0129,2024-03-06 09:56:00,食品饮料,3,444.88,5.0,是,2024,3,2024-03-06,2,9
ORD_001191,USER_0082,2024-01-26 17:35:00,美妆护肤,3,537.48,4.0,是,2024,1,2024-01-26,4,17
ORD_001192,USER_0096,2024-03-28 10:37:00,运动户外,2,1807.39,5.0,否,2024,3,2024-03-28,3,10
ORD_001193,USER_0168,2024-02-16 13:01:00,电子产品,2,4728.01,1.0,否,2024,2,2024-02-16,4,13
ORD_001194,USER_0160,2024-02-14 21:05:00,服装鞋帽,4,622.88,5.0,是,2024,2,2024-02-14,2,21
ORD_001195,USER_0258,2024-02-08 18:31:00,图书文具,3,191.17,5.0,否,2024,2,2024-02-08,3,18
ORD_001196,USER_0050,2024-01-12 12:00:00,服装鞋帽,4,930.02,4.0,是,2024,1,2024-01-12,4,12
ORD_001197,USER_0358,2024-04-28 22:24:00,家居用品,3,162.85,4.0,否,2024,4,2024-04-28,6,22
ORD_001198,USER_0094,2024-02-14 20:13:00,运动户外,4,4728.01,4.0,否,2024,2,2024-02-14,2,20
ORD_001199,USER_0128,2024-01-14 13:06:00,图书文具,3,305.5,4.0,否,2024,1,2024-01-14,6,13
ORD_001200,USER_0001,2024-03-08 22:20:00,家居用品,3,1318.12,4.0,否,2024,3,2024-03-08,4,22
