订单ID,用户ID,商品ID,交易时间,商品类别,单价,数量,交易金额,用户评分,订单状态,支付方式,用户性别,年龄段,地区,交易日期,交易月份,交易星期,交易小时
ORD_000001,USER_0103,PROD_00283,2026-01-18 22:04:26.263733,食品,95.84,1,95.84,5.0,已完成,微信支付,女,26-35,华东,2026-01-18,2026-01,Sunday,22
ORD_000002,USER_0180,PROD_00177,2026-01-19 01:47:34.263733,电子产品,2739.5112500000005,3,6233.206249999999,3.0,已完成,支付宝,女,26-35,华南,2026-01-19,2026-01,Monday,1
ORD_000003,USER_0093,PROD_00098,2026-01-19 02:25:06.263733,电子产品,2739.5112500000005,1,6233.206249999999,5.0,已完成,支付宝,女,36-45,华中,2026-01-19,2026-01,Monday,2
ORD_000004,USER_0015,PROD_00105,2026-01-19 03:33:40.263733,图书,197.97,1,197.97,5.0,已完成,支付宝,女,26-35,华东,2026-01-19,2026-01,Monday,3
ORD_000005,USER_0107,PROD_00099,2026-01-19 07:27:29.263733,电子产品,2739.5112500000005,1,6233.206249999999,5.0,已完成,微信支付,女,46-55,华北,2026-01-19,2026-01,Monday,7
ORD_000006,USER_0072,PROD_00006,2026-01-19 11:16:43.263733,家居,556.17,1,556.17,4.0,已退款,支付宝,男,46-55,华东,2026-01-19,2026-01,Monday,11
ORD_000007,USER_0189,PROD_00197,2026-01-19 12:13:39.263733,食品,154.51,1,154.51,4.0,已完成,货到付款,女,26-35,西南,2026-01-19,2026-01,Monday,12
ORD_000008,USER_0021,PROD_00133,2026-01-19 14:57:00.263733,服装,800.0,3,2400.0,5.0,已完成,银行卡,男,26-35,华东,2026-01-19,2026-01,Monday,14
ORD_000009,USER_0103,PROD_00259,2026-01-19 16:13:22.263733,图书,149.86,1,149.86,4.0,已完成,支付宝,男,18-25,华北,2026-01-19,2026-01,Monday,16
ORD_000010,USER_0122,PROD_00023,2026-01-19 17:16:36.263733,电子产品,2739.5112500000005,1,3831.21,3.0,已完成,微信支付,女,18-25,华北,2026-01-19,2026-01,Monday,17
ORD_000011,USER_0075,PROD_00053,2026-01-19 17:18:12.263733,美妆,718.89,3,2156.67,4.0,已完成,信用卡,男,26-35,华东,2026-01-19,2026-01,Monday,17
ORD_000012,USER_0088,PROD_00165,2026-01-20 06:30:17.263733,母婴,405.52,3,1216.56,5.0,已完成,微信支付,女,18-25,华东,2026-01-20,2026-01,Tuesday,6
ORD_000013,USER_0117,PROD_00202,2026-01-20 08:34:40.263733,家居,716.81,1,716.81,5.0,已完成,支付宝,女,46-55,华南,2026-01-20,2026-01,Tuesday,8
ORD_000014,USER_0100,PROD_00083,2026-01-20 12:21:49.263733,图书,63.97,1,63.97,3.0,已完成,支付宝,男,18-25,华东,2026-01-20,2026-01,Tuesday,12
ORD_000015,USER_0104,PROD_00145,2026-01-20 18:10:54.263733,电子产品,2739.5112500000005,1,5374.71,5.0,已完成,银行卡,女,26-35,华中,2026-01-20,2026-01,Tuesday,18
ORD_000016,USER_0152,PROD_00085,2026-01-20 19:22:36.263733,食品,221.51,4,886.04,4.0,已完成,微信支付,男,36-45,华中,2026-01-20,2026-01,Tuesday,19
ORD_000017,USER_0131,PROD_00078,2026-01-20 22:30:33.263733,服装,393.54,1,393.54,5.0,已完成,微信支付,男,36-45,华南,2026-01-20,2026-01,Tuesday,22
ORD_000018,USER_0150,PROD_00001,2026-01-20 22:52:34.263733,美妆,339.32,4,1357.28,5.0,已完成,银行卡,女,26-35,华北,2026-01-20,2026-01,Tuesday,22
ORD_000019,USER_0053,PROD_00051,2026-01-20 23:42:26.263733,母婴,757.48,2,1514.96,5.0,已完成,银行卡,女,46-55,华北,2026-01-20,2026-01,Tuesday,23
ORD_000020,USER_0002,PROD_00173,2026-01-21 07:51:55.263733,服装,333.22,2,666.44,1.0,已完成,信用卡,女,26-35,华中,2026-01-21,2026-01,Wednesday,7
ORD_000021,USER_0088,PROD_00205,2026-01-21 08:45:30.263733,美妆,352.59,1,352.59,4.0,已完成,支付宝,男,26-35,华南,2026-01-21,2026-01,Wednesday,8
ORD_000022,USER_0158,PROD_00260,2026-01-21 09:19:54.263733,电子产品,2739.5112500000005,1,5035.01,5.0,已完成,微信支付,女,18-25,华东,2026-01-21,2026-01,Wednesday,9
ORD_000023,USER_0038,PROD_00288,2026-01-21 10:22:19.263733,家居,694.82,1,694.82,3.0,已完成,微信支付,男,26-35,华东,2026-01-21,2026-01,Wednesday,10
ORD_000024,USER_0130,PROD_00034,2026-01-21 11:20:54.263733,食品,70.83,1,70.83,5.0,已完成,银行卡,女,36-45,华南,2026-01-21,2026-01,Wednesday,11
ORD_000025,USER_0192,PROD_00095,2026-01-21 13:22:44.263733,母婴,390.65,2,781.3,5.0,已完成,微信支付,男,26-35,华南,2026-01-21,2026-01,Wednesday,13
ORD_000026,USER_0188,PROD_00072,2026-01-21 14:50:28.263733,家居,455.33,5,2276.65,5.0,已完成,支付宝,女,36-45,华南,2026-01-21,2026-01,Wednesday,14
ORD_000027,USER_0021,PROD_00039,2026-01-21 19:23:42.263733,服装,480.99,2,961.98,4.0,已完成,银行卡,男,26-35,华东,2026-01-21,2026-01,Wednesday,19
ORD_000028,USER_0161,PROD_00154,2026-01-21 21:13:44.263733,电子产品,2739.5112500000005,2,6233.206249999999,5.0,已完成,微信支付,男,18-25,华北,2026-01-21,2026-01,Wednesday,21
ORD_000029,USER_0058,PROD_00250,2026-01-21 22:19:58.263733,电子产品,2739.5112500000005,1,4469.06,3.0,已完成,支付宝,女,18-25,华东,2026-01-21,2026-01,Wednesday,22
ORD_000030,USER_0022,PROD_00162,2026-01-22 02:07:24.263733,服装,570.18,1,570.18,2.0,已完成,微信支付,女,26-35,华东,2026-01-22,2026-01,Thursday,2
ORD_000031,USER_0089,PROD_00118,2026-01-22 04:06:16.263733,服装,771.29,1,771.29,5.0,已完成,支付宝,女,36-45,华南,2026-01-22,2026-01,Thursday,4
ORD_000032,USER_0049,PROD_00259,2026-01-22 04:41:56.263733,运动,587.51,2,1175.02,4.0,已完成,支付宝,女,36-45,华东,2026-01-22,2026-01,Thursday,4
ORD_000033,USER_0059,PROD_00268,2026-01-22 05:45:30.263733,家居,1243.75,4,4975.0,5.0,已完成,支付宝,女,26-35,华北,2026-01-22,2026-01,Thursday,5
ORD_000034,USER_0170,PROD_00054,2026-01-22 08:55:11.263733,食品,70.36,2,140.72,4.0,已完成,微信支付,女,26-35,华南,2026-01-22,2026-01,Thursday,8
ORD_000035,USER_0188,PROD_00236,2026-01-22 09:08:09.263733,电子产品,2739.5112500000005,1,6233.206249999999,3.0,已完成,支付宝,男,26-35,华南,2026-01-22,2026-01,Thursday,9
ORD_000036,USER_0015,PROD_00222,2026-01-22 09:44:13.263733,运动,423.95,1,423.95,5.0,已完成,微信支付,女,26-35,华南,2026-01-22,2026-01,Thursday,9
ORD_000037,USER_0190,PROD_00251,2026-01-22 12:22:39.263733,美妆,368.1,2,736.2,4.0,已完成,微信支付,男,18-25,华东,2026-01-22,2026-01,Thursday,12
ORD_000038,USER_0190,PROD_00112,2026-01-22 12:53:36.263733,电子产品,2739.5112500000005,1,3152.09,3.0,已完成,银行卡,女,18-25,华东,2026-01-22,2026-01,Thursday,12
ORD_000039,USER_0175,PROD_00255,2026-01-22 23:15:37.263733,美妆,244.76,3,734.28,5.0,已完成,支付宝,女,18-25,西南,2026-01-22,2026-01,Thursday,23
ORD_000040,USER_0190,PROD_00207,2026-01-23 07:22:49.263733,家居,1031.67,3,3095.01,4.0,已完成,支付宝,女,26-35,华南,2026-01-23,2026-01,Friday,7
ORD_000041,USER_0051,PROD_00229,2026-01-23 18:21:38.263733,电子产品,2739.5112500000005,2,6233.206249999999,5.0,已完成,银行卡,女,18-25,华南,2026-01-23,2026-01,Friday,18
ORD_000042,USER_0108,PROD_00066,2026-01-23 18:25:48.263733,食品,140.99,1,140.99,4.0,已完成,支付宝,女,18-25,华东,2026-01-23,2026-01,Friday,18
ORD_000043,USER_0055,PROD_00075,2026-01-23 19:55:42.263733,食品,71.76,1,71.76,5.0,已完成,信用卡,女,36-45,华南,2026-01-23,2026-01,Friday,19
ORD_000044,USER_0064,PROD_00103,2026-01-23 20:45:22.263733,电子产品,2739.5112500000005,1,6233.206249999999,5.0,已完成,银行卡,男,26-35,华北,2026-01-23,2026-01,Friday,20
ORD_000045,USER_0131,PROD_00192,2026-01-23 21:35:33.263733,图书,144.76,1,144.76,5.0,已完成,微信支付,女,55+,华北,2026-01-23,2026-01,Friday,21
ORD_000046,USER_0051,PROD_00252,2026-01-24 01:01:47.263733,运动,1500.0,1,1500.0,3.0,已完成,货到付款,男,18-25,华北,2026-01-24,2026-01,Saturday,1
ORD_000047,USER_0135,PROD_00226,2026-01-24 01:18:00.263733,美妆,351.02,2,702.04,5.0,已完成,支付宝,女,26-35,华东,2026-01-24,2026-01,Saturday,1
ORD_000048,USER_0021,PROD_00294,2026-01-24 01:28:58.263733,食品,250.23,2,500.46,5.0,已完成,支付宝,男,26-35,华东,2026-01-24,2026-01,Saturday,1
ORD_000049,USER_0073,PROD_00098,2026-01-24 03:38:15.263733,食品,228.85,1,228.85,5.0,已完成,微信支付,男,18-25,华中,2026-01-24,2026-01,Saturday,3
ORD_000050,USER_0167,PROD_00286,2026-01-24 05:40:22.263733,美妆,454.01,1,454.01,4.0,已完成,支付宝,男,36-45,西北,2026-01-24,2026-01,Saturday,5
ORD_000051,USER_0018,PROD_00249,2026-01-24 09:48:49.263733,家居,2000.0,1,2000.0,5.0,已完成,信用卡,男,18-25,华东,2026-01-24,2026-01,Saturday,9
ORD_000052,USER_0132,PROD_00166,2026-01-24 11:12:22.263733,电子产品,2739.5112500000005,1,3470.21,5.0,已完成,支付宝,女,46-55,华南,2026-01-24,2026-01,Saturday,11
ORD_000053,USER_0089,PROD_00030,2026-01-24 12:18:48.263733,食品,129.41,3,388.23,3.0,已完成,微信支付,男,46-55,华东,2026-01-24,2026-01,Saturday,12
ORD_000054,USER_0060,PROD_00247,2026-01-24 15:05:27.263733,运动,139.26,1,139.26,4.0,已完成,微信支付,女,26-35,华东,2026-01-24,2026-01,Saturday,15
ORD_000055,USER_0014,PROD_00106,2026-01-24 17:09:56.263733,食品,190.17,1,190.17,5.0,已完成,微信支付,男,26-35,华南,2026-01-24,2026-01,Saturday,17
ORD_000056,USER_0009,PROD_00051,2026-01-24 18:22:28.263733,电子产品,2190.57,1,2190.57,2.0,已完成,支付宝,女,36-45,华东,2026-01-24,2026-01,Saturday,18
ORD_000057,USER_0090,PROD_00081,2026-01-24 20:04:18.263733,运动,599.85,3,1799.55,5.0,已完成,支付宝,女,26-35,华北,2026-01-24,2026-01,Saturday,20
ORD_000058,USER_0053,PROD_00133,2026-01-24 21:04:40.263733,服装,254.42,2,508.84,5.0,已完成,银行卡,女,36-45,华南,2026-01-24,2026-01,Saturday,21
ORD_000059,USER_0130,PROD_00285,2026-01-25 01:02:13.263733,服装,353.89,1,353.89,5.0,已完成,支付宝,女,18-25,华东,2026-01-25,2026-01,Sunday,1
ORD_000060,USER_0084,PROD_00138,2026-01-25 02:49:28.263733,电子产品,2739.5112500000005,2,6233.206249999999,4.0,已完成,银行卡,男,18-25,华东,2026-01-25,2026-01,Sunday,2
ORD_000061,USER_0092,PROD_00184,2026-01-25 03:04:15.263733,服装,427.37,2,854.74,3.0,已完成,微信支付,女,26-35,华中,2026-01-25,2026-01,Sunday,3
ORD_000062,USER_0111,PROD_00273,2026-01-25 03:36:27.263733,美妆,748.61,4,2994.44,5.0,已完成,银行卡,男,26-35,华东,2026-01-25,2026-01,Sunday,3
ORD_000063,USER_0188,PROD_00069,2026-01-25 05:13:32.263733,食品,291.85,1,291.85,4.0,已完成,微信支付,女,46-55,华北,2026-01-25,2026-01,Sunday,5
ORD_000064,USER_0199,PROD_00034,2026-01-25 05:52:31.263733,服装,353.43,3,1060.29,5.0,已完成,支付宝,女,18-25,华南,2026-01-25,2026-01,Sunday,5
ORD_000065,USER_0172,PROD_00262,2026-01-25 13:34:06.263733,图书,86.59,4,346.36,4.0,已退款,微信支付,男,36-45,华北,2026-01-25,2026-01,Sunday,13
ORD_000066,USER_0008,PROD_00053,2026-01-25 16:51:07.263733,图书,177.57,4,710.28,3.0,已完成,银行卡,女,18-25,华南,2026-01-25,2026-01,Sunday,16
ORD_000067,USER_0175,PROD_00205,2026-01-25 18:40:06.263733,图书,184.75,2,369.5,1.0,已完成,支付宝,女,26-35,华东,2026-01-25,2026-01,Sunday,18
ORD_000068,USER_0035,PROD_00126,2026-01-25 20:10:14.263733,服装,615.47,2,1230.94,4.0,已完成,信用卡,男,26-35,华东,2026-01-25,2026-01,Sunday,20
ORD_000069,USER_0081,PROD_00235,2026-01-25 21:13:18.263733,食品,96.29,1,96.29,5.0,已完成,微信支付,男,26-35,华东,2026-01-25,2026-01,Sunday,21
ORD_000070,USER_0164,PROD_00043,2026-01-25 21:54:29.263733,母婴,945.02,3,2835.06,4.0,已完成,支付宝,男,18-25,华南,2026-01-25,2026-01,Sunday,21
ORD_000071,USER_0050,PROD_00240,2026-01-25 23:26:35.263733,运动,834.45,2,1668.9,4.0,已完成,支付宝,女,26-35,华北,2026-01-25,2026-01,Sunday,23
ORD_000072,USER_0104,PROD_00111,2026-01-26 00:36:47.263733,电子产品,2739.5112500000005,2,6233.206249999999,4.0,已完成,信用卡,女,26-35,华东,2026-01-26,2026-01,Monday,0
ORD_000073,USER_0132,PROD_00249,2026-01-26 01:03:56.263733,电子产品,2739.5112500000005,1,3191.47,4.0,已完成,支付宝,男,26-35,华东,2026-01-26,2026-01,Monday,1
ORD_000074,USER_0002,PROD_00151,2026-01-26 06:16:23.263733,食品,67.36,2,134.72,4.0,已完成,银行卡,男,26-35,华南,2026-01-26,2026-01,Monday,6
ORD_000075,USER_0134,PROD_00183,2026-01-26 08:08:39.263733,图书,155.34,3,466.02,5.0,已完成,银行卡,女,36-45,华北,2026-01-26,2026-01,Monday,8
ORD_000076,USER_0054,PROD_00095,2026-01-26 12:25:50.263733,家居,282.44,1,282.44,4.0,已完成,支付宝,女,36-45,西北,2026-01-26,2026-01,Monday,12
ORD_000077,USER_0106,PROD_00008,2026-01-26 12:54:50.263733,食品,107.52,3,322.56,4.0,已完成,支付宝,男,26-35,华北,2026-01-26,2026-01,Monday,12
ORD_000078,USER_0004,PROD_00184,2026-01-26 14:29:57.263733,电子产品,2548.03,2,5096.06,3.0,已完成,微信支付,男,26-35,华南,2026-01-26,2026-01,Monday,14
ORD_000079,USER_0054,PROD_00281,2026-01-26 15:37:52.263733,美妆,313.7,3,941.1,5.0,已完成,支付宝,女,46-55,华北,2026-01-26,2026-01,Monday,15
ORD_000080,USER_0191,PROD_00195,2026-01-26 23:58:56.263733,运动,543.22,1,543.22,3.0,已完成,银行卡,男,26-35,西南,2026-01-26,2026-01,Monday,23
ORD_000081,USER_0146,PROD_00195,2026-01-27 01:56:52.263733,食品,284.89,1,284.89,2.0,已完成,微信支付,男,18-25,华中,2026-01-27,2026-01,Tuesday,1
ORD_000082,USER_0044,PROD_00155,2026-01-27 05:28:43.263733,运动,1190.72,4,4762.88,5.0,已完成,微信支付,女,26-35,华南,2026-01-27,2026-01,Tuesday,5
ORD_000083,USER_0162,PROD_00093,2026-01-27 05:51:57.263733,母婴,674.53,1,674.53,4.0,已完成,银行卡,女,36-45,华东,2026-01-27,2026-01,Tuesday,5
ORD_000084,USER_0190,PROD_00160,2026-01-27 07:56:37.263733,服装,749.12,3,2247.36,4.0,已完成,支付宝,男,18-25,华东,2026-01-27,2026-01,Tuesday,7
ORD_000085,USER_0014,PROD_00061,2026-01-27 10:58:51.263733,食品,91.13,1,91.13,4.0,已完成,微信支付,男,55+,华南,2026-01-27,2026-01,Tuesday,10
ORD_000086,USER_0095,PROD_00122,2026-01-27 11:39:25.263733,服装,233.45,2,466.9,5.0,已完成,支付宝,男,18-25,华中,2026-01-27,2026-01,Tuesday,11
ORD_000087,USER_0048,PROD_00051,2026-01-27 13:20:49.263733,运动,1216.62,1,1216.62,3.0,已完成,支付宝,男,36-45,华南,2026-01-27,2026-01,Tuesday,13
ORD_000088,USER_0015,PROD_00277,2026-01-27 17:22:53.263733,家居,1356.23,2,2712.46,5.0,已完成,微信支付,女,26-35,华东,2026-01-27,2026-01,Tuesday,17
ORD_000089,USER_0200,PROD_00005,2026-01-27 18:11:29.263733,家居,806.35,1,806.35,5.0,已完成,银行卡,男,26-35,华北,2026-01-27,2026-01,Tuesday,18
ORD_000090,USER_0190,PROD_00092,2026-01-27 23:59:57.263733,运动,447.78,1,447.78,4.0,已完成,支付宝,女,46-55,华中,2026-01-27,2026-01,Tuesday,23
ORD_000091,USER_0040,PROD_00170,2026-01-28 00:59:20.263733,食品,300.0,1,300.0,4.0,已完成,微信支付,女,26-35,华东,2026-01-28,2026-01,Wednesday,0
ORD_000092,USER_0082,PROD_00022,2026-01-28 01:46:18.263733,图书,46.55,1,46.55,4.0,已完成,微信支付,男,26-35,华北,2026-01-28,2026-01,Wednesday,1
ORD_000093,USER_0111,PROD_00001,2026-01-28 03:21:29.263733,家居,752.52,5,3762.6,5.0,已完成,支付宝,男,18-25,华南,2026-01-28,2026-01,Wednesday,3
ORD_000094,USER_0053,PROD_00133,2026-01-28 05:21:48.263733,电子产品,2739.5112500000005,4,6233.206249999999,4.0,已完成,支付宝,女,18-25,西南,2026-01-28,2026-01,Wednesday,5
ORD_000095,USER_0024,PROD_00233,2026-01-28 05:58:35.263733,美妆,1000.0,1,1000.0,4.0,已完成,信用卡,女,18-25,华中,2026-01-28,2026-01,Wednesday,5
ORD_000096,USER_0154,PROD_00012,2026-01-28 12:09:09.263733,运动,956.79,2,1913.58,4.0,已完成,微信支付,女,36-45,华南,2026-01-28,2026-01,Wednesday,12
ORD_000097,USER_0188,PROD_00046,2026-01-28 16:52:07.263733,服装,540.36,1,540.36,5.0,已完成,微信支付,男,18-25,华北,2026-01-28,2026-01,Wednesday,16
ORD_000098,USER_0124,PROD_00034,2026-01-29 02:28:26.263733,运动,594.27,2,1188.54,4.0,已完成,微信支付,女,18-25,西南,2026-01-29,2026-01,Thursday,2
ORD_000099,USER_0041,PROD_00078,2026-01-29 04:30:29.263733,图书,146.16,3,438.48,5.0,已完成,支付宝,女,26-35,华南,2026-01-29,2026-01,Thursday,4
ORD_000100,USER_0157,PROD_00218,2026-01-29 06:43:43.263733,服装,447.98,4,1791.92,4.0,已完成,微信支付,女,36-45,华南,2026-01-29,2026-01,Thursday,6
ORD_000101,USER_0015,PROD_00073,2026-01-29 10:46:26.263733,母婴,345.72,1,345.72,2.0,已完成,微信支付,男,36-45,华中,2026-01-29,2026-01,Thursday,10
ORD_000102,USER_0045,PROD_00282,2026-01-29 13:18:50.263733,电子产品,2739.5112500000005,3,6233.206249999999,3.0,已完成,微信支付,女,18-25,华东,2026-01-29,2026-01,Thursday,13
ORD_000103,USER_0065,PROD_00249,2026-01-29 13:19:01.263733,服装,690.41,1,690.41,4.0,已完成,支付宝,女,18-25,华南,2026-01-29,2026-01,Thursday,13
ORD_000104,USER_0089,PROD_00047,2026-01-29 13:33:55.263733,电子产品,2739.5112500000005,5,6233.206249999999,3.0,已完成,支付宝,男,46-55,西南,2026-01-29,2026-01,Thursday,13
ORD_000105,USER_0071,PROD_00121,2026-01-29 14:23:47.263733,图书,111.85,1,111.85,1.0,已完成,支付宝,女,26-35,华北,2026-01-29,2026-01,Thursday,14
ORD_000106,USER_0009,PROD_00214,2026-01-29 14:52:47.263733,美妆,325.48,2,650.96,5.0,已完成,信用卡,男,46-55,华南,2026-01-29,2026-01,Thursday,14
ORD_000107,USER_0088,PROD_00239,2026-01-29 21:31:25.263733,电子产品,1339.54,2,2679.08,5.0,已完成,微信支付,男,46-55,华东,2026-01-29,2026-01,Thursday,21
ORD_000108,USER_0129,PROD_00056,2026-01-30 02:59:01.263733,食品,167.66,2,335.32,5.0,已完成,微信支付,男,36-45,华南,2026-01-30,2026-01,Friday,2
ORD_000109,USER_0136,PROD_00107,2026-01-30 03:48:33.263733,家居,1743.44,1,1743.44,3.0,已完成,支付宝,女,18-25,华东,2026-01-30,2026-01,Friday,3
ORD_000110,USER_0063,PROD_00048,2026-01-30 04:27:14.263733,电子产品,2739.5112500000005,4,6233.206249999999,3.0,已完成,支付宝,男,36-45,华东,2026-01-30,2026-01,Friday,4
ORD_000111,USER_0139,PROD_00061,2026-01-30 09:27:24.263733,图书,165.42,1,165.42,2.0,已完成,微信支付,女,36-45,华中,2026-01-30,2026-01,Friday,9
ORD_000112,USER_0081,PROD_00026,2026-01-30 09:48:34.263733,运动,761.22,2,1522.44,5.0,已完成,微信支付,女,26-35,华东,2026-01-30,2026-01,Friday,9
ORD_000113,USER_0136,PROD_00292,2026-01-30 10:36:41.263733,食品,266.98,1,266.98,5.0,已完成,微信支付,男,26-35,华南,2026-01-30,2026-01,Friday,10
ORD_000114,USER_0163,PROD_00257,2026-01-30 11:18:31.263733,母婴,1214.34,1,1214.34,4.0,已完成,支付宝,女,26-35,华南,2026-01-30,2026-01,Friday,11
ORD_000115,USER_0163,PROD_00008,2026-01-30 11:39:23.263733,食品,125.48,2,250.96,3.0,已完成,微信支付,女,18-25,东北,2026-01-30,2026-01,Friday,11
ORD_000116,USER_0033,PROD_00113,2026-01-30 13:22:32.263733,母婴,1072.96,1,1072.96,4.0,已完成,支付宝,女,26-35,华南,2026-01-30,2026-01,Friday,13
ORD_000117,USER_0123,PROD_00253,2026-01-30 13:47:18.263733,美妆,401.58,1,401.58,4.0,已完成,支付宝,女,26-35,华东,2026-01-30,2026-01,Friday,13
ORD_000118,USER_0005,PROD_00180,2026-01-30 15:26:21.263733,家居,1329.63,1,1329.63,4.0,已完成,微信支付,女,26-35,华东,2026-01-30,2026-01,Friday,15
ORD_000119,USER_0041,PROD_00207,2026-01-30 19:04:54.263733,电子产品,2219.67,1,2219.67,5.0,已完成,支付宝,男,26-35,华北,2026-01-30,2026-01,Friday,19
ORD_000120,USER_0028,PROD_00127,2026-01-30 19:29:14.263733,图书,59.7,3,179.1,5.0,已完成,支付宝,女,26-35,华北,2026-01-30,2026-01,Friday,19
ORD_000121,USER_0135,PROD_00056,2026-01-30 21:49:56.263733,食品,263.1,3,789.3,3.0,已完成,微信支付,男,36-45,华南,2026-01-30,2026-01,Friday,21
ORD_000122,USER_0072,PROD_00214,2026-01-30 23:16:46.263733,电子产品,2739.5112500000005,1,6233.206249999999,2.0,已完成,微信支付,女,46-55,华南,2026-01-30,2026-01,Friday,23
ORD_000123,USER_0012,PROD_00014,2026-01-31 04:46:09.263733,电子产品,2739.5112500000005,1,5834.13,5.0,已完成,银行卡,男,18-25,华东,2026-01-31,2026-01,Saturday,4
ORD_000124,USER_0162,PROD_00028,2026-01-31 10:22:52.263733,家居,1060.64,1,1060.64,3.0,已完成,微信支付,女,26-35,华南,2026-01-31,2026-01,Saturday,10
ORD_000125,USER_0033,PROD_00078,2026-01-31 10:54:46.263733,食品,46.89,1,46.89,2.0,已完成,支付宝,女,18-25,华南,2026-01-31,2026-01,Saturday,10
ORD_000126,USER_0048,PROD_00216,2026-01-31 19:17:25.263733,美妆,505.71,2,6233.206249999999,5.0,已完成,支付宝,女,36-45,华东,2026-01-31,2026-01,Saturday,19
ORD_000127,USER_0151,PROD_00154,2026-01-31 21:37:11.263733,图书,138.04,2,276.08,2.0,已完成,货到付款,男,36-45,华东,2026-01-31,2026-01,Saturday,21
ORD_000128,USER_0062,PROD_00014,2026-01-31 23:32:37.263733,电子产品,2739.5112500000005,1,3252.92,4.0,已完成,微信支付,男,46-55,华东,2026-01-31,2026-01,Saturday,23
ORD_000129,USER_0037,PROD_00187,2026-02-01 00:43:14.263733,美妆,367.66,1,367.66,5.0,已完成,微信支付,女,26-35,华东,2026-02-01,2026-02,Sunday,0
ORD_000130,USER_0099,PROD_00007,2026-02-01 03:13:39.263733,电子产品,2739.5112500000005,1,6233.206249999999,4.0,已完成,支付宝,女,46-55,华北,2026-02-01,2026-02,Sunday,3
ORD_000131,USER_0172,PROD_00003,2026-02-01 03:29:15.263733,运动,766.54,3,2299.62,4.0,已完成,微信支付,男,18-25,华东,2026-02-01,2026-02,Sunday,3
ORD_000132,USER_0104,PROD_00111,2026-02-01 05:24:27.263733,运动,991.71,5,4958.55,5.0,已完成,支付宝,女,36-45,华东,2026-02-01,2026-02,Sunday,5
ORD_000133,USER_0035,PROD_00238,2026-02-01 07:29:46.263733,家居,1494.74,1,1494.74,4.0,已完成,微信支付,女,18-25,华东,2026-02-01,2026-02,Sunday,7
ORD_000134,USER_0193,PROD_00239,2026-02-01 08:20:27.263733,美妆,318.2,1,318.2,5.0,已完成,信用卡,男,46-55,西北,2026-02-01,2026-02,Sunday,8
ORD_000135,USER_0101,PROD_00274,2026-02-01 22:21:50.263733,服装,468.11,3,1404.33,5.0,已完成,信用卡,女,26-35,西南,2026-02-01,2026-02,Sunday,22
ORD_000136,USER_0175,PROD_00294,2026-02-01 23:44:20.263733,食品,299.84,4,1199.36,1.0,已完成,微信支付,女,36-45,华东,2026-02-01,2026-02,Sunday,23
ORD_000137,USER_0131,PROD_00227,2026-02-02 00:52:38.263733,运动,1500.0,1,1500.0,5.0,已完成,微信支付,女,36-45,华南,2026-02-02,2026-02,Monday,0
ORD_000138,USER_0001,PROD_00015,2026-02-02 08:20:02.263733,食品,158.13,1,158.13,4.0,已完成,信用卡,男,18-25,华东,2026-02-02,2026-02,Monday,8
ORD_000139,USER_0005,PROD_00192,2026-02-02 08:32:59.263733,服装,377.33,1,377.33,5.0,已完成,微信支付,女,18-25,华南,2026-02-02,2026-02,Monday,8
ORD_000140,USER_0142,PROD_00119,2026-02-02 11:07:21.263733,食品,177.32,2,354.64,4.0,已完成,支付宝,女,46-55,华东,2026-02-02,2026-02,Monday,11
ORD_000141,USER_0103,PROD_00028,2026-02-02 15:55:58.263733,运动,892.34,1,892.34,5.0,已退款,微信支付,男,26-35,华北,2026-02-02,2026-02,Monday,15
ORD_000142,USER_0027,PROD_00202,2026-02-02 16:53:05.263733,服装,800.0,1,800.0,5.0,已完成,支付宝,女,18-25,华南,2026-02-02,2026-02,Monday,16
ORD_000143,USER_0137,PROD_00039,2026-02-02 17:10:48.263733,电子产品,2582.41,2,5164.82,3.0,已完成,微信支付,女,26-35,西南,2026-02-02,2026-02,Monday,17
ORD_000144,USER_0015,PROD_00273,2026-02-02 18:01:59.263733,美妆,456.44,1,456.44,4.0,已完成,微信支付,女,26-35,华东,2026-02-02,2026-02,Monday,18
ORD_000145,USER_0090,PROD_00231,2026-02-02 21:47:58.263733,运动,451.9,3,1355.7,5.0,已完成,微信支付,男,18-25,华中,2026-02-02,2026-02,Monday,21
ORD_000146,USER_0042,PROD_00086,2026-02-03 05:56:07.263733,电子产品,2562.21,1,2562.21,5.0,已完成,支付宝,女,26-35,华中,2026-02-03,2026-02,Tuesday,5
ORD_000147,USER_0124,PROD_00126,2026-02-03 07:11:55.263733,服装,513.05,1,513.05,2.0,已完成,支付宝,女,18-25,华东,2026-02-03,2026-02,Tuesday,7
ORD_000148,USER_0179,PROD_00300,2026-02-03 08:46:26.263733,电子产品,2739.5112500000005,2,6233.206249999999,5.0,已完成,微信支付,男,26-35,华南,2026-02-03,2026-02,Tuesday,8
ORD_000149,USER_0063,PROD_00025,2026-02-03 09:46:36.263733,服装,307.17,1,307.17,4.0,已完成,银行卡,男,46-55,华东,2026-02-03,2026-02,Tuesday,9
ORD_000150,USER_0096,PROD_00145,2026-02-03 13:45:57.263733,食品,228.03,5,1140.15,1.0,已完成,微信支付,女,55+,华东,2026-02-03,2026-02,Tuesday,13
ORD_000151,USER_0052,PROD_00013,2026-02-03 14:22:07.263733,美妆,915.24,2,1830.48,4.0,已完成,支付宝,女,36-45,华东,2026-02-03,2026-02,Tuesday,14
ORD_000152,USER_0096,PROD_00212,2026-02-03 19:14:16.263733,美妆,1000.0,1,1000.0,3.0,已完成,信用卡,男,18-25,华北,2026-02-03,2026-02,Tuesday,19
ORD_000153,USER_0132,PROD_00025,2026-02-03 22:01:57.263733,家居,1051.02,2,2102.04,5.0,已完成,信用卡,女,46-55,华南,2026-02-03,2026-02,Tuesday,22
ORD_000154,USER_0151,PROD_00068,2026-02-03 22:24:18.263733,服装,308.65,1,308.65,4.0,已完成,支付宝,男,26-35,西北,2026-02-03,2026-02,Tuesday,22
ORD_000155,USER_0143,PROD_00067,2026-02-03 23:01:45.263733,运动,478.57,4,1914.28,5.0,已完成,支付宝,女,18-25,华东,2026-02-03,2026-02,Tuesday,23
ORD_000156,USER_0171,PROD_00233,2026-02-04 00:29:49.263733,食品,89.35,1,89.35,1.0,已完成,微信支付,女,46-55,东北,2026-02-04,2026-02,Wednesday,0
ORD_000157,USER_0029,PROD_00109,2026-02-04 05:35:28.263733,母婴,1429.05,2,2858.1,4.0,已退款,银行卡,女,36-45,华东,2026-02-04,2026-02,Wednesday,5
ORD_000158,USER_0036,PROD_00146,2026-02-04 07:08:41.263733,家居,475.85,1,475.85,3.0,已完成,信用卡,男,36-45,华中,2026-02-04,2026-02,Wednesday,7
ORD_000159,USER_0013,PROD_00111,2026-02-04 07:51:27.263733,电子产品,2739.5112500000005,1,6233.206249999999,3.0,已完成,银行卡,女,36-45,华南,2026-02-04,2026-02,Wednesday,7
ORD_000160,USER_0160,PROD_00228,2026-02-04 09:06:05.263733,美妆,340.08,3,1020.24,2.0,已完成,微信支付,男,18-25,华东,2026-02-04,2026-02,Wednesday,9
ORD_000161,USER_0071,PROD_00111,2026-02-04 13:15:21.263733,服装,301.72,3,905.16,3.0,已完成,微信支付,男,18-25,西南,2026-02-04,2026-02,Wednesday,13
ORD_000162,USER_0187,PROD_00034,2026-02-04 21:33:21.263733,美妆,486.69,1,486.69,4.0,已完成,支付宝,女,36-45,华南,2026-02-04,2026-02,Wednesday,21
ORD_000163,USER_0086,PROD_00111,2026-02-05 03:30:25.263733,电子产品,2739.5112500000005,1,2989.46,4.0,已完成,支付宝,女,26-35,华北,2026-02-05,2026-02,Thursday,3
ORD_000164,USER_0028,PROD_00264,2026-02-05 06:00:10.263733,电子产品,2739.5112500000005,3,6233.206249999999,4.0,已完成,微信支付,男,26-35,华北,2026-02-05,2026-02,Thursday,6
ORD_000165,USER_0066,PROD_00236,2026-02-05 09:39:31.263733,运动,1500.0,4,6000.0,4.0,已完成,微信支付,女,36-45,华南,2026-02-05,2026-02,Thursday,9
ORD_000166,USER_0170,PROD_00083,2026-02-05 14:08:03.263733,服装,305.94,1,305.94,5.0,已完成,微信支付,女,36-45,华南,2026-02-05,2026-02,Thursday,14
ORD_000167,USER_0045,PROD_00042,2026-02-05 15:26:49.263733,运动,636.46,1,636.46,5.0,已完成,微信支付,男,26-35,华中,2026-02-05,2026-02,Thursday,15
ORD_000168,USER_0062,PROD_00101,2026-02-05 16:15:21.263733,服装,391.67,1,391.67,4.0,已完成,支付宝,女,36-45,华东,2026-02-05,2026-02,Thursday,16
ORD_000169,USER_0185,PROD_00006,2026-02-05 17:08:21.263733,家居,1330.32,3,3990.96,4.0,已完成,微信支付,女,36-45,华北,2026-02-05,2026-02,Thursday,17
ORD_000170,USER_0134,PROD_00180,2026-02-05 19:07:33.263733,美妆,486.22,1,486.22,3.0,已完成,支付宝,女,36-45,西南,2026-02-05,2026-02,Thursday,19
ORD_000171,USER_0028,PROD_00282,2026-02-05 20:28:49.263733,食品,300.0,1,300.0,5.0,已完成,微信支付,女,18-25,华东,2026-02-05,2026-02,Thursday,20
ORD_000172,USER_0028,PROD_00226,2026-02-05 23:50:22.263733,服装,754.01,3,2262.03,2.0,已完成,银行卡,女,26-35,华东,2026-02-05,2026-02,Thursday,23
ORD_000173,USER_0108,PROD_00229,2026-02-06 03:24:25.263733,服装,234.95,1,234.95,4.0,已完成,微信支付,男,26-35,华北,2026-02-06,2026-02,Friday,3
ORD_000174,USER_0044,PROD_00289,2026-02-06 03:44:22.263733,电子产品,2739.5112500000005,1,5514.62,4.0,已完成,货到付款,女,18-25,华南,2026-02-06,2026-02,Friday,3
ORD_000175,USER_0084,PROD_00150,2026-02-06 09:30:18.263733,服装,800.0,1,6233.206249999999,4.0,已完成,支付宝,女,26-35,华南,2026-02-06,2026-02,Friday,9
ORD_000176,USER_0030,PROD_00277,2026-02-06 14:09:10.263733,美妆,409.94,1,409.94,3.0,已完成,微信支付,男,18-25,华东,2026-02-06,2026-02,Friday,14
ORD_000177,USER_0190,PROD_00198,2026-02-06 17:08:21.263733,图书,94.95,1,94.95,5.0,已完成,支付宝,女,26-35,华南,2026-02-06,2026-02,Friday,17
ORD_000178,USER_0075,PROD_00070,2026-02-06 19:25:43.263733,图书,84.48,2,168.96,3.0,已完成,支付宝,女,46-55,华东,2026-02-06,2026-02,Friday,19
ORD_000179,USER_0128,PROD_00112,2026-02-06 20:18:25.263733,美妆,407.43,1,407.43,5.0,已完成,银行卡,女,18-25,华南,2026-02-06,2026-02,Friday,20
ORD_000180,USER_0092,PROD_00004,2026-02-06 23:57:30.263733,运动,343.03,2,6233.206249999999,3.0,已完成,微信支付,男,36-45,华中,2026-02-06,2026-02,Friday,23
ORD_000181,USER_0190,PROD_00095,2026-02-07 00:58:50.263733,美妆,270.22,3,810.66,2.0,已完成,银行卡,男,36-45,华东,2026-02-07,2026-02,Saturday,0
ORD_000182,USER_0129,PROD_00152,2026-02-07 01:45:53.263733,服装,441.79,3,1325.37,5.0,已完成,支付宝,女,18-25,华南,2026-02-07,2026-02,Saturday,1
ORD_000183,USER_0121,PROD_00137,2026-02-07 03:16:49.263733,图书,200.0,1,200.0,3.0,已完成,银行卡,男,46-55,东北,2026-02-07,2026-02,Saturday,3
ORD_000184,USER_0027,PROD_00247,2026-02-07 08:37:28.263733,美妆,386.34,1,386.34,5.0,已完成,支付宝,女,26-35,华北,2026-02-07,2026-02,Saturday,8
ORD_000185,USER_0190,PROD_00243,2026-02-07 11:38:39.263733,家居,736.03,1,736.03,4.0,已完成,银行卡,男,26-35,华中,2026-02-07,2026-02,Saturday,11
ORD_000186,USER_0121,PROD_00031,2026-02-07 11:59:05.263733,电子产品,2739.5112500000005,1,6233.206249999999,2.0,已完成,支付宝,男,36-45,华南,2026-02-07,2026-02,Saturday,11
ORD_000187,USER_0116,PROD_00040,2026-02-07 20:17:31.263733,食品,89.06,1,89.06,5.0,已完成,支付宝,男,26-35,华中,2026-02-07,2026-02,Saturday,20
ORD_000188,USER_0003,PROD_00229,2026-02-08 00:42:01.263733,食品,67.55,2,135.1,3.0,已完成,微信支付,男,36-45,华东,2026-02-08,2026-02,Sunday,0
ORD_000189,USER_0103,PROD_00036,2026-02-08 02:01:29.263733,运动,522.06,1,522.06,5.0,已完成,信用卡,女,18-25,华东,2026-02-08,2026-02,Sunday,2
ORD_000190,USER_0198,PROD_00223,2026-02-08 03:46:29.263733,家居,728.69,1,728.69,3.0,已完成,支付宝,女,36-45,华东,2026-02-08,2026-02,Sunday,3
ORD_000191,USER_0200,PROD_00006,2026-02-08 04:35:05.263733,食品,64.7,1,64.7,5.0,已完成,支付宝,男,26-35,华南,2026-02-08,2026-02,Sunday,4
ORD_000192,USER_0155,PROD_00220,2026-02-08 07:49:28.263733,母婴,717.56,2,1435.12,1.0,已完成,银行卡,男,36-45,华中,2026-02-08,2026-02,Sunday,7
ORD_000193,USER_0137,PROD_00075,2026-02-08 12:07:41.263733,电子产品,2739.5112500000005,1,6233.206249999999,4.0,已完成,支付宝,女,18-25,华南,2026-02-08,2026-02,Sunday,12
ORD_000194,USER_0062,PROD_00004,2026-02-08 15:56:26.263733,食品,81.49,2,162.98,5.0,已完成,支付宝,男,36-45,华北,2026-02-08,2026-02,Sunday,15
ORD_000195,USER_0165,PROD_00134,2026-02-08 17:56:57.263733,电子产品,2739.5112500000005,1,4440.24,5.0,已完成,微信支付,女,36-45,华北,2026-02-08,2026-02,Sunday,17
ORD_000196,USER_0051,PROD_00118,2026-02-08 20:59:29.263733,美妆,639.93,3,1919.79,5.0,已完成,支付宝,女,26-35,华北,2026-02-08,2026-02,Sunday,20
ORD_000197,USER_0172,PROD_00094,2026-02-08 22:45:46.263733,图书,105.51,3,316.53,5.0,已完成,信用卡,女,36-45,华南,2026-02-08,2026-02,Sunday,22
ORD_000198,USER_0152,PROD_00062,2026-02-09 00:12:57.263733,服装,466.35,1,466.35,4.0,已完成,银行卡,女,26-35,华北,2026-02-09,2026-02,Monday,0
ORD_000199,USER_0059,PROD_00194,2026-02-09 00:13:04.263733,运动,871.92,1,871.92,3.0,已完成,微信支付,女,46-55,华南,2026-02-09,2026-02,Monday,0
ORD_000200,USER_0118,PROD_00203,2026-02-09 03:45:05.263733,服装,283.08,1,283.08,4.0,已完成,货到付款,女,26-35,华东,2026-02-09,2026-02,Monday,3
ORD_000201,USER_0160,PROD_00026,2026-02-09 07:01:07.263733,图书,200.0,1,200.0,4.0,已完成,微信支付,男,36-45,东北,2026-02-09,2026-02,Monday,7
ORD_000202,USER_0096,PROD_00173,2026-02-09 08:07:03.263733,美妆,979.73,2,1959.46,4.0,已完成,支付宝,男,36-45,华东,2026-02-09,2026-02,Monday,8
ORD_000203,USER_0180,PROD_00300,2026-02-09 09:56:23.263733,运动,1432.23,3,4296.69,4.0,已完成,支付宝,男,26-35,华东,2026-02-09,2026-02,Monday,9
ORD_000204,USER_0113,PROD_00133,2026-02-09 13:02:39.263733,电子产品,2739.5112500000005,2,6233.206249999999,4.0,已完成,微信支付,女,18-25,西南,2026-02-09,2026-02,Monday,13
ORD_000205,USER_0062,PROD_00118,2026-02-09 19:56:55.263733,母婴,348.06,3,1044.18,3.0,已完成,支付宝,女,26-35,华南,2026-02-09,2026-02,Monday,19
ORD_000206,USER_0186,PROD_00275,2026-02-09 20:35:48.263733,美妆,834.16,1,6233.206249999999,5.0,已完成,信用卡,女,36-45,华北,2026-02-09,2026-02,Monday,20
ORD_000207,USER_0052,PROD_00212,2026-02-09 20:51:55.263733,服装,589.86,1,589.86,3.0,已完成,银行卡,男,18-25,华南,2026-02-09,2026-02,Monday,20
ORD_000208,USER_0012,PROD_00225,2026-02-09 21:08:29.263733,运动,366.42,2,732.84,4.0,已完成,支付宝,女,26-35,华南,2026-02-09,2026-02,Monday,21
ORD_000209,USER_0039,PROD_00020,2026-02-10 00:20:43.263733,服装,381.7,1,381.7,4.0,已完成,微信支付,男,36-45,华东,2026-02-10,2026-02,Tuesday,0
ORD_000210,USER_0130,PROD_00113,2026-02-10 02:08:32.263733,图书,126.33,2,252.66,5.0,已完成,微信支付,男,26-35,华南,2026-02-10,2026-02,Tuesday,2
ORD_000211,USER_0131,PROD_00140,2026-02-10 07:57:47.263733,电子产品,2739.5112500000005,1,6233.206249999999,5.0,已完成,信用卡,男,36-45,华南,2026-02-10,2026-02,Tuesday,7
ORD_000212,USER_0113,PROD_00047,2026-02-10 13:12:39.263733,美妆,754.28,1,754.28,5.0,已完成,银行卡,男,18-25,华北,2026-02-10,2026-02,Tuesday,13
ORD_000213,USER_0101,PROD_00001,2026-02-10 17:17:53.263733,家居,658.76,5,3293.8,3.0,已完成,微信支付,女,18-25,华南,2026-02-10,2026-02,Tuesday,17
ORD_000214,USER_0113,PROD_00090,2026-02-10 17:45:35.263733,电子产品,2739.5112500000005,1,6233.206249999999,4.0,已完成,银行卡,男,36-45,西北,2026-02-10,2026-02,Tuesday,17
ORD_000215,USER_0184,PROD_00142,2026-02-10 19:43:03.263733,服装,434.41,5,2172.05,2.0,已完成,微信支付,女,18-25,华东,2026-02-10,2026-02,Tuesday,19
ORD_000216,USER_0081,PROD_00038,2026-02-10 20:41:26.263733,电子产品,2739.5112500000005,5,6233.206249999999,4.0,已完成,支付宝,女,26-35,华南,2026-02-10,2026-02,Tuesday,20
ORD_000217,USER_0187,PROD_00293,2026-02-10 23:12:12.263733,食品,131.61,3,394.83,4.0,已完成,支付宝,女,46-55,华北,2026-02-10,2026-02,Tuesday,23
ORD_000218,USER_0113,PROD_00139,2026-02-11 00:19:08.263733,服装,188.73,2,377.46,2.0,已完成,支付宝,女,26-35,西南,2026-02-11,2026-02,Wednesday,0
ORD_000219,USER_0002,PROD_00259,2026-02-11 04:24:24.263733,家居,960.79,2,1921.58,4.0,已完成,微信支付,男,55+,华东,2026-02-11,2026-02,Wednesday,4
ORD_000220,USER_0130,PROD_00161,2026-02-11 07:26:44.263733,服装,545.03,3,1635.09,5.0,已完成,支付宝,女,55+,华北,2026-02-11,2026-02,Wednesday,7
ORD_000221,USER_0054,PROD_00178,2026-02-11 11:37:22.263733,服装,350.51,1,350.51,5.0,已完成,支付宝,女,26-35,西南,2026-02-11,2026-02,Wednesday,11
ORD_000222,USER_0087,PROD_00010,2026-02-11 20:08:53.263733,美妆,647.83,1,647.83,4.0,已完成,微信支付,男,18-25,华东,2026-02-11,2026-02,Wednesday,20
ORD_000223,USER_0129,PROD_00261,2026-02-11 21:46:53.263733,电子产品,2739.5112500000005,2,5517.2,2.0,已完成,支付宝,女,36-45,西南,2026-02-11,2026-02,Wednesday,21
ORD_000224,USER_0147,PROD_00138,2026-02-11 21:56:06.263733,图书,102.52,1,102.52,3.0,已完成,微信支付,男,26-35,华东,2026-02-11,2026-02,Wednesday,21
ORD_000225,USER_0126,PROD_00172,2026-02-12 02:32:02.263733,运动,925.47,1,925.47,4.0,已完成,微信支付,男,18-25,华中,2026-02-12,2026-02,Thursday,2
ORD_000226,USER_0130,PROD_00013,2026-02-12 03:59:25.263733,美妆,577.22,1,577.22,5.0,已完成,信用卡,女,36-45,西北,2026-02-12,2026-02,Thursday,3
ORD_000227,USER_0053,PROD_00168,2026-02-12 04:57:19.263733,家居,454.82,2,909.64,3.0,已完成,微信支付,女,18-25,华北,2026-02-12,2026-02,Thursday,4
ORD_000228,USER_0172,PROD_00130,2026-02-12 05:21:47.263733,图书,88.32,3,264.96,5.0,已完成,支付宝,男,46-55,华南,2026-02-12,2026-02,Thursday,5
ORD_000229,USER_0160,PROD_00084,2026-02-12 07:18:34.263733,电子产品,2739.5112500000005,1,6233.206249999999,3.0,已完成,微信支付,女,18-25,华东,2026-02-12,2026-02,Thursday,7
ORD_000230,USER_0198,PROD_00101,2026-02-12 07:25:38.263733,电子产品,2739.5112500000005,4,6233.206249999999,5.0,已完成,银行卡,女,18-25,西南,2026-02-12,2026-02,Thursday,7
ORD_000231,USER_0160,PROD_00273,2026-02-12 08:42:12.263733,服装,428.37,2,856.74,4.0,已完成,货到付款,女,18-25,华南,2026-02-12,2026-02,Thursday,8
ORD_000232,USER_0068,PROD_00265,2026-02-12 13:04:13.263733,运动,756.46,3,2269.38,5.0,已完成,微信支付,男,46-55,华东,2026-02-12,2026-02,Thursday,13
ORD_000233,USER_0183,PROD_00038,2026-02-13 00:38:47.263733,电子产品,2739.5112500000005,2,6233.206249999999,4.0,已完成,支付宝,女,36-45,华北,2026-02-13,2026-02,Friday,0
ORD_000234,USER_0184,PROD_00094,2026-02-13 06:26:52.263733,家居,1934.93,3,5804.79,5.0,已完成,信用卡,男,36-45,华南,2026-02-13,2026-02,Friday,6
ORD_000235,USER_0123,PROD_00095,2026-02-13 08:40:52.263733,母婴,1145.55,1,1145.55,3.0,已完成,支付宝,女,26-35,华东,2026-02-13,2026-02,Friday,8
ORD_000236,USER_0145,PROD_00069,2026-02-13 21:06:49.263733,运动,485.61,3,1456.83,3.0,已完成,微信支付,男,26-35,华东,2026-02-13,2026-02,Friday,21
ORD_000237,USER_0038,PROD_00236,2026-02-13 23:37:05.263733,食品,185.49,1,185.49,5.0,已完成,微信支付,男,18-25,华东,2026-02-13,2026-02,Friday,23
ORD_000238,USER_0024,PROD_00137,2026-02-14 05:16:59.263733,电子产品,2739.5112500000005,3,6233.206249999999,5.0,已完成,支付宝,女,26-35,华北,2026-02-14,2026-02,Saturday,5
ORD_000239,USER_0069,PROD_00076,2026-02-14 07:38:21.263733,运动,557.09,5,2785.45,5.0,已完成,支付宝,男,26-35,华北,2026-02-14,2026-02,Saturday,7
ORD_000240,USER_0116,PROD_00035,2026-02-14 09:49:37.263733,家居,656.8,1,656.8,5.0,已完成,支付宝,男,36-45,华南,2026-02-14,2026-02,Saturday,9
ORD_000241,USER_0098,PROD_00001,2026-02-14 12:22:11.263733,电子产品,2739.5112500000005,1,6233.206249999999,5.0,已完成,微信支付,男,26-35,华中,2026-02-14,2026-02,Saturday,12
ORD_000242,USER_0198,PROD_00296,2026-02-14 21:52:47.263733,电子产品,2739.5112500000005,3,6233.206249999999,2.0,已完成,信用卡,女,46-55,西南,2026-02-14,2026-02,Saturday,21
ORD_000243,USER_0139,PROD_00060,2026-02-14 22:11:48.263733,图书,200.0,1,200.0,4.0,已完成,支付宝,男,18-25,华北,2026-02-14,2026-02,Saturday,22
ORD_000244,USER_0144,PROD_00267,2026-02-15 01:13:45.263733,美妆,864.32,3,2592.96,4.0,已完成,银行卡,女,46-55,华东,2026-02-15,2026-02,Sunday,1
ORD_000245,USER_0097,PROD_00229,2026-02-15 03:03:18.263733,运动,968.72,1,968.72,5.0,已完成,支付宝,男,18-25,华北,2026-02-15,2026-02,Sunday,3
ORD_000246,USER_0124,PROD_00270,2026-02-15 03:13:39.263733,图书,137.93,1,137.93,4.0,已完成,微信支付,男,26-35,华南,2026-02-15,2026-02,Sunday,3
ORD_000247,USER_0187,PROD_00286,2026-02-15 04:37:49.263733,家居,503.93,5,2519.65,3.0,已完成,支付宝,男,26-35,华北,2026-02-15,2026-02,Sunday,4
ORD_000248,USER_0070,PROD_00291,2026-02-15 06:52:07.263733,食品,171.88,2,343.76,4.0,已完成,信用卡,女,26-35,华北,2026-02-15,2026-02,Sunday,6
ORD_000249,USER_0093,PROD_00213,2026-02-15 08:15:04.263733,食品,300.0,3,900.0,5.0,已完成,银行卡,男,26-35,华南,2026-02-15,2026-02,Sunday,8
ORD_000250,USER_0003,PROD_00165,2026-02-15 13:30:15.263733,服装,597.5,1,597.5,4.0,已完成,微信支付,男,26-35,西南,2026-02-15,2026-02,Sunday,13
ORD_000251,USER_0148,PROD_00005,2026-02-15 15:32:49.263733,食品,167.43,2,334.86,3.0,已完成,银行卡,女,26-35,华东,2026-02-15,2026-02,Sunday,15
ORD_000252,USER_0187,PROD_00078,2026-02-15 16:38:43.263733,运动,1500.0,2,3000.0,3.0,已完成,微信支付,女,36-45,华北,2026-02-15,2026-02,Sunday,16
ORD_000253,USER_0164,PROD_00062,2026-02-16 00:24:05.263733,家居,925.31,2,1850.62,3.0,已完成,信用卡,男,36-45,华东,2026-02-16,2026-02,Monday,0
ORD_000254,USER_0147,PROD_00132,2026-02-16 02:01:10.263733,图书,80.7,2,161.4,4.0,已完成,微信支付,男,36-45,西南,2026-02-16,2026-02,Monday,2
ORD_000255,USER_0090,PROD_00089,2026-02-16 17:36:18.263733,食品,167.39,2,334.78,5.0,已完成,信用卡,女,26-35,华东,2026-02-16,2026-02,Monday,17
ORD_000256,USER_0195,PROD_00237,2026-02-16 19:41:00.263733,家居,1489.03,1,1489.03,5.0,已完成,微信支付,男,36-45,华东,2026-02-16,2026-02,Monday,19
ORD_000257,USER_0147,PROD_00042,2026-02-16 20:13:40.263733,家居,429.98,1,429.98,5.0,已完成,支付宝,男,26-35,华南,2026-02-16,2026-02,Monday,20
ORD_000258,USER_0148,PROD_00089,2026-02-16 20:25:21.263733,家居,1170.37,3,3511.11,4.0,已完成,微信支付,女,26-35,华南,2026-02-16,2026-02,Monday,20
ORD_000259,USER_0096,PROD_00296,2026-02-16 21:31:58.263733,美妆,787.27,1,787.27,5.0,已完成,支付宝,女,26-35,华东,2026-02-16,2026-02,Monday,21
ORD_000260,USER_0199,PROD_00295,2026-02-17 00:16:44.263733,服装,371.4,2,742.8,3.0,已完成,微信支付,女,26-35,华北,2026-02-17,2026-02,Tuesday,0
ORD_000261,USER_0052,PROD_00104,2026-02-17 01:17:41.263733,食品,269.59,1,269.59,4.0,已完成,微信支付,男,18-25,华南,2026-02-17,2026-02,Tuesday,1
ORD_000262,USER_0161,PROD_00014,2026-02-17 01:30:50.263733,电子产品,2739.5112500000005,2,6233.206249999999,5.0,已完成,微信支付,男,18-25,华东,2026-02-17,2026-02,Tuesday,1
ORD_000263,USER_0168,PROD_00288,2026-02-17 04:01:07.263733,食品,300.0,2,600.0,3.0,已完成,支付宝,女,18-25,华南,2026-02-17,2026-02,Tuesday,4
ORD_000264,USER_0128,PROD_00179,2026-02-17 14:24:23.263733,食品,106.5,1,106.5,3.0,已完成,支付宝,男,36-45,华中,2026-02-17,2026-02,Tuesday,14
ORD_000265,USER_0039,PROD_00125,2026-02-17 17:04:38.263733,美妆,795.33,1,6233.206249999999,5.0,已完成,微信支付,女,36-45,华北,2026-02-17,2026-02,Tuesday,17
ORD_000266,USER_0082,PROD_00023,2026-02-17 17:40:00.263733,母婴,459.99,1,459.99,4.0,已完成,信用卡,女,46-55,华北,2026-02-17,2026-02,Tuesday,17
ORD_000267,USER_0104,PROD_00063,2026-02-17 22:49:02.263733,家居,452.58,2,905.16,5.0,已完成,支付宝,男,36-45,华北,2026-02-17,2026-02,Tuesday,22
ORD_000268,USER_0129,PROD_00143,2026-02-17 23:02:57.263733,美妆,189.74,3,569.22,1.0,已完成,微信支付,女,18-25,华南,2026-02-17,2026-02,Tuesday,23
ORD_000269,USER_0011,PROD_00153,2026-02-18 01:46:49.263733,食品,202.87,1,202.87,5.0,已完成,微信支付,女,46-55,华东,2026-02-18,2026-02,Wednesday,1
ORD_000270,USER_0185,PROD_00145,2026-02-18 04:20:05.263733,家居,1112.95,2,2225.9,4.0,已完成,微信支付,女,46-55,华东,2026-02-18,2026-02,Wednesday,4
ORD_000271,USER_0178,PROD_00225,2026-02-18 08:13:04.263733,电子产品,2739.5112500000005,1,3344.76,2.0,已完成,支付宝,男,26-35,华中,2026-02-18,2026-02,Wednesday,8
ORD_000272,USER_0151,PROD_00104,2026-02-18 18:20:31.263733,服装,175.1,1,175.1,5.0,已完成,微信支付,男,26-35,东北,2026-02-18,2026-02,Wednesday,18
ORD_000273,USER_0159,PROD_00104,2026-02-18 18:41:52.263733,服装,300.94,4,1203.76,3.0,已完成,支付宝,女,55+,华南,2026-02-18,2026-02,Wednesday,18
ORD_000274,USER_0042,PROD_00039,2026-02-18 21:52:37.263733,食品,155.32,1,155.32,4.0,已完成,信用卡,男,26-35,华东,2026-02-18,2026-02,Wednesday,21
ORD_000275,USER_0099,PROD_00198,2026-02-19 02:28:53.263733,电子产品,2739.5112500000005,1,6233.206249999999,2.0,已完成,支付宝,女,46-55,华东,2026-02-19,2026-02,Thursday,2
ORD_000276,USER_0007,PROD_00134,2026-02-19 04:28:36.263733,电子产品,2739.5112500000005,1,4215.01,3.0,已完成,支付宝,男,18-25,华南,2026-02-19,2026-02,Thursday,4
ORD_000277,USER_0144,PROD_00067,2026-02-19 06:37:39.263733,服装,482.08,1,482.08,4.0,已完成,支付宝,女,18-25,华北,2026-02-19,2026-02,Thursday,6
ORD_000278,USER_0090,PROD_00179,2026-02-19 10:08:43.263733,母婴,633.85,1,633.85,2.0,已退款,支付宝,男,26-35,华东,2026-02-19,2026-02,Thursday,10
ORD_000279,USER_0112,PROD_00042,2026-02-19 10:30:45.263733,服装,800.0,1,800.0,5.0,已完成,银行卡,女,26-35,西北,2026-02-19,2026-02,Thursday,10
ORD_000280,USER_0060,PROD_00015,2026-02-19 13:54:52.263733,食品,93.16,2,186.32,1.0,已完成,支付宝,男,36-45,华南,2026-02-19,2026-02,Thursday,13
ORD_000281,USER_0113,PROD_00111,2026-02-19 14:45:11.263733,电子产品,2739.5112500000005,1,2996.07,4.0,已完成,支付宝,男,55+,西南,2026-02-19,2026-02,Thursday,14
ORD_000282,USER_0002,PROD_00157,2026-02-19 14:59:14.263733,家居,793.51,2,1587.02,3.0,已完成,微信支付,男,26-35,华中,2026-02-19,2026-02,Thursday,14
ORD_000283,USER_0129,PROD_00289,2026-02-19 23:03:59.263733,服装,557.49,1,557.49,4.0,已完成,支付宝,女,18-25,华中,2026-02-19,2026-02,Thursday,23
ORD_000284,USER_0048,PROD_00231,2026-02-20 01:01:01.263733,服装,252.82,1,252.82,5.0,已完成,支付宝,男,36-45,华北,2026-02-20,2026-02,Friday,1
ORD_000285,USER_0140,PROD_00157,2026-02-20 05:33:03.263733,食品,165.88,2,331.76,3.0,已完成,银行卡,女,36-45,华北,2026-02-20,2026-02,Friday,5
ORD_000286,USER_0197,PROD_00038,2026-02-20 14:40:45.263733,电子产品,2739.5112500000005,4,6233.206249999999,5.0,已完成,银行卡,女,18-25,华北,2026-02-20,2026-02,Friday,14
ORD_000287,USER_0037,PROD_00097,2026-02-20 16:59:48.263733,电子产品,2739.5112500000005,1,3003.39,3.0,已完成,信用卡,男,26-35,华北,2026-02-20,2026-02,Friday,16
ORD_000288,USER_0160,PROD_00289,2026-02-20 17:28:57.263733,服装,501.24,3,1503.72,5.0,已完成,银行卡,女,36-45,华北,2026-02-20,2026-02,Friday,17
ORD_000289,USER_0009,PROD_00254,2026-02-20 17:52:28.263733,电子产品,2567.7,2,5135.4,4.0,已完成,微信支付,男,36-45,东北,2026-02-20,2026-02,Friday,17
ORD_000290,USER_0099,PROD_00196,2026-02-20 18:40:15.263733,电子产品,2431.19,2,4862.38,5.0,已完成,支付宝,女,26-35,华中,2026-02-20,2026-02,Friday,18
ORD_000291,USER_0147,PROD_00086,2026-02-20 19:08:21.263733,服装,446.7,2,893.4,4.0,已完成,银行卡,女,26-35,华中,2026-02-20,2026-02,Friday,19
ORD_000292,USER_0048,PROD_00010,2026-02-21 00:33:58.263733,运动,344.52,1,344.52,4.0,已完成,银行卡,男,55+,西南,2026-02-21,2026-02,Saturday,0
ORD_000293,USER_0131,PROD_00005,2026-02-21 03:00:11.263733,家居,347.32,1,6233.206249999999,3.0,已完成,银行卡,男,36-45,华东,2026-02-21,2026-02,Saturday,3
ORD_000294,USER_0148,PROD_00123,2026-02-21 05:20:46.263733,食品,202.32,2,404.64,3.0,已完成,微信支付,男,26-35,华东,2026-02-21,2026-02,Saturday,5
ORD_000295,USER_0152,PROD_00118,2026-02-21 11:02:28.263733,服装,718.08,1,718.08,5.0,已完成,支付宝,女,26-35,华南,2026-02-21,2026-02,Saturday,11
ORD_000296,USER_0054,PROD_00294,2026-02-21 19:27:35.263733,图书,87.1,4,348.4,4.0,已完成,银行卡,男,36-45,华南,2026-02-21,2026-02,Saturday,19
ORD_000297,USER_0120,PROD_00159,2026-02-21 20:20:42.263733,食品,110.98,1,110.98,4.0,已完成,微信支付,女,18-25,华中,2026-02-21,2026-02,Saturday,20
ORD_000298,USER_0161,PROD_00228,2026-02-21 21:16:07.263733,电子产品,2739.5112500000005,1,6233.206249999999,5.0,已完成,货到付款,男,18-25,华南,2026-02-21,2026-02,Saturday,21
ORD_000299,USER_0152,PROD_00216,2026-02-22 00:06:43.263733,家居,572.42,2,1144.84,4.0,已完成,支付宝,女,26-35,华北,2026-02-22,2026-02,Sunday,0
ORD_000300,USER_0116,PROD_00184,2026-02-22 04:12:06.263733,电子产品,2149.49,1,2149.49,5.0,已完成,支付宝,男,26-35,华南,2026-02-22,2026-02,Sunday,4
ORD_000301,USER_0075,PROD_00015,2026-02-22 14:24:28.263733,服装,605.41,2,1210.82,5.0,已完成,支付宝,女,36-45,华东,2026-02-22,2026-02,Sunday,14
ORD_000302,USER_0113,PROD_00157,2026-02-22 19:28:46.263733,食品,155.7,2,311.4,4.0,已完成,银行卡,女,18-25,华北,2026-02-22,2026-02,Sunday,19
ORD_000303,USER_0200,PROD_00136,2026-02-22 19:51:31.263733,图书,187.34,4,749.36,5.0,已完成,支付宝,女,36-45,华中,2026-02-22,2026-02,Sunday,19
ORD_000304,USER_0164,PROD_00261,2026-02-22 20:49:04.263733,食品,53.16,3,159.48,2.0,已完成,支付宝,男,26-35,华东,2026-02-22,2026-02,Sunday,20
ORD_000305,USER_0166,PROD_00157,2026-02-22 22:54:30.263733,美妆,260.62,2,521.24,4.0,已完成,货到付款,男,18-25,华北,2026-02-22,2026-02,Sunday,22
ORD_000306,USER_0104,PROD_00047,2026-02-23 01:52:10.263733,母婴,770.5,2,1541.0,4.0,已完成,支付宝,男,18-25,华北,2026-02-23,2026-02,Monday,1
ORD_000307,USER_0084,PROD_00173,2026-02-23 03:11:28.263733,电子产品,2739.5112500000005,4,6233.206249999999,3.0,已完成,银行卡,女,46-55,华东,2026-02-23,2026-02,Monday,3
ORD_000308,USER_0112,PROD_00130,2026-02-23 06:51:19.263733,服装,649.1,1,649.1,5.0,已完成,支付宝,男,46-55,华东,2026-02-23,2026-02,Monday,6
ORD_000309,USER_0099,PROD_00095,2026-02-23 08:28:36.263733,食品,169.16,1,169.16,5.0,已完成,银行卡,女,18-25,东北,2026-02-23,2026-02,Monday,8
ORD_000310,USER_0153,PROD_00115,2026-02-23 08:36:09.263733,食品,168.3,1,168.3,4.0,已完成,微信支付,男,36-45,华南,2026-02-23,2026-02,Monday,8
ORD_000311,USER_0093,PROD_00243,2026-02-23 09:55:35.263733,食品,127.58,1,127.58,4.0,已完成,信用卡,女,36-45,华东,2026-02-23,2026-02,Monday,9
ORD_000312,USER_0146,PROD_00292,2026-02-23 12:14:04.263733,图书,200.0,2,400.0,5.0,已完成,信用卡,女,55+,华东,2026-02-23,2026-02,Monday,12
ORD_000313,USER_0128,PROD_00282,2026-02-23 12:34:46.263733,美妆,302.44,2,604.88,4.0,已完成,支付宝,女,26-35,华北,2026-02-23,2026-02,Monday,12
ORD_000314,USER_0110,PROD_00299,2026-02-23 13:38:41.263733,家居,1214.58,2,2429.16,4.0,已完成,支付宝,男,26-35,华北,2026-02-23,2026-02,Monday,13
ORD_000315,USER_0082,PROD_00283,2026-02-23 18:21:00.263733,服装,259.35,1,259.35,4.0,已完成,支付宝,男,18-25,华北,2026-02-23,2026-02,Monday,18
ORD_000316,USER_0194,PROD_00069,2026-02-23 21:33:34.263733,运动,1032.17,2,2064.34,5.0,已完成,微信支付,男,26-35,华东,2026-02-23,2026-02,Monday,21
ORD_000317,USER_0054,PROD_00148,2026-02-24 00:03:56.263733,母婴,455.49,1,455.49,4.0,已完成,银行卡,男,46-55,西南,2026-02-24,2026-02,Tuesday,0
ORD_000318,USER_0163,PROD_00011,2026-02-24 00:27:03.263733,运动,1145.89,2,2291.78,5.0,已完成,微信支付,女,26-35,华南,2026-02-24,2026-02,Tuesday,0
ORD_000319,USER_0189,PROD_00254,2026-02-24 06:02:37.263733,电子产品,2739.5112500000005,2,6233.206249999999,5.0,已完成,微信支付,女,26-35,华南,2026-02-24,2026-02,Tuesday,6
ORD_000320,USER_0169,PROD_00038,2026-02-24 11:17:02.263733,家居,2000.0,1,2000.0,4.0,已完成,支付宝,女,18-25,华南,2026-02-24,2026-02,Tuesday,11
ORD_000321,USER_0161,PROD_00134,2026-02-24 12:31:01.263733,电子产品,2739.5112500000005,1,3692.89,4.0,已完成,银行卡,男,36-45,华南,2026-02-24,2026-02,Tuesday,12
ORD_000322,USER_0068,PROD_00200,2026-02-24 14:56:38.263733,服装,525.62,1,525.62,5.0,已完成,信用卡,女,36-45,西南,2026-02-24,2026-02,Tuesday,14
ORD_000323,USER_0033,PROD_00023,2026-02-24 18:23:08.263733,电子产品,2739.5112500000005,3,6233.206249999999,4.0,已退款,支付宝,女,26-35,西南,2026-02-24,2026-02,Tuesday,18
ORD_000324,USER_0142,PROD_00218,2026-02-24 20:23:18.263733,家居,878.92,4,3515.68,5.0,已完成,微信支付,女,46-55,华南,2026-02-24,2026-02,Tuesday,20
ORD_000325,USER_0021,PROD_00141,2026-02-24 21:38:33.263733,美妆,553.51,2,1107.02,5.0,已完成,支付宝,男,18-25,西南,2026-02-24,2026-02,Tuesday,21
ORD_000326,USER_0048,PROD_00104,2026-02-25 02:00:54.263733,电子产品,1980.42,1,1980.42,5.0,已完成,微信支付,女,26-35,华中,2026-02-25,2026-02,Wednesday,2
ORD_000327,USER_0148,PROD_00210,2026-02-25 09:44:00.263733,食品,76.3,1,76.3,5.0,已完成,微信支付,女,46-55,西北,2026-02-25,2026-02,Wednesday,9
ORD_000328,USER_0128,PROD_00111,2026-02-25 13:01:05.263733,食品,209.21,2,418.42,5.0,已退款,支付宝,女,26-35,华东,2026-02-25,2026-02,Wednesday,13
ORD_000329,USER_0136,PROD_00104,2026-02-25 14:02:22.263733,服装,395.06,3,1185.18,5.0,已完成,微信支付,女,26-35,华北,2026-02-25,2026-02,Wednesday,14
ORD_000330,USER_0135,PROD_00171,2026-02-25 18:23:49.263733,电子产品,2739.5112500000005,1,3159.63,4.0,已完成,支付宝,男,26-35,华东,2026-02-25,2026-02,Wednesday,18
ORD_000331,USER_0195,PROD_00133,2026-02-25 22:11:17.263733,食品,107.23,1,107.23,2.0,已完成,微信支付,男,36-45,华中,2026-02-25,2026-02,Wednesday,22
ORD_000332,USER_0145,PROD_00293,2026-02-25 23:27:45.263733,美妆,370.24,2,740.48,4.0,已完成,微信支付,女,18-25,华东,2026-02-25,2026-02,Wednesday,23
ORD_000333,USER_0128,PROD_00127,2026-02-25 23:40:26.263733,电子产品,2739.5112500000005,1,4496.03,5.0,已完成,支付宝,女,46-55,华北,2026-02-25,2026-02,Wednesday,23
ORD_000334,USER_0033,PROD_00106,2026-02-26 04:02:01.263733,电子产品,2739.5112500000005,1,5309.18,4.0,已完成,银行卡,男,36-45,华南,2026-02-26,2026-02,Thursday,4
ORD_000335,USER_0176,PROD_00092,2026-02-26 07:10:52.263733,服装,149.31,1,149.31,5.0,已完成,微信支付,女,18-25,华南,2026-02-26,2026-02,Thursday,7
ORD_000336,USER_0187,PROD_00287,2026-02-26 08:34:59.263733,图书,200.0,2,400.0,4.0,已完成,支付宝,女,36-45,华北,2026-02-26,2026-02,Thursday,8
ORD_000337,USER_0115,PROD_00051,2026-02-26 09:50:22.263733,美妆,1000.0,3,3000.0,5.0,已完成,支付宝,女,26-35,西南,2026-02-26,2026-02,Thursday,9
ORD_000338,USER_0119,PROD_00029,2026-02-26 12:24:30.263733,美妆,163.71,4,654.84,3.0,已完成,银行卡,男,26-35,华北,2026-02-26,2026-02,Thursday,12
ORD_000339,USER_0022,PROD_00296,2026-02-26 12:57:56.263733,服装,731.47,2,1462.94,5.0,已完成,信用卡,女,36-45,西南,2026-02-26,2026-02,Thursday,12
ORD_000340,USER_0158,PROD_00297,2026-02-26 13:19:04.263733,家居,1720.3,2,3440.6,4.0,已完成,支付宝,女,46-55,华东,2026-02-26,2026-02,Thursday,13
ORD_000341,USER_0038,PROD_00214,2026-02-26 16:36:15.263733,电子产品,2739.5112500000005,1,4250.95,3.0,已完成,支付宝,女,18-25,华南,2026-02-26,2026-02,Thursday,16
ORD_000342,USER_0109,PROD_00267,2026-02-26 19:58:56.263733,家居,530.63,2,1061.26,4.0,已完成,支付宝,女,26-35,华南,2026-02-26,2026-02,Thursday,19
ORD_000343,USER_0051,PROD_00257,2026-02-26 22:43:12.263733,图书,182.75,1,182.75,5.0,已完成,微信支付,女,26-35,华东,2026-02-26,2026-02,Thursday,22
ORD_000344,USER_0182,PROD_00101,2026-02-27 00:20:42.263733,家居,899.67,2,1799.34,4.0,已完成,支付宝,女,26-35,华北,2026-02-27,2026-02,Friday,0
ORD_000345,USER_0008,PROD_00110,2026-02-27 02:31:54.263733,图书,144.74,1,144.74,3.0,已完成,支付宝,男,26-35,华北,2026-02-27,2026-02,Friday,2
ORD_000346,USER_0027,PROD_00182,2026-02-27 04:14:14.263733,美妆,1000.0,1,1000.0,5.0,已完成,微信支付,女,18-25,华北,2026-02-27,2026-02,Friday,4
ORD_000347,USER_0027,PROD_00001,2026-02-27 04:28:03.263733,电子产品,2739.5112500000005,1,4820.31,5.0,已完成,微信支付,女,36-45,华中,2026-02-27,2026-02,Friday,4
ORD_000348,USER_0021,PROD_00055,2026-02-27 05:57:08.263733,图书,69.55,1,6233.206249999999,5.0,已完成,支付宝,男,26-35,华北,2026-02-27,2026-02,Friday,5
ORD_000349,USER_0030,PROD_00149,2026-02-27 13:37:22.263733,电子产品,2739.5112500000005,1,3593.24,4.0,已完成,微信支付,女,18-25,华东,2026-02-27,2026-02,Friday,13
ORD_000350,USER_0097,PROD_00137,2026-02-27 16:58:54.263733,家居,683.97,1,683.97,4.0,已完成,微信支付,女,36-45,华东,2026-02-27,2026-02,Friday,16
ORD_000351,USER_0028,PROD_00202,2026-02-27 21:04:47.263733,电子产品,2739.5112500000005,5,6233.206249999999,5.0,已完成,支付宝,女,36-45,华北,2026-02-27,2026-02,Friday,21
ORD_000352,USER_0111,PROD_00117,2026-02-28 00:07:17.263733,电子产品,2739.5112500000005,1,2840.23,4.0,已完成,支付宝,男,26-35,华东,2026-02-28,2026-02,Saturday,0
ORD_000353,USER_0192,PROD_00154,2026-02-28 00:18:02.263733,食品,122.36,2,244.72,5.0,已完成,银行卡,女,26-35,华东,2026-02-28,2026-02,Saturday,0
ORD_000354,USER_0197,PROD_00291,2026-02-28 02:33:38.263733,服装,223.6,3,670.8,4.0,已完成,支付宝,男,36-45,华南,2026-02-28,2026-02,Saturday,2
ORD_000355,USER_0061,PROD_00063,2026-02-28 02:39:26.263733,食品,145.09,5,725.45,4.0,已完成,微信支付,男,26-35,华北,2026-02-28,2026-02,Saturday,2
ORD_000356,USER_0048,PROD_00244,2026-02-28 03:55:25.263733,家居,1108.79,2,2217.58,3.0,已完成,信用卡,女,18-25,华南,2026-02-28,2026-02,Saturday,3
ORD_000357,USER_0147,PROD_00025,2026-02-28 06:07:06.263733,电子产品,1110.18,3,3330.54,3.0,已完成,支付宝,男,36-45,华北,2026-02-28,2026-02,Saturday,6
ORD_000358,USER_0004,PROD_00090,2026-02-28 06:56:26.263733,电子产品,2739.5112500000005,1,4838.99,1.0,已完成,支付宝,女,18-25,华北,2026-02-28,2026-02,Saturday,6
ORD_000359,USER_0035,PROD_00075,2026-02-28 07:52:20.263733,家居,992.07,1,992.07,2.0,已完成,微信支付,男,18-25,华南,2026-02-28,2026-02,Saturday,7
ORD_000360,USER_0192,PROD_00294,2026-02-28 08:07:47.263733,服装,289.92,1,289.92,5.0,已完成,银行卡,男,18-25,华中,2026-02-28,2026-02,Saturday,8
ORD_000361,USER_0049,PROD_00210,2026-02-28 11:18:28.263733,美妆,1000.0,2,2000.0,3.0,已完成,信用卡,男,18-25,华北,2026-02-28,2026-02,Saturday,11
ORD_000362,USER_0017,PROD_00017,2026-02-28 12:34:39.263733,美妆,847.79,2,1695.58,5.0,已完成,微信支付,女,18-25,华北,2026-02-28,2026-02,Saturday,12
ORD_000363,USER_0172,PROD_00128,2026-02-28 13:21:38.263733,运动,456.61,1,456.61,5.0,已完成,支付宝,女,55+,华北,2026-02-28,2026-02,Saturday,13
ORD_000364,USER_0158,PROD_00251,2026-02-28 14:23:52.263733,美妆,798.33,1,798.33,4.0,已完成,微信支付,女,26-35,华东,2026-02-28,2026-02,Saturday,14
ORD_000365,USER_0046,PROD_00179,2026-02-28 20:48:22.263733,食品,288.78,2,577.56,3.0,已完成,微信支付,男,18-25,华北,2026-02-28,2026-02,Saturday,20
ORD_000366,USER_0117,PROD_00182,2026-02-28 23:31:39.263733,美妆,560.82,1,560.82,5.0,已完成,微信支付,男,18-25,华南,2026-02-28,2026-02,Saturday,23
ORD_000367,USER_0006,PROD_00152,2026-03-01 00:17:29.263733,服装,509.18,2,1018.36,5.0,已完成,支付宝,女,46-55,西北,2026-03-01,2026-03,Sunday,0
ORD_000368,USER_0099,PROD_00025,2026-03-01 01:53:16.263733,服装,503.34,2,1006.68,5.0,已退款,支付宝,男,26-35,华中,2026-03-01,2026-03,Sunday,1
ORD_000369,USER_0124,PROD_00180,2026-03-01 03:54:49.263733,运动,278.42,2,556.84,5.0,已完成,银行卡,男,26-35,华北,2026-03-01,2026-03,Sunday,3
ORD_000370,USER_0037,PROD_00198,2026-03-01 04:05:11.263733,食品,141.17,3,423.51,5.0,已完成,微信支付,女,46-55,华东,2026-03-01,2026-03,Sunday,4
ORD_000371,USER_0024,PROD_00161,2026-03-01 06:23:17.263733,运动,701.05,3,2103.15,4.0,已完成,支付宝,男,26-35,华东,2026-03-01,2026-03,Sunday,6
ORD_000372,USER_0093,PROD_00177,2026-03-01 08:16:10.263733,运动,1500.0,1,1500.0,4.0,已完成,支付宝,女,26-35,华南,2026-03-01,2026-03,Sunday,8
ORD_000373,USER_0046,PROD_00285,2026-03-01 11:57:59.263733,运动,933.46,2,1866.92,5.0,已完成,银行卡,女,18-25,华南,2026-03-01,2026-03,Sunday,11
ORD_000374,USER_0181,PROD_00063,2026-03-02 05:15:21.263733,图书,94.79,2,189.58,2.0,已完成,微信支付,男,26-35,华东,2026-03-02,2026-03,Monday,5
ORD_000375,USER_0095,PROD_00150,2026-03-02 08:19:30.263733,食品,148.17,1,148.17,1.0,已完成,支付宝,男,26-35,华南,2026-03-02,2026-03,Monday,8
ORD_000376,USER_0099,PROD_00154,2026-03-02 11:19:17.263733,服装,708.95,1,708.95,3.0,已完成,支付宝,男,36-45,华东,2026-03-02,2026-03,Monday,11
ORD_000377,USER_0188,PROD_00156,2026-03-02 18:09:19.263733,家居,925.52,1,925.52,4.0,已完成,支付宝,女,26-35,东北,2026-03-02,2026-03,Monday,18
ORD_000378,USER_0116,PROD_00049,2026-03-02 19:47:25.263733,服装,299.76,1,299.76,5.0,已完成,信用卡,女,26-35,华东,2026-03-02,2026-03,Monday,19
ORD_000379,USER_0191,PROD_00084,2026-03-02 21:01:03.263733,家居,884.3,2,1768.6,4.0,已完成,微信支付,男,18-25,西北,2026-03-02,2026-03,Monday,21
ORD_000380,USER_0160,PROD_00177,2026-03-02 22:01:26.263733,美妆,840.29,3,2520.87,4.0,已完成,微信支付,男,18-25,西南,2026-03-02,2026-03,Monday,22
ORD_000381,USER_0161,PROD_00148,2026-03-02 22:49:33.263733,美妆,672.82,1,672.82,4.0,已完成,微信支付,女,26-35,华南,2026-03-02,2026-03,Monday,22
ORD_000382,USER_0067,PROD_00118,2026-03-02 23:12:38.263733,服装,434.51,1,434.51,5.0,已完成,支付宝,女,46-55,华北,2026-03-02,2026-03,Monday,23
ORD_000383,USER_0128,PROD_00063,2026-03-03 02:20:06.263733,电子产品,2739.5112500000005,4,6233.206249999999,4.0,已完成,银行卡,男,26-35,华南,2026-03-03,2026-03,Tuesday,2
ORD_000384,USER_0018,PROD_00189,2026-03-03 03:34:51.263733,食品,117.16,1,117.16,5.0,已完成,微信支付,男,36-45,华北,2026-03-03,2026-03,Tuesday,3
ORD_000385,USER_0025,PROD_00049,2026-03-03 08:36:19.263733,电子产品,2739.5112500000005,1,3857.21,2.0,已完成,支付宝,男,26-35,华南,2026-03-03,2026-03,Tuesday,8
ORD_000386,USER_0054,PROD_00257,2026-03-03 10:19:38.263733,图书,78.95,2,157.9,5.0,已完成,支付宝,女,18-25,华南,2026-03-03,2026-03,Tuesday,10
ORD_000387,USER_0058,PROD_00224,2026-03-03 11:10:34.263733,服装,366.76,2,733.52,5.0,已退款,微信支付,女,18-25,华北,2026-03-03,2026-03,Tuesday,11
ORD_000388,USER_0067,PROD_00141,2026-03-03 12:53:14.263733,电子产品,2739.5112500000005,1,6233.206249999999,3.0,已完成,信用卡,男,26-35,华南,2026-03-03,2026-03,Tuesday,12
ORD_000389,USER_0104,PROD_00215,2026-03-03 13:43:24.263733,电子产品,2479.32,1,2479.32,4.0,已完成,支付宝,女,18-25,华北,2026-03-03,2026-03,Tuesday,13
ORD_000390,USER_0174,PROD_00211,2026-03-03 15:01:52.263733,家居,719.3,1,719.3,3.0,已完成,银行卡,男,18-25,华东,2026-03-03,2026-03,Tuesday,15
ORD_000391,USER_0024,PROD_00032,2026-03-03 20:58:00.263733,家居,542.12,2,1084.24,5.0,已退款,银行卡,男,36-45,华南,2026-03-03,2026-03,Tuesday,20
ORD_000392,USER_0114,PROD_00158,2026-03-03 22:26:33.263733,服装,203.7,2,407.4,4.0,已完成,支付宝,男,18-25,华东,2026-03-03,2026-03,Tuesday,22
ORD_000393,USER_0032,PROD_00285,2026-03-04 07:28:42.263733,电子产品,2739.5112500000005,1,3871.08,5.0,已完成,支付宝,女,26-35,华东,2026-03-04,2026-03,Wednesday,7
ORD_000394,USER_0175,PROD_00286,2026-03-04 08:08:20.263733,食品,113.82,2,227.64,3.0,已完成,支付宝,女,26-35,华东,2026-03-04,2026-03,Wednesday,8
ORD_000395,USER_0086,PROD_00144,2026-03-04 08:33:49.263733,服装,800.0,3,2400.0,3.0,已完成,微信支付,女,26-35,华东,2026-03-04,2026-03,Wednesday,8
ORD_000396,USER_0151,PROD_00019,2026-03-04 09:01:11.263733,美妆,455.76,1,455.76,2.0,已完成,支付宝,男,26-35,华东,2026-03-04,2026-03,Wednesday,9
ORD_000397,USER_0194,PROD_00018,2026-03-04 11:13:30.263733,家居,1933.99,1,1933.99,4.0,已完成,支付宝,男,26-35,华中,2026-03-04,2026-03,Wednesday,11
ORD_000398,USER_0127,PROD_00257,2026-03-04 11:21:17.263733,服装,689.59,2,1379.18,4.0,已完成,微信支付,男,26-35,华东,2026-03-04,2026-03,Wednesday,11
ORD_000399,USER_0155,PROD_00078,2026-03-04 12:43:15.263733,服装,382.84,1,382.84,5.0,已完成,微信支付,女,36-45,华北,2026-03-04,2026-03,Wednesday,12
ORD_000400,USER_0130,PROD_00175,2026-03-04 20:39:54.263733,母婴,1500.0,1,1500.0,5.0,已完成,支付宝,男,46-55,华东,2026-03-04,2026-03,Wednesday,20
ORD_000401,USER_0017,PROD_00194,2026-03-05 03:45:51.263733,食品,177.27,2,354.54,4.0,已完成,微信支付,女,18-25,西南,2026-03-05,2026-03,Thursday,3
ORD_000402,USER_0104,PROD_00113,2026-03-05 04:23:20.263733,美妆,1000.0,3,6233.206249999999,5.0,已完成,微信支付,男,18-25,华南,2026-03-05,2026-03,Thursday,4
ORD_000403,USER_0161,PROD_00114,2026-03-05 06:44:58.263733,电子产品,2739.5112500000005,3,6233.206249999999,5.0,已完成,微信支付,男,46-55,华南,2026-03-05,2026-03,Thursday,6
ORD_000404,USER_0137,PROD_00222,2026-03-05 09:10:52.263733,食品,190.71,2,381.42,5.0,已完成,银行卡,女,26-35,华南,2026-03-05,2026-03,Thursday,9
ORD_000405,USER_0043,PROD_00166,2026-03-05 11:28:27.263733,电子产品,2739.5112500000005,2,6233.206249999999,4.0,已完成,支付宝,男,26-35,华南,2026-03-05,2026-03,Thursday,11
ORD_000406,USER_0176,PROD_00132,2026-03-05 17:31:18.263733,食品,211.76,1,211.76,4.0,已完成,银行卡,男,26-35,华北,2026-03-05,2026-03,Thursday,17
ORD_000407,USER_0039,PROD_00264,2026-03-05 23:07:40.263733,母婴,431.71,2,863.42,2.0,已完成,微信支付,男,18-25,华东,2026-03-05,2026-03,Thursday,23
ORD_000408,USER_0170,PROD_00055,2026-03-06 00:48:35.263733,食品,159.5,1,159.5,5.0,已完成,微信支付,女,26-35,东北,2026-03-06,2026-03,Friday,0
ORD_000409,USER_0026,PROD_00131,2026-03-06 00:59:24.263733,电子产品,2739.5112500000005,1,6233.206249999999,3.0,已完成,微信支付,女,26-35,华南,2026-03-06,2026-03,Friday,0
ORD_000410,USER_0099,PROD_00288,2026-03-06 04:25:25.263733,电子产品,2739.5112500000005,2,6233.206249999999,4.0,已退款,微信支付,男,18-25,华南,2026-03-06,2026-03,Friday,4
ORD_000411,USER_0050,PROD_00266,2026-03-06 05:22:46.263733,食品,108.11,2,216.22,4.0,已完成,支付宝,女,26-35,华北,2026-03-06,2026-03,Friday,5
ORD_000412,USER_0153,PROD_00162,2026-03-06 06:10:21.263733,电子产品,2739.5112500000005,1,5536.35,4.0,已完成,微信支付,男,36-45,华南,2026-03-06,2026-03,Friday,6
ORD_000413,USER_0152,PROD_00087,2026-03-06 06:53:01.263733,电子产品,2739.5112500000005,4,6233.206249999999,5.0,已完成,微信支付,男,26-35,华中,2026-03-06,2026-03,Friday,6
ORD_000414,USER_0013,PROD_00055,2026-03-06 08:17:29.263733,美妆,494.95,1,494.95,3.0,已完成,微信支付,男,18-25,华南,2026-03-06,2026-03,Friday,8
ORD_000415,USER_0060,PROD_00288,2026-03-06 08:20:20.263733,食品,185.2,1,185.2,4.0,已完成,支付宝,女,26-35,华北,2026-03-06,2026-03,Friday,8
ORD_000416,USER_0135,PROD_00178,2026-03-06 09:50:03.263733,服装,473.94,1,473.94,5.0,已完成,信用卡,男,36-45,华东,2026-03-06,2026-03,Friday,9
ORD_000417,USER_0057,PROD_00008,2026-03-06 12:23:30.263733,图书,144.2,3,432.6,5.0,已完成,微信支付,男,36-45,华中,2026-03-06,2026-03,Friday,12
ORD_000418,USER_0036,PROD_00247,2026-03-06 21:28:31.263733,电子产品,2739.5112500000005,2,6233.206249999999,5.0,已完成,支付宝,男,36-45,华中,2026-03-06,2026-03,Friday,21
ORD_000419,USER_0173,PROD_00255,2026-03-07 00:09:08.263733,母婴,1132.22,1,1132.22,5.0,已完成,微信支付,男,18-25,华东,2026-03-07,2026-03,Saturday,0
ORD_000420,USER_0020,PROD_00054,2026-03-07 01:31:55.263733,服装,496.4,2,992.8,5.0,已完成,银行卡,女,36-45,华东,2026-03-07,2026-03,Saturday,1
ORD_000421,USER_0065,PROD_00249,2026-03-07 08:34:30.263733,图书,200.0,1,200.0,4.0,已完成,银行卡,男,36-45,华南,2026-03-07,2026-03,Saturday,8
ORD_000422,USER_0008,PROD_00239,2026-03-07 10:26:55.263733,家居,1768.01,3,5304.03,3.0,已完成,微信支付,男,18-25,东北,2026-03-07,2026-03,Saturday,10
ORD_000423,USER_0144,PROD_00229,2026-03-07 14:18:40.263733,运动,754.33,1,754.33,5.0,已完成,银行卡,女,26-35,华东,2026-03-07,2026-03,Saturday,14
ORD_000424,USER_0142,PROD_00067,2026-03-07 15:42:14.263733,母婴,416.26,1,416.26,5.0,已完成,支付宝,男,26-35,华南,2026-03-07,2026-03,Saturday,15
ORD_000425,USER_0115,PROD_00051,2026-03-07 19:23:32.263733,服装,259.35,4,1037.4,5.0,已完成,微信支付,女,36-45,华东,2026-03-07,2026-03,Saturday,19
ORD_000426,USER_0143,PROD_00097,2026-03-07 20:30:37.263733,母婴,1219.86,1,1219.86,4.0,已完成,银行卡,女,18-25,华南,2026-03-07,2026-03,Saturday,20
ORD_000427,USER_0092,PROD_00092,2026-03-08 03:42:39.263733,食品,113.1,1,113.1,4.0,已完成,银行卡,男,26-35,华北,2026-03-08,2026-03,Sunday,3
ORD_000428,USER_0098,PROD_00264,2026-03-08 05:25:47.263733,食品,93.63,2,187.26,4.0,已完成,微信支付,女,46-55,西北,2026-03-08,2026-03,Sunday,5
ORD_000429,USER_0066,PROD_00291,2026-03-08 05:32:53.263733,服装,290.92,4,1163.68,4.0,已完成,银行卡,男,36-45,华南,2026-03-08,2026-03,Sunday,5
ORD_000430,USER_0032,PROD_00096,2026-03-08 08:19:21.263733,家居,719.78,1,719.78,3.0,已完成,支付宝,女,46-55,华中,2026-03-08,2026-03,Sunday,8
ORD_000431,USER_0191,PROD_00088,2026-03-08 10:21:17.263733,电子产品,2739.5112500000005,1,6233.206249999999,5.0,已完成,银行卡,男,55+,华南,2026-03-08,2026-03,Sunday,10
ORD_000432,USER_0086,PROD_00078,2026-03-08 15:13:08.263733,家居,938.49,1,938.49,3.0,已完成,支付宝,男,18-25,华东,2026-03-08,2026-03,Sunday,15
ORD_000433,USER_0051,PROD_00288,2026-03-08 16:22:50.263733,家居,511.04,2,1022.08,2.0,已完成,支付宝,女,36-45,华南,2026-03-08,2026-03,Sunday,16
ORD_000434,USER_0153,PROD_00120,2026-03-08 19:59:20.263733,美妆,533.21,1,533.21,5.0,已完成,支付宝,女,26-35,华北,2026-03-08,2026-03,Sunday,19
ORD_000435,USER_0186,PROD_00165,2026-03-08 21:55:19.263733,运动,882.86,2,1765.72,5.0,已完成,微信支付,女,46-55,西北,2026-03-08,2026-03,Sunday,21
ORD_000436,USER_0063,PROD_00182,2026-03-08 22:42:53.263733,食品,121.97,5,609.85,4.0,已完成,支付宝,女,26-35,西南,2026-03-08,2026-03,Sunday,22
ORD_000437,USER_0190,PROD_00223,2026-03-09 02:06:22.263733,服装,757.51,1,757.51,4.0,已完成,支付宝,男,55+,华东,2026-03-09,2026-03,Monday,2
ORD_000438,USER_0125,PROD_00007,2026-03-09 03:36:42.263733,服装,344.34,1,344.34,4.0,已完成,支付宝,男,36-45,华东,2026-03-09,2026-03,Monday,3
ORD_000439,USER_0150,PROD_00263,2026-03-09 11:20:07.263733,电子产品,2739.5112500000005,1,6233.206249999999,4.0,已完成,支付宝,男,36-45,华东,2026-03-09,2026-03,Monday,11
ORD_000440,USER_0058,PROD_00161,2026-03-09 12:15:06.263733,电子产品,2739.5112500000005,1,5727.68,5.0,已完成,微信支付,女,18-25,西南,2026-03-09,2026-03,Monday,12
ORD_000441,USER_0058,PROD_00151,2026-03-09 14:06:21.263733,服装,675.46,3,2026.38,5.0,已完成,微信支付,男,18-25,西南,2026-03-09,2026-03,Monday,14
ORD_000442,USER_0086,PROD_00085,2026-03-09 14:42:27.263733,服装,245.38,1,245.38,4.0,已完成,支付宝,女,36-45,华中,2026-03-09,2026-03,Monday,14
ORD_000443,USER_0049,PROD_00147,2026-03-09 19:56:04.263733,母婴,803.54,1,803.54,4.0,已完成,微信支付,男,18-25,华南,2026-03-09,2026-03,Monday,19
ORD_000444,USER_0180,PROD_00112,2026-03-09 23:57:49.263733,家居,988.54,2,1977.08,5.0,已完成,银行卡,男,36-45,华南,2026-03-09,2026-03,Monday,23
ORD_000445,USER_0170,PROD_00036,2026-03-10 02:08:53.263733,服装,208.74,1,208.74,2.0,已完成,银行卡,男,18-25,华南,2026-03-10,2026-03,Tuesday,2
ORD_000446,USER_0070,PROD_00285,2026-03-10 03:55:45.263733,家居,1763.71,2,3527.42,4.0,已完成,支付宝,女,36-45,华东,2026-03-10,2026-03,Tuesday,3
ORD_000447,USER_0015,PROD_00188,2026-03-10 05:41:01.263733,电子产品,2739.5112500000005,1,2824.18,4.0,已完成,微信支付,女,26-35,华南,2026-03-10,2026-03,Tuesday,5
ORD_000448,USER_0054,PROD_00082,2026-03-10 11:34:12.263733,食品,114.28,3,342.84,5.0,已完成,支付宝,女,36-45,华东,2026-03-10,2026-03,Tuesday,11
ORD_000449,USER_0188,PROD_00002,2026-03-10 15:52:39.263733,家居,611.54,4,2446.16,1.0,已完成,支付宝,男,36-45,华东,2026-03-10,2026-03,Tuesday,15
ORD_000450,USER_0101,PROD_00197,2026-03-10 16:31:00.263733,食品,220.09,2,440.18,4.0,已完成,支付宝,女,26-35,西南,2026-03-10,2026-03,Tuesday,16
ORD_000451,USER_0008,PROD_00011,2026-03-10 17:00:38.263733,食品,72.27,4,289.08,5.0,已完成,银行卡,男,18-25,华中,2026-03-10,2026-03,Tuesday,17
ORD_000452,USER_0053,PROD_00234,2026-03-10 23:38:22.263733,母婴,1041.91,1,1041.91,4.0,已完成,支付宝,女,18-25,华南,2026-03-10,2026-03,Tuesday,23
ORD_000453,USER_0060,PROD_00195,2026-03-11 02:21:59.263733,图书,185.44,1,185.44,2.0,已完成,支付宝,女,26-35,华南,2026-03-11,2026-03,Wednesday,2
ORD_000454,USER_0108,PROD_00119,2026-03-11 16:26:17.263733,家居,1327.74,2,2655.48,5.0,已完成,支付宝,男,26-35,华南,2026-03-11,2026-03,Wednesday,16
ORD_000455,USER_0005,PROD_00020,2026-03-11 17:03:40.263733,家居,1449.48,2,2898.96,4.0,已完成,银行卡,女,36-45,华中,2026-03-11,2026-03,Wednesday,17
ORD_000456,USER_0103,PROD_00261,2026-03-11 19:53:14.263733,家居,1483.88,1,1483.88,5.0,已完成,微信支付,女,26-35,华中,2026-03-11,2026-03,Wednesday,19
ORD_000457,USER_0196,PROD_00293,2026-03-11 20:17:41.263733,服装,264.38,1,264.38,3.0,已完成,支付宝,男,26-35,华中,2026-03-11,2026-03,Wednesday,20
ORD_000458,USER_0006,PROD_00256,2026-03-12 00:10:50.263733,食品,300.0,1,300.0,4.0,已完成,微信支付,女,26-35,华北,2026-03-12,2026-03,Thursday,0
ORD_000459,USER_0109,PROD_00222,2026-03-12 01:09:19.263733,电子产品,2739.5112500000005,1,3376.64,4.0,已完成,微信支付,男,18-25,华东,2026-03-12,2026-03,Thursday,1
ORD_000460,USER_0116,PROD_00226,2026-03-12 07:29:16.263733,食品,149.94,1,6233.206249999999,2.0,已完成,微信支付,男,26-35,华南,2026-03-12,2026-03,Thursday,7
ORD_000461,USER_0094,PROD_00053,2026-03-12 10:11:48.263733,家居,859.48,2,1718.96,1.0,已完成,支付宝,男,55+,华南,2026-03-12,2026-03,Thursday,10
ORD_000462,USER_0047,PROD_00280,2026-03-12 12:42:15.263733,服装,543.41,1,543.41,5.0,已完成,银行卡,男,46-55,华南,2026-03-12,2026-03,Thursday,12
ORD_000463,USER_0099,PROD_00081,2026-03-12 13:38:21.263733,母婴,584.56,1,584.56,3.0,已退款,支付宝,女,26-35,华中,2026-03-12,2026-03,Thursday,13
ORD_000464,USER_0055,PROD_00202,2026-03-12 18:16:24.263733,图书,113.74,2,227.48,3.0,已完成,微信支付,男,26-35,华南,2026-03-12,2026-03,Thursday,18
ORD_000465,USER_0168,PROD_00158,2026-03-12 22:35:57.263733,美妆,283.08,2,566.16,4.0,已完成,支付宝,女,36-45,华东,2026-03-12,2026-03,Thursday,22
ORD_000466,USER_0052,PROD_00120,2026-03-12 23:53:46.263733,家居,1817.06,3,5451.18,5.0,已完成,支付宝,男,26-35,华南,2026-03-12,2026-03,Thursday,23
ORD_000467,USER_0144,PROD_00059,2026-03-13 00:05:53.263733,运动,1104.78,2,2209.56,2.0,已完成,支付宝,女,26-35,东北,2026-03-13,2026-03,Friday,0
ORD_000468,USER_0013,PROD_00215,2026-03-13 03:11:28.263733,电子产品,2739.5112500000005,1,3672.19,4.0,已完成,微信支付,女,18-25,华东,2026-03-13,2026-03,Friday,3
ORD_000469,USER_0114,PROD_00128,2026-03-13 11:17:20.263733,运动,624.82,3,1874.46,3.0,已完成,支付宝,女,26-35,华北,2026-03-13,2026-03,Friday,11
ORD_000470,USER_0124,PROD_00224,2026-03-13 15:10:00.263733,电子产品,2739.5112500000005,2,6233.206249999999,2.0,已完成,银行卡,男,46-55,华南,2026-03-13,2026-03,Friday,15
ORD_000471,USER_0106,PROD_00209,2026-03-13 16:24:22.263733,运动,554.68,1,554.68,2.0,已完成,支付宝,男,36-45,华东,2026-03-13,2026-03,Friday,16
ORD_000472,USER_0158,PROD_00115,2026-03-13 18:36:14.263733,服装,452.49,2,6233.206249999999,5.0,已完成,微信支付,男,18-25,华南,2026-03-13,2026-03,Friday,18
ORD_000473,USER_0147,PROD_00209,2026-03-13 19:11:12.263733,图书,196.6,4,786.4,3.0,已完成,银行卡,女,18-25,华北,2026-03-13,2026-03,Friday,19
ORD_000474,USER_0145,PROD_00014,2026-03-13 22:34:17.263733,图书,73.32,1,73.32,2.0,已完成,微信支付,女,36-45,华南,2026-03-13,2026-03,Friday,22
ORD_000475,USER_0120,PROD_00009,2026-03-13 22:39:21.263733,电子产品,2739.5112500000005,1,5110.1,4.0,已完成,微信支付,男,36-45,西南,2026-03-13,2026-03,Friday,22
ORD_000476,USER_0063,PROD_00040,2026-03-14 04:37:43.263733,食品,181.51,1,181.51,5.0,已完成,微信支付,男,36-45,华东,2026-03-14,2026-03,Saturday,4
ORD_000477,USER_0019,PROD_00237,2026-03-14 06:26:44.263733,母婴,728.66,1,728.66,4.0,已完成,支付宝,女,36-45,华东,2026-03-14,2026-03,Saturday,6
ORD_000478,USER_0092,PROD_00281,2026-03-14 08:11:51.263733,食品,120.49,1,120.49,4.0,已完成,银行卡,男,18-25,西北,2026-03-14,2026-03,Saturday,8
ORD_000479,USER_0058,PROD_00201,2026-03-14 13:12:31.263733,运动,1450.16,2,2900.32,2.0,已完成,支付宝,女,36-45,华南,2026-03-14,2026-03,Saturday,13
ORD_000480,USER_0183,PROD_00246,2026-03-14 13:26:36.263733,家居,752.85,1,752.85,4.0,已完成,微信支付,女,36-45,华北,2026-03-14,2026-03,Saturday,13
ORD_000481,USER_0090,PROD_00278,2026-03-14 14:50:29.263733,服装,171.76,4,687.04,4.0,已完成,微信支付,女,26-35,华中,2026-03-14,2026-03,Saturday,14
ORD_000482,USER_0117,PROD_00235,2026-03-14 19:04:19.263733,服装,585.44,3,1756.32,4.0,已完成,支付宝,男,36-45,华南,2026-03-14,2026-03,Saturday,19
ORD_000483,USER_0062,PROD_00004,2026-03-14 21:13:08.263733,服装,233.09,2,466.18,4.0,已完成,支付宝,男,18-25,华北,2026-03-14,2026-03,Saturday,21
ORD_000484,USER_0023,PROD_00154,2026-03-14 23:33:01.263733,美妆,741.99,3,2225.97,4.0,已完成,微信支付,女,18-25,华东,2026-03-14,2026-03,Saturday,23
ORD_000485,USER_0127,PROD_00029,2026-03-14 23:59:47.263733,食品,300.0,1,300.0,3.0,已完成,银行卡,女,18-25,华东,2026-03-14,2026-03,Saturday,23
ORD_000486,USER_0137,PROD_00109,2026-03-15 01:39:03.263733,食品,212.36,1,212.36,4.0,已完成,信用卡,男,18-25,华东,2026-03-15,2026-03,Sunday,1
ORD_000487,USER_0140,PROD_00098,2026-03-15 03:05:13.263733,食品,264.84,2,529.68,2.0,已完成,微信支付,男,26-35,华中,2026-03-15,2026-03,Sunday,3
ORD_000488,USER_0129,PROD_00215,2026-03-15 04:09:20.263733,家居,2000.0,3,6000.0,5.0,已完成,微信支付,女,26-35,华东,2026-03-15,2026-03,Sunday,4
ORD_000489,USER_0058,PROD_00293,2026-03-15 05:40:21.263733,运动,1281.02,3,3843.06,5.0,已完成,信用卡,女,26-35,华北,2026-03-15,2026-03,Sunday,5
ORD_000490,USER_0122,PROD_00075,2026-03-15 06:20:19.263733,母婴,902.49,1,902.49,5.0,已完成,支付宝,女,26-35,西北,2026-03-15,2026-03,Sunday,6
ORD_000491,USER_0001,PROD_00146,2026-03-15 09:13:17.263733,食品,300.0,4,1200.0,5.0,已完成,支付宝,女,26-35,华南,2026-03-15,2026-03,Sunday,9
ORD_000492,USER_0034,PROD_00128,2026-03-15 09:25:56.263733,运动,1500.0,1,1500.0,5.0,已完成,微信支付,男,18-25,华南,2026-03-15,2026-03,Sunday,9
ORD_000493,USER_0096,PROD_00042,2026-03-15 09:26:07.263733,美妆,1000.0,3,3000.0,5.0,已完成,银行卡,男,36-45,华南,2026-03-15,2026-03,Sunday,9
ORD_000494,USER_0126,PROD_00041,2026-03-15 16:43:49.263733,家居,793.59,5,3967.95,4.0,已完成,银行卡,女,26-35,华南,2026-03-15,2026-03,Sunday,16
ORD_000495,USER_0118,PROD_00034,2026-03-15 18:04:03.263733,母婴,388.72,1,388.72,5.0,已完成,微信支付,女,26-35,华南,2026-03-15,2026-03,Sunday,18
ORD_000496,USER_0048,PROD_00017,2026-03-15 18:39:31.263733,服装,322.3,2,644.6,4.0,已退款,支付宝,男,46-55,华北,2026-03-15,2026-03,Sunday,18
ORD_000497,USER_0089,PROD_00165,2026-03-15 18:44:15.263733,电子产品,2739.5112500000005,1,6042.03,4.0,已完成,微信支付,男,36-45,东北,2026-03-15,2026-03,Sunday,18
ORD_000498,USER_0117,PROD_00153,2026-03-15 20:23:44.263733,运动,855.44,1,855.44,5.0,已完成,支付宝,女,46-55,西北,2026-03-15,2026-03,Sunday,20
ORD_000499,USER_0129,PROD_00076,2026-03-15 23:45:30.263733,食品,139.8,2,279.6,4.0,已完成,支付宝,男,26-35,西南,2026-03-15,2026-03,Sunday,23
ORD_000500,USER_0016,PROD_00087,2026-03-16 11:17:33.263733,运动,1045.52,2,2091.04,4.0,已完成,银行卡,男,18-25,西南,2026-03-16,2026-03,Monday,11
ORD_000501,USER_0189,PROD_00117,2026-03-16 14:43:46.263733,图书,52.72,4,210.88,4.0,已完成,支付宝,女,36-45,华南,2026-03-16,2026-03,Monday,14
ORD_000502,USER_0192,PROD_00027,2026-03-16 21:15:56.263733,电子产品,2739.5112500000005,2,6233.206249999999,2.0,已完成,银行卡,女,18-25,华北,2026-03-16,2026-03,Monday,21
ORD_000503,USER_0191,PROD_00287,2026-03-16 21:30:42.263733,图书,192.43,1,192.43,4.0,已完成,微信支付,女,26-35,西南,2026-03-16,2026-03,Monday,21
ORD_000504,USER_0069,PROD_00134,2026-03-16 21:48:42.263733,食品,203.99,3,611.97,5.0,已完成,微信支付,男,18-25,华南,2026-03-16,2026-03,Monday,21
ORD_000505,USER_0022,PROD_00219,2026-03-16 22:19:44.263733,食品,219.06,4,876.24,5.0,已完成,支付宝,女,36-45,西北,2026-03-16,2026-03,Monday,22
ORD_000506,USER_0093,PROD_00168,2026-03-16 23:28:39.263733,家居,2000.0,1,2000.0,4.0,已完成,支付宝,女,18-25,华南,2026-03-16,2026-03,Monday,23
ORD_000507,USER_0195,PROD_00098,2026-03-17 02:20:18.263733,图书,106.42,5,532.1,3.0,已完成,支付宝,女,46-55,华北,2026-03-17,2026-03,Tuesday,2
ORD_000508,USER_0076,PROD_00268,2026-03-17 03:37:17.263733,电子产品,2739.5112500000005,1,3066.0,4.0,已完成,信用卡,女,46-55,华北,2026-03-17,2026-03,Tuesday,3
ORD_000509,USER_0154,PROD_00237,2026-03-17 07:18:26.263733,食品,280.95,3,842.85,5.0,已完成,银行卡,男,26-35,西北,2026-03-17,2026-03,Tuesday,7
ORD_000510,USER_0144,PROD_00173,2026-03-17 07:37:19.263733,美妆,942.9,1,942.9,4.0,已完成,微信支付,男,36-45,华东,2026-03-17,2026-03,Tuesday,7
ORD_000511,USER_0179,PROD_00190,2026-03-17 09:46:51.263733,美妆,694.05,1,694.05,4.0,已完成,支付宝,男,36-45,华中,2026-03-17,2026-03,Tuesday,9
ORD_000512,USER_0086,PROD_00122,2026-03-17 10:32:44.263733,美妆,484.55,1,484.55,2.0,已完成,信用卡,男,36-45,华南,2026-03-17,2026-03,Tuesday,10
ORD_000513,USER_0185,PROD_00046,2026-03-17 11:03:47.263733,电子产品,2739.5112500000005,2,6233.206249999999,1.0,已退款,支付宝,女,26-35,华东,2026-03-17,2026-03,Tuesday,11
ORD_000514,USER_0029,PROD_00064,2026-03-17 13:15:01.263733,服装,224.46,1,224.46,5.0,已完成,支付宝,女,36-45,华中,2026-03-17,2026-03,Tuesday,13
ORD_000515,USER_0069,PROD_00130,2026-03-17 13:57:20.263733,服装,741.42,1,741.42,4.0,已完成,支付宝,女,26-35,华北,2026-03-17,2026-03,Tuesday,13
ORD_000516,USER_0047,PROD_00193,2026-03-17 18:04:25.263733,运动,1354.05,2,2708.1,5.0,已完成,信用卡,女,46-55,华北,2026-03-17,2026-03,Tuesday,18
ORD_000517,USER_0094,PROD_00181,2026-03-17 21:40:04.263733,服装,220.58,4,882.32,2.0,已完成,支付宝,男,26-35,华南,2026-03-17,2026-03,Tuesday,21
ORD_000518,USER_0190,PROD_00292,2026-03-18 03:33:24.263733,服装,655.83,1,655.83,5.0,已完成,支付宝,男,26-35,华南,2026-03-18,2026-03,Wednesday,3
ORD_000519,USER_0197,PROD_00282,2026-03-18 03:49:33.263733,母婴,936.29,1,936.29,5.0,已完成,信用卡,男,36-45,华北,2026-03-18,2026-03,Wednesday,3
ORD_000520,USER_0144,PROD_00029,2026-03-18 05:01:03.263733,电子产品,2549.59,1,2549.59,4.0,已完成,支付宝,男,36-45,华南,2026-03-18,2026-03,Wednesday,5
ORD_000521,USER_0176,PROD_00149,2026-03-18 05:47:08.263733,母婴,418.58,1,418.58,3.0,已完成,支付宝,男,26-35,华东,2026-03-18,2026-03,Wednesday,5
ORD_000522,USER_0085,PROD_00267,2026-03-18 06:43:22.263733,美妆,632.79,3,1898.37,4.0,已完成,微信支付,女,18-25,西北,2026-03-18,2026-03,Wednesday,6
ORD_000523,USER_0039,PROD_00296,2026-03-18 12:52:00.263733,运动,647.54,3,1942.62,5.0,已完成,银行卡,女,26-35,华南,2026-03-18,2026-03,Wednesday,12
ORD_000524,USER_0100,PROD_00011,2026-03-18 16:25:55.263733,服装,800.0,2,1600.0,4.0,已完成,微信支付,男,46-55,华中,2026-03-18,2026-03,Wednesday,16
ORD_000525,USER_0033,PROD_00164,2026-03-18 17:06:58.263733,电子产品,2739.5112500000005,1,6233.206249999999,5.0,已完成,货到付款,男,36-45,华南,2026-03-18,2026-03,Wednesday,17
ORD_000526,USER_0101,PROD_00113,2026-03-18 17:40:25.263733,美妆,665.3,3,1995.9,5.0,已完成,微信支付,女,36-45,华南,2026-03-18,2026-03,Wednesday,17
ORD_000527,USER_0023,PROD_00187,2026-03-18 18:08:44.263733,运动,1026.15,2,2052.3,5.0,已完成,支付宝,男,18-25,华南,2026-03-18,2026-03,Wednesday,18
ORD_000528,USER_0010,PROD_00295,2026-03-18 20:04:06.263733,美妆,1000.0,3,3000.0,5.0,已完成,货到付款,女,26-35,华南,2026-03-18,2026-03,Wednesday,20
ORD_000529,USER_0069,PROD_00232,2026-03-18 21:55:52.263733,电子产品,2739.5112500000005,2,6233.206249999999,3.0,已完成,微信支付,女,36-45,华南,2026-03-18,2026-03,Wednesday,21
ORD_000530,USER_0100,PROD_00227,2026-03-18 22:18:54.263733,美妆,674.03,3,2022.09,4.0,已完成,支付宝,女,36-45,华南,2026-03-18,2026-03,Wednesday,22
ORD_000531,USER_0034,PROD_00098,2026-03-18 23:19:37.263733,美妆,321.59,2,643.18,3.0,已完成,微信支付,男,18-25,华南,2026-03-18,2026-03,Wednesday,23
ORD_000532,USER_0180,PROD_00055,2026-03-19 01:22:34.263733,美妆,1000.0,1,1000.0,5.0,已完成,支付宝,女,46-55,华东,2026-03-19,2026-03,Thursday,1
ORD_000533,USER_0138,PROD_00111,2026-03-19 03:40:58.263733,美妆,302.42,4,1209.68,5.0,已完成,支付宝,女,26-35,华南,2026-03-19,2026-03,Thursday,3
ORD_000534,USER_0147,PROD_00152,2026-03-19 04:41:42.263733,运动,675.71,2,1351.42,5.0,已完成,支付宝,女,18-25,华东,2026-03-19,2026-03,Thursday,4
ORD_000535,USER_0186,PROD_00246,2026-03-19 08:56:25.263733,家居,443.76,2,887.52,4.0,已完成,微信支付,男,26-35,华东,2026-03-19,2026-03,Thursday,8
ORD_000536,USER_0096,PROD_00069,2026-03-19 11:19:54.263733,电子产品,2739.5112500000005,1,5564.0,3.0,已完成,银行卡,男,26-35,西北,2026-03-19,2026-03,Thursday,11
ORD_000537,USER_0001,PROD_00289,2026-03-19 15:32:57.263733,食品,167.16,2,334.32,5.0,已完成,微信支付,女,26-35,华北,2026-03-19,2026-03,Thursday,15
ORD_000538,USER_0069,PROD_00250,2026-03-19 17:01:49.263733,电子产品,2739.5112500000005,2,6233.206249999999,4.0,已完成,货到付款,女,18-25,华北,2026-03-19,2026-03,Thursday,17
ORD_000539,USER_0004,PROD_00036,2026-03-19 17:07:27.263733,食品,64.97,1,64.97,3.0,已完成,支付宝,女,18-25,华南,2026-03-19,2026-03,Thursday,17
ORD_000540,USER_0016,PROD_00239,2026-03-19 18:27:43.263733,食品,270.39,1,270.39,5.0,已完成,支付宝,女,36-45,西南,2026-03-19,2026-03,Thursday,18
ORD_000541,USER_0024,PROD_00148,2026-03-19 21:12:51.263733,电子产品,2739.5112500000005,2,5676.58,2.0,已完成,支付宝,女,18-25,华北,2026-03-19,2026-03,Thursday,21
ORD_000542,USER_0080,PROD_00227,2026-03-20 03:56:35.263733,服装,394.49,3,1183.47,4.0,已完成,支付宝,男,18-25,华中,2026-03-20,2026-03,Friday,3
ORD_000543,USER_0002,PROD_00244,2026-03-20 05:44:11.263733,电子产品,2739.5112500000005,2,6233.206249999999,4.0,已完成,支付宝,女,26-35,华南,2026-03-20,2026-03,Friday,5
ORD_000544,USER_0128,PROD_00201,2026-03-20 12:17:35.263733,运动,900.24,1,900.24,3.0,已完成,银行卡,女,26-35,西北,2026-03-20,2026-03,Friday,12
ORD_000545,USER_0160,PROD_00154,2026-03-20 12:23:29.263733,图书,129.86,2,259.72,5.0,已完成,信用卡,女,36-45,华中,2026-03-20,2026-03,Friday,12
ORD_000546,USER_0084,PROD_00073,2026-03-20 20:24:52.263733,电子产品,2739.5112500000005,1,6233.206249999999,3.0,已完成,信用卡,女,26-35,西南,2026-03-20,2026-03,Friday,20
ORD_000547,USER_0152,PROD_00201,2026-03-20 20:24:55.263733,母婴,947.92,1,947.92,3.0,已完成,支付宝,男,36-45,华东,2026-03-20,2026-03,Friday,20
ORD_000548,USER_0140,PROD_00296,2026-03-20 21:00:03.263733,食品,130.7,1,6233.206249999999,3.0,已完成,银行卡,女,36-45,华东,2026-03-20,2026-03,Friday,21
ORD_000549,USER_0178,PROD_00017,2026-03-20 22:20:13.263733,服装,391.06,1,391.06,5.0,已完成,支付宝,男,18-25,华东,2026-03-20,2026-03,Friday,22
ORD_000550,USER_0163,PROD_00129,2026-03-21 02:56:17.263733,电子产品,2739.5112500000005,1,4724.96,4.0,已完成,支付宝,男,18-25,华东,2026-03-21,2026-03,Saturday,2
ORD_000551,USER_0124,PROD_00217,2026-03-21 07:56:36.263733,食品,99.05,1,99.05,4.0,已完成,银行卡,女,26-35,西南,2026-03-21,2026-03,Saturday,7
ORD_000552,USER_0033,PROD_00061,2026-03-21 13:29:36.263733,运动,1299.89,1,1299.89,1.0,已完成,微信支付,男,26-35,华东,2026-03-21,2026-03,Saturday,13
ORD_000553,USER_0161,PROD_00104,2026-03-21 15:06:53.263733,美妆,606.51,1,606.51,2.0,已完成,支付宝,女,36-45,华东,2026-03-21,2026-03,Saturday,15
ORD_000554,USER_0189,PROD_00042,2026-03-21 16:22:00.263733,电子产品,2739.5112500000005,2,6233.206249999999,4.0,已完成,微信支付,男,26-35,华东,2026-03-21,2026-03,Saturday,16
ORD_000555,USER_0179,PROD_00025,2026-03-21 16:30:01.263733,电子产品,2739.5112500000005,1,6233.206249999999,5.0,已完成,支付宝,男,26-35,华东,2026-03-21,2026-03,Saturday,16
ORD_000556,USER_0171,PROD_00039,2026-03-21 17:31:59.263733,食品,145.97,1,145.97,5.0,已完成,微信支付,女,18-25,华东,2026-03-21,2026-03,Saturday,17
ORD_000557,USER_0101,PROD_00291,2026-03-21 22:11:27.263733,服装,387.95,3,1163.85,2.0,已完成,微信支付,女,18-25,华中,2026-03-21,2026-03,Saturday,22
ORD_000558,USER_0012,PROD_00131,2026-03-21 22:47:04.263733,服装,333.54,1,333.54,4.0,已完成,货到付款,女,26-35,华北,2026-03-21,2026-03,Saturday,22
ORD_000559,USER_0067,PROD_00229,2026-03-21 23:11:40.263733,服装,504.53,2,1009.06,5.0,已完成,支付宝,女,26-35,华东,2026-03-21,2026-03,Saturday,23
ORD_000560,USER_0065,PROD_00108,2026-03-22 01:28:33.263733,运动,921.74,1,6233.206249999999,4.0,已完成,支付宝,女,26-35,华南,2026-03-22,2026-03,Sunday,1
ORD_000561,USER_0161,PROD_00172,2026-03-22 04:13:00.263733,图书,78.83,1,78.83,5.0,已完成,微信支付,男,18-25,华南,2026-03-22,2026-03,Sunday,4
ORD_000562,USER_0168,PROD_00102,2026-03-22 04:17:00.263733,食品,141.82,2,283.64,3.0,已完成,微信支付,男,36-45,华东,2026-03-22,2026-03,Sunday,4
ORD_000563,USER_0074,PROD_00012,2026-03-22 04:23:54.263733,图书,79.1,2,158.2,5.0,已完成,支付宝,男,46-55,华北,2026-03-22,2026-03,Sunday,4
ORD_000564,USER_0043,PROD_00275,2026-03-22 04:38:05.263733,服装,298.76,3,896.28,5.0,已完成,微信支付,女,26-35,华北,2026-03-22,2026-03,Sunday,4
ORD_000565,USER_0044,PROD_00101,2026-03-22 05:19:53.263733,食品,65.27,2,130.54,4.0,已完成,银行卡,女,26-35,华北,2026-03-22,2026-03,Sunday,5
ORD_000566,USER_0029,PROD_00044,2026-03-22 05:39:27.263733,服装,378.66,4,1514.64,5.0,已完成,信用卡,男,55+,华北,2026-03-22,2026-03,Sunday,5
ORD_000567,USER_0141,PROD_00017,2026-03-22 20:26:48.263733,家居,433.35,1,433.35,4.0,已完成,银行卡,女,26-35,华东,2026-03-22,2026-03,Sunday,20
ORD_000568,USER_0012,PROD_00057,2026-03-23 01:13:58.263733,母婴,606.96,1,606.96,5.0,已完成,银行卡,女,26-35,西北,2026-03-23,2026-03,Monday,1
ORD_000569,USER_0095,PROD_00012,2026-03-23 05:06:36.263733,家居,747.17,1,747.17,4.0,已完成,微信支付,男,18-25,华中,2026-03-23,2026-03,Monday,5
ORD_000570,USER_0046,PROD_00080,2026-03-23 05:45:40.263733,服装,719.13,1,719.13,4.0,已完成,银行卡,男,36-45,西南,2026-03-23,2026-03,Monday,5
ORD_000571,USER_0130,PROD_00216,2026-03-23 07:42:47.263733,家居,611.05,2,1222.1,5.0,已完成,支付宝,女,18-25,华东,2026-03-23,2026-03,Monday,7
ORD_000572,USER_0035,PROD_00264,2026-03-23 10:00:39.263733,电子产品,2739.5112500000005,2,6233.206249999999,5.0,已完成,支付宝,女,46-55,西北,2026-03-23,2026-03,Monday,10
ORD_000573,USER_0081,PROD_00149,2026-03-23 10:39:44.263733,图书,90.9,1,90.9,5.0,已完成,支付宝,女,36-45,华中,2026-03-23,2026-03,Monday,10
ORD_000574,USER_0090,PROD_00081,2026-03-23 10:41:35.263733,食品,115.97,4,463.88,3.0,已完成,微信支付,男,36-45,华中,2026-03-23,2026-03,Monday,10
ORD_000575,USER_0008,PROD_00215,2026-03-23 21:33:00.263733,食品,300.0,3,900.0,5.0,已完成,支付宝,女,36-45,华东,2026-03-23,2026-03,Monday,21
ORD_000576,USER_0093,PROD_00198,2026-03-24 01:18:15.263733,家居,574.42,1,574.42,5.0,已完成,信用卡,男,26-35,华中,2026-03-24,2026-03,Tuesday,1
ORD_000577,USER_0154,PROD_00200,2026-03-24 02:00:28.263733,家居,839.61,1,839.61,2.0,已完成,支付宝,男,26-35,西北,2026-03-24,2026-03,Tuesday,2
ORD_000578,USER_0090,PROD_00025,2026-03-24 02:22:51.263733,电子产品,2739.5112500000005,1,5017.6,4.0,已完成,支付宝,女,46-55,华北,2026-03-24,2026-03,Tuesday,2
ORD_000579,USER_0162,PROD_00089,2026-03-24 05:08:01.263733,美妆,815.65,1,815.65,4.0,已完成,微信支付,男,46-55,华北,2026-03-24,2026-03,Tuesday,5
ORD_000580,USER_0115,PROD_00268,2026-03-24 06:16:06.263733,服装,351.42,1,351.42,4.0,已完成,支付宝,女,26-35,西北,2026-03-24,2026-03,Tuesday,6
ORD_000581,USER_0105,PROD_00143,2026-03-24 08:35:54.263733,美妆,201.21,2,402.42,5.0,已完成,支付宝,男,46-55,华南,2026-03-24,2026-03,Tuesday,8
ORD_000582,USER_0135,PROD_00059,2026-03-24 14:47:44.263733,运动,732.88,1,732.88,5.0,已完成,支付宝,女,26-35,华北,2026-03-24,2026-03,Tuesday,14
ORD_000583,USER_0196,PROD_00026,2026-03-24 19:41:39.263733,运动,1500.0,1,1500.0,5.0,已完成,微信支付,女,26-35,华南,2026-03-24,2026-03,Tuesday,19
ORD_000584,USER_0058,PROD_00047,2026-03-24 21:40:44.263733,家居,1168.81,5,5844.05,5.0,已完成,微信支付,男,26-35,西北,2026-03-24,2026-03,Tuesday,21
ORD_000585,USER_0114,PROD_00288,2026-03-24 23:14:20.263733,食品,174.45,2,348.9,4.0,已完成,银行卡,女,18-25,华东,2026-03-24,2026-03,Tuesday,23
ORD_000586,USER_0075,PROD_00266,2026-03-25 00:16:47.263733,电子产品,2497.8,4,6233.206249999999,5.0,已完成,微信支付,男,18-25,华南,2026-03-25,2026-03,Wednesday,0
ORD_000587,USER_0157,PROD_00016,2026-03-25 01:48:27.263733,运动,441.07,1,441.07,4.0,已完成,微信支付,女,18-25,华北,2026-03-25,2026-03,Wednesday,1
ORD_000588,USER_0120,PROD_00199,2026-03-25 03:28:17.263733,服装,428.85,1,428.85,5.0,已完成,支付宝,男,26-35,华中,2026-03-25,2026-03,Wednesday,3
ORD_000589,USER_0164,PROD_00282,2026-03-25 04:39:44.263733,食品,75.96,2,151.92,3.0,已完成,支付宝,男,26-35,华北,2026-03-25,2026-03,Wednesday,4
ORD_000590,USER_0021,PROD_00086,2026-03-25 06:51:36.263733,服装,628.14,1,628.14,5.0,已完成,银行卡,男,26-35,西南,2026-03-25,2026-03,Wednesday,6
ORD_000591,USER_0164,PROD_00250,2026-03-25 09:19:39.263733,电子产品,2739.5112500000005,1,2783.18,3.0,已完成,支付宝,男,55+,西北,2026-03-25,2026-03,Wednesday,9
ORD_000592,USER_0138,PROD_00270,2026-03-25 11:21:21.263733,家居,1002.56,2,2005.12,4.0,已完成,支付宝,女,26-35,华东,2026-03-25,2026-03,Wednesday,11
ORD_000593,USER_0101,PROD_00117,2026-03-25 13:58:25.263733,电子产品,1655.39,2,3310.78,5.0,已完成,银行卡,男,26-35,华南,2026-03-25,2026-03,Wednesday,13
ORD_000594,USER_0152,PROD_00007,2026-03-25 14:33:23.263733,美妆,431.17,1,431.17,4.0,已完成,微信支付,男,18-25,华东,2026-03-25,2026-03,Wednesday,14
ORD_000595,USER_0192,PROD_00137,2026-03-25 14:38:47.263733,服装,234.9,1,234.9,5.0,已完成,支付宝,男,18-25,华南,2026-03-25,2026-03,Wednesday,14
ORD_000596,USER_0177,PROD_00176,2026-03-25 15:43:46.263733,电子产品,1331.01,1,1331.01,4.0,已完成,支付宝,男,36-45,华南,2026-03-25,2026-03,Wednesday,15
ORD_000597,USER_0099,PROD_00215,2026-03-25 20:09:17.263733,食品,203.23,1,203.23,5.0,已完成,信用卡,女,26-35,西南,2026-03-25,2026-03,Wednesday,20
ORD_000598,USER_0036,PROD_00082,2026-03-25 21:45:03.263733,电子产品,2739.5112500000005,1,6233.206249999999,3.0,已完成,银行卡,女,36-45,华中,2026-03-25,2026-03,Wednesday,21
ORD_000599,USER_0096,PROD_00223,2026-03-25 22:46:11.263733,服装,747.57,1,747.57,2.0,已完成,微信支付,男,18-25,华东,2026-03-25,2026-03,Wednesday,22
ORD_000600,USER_0152,PROD_00103,2026-03-25 23:48:49.263733,美妆,738.22,1,738.22,4.0,已完成,微信支付,女,26-35,华东,2026-03-25,2026-03,Wednesday,23
ORD_000601,USER_0151,PROD_00273,2026-03-25 23:58:45.263733,电子产品,2739.5112500000005,4,6233.206249999999,4.0,已完成,微信支付,女,26-35,华北,2026-03-25,2026-03,Wednesday,23
ORD_000602,USER_0190,PROD_00014,2026-03-26 00:08:26.263733,运动,1182.02,2,2364.04,3.0,已完成,信用卡,男,18-25,华南,2026-03-26,2026-03,Thursday,0
ORD_000603,USER_0037,PROD_00159,2026-03-26 02:10:22.263733,电子产品,2739.5112500000005,2,6233.206249999999,4.0,已完成,信用卡,女,18-25,华东,2026-03-26,2026-03,Thursday,2
ORD_000604,USER_0012,PROD_00152,2026-03-26 11:22:06.263733,服装,455.09,1,455.09,4.0,已完成,支付宝,女,18-25,西南,2026-03-26,2026-03,Thursday,11
ORD_000605,USER_0113,PROD_00108,2026-03-26 17:54:26.263733,美妆,290.39,1,290.39,2.0,已完成,银行卡,女,26-35,西南,2026-03-26,2026-03,Thursday,17
ORD_000606,USER_0183,PROD_00188,2026-03-26 22:57:38.263733,服装,331.09,1,331.09,4.0,已完成,支付宝,女,18-25,华南,2026-03-26,2026-03,Thursday,22
ORD_000607,USER_0013,PROD_00098,2026-03-27 06:05:33.263733,电子产品,2739.5112500000005,1,6233.206249999999,5.0,已完成,支付宝,男,55+,西南,2026-03-27,2026-03,Friday,6
ORD_000608,USER_0023,PROD_00131,2026-03-27 14:00:47.263733,服装,409.41,1,409.41,3.0,已完成,微信支付,女,26-35,华南,2026-03-27,2026-03,Friday,14
ORD_000609,USER_0099,PROD_00293,2026-03-27 14:30:23.263733,服装,80.62,3,241.86,4.0,已完成,微信支付,女,18-25,华中,2026-03-27,2026-03,Friday,14
ORD_000610,USER_0105,PROD_00171,2026-03-27 16:26:07.263733,运动,379.01,2,758.02,5.0,已完成,信用卡,女,18-25,华南,2026-03-27,2026-03,Friday,16
ORD_000611,USER_0030,PROD_00183,2026-03-27 23:25:21.263733,服装,343.73,2,687.46,4.0,已完成,支付宝,女,26-35,华东,2026-03-27,2026-03,Friday,23
ORD_000612,USER_0017,PROD_00039,2026-03-28 01:20:54.263733,运动,1326.03,1,1326.03,5.0,已完成,微信支付,男,18-25,西南,2026-03-28,2026-03,Saturday,1
ORD_000613,USER_0113,PROD_00015,2026-03-28 02:51:45.263733,图书,95.96,4,383.84,4.0,已完成,信用卡,女,46-55,华南,2026-03-28,2026-03,Saturday,2
ORD_000614,USER_0062,PROD_00004,2026-03-28 02:56:03.263733,食品,262.6,1,262.6,4.0,已完成,信用卡,女,46-55,华中,2026-03-28,2026-03,Saturday,2
ORD_000615,USER_0084,PROD_00210,2026-03-28 03:08:42.263733,图书,84.55,1,84.55,1.0,已完成,支付宝,男,18-25,华南,2026-03-28,2026-03,Saturday,3
ORD_000616,USER_0112,PROD_00161,2026-03-28 05:39:30.263733,服装,159.17,1,159.17,5.0,已完成,支付宝,男,26-35,华东,2026-03-28,2026-03,Saturday,5
ORD_000617,USER_0086,PROD_00016,2026-03-28 10:10:02.263733,母婴,598.3,3,1794.9,5.0,已完成,微信支付,女,18-25,华东,2026-03-28,2026-03,Saturday,10
ORD_000618,USER_0141,PROD_00108,2026-03-28 11:06:42.263733,电子产品,2739.5112500000005,5,6233.206249999999,2.0,已完成,支付宝,男,36-45,华南,2026-03-28,2026-03,Saturday,11
ORD_000619,USER_0187,PROD_00227,2026-03-28 11:16:13.263733,美妆,598.47,1,598.47,4.0,已完成,信用卡,男,26-35,华北,2026-03-28,2026-03,Saturday,11
ORD_000620,USER_0019,PROD_00170,2026-03-28 12:37:49.263733,食品,82.75,3,248.25,5.0,已完成,信用卡,女,26-35,华南,2026-03-28,2026-03,Saturday,12
ORD_000621,USER_0177,PROD_00034,2026-03-28 20:38:40.263733,食品,130.04,3,390.12,4.0,已完成,支付宝,男,18-25,华北,2026-03-28,2026-03,Saturday,20
ORD_000622,USER_0100,PROD_00251,2026-03-28 20:49:15.263733,家居,2000.0,1,2000.0,4.0,已完成,支付宝,男,36-45,华北,2026-03-28,2026-03,Saturday,20
ORD_000623,USER_0140,PROD_00247,2026-03-29 00:18:49.263733,美妆,283.37,1,283.37,5.0,已完成,支付宝,男,26-35,华北,2026-03-29,2026-03,Sunday,0
ORD_000624,USER_0189,PROD_00269,2026-03-29 05:49:28.263733,电子产品,2739.5112500000005,1,5913.75,5.0,已完成,信用卡,男,18-25,华南,2026-03-29,2026-03,Sunday,5
ORD_000625,USER_0147,PROD_00141,2026-03-29 08:19:53.263733,电子产品,1489.71,5,6233.206249999999,4.0,已完成,支付宝,女,36-45,西南,2026-03-29,2026-03,Sunday,8
ORD_000626,USER_0076,PROD_00274,2026-03-29 08:22:26.263733,美妆,808.59,1,808.59,5.0,已完成,微信支付,女,26-35,华南,2026-03-29,2026-03,Sunday,8
ORD_000627,USER_0009,PROD_00096,2026-03-29 12:14:56.263733,美妆,336.04,3,1008.12,5.0,已完成,微信支付,男,46-55,华南,2026-03-29,2026-03,Sunday,12
ORD_000628,USER_0199,PROD_00227,2026-03-29 12:34:18.263733,母婴,935.35,1,935.35,4.0,已完成,微信支付,男,18-25,华东,2026-03-29,2026-03,Sunday,12
ORD_000629,USER_0028,PROD_00039,2026-03-29 12:49:02.263733,美妆,275.24,2,550.48,4.0,已完成,支付宝,女,36-45,华南,2026-03-29,2026-03,Sunday,12
ORD_000630,USER_0128,PROD_00029,2026-03-29 19:36:02.263733,母婴,884.75,1,884.75,4.0,已完成,支付宝,男,36-45,华东,2026-03-29,2026-03,Sunday,19
ORD_000631,USER_0052,PROD_00245,2026-03-29 21:03:27.263733,美妆,333.31,2,666.62,5.0,已完成,信用卡,男,18-25,华北,2026-03-29,2026-03,Sunday,21
ORD_000632,USER_0083,PROD_00236,2026-03-29 21:34:03.263733,服装,297.25,3,891.75,5.0,已完成,信用卡,男,36-45,华东,2026-03-29,2026-03,Sunday,21
ORD_000633,USER_0111,PROD_00185,2026-03-30 00:18:11.263733,电子产品,2739.5112500000005,3,6233.206249999999,2.0,已完成,银行卡,女,26-35,华南,2026-03-30,2026-03,Monday,0
ORD_000634,USER_0144,PROD_00272,2026-03-30 01:04:30.263733,运动,637.04,3,1911.12,5.0,已完成,支付宝,女,46-55,华中,2026-03-30,2026-03,Monday,1
ORD_000635,USER_0117,PROD_00236,2026-03-30 04:06:45.263733,家居,1227.62,1,1227.62,4.0,已完成,支付宝,女,18-25,华南,2026-03-30,2026-03,Monday,4
ORD_000636,USER_0069,PROD_00239,2026-03-30 06:29:59.263733,电子产品,2739.5112500000005,2,6233.206249999999,2.0,已完成,微信支付,女,36-45,华东,2026-03-30,2026-03,Monday,6
ORD_000637,USER_0099,PROD_00266,2026-03-30 06:45:29.263733,服装,439.59,1,439.59,4.0,已完成,支付宝,女,26-35,华东,2026-03-30,2026-03,Monday,6
ORD_000638,USER_0140,PROD_00065,2026-03-30 08:07:47.263733,母婴,955.68,1,955.68,4.0,已完成,信用卡,女,46-55,华中,2026-03-30,2026-03,Monday,8
ORD_000639,USER_0025,PROD_00177,2026-03-30 10:50:01.263733,食品,130.11,2,260.22,5.0,已完成,微信支付,女,26-35,华东,2026-03-30,2026-03,Monday,10
ORD_000640,USER_0180,PROD_00003,2026-03-30 14:31:50.263733,食品,94.2,1,94.2,3.0,已完成,支付宝,男,46-55,华南,2026-03-30,2026-03,Monday,14
ORD_000641,USER_0123,PROD_00142,2026-03-30 16:52:16.263733,食品,118.78,2,237.56,5.0,已完成,支付宝,女,46-55,华南,2026-03-30,2026-03,Monday,16
ORD_000642,USER_0053,PROD_00158,2026-03-30 17:35:17.263733,服装,772.52,5,3862.6,4.0,已完成,信用卡,女,26-35,华北,2026-03-30,2026-03,Monday,17
ORD_000643,USER_0151,PROD_00146,2026-03-31 02:35:19.263733,服装,450.42,1,450.42,2.0,已完成,支付宝,女,36-45,华北,2026-03-31,2026-03,Tuesday,2
ORD_000644,USER_0144,PROD_00293,2026-03-31 03:54:40.263733,服装,278.56,2,557.12,5.0,已完成,微信支付,男,55+,华中,2026-03-31,2026-03,Tuesday,3
ORD_000645,USER_0057,PROD_00153,2026-03-31 05:17:39.263733,电子产品,2739.5112500000005,1,5195.01,4.0,已完成,支付宝,男,26-35,华东,2026-03-31,2026-03,Tuesday,5
ORD_000646,USER_0039,PROD_00193,2026-03-31 07:38:34.263733,美妆,663.52,1,663.52,4.0,已完成,支付宝,女,26-35,华东,2026-03-31,2026-03,Tuesday,7
ORD_000647,USER_0109,PROD_00073,2026-03-31 09:51:00.263733,食品,201.02,1,201.02,4.0,已完成,支付宝,女,26-35,华东,2026-03-31,2026-03,Tuesday,9
ORD_000648,USER_0181,PROD_00140,2026-03-31 10:23:59.263733,运动,484.5,4,1938.0,5.0,已完成,微信支付,女,26-35,华东,2026-03-31,2026-03,Tuesday,10
ORD_000649,USER_0042,PROD_00187,2026-03-31 12:20:42.263733,运动,561.63,3,1684.89,4.0,已完成,信用卡,男,18-25,华东,2026-03-31,2026-03,Tuesday,12
ORD_000650,USER_0186,PROD_00293,2026-03-31 15:16:32.263733,服装,302.98,4,1211.92,3.0,已完成,微信支付,女,18-25,华南,2026-03-31,2026-03,Tuesday,15
ORD_000651,USER_0167,PROD_00061,2026-03-31 15:53:33.263733,美妆,438.37,5,2191.85,3.0,已完成,支付宝,女,26-35,华南,2026-03-31,2026-03,Tuesday,15
ORD_000652,USER_0142,PROD_00198,2026-03-31 16:23:23.263733,食品,202.93,1,202.93,4.0,已完成,微信支付,女,26-35,华北,2026-03-31,2026-03,Tuesday,16
ORD_000653,USER_0122,PROD_00295,2026-03-31 18:26:33.263733,图书,127.56,1,127.56,5.0,已完成,支付宝,女,18-25,华南,2026-03-31,2026-03,Tuesday,18
ORD_000654,USER_0133,PROD_00011,2026-03-31 18:51:18.263733,服装,512.7,2,1025.4,4.0,已完成,银行卡,女,46-55,华北,2026-03-31,2026-03,Tuesday,18
ORD_000655,USER_0163,PROD_00062,2026-03-31 20:49:55.263733,美妆,1000.0,1,6233.206249999999,3.0,已完成,微信支付,女,36-45,华南,2026-03-31,2026-03,Tuesday,20
ORD_000656,USER_0075,PROD_00226,2026-03-31 21:39:30.263733,家居,1432.38,1,1432.38,3.0,已完成,支付宝,女,18-25,华东,2026-03-31,2026-03,Tuesday,21
ORD_000657,USER_0146,PROD_00153,2026-04-01 01:53:55.263733,服装,395.91,1,395.91,4.0,已完成,支付宝,女,36-45,华南,2026-04-01,2026-04,Wednesday,1
ORD_000658,USER_0076,PROD_00199,2026-04-01 03:22:12.263733,电子产品,2351.32,2,4702.64,5.0,已完成,银行卡,男,36-45,华东,2026-04-01,2026-04,Wednesday,3
ORD_000659,USER_0009,PROD_00052,2026-04-01 03:55:16.263733,美妆,367.28,2,734.56,4.0,已完成,支付宝,男,46-55,华东,2026-04-01,2026-04,Wednesday,3
ORD_000660,USER_0074,PROD_00260,2026-04-01 04:03:59.263733,美妆,460.61,1,460.61,5.0,已完成,银行卡,女,18-25,华南,2026-04-01,2026-04,Wednesday,4
ORD_000661,USER_0186,PROD_00059,2026-04-01 08:04:11.263733,服装,643.33,1,643.33,4.0,已完成,支付宝,女,18-25,西北,2026-04-01,2026-04,Wednesday,8
ORD_000662,USER_0145,PROD_00072,2026-04-01 16:32:42.263733,家居,1001.22,2,2002.44,3.0,已完成,支付宝,女,46-55,华北,2026-04-01,2026-04,Wednesday,16
ORD_000663,USER_0007,PROD_00148,2026-04-01 19:10:18.263733,食品,111.65,2,223.3,5.0,已完成,微信支付,女,46-55,华东,2026-04-01,2026-04,Wednesday,19
ORD_000664,USER_0174,PROD_00063,2026-04-01 21:17:53.263733,美妆,363.93,1,363.93,4.0,已完成,信用卡,男,36-45,华中,2026-04-01,2026-04,Wednesday,21
ORD_000665,USER_0141,PROD_00243,2026-04-01 23:08:41.263733,电子产品,2739.5112500000005,2,6233.206249999999,5.0,已完成,信用卡,女,36-45,华中,2026-04-01,2026-04,Wednesday,23
ORD_000666,USER_0168,PROD_00107,2026-04-02 01:34:04.263733,图书,171.65,1,171.65,5.0,已完成,支付宝,女,18-25,华北,2026-04-02,2026-04,Thursday,1
ORD_000667,USER_0170,PROD_00226,2026-04-02 04:29:08.263733,服装,800.0,1,800.0,2.0,已完成,支付宝,男,26-35,华中,2026-04-02,2026-04,Thursday,4
ORD_000668,USER_0137,PROD_00218,2026-04-02 04:48:49.263733,服装,383.45,3,1150.35,2.0,已完成,支付宝,男,18-25,华南,2026-04-02,2026-04,Thursday,4
ORD_000669,USER_0178,PROD_00241,2026-04-02 05:32:19.263733,电子产品,2739.5112500000005,2,6233.206249999999,5.0,已完成,微信支付,女,18-25,华东,2026-04-02,2026-04,Thursday,5
ORD_000670,USER_0027,PROD_00259,2026-04-02 05:38:39.263733,电子产品,2316.25,1,2316.25,4.0,已完成,微信支付,男,36-45,华南,2026-04-02,2026-04,Thursday,5
ORD_000671,USER_0122,PROD_00262,2026-04-02 08:34:13.263733,食品,300.0,2,600.0,3.0,已完成,信用卡,女,18-25,华南,2026-04-02,2026-04,Thursday,8
ORD_000672,USER_0194,PROD_00005,2026-04-02 15:40:49.263733,服装,210.94,2,421.88,2.0,已完成,信用卡,男,26-35,华南,2026-04-02,2026-04,Thursday,15
ORD_000673,USER_0005,PROD_00261,2026-04-02 15:58:09.263733,运动,1419.22,3,4257.66,1.0,已完成,支付宝,女,46-55,华北,2026-04-02,2026-04,Thursday,15
ORD_000674,USER_0029,PROD_00054,2026-04-02 21:13:45.263733,电子产品,2739.5112500000005,2,6233.206249999999,5.0,已完成,微信支付,女,18-25,西北,2026-04-02,2026-04,Thursday,21
ORD_000675,USER_0165,PROD_00047,2026-04-02 23:25:42.263733,服装,314.95,2,629.9,3.0,已完成,银行卡,女,55+,西南,2026-04-02,2026-04,Thursday,23
ORD_000676,USER_0166,PROD_00215,2026-04-03 02:36:15.263733,服装,243.98,1,243.98,4.0,已完成,银行卡,男,55+,西南,2026-04-03,2026-04,Friday,2
ORD_000677,USER_0083,PROD_00177,2026-04-03 05:30:38.263733,电子产品,2739.5112500000005,1,6233.206249999999,5.0,已完成,支付宝,女,26-35,华中,2026-04-03,2026-04,Friday,5
ORD_000678,USER_0136,PROD_00009,2026-04-03 11:35:17.263733,电子产品,2739.5112500000005,1,4747.72,4.0,已完成,支付宝,男,18-25,西北,2026-04-03,2026-04,Friday,11
ORD_000679,USER_0109,PROD_00099,2026-04-04 01:27:05.263733,食品,156.66,1,156.66,1.0,已完成,微信支付,男,26-35,华东,2026-04-04,2026-04,Saturday,1
ORD_000680,USER_0065,PROD_00020,2026-04-04 05:05:43.263733,食品,241.48,2,482.96,5.0,已完成,支付宝,女,26-35,华东,2026-04-04,2026-04,Saturday,5
ORD_000681,USER_0086,PROD_00241,2026-04-04 05:13:22.263733,食品,111.95,2,223.9,1.0,已完成,支付宝,女,26-35,华南,2026-04-04,2026-04,Saturday,5
ORD_000682,USER_0145,PROD_00061,2026-04-04 07:02:27.263733,家居,1015.94,1,1015.94,5.0,已完成,支付宝,女,26-35,华中,2026-04-04,2026-04,Saturday,7
ORD_000683,USER_0071,PROD_00178,2026-04-04 07:24:18.263733,家居,1044.0,1,1044.0,5.0,已完成,微信支付,男,55+,华南,2026-04-04,2026-04,Saturday,7
ORD_000684,USER_0045,PROD_00062,2026-04-04 09:41:56.263733,电子产品,2739.5112500000005,1,3289.86,4.0,已完成,支付宝,男,18-25,华中,2026-04-04,2026-04,Saturday,9
ORD_000685,USER_0132,PROD_00145,2026-04-04 09:50:21.263733,食品,282.38,1,282.38,4.0,已完成,支付宝,男,36-45,华东,2026-04-04,2026-04,Saturday,9
ORD_000686,USER_0036,PROD_00216,2026-04-04 09:54:51.263733,母婴,685.77,2,1371.54,4.0,已完成,支付宝,女,18-25,华东,2026-04-04,2026-04,Saturday,9
ORD_000687,USER_0070,PROD_00003,2026-04-04 14:31:50.263733,食品,71.3,1,71.3,4.0,已完成,银行卡,女,26-35,华中,2026-04-04,2026-04,Saturday,14
ORD_000688,USER_0159,PROD_00160,2026-04-04 14:56:01.263733,美妆,451.53,2,903.06,5.0,已完成,银行卡,女,46-55,华东,2026-04-04,2026-04,Saturday,14
ORD_000689,USER_0019,PROD_00227,2026-04-04 15:51:15.263733,服装,481.39,4,1925.56,5.0,已完成,微信支付,女,26-35,华南,2026-04-04,2026-04,Saturday,15
ORD_000690,USER_0189,PROD_00269,2026-04-04 19:35:36.263733,运动,505.37,1,505.37,4.0,已完成,微信支付,男,18-25,华东,2026-04-04,2026-04,Saturday,19
ORD_000691,USER_0108,PROD_00120,2026-04-05 06:12:01.263733,运动,525.7,1,525.7,5.0,已完成,信用卡,男,36-45,华南,2026-04-05,2026-04,Sunday,6
ORD_000692,USER_0182,PROD_00089,2026-04-05 12:35:39.263733,食品,117.95,1,117.95,5.0,已完成,支付宝,男,36-45,华北,2026-04-05,2026-04,Sunday,12
ORD_000693,USER_0167,PROD_00068,2026-04-06 00:59:12.263733,母婴,1408.8,2,2817.6,5.0,已完成,支付宝,男,36-45,华南,2026-04-06,2026-04,Monday,0
ORD_000694,USER_0091,PROD_00098,2026-04-06 03:40:54.263733,电子产品,2739.5112500000005,2,6233.206249999999,4.0,已完成,支付宝,男,26-35,华北,2026-04-06,2026-04,Monday,3
ORD_000695,USER_0090,PROD_00267,2026-04-06 05:04:25.263733,电子产品,2739.5112500000005,1,6233.206249999999,4.0,已完成,支付宝,女,26-35,华东,2026-04-06,2026-04,Monday,5
ORD_000696,USER_0019,PROD_00105,2026-04-06 06:45:51.263733,运动,580.89,2,1161.78,4.0,已完成,支付宝,男,46-55,华中,2026-04-06,2026-04,Monday,6
ORD_000697,USER_0039,PROD_00123,2026-04-06 07:55:23.263733,运动,929.4,3,2788.2,5.0,已退款,信用卡,女,46-55,华南,2026-04-06,2026-04,Monday,7
ORD_000698,USER_0126,PROD_00029,2026-04-06 10:08:10.263733,电子产品,2739.5112500000005,1,3400.08,4.0,已完成,微信支付,男,26-35,华北,2026-04-06,2026-04,Monday,10
ORD_000699,USER_0195,PROD_00137,2026-04-06 15:54:37.263733,服装,619.64,1,619.64,4.0,已完成,微信支付,女,36-45,华北,2026-04-06,2026-04,Monday,15
ORD_000700,USER_0173,PROD_00195,2026-04-06 17:49:33.263733,电子产品,2429.73,3,6233.206249999999,4.0,已完成,信用卡,女,26-35,华东,2026-04-06,2026-04,Monday,17
ORD_000701,USER_0141,PROD_00226,2026-04-06 18:07:29.263733,服装,616.17,2,1232.34,4.0,已完成,支付宝,女,26-35,西南,2026-04-06,2026-04,Monday,18
ORD_000702,USER_0126,PROD_00170,2026-04-06 18:18:35.263733,运动,836.28,3,2508.84,4.0,已完成,支付宝,男,18-25,华北,2026-04-06,2026-04,Monday,18
ORD_000703,USER_0058,PROD_00009,2026-04-06 18:35:18.263733,食品,112.55,2,225.1,5.0,已退款,微信支付,女,26-35,华南,2026-04-06,2026-04,Monday,18
ORD_000704,USER_0148,PROD_00040,2026-04-06 18:35:28.263733,服装,391.11,3,1173.33,2.0,已完成,微信支付,女,26-35,华东,2026-04-06,2026-04,Monday,18
ORD_000705,USER_0200,PROD_00025,2026-04-06 19:20:54.263733,服装,800.0,1,800.0,4.0,已完成,支付宝,男,18-25,西北,2026-04-06,2026-04,Monday,19
ORD_000706,USER_0061,PROD_00261,2026-04-06 19:57:26.263733,电子产品,2739.5112500000005,2,6233.206249999999,2.0,已完成,微信支付,男,26-35,华中,2026-04-06,2026-04,Monday,19
ORD_000707,USER_0127,PROD_00226,2026-04-06 23:56:32.263733,服装,299.08,4,1196.32,3.0,已完成,微信支付,男,36-45,华东,2026-04-06,2026-04,Monday,23
ORD_000708,USER_0105,PROD_00124,2026-04-06 23:56:59.263733,家居,555.74,2,1111.48,4.0,已完成,微信支付,女,36-45,华南,2026-04-06,2026-04,Monday,23
ORD_000709,USER_0167,PROD_00038,2026-04-07 00:24:56.263733,母婴,984.94,1,984.94,4.0,已完成,微信支付,女,36-45,华中,2026-04-07,2026-04,Tuesday,0
ORD_000710,USER_0001,PROD_00251,2026-04-07 02:10:30.263733,运动,871.27,1,871.27,4.0,已完成,支付宝,女,46-55,华北,2026-04-07,2026-04,Tuesday,2
ORD_000711,USER_0131,PROD_00176,2026-04-07 04:13:11.263733,电子产品,2739.5112500000005,1,6016.04,4.0,已完成,支付宝,男,18-25,华中,2026-04-07,2026-04,Tuesday,4
ORD_000712,USER_0092,PROD_00090,2026-04-07 05:29:59.263733,图书,52.95,1,52.95,2.0,已完成,微信支付,男,26-35,华南,2026-04-07,2026-04,Tuesday,5
ORD_000713,USER_0190,PROD_00037,2026-04-07 05:43:00.263733,运动,439.62,1,439.62,4.0,已完成,支付宝,女,36-45,华北,2026-04-07,2026-04,Tuesday,5
ORD_000714,USER_0191,PROD_00176,2026-04-07 12:41:17.263733,运动,1401.74,2,2803.48,5.0,已完成,信用卡,男,26-35,华南,2026-04-07,2026-04,Tuesday,12
ORD_000715,USER_0113,PROD_00284,2026-04-07 15:32:49.263733,食品,182.93,2,365.86,4.0,已完成,微信支付,女,26-35,华东,2026-04-07,2026-04,Tuesday,15
ORD_000716,USER_0153,PROD_00081,2026-04-07 16:42:58.263733,食品,202.38,1,202.38,4.0,已完成,支付宝,女,18-25,华北,2026-04-07,2026-04,Tuesday,16
ORD_000717,USER_0056,PROD_00114,2026-04-07 20:05:35.263733,服装,262.63,2,525.26,4.0,已完成,银行卡,男,46-55,东北,2026-04-07,2026-04,Tuesday,20
ORD_000718,USER_0161,PROD_00040,2026-04-08 05:00:30.263733,电子产品,2602.38,1,2602.38,5.0,已完成,微信支付,女,26-35,华南,2026-04-08,2026-04,Wednesday,5
ORD_000719,USER_0166,PROD_00224,2026-04-08 09:18:19.263733,服装,697.65,1,697.65,1.0,已完成,支付宝,男,46-55,华南,2026-04-08,2026-04,Wednesday,9
ORD_000720,USER_0117,PROD_00115,2026-04-08 10:11:15.263733,服装,714.28,1,714.28,5.0,已完成,银行卡,女,26-35,华北,2026-04-08,2026-04,Wednesday,10
ORD_000721,USER_0134,PROD_00186,2026-04-08 10:52:49.263733,食品,89.95,2,179.9,5.0,已完成,银行卡,男,36-45,华南,2026-04-08,2026-04,Wednesday,10
ORD_000722,USER_0058,PROD_00056,2026-04-08 22:01:31.263733,美妆,276.92,1,276.92,2.0,已完成,微信支付,女,36-45,华中,2026-04-08,2026-04,Wednesday,22
ORD_000723,USER_0044,PROD_00040,2026-04-09 02:22:36.263733,食品,146.81,1,146.81,3.0,已完成,支付宝,男,36-45,华中,2026-04-09,2026-04,Thursday,2
ORD_000724,USER_0173,PROD_00040,2026-04-09 02:34:29.263733,电子产品,2739.5112500000005,1,2849.79,5.0,已完成,微信支付,女,26-35,华东,2026-04-09,2026-04,Thursday,2
ORD_000725,USER_0160,PROD_00237,2026-04-09 03:55:35.263733,母婴,507.65,3,1522.95,4.0,已完成,银行卡,女,26-35,东北,2026-04-09,2026-04,Thursday,3
ORD_000726,USER_0173,PROD_00289,2026-04-09 04:34:36.263733,图书,58.84,1,58.84,1.0,已完成,支付宝,男,36-45,华中,2026-04-09,2026-04,Thursday,4
ORD_000727,USER_0061,PROD_00262,2026-04-09 10:52:06.263733,运动,625.04,2,1250.08,4.0,已完成,支付宝,女,26-35,西南,2026-04-09,2026-04,Thursday,10
ORD_000728,USER_0047,PROD_00216,2026-04-09 15:10:20.263733,母婴,429.46,2,858.92,4.0,已完成,银行卡,男,26-35,华北,2026-04-09,2026-04,Thursday,15
ORD_000729,USER_0149,PROD_00147,2026-04-09 16:38:18.263733,家居,586.95,3,1760.85,5.0,已完成,支付宝,女,18-25,西南,2026-04-09,2026-04,Thursday,16
ORD_000730,USER_0080,PROD_00168,2026-04-09 18:55:42.263733,母婴,888.09,4,3552.36,5.0,已完成,银行卡,男,46-55,华东,2026-04-09,2026-04,Thursday,18
ORD_000731,USER_0118,PROD_00092,2026-04-10 04:37:56.263733,电子产品,2739.5112500000005,1,4134.31,5.0,已完成,微信支付,女,18-25,华南,2026-04-10,2026-04,Friday,4
ORD_000732,USER_0164,PROD_00059,2026-04-10 10:37:57.263733,服装,541.6,1,541.6,4.0,已完成,微信支付,男,36-45,西南,2026-04-10,2026-04,Friday,10
ORD_000733,USER_0147,PROD_00059,2026-04-10 17:49:38.263733,服装,186.34,3,559.02,4.0,已完成,支付宝,男,26-35,华东,2026-04-10,2026-04,Friday,17
ORD_000734,USER_0020,PROD_00169,2026-04-11 08:00:13.263733,电子产品,2739.5112500000005,1,4271.05,4.0,已完成,支付宝,男,26-35,华东,2026-04-11,2026-04,Saturday,8
ORD_000735,USER_0185,PROD_00269,2026-04-11 09:00:32.263733,电子产品,2739.5112500000005,2,6233.206249999999,4.0,已完成,支付宝,女,36-45,华中,2026-04-11,2026-04,Saturday,9
ORD_000736,USER_0146,PROD_00045,2026-04-11 12:09:13.263733,家居,842.61,2,1685.22,3.0,已完成,微信支付,男,18-25,华中,2026-04-11,2026-04,Saturday,12
ORD_000737,USER_0047,PROD_00181,2026-04-11 16:16:40.263733,运动,1193.22,2,2386.44,5.0,已完成,微信支付,女,26-35,华东,2026-04-11,2026-04,Saturday,16
ORD_000738,USER_0049,PROD_00170,2026-04-12 01:26:40.263733,家居,1526.37,4,6233.206249999999,5.0,已完成,微信支付,女,36-45,西南,2026-04-12,2026-04,Sunday,1
ORD_000739,USER_0014,PROD_00191,2026-04-12 01:31:01.263733,电子产品,2739.5112500000005,5,6233.206249999999,4.0,已完成,信用卡,男,36-45,华北,2026-04-12,2026-04,Sunday,1
ORD_000740,USER_0143,PROD_00155,2026-04-12 01:49:35.263733,运动,858.65,2,1717.3,5.0,已完成,微信支付,女,18-25,华南,2026-04-12,2026-04,Sunday,1
ORD_000741,USER_0159,PROD_00188,2026-04-12 03:46:59.263733,家居,1347.07,1,1347.07,3.0,已完成,支付宝,男,46-55,华中,2026-04-12,2026-04,Sunday,3
ORD_000742,USER_0001,PROD_00007,2026-04-12 09:12:29.263733,食品,219.85,3,659.55,4.0,已完成,信用卡,男,36-45,华南,2026-04-12,2026-04,Sunday,9
ORD_000743,USER_0117,PROD_00133,2026-04-12 09:58:18.263733,美妆,721.35,1,721.35,5.0,已完成,微信支付,女,46-55,华东,2026-04-12,2026-04,Sunday,9
ORD_000744,USER_0054,PROD_00235,2026-04-12 14:38:50.263733,服装,243.08,1,243.08,4.0,已完成,支付宝,女,26-35,华东,2026-04-12,2026-04,Sunday,14
ORD_000745,USER_0118,PROD_00045,2026-04-12 16:17:33.263733,服装,180.98,3,542.94,5.0,已完成,支付宝,女,26-35,华南,2026-04-12,2026-04,Sunday,16
ORD_000746,USER_0003,PROD_00249,2026-04-12 17:30:15.263733,图书,50.59,1,50.59,5.0,已完成,银行卡,男,46-55,华南,2026-04-12,2026-04,Sunday,17
ORD_000747,USER_0144,PROD_00031,2026-04-12 21:20:27.263733,服装,371.3,1,371.3,4.0,已退款,支付宝,男,46-55,华中,2026-04-12,2026-04,Sunday,21
ORD_000748,USER_0185,PROD_00023,2026-04-12 22:11:26.263733,食品,208.59,1,208.59,5.0,已完成,微信支付,男,26-35,华中,2026-04-12,2026-04,Sunday,22
ORD_000749,USER_0012,PROD_00160,2026-04-12 22:57:05.263733,图书,63.32,3,189.96,3.0,已完成,微信支付,女,26-35,华北,2026-04-12,2026-04,Sunday,22
ORD_000750,USER_0074,PROD_00158,2026-04-12 23:52:50.263733,美妆,833.29,2,1666.58,4.0,已完成,支付宝,女,26-35,华中,2026-04-12,2026-04,Sunday,23
ORD_000751,USER_0016,PROD_00039,2026-04-13 06:59:22.263733,电子产品,2739.5112500000005,2,6233.206249999999,4.0,已完成,微信支付,女,26-35,华东,2026-04-13,2026-04,Monday,6
ORD_000752,USER_0200,PROD_00082,2026-04-13 12:09:58.263733,电子产品,2739.5112500000005,1,3321.91,4.0,已完成,支付宝,男,26-35,华东,2026-04-13,2026-04,Monday,12
ORD_000753,USER_0102,PROD_00258,2026-04-13 13:19:58.263733,电子产品,2739.5112500000005,3,6233.206249999999,5.0,已完成,微信支付,男,26-35,西南,2026-04-13,2026-04,Monday,13
ORD_000754,USER_0152,PROD_00206,2026-04-13 15:29:21.263733,家居,395.54,3,1186.62,4.0,已完成,微信支付,男,46-55,华东,2026-04-13,2026-04,Monday,15
ORD_000755,USER_0156,PROD_00077,2026-04-14 04:59:16.263733,食品,173.83,1,173.83,5.0,已完成,微信支付,男,18-25,华东,2026-04-14,2026-04,Tuesday,4
ORD_000756,USER_0117,PROD_00012,2026-04-14 06:09:13.263733,电子产品,2739.5112500000005,1,6233.206249999999,4.0,已完成,微信支付,男,36-45,华北,2026-04-14,2026-04,Tuesday,6
ORD_000757,USER_0008,PROD_00295,2026-04-14 07:02:09.263733,母婴,741.4,1,741.4,4.0,已完成,银行卡,女,18-25,华南,2026-04-14,2026-04,Tuesday,7
ORD_000758,USER_0122,PROD_00224,2026-04-14 14:38:43.263733,食品,61.44,5,307.2,5.0,已完成,银行卡,女,26-35,西南,2026-04-14,2026-04,Tuesday,14
ORD_000759,USER_0092,PROD_00013,2026-04-14 15:03:13.263733,服装,627.82,2,1255.64,3.0,已完成,支付宝,女,18-25,华东,2026-04-14,2026-04,Tuesday,15
ORD_000760,USER_0164,PROD_00046,2026-04-14 17:09:55.263733,食品,68.79,4,275.16,3.0,已完成,支付宝,女,26-35,华东,2026-04-14,2026-04,Tuesday,17
ORD_000761,USER_0090,PROD_00155,2026-04-14 17:24:36.263733,美妆,286.83,1,286.83,4.0,已完成,微信支付,男,36-45,华南,2026-04-14,2026-04,Tuesday,17
ORD_000762,USER_0136,PROD_00113,2026-04-14 19:35:35.263733,电子产品,2739.5112500000005,3,6233.206249999999,4.0,已完成,信用卡,女,46-55,华北,2026-04-14,2026-04,Tuesday,19
ORD_000763,USER_0186,PROD_00233,2026-04-14 20:33:40.263733,服装,451.92,3,1355.76,1.0,已完成,银行卡,男,18-25,华南,2026-04-14,2026-04,Tuesday,20
ORD_000764,USER_0060,PROD_00017,2026-04-14 23:48:28.263733,运动,477.09,2,954.18,5.0,已完成,银行卡,女,26-35,华南,2026-04-14,2026-04,Tuesday,23
ORD_000765,USER_0178,PROD_00223,2026-04-15 07:02:40.263733,食品,134.93,4,539.72,4.0,已完成,支付宝,女,26-35,西南,2026-04-15,2026-04,Wednesday,7
ORD_000766,USER_0028,PROD_00188,2026-04-15 07:27:04.263733,家居,1451.31,1,1451.31,4.0,已完成,微信支付,男,46-55,西南,2026-04-15,2026-04,Wednesday,7
ORD_000767,USER_0101,PROD_00163,2026-04-15 11:46:43.263733,食品,237.34,1,237.34,5.0,已完成,微信支付,女,36-45,华东,2026-04-15,2026-04,Wednesday,11
ORD_000768,USER_0041,PROD_00074,2026-04-15 13:17:54.263733,电子产品,2739.5112500000005,2,6233.206249999999,4.0,已完成,支付宝,男,26-35,华南,2026-04-15,2026-04,Wednesday,13
ORD_000769,USER_0192,PROD_00233,2026-04-15 17:42:00.263733,电子产品,2739.5112500000005,2,6233.206249999999,5.0,已完成,支付宝,女,36-45,华南,2026-04-15,2026-04,Wednesday,17
ORD_000770,USER_0155,PROD_00224,2026-04-15 18:25:13.263733,食品,232.38,2,464.76,3.0,已完成,信用卡,女,36-45,西北,2026-04-15,2026-04,Wednesday,18
ORD_000771,USER_0191,PROD_00060,2026-04-15 19:03:29.263733,服装,381.35,1,381.35,4.0,已完成,支付宝,男,18-25,东北,2026-04-15,2026-04,Wednesday,19
ORD_000772,USER_0145,PROD_00222,2026-04-15 21:03:11.263733,电子产品,2739.5112500000005,2,6233.206249999999,5.0,已完成,支付宝,男,26-35,华东,2026-04-15,2026-04,Wednesday,21
ORD_000773,USER_0161,PROD_00037,2026-04-15 21:56:09.263733,运动,997.64,1,997.64,4.0,已完成,支付宝,女,46-55,华北,2026-04-15,2026-04,Wednesday,21
ORD_000774,USER_0157,PROD_00278,2026-04-15 22:07:57.263733,母婴,985.41,1,985.41,5.0,已完成,信用卡,女,36-45,华南,2026-04-15,2026-04,Wednesday,22
ORD_000775,USER_0141,PROD_00196,2026-04-16 01:20:09.263733,运动,863.2,2,1726.4,4.0,已完成,微信支付,男,26-35,华东,2026-04-16,2026-04,Thursday,1
ORD_000776,USER_0046,PROD_00242,2026-04-16 08:40:32.263733,运动,500.7,2,1001.4,2.0,已完成,微信支付,女,26-35,华东,2026-04-16,2026-04,Thursday,8
ORD_000777,USER_0035,PROD_00219,2026-04-16 10:26:25.263733,服装,254.18,1,254.18,4.0,已完成,信用卡,男,26-35,华南,2026-04-16,2026-04,Thursday,10
ORD_000778,USER_0134,PROD_00192,2026-04-16 10:59:29.263733,母婴,728.74,1,728.74,4.0,已完成,支付宝,男,26-35,华南,2026-04-16,2026-04,Thursday,10
ORD_000779,USER_0082,PROD_00017,2026-04-16 11:00:35.263733,电子产品,2739.5112500000005,1,4578.51,5.0,已完成,微信支付,男,36-45,华东,2026-04-16,2026-04,Thursday,11
ORD_000780,USER_0115,PROD_00012,2026-04-16 13:49:07.263733,母婴,544.66,1,544.66,3.0,已完成,支付宝,男,26-35,华北,2026-04-16,2026-04,Thursday,13
ORD_000781,USER_0197,PROD_00193,2026-04-16 19:51:30.263733,母婴,945.34,3,2836.02,5.0,已完成,支付宝,男,36-45,华东,2026-04-16,2026-04,Thursday,19
ORD_000782,USER_0047,PROD_00022,2026-04-17 03:52:08.263733,美妆,1000.0,4,4000.0,5.0,已完成,银行卡,女,46-55,华北,2026-04-17,2026-04,Friday,3
ORD_000783,USER_0153,PROD_00120,2026-04-17 04:30:51.263733,母婴,319.8,1,319.8,3.0,已完成,银行卡,男,18-25,华南,2026-04-17,2026-04,Friday,4
ORD_000784,USER_0194,PROD_00210,2026-04-17 06:00:32.263733,家居,1358.0,3,4074.0,4.0,已完成,支付宝,男,26-35,华东,2026-04-17,2026-04,Friday,6
ORD_000785,USER_0010,PROD_00270,2026-04-17 10:14:36.263733,服装,411.21,3,1233.63,5.0,已完成,支付宝,男,26-35,华南,2026-04-17,2026-04,Friday,10
ORD_000786,USER_0056,PROD_00192,2026-04-17 10:18:49.263733,食品,194.17,3,582.51,5.0,已完成,微信支付,女,36-45,华东,2026-04-17,2026-04,Friday,10
ORD_000787,USER_0030,PROD_00175,2026-04-17 12:26:44.263733,家居,818.35,1,818.35,4.0,已完成,支付宝,女,18-25,华南,2026-04-17,2026-04,Friday,12
ORD_000788,USER_0109,PROD_00285,2026-04-17 12:44:21.263733,电子产品,2739.5112500000005,4,6233.206249999999,4.0,已完成,支付宝,男,36-45,华东,2026-04-17,2026-04,Friday,12
ORD_000789,USER_0005,PROD_00204,2026-04-17 20:14:07.263733,家居,1082.9,1,1082.9,4.0,已完成,支付宝,男,46-55,华南,2026-04-17,2026-04,Friday,20
ORD_000790,USER_0119,PROD_00164,2026-04-17 21:25:55.263733,母婴,657.9,1,657.9,5.0,已完成,支付宝,男,26-35,华东,2026-04-17,2026-04,Friday,21
ORD_000791,USER_0033,PROD_00251,2026-04-17 22:11:01.263733,电子产品,1987.04,1,1987.04,4.0,已完成,银行卡,男,46-55,华北,2026-04-17,2026-04,Friday,22
ORD_000792,USER_0118,PROD_00227,2026-04-17 22:53:12.263733,运动,702.8,1,702.8,5.0,已完成,支付宝,男,55+,华中,2026-04-17,2026-04,Friday,22
ORD_000793,USER_0065,PROD_00007,2026-04-18 02:27:48.263733,图书,54.18,1,54.18,2.0,已完成,支付宝,男,18-25,华东,2026-04-18,2026-04,Saturday,2
ORD_000794,USER_0146,PROD_00029,2026-04-18 04:02:01.263733,图书,152.49,1,152.49,2.0,已完成,微信支付,男,18-25,华南,2026-04-18,2026-04,Saturday,4
ORD_000795,USER_0177,PROD_00033,2026-04-18 07:12:13.263733,母婴,301.0,1,301.0,4.0,已完成,银行卡,女,46-55,华东,2026-04-18,2026-04,Saturday,7
ORD_000796,USER_0011,PROD_00134,2026-04-18 07:12:16.263733,食品,259.24,3,777.72,4.0,已完成,支付宝,男,46-55,华北,2026-04-18,2026-04,Saturday,7
ORD_000797,USER_0085,PROD_00079,2026-04-18 07:59:15.263733,母婴,948.29,3,2844.87,4.0,已完成,支付宝,女,18-25,华东,2026-04-18,2026-04,Saturday,7
ORD_000798,USER_0026,PROD_00058,2026-04-18 08:54:41.263733,美妆,652.03,1,652.03,4.0,已完成,支付宝,女,18-25,华南,2026-04-18,2026-04,Saturday,8
ORD_000799,USER_0063,PROD_00026,2026-04-18 11:33:11.263733,电子产品,1440.17,3,4320.51,4.0,已完成,微信支付,女,18-25,华南,2026-04-18,2026-04,Saturday,11
ORD_000800,USER_0086,PROD_00226,2026-04-18 13:51:22.263733,食品,131.52,3,394.56,3.0,已完成,微信支付,男,55+,西南,2026-04-18,2026-04,Saturday,13
