timestamp,station_id,weather,temperature,humidity,wind_speed,ridership
2023-01-01 00:00:00,7,晴天,12.4,62.7,2.8,13
2023-01-01 01:00:00,4,晴天,12.5,45.2,3.4,37
2023-01-01 02:00:00,8,阴天,9.8,66.6,6.0,12
2023-01-01 03:00:00,5,晴天,10.2,78.3,6.2,21
2023-01-01 04:00:00,7,大雨,13.5,94.8,5.9,5
2023-01-01 05:00:00,10,多云,19.6,54.7,0.5,20
2023-01-01 06:00:00,3,多云,14.3,73.2,0.9,13
2023-01-01 07:00:00,7,晴天,14.9,87.8,2.1,170
2023-01-01 08:00:00,8,大雨,21.0,38.3,1.3,16
2023-01-01 09:00:00,5,多云,18.7,87.0,0.4,155
2023-01-01 10:00:00,4,多云,21.9,63.0,1.0,113
2023-01-01 11:00:00,8,小雨,24.3,61.1,11.1,45
2023-01-01 12:00:00,8,小雨,14.3,51.9,1.3,50
2023-01-01 13:00:00,3,阴天,19.7,54.5,1.6,89
2023-01-01 14:00:00,6,多云,18.6,48.8,0.0,82
2023-01-01 15:00:00,5,多云,15.6,45.7,3.8,103
2023-01-01 16:00:00,2,阴天,11.7,66.7,1.6,72
2023-01-01 17:00:00,8,小雨,11.5,76.7,0.3,87
2023-01-01 18:00:00,6,晴天,15.3,44.3,10.4,276
2023-01-01 19:00:00,2,晴天,12.1,49.6,4.5,214
2023-01-01 20:00:00,5,大雨,10.1,63.8,3.9,1
2023-01-01 21:00:00,1,多云,11.7,43.3,9.5,32
2023-01-01 22:00:00,10,小雨,8.6,63.7,1.6,2
2023-01-01 23:00:00,6,多云,14.0,56.0,3.8,25
2023-01-02 00:00:00,9,晴天,8.1,35.4,0.7,25
2023-01-02 01:00:00,1,小雨,14.7,67.1,3.6,23
2023-01-02 02:00:00,10,晴天,10.6,51.6,0.0,30
2023-01-02 03:00:00,3,多云,,75.4,0.4,13
2023-01-02 04:00:00,7,多云,10.3,57.1,1.7,26
2023-01-02 05:00:00,4,多云,18.2,49.3,0.0,74
2023-01-02 06:00:00,9,小雨,17.1,59.5,1.9,18
2023-01-02 07:00:00,3,大雨,14.0,78.6,2.2,59
2023-01-02 08:00:00,5,大雨,17.9,87.6,2.9,54
2023-01-02 09:00:00,3,晴天,11.5,68.9,0.3,303
2023-01-02 10:00:00,7,晴天,15.3,51.2,0.6,224
2023-01-02 11:00:00,5,多云,17.6,60.5,2.9,167
2023-01-02 12:00:00,9,阴天,17.7,58.5,3.2,120
2023-01-02 13:00:00,7,大雨,23.5,57.7,,23
2023-01-02 14:00:00,2,大雨,13.6,56.2,2.3,20
2023-01-02 15:00:00,4,晴天,14.3,45.5,4.6,167
2023-01-02 16:00:00,9,多云,18.9,74.6,0.2,161
2023-01-02 17:00:00,2,多云,17.0,72.9,1.6,439
2023-01-02 18:00:00,10,晴天,14.0,60.3,1.2,349
2023-01-02 19:00:00,9,晴天,19.9,78.9,7.3,482
2023-01-02 20:00:00,10,阴天,14.4,68.9,0.6,42
2023-01-02 21:00:00,5,晴天,15.1,43.3,1.1,133
2023-01-02 22:00:00,2,晴天,10.5,54.7,6.9,109
2023-01-02 23:00:00,4,晴天,8.5,82.2,1.2,14
2023-01-03 00:00:00,7,阴天,8.4,54.6,2.3,49
2023-01-03 01:00:00,8,多云,13.0,49.6,0.1,39
2023-01-03 02:00:00,3,小雨,13.0,70.8,12.6,10
2023-01-03 03:00:00,1,阴天,10.8,55.8,5.2,33
2023-01-03 04:00:00,4,晴天,13.9,68.4,3.0,30
2023-01-03 05:00:00,2,小雨,16.6,59.5,0.2,38
2023-01-03 06:00:00,8,晴天,13.3,48.1,0.2,54
2023-01-03 07:00:00,4,晴天,15.3,49.6,2.4,428
2023-01-03 08:00:00,2,大雨,18.8,,1.0,74
2023-01-03 09:00:00,6,大雨,13.2,43.4,2.9,27
2023-01-03 10:00:00,6,多云,20.7,69.4,2.7,193
2023-01-03 11:00:00,10,多云,16.5,78.1,5.5,170
2023-01-03 12:00:00,4,多云,22.8,50.8,1.0,186
2023-01-03 13:00:00,6,晴天,26.3,,2.6,214
2023-01-03 14:00:00,2,晴天,17.2,77.1,4.5,217
2023-01-03 15:00:00,10,晴天,14.5,77.5,2.0,140
2023-01-03 16:00:00,2,晴天,17.0,70.8,5.3,188
2023-01-03 17:00:00,10,大雨,15.5,38.2,0.4,106
2023-01-03 18:00:00,4,晴天,17.0,67.7,4.0,450
2023-01-03 19:00:00,8,晴天,14.4,68.3,8.6,347
2023-01-03 20:00:00,7,多云,11.6,73.5,1.2,88
2023-01-03 21:00:00,9,阴天,11.7,62.3,1.4,72
2023-01-03 22:00:00,8,晴天,7.3,48.7,0.3,95
2023-01-03 23:00:00,5,晴天,12.7,53.9,3.1,48
2023-01-04 00:00:00,2,多云,14.9,77.7,2.4,46
2023-01-04 01:00:00,5,小雨,6.6,65.7,0.1,14
2023-01-04 02:00:00,8,多云,5.9,40.4,4.2,28
2023-01-04 03:00:00,10,大雨,10.3,85.6,5.3,4
2023-01-04 04:00:00,9,阴天,8.8,77.3,7.1,19
2023-01-04 05:00:00,9,大雨,9.9,84.9,2.4,0
2023-01-04 06:00:00,1,小雨,10.8,77.0,1.8,19
2023-01-04 07:00:00,9,多云,15.7,46.1,6.3,368
2023-01-04 08:00:00,7,晴天,16.3,65.0,1.5,420
2023-01-04 09:00:00,9,阴天,19.7,69.1,3.2,258
2023-01-04 10:00:00,8,多云,17.6,39.8,2.9,163
2023-01-04 11:00:00,1,晴天,16.2,42.4,1.4,216
2023-01-04 12:00:00,8,小雨,19.9,71.2,0.3,56
2023-01-04 13:00:00,8,晴天,16.7,72.3,0.1,213
2023-01-04 14:00:00,3,多云,20.9,95.5,1.7,130
2023-01-04 15:00:00,1,多云,13.5,56.1,2.0,131
2023-01-04 16:00:00,8,多云,11.0,34.8,5.2,121
2023-01-04 17:00:00,3,大雨,11.5,57.7,1.6,38
2023-01-04 18:00:00,3,晴天,13.7,72.7,1.0,385
2023-01-04 19:00:00,1,多云,12.8,54.5,1.9,320
2023-01-04 20:00:00,5,多云,12.9,61.5,0.8,97
2023-01-04 21:00:00,10,小雨,9.8,50.4,0.3,53
2023-01-04 22:00:00,7,大雨,8.1,77.9,0.4,23
2023-01-04 23:00:00,10,多云,14.5,71.2,1.2,47
2023-01-05 00:00:00,9,小雨,13.5,47.7,0.0,5
2023-01-05 01:00:00,7,晴天,13.1,52.2,0.7,59
2023-01-05 02:00:00,9,阴天,11.6,49.8,4.6,46
2023-01-05 03:00:00,8,多云,12.6,32.1,0.8,38
2023-01-05 04:00:00,2,小雨,10.1,48.6,0.4,10
2023-01-05 05:00:00,1,晴天,14.1,33.4,8.9,20
2023-01-05 06:00:00,7,晴天,12.2,74.0,,42
2023-01-05 07:00:00,7,多云,13.1,75.2,0.2,300
2023-01-05 08:00:00,8,阴天,12.6,55.5,0.2,207
2023-01-05 09:00:00,5,多云,,63.1,2.8,372
2023-01-05 10:00:00,3,阴天,19.8,76.1,2.3,133
2023-01-05 11:00:00,8,多云,18.9,71.8,0.2,165
2023-01-05 12:00:00,6,多云,18.7,90.1,0.8,119
2023-01-05 13:00:00,3,晴天,14.3,63.9,7.9,144
2023-01-05 14:00:00,1,大雨,20.1,81.8,2.5,34
2023-01-05 15:00:00,3,晴天,17.6,61.4,1.7,214
2023-01-05 16:00:00,5,阴天,20.2,58.2,0.9,143
2023-01-05 17:00:00,3,阴天,16.7,70.2,0.4,320
2023-01-05 18:00:00,1,阴天,17.1,68.3,1.5,311
2023-01-05 19:00:00,5,多云,13.7,50.9,7.7,308
2023-01-05 20:00:00,10,小雨,13.0,47.6,0.1,34
2023-01-05 21:00:00,7,大雨,14.3,61.1,14.1,19
2023-01-05 22:00:00,7,晴天,10.1,31.6,0.7,99
2023-01-05 23:00:00,9,小雨,11.6,55.4,1.6,10
2023-01-06 00:00:00,10,晴天,8.7,45.3,0.1,41
2023-01-06 01:00:00,10,多云,9.8,51.4,2.6,38
2023-01-06 02:00:00,3,晴天,15.5,48.3,2.0,69
2023-01-06 03:00:00,7,晴天,13.4,71.5,3.3,33
2023-01-06 04:00:00,1,多云,10.9,66.7,2.3,41
2023-01-06 05:00:00,4,多云,15.0,60.8,1.5,60
2023-01-06 06:00:00,4,小雨,11.2,54.2,4.0,23
2023-01-06 07:00:00,5,晴天,15.6,75.5,0.1,439
2023-01-06 08:00:00,7,多云,14.6,73.5,2.3,265
2023-01-06 09:00:00,7,晴天,19.9,58.3,0.4,411
2023-01-06 10:00:00,4,多云,18.8,80.3,1.7,134
2023-01-06 11:00:00,7,小雨,20.7,57.2,4.7,77
2023-01-06 12:00:00,3,多云,22.3,63.1,0.5,187
2023-01-06 13:00:00,6,小雨,18.4,51.4,8.2,67
2023-01-06 14:00:00,2,晴天,18.1,54.1,6.6,201
2023-01-06 15:00:00,10,大雨,18.4,50.6,1.6,47
2023-01-06 16:00:00,9,多云,14.9,70.3,0.0,135
2023-01-06 17:00:00,5,多云,16.3,65.6,4.7,400
2023-01-06 18:00:00,6,小雨,15.1,44.2,6.4,185
2023-01-06 19:00:00,4,晴天,14.4,68.5,0.6,347
2023-01-06 20:00:00,10,小雨,13.8,86.9,7.4,14
2023-01-06 21:00:00,7,小雨,6.7,50.1,7.4,16
2023-01-06 22:00:00,9,晴天,6.8,49.2,1.9,107
2023-01-06 23:00:00,7,晴天,6.7,60.1,4.8,52
2023-01-07 00:00:00,1,晴天,10.3,80.7,1.8,30
2023-01-07 01:00:00,1,阴天,9.3,53.4,2.5,33
2023-01-07 02:00:00,9,小雨,3.9,87.6,1.2,23
2023-01-07 03:00:00,9,晴天,17.3,44.1,0.5,32
2023-01-07 04:00:00,4,多云,6.5,62.8,4.1,18
2023-01-07 05:00:00,9,多云,13.8,34.5,0.0,41
2023-01-07 06:00:00,3,大雨,16.7,46.0,2.6,0
2023-01-07 07:00:00,7,晴天,14.1,56.8,6.0,177
2023-01-07 08:00:00,6,晴天,19.4,64.1,0.8,248
2023-01-07 09:00:00,8,阴天,15.5,78.6,1.2,168
2023-01-07 10:00:00,9,晴天,19.8,49.5,2.7,122
2023-01-07 11:00:00,5,晴天,13.3,66.3,0.9,80
2023-01-07 12:00:00,1,阴天,23.5,39.9,5.6,89
2023-01-07 13:00:00,3,小雨,19.8,75.1,1.4,38
2023-01-07 14:00:00,10,晴天,14.5,79.7,2.6,112
2023-01-07 15:00:00,8,晴天,20.4,75.6,0.8,103
2023-01-07 16:00:00,6,晴天,22.4,75.5,0.1,119
2023-01-07 17:00:00,8,晴天,13.5,58.6,0.6,213
2023-01-07 18:00:00,9,阴天,14.4,64.2,0.1,154
2023-01-07 19:00:00,4,多云,12.2,58.5,1.9,198
2023-01-07 20:00:00,1,小雨,10.2,59.3,2.7,27
2023-01-07 21:00:00,1,阴天,8.8,48.8,0.1,41
2023-01-07 22:00:00,10,多云,8.7,64.2,0.3,63
2023-01-07 23:00:00,4,晴天,8.4,66.3,2.0,36
2023-01-08 00:00:00,7,多云,8.9,74.8,4.8,23
2023-01-08 01:00:00,2,阴天,8.9,65.9,3.0,22
2023-01-08 02:00:00,3,大雨,,73.2,0.3,13
2023-01-08 03:00:00,1,晴天,13.5,48.8,6.6,0
2023-01-08 04:00:00,5,小雨,7.9,81.4,7.5,1
2023-01-08 05:00:00,1,多云,11.9,56.4,1.2,25
2023-01-08 06:00:00,8,阴天,18.8,29.3,2.9,16
2023-01-08 07:00:00,1,晴天,17.2,54.2,2.0,249
2023-01-08 08:00:00,1,多云,18.5,68.7,8.5,220
2023-01-08 09:00:00,2,阴天,19.3,61.2,2.1,181
2023-01-08 10:00:00,2,多云,18.5,30.9,9.7,109
2023-01-08 11:00:00,6,多云,19.7,63.2,0.7,91
2023-01-08 12:00:00,7,晴天,18.8,61.9,1.3,100
2023-01-08 13:00:00,5,晴天,22.4,45.4,4.6,133
2023-01-08 14:00:00,1,晴天,18.1,68.5,4.6,110
2023-01-08 15:00:00,1,阴天,18.2,58.0,4.0,72
2023-01-08 16:00:00,3,晴天,19.7,30.7,5.9,108
2023-01-08 17:00:00,2,多云,15.3,70.4,3.6,257
2023-01-08 18:00:00,5,小雨,14.8,62.6,3.0,87
2023-01-08 19:00:00,10,晴天,12.6,82.7,1.8,179
2023-01-08 20:00:00,6,多云,12.2,47.0,1.9,63
2023-01-08 21:00:00,7,小雨,10.5,56.5,1.6,23
2023-01-08 22:00:00,4,阴天,9.1,76.0,2.9,58
2023-01-08 23:00:00,7,小雨,8.0,46.3,1.6,0
2023-01-09 00:00:00,8,小雨,9.5,75.5,0.5,0
2023-01-09 01:00:00,1,晴天,13.2,75.9,0.3,21
2023-01-09 02:00:00,6,阴天,12.5,64.7,7.7,33
2023-01-09 03:00:00,8,晴天,6.7,57.5,0.1,46
2023-01-09 04:00:00,5,大雨,11.2,50.3,0.3,0
2023-01-09 05:00:00,4,晴天,11.8,49.2,1.8,35
2023-01-09 06:00:00,2,阴天,10.3,64.7,0.9,46
2023-01-09 07:00:00,6,小雨,17.1,20.0,1.6,152
2023-01-09 08:00:00,6,大雨,17.2,51.6,0.4,69
2023-01-09 09:00:00,1,晴天,24.6,49.6,0.4,412
2023-01-09 10:00:00,9,多云,18.3,45.2,4.8,188
2023-01-09 11:00:00,6,小雨,17.5,62.8,4.3,87
2023-01-09 12:00:00,3,大雨,17.4,38.0,0.3,10
2023-01-09 13:00:00,4,晴天,18.5,78.0,3.3,198
2023-01-09 14:00:00,4,阴天,21.1,73.7,,109
2023-01-09 15:00:00,3,阴天,20.7,80.4,3.7,125
2023-01-09 16:00:00,10,晴天,26.3,52.1,1.9,233
2023-01-09 17:00:00,3,大雨,12.7,63.1,0.9,23
2023-01-09 18:00:00,3,多云,15.3,72.3,3.3,378
2023-01-09 19:00:00,4,多云,11.7,58.0,1.4,310
2023-01-09 20:00:00,7,晴天,13.6,51.5,0.7,103
2023-01-09 21:00:00,4,多云,15.6,61.8,1.6,108
2023-01-09 22:00:00,9,小雨,13.3,56.9,4.3,13
2023-01-09 23:00:00,1,多云,6.5,43.9,1.9,37
2023-01-10 00:00:00,8,小雨,12.1,24.3,1.1,28
2023-01-10 01:00:00,7,小雨,3.8,46.1,5.3,47
2023-01-10 02:00:00,2,小雨,3.5,24.6,6.4,24
2023-01-10 03:00:00,8,晴天,10.7,47.0,1.7,19
2023-01-10 04:00:00,1,阴天,14.3,81.3,1.4,21
2023-01-10 05:00:00,9,多云,14.8,32.3,2.8,41
2023-01-10 06:00:00,9,晴天,20.7,66.7,0.2,40
2023-01-10 07:00:00,2,晴天,16.6,78.3,3.5,434
2023-01-10 08:00:00,7,多云,17.2,36.4,4.6,368
2023-01-10 09:00:00,10,阴天,22.0,86.9,1.5,252
2023-01-10 10:00:00,3,多云,18.2,58.9,0.6,183
2023-01-10 11:00:00,7,小雨,21.0,80.4,0.1,66
2023-01-10 12:00:00,10,晴天,21.3,64.1,3.0,193
2023-01-10 13:00:00,9,多云,16.9,53.1,0.9,152
2023-01-10 14:00:00,4,阴天,20.5,20.0,1.9,143
2023-01-10 15:00:00,1,大雨,25.1,43.3,1.5,25
2023-01-10 16:00:00,2,晴天,20.9,70.2,0.6,198
2023-01-10 17:00:00,1,多云,13.8,83.1,2.1,263
2023-01-10 18:00:00,5,晴天,22.0,38.9,1.8,493
2023-01-10 19:00:00,5,多云,15.8,59.1,2.9,381
2023-01-10 20:00:00,7,大雨,13.8,53.3,0.9,12
2023-01-10 21:00:00,9,大雨,11.2,66.3,0.7,9
2023-01-10 22:00:00,9,晴天,12.7,61.3,5.1,108
2023-01-10 23:00:00,3,阴天,10.5,54.4,3.6,0
2023-01-11 00:00:00,3,多云,10.1,69.6,4.4,11
2023-01-11 01:00:00,3,多云,9.8,49.6,0.4,31
2023-01-11 02:00:00,4,多云,13.6,60.2,0.8,44
2023-01-11 03:00:00,8,小雨,14.1,71.6,2.6,16
2023-01-11 04:00:00,6,多云,12.1,49.1,5.8,43
2023-01-11 05:00:00,8,多云,9.1,54.6,6.7,35
2023-01-11 06:00:00,1,多云,15.1,51.6,5.3,62
2023-01-11 07:00:00,8,晴天,14.1,66.8,0.1,347
2023-01-11 08:00:00,4,大雨,16.1,65.2,5.2,53
2023-01-11 09:00:00,1,多云,18.2,52.2,6.9,370
2023-01-11 10:00:00,8,晴天,16.1,65.1,0.2,210
2023-01-11 11:00:00,4,大雨,15.0,20.0,1.6,61
2023-01-11 12:00:00,6,阴天,20.9,72.5,2.3,128
2023-01-11 13:00:00,8,阴天,19.9,73.4,0.8,138
2023-01-11 14:00:00,4,多云,19.3,,2.2,156
2023-01-11 15:00:00,3,晴天,20.1,49.4,6.5,188
2023-01-11 16:00:00,9,多云,15.5,59.1,6.1,177
2023-01-11 17:00:00,3,晴天,17.3,46.3,8.4,476
2023-01-11 18:00:00,9,阴天,19.0,48.7,2.0,335
2023-01-11 19:00:00,2,晴天,12.9,64.6,1.6,371
2023-01-11 20:00:00,2,晴天,18.2,72.1,3.3,131
2023-01-11 21:00:00,2,多云,11.6,64.8,1.6,84
2023-01-11 22:00:00,6,多云,8.1,100.0,0.1,55
2023-01-11 23:00:00,3,大雨,12.7,78.7,3.8,0
2023-01-12 00:00:00,9,多云,9.7,71.0,1.0,32
2023-01-12 01:00:00,4,晴天,13.3,70.5,0.2,41
2023-01-12 02:00:00,1,晴天,11.9,61.3,0.1,49
2023-01-12 03:00:00,4,多云,10.5,67.6,8.0,42
2023-01-12 04:00:00,1,晴天,17.1,63.0,0.9,74
2023-01-12 05:00:00,5,小雨,12.2,75.8,1.8,0
2023-01-12 06:00:00,4,多云,8.5,55.8,9.0,29
2023-01-12 07:00:00,8,小雨,18.9,55.0,1.9,149
2023-01-12 08:00:00,8,阴天,18.5,77.7,0.2,311
2023-01-12 09:00:00,7,阴天,22.4,53.1,2.4,284
2023-01-12 10:00:00,3,阴天,16.7,45.8,0.3,157
2023-01-12 11:00:00,1,晴天,19.1,48.8,0.3,224
2023-01-12 12:00:00,1,晴天,18.9,71.2,5.7,209
2023-01-12 13:00:00,3,晴天,22.6,100.0,1.0,166
2023-01-12 14:00:00,6,阴天,21.3,46.7,3.4,140
2023-01-12 15:00:00,7,阴天,19.2,69.7,2.1,135
2023-01-12 16:00:00,6,阴天,18.2,62.3,0.8,133
2023-01-12 17:00:00,6,晴天,12.8,76.9,2.2,361
2023-01-12 18:00:00,6,阴天,17.3,69.5,0.2,354
2023-01-12 19:00:00,3,多云,16.1,77.9,1.3,384
2023-01-12 20:00:00,6,晴天,19.4,64.4,2.2,138
2023-01-12 21:00:00,8,多云,,47.5,0.8,98
2023-01-12 22:00:00,2,晴天,12.6,49.8,3.2,99
2023-01-12 23:00:00,5,多云,11.6,63.2,0.2,39
2023-01-13 00:00:00,1,晴天,7.9,67.0,2.0,16
2023-01-13 01:00:00,1,多云,13.9,54.2,3.8,52
2023-01-13 02:00:00,5,小雨,10.5,90.2,1.7,28
2023-01-13 03:00:00,3,阴天,10.9,74.1,6.2,25
2023-01-13 04:00:00,4,小雨,12.1,28.7,3.0,1
2023-01-13 05:00:00,3,多云,13.5,58.2,9.5,44
2023-01-13 06:00:00,1,大雨,13.5,44.6,1.0,0
2023-01-13 07:00:00,1,阴天,16.9,88.6,8.4,218
2023-01-13 08:00:00,5,晴天,17.2,26.7,2.8,421
2023-01-13 09:00:00,6,多云,18.0,66.3,4.1,380
2023-01-13 10:00:00,3,晴天,20.8,61.8,7.0,212
2023-01-13 11:00:00,9,晴天,20.1,72.2,2.4,193
2023-01-13 12:00:00,5,小雨,18.3,64.8,5.9,52
2023-01-13 13:00:00,8,阴天,17.5,91.0,2.3,112
2023-01-13 14:00:00,1,晴天,19.6,73.8,2.7,206
2023-01-13 15:00:00,5,大雨,16.3,32.4,1.8,30
2023-01-13 16:00:00,3,阴天,15.0,81.1,0.5,139
2023-01-13 17:00:00,1,阴天,13.9,63.0,2.4,250
2023-01-13 18:00:00,4,晴天,15.8,81.1,11.4,344
2023-01-13 19:00:00,5,阴天,17.3,55.2,4.6,321
2023-01-13 20:00:00,7,晴天,13.5,44.1,4.1,110
2023-01-13 21:00:00,1,多云,14.1,41.2,3.1,93
2023-01-13 22:00:00,3,晴天,10.5,75.9,1.3,101
2023-01-13 23:00:00,2,晴天,10.6,72.0,0.6,33
2023-01-14 00:00:00,9,小雨,15.0,51.1,0.8,0
2023-01-14 01:00:00,10,多云,12.7,20.0,0.0,21
2023-01-14 02:00:00,6,晴天,13.5,76.5,3.4,18
2023-01-14 03:00:00,10,晴天,10.7,29.4,5.0,27
2023-01-14 04:00:00,3,小雨,12.5,92.6,0.9,14
2023-01-14 05:00:00,8,晴天,14.9,38.3,0.3,42
2023-01-14 06:00:00,8,大雨,13.2,60.2,1.2,0
2023-01-14 07:00:00,2,晴天,9.2,,1.0,175
2023-01-14 08:00:00,6,晴天,18.7,65.5,1.8,244
2023-01-14 09:00:00,7,多云,21.4,64.9,0.9,203
2023-01-14 10:00:00,2,多云,19.5,62.0,1.2,90
2023-01-14 11:00:00,10,多云,18.0,53.5,7.1,124
2023-01-14 12:00:00,2,晴天,19.0,56.6,1.2,123
2023-01-14 13:00:00,10,阴天,13.7,50.2,4.6,94
2023-01-14 14:00:00,1,小雨,18.3,61.7,2.9,46
2023-01-14 15:00:00,8,晴天,15.2,33.7,1.2,104
2023-01-14 16:00:00,1,多云,15.4,64.7,5.1,90
2023-01-14 17:00:00,9,阴天,12.8,58.5,2.7,166
2023-01-14 18:00:00,6,晴天,11.2,72.6,0.0,201
2023-01-14 19:00:00,7,晴天,10.7,55.4,0.2,226
2023-01-14 20:00:00,10,大雨,14.4,69.0,4.2,4
2023-01-14 21:00:00,7,小雨,9.9,68.3,1.8,10
2023-01-14 22:00:00,10,多云,7.3,57.9,1.6,73
2023-01-14 23:00:00,3,晴天,12.4,65.3,0.5,14
2023-01-15 00:00:00,2,晴天,10.4,39.9,0.5,10
2023-01-15 01:00:00,9,小雨,3.1,,4.8,0
2023-01-15 02:00:00,8,晴天,13.7,51.8,5.3,15
2023-01-15 03:00:00,10,多云,11.7,57.3,2.5,53
2023-01-15 04:00:00,7,多云,14.8,44.2,1.0,35
2023-01-15 05:00:00,9,晴天,13.0,48.5,8.1,14
2023-01-15 06:00:00,4,阴天,19.8,84.7,2.9,9
2023-01-15 07:00:00,4,大雨,15.1,62.1,4.8,8
2023-01-15 08:00:00,1,小雨,9.6,55.5,0.0,77
2023-01-15 09:00:00,8,晴天,15.9,55.5,1.8,242
2023-01-15 10:00:00,3,晴天,20.8,60.0,6.1,123
2023-01-15 11:00:00,7,多云,20.3,70.8,1.2,73
2023-01-15 12:00:00,2,晴天,19.6,62.9,3.9,121
2023-01-15 13:00:00,2,阴天,16.9,63.2,3.2,109
2023-01-15 14:00:00,7,晴天,19.4,46.2,0.5,122
2023-01-15 15:00:00,6,多云,18.5,55.6,4.5,91
2023-01-15 16:00:00,3,多云,17.4,62.3,0.4,102
2023-01-15 17:00:00,9,小雨,17.9,59.5,3.9,108
2023-01-15 18:00:00,10,晴天,15.5,53.8,14.1,316
2023-01-15 19:00:00,6,多云,12.9,52.4,9.5,179
2023-01-15 20:00:00,10,晴天,9.5,66.5,4.8,44
2023-01-15 21:00:00,10,阴天,15.5,66.9,2.3,56
2023-01-15 22:00:00,6,晴天,16.6,74.8,3.4,84
2023-01-15 23:00:00,1,阴天,15.4,62.9,3.9,29
2023-01-16 00:00:00,4,大雨,12.1,28.9,0.0,17
2023-01-16 01:00:00,10,晴天,5.1,95.4,0.3,60
2023-01-16 02:00:00,6,大雨,5.3,59.9,2.7,0
2023-01-16 03:00:00,6,晴天,9.8,53.8,0.0,28
2023-01-16 04:00:00,5,阴天,12.3,59.1,7.2,0
2023-01-16 05:00:00,1,多云,13.4,54.1,2.0,42
2023-01-16 06:00:00,8,晴天,15.6,47.7,0.9,37
2023-01-16 07:00:00,5,多云,12.1,69.2,1.5,288
2023-01-16 08:00:00,5,晴天,22.3,57.8,5.7,415
2023-01-16 09:00:00,7,阴天,23.1,58.7,7.9,318
2023-01-16 10:00:00,4,晴天,15.4,22.5,0.4,181
2023-01-16 11:00:00,6,小雨,14.2,56.6,4.5,75
2023-01-16 12:00:00,4,多云,19.7,43.9,2.6,185
2023-01-16 13:00:00,3,阴天,23.6,52.2,2.6,148
2023-01-16 14:00:00,7,晴天,19.2,63.5,4.5,186
2023-01-16 15:00:00,8,多云,19.3,50.8,0.8,179
2023-01-16 16:00:00,4,多云,16.2,52.9,2.3,173
2023-01-16 17:00:00,2,小雨,16.7,61.4,1.2,154
2023-01-16 18:00:00,10,晴天,17.8,52.4,0.3,496
2023-01-16 19:00:00,3,晴天,14.9,44.2,0.3,358
2023-01-16 20:00:00,1,晴天,14.2,34.2,0.4,126
2023-01-16 21:00:00,8,小雨,6.5,65.0,2.9,38
2023-01-16 22:00:00,3,晴天,17.1,52.3,0.3,149
2023-01-16 23:00:00,10,多云,5.2,35.0,2.5,20
2023-01-17 00:00:00,7,晴天,10.5,78.7,2.7,42
2023-01-17 01:00:00,10,阴天,9.7,65.1,7.0,29
2023-01-17 02:00:00,5,阴天,10.3,42.2,3.0,22
2023-01-17 03:00:00,10,多云,14.1,49.4,12.7,19
2023-01-17 04:00:00,5,多云,10.4,75.7,0.1,0
2023-01-17 05:00:00,7,晴天,12.4,57.4,3.7,26
2023-01-17 06:00:00,9,晴天,11.6,53.7,0.1,49
2023-01-17 07:00:00,5,晴天,19.7,71.3,3.9,401
2023-01-17 08:00:00,1,小雨,18.3,57.5,1.5,144
2023-01-17 09:00:00,10,多云,20.4,78.4,2.8,335
2023-01-17 10:00:00,10,阴天,21.8,53.8,1.1,143
2023-01-17 11:00:00,1,多云,25.8,51.4,0.5,158
2023-01-17 12:00:00,2,小雨,25.5,60.2,3.9,96
2023-01-17 13:00:00,6,多云,20.8,74.5,7.0,182
2023-01-17 14:00:00,9,多云,19.8,63.7,0.6,174
2023-01-17 15:00:00,8,晴天,16.9,61.6,7.6,207
2023-01-17 16:00:00,5,多云,19.7,47.9,0.5,160
2023-01-17 17:00:00,1,多云,18.4,45.7,4.0,388
2023-01-17 18:00:00,7,小雨,12.8,74.5,9.6,150
2023-01-17 19:00:00,5,阴天,15.9,76.1,0.5,341
2023-01-17 20:00:00,6,晴天,15.5,75.6,1.7,145
2023-01-17 21:00:00,7,晴天,8.1,71.9,1.2,96
2023-01-17 22:00:00,3,多云,11.2,66.7,1.5,82
2023-01-17 23:00:00,10,多云,10.0,66.5,4.2,19
2023-01-18 00:00:00,3,晴天,10.0,62.0,3.2,50
2023-01-18 01:00:00,5,大雨,7.3,68.4,10.4,0
2023-01-18 02:00:00,6,阴天,5.2,59.4,0.6,0
2023-01-18 03:00:00,9,阴天,9.2,68.4,2.4,0
2023-01-18 04:00:00,5,晴天,9.8,73.8,1.8,6
2023-01-18 05:00:00,1,阴天,14.8,41.1,7.5,47
2023-01-18 06:00:00,4,小雨,16.1,76.4,0.0,31
2023-01-18 07:00:00,5,多云,17.2,59.1,13.6,339
2023-01-18 08:00:00,10,多云,13.3,81.9,2.0,218
2023-01-18 09:00:00,10,大雨,15.2,79.1,2.9,86
2023-01-18 10:00:00,5,多云,17.5,44.5,1.3,179
2023-01-18 11:00:00,7,多云,19.9,60.0,5.7,203
2023-01-18 12:00:00,4,多云,19.0,32.0,2.5,169
2023-01-18 13:00:00,1,多云,20.8,54.2,3.3,161
2023-01-18 14:00:00,5,晴天,22.3,65.3,3.1,186
2023-01-18 15:00:00,7,阴天,15.5,72.7,1.4,140
2023-01-18 16:00:00,10,小雨,14.6,61.0,0.2,74
2023-01-18 17:00:00,10,小雨,16.7,66.6,4.9,183
2023-01-18 18:00:00,6,晴天,14.8,49.5,1.0,358
2023-01-18 19:00:00,5,小雨,15.9,59.7,5.7,200
2023-01-18 20:00:00,4,晴天,12.5,51.1,2.8,111
2023-01-18 21:00:00,2,晴天,16.7,64.2,1.3,133
2023-01-18 22:00:00,4,多云,5.9,80.8,2.7,58
2023-01-18 23:00:00,10,多云,12.7,59.1,3.1,29
2023-01-19 00:00:00,10,多云,10.6,39.4,3.7,40
2023-01-19 01:00:00,3,晴天,6.0,62.9,5.2,27
2023-01-19 02:00:00,10,多云,4.5,70.6,0.5,0
2023-01-19 03:00:00,1,晴天,8.1,46.2,8.7,31
2023-01-19 04:00:00,8,阴天,16.1,78.6,1.6,34
2023-01-19 05:00:00,5,多云,17.0,51.1,5.9,63
2023-01-19 06:00:00,4,小雨,14.6,48.6,0.7,0
2023-01-19 07:00:00,8,晴天,15.2,33.3,0.1,425
2023-01-19 08:00:00,7,晴天,14.9,64.0,2.6,320
2023-01-19 09:00:00,2,阴天,18.0,87.2,1.2,230
2023-01-19 10:00:00,1,晴天,17.9,65.5,12.5,225
2023-01-19 11:00:00,4,多云,25.0,49.0,0.3,172
2023-01-19 12:00:00,8,小雨,16.3,67.7,0.1,64
2023-01-19 13:00:00,2,晴天,21.0,72.0,0.1,216
2023-01-19 14:00:00,3,大雨,24.6,77.4,0.7,43
2023-01-19 15:00:00,1,多云,20.9,41.5,2.6,156
2023-01-19 16:00:00,1,晴天,14.1,83.3,2.1,106
2023-01-19 17:00:00,3,晴天,11.7,63.2,1.3,370
2023-01-19 18:00:00,5,晴天,15.8,,0.3,378
2023-01-19 19:00:00,3,阴天,14.2,62.3,0.8,244
2023-01-19 20:00:00,1,小雨,16.2,68.7,0.6,67
2023-01-19 21:00:00,1,晴天,13.1,45.8,4.1,95
2023-01-19 22:00:00,8,晴天,9.2,74.8,4.5,110
2023-01-19 23:00:00,10,小雨,8.5,43.8,4.5,32
2023-01-20 00:00:00,2,多云,6.1,64.0,10.4,27
2023-01-20 01:00:00,3,多云,10.6,53.5,6.5,5
2023-01-20 02:00:00,2,多云,6.5,58.7,2.1,26
2023-01-20 03:00:00,3,晴天,14.2,76.3,1.6,41
2023-01-20 04:00:00,7,小雨,14.3,54.7,7.4,30
2023-01-20 05:00:00,1,阴天,15.4,76.6,2.8,27
2023-01-20 06:00:00,10,晴天,11.0,53.9,1.0,64
2023-01-20 07:00:00,8,多云,15.8,62.0,2.5,338
2023-01-20 08:00:00,10,多云,16.3,92.2,14.5,288
2023-01-20 09:00:00,10,多云,18.8,61.8,5.7,353
2023-01-20 10:00:00,10,晴天,20.9,58.9,1.0,223
2023-01-20 11:00:00,2,大雨,18.3,62.1,9.2,9
2023-01-20 12:00:00,3,多云,18.6,55.0,12.0,177
2023-01-20 13:00:00,9,多云,21.9,45.0,0.8,167
2023-01-20 14:00:00,7,晴天,15.9,90.9,6.8,185
2023-01-20 15:00:00,4,晴天,16.3,53.9,6.4,190
2023-01-20 16:00:00,10,晴天,17.5,37.2,0.1,209
2023-01-20 17:00:00,5,小雨,19.0,57.7,3.3,169
2023-01-20 18:00:00,2,晴天,12.1,65.4,1.1,366
2023-01-20 19:00:00,8,小雨,19.1,56.9,3.4,176
2023-01-20 20:00:00,4,多云,8.4,59.3,7.3,82
2023-01-20 21:00:00,9,多云,16.1,57.5,2.1,84
2023-01-20 22:00:00,5,多云,14.3,66.4,1.6,94
2023-01-20 23:00:00,9,多云,,72.3,7.6,16
2023-01-21 00:00:00,4,晴天,5.1,57.1,11.0,6
2023-01-21 01:00:00,10,晴天,12.3,98.8,0.2,0
2023-01-21 02:00:00,5,小雨,9.5,75.6,7.7,0
2023-01-21 03:00:00,9,小雨,8.4,59.9,0.3,16
2023-01-21 04:00:00,8,晴天,17.9,40.2,1.2,37
2023-01-21 05:00:00,3,多云,10.1,61.7,4.3,29
2023-01-21 06:00:00,1,晴天,12.8,72.2,4.5,7
2023-01-21 07:00:00,3,晴天,14.5,72.3,3.9,198
2023-01-21 08:00:00,4,晴天,9.1,32.2,0.1,185
2023-01-21 09:00:00,2,阴天,18.8,61.7,0.4,189
2023-01-21 10:00:00,1,晴天,16.6,52.8,8.3,128
2023-01-21 11:00:00,7,晴天,22.3,82.5,0.3,87
2023-01-21 12:00:00,8,晴天,22.8,61.9,0.2,137
2023-01-21 13:00:00,7,晴天,20.5,25.7,5.4,129
2023-01-21 14:00:00,5,小雨,20.1,65.5,3.1,25
2023-01-21 15:00:00,1,晴天,19.0,30.8,1.3,96
2023-01-21 16:00:00,7,晴天,15.4,66.8,0.5,101
2023-01-21 17:00:00,7,小雨,14.4,98.8,6.5,91
2023-01-21 18:00:00,9,晴天,19.0,80.4,13.4,211
2023-01-21 19:00:00,3,小雨,15.9,63.9,0.2,137
2023-01-21 20:00:00,9,多云,13.1,50.1,2.4,36
2023-01-21 21:00:00,1,晴天,13.3,79.1,0.9,44
2023-01-21 22:00:00,1,小雨,10.5,69.5,5.4,37
2023-01-21 23:00:00,4,晴天,10.7,56.0,1.3,37
2023-01-22 00:00:00,9,多云,11.8,51.9,3.8,28
2023-01-22 01:00:00,6,多云,3.9,46.4,2.3,16
2023-01-22 02:00:00,3,晴天,13.4,65.6,2.3,11
2023-01-22 03:00:00,1,小雨,14.0,53.7,5.9,21
2023-01-22 04:00:00,4,阴天,10.2,62.5,1.9,19
2023-01-22 05:00:00,9,阴天,17.4,73.9,5.6,15
2023-01-22 06:00:00,3,小雨,8.3,53.4,1.4,10
2023-01-22 07:00:00,9,多云,17.4,69.7,0.6,230
2023-01-22 08:00:00,7,晴天,17.6,78.3,1.8,259
2023-01-22 09:00:00,4,晴天,17.6,65.9,2.1,221
2023-01-22 10:00:00,3,多云,19.4,70.5,2.0,116
2023-01-22 11:00:00,10,多云,21.6,66.0,5.0,115
2023-01-22 12:00:00,5,阴天,14.6,60.2,2.5,59
2023-01-22 13:00:00,5,多云,22.8,72.6,6.6,104
2023-01-22 14:00:00,3,多云,18.1,84.1,2.2,84
2023-01-22 15:00:00,9,多云,21.6,72.8,0.8,73
2023-01-22 16:00:00,4,大雨,19.4,57.1,0.4,12
2023-01-22 17:00:00,5,小雨,15.0,57.5,6.1,103
2023-01-22 18:00:00,4,小雨,14.8,58.0,0.2,81
2023-01-22 19:00:00,5,晴天,13.6,74.2,0.4,210
2023-01-22 20:00:00,7,大雨,17.3,52.1,0.2,22
2023-01-22 21:00:00,9,晴天,8.0,44.6,1.7,50
2023-01-22 22:00:00,7,阴天,9.4,67.0,2.3,56
2023-01-22 23:00:00,5,多云,5.4,60.3,0.1,29
2023-01-23 00:00:00,10,多云,10.4,82.2,2.2,46
2023-01-23 01:00:00,10,多云,8.3,26.2,1.5,59
2023-01-23 02:00:00,7,小雨,9.2,63.1,4.5,41
2023-01-23 03:00:00,10,晴天,15.9,53.9,5.3,32
2023-01-23 04:00:00,5,阴天,10.0,72.2,3.5,32
2023-01-23 05:00:00,3,多云,13.2,55.8,1.9,22
2023-01-23 06:00:00,7,晴天,13.6,51.4,0.7,88
2023-01-23 07:00:00,2,晴天,15.1,74.0,5.6,431
2023-01-23 08:00:00,9,多云,25.8,79.2,1.3,378
2023-01-23 09:00:00,10,多云,13.3,58.5,1.3,281
2023-01-23 10:00:00,10,多云,21.3,58.8,7.4,132
2023-01-23 11:00:00,1,小雨,27.1,79.1,11.1,66
2023-01-23 12:00:00,6,多云,23.2,77.4,6.9,161
2023-01-23 13:00:00,7,阴天,20.0,75.5,19.0,134
2023-01-23 14:00:00,8,多云,15.8,54.0,6.1,176
2023-01-23 15:00:00,10,大雨,22.4,50.1,3.7,38
2023-01-23 16:00:00,9,晴天,20.3,84.5,1.0,122
2023-01-23 17:00:00,2,多云,11.7,69.1,9.2,304
2023-01-23 18:00:00,10,晴天,14.0,48.9,6.3,356
2023-01-23 19:00:00,2,多云,10.1,58.4,0.8,328
2023-01-23 20:00:00,5,阴天,3.9,61.3,2.0,30
2023-01-23 21:00:00,5,晴天,7.8,58.4,0.2,101
2023-01-23 22:00:00,6,晴天,11.0,55.6,9.2,107
2023-01-23 23:00:00,3,阴天,11.9,78.5,2.6,1
2023-01-24 00:00:00,8,晴天,9.0,67.9,0.8,48
2023-01-24 01:00:00,1,小雨,14.3,93.8,1.0,6
2023-01-24 02:00:00,6,多云,13.8,79.3,11.8,20
2023-01-24 03:00:00,4,大雨,11.1,62.0,2.9,25
2023-01-24 04:00:00,1,晴天,11.7,81.3,1.6,35
2023-01-24 05:00:00,7,晴天,14.9,65.3,2.1,29
2023-01-24 06:00:00,9,多云,14.9,96.3,0.3,17
2023-01-24 07:00:00,4,阴天,12.0,55.3,0.2,230
2023-01-24 08:00:00,4,多云,16.6,66.8,2.7,361
2023-01-24 09:00:00,6,晴天,20.5,51.0,2.2,422
2023-01-24 10:00:00,3,小雨,23.3,54.3,1.3,59
2023-01-24 11:00:00,6,阴天,22.7,54.9,2.5,124
2023-01-24 12:00:00,7,大雨,21.0,78.5,0.2,19
2023-01-24 13:00:00,10,阴天,24.2,63.1,8.6,137
2023-01-24 14:00:00,10,晴天,20.6,23.1,1.0,202
2023-01-24 15:00:00,3,晴天,18.3,61.4,0.2,200
2023-01-24 16:00:00,7,小雨,21.9,45.4,0.6,76
2023-01-24 17:00:00,3,大雨,18.5,53.4,0.3,101
2023-01-24 18:00:00,2,晴天,18.9,77.3,0.6,485
2023-01-24 19:00:00,10,晴天,10.1,39.8,1.6,381
2023-01-24 20:00:00,4,大雨,9.9,41.6,4.0,22
2023-01-24 21:00:00,8,晴天,9.0,35.1,1.0,105
2023-01-24 22:00:00,9,多云,11.2,54.2,1.7,94
2023-01-24 23:00:00,7,多云,15.6,34.7,7.9,46
2023-01-25 00:00:00,1,多云,6.6,35.9,1.1,45
2023-01-25 01:00:00,3,小雨,12.9,56.6,4.8,0
2023-01-25 02:00:00,9,多云,7.1,64.7,0.5,43
2023-01-25 03:00:00,1,小雨,17.8,46.3,0.6,22
2023-01-25 04:00:00,9,多云,7.7,65.4,1.8,5
2023-01-25 05:00:00,8,多云,15.9,61.7,0.8,44
2023-01-25 06:00:00,1,小雨,17.6,68.1,7.0,0
2023-01-25 07:00:00,6,晴天,18.2,44.4,0.2,414
2023-01-25 08:00:00,5,晴天,14.9,89.8,2.7,257
2023-01-25 09:00:00,6,晴天,15.4,42.9,,399
2023-01-25 10:00:00,10,晴天,23.1,50.6,0.2,201
2023-01-25 11:00:00,5,多云,23.0,67.7,4.0,172
2023-01-25 12:00:00,6,大雨,23.1,61.8,1.9,42
2023-01-25 13:00:00,5,小雨,23.3,72.7,3.9,71
2023-01-25 14:00:00,5,大雨,14.7,55.4,5.3,28
2023-01-25 15:00:00,4,多云,13.8,41.6,1.2,130
2023-01-25 16:00:00,3,多云,15.5,37.1,2.0,165
2023-01-25 17:00:00,3,多云,14.9,86.7,0.9,221
2023-01-25 18:00:00,4,晴天,13.2,55.5,0.7,362
2023-01-25 19:00:00,9,晴天,14.5,57.5,0.0,375
2023-01-25 20:00:00,2,多云,15.8,87.0,9.9,77
2023-01-25 21:00:00,9,阴天,10.6,52.6,1.7,68
2023-01-25 22:00:00,1,晴天,8.2,60.4,0.0,102
2023-01-25 23:00:00,1,晴天,12.6,44.5,0.0,55
2023-01-26 00:00:00,5,大雨,9.2,40.3,1.0,6
2023-01-26 01:00:00,6,晴天,10.5,88.3,0.0,35
2023-01-26 02:00:00,6,大雨,9.7,88.6,1.4,4
2023-01-26 03:00:00,3,小雨,12.5,75.3,0.2,7
2023-01-26 04:00:00,7,阴天,9.5,74.8,0.1,9
2023-01-26 05:00:00,9,多云,15.9,71.3,3.3,38
2023-01-26 06:00:00,10,小雨,14.9,48.9,7.1,20
2023-01-26 07:00:00,8,多云,14.0,64.4,1.6,276
2023-01-26 08:00:00,6,小雨,19.1,52.4,5.4,184
2023-01-26 09:00:00,8,多云,16.2,21.2,0.1,371
2023-01-26 10:00:00,5,晴天,17.2,76.8,4.5,221
2023-01-26 11:00:00,8,多云,16.2,68.3,0.2,141
2023-01-26 12:00:00,10,多云,14.9,40.2,5.5,155
2023-01-26 13:00:00,4,大雨,21.4,54.6,6.4,35
2023-01-26 14:00:00,10,小雨,22.8,75.8,4.6,84
2023-01-26 15:00:00,8,小雨,17.2,62.0,5.2,91
2023-01-26 16:00:00,10,晴天,15.1,34.5,2.5,203
2023-01-26 17:00:00,2,小雨,10.9,41.8,0.9,123
2023-01-26 18:00:00,5,多云,8.5,87.9,3.1,268
2023-01-26 19:00:00,9,阴天,15.9,61.0,1.7,316
2023-01-26 20:00:00,4,阴天,6.6,75.9,0.0,57
2023-01-26 21:00:00,6,晴天,8.0,87.6,1.9,79
2023-01-26 22:00:00,1,大雨,11.5,53.1,3.2,10
2023-01-26 23:00:00,9,晴天,10.4,65.3,0.0,39
2023-01-27 00:00:00,1,多云,11.0,30.5,2.9,31
2023-01-27 01:00:00,5,多云,10.2,50.9,3.2,53
2023-01-27 02:00:00,4,晴天,9.6,68.6,0.5,45
2023-01-27 03:00:00,3,小雨,8.1,57.1,1.7,2
2023-01-27 04:00:00,6,晴天,10.6,66.8,10.0,28
2023-01-27 05:00:00,2,晴天,12.8,,6.5,33
2023-01-27 06:00:00,3,多云,9.3,68.4,1.6,27
2023-01-27 07:00:00,5,小雨,13.9,65.0,1.3,117
2023-01-27 08:00:00,9,阴天,,62.9,0.4,275
2023-01-27 09:00:00,2,小雨,16.5,51.5,0.1,166
2023-01-27 10:00:00,10,小雨,18.3,46.1,1.1,71
2023-01-27 11:00:00,8,多云,21.8,80.3,8.5,123
2023-01-27 12:00:00,2,晴天,22.4,71.9,9.6,210
2023-01-27 13:00:00,5,晴天,24.4,48.2,5.0,215
2023-01-27 14:00:00,7,多云,14.8,61.0,1.3,128
2023-01-27 15:00:00,8,小雨,17.3,39.1,0.5,104
2023-01-27 16:00:00,1,多云,21.2,52.8,2.7,204
2023-01-27 17:00:00,6,小雨,11.1,68.0,3.1,147
2023-01-27 18:00:00,1,多云,11.5,63.9,1.7,300
2023-01-27 19:00:00,2,晴天,11.9,61.7,3.5,368
2023-01-27 20:00:00,1,晴天,18.6,46.7,4.1,116
2023-01-27 21:00:00,5,大雨,8.5,43.7,4.6,2
2023-01-27 22:00:00,10,小雨,13.9,74.2,2.1,14
2023-01-27 23:00:00,9,阴天,10.1,85.4,4.7,12
2023-01-28 00:00:00,6,晴天,6.6,68.2,0.1,4
2023-01-28 01:00:00,1,阴天,18.6,57.4,3.4,30
2023-01-28 02:00:00,1,晴天,11.3,78.4,0.8,12
2023-01-28 03:00:00,2,晴天,12.6,47.4,0.9,27
2023-01-28 04:00:00,9,阴天,14.1,75.8,0.3,27
2023-01-28 05:00:00,3,晴天,15.1,51.1,0.6,47
2023-01-28 06:00:00,1,小雨,21.5,51.8,14.5,6
2023-01-28 07:00:00,5,晴天,21.7,55.0,1.6,258
2023-01-28 08:00:00,7,多云,14.7,58.5,7.9,170
2023-01-28 09:00:00,6,阴天,24.6,73.7,0.5,194
2023-01-28 10:00:00,1,晴天,17.2,40.4,0.7,133
2023-01-28 11:00:00,5,小雨,20.8,50.9,2.4,66
2023-01-28 12:00:00,5,晴天,15.6,63.1,1.3,96
2023-01-28 13:00:00,6,小雨,22.9,68.4,3.1,36
2023-01-28 14:00:00,3,晴天,18.4,34.4,1.6,137
2023-01-28 15:00:00,5,晴天,15.1,48.1,5.0,130
2023-01-28 16:00:00,7,晴天,21.1,33.8,1.7,119
2023-01-28 17:00:00,5,晴天,20.6,49.5,2.5,276
2023-01-28 18:00:00,5,阴天,19.4,53.4,1.2,208
2023-01-28 19:00:00,5,多云,9.1,67.5,3.7,155
2023-01-28 20:00:00,10,晴天,17.2,25.6,3.2,93
2023-01-28 21:00:00,10,多云,10.6,69.8,1.5,54
2023-01-28 22:00:00,3,晴天,16.8,52.4,1.0,73
2023-01-28 23:00:00,1,小雨,12.0,54.9,2.9,16
2023-01-29 00:00:00,5,阴天,10.8,74.6,8.6,10
2023-01-29 01:00:00,9,多云,10.2,80.2,0.4,16
2023-01-29 02:00:00,1,阴天,10.6,50.2,4.8,15
2023-01-29 03:00:00,3,多云,9.4,50.1,2.3,30
2023-01-29 04:00:00,4,晴天,9.3,54.7,2.2,25
2023-01-29 05:00:00,1,小雨,12.6,50.0,9.8,0
2023-01-29 06:00:00,1,多云,18.6,38.5,2.8,4
2023-01-29 07:00:00,8,小雨,12.1,59.5,5.3,58
2023-01-29 08:00:00,2,阴天,21.5,50.1,2.2,182
2023-01-29 09:00:00,8,多云,19.0,61.5,0.9,222
2023-01-29 10:00:00,7,阴天,21.7,85.6,3.6,92
2023-01-29 11:00:00,10,大雨,22.3,58.4,7.7,3
2023-01-29 12:00:00,10,多云,22.8,48.7,5.5,122
2023-01-29 13:00:00,2,小雨,19.9,55.9,0.7,17
2023-01-29 14:00:00,6,晴天,19.5,61.9,1.1,121
2023-01-29 15:00:00,6,阴天,21.2,57.5,2.2,87
2023-01-29 16:00:00,3,小雨,14.4,51.6,2.5,39
2023-01-29 17:00:00,2,晴天,12.7,35.1,0.6,213
2023-01-29 18:00:00,1,晴天,13.6,69.5,0.8,220
2023-01-29 19:00:00,6,小雨,14.6,46.6,4.3,65
2023-01-29 20:00:00,5,晴天,18.3,81.9,3.9,77
2023-01-29 21:00:00,9,晴天,11.6,54.5,5.5,66
2023-01-29 22:00:00,1,多云,16.7,52.3,8.1,74
2023-01-29 23:00:00,7,晴天,11.7,52.9,1.1,19
2023-01-30 00:00:00,5,多云,8.6,62.3,5.9,28
2023-01-30 01:00:00,5,晴天,13.6,47.0,3.3,46
2023-01-30 02:00:00,2,晴天,9.9,49.9,9.5,62
2023-01-30 03:00:00,3,小雨,12.2,69.3,1.0,0
2023-01-30 04:00:00,7,多云,8.5,44.7,0.9,11
2023-01-30 05:00:00,6,晴天,9.2,68.2,3.7,42
2023-01-30 06:00:00,2,晴天,16.7,72.4,7.9,45
2023-01-30 07:00:00,6,多云,19.6,70.0,5.2,359
2023-01-30 08:00:00,2,晴天,23.3,63.5,3.9,422
2023-01-30 09:00:00,2,晴天,16.1,32.9,1.5,431
2023-01-30 10:00:00,2,晴天,23.7,41.8,3.8,198
2023-01-30 11:00:00,3,大雨,23.8,39.7,4.8,13
2023-01-30 12:00:00,2,大雨,18.5,54.3,4.2,19
2023-01-30 13:00:00,4,大雨,24.0,60.5,3.4,28
2023-01-30 14:00:00,9,小雨,22.2,42.1,0.1,59
2023-01-30 15:00:00,6,小雨,22.0,57.4,3.2,77
2023-01-30 16:00:00,1,多云,24.0,70.3,2.0,172
2023-01-30 17:00:00,8,小雨,19.6,45.0,9.8,176
2023-01-30 18:00:00,7,晴天,8.6,47.7,2.8,367
2023-01-30 19:00:00,10,小雨,14.7,77.7,2.8,115
2023-01-30 20:00:00,3,大雨,7.8,46.1,15.4,1
2023-01-30 21:00:00,1,多云,11.9,65.1,0.3,70
2023-01-30 22:00:00,5,多云,11.0,78.6,1.0,101
2023-01-30 23:00:00,4,晴天,8.4,42.3,3.2,73
2023-01-31 00:00:00,10,小雨,6.9,43.4,1.1,1
2023-01-31 01:00:00,8,小雨,8.6,56.5,1.3,11
2023-01-31 02:00:00,1,阴天,9.7,61.0,6.7,16
2023-01-31 03:00:00,10,晴天,11.1,50.4,2.6,42
2023-01-31 04:00:00,1,大雨,12.8,89.6,0.3,0
2023-01-31 05:00:00,4,多云,15.5,68.1,1.1,47
2023-01-31 06:00:00,8,阴天,14.1,47.9,0.2,36
2023-01-31 07:00:00,5,多云,20.1,39.5,2.4,339
2023-01-31 08:00:00,2,多云,17.4,59.1,0.6,361
2023-01-31 09:00:00,6,多云,21.3,66.6,5.8,330
2023-01-31 10:00:00,5,小雨,18.4,87.6,2.6,58
2023-01-31 11:00:00,2,阴天,28.1,61.1,0.2,103
2023-01-31 12:00:00,3,晴天,21.4,56.4,1.1,199
2023-01-31 13:00:00,9,晴天,24.7,45.4,2.9,198
2023-01-31 14:00:00,7,阴天,17.2,65.6,1.2,132
2023-01-31 15:00:00,7,多云,17.2,75.3,2.2,167
2023-01-31 16:00:00,6,小雨,16.7,33.2,7.2,81
2023-01-31 17:00:00,8,多云,23.7,61.1,1.3,404
2023-01-31 18:00:00,4,晴天,14.4,44.7,1.2,365
2023-01-31 19:00:00,8,大雨,11.2,39.6,5.1,47
2023-01-31 20:00:00,4,小雨,16.4,85.4,1.2,57
2023-01-31 21:00:00,8,晴天,11.6,73.3,0.2,126
2023-01-31 22:00:00,9,晴天,10.0,50.9,,84
2023-01-31 23:00:00,3,大雨,8.3,57.6,8.9,8
2023-02-01 00:00:00,3,晴天,16.5,55.2,8.1,43
2023-02-01 01:00:00,2,阴天,18.4,43.1,0.8,48
2023-02-01 02:00:00,10,晴天,18.0,51.9,2.4,50
2023-02-01 03:00:00,3,多云,15.0,71.8,0.4,43
2023-02-01 04:00:00,3,阴天,14.5,51.5,3.4,34
2023-02-01 05:00:00,5,小雨,6.6,67.0,0.6,10
2023-02-01 06:00:00,5,多云,17.2,51.6,0.2,68
2023-02-01 07:00:00,2,小雨,20.2,42.2,5.2,170
2023-02-01 08:00:00,10,晴天,22.3,77.9,1.2,436
2023-02-01 09:00:00,6,晴天,22.7,28.0,0.3,419
2023-02-01 10:00:00,5,阴天,32.7,86.8,5.4,84
2023-02-01 11:00:00,6,大雨,26.3,75.0,4.3,43
2023-02-01 12:00:00,1,小雨,21.3,62.7,3.5,88
2023-02-01 13:00:00,5,多云,,53.3,7.3,152
2023-02-01 14:00:00,9,晴天,25.5,54.5,2.0,204
2023-02-01 15:00:00,10,晴天,20.4,63.0,0.4,209
2023-02-01 16:00:00,2,多云,23.4,62.8,0.2,169
2023-02-01 17:00:00,1,大雨,22.9,45.6,1.2,78
2023-02-01 18:00:00,10,多云,23.1,61.0,0.3,399
2023-02-01 19:00:00,9,大雨,13.4,63.9,2.3,22
2023-02-01 20:00:00,10,晴天,19.4,55.5,0.0,115
2023-02-01 21:00:00,9,多云,20.7,93.6,1.8,106
2023-02-01 22:00:00,9,晴天,21.3,58.0,0.6,131
2023-02-01 23:00:00,6,多云,11.5,33.5,1.4,35
2023-02-02 00:00:00,8,晴天,14.6,44.8,3.4,38
2023-02-02 01:00:00,1,阴天,15.0,70.6,1.3,22
2023-02-02 02:00:00,10,晴天,17.7,49.2,1.3,43
2023-02-02 03:00:00,4,阴天,16.0,45.1,14.0,40
2023-02-02 04:00:00,1,多云,15.4,80.9,3.8,40
2023-02-02 05:00:00,8,阴天,19.4,62.5,2.2,67
2023-02-02 06:00:00,1,多云,19.0,51.0,2.6,35
2023-02-02 07:00:00,3,阴天,23.0,20.0,2.9,317
2023-02-02 08:00:00,4,晴天,20.1,69.3,0.1,409
2023-02-02 09:00:00,8,小雨,20.5,60.2,0.3,169
2023-02-02 10:00:00,6,阴天,28.3,79.5,3.1,110
2023-02-02 11:00:00,10,晴天,31.6,43.6,1.4,154
2023-02-02 12:00:00,7,晴天,30.5,54.4,0.2,155
2023-02-02 13:00:00,8,多云,24.6,64.5,1.1,162
2023-02-02 14:00:00,2,阴天,27.5,78.8,0.4,153
2023-02-02 15:00:00,10,多云,21.5,63.9,7.4,158
2023-02-02 16:00:00,8,多云,24.0,49.4,0.7,176
2023-02-02 17:00:00,3,晴天,19.5,79.5,0.5,484
2023-02-02 18:00:00,7,晴天,23.8,55.3,3.0,493
2023-02-02 19:00:00,3,大雨,22.1,62.7,2.2,87
2023-02-02 20:00:00,7,晴天,23.7,71.3,2.6,143
2023-02-02 21:00:00,2,小雨,15.8,83.4,1.7,32
2023-02-02 22:00:00,10,阴天,20.4,65.5,1.9,81
2023-02-02 23:00:00,6,晴天,16.7,98.8,4.5,23
2023-02-03 00:00:00,3,小雨,15.2,58.7,0.7,0
2023-02-03 01:00:00,3,晴天,16.2,64.4,1.5,50
2023-02-03 02:00:00,9,小雨,20.8,50.7,9.5,8
2023-02-03 03:00:00,7,晴天,16.1,64.8,0.6,68
2023-02-03 04:00:00,5,小雨,17.3,64.5,1.0,10
2023-02-03 05:00:00,10,晴天,12.5,75.7,0.6,40
2023-02-03 06:00:00,7,多云,19.6,66.7,0.1,38
2023-02-03 07:00:00,9,多云,,52.1,0.9,336
2023-02-03 08:00:00,1,晴天,20.2,63.8,0.1,438
2023-02-03 09:00:00,7,小雨,20.5,49.9,0.5,172
2023-02-03 10:00:00,6,晴天,18.8,68.2,1.4,214
2023-02-03 11:00:00,10,小雨,23.1,51.6,0.1,86
2023-02-03 12:00:00,9,晴天,29.3,39.0,4.2,144
2023-02-03 13:00:00,1,小雨,20.4,43.0,4.8,66
2023-02-03 14:00:00,4,晴天,26.7,42.4,1.6,209
2023-02-03 15:00:00,9,多云,26.2,52.1,12.5,194
2023-02-03 16:00:00,4,晴天,29.9,47.3,3.4,161
2023-02-03 17:00:00,10,小雨,24.4,59.7,4.1,196
2023-02-03 18:00:00,3,晴天,22.9,54.1,0.6,465
2023-02-03 19:00:00,9,阴天,19.8,67.7,5.5,344
2023-02-03 20:00:00,2,阴天,17.5,65.7,8.7,87
2023-02-03 21:00:00,4,晴天,19.0,55.1,0.8,138
2023-02-03 22:00:00,6,小雨,19.4,78.6,3.5,46
2023-02-03 23:00:00,2,晴天,15.7,46.1,4.1,64
2023-02-04 00:00:00,8,多云,18.9,75.1,1.1,39
2023-02-04 01:00:00,8,小雨,23.8,62.3,1.9,0
2023-02-04 02:00:00,1,小雨,15.9,54.1,0.3,31
2023-02-04 03:00:00,3,小雨,16.8,76.9,0.6,47
2023-02-04 04:00:00,10,晴天,17.2,68.4,0.2,25
2023-02-04 05:00:00,9,多云,19.1,43.9,2.5,23
2023-02-04 06:00:00,5,晴天,23.7,65.5,2.9,49
2023-02-04 07:00:00,6,小雨,21.6,65.4,7.4,98
2023-02-04 08:00:00,4,多云,23.1,75.1,2.3,214
2023-02-04 09:00:00,10,小雨,22.8,68.8,0.9,125
2023-02-04 10:00:00,2,晴天,25.8,69.9,0.2,101
2023-02-04 11:00:00,8,晴天,23.3,53.4,6.5,109
2023-02-04 12:00:00,6,晴天,21.3,56.9,2.0,127
2023-02-04 13:00:00,5,晴天,26.2,56.2,4.0,97
2023-02-04 14:00:00,9,晴天,30.3,36.0,0.0,88
2023-02-04 15:00:00,1,大雨,22.7,79.3,2.0,12
2023-02-04 16:00:00,5,阴天,19.4,43.2,1.2,98
2023-02-04 17:00:00,6,多云,27.0,64.0,0.1,250
2023-02-04 18:00:00,5,多云,20.1,55.0,4.5,214
2023-02-04 19:00:00,6,晴天,21.5,56.4,2.2,273
2023-02-04 20:00:00,6,阴天,15.3,70.2,1.2,45
2023-02-04 21:00:00,7,晴天,16.5,48.3,4.9,77
2023-02-04 22:00:00,4,阴天,19.9,66.8,1.8,39
2023-02-04 23:00:00,8,多云,15.6,67.0,0.0,32
2023-02-05 00:00:00,7,晴天,15.4,48.4,8.7,20
2023-02-05 01:00:00,9,阴天,10.7,73.7,0.9,25
2023-02-05 02:00:00,7,晴天,18.0,80.5,5.3,24
2023-02-05 03:00:00,3,多云,14.1,90.4,5.1,1
2023-02-05 04:00:00,3,多云,20.9,56.1,0.5,46
2023-02-05 05:00:00,8,晴天,19.3,62.9,1.9,51
2023-02-05 06:00:00,5,多云,20.9,63.8,0.1,30
2023-02-05 07:00:00,4,小雨,,70.0,1.3,93
2023-02-05 08:00:00,8,小雨,23.6,86.2,3.9,62
2023-02-05 09:00:00,6,晴天,28.7,67.3,0.8,211
2023-02-05 10:00:00,2,阴天,29.0,67.7,0.4,77
2023-02-05 11:00:00,4,晴天,21.2,43.6,2.1,109
2023-02-05 12:00:00,4,晴天,24.5,90.7,2.3,87
2023-02-05 13:00:00,6,晴天,27.3,52.9,3.4,128
2023-02-05 14:00:00,6,晴天,21.5,20.1,4.3,104
2023-02-05 15:00:00,1,晴天,18.8,25.9,3.6,112
2023-02-05 16:00:00,8,阴天,20.2,64.9,5.6,68
2023-02-05 17:00:00,6,晴天,20.9,40.9,0.8,268
2023-02-05 18:00:00,3,晴天,7.8,60.8,2.5,207
2023-02-05 19:00:00,9,晴天,15.4,37.6,1.3,297
2023-02-05 20:00:00,2,小雨,12.2,64.6,9.8,0
2023-02-05 21:00:00,8,阴天,19.9,68.5,1.7,62
2023-02-05 22:00:00,10,晴天,18.5,62.6,9.6,84
2023-02-05 23:00:00,3,晴天,16.0,49.6,4.4,44
2023-02-06 00:00:00,5,晴天,15.3,73.2,3.8,54
2023-02-06 01:00:00,6,晴天,16.8,54.0,2.0,45
2023-02-06 02:00:00,10,晴天,12.7,57.2,1.8,26
2023-02-06 03:00:00,6,多云,20.2,52.4,2.2,57
2023-02-06 04:00:00,4,晴天,17.8,56.0,1.0,58
2023-02-06 05:00:00,3,多云,21.5,88.1,7.0,26
2023-02-06 06:00:00,4,晴天,22.6,59.9,4.7,64
2023-02-06 07:00:00,1,阴天,22.9,41.0,4.8,285
2023-02-06 08:00:00,4,阴天,23.4,45.6,1.7,292
2023-02-06 09:00:00,1,多云,24.3,55.9,0.2,348
2023-02-06 10:00:00,1,多云,24.1,48.1,3.4,179
2023-02-06 11:00:00,10,多云,26.3,74.2,1.4,156
2023-02-06 12:00:00,6,多云,25.6,38.7,6.1,167
2023-02-06 13:00:00,5,小雨,23.4,58.2,4.5,68
2023-02-06 14:00:00,4,多云,26.2,75.2,0.5,175
2023-02-06 15:00:00,3,阴天,24.4,50.5,2.8,146
2023-02-06 16:00:00,1,阴天,,66.6,3.5,123
2023-02-06 17:00:00,6,晴天,15.9,59.4,2.5,479
2023-02-06 18:00:00,2,多云,20.1,59.5,2.2,378
2023-02-06 19:00:00,8,晴天,16.5,67.7,0.8,500
2023-02-06 20:00:00,10,晴天,15.9,32.1,0.8,127
2023-02-06 21:00:00,5,多云,18.1,78.1,4.4,130
2023-02-06 22:00:00,7,晴天,11.4,31.5,0.1,107
2023-02-06 23:00:00,10,阴天,15.6,77.0,4.5,38
2023-02-07 00:00:00,2,晴天,15.1,66.5,2.2,33
2023-02-07 01:00:00,8,多云,12.0,67.1,8.3,45
2023-02-07 02:00:00,2,小雨,16.1,84.2,17.8,16
2023-02-07 03:00:00,4,小雨,14.2,77.8,3.3,22
2023-02-07 04:00:00,1,多云,24.1,72.2,1.6,41
2023-02-07 05:00:00,5,阴天,22.3,55.6,1.9,37
2023-02-07 06:00:00,9,多云,20.2,54.6,0.7,29
2023-02-07 07:00:00,1,多云,20.0,72.6,0.3,355
2023-02-07 08:00:00,9,晴天,24.0,66.8,2.6,416
2023-02-07 09:00:00,8,多云,25.8,64.5,4.9,346
2023-02-07 10:00:00,6,大雨,25.1,59.1,0.9,33
2023-02-07 11:00:00,7,小雨,21.8,53.9,1.6,83
2023-02-07 12:00:00,3,大雨,24.4,39.2,2.4,34
2023-02-07 13:00:00,1,多云,25.1,69.7,7.2,170
2023-02-07 14:00:00,5,晴天,25.2,57.3,0.4,208
2023-02-07 15:00:00,2,晴天,24.5,56.3,0.8,206
2023-02-07 16:00:00,5,晴天,24.7,32.8,7.5,204
2023-02-07 17:00:00,8,小雨,25.3,61.4,0.1,184
2023-02-07 18:00:00,9,大雨,23.0,39.5,3.2,90
2023-02-07 19:00:00,2,晴天,20.5,53.5,3.1,455
2023-02-07 20:00:00,3,多云,13.7,71.9,1.4,83
2023-02-07 21:00:00,3,多云,20.0,60.9,1.9,119
2023-02-07 22:00:00,1,多云,18.1,58.4,5.8,90
2023-02-07 23:00:00,8,晴天,14.4,49.1,0.5,59
2023-02-08 00:00:00,6,晴天,15.1,51.8,0.8,54
2023-02-08 01:00:00,8,晴天,15.4,83.8,2.2,54
2023-02-08 02:00:00,9,晴天,14.4,71.7,1.6,55
2023-02-08 03:00:00,5,晴天,11.2,53.1,2.6,45
2023-02-08 04:00:00,3,晴天,14.2,58.4,7.6,5
2023-02-08 05:00:00,5,小雨,16.0,63.7,7.5,21
2023-02-08 06:00:00,5,晴天,14.1,66.6,0.8,42
2023-02-08 07:00:00,5,阴天,18.0,59.6,1.1,276
2023-02-08 08:00:00,3,晴天,25.9,33.4,0.5,395
2023-02-08 09:00:00,10,晴天,25.0,59.5,7.9,429
2023-02-08 10:00:00,4,多云,21.4,58.6,1.5,152
2023-02-08 11:00:00,9,晴天,22.8,90.9,1.8,193
2023-02-08 12:00:00,10,大雨,28.7,100.0,4.9,23
2023-02-08 13:00:00,9,晴天,28.4,69.6,2.2,176
2023-02-08 14:00:00,2,阴天,24.5,49.8,0.4,140
2023-02-08 15:00:00,8,阴天,27.1,70.2,1.7,151
2023-02-08 16:00:00,8,多云,20.2,34.5,3.0,172
2023-02-08 17:00:00,7,多云,22.0,52.0,3.8,415
2023-02-08 18:00:00,8,小雨,15.6,35.6,3.1,151
2023-02-08 19:00:00,3,多云,17.6,68.3,0.4,413
2023-02-08 20:00:00,6,小雨,17.6,41.8,1.1,62
2023-02-08 21:00:00,1,晴天,11.4,55.7,4.0,101
2023-02-08 22:00:00,7,晴天,17.4,59.3,6.4,129
2023-02-08 23:00:00,1,多云,17.5,59.6,0.1,38
2023-02-09 00:00:00,9,多云,18.0,52.9,0.1,47
2023-02-09 01:00:00,1,阴天,22.2,65.1,3.1,53
2023-02-09 02:00:00,1,晴天,16.9,41.2,2.4,42
2023-02-09 03:00:00,7,大雨,16.3,86.1,0.5,0
2023-02-09 04:00:00,2,晴天,12.7,44.5,2.4,76
2023-02-09 05:00:00,5,多云,19.9,60.6,11.0,52
2023-02-09 06:00:00,8,晴天,21.7,69.4,3.0,44
2023-02-09 07:00:00,8,多云,17.2,70.2,1.8,375
2023-02-09 08:00:00,3,晴天,21.8,71.6,5.3,436
2023-02-09 09:00:00,7,多云,23.6,36.1,0.7,364
2023-02-09 10:00:00,3,大雨,25.9,46.2,1.6,24
2023-02-09 11:00:00,6,多云,27.4,62.0,2.3,181
2023-02-09 12:00:00,6,多云,23.4,67.2,2.1,187
2023-02-09 13:00:00,3,大雨,25.4,78.9,7.6,5
2023-02-09 14:00:00,7,小雨,26.1,52.3,1.0,81
2023-02-09 15:00:00,3,多云,23.0,46.4,0.2,176
2023-02-09 16:00:00,8,晴天,21.2,51.8,7.4,206
2023-02-09 17:00:00,10,阴天,23.4,93.9,0.7,262
2023-02-09 18:00:00,4,多云,19.5,82.5,1.4,338
2023-02-09 19:00:00,1,晴天,15.1,57.5,2.3,470
2023-02-09 20:00:00,4,晴天,21.6,79.3,11.2,135
2023-02-09 21:00:00,7,大雨,13.2,51.4,2.3,20
2023-02-09 22:00:00,4,晴天,15.4,74.3,1.8,132
2023-02-09 23:00:00,6,阴天,16.1,39.3,2.6,14
2023-02-10 00:00:00,9,晴天,16.4,65.3,10.6,53
2023-02-10 01:00:00,1,大雨,15.7,75.3,5.1,11
2023-02-10 02:00:00,5,多云,6.8,55.1,0.6,27
2023-02-10 03:00:00,7,多云,14.4,69.2,4.9,31
2023-02-10 04:00:00,1,阴天,18.4,51.6,5.5,0
2023-02-10 05:00:00,4,多云,18.4,64.6,3.5,61
2023-02-10 06:00:00,6,多云,21.5,52.8,3.2,56
2023-02-10 07:00:00,2,晴天,24.4,72.3,1.7,402
2023-02-10 08:00:00,10,晴天,24.0,41.0,3.1,412
2023-02-10 09:00:00,5,晴天,21.3,44.8,4.0,444
2023-02-10 10:00:00,10,小雨,22.7,79.6,0.4,60
2023-02-10 11:00:00,1,晴天,29.7,23.1,0.9,163
2023-02-10 12:00:00,6,晴天,24.5,50.4,0.6,195
2023-02-10 13:00:00,6,多云,24.5,57.9,5.5,177
2023-02-10 14:00:00,4,小雨,25.9,65.3,3.4,78
2023-02-10 15:00:00,8,小雨,27.2,52.8,1.8,73
2023-02-10 16:00:00,4,晴天,19.8,43.1,5.2,208
2023-02-10 17:00:00,8,晴天,19.8,78.4,3.8,465
2023-02-10 18:00:00,8,阴天,15.2,75.8,7.3,300
2023-02-10 19:00:00,5,晴天,17.8,54.3,0.2,459
2023-02-10 20:00:00,4,阴天,19.2,33.1,2.1,77
2023-02-10 21:00:00,2,阴天,15.4,64.6,3.7,69
2023-02-10 22:00:00,3,大雨,20.9,62.7,0.7,26
2023-02-10 23:00:00,3,晴天,15.5,50.0,1.2,48
2023-02-11 00:00:00,4,大雨,14.7,30.7,1.6,8
2023-02-11 01:00:00,4,大雨,14.1,55.9,4.7,11
2023-02-11 02:00:00,10,多云,11.6,71.5,2.0,31
2023-02-11 03:00:00,5,晴天,16.2,73.8,2.0,36
2023-02-11 04:00:00,4,晴天,18.6,59.3,1.7,15
2023-02-11 05:00:00,10,晴天,18.4,50.6,0.8,39
2023-02-11 06:00:00,8,多云,20.7,71.0,7.7,29
2023-02-11 07:00:00,6,多云,19.3,42.9,1.1,247
2023-02-11 08:00:00,6,多云,18.8,39.7,2.5,214
2023-02-11 09:00:00,8,多云,23.2,58.7,0.5,220
2023-02-11 10:00:00,7,多云,25.0,83.2,1.7,80
2023-02-11 11:00:00,10,小雨,24.3,83.8,7.0,38
2023-02-11 12:00:00,10,阴天,25.6,40.2,16.2,83
2023-02-11 13:00:00,8,晴天,27.2,53.4,1.3,115
2023-02-11 14:00:00,2,多云,26.6,96.5,0.5,85
2023-02-11 15:00:00,9,晴天,26.1,49.7,1.1,131
2023-02-11 16:00:00,1,小雨,25.5,84.3,1.2,31
2023-02-11 17:00:00,8,小雨,22.8,74.6,3.1,121
2023-02-11 18:00:00,4,阴天,21.1,77.9,2.1,207
2023-02-11 19:00:00,4,晴天,24.5,53.3,4.4,270
2023-02-11 20:00:00,5,阴天,19.9,53.8,3.6,41
2023-02-11 21:00:00,8,晴天,13.9,46.3,0.9,69
2023-02-11 22:00:00,5,小雨,10.1,72.0,4.6,15
2023-02-11 23:00:00,8,晴天,14.4,35.5,5.6,7
2023-02-12 00:00:00,10,阴天,16.9,57.5,2.7,46
2023-02-12 01:00:00,1,多云,18.0,84.5,7.9,6
2023-02-12 02:00:00,10,小雨,11.9,68.9,4.6,0
2023-02-12 03:00:00,9,大雨,18.7,75.0,2.7,0
2023-02-12 04:00:00,6,晴天,,35.3,7.1,33
2023-02-12 05:00:00,3,晴天,20.5,45.1,2.8,31
2023-02-12 06:00:00,8,阴天,21.2,77.8,2.2,49
2023-02-12 07:00:00,9,晴天,20.9,61.9,1.3,241
2023-02-12 08:00:00,6,晴天,21.1,44.4,6.4,257
2023-02-12 09:00:00,7,多云,25.9,69.4,0.4,231
2023-02-12 10:00:00,1,多云,26.1,52.0,1.9,93
2023-02-12 11:00:00,5,晴天,23.8,98.1,2.3,107
2023-02-12 12:00:00,5,晴天,32.6,69.0,2.4,66
2023-02-12 13:00:00,10,晴天,20.3,46.2,3.2,148
2023-02-12 14:00:00,4,多云,23.6,73.2,2.1,117
2023-02-12 15:00:00,6,阴天,21.2,84.2,0.9,57
2023-02-12 16:00:00,7,阴天,23.7,59.9,5.8,96
2023-02-12 17:00:00,9,小雨,15.4,48.5,3.2,128
2023-02-12 18:00:00,1,晴天,23.8,60.7,5.9,264
2023-02-12 19:00:00,6,阴天,21.7,50.8,1.0,187
2023-02-12 20:00:00,7,多云,18.3,56.1,3.0,88
2023-02-12 21:00:00,3,晴天,15.5,39.2,3.8,82
2023-02-12 22:00:00,8,阴天,17.8,73.1,1.5,62
2023-02-12 23:00:00,5,大雨,16.2,42.8,5.0,5
2023-02-13 00:00:00,9,小雨,17.9,69.1,0.0,32
2023-02-13 01:00:00,5,小雨,14.8,55.4,2.7,22
2023-02-13 02:00:00,9,晴天,15.1,63.3,2.9,52
2023-02-13 03:00:00,10,晴天,19.7,52.9,2.3,19
2023-02-13 04:00:00,4,小雨,19.4,62.9,3.0,29
2023-02-13 05:00:00,9,晴天,18.2,66.5,0.5,61
2023-02-13 06:00:00,5,多云,21.1,54.7,3.5,24
2023-02-13 07:00:00,10,大雨,21.8,34.1,1.2,47
2023-02-13 08:00:00,9,大雨,23.9,65.1,1.8,72
2023-02-13 09:00:00,3,多云,27.3,65.9,1.2,360
2023-02-13 10:00:00,4,大雨,23.3,38.5,1.9,1
2023-02-13 11:00:00,9,大雨,22.9,45.3,2.9,18
2023-02-13 12:00:00,10,小雨,25.8,54.8,5.5,82
2023-02-13 13:00:00,6,晴天,23.2,25.6,2.0,212
2023-02-13 14:00:00,2,晴天,21.6,70.6,1.2,194
2023-02-13 15:00:00,7,晴天,26.5,52.7,2.0,200
2023-02-13 16:00:00,2,晴天,21.6,64.3,3.5,189
2023-02-13 17:00:00,2,晴天,15.7,44.1,1.3,493
2023-02-13 18:00:00,1,晴天,22.5,90.3,1.6,381
2023-02-13 19:00:00,3,多云,17.4,38.7,2.5,390
2023-02-13 20:00:00,6,阴天,19.2,52.5,1.0,76
2023-02-13 21:00:00,8,晴天,19.7,78.0,0.7,116
2023-02-13 22:00:00,9,小雨,16.2,,0.5,79
2023-02-13 23:00:00,7,小雨,9.1,61.4,1.3,12
2023-02-14 00:00:00,4,晴天,9.1,69.4,0.1,33
2023-02-14 01:00:00,6,阴天,13.2,37.4,2.6,23
2023-02-14 02:00:00,5,多云,15.5,50.0,0.6,33
2023-02-14 03:00:00,8,多云,20.1,62.9,1.4,41
2023-02-14 04:00:00,1,大雨,18.4,66.8,0.9,8
2023-02-14 05:00:00,1,晴天,26.6,47.7,3.0,50
2023-02-14 06:00:00,6,小雨,15.5,87.6,5.7,0
2023-02-14 07:00:00,10,晴天,21.7,67.2,3.0,435
2023-02-14 08:00:00,2,大雨,21.2,71.6,2.3,56
2023-02-14 09:00:00,5,多云,24.2,70.8,3.3,347
2023-02-14 10:00:00,1,小雨,29.6,36.6,0.1,49
2023-02-14 11:00:00,7,晴天,30.3,58.3,0.4,140
2023-02-14 12:00:00,1,小雨,25.2,59.8,0.3,82
2023-02-14 13:00:00,4,大雨,27.4,56.2,0.3,44
2023-02-14 14:00:00,9,多云,25.0,63.1,0.9,160
2023-02-14 15:00:00,1,小雨,20.3,28.4,2.3,50
2023-02-14 16:00:00,4,多云,22.5,61.9,0.4,156
2023-02-14 17:00:00,6,阴天,19.8,55.5,8.2,320
2023-02-14 18:00:00,6,多云,19.8,28.3,5.8,381
2023-02-14 19:00:00,8,大雨,16.1,66.3,10.7,63
2023-02-14 20:00:00,1,大雨,18.0,42.3,0.1,12
2023-02-14 21:00:00,7,多云,17.4,54.3,5.7,114
2023-02-14 22:00:00,1,晴天,17.8,56.2,4.9,113
2023-02-14 23:00:00,7,多云,16.1,32.3,7.0,51
2023-02-15 00:00:00,3,大雨,19.9,34.0,2.3,32
2023-02-15 01:00:00,8,晴天,21.7,68.2,4.7,72
2023-02-15 02:00:00,3,多云,14.5,50.9,0.2,24
2023-02-15 03:00:00,1,大雨,19.4,54.1,0.2,17
2023-02-15 04:00:00,8,多云,23.8,61.1,0.4,51
2023-02-15 05:00:00,3,小雨,21.7,33.6,7.4,18
2023-02-15 06:00:00,2,晴天,22.2,53.9,0.2,53
2023-02-15 07:00:00,1,晴天,15.8,58.3,0.3,432
2023-02-15 08:00:00,3,大雨,20.8,86.5,8.0,65
2023-02-15 09:00:00,2,晴天,22.3,46.2,0.3,410
2023-02-15 10:00:00,2,晴天,28.5,71.8,6.1,167
2023-02-15 11:00:00,6,阴天,22.6,60.0,4.7,165
2023-02-15 12:00:00,1,晴天,24.7,43.0,0.1,216
2023-02-15 13:00:00,2,阴天,27.4,50.5,0.1,163
2023-02-15 14:00:00,6,阴天,22.0,73.0,2.3,101
2023-02-15 15:00:00,3,晴天,24.4,71.7,17.6,211
2023-02-15 16:00:00,4,晴天,22.9,52.2,6.3,206
2023-02-15 17:00:00,1,小雨,23.9,65.2,1.1,197
2023-02-15 18:00:00,8,多云,22.0,44.4,1.5,383
2023-02-15 19:00:00,7,晴天,20.6,57.4,1.5,465
2023-02-15 20:00:00,7,小雨,18.1,53.6,4.0,65
2023-02-15 21:00:00,3,晴天,11.4,74.0,1.3,88
2023-02-15 22:00:00,10,阴天,16.1,66.9,0.5,97
2023-02-15 23:00:00,10,晴天,15.3,49.9,4.1,50
2023-02-16 00:00:00,3,晴天,17.3,51.4,1.8,47
2023-02-16 01:00:00,2,晴天,13.9,59.6,0.2,47
2023-02-16 02:00:00,1,阴天,15.8,57.6,4.7,18
2023-02-16 03:00:00,7,小雨,16.7,55.8,2.6,7
2023-02-16 04:00:00,7,大雨,15.4,54.7,2.0,5
2023-02-16 05:00:00,2,多云,15.2,80.7,3.4,16
2023-02-16 06:00:00,7,晴天,21.1,53.2,2.1,69
2023-02-16 07:00:00,8,晴天,24.3,64.5,3.1,410
2023-02-16 08:00:00,1,多云,20.6,96.3,6.1,297
2023-02-16 09:00:00,9,多云,22.9,47.3,2.9,344
2023-02-16 10:00:00,7,小雨,26.8,62.9,3.2,88
2023-02-16 11:00:00,3,晴天,27.6,63.7,2.9,178
2023-02-16 12:00:00,8,阴天,25.7,59.8,2.3,161
2023-02-16 13:00:00,7,晴天,26.1,60.6,0.6,219
2023-02-16 14:00:00,8,阴天,25.9,46.8,1.2,132
2023-02-16 15:00:00,6,晴天,25.7,65.4,3.5,190
2023-02-16 16:00:00,9,多云,19.3,32.4,,178
2023-02-16 17:00:00,5,晴天,27.0,87.0,1.6,355
2023-02-16 18:00:00,3,多云,20.8,85.7,,320
2023-02-16 19:00:00,3,多云,20.9,55.1,,388
2023-02-16 20:00:00,1,多云,15.2,75.8,3.4,110
2023-02-16 21:00:00,8,多云,15.9,55.6,2.0,104
2023-02-16 22:00:00,2,小雨,16.8,60.1,1.4,40
2023-02-16 23:00:00,3,小雨,9.8,49.8,1.2,40
2023-02-17 00:00:00,8,大雨,12.3,72.3,0.6,17
2023-02-17 01:00:00,8,晴天,13.0,51.3,1.2,16
2023-02-17 02:00:00,4,小雨,11.8,71.8,1.5,1
2023-02-17 03:00:00,4,多云,16.8,59.4,1.7,55
2023-02-17 04:00:00,5,多云,17.3,59.7,3.3,57
2023-02-17 05:00:00,6,多云,23.0,37.6,1.8,22
2023-02-17 06:00:00,5,晴天,16.6,60.9,4.8,61
2023-02-17 07:00:00,7,晴天,22.0,42.8,3.1,426
2023-02-17 08:00:00,2,晴天,,60.9,0.6,393
2023-02-17 09:00:00,7,晴天,18.4,89.1,1.0,331
2023-02-17 10:00:00,10,小雨,26.1,39.2,0.2,75
2023-02-17 11:00:00,7,小雨,26.8,57.8,8.7,78
2023-02-17 12:00:00,1,阴天,26.7,50.5,6.5,120
2023-02-17 13:00:00,7,小雨,20.9,44.4,0.3,66
2023-02-17 14:00:00,5,晴天,24.6,48.1,2.6,193
2023-02-17 15:00:00,3,阴天,25.3,82.1,9.7,104
2023-02-17 16:00:00,3,阴天,25.4,86.0,4.1,104
2023-02-17 17:00:00,4,多云,23.2,44.3,2.0,398
2023-02-17 18:00:00,2,多云,22.9,66.0,0.8,405
2023-02-17 19:00:00,2,阴天,21.9,46.2,1.0,354
2023-02-17 20:00:00,1,多云,17.8,49.8,4.0,127
2023-02-17 21:00:00,5,阴天,18.0,29.3,4.6,113
2023-02-17 22:00:00,4,晴天,18.7,92.0,2.3,100
2023-02-17 23:00:00,10,晴天,16.3,76.5,0.4,35
2023-02-18 00:00:00,2,多云,18.6,50.2,8.1,37
2023-02-18 01:00:00,3,多云,17.8,64.3,5.6,25
2023-02-18 02:00:00,7,大雨,13.8,54.0,0.5,14
2023-02-18 03:00:00,7,阴天,12.5,74.2,0.2,2
2023-02-18 04:00:00,4,多云,17.6,54.9,2.3,35
2023-02-18 05:00:00,5,晴天,15.2,57.1,1.0,27
2023-02-18 06:00:00,5,大雨,20.2,50.1,1.0,0
2023-02-18 07:00:00,6,小雨,21.3,69.1,0.3,91
2023-02-18 08:00:00,9,晴天,26.4,93.1,9.2,210
2023-02-18 09:00:00,2,多云,25.1,55.7,5.3,226
2023-02-18 10:00:00,5,小雨,27.3,55.6,0.4,41
2023-02-18 11:00:00,3,大雨,23.4,59.6,6.3,23
2023-02-18 12:00:00,4,多云,29.6,63.9,3.4,84
2023-02-18 13:00:00,10,晴天,27.5,55.5,1.2,132
2023-02-18 14:00:00,6,阴天,25.6,54.1,6.1,99
2023-02-18 15:00:00,8,小雨,18.1,61.2,2.7,73
2023-02-18 16:00:00,1,多云,26.0,33.7,5.7,95
2023-02-18 17:00:00,10,晴天,26.6,51.8,1.9,305
2023-02-18 18:00:00,8,小雨,20.0,30.0,2.1,110
2023-02-18 19:00:00,7,晴天,18.8,52.6,1.0,267
2023-02-18 20:00:00,1,晴天,15.9,45.8,1.5,71
2023-02-18 21:00:00,2,多云,11.6,69.4,2.5,59
2023-02-18 22:00:00,3,晴天,14.0,49.0,8.8,73
2023-02-18 23:00:00,1,小雨,20.1,54.5,2.7,0
2023-02-19 00:00:00,9,晴天,18.2,27.8,0.5,18
2023-02-19 01:00:00,8,小雨,12.9,75.3,0.0,1
2023-02-19 02:00:00,2,晴天,13.9,43.7,5.7,10
2023-02-19 03:00:00,9,晴天,22.9,52.8,1.4,2
2023-02-19 04:00:00,7,晴天,14.4,71.7,1.1,0
2023-02-19 05:00:00,9,阴天,16.6,71.7,4.8,15
2023-02-19 06:00:00,6,阴天,18.7,43.3,8.7,24
2023-02-19 07:00:00,6,晴天,17.2,67.9,4.1,263
2023-02-19 08:00:00,4,大雨,20.9,42.8,0.6,18
2023-02-19 09:00:00,10,小雨,22.0,63.5,1.5,77
2023-02-19 10:00:00,10,阴天,21.6,48.2,4.3,76
2023-02-19 11:00:00,2,多云,28.8,44.8,7.1,79
2023-02-19 12:00:00,7,小雨,21.5,60.5,19.7,61
2023-02-19 13:00:00,5,晴天,24.4,49.1,2.1,132
2023-02-19 14:00:00,6,多云,21.7,90.3,5.2,76
2023-02-19 15:00:00,2,阴天,22.9,50.7,0.1,89
2023-02-19 16:00:00,5,多云,19.7,42.1,1.0,90
2023-02-19 17:00:00,10,晴天,21.5,46.5,1.4,285
2023-02-19 18:00:00,4,晴天,21.0,59.7,11.1,282
2023-02-19 19:00:00,9,小雨,22.9,61.7,0.0,130
2023-02-19 20:00:00,6,小雨,15.7,64.6,1.1,38
2023-02-19 21:00:00,2,多云,21.3,73.7,8.0,57
2023-02-19 22:00:00,1,阴天,13.2,34.9,1.1,31
2023-02-19 23:00:00,5,晴天,14.5,74.4,0.8,18
2023-02-20 00:00:00,9,晴天,20.3,46.3,3.9,27
2023-02-20 01:00:00,6,阴天,23.9,66.0,4.1,31
2023-02-20 02:00:00,10,晴天,20.7,85.8,1.9,38
2023-02-20 03:00:00,7,晴天,15.8,48.0,8.8,57
2023-02-20 04:00:00,5,多云,19.0,47.4,0.7,52
2023-02-20 05:00:00,10,大雨,20.8,44.6,7.3,9
2023-02-20 06:00:00,6,晴天,21.0,54.9,4.2,26
2023-02-20 07:00:00,5,阴天,18.3,79.0,1.4,274
2023-02-20 08:00:00,9,大雨,23.2,43.3,4.9,55
2023-02-20 09:00:00,6,晴天,22.0,52.6,0.4,432
2023-02-20 10:00:00,8,小雨,21.4,74.6,0.4,87
2023-02-20 11:00:00,2,多云,23.9,69.4,8.0,167
2023-02-20 12:00:00,9,多云,25.9,52.5,0.3,206
2023-02-20 13:00:00,5,大雨,27.8,56.8,0.0,54
2023-02-20 14:00:00,7,阴天,23.6,73.7,1.5,158
2023-02-20 15:00:00,10,晴天,23.3,83.7,0.3,172
2023-02-20 16:00:00,1,多云,24.9,85.5,6.0,144
2023-02-20 17:00:00,10,多云,21.5,80.7,7.7,326
2023-02-20 18:00:00,5,多云,21.1,49.9,2.0,373
2023-02-20 19:00:00,10,多云,18.9,87.3,1.7,304
2023-02-20 20:00:00,2,晴天,18.1,48.9,2.3,131
2023-02-20 21:00:00,6,小雨,13.2,35.2,0.8,41
2023-02-20 22:00:00,1,多云,16.0,61.7,1.1,112
2023-02-20 23:00:00,3,晴天,19.5,82.1,0.3,44
2023-02-21 00:00:00,5,大雨,15.5,70.0,1.8,0
2023-02-21 01:00:00,4,大雨,12.7,58.9,2.8,13
2023-02-21 02:00:00,3,多云,20.1,64.4,8.0,43
2023-02-21 03:00:00,10,晴天,18.6,68.0,4.0,47
2023-02-21 04:00:00,5,小雨,19.8,62.2,3.9,33
2023-02-21 05:00:00,8,晴天,20.9,55.6,1.1,35
2023-02-21 06:00:00,4,晴天,16.6,48.9,6.6,47
2023-02-21 07:00:00,1,小雨,23.2,61.7,,166
2023-02-21 08:00:00,7,晴天,26.7,58.2,8.1,409
2023-02-21 09:00:00,8,晴天,22.1,60.1,0.1,392
2023-02-21 10:00:00,3,晴天,18.5,75.7,2.8,185
2023-02-21 11:00:00,6,晴天,25.9,56.3,3.1,201
2023-02-21 12:00:00,2,晴天,25.1,56.9,1.0,199
2023-02-21 13:00:00,7,阴天,20.2,62.8,14.6,140
2023-02-21 14:00:00,8,晴天,26.1,99.4,,152
2023-02-21 15:00:00,6,晴天,25.1,43.6,0.7,183
2023-02-21 16:00:00,6,晴天,18.1,76.4,2.0,204
2023-02-21 17:00:00,5,阴天,27.0,55.5,1.2,325
2023-02-21 18:00:00,8,多云,22.3,59.1,7.7,409
2023-02-21 19:00:00,1,多云,13.0,40.3,1.7,296
2023-02-21 20:00:00,10,阴天,20.0,88.2,1.6,44
2023-02-21 21:00:00,4,多云,18.8,63.3,2.9,75
2023-02-21 22:00:00,4,晴天,19.9,69.9,0.3,129
2023-02-21 23:00:00,3,晴天,13.3,37.5,4.2,40
2023-02-22 00:00:00,3,多云,17.5,50.4,4.4,39
2023-02-22 01:00:00,4,晴天,14.5,66.2,1.9,30
2023-02-22 02:00:00,1,小雨,14.0,57.6,9.4,0
2023-02-22 03:00:00,2,晴天,13.9,66.7,2.6,10
2023-02-22 04:00:00,9,多云,11.8,91.5,3.6,31
2023-02-22 05:00:00,10,晴天,20.3,67.6,7.7,47
2023-02-22 06:00:00,2,晴天,19.2,53.3,3.3,45
2023-02-22 07:00:00,5,多云,13.1,50.2,1.7,251
2023-02-22 08:00:00,9,阴天,22.7,48.5,0.1,278
2023-02-22 09:00:00,9,多云,27.0,53.6,3.9,358
2023-02-22 10:00:00,8,小雨,20.4,54.2,10.0,82
2023-02-22 11:00:00,1,晴天,22.7,61.8,1.9,200
2023-02-22 12:00:00,1,晴天,26.3,67.9,1.2,223
2023-02-22 13:00:00,9,晴天,17.2,66.5,2.2,194
2023-02-22 14:00:00,8,晴天,22.7,62.0,3.9,222
2023-02-22 15:00:00,10,晴天,24.6,63.0,0.0,206
2023-02-22 16:00:00,9,晴天,20.8,98.0,6.5,163
2023-02-22 17:00:00,7,大雨,17.4,49.2,6.5,86
2023-02-22 18:00:00,3,晴天,16.2,59.4,2.3,463
2023-02-22 19:00:00,3,多云,13.9,33.2,0.4,303
2023-02-22 20:00:00,2,多云,15.6,54.3,3.3,96
2023-02-22 21:00:00,5,多云,19.6,46.5,0.4,128
2023-02-22 22:00:00,3,多云,22.8,49.1,2.1,119
2023-02-22 23:00:00,6,晴天,15.3,42.2,0.3,67
2023-02-23 00:00:00,2,晴天,17.3,39.7,2.7,53
2023-02-23 01:00:00,3,小雨,12.3,61.8,1.1,31
2023-02-23 02:00:00,5,阴天,9.4,70.7,5.3,15
2023-02-23 03:00:00,1,晴天,22.0,48.4,4.8,65
2023-02-23 04:00:00,1,晴天,15.7,29.6,19.5,44
2023-02-23 05:00:00,10,阴天,20.9,61.7,0.9,35
2023-02-23 06:00:00,9,晴天,20.5,67.0,0.2,61
2023-02-23 07:00:00,7,多云,24.3,70.1,1.8,392
2023-02-23 08:00:00,1,多云,25.4,44.7,0.3,369
2023-02-23 09:00:00,8,晴天,24.4,50.9,0.6,436
2023-02-23 10:00:00,3,多云,25.5,43.4,2.7,163
2023-02-23 11:00:00,8,多云,28.5,48.9,2.7,134
2023-02-23 12:00:00,5,晴天,23.8,48.2,0.1,201
2023-02-23 13:00:00,1,多云,29.5,52.4,1.8,153
2023-02-23 14:00:00,7,大雨,22.2,56.2,2.3,29
2023-02-23 15:00:00,5,多云,23.8,61.7,0.9,191
2023-02-23 16:00:00,6,晴天,24.4,47.3,6.2,183
2023-02-23 17:00:00,6,多云,16.4,57.9,0.5,421
2023-02-23 18:00:00,8,小雨,24.1,46.4,0.9,169
2023-02-23 19:00:00,9,大雨,20.1,33.7,0.5,85
2023-02-23 20:00:00,2,小雨,27.4,68.1,0.4,39
2023-02-23 21:00:00,9,晴天,22.7,50.1,6.3,144
2023-02-23 22:00:00,10,小雨,15.6,34.0,1.0,37
2023-02-23 23:00:00,9,小雨,20.5,68.4,3.8,35
2023-02-24 00:00:00,10,晴天,17.5,56.2,1.7,63
2023-02-24 01:00:00,10,多云,15.9,66.8,3.0,33
2023-02-24 02:00:00,7,晴天,10.7,66.3,7.9,47
2023-02-24 03:00:00,1,小雨,12.2,43.6,5.6,29
2023-02-24 04:00:00,7,晴天,17.5,74.0,0.2,36
2023-02-24 05:00:00,10,多云,17.2,32.5,5.6,27
2023-02-24 06:00:00,5,阴天,20.7,54.0,1.8,19
2023-02-24 07:00:00,6,大雨,25.4,53.0,1.3,46
2023-02-24 08:00:00,10,阴天,25.1,48.4,3.3,276
2023-02-24 09:00:00,7,阴天,21.4,78.4,9.0,306
2023-02-24 10:00:00,5,晴天,27.1,64.5,,211
2023-02-24 11:00:00,7,小雨,22.1,38.9,4.4,52
2023-02-24 12:00:00,9,多云,21.6,41.0,0.7,163
2023-02-24 13:00:00,3,阴天,26.0,92.3,1.4,94
2023-02-24 14:00:00,8,晴天,21.9,52.8,6.2,215
2023-02-24 15:00:00,2,阴天,21.6,48.1,2.4,133
2023-02-24 16:00:00,7,小雨,25.5,77.3,0.2,54
2023-02-24 17:00:00,2,大雨,23.3,33.3,2.1,75
2023-02-24 18:00:00,4,晴天,18.9,80.8,,387
2023-02-24 19:00:00,7,晴天,13.8,48.0,2.3,349
2023-02-24 20:00:00,3,大雨,15.3,67.7,0.5,16
2023-02-24 21:00:00,2,晴天,22.3,52.8,1.8,121
2023-02-24 22:00:00,10,大雨,18.6,36.4,7.7,39
2023-02-24 23:00:00,7,晴天,19.4,62.7,3.2,44
2023-02-25 00:00:00,1,小雨,15.8,74.2,3.9,0
2023-02-25 01:00:00,8,多云,14.1,24.8,4.6,19
2023-02-25 02:00:00,3,小雨,18.4,42.7,0.3,8
2023-02-25 03:00:00,2,小雨,20.3,78.6,2.6,22
2023-02-25 04:00:00,3,晴天,16.1,66.0,1.4,48
2023-02-25 05:00:00,5,晴天,16.6,67.0,0.4,48
2023-02-25 06:00:00,8,晴天,15.4,74.0,0.7,24
2023-02-25 07:00:00,10,多云,19.1,67.0,4.6,219
2023-02-25 08:00:00,7,多云,24.5,62.2,0.5,236
2023-02-25 09:00:00,7,小雨,21.7,76.7,1.1,120
2023-02-25 10:00:00,7,多云,27.1,54.1,1.0,89
2023-02-25 11:00:00,8,多云,30.7,59.8,0.1,88
2023-02-25 12:00:00,1,多云,25.1,72.4,1.9,109
2023-02-25 13:00:00,4,晴天,24.8,48.5,4.4,135
2023-02-25 14:00:00,6,晴天,26.0,81.4,0.1,115
2023-02-25 15:00:00,9,阴天,21.8,64.4,0.4,68
2023-02-25 16:00:00,2,阴天,20.6,42.8,3.8,73
2023-02-25 17:00:00,1,晴天,19.4,57.1,2.7,297
2023-02-25 18:00:00,10,多云,16.6,39.2,3.8,242
2023-02-25 19:00:00,2,大雨,21.4,61.3,0.8,10
2023-02-25 20:00:00,7,多云,16.0,54.3,4.9,43
2023-02-25 21:00:00,3,晴天,19.8,47.0,2.0,91
2023-02-25 22:00:00,10,晴天,17.3,33.3,2.8,93
2023-02-25 23:00:00,2,多云,15.1,48.1,0.3,5
2023-02-26 00:00:00,7,阴天,17.4,57.3,0.7,37
2023-02-26 01:00:00,2,小雨,12.3,54.4,4.5,6
2023-02-26 02:00:00,3,晴天,13.3,38.7,0.8,8
2023-02-26 03:00:00,7,晴天,18.6,60.3,0.3,22
2023-02-26 04:00:00,4,大雨,10.9,45.2,2.7,0
2023-02-26 05:00:00,1,大雨,18.7,73.8,2.4,0
2023-02-26 06:00:00,5,小雨,21.8,76.0,2.8,0
2023-02-26 07:00:00,9,小雨,25.2,56.1,2.9,96
2023-02-26 08:00:00,8,晴天,27.0,83.6,2.1,211
2023-02-26 09:00:00,9,大雨,23.1,57.9,2.0,18
2023-02-26 10:00:00,10,大雨,26.6,40.5,7.7,18
2023-02-26 11:00:00,9,晴天,22.4,77.8,2.3,109
2023-02-26 12:00:00,7,小雨,23.7,84.2,2.9,47
2023-02-26 13:00:00,4,晴天,28.9,74.9,0.9,58
2023-02-26 14:00:00,5,晴天,24.2,48.5,6.1,132
2023-02-26 15:00:00,1,晴天,24.0,41.5,0.1,94
2023-02-26 16:00:00,1,晴天,19.4,54.7,2.4,118
2023-02-26 17:00:00,3,晴天,22.6,97.1,1.5,216
2023-02-26 18:00:00,8,多云,22.3,42.3,2.8,234
2023-02-26 19:00:00,2,多云,20.9,72.3,1.3,217
2023-02-26 20:00:00,4,多云,13.9,58.6,3.8,77
2023-02-26 21:00:00,2,晴天,19.5,74.2,0.1,61
2023-02-26 22:00:00,5,晴天,12.7,41.1,1.6,44
2023-02-26 23:00:00,9,小雨,15.1,56.3,5.3,38
2023-02-27 00:00:00,1,多云,10.1,46.5,0.9,37
2023-02-27 01:00:00,5,晴天,14.6,47.4,0.2,20
2023-02-27 02:00:00,9,阴天,12.7,71.0,2.1,25
2023-02-27 03:00:00,1,小雨,15.1,43.2,11.3,15
2023-02-27 04:00:00,9,阴天,17.7,64.3,0.2,9
2023-02-27 05:00:00,8,多云,21.2,60.8,0.2,31
2023-02-27 06:00:00,4,晴天,22.4,45.7,2.7,50
2023-02-27 07:00:00,10,小雨,14.3,48.9,0.9,143
2023-02-27 08:00:00,5,晴天,24.5,65.0,1.6,419
2023-02-27 09:00:00,5,多云,24.2,59.6,5.3,355
2023-02-27 10:00:00,6,晴天,22.6,60.6,0.7,190
2023-02-27 11:00:00,7,大雨,22.2,56.5,3.8,47
2023-02-27 12:00:00,8,晴天,24.8,55.5,2.1,216
2023-02-27 13:00:00,8,阴天,25.5,59.7,7.1,152
2023-02-27 14:00:00,2,阴天,25.5,81.6,10.8,113
2023-02-27 15:00:00,9,多云,22.9,67.9,2.0,147
2023-02-27 16:00:00,7,小雨,14.9,58.0,2.6,76
2023-02-27 17:00:00,4,小雨,19.8,43.8,4.1,182
2023-02-27 18:00:00,4,大雨,16.4,53.7,1.2,68
2023-02-27 19:00:00,8,多云,24.9,46.2,0.8,407
2023-02-27 20:00:00,4,大雨,17.7,48.1,10.0,24
2023-02-27 21:00:00,6,多云,18.7,31.9,1.7,98
2023-02-27 22:00:00,5,阴天,17.6,59.8,0.0,88
2023-02-27 23:00:00,3,多云,16.1,91.0,5.5,5
2023-02-28 00:00:00,10,多云,13.8,62.9,2.7,34
2023-02-28 01:00:00,2,大雨,13.5,70.9,0.6,25
2023-02-28 02:00:00,9,大雨,9.6,74.4,0.1,0
2023-02-28 03:00:00,10,多云,16.9,55.7,1.0,44
2023-02-28 04:00:00,9,晴天,18.4,56.7,7.9,60
2023-02-28 05:00:00,1,多云,18.6,39.0,8.1,55
2023-02-28 06:00:00,10,阴天,20.4,63.0,1.1,23
2023-02-28 07:00:00,3,大雨,17.7,60.8,5.4,48
2023-02-28 08:00:00,8,大雨,21.6,47.2,1.7,56
2023-02-28 09:00:00,6,晴天,21.6,77.2,3.2,440
2023-02-28 10:00:00,5,多云,26.3,48.4,1.2,145
2023-02-28 11:00:00,5,小雨,25.0,100.0,2.2,44
2023-02-28 12:00:00,6,大雨,23.1,66.1,1.0,24
2023-02-28 13:00:00,7,晴天,24.3,59.7,0.2,188
2023-02-28 14:00:00,1,阴天,21.2,89.1,0.5,111
2023-02-28 15:00:00,9,多云,22.6,25.8,1.0,192
2023-02-28 16:00:00,3,晴天,24.2,55.7,11.2,184
2023-02-28 17:00:00,4,晴天,17.3,53.5,10.1,471
2023-02-28 18:00:00,10,晴天,19.8,57.3,5.3,473
2023-02-28 19:00:00,1,多云,16.5,63.4,0.8,395
2023-02-28 20:00:00,10,晴天,13.5,56.8,1.7,80
2023-02-28 21:00:00,3,晴天,22.1,81.0,1.7,98
2023-02-28 22:00:00,2,大雨,19.4,66.5,1.5,11
2023-02-28 23:00:00,2,晴天,13.4,67.3,0.1,48
2023-03-01 00:00:00,1,晴天,17.8,66.9,2.3,56
2023-03-01 01:00:00,8,多云,12.8,40.7,0.2,9
2023-03-01 02:00:00,3,多云,14.6,63.0,4.9,27
2023-03-01 03:00:00,3,大雨,16.7,63.5,3.5,0
2023-03-01 04:00:00,6,多云,21.1,43.1,1.3,72
2023-03-01 05:00:00,8,大雨,22.0,73.3,3.1,12
2023-03-01 06:00:00,9,小雨,24.7,29.4,0.8,3
2023-03-01 07:00:00,9,晴天,27.0,97.8,0.9,326
2023-03-01 08:00:00,4,晴天,27.0,59.4,1.1,416
2023-03-01 09:00:00,5,多云,24.0,47.2,4.8,362
2023-03-01 10:00:00,2,多云,29.0,69.3,0.7,139
2023-03-01 11:00:00,9,小雨,30.4,69.4,2.5,63
2023-03-01 12:00:00,8,多云,27.4,90.7,0.7,134
2023-03-01 13:00:00,3,多云,23.0,86.7,1.0,135
2023-03-01 14:00:00,9,晴天,31.5,40.1,0.8,154
2023-03-01 15:00:00,3,晴天,27.5,55.9,3.1,176
2023-03-01 16:00:00,9,多云,17.8,46.4,2.2,170
2023-03-01 17:00:00,2,多云,31.2,71.1,3.8,299
2023-03-01 18:00:00,10,多云,22.2,81.2,0.7,295
2023-03-01 19:00:00,9,晴天,29.7,40.3,,400
2023-03-01 20:00:00,8,小雨,22.3,59.1,3.4,56
2023-03-01 21:00:00,9,阴天,19.5,50.5,0.4,93
2023-03-01 22:00:00,5,晴天,19.9,72.7,0.8,129
2023-03-01 23:00:00,2,多云,16.7,66.1,1.1,53
2023-03-02 00:00:00,8,阴天,18.8,77.6,4.1,17
2023-03-02 01:00:00,6,晴天,24.9,53.7,2.9,46
2023-03-02 02:00:00,8,多云,16.6,58.3,0.6,28
2023-03-02 03:00:00,5,晴天,21.7,65.9,2.7,61
2023-03-02 04:00:00,10,小雨,19.0,55.9,3.7,7
2023-03-02 05:00:00,2,晴天,21.9,64.5,1.5,67
2023-03-02 06:00:00,6,阴天,29.6,79.1,0.8,25
2023-03-02 07:00:00,5,小雨,26.5,92.0,3.4,141
2023-03-02 08:00:00,5,大雨,28.4,52.7,2.8,55
2023-03-02 09:00:00,1,小雨,27.4,92.2,0.2,145
2023-03-02 10:00:00,2,多云,36.1,52.5,3.3,38
2023-03-02 11:00:00,8,多云,25.6,73.0,2.0,185
2023-03-02 12:00:00,3,阴天,23.9,52.6,4.2,112
2023-03-02 13:00:00,10,阴天,33.5,44.6,0.6,108
2023-03-02 14:00:00,3,多云,26.8,78.3,0.9,163
2023-03-02 15:00:00,8,阴天,28.4,59.3,2.4,86
2023-03-02 16:00:00,8,多云,31.3,79.3,2.0,118
2023-03-02 17:00:00,2,多云,26.2,71.3,1.5,390
2023-03-02 18:00:00,8,多云,30.4,66.2,4.1,305
2023-03-02 19:00:00,1,晴天,22.8,68.3,2.5,465
2023-03-02 20:00:00,6,晴天,19.0,76.3,3.7,136
2023-03-02 21:00:00,8,晴天,13.1,73.9,0.5,91
2023-03-02 22:00:00,3,多云,20.2,53.9,3.9,107
2023-03-02 23:00:00,8,多云,12.1,66.3,1.9,28
2023-03-03 00:00:00,1,多云,19.6,82.5,0.1,37
2023-03-03 01:00:00,9,阴天,23.2,60.7,0.8,47
2023-03-03 02:00:00,9,多云,19.3,52.6,0.1,55
2023-03-03 03:00:00,5,多云,20.7,50.7,1.8,46
2023-03-03 04:00:00,10,晴天,23.9,72.7,1.2,57
2023-03-03 05:00:00,4,晴天,24.4,56.4,13.1,55
2023-03-03 06:00:00,6,大雨,27.1,65.4,6.1,3
2023-03-03 07:00:00,7,多云,24.9,55.7,5.2,371
2023-03-03 08:00:00,5,大雨,19.4,77.6,2.1,51
2023-03-03 09:00:00,10,晴天,30.7,62.3,4.9,294
2023-03-03 10:00:00,9,多云,27.3,81.4,0.9,121
2023-03-03 11:00:00,3,晴天,25.9,80.9,2.5,183
2023-03-03 12:00:00,7,晴天,29.7,58.7,1.5,151
2023-03-03 13:00:00,10,晴天,29.0,80.0,0.6,128
2023-03-03 14:00:00,10,晴天,25.7,54.9,0.2,198
2023-03-03 15:00:00,5,晴天,23.3,64.0,2.5,211
2023-03-03 16:00:00,7,晴天,27.6,48.3,0.3,203
2023-03-03 17:00:00,2,阴天,22.4,68.9,3.8,326
2023-03-03 18:00:00,4,晴天,24.0,64.5,7.6,482
2023-03-03 19:00:00,2,晴天,23.5,67.7,0.5,466
2023-03-03 20:00:00,7,晴天,24.1,39.6,,140
2023-03-03 21:00:00,2,多云,26.5,30.2,4.0,111
2023-03-03 22:00:00,1,晴天,20.0,43.0,1.0,133
2023-03-03 23:00:00,9,阴天,17.6,67.5,7.6,22
2023-03-04 00:00:00,1,阴天,23.6,70.1,6.6,17
2023-03-04 01:00:00,8,晴天,22.0,76.9,0.3,22
2023-03-04 02:00:00,2,多云,19.8,53.9,0.1,42
2023-03-04 03:00:00,8,晴天,20.8,63.1,11.2,5
2023-03-04 04:00:00,3,小雨,21.2,49.5,9.4,25
2023-03-04 05:00:00,6,多云,22.9,80.5,1.6,0
2023-03-04 06:00:00,3,晴天,23.4,49.4,0.2,38
2023-03-04 07:00:00,7,晴天,22.0,77.7,2.9,240
2023-03-04 08:00:00,10,小雨,26.2,56.2,1.0,105
2023-03-04 09:00:00,9,多云,32.5,83.6,8.3,130
2023-03-04 10:00:00,2,晴天,25.5,62.7,4.7,100
2023-03-04 11:00:00,5,小雨,27.7,62.4,3.1,67
2023-03-04 12:00:00,6,多云,26.0,48.7,1.0,114
2023-03-04 13:00:00,4,阴天,32.0,92.5,3.6,59
2023-03-04 14:00:00,4,晴天,30.5,74.9,1.0,83
2023-03-04 15:00:00,4,大雨,23.4,67.7,0.1,30
2023-03-04 16:00:00,2,小雨,20.1,63.6,2.1,27
2023-03-04 17:00:00,4,晴天,27.6,50.1,2.0,250
2023-03-04 18:00:00,1,小雨,19.6,70.1,4.3,85
2023-03-04 19:00:00,6,多云,24.9,59.0,6.0,226
2023-03-04 20:00:00,1,阴天,19.2,60.9,1.3,44
2023-03-04 21:00:00,10,晴天,22.2,73.4,1.8,74
2023-03-04 22:00:00,6,小雨,20.7,64.3,1.9,25
2023-03-04 23:00:00,1,多云,17.2,60.3,1.2,15
2023-03-05 00:00:00,6,阴天,16.0,81.5,4.1,0
2023-03-05 01:00:00,10,晴天,20.6,47.7,2.2,33
2023-03-05 02:00:00,8,阴天,17.3,35.2,7.4,17
2023-03-05 03:00:00,2,阴天,23.5,48.1,3.2,10
2023-03-05 04:00:00,2,晴天,18.7,62.3,0.7,51
2023-03-05 05:00:00,4,大雨,23.4,70.4,0.5,1
2023-03-05 06:00:00,3,阴天,22.5,48.8,1.4,21
2023-03-05 07:00:00,4,晴天,25.0,100.0,1.3,214
2023-03-05 08:00:00,7,多云,24.1,62.7,1.6,192
2023-03-05 09:00:00,1,多云,26.7,62.3,0.6,214
2023-03-05 10:00:00,6,晴天,20.3,40.7,11.5,133
2023-03-05 11:00:00,3,晴天,26.1,38.4,0.5,120
2023-03-05 12:00:00,10,晴天,26.9,33.3,3.2,102
2023-03-05 13:00:00,7,晴天,28.3,80.6,0.0,67
2023-03-05 14:00:00,10,多云,31.9,78.2,1.6,82
2023-03-05 15:00:00,2,晴天,25.1,60.0,1.1,90
2023-03-05 16:00:00,2,阴天,30.4,41.8,1.4,44
2023-03-05 17:00:00,4,小雨,22.4,55.8,2.1,138
2023-03-05 18:00:00,1,晴天,20.3,81.3,2.8,234
2023-03-05 19:00:00,3,小雨,16.7,52.4,2.6,131
2023-03-05 20:00:00,9,小雨,23.0,46.5,3.0,44
2023-03-05 21:00:00,7,阴天,20.4,54.3,5.6,62
2023-03-05 22:00:00,7,晴天,21.0,55.6,6.5,76
2023-03-05 23:00:00,4,晴天,19.2,71.1,4.0,36
2023-03-06 00:00:00,2,阴天,18.6,26.9,0.2,56
2023-03-06 01:00:00,4,阴天,19.7,62.5,9.8,47
2023-03-06 02:00:00,6,小雨,25.8,49.5,8.8,22
2023-03-06 03:00:00,3,大雨,18.7,52.0,3.7,5
2023-03-06 04:00:00,1,晴天,27.3,71.3,2.2,58
2023-03-06 05:00:00,8,多云,24.9,40.5,0.9,34
2023-03-06 06:00:00,5,晴天,24.8,62.7,4.2,58
2023-03-06 07:00:00,5,晴天,26.6,67.2,,412
2023-03-06 08:00:00,4,大雨,16.6,68.7,3.3,59
2023-03-06 09:00:00,6,晴天,26.4,70.6,3.0,407
2023-03-06 10:00:00,3,多云,26.0,68.6,0.6,165
2023-03-06 11:00:00,9,阴天,34.8,70.8,1.3,97
2023-03-06 12:00:00,5,晴天,27.6,46.8,3.9,228
2023-03-06 13:00:00,3,阴天,28.4,80.5,0.1,72
2023-03-06 14:00:00,1,阴天,27.9,42.2,3.1,146
2023-03-06 15:00:00,10,多云,23.3,65.6,4.4,157
2023-03-06 16:00:00,6,晴天,24.5,49.8,1.2,203
2023-03-06 17:00:00,2,晴天,27.4,34.2,0.2,477
2023-03-06 18:00:00,3,多云,17.3,51.4,5.1,372
2023-03-06 19:00:00,1,晴天,23.3,58.2,0.5,452
2023-03-06 20:00:00,9,晴天,18.5,80.8,1.4,93
2023-03-06 21:00:00,8,阴天,24.0,87.3,3.7,55
2023-03-06 22:00:00,2,晴天,20.5,58.1,5.1,136
2023-03-06 23:00:00,8,小雨,14.3,39.2,5.9,18
2023-03-07 00:00:00,9,晴天,17.4,40.4,2.3,34
2023-03-07 01:00:00,1,多云,20.2,71.6,1.9,44
2023-03-07 02:00:00,5,阴天,18.4,,5.7,28
2023-03-07 03:00:00,8,晴天,20.6,50.9,2.5,49
2023-03-07 04:00:00,2,晴天,21.1,42.4,2.6,41
2023-03-07 05:00:00,4,小雨,25.0,74.9,1.7,26
2023-03-07 06:00:00,7,小雨,25.0,41.6,1.4,44
2023-03-07 07:00:00,3,小雨,24.8,53.3,2.0,174
2023-03-07 08:00:00,5,晴天,26.2,67.1,1.4,443
2023-03-07 09:00:00,8,晴天,23.9,30.0,1.3,401
2023-03-07 10:00:00,10,阴天,32.4,74.3,15.2,97
2023-03-07 11:00:00,3,阴天,37.4,95.7,1.2,43
2023-03-07 12:00:00,4,多云,27.7,61.7,0.9,194
2023-03-07 13:00:00,9,大雨,28.6,59.5,1.3,33
2023-03-07 14:00:00,7,多云,31.0,60.7,2.7,116
2023-03-07 15:00:00,1,多云,30.2,63.4,7.3,125
2023-03-07 16:00:00,4,晴天,26.7,49.1,4.7,207
2023-03-07 17:00:00,4,多云,22.0,43.1,5.5,397
2023-03-07 18:00:00,9,多云,29.1,54.7,5.9,296
2023-03-07 19:00:00,6,晴天,24.4,62.3,7.6,468
2023-03-07 20:00:00,9,多云,21.8,45.0,0.8,114
2023-03-07 21:00:00,6,大雨,18.0,39.8,1.8,4
2023-03-07 22:00:00,6,小雨,19.5,53.4,1.5,66
2023-03-07 23:00:00,5,小雨,13.4,40.0,1.4,8
2023-03-08 00:00:00,5,阴天,20.9,70.1,3.2,34
2023-03-08 01:00:00,2,晴天,21.8,20.0,1.5,66
2023-03-08 02:00:00,8,多云,20.0,42.5,2.9,41
2023-03-08 03:00:00,8,大雨,17.2,81.2,1.4,20
2023-03-08 04:00:00,1,多云,22.5,56.7,1.1,27
2023-03-08 05:00:00,8,晴天,24.7,62.8,1.3,57
2023-03-08 06:00:00,5,晴天,21.4,58.1,4.9,63
2023-03-08 07:00:00,2,阴天,27.8,50.6,2.8,280
2023-03-08 08:00:00,2,多云,27.7,76.4,10.9,354
2023-03-08 09:00:00,6,阴天,26.4,51.4,5.4,290
2023-03-08 10:00:00,9,多云,26.3,47.6,2.0,174
2023-03-08 11:00:00,1,小雨,28.0,69.9,0.8,85
2023-03-08 12:00:00,6,大雨,25.7,31.0,3.4,17
2023-03-08 13:00:00,9,小雨,29.3,55.7,3.9,59
2023-03-08 14:00:00,8,多云,29.7,52.2,1.9,155
2023-03-08 15:00:00,6,多云,30.7,55.4,0.8,147
2023-03-08 16:00:00,3,大雨,27.1,52.7,2.4,43
2023-03-08 17:00:00,8,多云,26.1,65.6,0.9,397
2023-03-08 18:00:00,9,多云,22.9,76.5,8.4,432
2023-03-08 19:00:00,1,晴天,19.7,66.9,3.0,488
2023-03-08 20:00:00,9,阴天,19.9,54.9,1.0,94
2023-03-08 21:00:00,6,晴天,24.4,69.5,0.7,138
2023-03-08 22:00:00,6,小雨,21.2,71.2,3.8,45
2023-03-08 23:00:00,4,多云,20.1,65.4,3.7,48
2023-03-09 00:00:00,1,多云,13.2,75.7,2.7,41
2023-03-09 01:00:00,10,小雨,19.8,24.8,2.9,30
2023-03-09 02:00:00,8,晴天,15.3,60.4,2.8,47
2023-03-09 03:00:00,2,多云,16.3,64.6,1.3,20
2023-03-09 04:00:00,1,大雨,17.7,37.8,8.3,11
2023-03-09 05:00:00,2,大雨,20.0,63.3,2.0,18
2023-03-09 06:00:00,1,晴天,26.2,73.7,0.1,36
2023-03-09 07:00:00,1,阴天,25.6,56.6,1.3,291
2023-03-09 08:00:00,9,小雨,23.3,69.8,0.4,182
2023-03-09 09:00:00,1,阴天,25.5,75.3,1.4,274
2023-03-09 10:00:00,4,多云,29.5,80.1,2.8,101
2023-03-09 11:00:00,10,多云,30.6,77.4,0.1,154
2023-03-09 12:00:00,6,阴天,29.1,80.5,6.1,88
2023-03-09 13:00:00,7,阴天,25.0,52.5,2.8,132
2023-03-09 14:00:00,2,多云,26.8,54.1,1.1,171
2023-03-09 15:00:00,6,晴天,34.3,22.9,1.1,168
2023-03-09 16:00:00,7,多云,22.5,44.0,1.9,168
2023-03-09 17:00:00,10,多云,26.1,78.3,0.9,409
2023-03-09 18:00:00,10,晴天,30.0,50.9,0.0,367
2023-03-09 19:00:00,2,晴天,21.5,66.0,0.1,477
2023-03-09 20:00:00,2,阴天,26.7,63.6,1.3,103
2023-03-09 21:00:00,10,晴天,18.1,78.6,0.4,130
2023-03-09 22:00:00,7,小雨,13.4,29.7,0.1,25
2023-03-09 23:00:00,1,晴天,17.1,65.3,5.9,57
2023-03-10 00:00:00,8,晴天,16.4,65.0,1.0,48
2023-03-10 01:00:00,3,晴天,13.8,47.1,2.1,32
2023-03-10 02:00:00,6,晴天,18.1,74.4,0.6,58
2023-03-10 03:00:00,9,大雨,23.1,39.0,0.1,26
2023-03-10 04:00:00,6,阴天,19.4,76.0,4.1,32
2023-03-10 05:00:00,9,晴天,21.2,27.7,0.4,50
2023-03-10 06:00:00,7,多云,27.8,46.4,0.1,25
2023-03-10 07:00:00,9,多云,22.7,57.9,2.7,354
2023-03-10 08:00:00,2,阴天,28.0,63.3,0.0,228
2023-03-10 09:00:00,8,大雨,22.1,32.0,1.7,64
2023-03-10 10:00:00,8,多云,25.1,75.6,1.0,166
2023-03-10 11:00:00,2,小雨,27.8,71.3,1.2,88
2023-03-10 12:00:00,4,大雨,32.3,88.5,0.0,20
2023-03-10 13:00:00,7,晴天,25.8,70.5,10.0,241
2023-03-10 14:00:00,4,多云,25.2,49.0,2.2,174
2023-03-10 15:00:00,4,阴天,28.0,43.9,2.5,66
2023-03-10 16:00:00,6,小雨,27.5,53.7,3.3,61
2023-03-10 17:00:00,10,多云,21.8,92.7,4.8,328
2023-03-10 18:00:00,6,多云,22.1,60.7,2.8,390
2023-03-10 19:00:00,10,晴天,25.6,61.4,4.3,464
2023-03-10 20:00:00,3,多云,17.6,80.7,1.8,72
2023-03-10 21:00:00,9,小雨,21.1,42.5,1.4,44
2023-03-10 22:00:00,10,多云,17.8,68.1,5.2,117
2023-03-10 23:00:00,2,小雨,23.0,67.7,6.0,25
2023-03-11 00:00:00,6,阴天,20.4,74.4,0.4,5
2023-03-11 01:00:00,7,晴天,21.5,72.8,2.3,42
2023-03-11 02:00:00,9,多云,17.7,59.1,3.5,7
2023-03-11 03:00:00,3,多云,22.6,39.3,0.3,32
2023-03-11 04:00:00,10,小雨,23.6,51.5,8.0,16
2023-03-11 05:00:00,3,晴天,23.9,72.6,2.2,16
2023-03-11 06:00:00,7,小雨,22.8,87.8,3.1,0
2023-03-11 07:00:00,4,阴天,25.4,41.7,0.6,181
2023-03-11 08:00:00,8,多云,20.6,40.7,0.9,206
2023-03-11 09:00:00,7,阴天,32.5,36.4,0.4,132
2023-03-11 10:00:00,5,阴天,26.2,48.5,0.9,94
2023-03-11 11:00:00,7,晴天,27.5,74.2,2.0,128
2023-03-11 12:00:00,3,晴天,24.7,79.7,5.4,107
2023-03-11 13:00:00,2,阴天,30.5,28.8,2.3,63
2023-03-11 14:00:00,6,阴天,29.6,41.9,0.8,50
2023-03-11 15:00:00,2,晴天,26.3,39.1,0.1,134
2023-03-11 16:00:00,3,晴天,19.2,47.0,2.9,144
2023-03-11 17:00:00,6,晴天,22.8,56.7,1.6,271
2023-03-11 18:00:00,5,阴天,25.0,54.0,12.5,196
2023-03-11 19:00:00,8,晴天,23.1,67.7,4.5,297
2023-03-11 20:00:00,9,多云,21.0,31.1,5.0,69
2023-03-11 21:00:00,3,大雨,18.9,52.2,0.0,20
2023-03-11 22:00:00,10,晴天,14.6,80.5,4.5,50
2023-03-11 23:00:00,3,小雨,21.7,81.1,0.6,0
2023-03-12 00:00:00,3,晴天,14.3,85.0,2.6,20
2023-03-12 01:00:00,6,阴天,18.2,65.9,1.8,37
2023-03-12 02:00:00,1,晴天,16.2,50.2,2.5,35
2023-03-12 03:00:00,7,小雨,23.1,62.6,0.4,36
2023-03-12 04:00:00,1,小雨,22.9,97.9,1.8,0
2023-03-12 05:00:00,5,晴天,21.3,52.0,0.1,36
2023-03-12 06:00:00,10,晴天,25.7,87.5,0.1,14
2023-03-12 07:00:00,8,多云,20.5,23.4,3.2,201
2023-03-12 08:00:00,4,晴天,25.9,68.6,9.1,273
2023-03-12 09:00:00,5,大雨,24.0,69.7,4.5,35
2023-03-12 10:00:00,4,大雨,31.1,65.6,1.9,9
2023-03-12 11:00:00,4,多云,29.6,66.6,0.2,84
2023-03-12 12:00:00,8,小雨,30.6,67.8,0.1,3
2023-03-12 13:00:00,2,小雨,26.8,68.5,0.5,67
2023-03-12 14:00:00,1,大雨,,55.0,11.2,42
2023-03-12 15:00:00,3,多云,23.8,55.9,1.5,116
2023-03-12 16:00:00,9,晴天,23.2,39.6,5.6,127
2023-03-12 17:00:00,4,晴天,24.4,71.0,3.7,280
2023-03-12 18:00:00,10,多云,20.9,79.5,2.8,224
2023-03-12 19:00:00,5,多云,24.5,86.2,8.9,210
2023-03-12 20:00:00,2,多云,19.7,47.7,0.8,82
2023-03-12 21:00:00,4,晴天,16.9,34.1,1.8,87
2023-03-12 22:00:00,2,小雨,15.7,65.6,6.0,36
2023-03-12 23:00:00,2,晴天,20.9,42.7,2.4,34
2023-03-13 00:00:00,4,晴天,11.0,68.6,0.8,31
2023-03-13 01:00:00,6,多云,15.8,26.9,0.7,80
2023-03-13 02:00:00,7,晴天,23.5,76.3,4.2,46
2023-03-13 03:00:00,10,多云,19.1,62.3,0.0,36
2023-03-13 04:00:00,3,多云,23.3,31.2,7.4,59
2023-03-13 05:00:00,3,多云,23.6,64.6,0.1,42
2023-03-13 06:00:00,10,多云,23.1,61.4,3.0,42
2023-03-13 07:00:00,6,晴天,20.0,67.8,2.8,443
2023-03-13 08:00:00,3,晴天,22.2,72.0,2.6,432
2023-03-13 09:00:00,2,阴天,23.2,23.8,1.9,303
2023-03-13 10:00:00,8,多云,29.4,52.9,5.7,110
2023-03-13 11:00:00,5,多云,30.5,58.7,3.2,138
2023-03-13 12:00:00,1,晴天,26.0,55.6,4.6,187
2023-03-13 13:00:00,3,多云,28.3,54.7,0.4,125
2023-03-13 14:00:00,10,多云,28.0,75.8,0.2,134
2023-03-13 15:00:00,8,多云,27.4,34.0,0.1,171
2023-03-13 16:00:00,4,小雨,23.9,55.6,0.5,87
2023-03-13 17:00:00,7,晴天,29.9,56.8,3.3,375
2023-03-13 18:00:00,10,晴天,25.7,58.4,2.0,485
2023-03-13 19:00:00,2,大雨,22.6,45.3,4.2,52
2023-03-13 20:00:00,7,阴天,19.6,92.1,0.6,110
2023-03-13 21:00:00,5,晴天,17.6,74.7,1.4,134
2023-03-13 22:00:00,5,多云,20.5,93.2,6.6,109
2023-03-13 23:00:00,6,晴天,17.4,69.6,8.2,12
2023-03-14 00:00:00,9,晴天,19.1,71.4,7.6,46
2023-03-14 01:00:00,6,晴天,13.1,59.9,5.1,17
2023-03-14 02:00:00,8,晴天,,83.4,3.5,27
2023-03-14 03:00:00,7,小雨,19.8,68.5,7.3,20
2023-03-14 04:00:00,9,多云,24.1,57.1,3.8,37
2023-03-14 05:00:00,4,晴天,19.6,87.7,9.2,60
2023-03-14 06:00:00,2,晴天,19.2,40.5,0.1,77
2023-03-14 07:00:00,7,大雨,26.3,49.0,7.6,50
2023-03-14 08:00:00,6,晴天,,100.0,2.4,330
2023-03-14 09:00:00,1,小雨,22.0,70.1,0.4,147
2023-03-14 10:00:00,9,晴天,23.0,20.5,0.7,220
2023-03-14 11:00:00,9,多云,26.5,75.3,5.7,173
2023-03-14 12:00:00,2,晴天,28.4,44.7,2.1,156
2023-03-14 13:00:00,3,晴天,32.7,51.4,12.2,160
2023-03-14 14:00:00,5,晴天,24.7,98.3,0.4,157
2023-03-14 15:00:00,5,晴天,28.8,84.8,1.6,111
2023-03-14 16:00:00,1,多云,20.3,90.0,1.2,138
2023-03-14 17:00:00,8,小雨,26.0,50.9,2.2,177
2023-03-14 18:00:00,8,晴天,28.2,55.6,3.0,369
2023-03-14 19:00:00,4,晴天,22.8,63.3,3.3,448
2023-03-14 20:00:00,7,多云,,73.0,0.0,117
2023-03-14 21:00:00,10,小雨,23.8,54.9,0.3,41
2023-03-14 22:00:00,3,阴天,20.4,88.2,0.1,77
2023-03-14 23:00:00,6,多云,19.3,67.4,6.0,56
2023-03-15 00:00:00,10,多云,15.6,82.4,1.1,25
2023-03-15 01:00:00,10,多云,19.9,48.3,1.4,60
2023-03-15 02:00:00,9,阴天,17.3,53.7,1.8,8
2023-03-15 03:00:00,1,大雨,21.1,63.7,5.7,30
2023-03-15 04:00:00,5,晴天,21.3,53.1,0.0,69
2023-03-15 05:00:00,4,晴天,25.6,75.7,0.4,37
2023-03-15 06:00:00,8,晴天,21.9,76.0,3.5,37
2023-03-15 07:00:00,1,多云,24.5,56.4,10.0,335
2023-03-15 08:00:00,9,小雨,28.6,69.9,3.1,138
2023-03-15 09:00:00,6,多云,26.5,90.6,0.9,281
2023-03-15 10:00:00,4,晴天,27.9,75.7,2.2,196
2023-03-15 11:00:00,9,小雨,27.3,69.8,11.1,61
2023-03-15 12:00:00,5,大雨,28.2,79.4,2.3,51
2023-03-15 13:00:00,5,晴天,30.5,85.2,1.4,110
2023-03-15 14:00:00,5,小雨,33.5,82.8,1.5,48
2023-03-15 15:00:00,1,多云,22.2,58.9,10.2,174
2023-03-15 16:00:00,1,阴天,22.4,73.5,3.8,134
2023-03-15 17:00:00,8,大雨,24.5,55.5,3.5,63
2023-03-15 18:00:00,8,多云,23.8,59.2,0.8,394
2023-03-15 19:00:00,6,小雨,21.7,67.2,2.5,190
2023-03-15 20:00:00,4,阴天,19.5,38.3,1.3,88
2023-03-15 21:00:00,2,多云,16.4,65.5,0.8,138
2023-03-15 22:00:00,2,晴天,17.5,49.6,6.8,123
2023-03-15 23:00:00,9,大雨,21.3,42.2,1.4,19
2023-03-16 00:00:00,5,晴天,18.9,71.9,1.0,24
2023-03-16 01:00:00,4,多云,20.9,56.1,8.1,31
2023-03-16 02:00:00,10,阴天,15.7,63.3,0.7,22
2023-03-16 03:00:00,1,小雨,24.5,56.5,4.1,2
2023-03-16 04:00:00,7,多云,19.5,50.8,3.2,47
2023-03-16 05:00:00,3,晴天,23.8,61.8,7.6,49
2023-03-16 06:00:00,6,多云,23.3,39.6,5.4,8
2023-03-16 07:00:00,5,晴天,23.3,58.6,3.7,452
2023-03-16 08:00:00,5,晴天,27.5,89.7,1.1,340
2023-03-16 09:00:00,5,小雨,29.0,42.0,2.1,125
2023-03-16 10:00:00,1,晴天,36.1,81.4,8.7,69
2023-03-16 11:00:00,1,多云,30.4,91.3,0.1,120
2023-03-16 12:00:00,3,多云,30.5,48.2,4.7,127
2023-03-16 13:00:00,10,阴天,31.9,64.9,0.9,78
2023-03-16 14:00:00,4,多云,29.6,40.5,0.6,140
2023-03-16 15:00:00,5,晴天,27.1,38.3,0.8,188
2023-03-16 16:00:00,2,晴天,27.1,62.5,0.2,221
2023-03-16 17:00:00,8,多云,27.5,66.1,14.5,388
2023-03-16 18:00:00,2,多云,27.8,51.5,6.1,393
2023-03-16 19:00:00,9,多云,17.8,43.0,2.2,380
2023-03-16 20:00:00,2,多云,15.5,48.2,3.8,95
2023-03-16 21:00:00,9,晴天,24.2,73.4,2.4,133
2023-03-16 22:00:00,7,多云,16.9,73.5,5.0,111
2023-03-16 23:00:00,8,多云,13.9,69.6,5.6,25
2023-03-17 00:00:00,2,晴天,13.4,54.2,0.8,69
2023-03-17 01:00:00,7,晴天,24.2,43.9,1.8,59
2023-03-17 02:00:00,6,晴天,22.0,79.7,3.0,50
2023-03-17 03:00:00,4,晴天,17.7,84.6,11.5,0
2023-03-17 04:00:00,7,小雨,18.9,52.1,3.4,31
2023-03-17 05:00:00,4,晴天,22.5,57.6,6.8,95
2023-03-17 06:00:00,2,晴天,26.2,38.0,5.6,47
2023-03-17 07:00:00,10,晴天,24.1,68.0,2.6,410
2023-03-17 08:00:00,7,阴天,23.8,91.1,6.7,236
2023-03-17 09:00:00,8,阴天,30.6,74.2,1.4,203
2023-03-17 10:00:00,2,晴天,27.9,93.2,1.4,169
2023-03-17 11:00:00,5,晴天,27.9,54.1,4.6,225
2023-03-17 12:00:00,1,晴天,30.4,40.4,0.4,145
2023-03-17 13:00:00,7,多云,22.1,82.6,1.1,127
2023-03-17 14:00:00,8,晴天,29.4,62.6,2.8,154
2023-03-17 15:00:00,6,小雨,28.4,46.6,1.6,52
2023-03-17 16:00:00,5,多云,22.0,88.1,8.5,114
2023-03-17 17:00:00,6,阴天,19.1,50.9,9.5,321
2023-03-17 18:00:00,2,晴天,22.0,43.2,2.1,464
2023-03-17 19:00:00,1,大雨,22.9,69.0,2.3,93
2023-03-17 20:00:00,7,大雨,22.0,40.5,3.9,38
2023-03-17 21:00:00,7,晴天,25.2,75.3,1.8,156
2023-03-17 22:00:00,10,多云,19.9,42.7,0.6,126
2023-03-17 23:00:00,10,晴天,14.6,63.8,4.1,42
2023-03-18 00:00:00,2,晴天,17.9,64.8,4.0,17
2023-03-18 01:00:00,2,晴天,14.9,64.0,0.8,43
2023-03-18 02:00:00,1,多云,18.8,40.7,5.4,30
2023-03-18 03:00:00,10,多云,24.4,57.1,2.9,7
2023-03-18 04:00:00,8,阴天,22.5,80.6,0.8,3
2023-03-18 05:00:00,8,晴天,20.2,57.0,3.2,11
2023-03-18 06:00:00,1,阴天,25.4,42.7,0.8,0
2023-03-18 07:00:00,8,晴天,22.6,53.3,0.9,259
2023-03-18 08:00:00,9,大雨,17.9,41.1,5.7,20
2023-03-18 09:00:00,4,晴天,23.5,27.3,8.0,242
2023-03-18 10:00:00,1,晴天,29.4,57.4,0.9,94
2023-03-18 11:00:00,1,阴天,30.8,61.5,7.9,61
2023-03-18 12:00:00,3,晴天,33.8,70.5,0.8,82
2023-03-18 13:00:00,5,小雨,29.5,67.0,0.4,58
2023-03-18 14:00:00,5,多云,32.0,69.2,0.2,56
2023-03-18 15:00:00,9,多云,29.1,59.4,0.8,56
2023-03-18 16:00:00,10,多云,29.0,91.9,1.5,70
2023-03-18 17:00:00,2,小雨,28.3,47.4,7.9,74
2023-03-18 18:00:00,2,晴天,25.1,55.2,0.8,273
2023-03-18 19:00:00,6,小雨,25.6,84.9,1.4,71
2023-03-18 20:00:00,9,阴天,19.1,54.2,4.0,61
2023-03-18 21:00:00,1,晴天,12.8,58.3,1.1,65
2023-03-18 22:00:00,9,晴天,21.3,66.1,3.5,82
2023-03-18 23:00:00,9,小雨,20.0,77.5,1.7,2
2023-03-19 00:00:00,9,多云,16.0,62.1,0.7,14
2023-03-19 01:00:00,5,多云,15.0,46.7,4.0,23
2023-03-19 02:00:00,9,晴天,19.7,53.8,0.1,44
2023-03-19 03:00:00,4,多云,22.3,68.1,1.0,49
2023-03-19 04:00:00,2,晴天,22.7,55.6,1.3,47
2023-03-19 05:00:00,6,多云,19.3,53.0,1.8,33
2023-03-19 06:00:00,4,大雨,21.3,46.0,3.4,19
2023-03-19 07:00:00,6,晴天,27.0,77.9,1.8,235
2023-03-19 08:00:00,3,多云,26.4,58.2,2.7,203
2023-03-19 09:00:00,6,阴天,30.4,58.3,2.7,142
2023-03-19 10:00:00,2,小雨,27.0,70.2,1.4,45
2023-03-19 11:00:00,2,大雨,30.7,39.6,8.2,19
2023-03-19 12:00:00,9,多云,28.5,60.6,9.4,93
2023-03-19 13:00:00,7,大雨,26.3,82.6,2.6,27
2023-03-19 14:00:00,3,晴天,30.8,59.0,0.2,77
2023-03-19 15:00:00,1,晴天,24.2,63.3,2.0,121
2023-03-19 16:00:00,8,晴天,26.4,63.0,0.6,107
2023-03-19 17:00:00,6,多云,25.5,75.9,2.0,228
2023-03-19 18:00:00,7,大雨,23.3,63.0,0.6,18
2023-03-19 19:00:00,9,晴天,25.3,97.0,3.7,229
2023-03-19 20:00:00,5,小雨,22.9,63.5,0.3,4
2023-03-19 21:00:00,1,小雨,21.5,53.5,9.2,37
2023-03-19 22:00:00,10,多云,19.5,82.7,0.7,75
2023-03-19 23:00:00,7,多云,24.4,56.8,3.2,33
2023-03-20 00:00:00,5,多云,23.1,51.0,7.5,43
2023-03-20 01:00:00,3,晴天,21.6,42.2,0.9,73
2023-03-20 02:00:00,9,晴天,21.6,67.2,8.2,55
2023-03-20 03:00:00,1,阴天,18.3,53.1,1.5,22
2023-03-20 04:00:00,1,晴天,21.0,48.3,9.7,52
2023-03-20 05:00:00,1,晴天,24.3,51.5,10.7,80
2023-03-20 06:00:00,3,阴天,26.8,54.6,0.6,18
2023-03-20 07:00:00,6,晴天,27.6,72.5,5.3,401
2023-03-20 08:00:00,10,小雨,27.9,67.3,0.6,171
2023-03-20 09:00:00,3,晴天,33.2,57.8,0.8,321
2023-03-20 10:00:00,8,多云,27.6,68.4,0.3,163
2023-03-20 11:00:00,10,晴天,31.5,58.4,0.5,137
2023-03-20 12:00:00,2,晴天,31.3,63.1,3.0,126
2023-03-20 13:00:00,9,多云,29.8,50.0,1.8,110
2023-03-20 14:00:00,3,小雨,29.4,50.1,4.7,84
2023-03-20 15:00:00,5,多云,28.6,62.3,1.2,131
2023-03-20 16:00:00,10,阴天,24.0,62.3,10.4,110
2023-03-20 17:00:00,8,晴天,26.2,75.2,0.2,490
2023-03-20 18:00:00,2,多云,25.9,67.5,0.2,418
2023-03-20 19:00:00,6,多云,23.3,52.6,3.6,418
2023-03-20 20:00:00,5,阴天,15.6,40.8,6.6,87
2023-03-20 21:00:00,10,晴天,15.4,73.2,4.8,131
2023-03-20 22:00:00,9,多云,16.9,65.0,2.0,116
2023-03-20 23:00:00,5,阴天,18.5,74.5,0.9,56
2023-03-21 00:00:00,2,晴天,16.4,66.9,0.0,42
2023-03-21 01:00:00,5,阴天,20.8,87.1,2.1,16
2023-03-21 02:00:00,4,晴天,22.9,56.8,1.9,61
2023-03-21 03:00:00,7,小雨,24.1,60.6,1.3,37
2023-03-21 04:00:00,6,阴天,22.2,71.9,2.6,34
2023-03-21 05:00:00,2,小雨,25.6,72.9,3.9,29
2023-03-21 06:00:00,5,多云,22.0,64.9,3.6,44
2023-03-21 07:00:00,7,晴天,24.5,36.1,0.9,418
2023-03-21 08:00:00,7,阴天,22.7,33.5,2.6,280
2023-03-21 09:00:00,5,多云,30.8,54.2,0.5,257
2023-03-21 10:00:00,9,晴天,33.9,60.3,0.4,146
2023-03-21 11:00:00,4,小雨,27.4,32.0,4.6,63
2023-03-21 12:00:00,3,多云,22.1,59.6,3.6,175
2023-03-21 13:00:00,4,晴天,25.6,69.8,4.4,221
2023-03-21 14:00:00,5,晴天,26.0,59.1,0.5,205
2023-03-21 15:00:00,6,晴天,23.2,64.4,7.4,188
2023-03-21 16:00:00,3,多云,23.1,68.8,0.4,184
2023-03-21 17:00:00,2,小雨,25.6,36.0,6.1,186
2023-03-21 18:00:00,4,多云,25.6,,1.3,407
2023-03-21 19:00:00,5,大雨,16.2,49.0,0.3,65
2023-03-21 20:00:00,4,阴天,19.6,56.4,1.0,110
2023-03-21 21:00:00,3,小雨,20.2,50.1,0.6,68
2023-03-21 22:00:00,8,晴天,16.1,76.1,2.0,132
2023-03-21 23:00:00,10,小雨,19.5,42.4,9.0,30
2023-03-22 00:00:00,4,多云,18.3,80.7,,50
2023-03-22 01:00:00,2,多云,17.5,95.9,2.8,27
2023-03-22 02:00:00,2,小雨,16.7,36.7,6.7,18
2023-03-22 03:00:00,1,多云,20.9,51.2,3.0,44
2023-03-22 04:00:00,4,阴天,18.9,69.2,1.3,18
2023-03-22 05:00:00,10,晴天,17.2,45.1,14.1,57
2023-03-22 06:00:00,9,小雨,23.7,55.9,0.6,34
2023-03-22 07:00:00,7,晴天,21.2,62.6,2.2,420
2023-03-22 08:00:00,10,阴天,21.2,49.3,4.8,297
2023-03-22 09:00:00,7,晴天,27.6,61.2,0.0,443
2023-03-22 10:00:00,7,晴天,27.5,74.2,3.6,196
2023-03-22 11:00:00,8,晴天,25.9,58.8,0.9,208
2023-03-22 12:00:00,1,多云,29.3,44.4,0.6,123
2023-03-22 13:00:00,10,晴天,29.8,77.5,1.0,147
2023-03-22 14:00:00,10,多云,28.7,80.8,10.2,110
2023-03-22 15:00:00,8,多云,27.8,65.5,6.7,175
2023-03-22 16:00:00,4,晴天,21.3,45.3,0.7,211
2023-03-22 17:00:00,4,晴天,28.8,46.8,0.4,365
2023-03-22 18:00:00,4,大雨,25.3,24.5,1.4,79
2023-03-22 19:00:00,6,小雨,19.5,51.1,2.7,206
2023-03-22 20:00:00,7,小雨,21.1,76.0,6.1,67
2023-03-22 21:00:00,6,小雨,20.7,49.7,10.2,57
2023-03-22 22:00:00,1,晴天,19.2,45.7,4.2,142
2023-03-22 23:00:00,8,晴天,24.2,75.3,2.7,46
2023-03-23 00:00:00,10,晴天,12.8,77.3,0.5,36
2023-03-23 01:00:00,7,大雨,14.4,52.0,0.2,13
2023-03-23 02:00:00,6,阴天,12.4,67.6,2.7,28
2023-03-23 03:00:00,6,多云,20.4,47.0,2.3,54
2023-03-23 04:00:00,5,晴天,22.8,54.9,5.6,69
2023-03-23 05:00:00,6,晴天,23.5,32.7,1.2,49
2023-03-23 06:00:00,9,晴天,22.8,65.4,0.1,20
2023-03-23 07:00:00,10,多云,26.2,58.5,,388
2023-03-23 08:00:00,9,晴天,25.3,49.9,10.4,412
2023-03-23 09:00:00,10,阴天,29.4,58.6,4.8,227
2023-03-23 10:00:00,8,多云,31.3,56.8,0.1,142
2023-03-23 11:00:00,10,阴天,25.7,47.6,6.2,161
2023-03-23 12:00:00,9,大雨,27.8,66.0,1.9,58
2023-03-23 13:00:00,10,大雨,28.1,55.5,1.4,18
2023-03-23 14:00:00,8,小雨,32.3,58.0,1.3,77
2023-03-23 15:00:00,8,小雨,24.8,38.1,2.7,80
2023-03-23 16:00:00,1,小雨,29.5,58.1,2.3,101
2023-03-23 17:00:00,10,小雨,20.6,57.3,3.2,198
2023-03-23 18:00:00,5,多云,27.4,47.6,2.6,397
2023-03-23 19:00:00,4,阴天,24.9,68.0,0.5,315
2023-03-23 20:00:00,2,小雨,20.7,28.4,0.9,12
2023-03-23 21:00:00,8,大雨,22.9,52.8,5.5,30
2023-03-23 22:00:00,3,阴天,17.8,64.6,3.3,108
2023-03-23 23:00:00,4,晴天,16.1,91.5,1.8,51
2023-03-24 00:00:00,7,晴天,23.8,39.5,0.6,15
2023-03-24 01:00:00,10,多云,17.2,61.3,0.0,24
2023-03-24 02:00:00,9,多云,21.4,68.2,1.1,50
2023-03-24 03:00:00,2,大雨,23.5,61.0,0.2,34
2023-03-24 04:00:00,3,多云,23.6,41.5,2.0,42
2023-03-24 05:00:00,4,多云,24.2,52.7,5.2,59
2023-03-24 06:00:00,10,多云,25.7,23.4,1.0,27
2023-03-24 07:00:00,1,晴天,28.1,60.1,5.6,328
2023-03-24 08:00:00,7,小雨,27.1,38.8,3.7,158
2023-03-24 09:00:00,2,大雨,27.1,66.8,0.4,82
2023-03-24 10:00:00,5,晴天,23.9,50.2,3.1,194
2023-03-24 11:00:00,1,多云,29.4,48.8,0.5,157
2023-03-24 12:00:00,3,多云,31.7,62.5,3.2,127
2023-03-24 13:00:00,2,晴天,25.2,63.9,0.5,186
2023-03-24 14:00:00,1,晴天,27.3,73.1,1.5,187
2023-03-24 15:00:00,7,阴天,28.5,56.1,2.5,98
2023-03-24 16:00:00,5,多云,30.7,58.4,0.2,137
2023-03-24 17:00:00,1,晴天,21.5,39.2,0.5,464
2023-03-24 18:00:00,6,晴天,26.0,81.7,1.2,366
2023-03-24 19:00:00,5,小雨,21.3,46.0,1.9,195
2023-03-24 20:00:00,3,小雨,19.1,70.9,5.9,3
2023-03-24 21:00:00,7,小雨,17.4,71.0,0.6,45
2023-03-24 22:00:00,10,晴天,17.4,66.0,1.3,115
2023-03-24 23:00:00,9,阴天,20.3,56.4,1.9,22
2023-03-25 00:00:00,9,多云,18.0,54.6,1.1,29
2023-03-25 01:00:00,9,晴天,21.0,59.0,2.9,27
2023-03-25 02:00:00,2,多云,16.0,31.4,0.9,21
2023-03-25 03:00:00,3,多云,22.2,59.6,4.4,43
2023-03-25 04:00:00,7,阴天,22.5,82.3,2.1,16
2023-03-25 05:00:00,5,阴天,17.8,56.6,0.3,48
2023-03-25 06:00:00,2,晴天,28.2,59.5,3.0,34
2023-03-25 07:00:00,3,阴天,26.0,44.6,2.5,160
2023-03-25 08:00:00,10,大雨,28.5,62.8,1.2,59
2023-03-25 09:00:00,6,阴天,30.7,48.3,0.0,139
2023-03-25 10:00:00,7,晴天,30.9,72.7,0.7,121
2023-03-25 11:00:00,9,多云,28.1,77.1,1.6,75
2023-03-25 12:00:00,1,晴天,30.8,80.4,0.7,78
2023-03-25 13:00:00,7,大雨,23.1,38.3,2.6,25
2023-03-25 14:00:00,8,晴天,29.2,70.8,3.7,91
2023-03-25 15:00:00,3,多云,32.4,69.7,5.8,98
2023-03-25 16:00:00,4,晴天,24.1,53.8,3.1,150
2023-03-25 17:00:00,10,晴天,27.7,77.9,3.5,249
2023-03-25 18:00:00,6,小雨,29.0,66.2,2.8,96
2023-03-25 19:00:00,10,阴天,24.4,80.6,12.7,143
2023-03-25 20:00:00,7,小雨,24.2,41.0,0.9,0
2023-03-25 21:00:00,4,阴天,15.4,49.3,0.9,63
2023-03-25 22:00:00,8,晴天,16.5,61.4,0.4,88
2023-03-25 23:00:00,5,多云,23.1,77.6,2.0,35
2023-03-26 00:00:00,1,多云,21.5,66.8,0.3,31
2023-03-26 01:00:00,4,晴天,20.3,45.8,0.9,43
2023-03-26 02:00:00,3,多云,18.5,86.6,2.0,11
2023-03-26 03:00:00,9,小雨,21.0,55.6,9.5,15
2023-03-26 04:00:00,8,多云,26.4,46.3,10.0,36
2023-03-26 05:00:00,1,小雨,22.1,48.4,4.1,31
2023-03-26 06:00:00,6,多云,25.8,40.0,1.5,26
2023-03-26 07:00:00,9,晴天,27.0,26.3,6.0,250
2023-03-26 08:00:00,7,晴天,24.2,58.3,6.2,252
2023-03-26 09:00:00,4,多云,25.4,36.7,7.2,196
2023-03-26 10:00:00,1,晴天,32.6,64.7,3.1,105
2023-03-26 11:00:00,2,晴天,30.2,74.8,0.7,71
2023-03-26 12:00:00,5,多云,26.6,65.6,0.3,108
2023-03-26 13:00:00,5,多云,27.6,60.7,7.4,104
2023-03-26 14:00:00,8,晴天,25.0,36.9,0.2,98
2023-03-26 15:00:00,6,小雨,30.4,72.7,1.1,13
2023-03-26 16:00:00,8,小雨,25.4,89.2,2.0,24
2023-03-26 17:00:00,2,晴天,24.2,81.1,0.1,221
2023-03-26 18:00:00,3,大雨,26.2,40.0,7.1,65
2023-03-26 19:00:00,6,小雨,17.3,58.8,1.0,107
2023-03-26 20:00:00,10,小雨,21.0,55.8,0.1,39
2023-03-26 21:00:00,3,多云,20.1,54.0,15.1,87
2023-03-26 22:00:00,6,晴天,18.5,60.4,1.1,97
2023-03-26 23:00:00,6,小雨,17.2,92.5,6.3,9
2023-03-27 00:00:00,2,多云,16.5,61.6,1.8,32
2023-03-27 01:00:00,7,阴天,19.7,53.3,3.3,42
2023-03-27 02:00:00,2,大雨,16.3,64.5,0.8,0
2023-03-27 03:00:00,6,多云,20.6,40.3,2.1,70
2023-03-27 04:00:00,1,晴天,19.5,49.3,0.9,63
2023-03-27 05:00:00,3,晴天,20.9,74.8,9.1,53
2023-03-27 06:00:00,2,晴天,24.3,62.8,0.2,58
2023-03-27 07:00:00,7,多云,23.5,91.5,1.0,288
2023-03-27 08:00:00,4,晴天,30.0,64.0,6.7,319
2023-03-27 09:00:00,8,多云,26.8,41.3,2.0,364
2023-03-27 10:00:00,6,晴天,31.1,36.2,2.7,152
2023-03-27 11:00:00,10,阴天,26.2,75.0,3.2,169
2023-03-27 12:00:00,4,晴天,26.3,44.4,0.2,192
2023-03-27 13:00:00,5,阴天,23.5,43.0,0.1,148
2023-03-27 14:00:00,9,阴天,26.5,52.3,8.3,128
2023-03-27 15:00:00,7,多云,26.5,74.9,1.0,159
2023-03-27 16:00:00,10,小雨,26.4,54.5,1.4,51
2023-03-27 17:00:00,9,多云,27.0,47.4,3.4,406
2023-03-27 18:00:00,7,小雨,25.5,78.2,0.8,174
2023-03-27 19:00:00,1,晴天,25.8,75.6,4.0,489
2023-03-27 20:00:00,8,晴天,18.5,85.0,1.8,114
2023-03-27 21:00:00,4,多云,20.2,80.3,5.8,93
2023-03-27 22:00:00,3,多云,16.3,75.9,1.0,93
2023-03-27 23:00:00,7,多云,20.1,48.7,0.7,51
2023-03-28 00:00:00,3,晴天,24.1,69.9,5.3,40
2023-03-28 01:00:00,8,多云,15.2,78.2,1.2,21
2023-03-28 02:00:00,6,晴天,21.4,87.8,1.6,47
2023-03-28 03:00:00,5,晴天,23.3,62.6,4.7,31
2023-03-28 04:00:00,4,晴天,18.5,52.6,3.0,19
2023-03-28 05:00:00,8,晴天,23.7,46.7,1.7,70
2023-03-28 06:00:00,8,晴天,22.6,74.7,0.9,42
2023-03-28 07:00:00,1,大雨,24.6,50.0,4.3,38
2023-03-28 08:00:00,9,晴天,25.0,61.6,0.6,408
2023-03-28 09:00:00,5,小雨,26.5,46.8,7.9,151
2023-03-28 10:00:00,4,晴天,31.5,57.6,0.5,173
2023-03-28 11:00:00,6,阴天,28.3,66.6,4.9,83
2023-03-28 12:00:00,6,多云,26.9,64.0,1.7,151
2023-03-28 13:00:00,2,晴天,28.7,71.1,0.6,170
2023-03-28 14:00:00,8,多云,21.6,39.4,1.5,164
2023-03-28 15:00:00,7,多云,24.7,58.3,0.8,175
2023-03-28 16:00:00,1,多云,29.9,52.9,0.4,124
2023-03-28 17:00:00,5,晴天,24.5,45.3,0.8,500
2023-03-28 18:00:00,6,阴天,22.2,48.8,6.1,308
2023-03-28 19:00:00,4,多云,22.9,46.6,0.3,404
2023-03-28 20:00:00,2,晴天,23.4,65.2,10.8,157
2023-03-28 21:00:00,4,小雨,24.1,66.0,0.0,46
2023-03-28 22:00:00,1,多云,18.0,73.1,3.2,103
2023-03-28 23:00:00,7,大雨,17.5,64.9,5.8,19
2023-03-29 00:00:00,2,多云,18.0,62.4,8.2,57
2023-03-29 01:00:00,2,小雨,21.9,61.2,0.5,7
2023-03-29 02:00:00,9,晴天,19.5,70.1,3.6,72
2023-03-29 03:00:00,5,大雨,26.6,28.4,0.3,8
2023-03-29 04:00:00,2,小雨,20.7,59.1,1.3,27
2023-03-29 05:00:00,9,晴天,27.7,64.8,3.9,73
2023-03-29 06:00:00,9,晴天,21.0,86.8,1.3,52
2023-03-29 07:00:00,1,晴天,20.8,43.3,1.1,422
2023-03-29 08:00:00,3,阴天,25.9,42.8,0.4,282
2023-03-29 09:00:00,4,晴天,30.6,25.9,0.2,365
2023-03-29 10:00:00,7,多云,26.6,39.1,0.4,159
2023-03-29 11:00:00,10,晴天,26.6,57.7,6.2,207
2023-03-29 12:00:00,4,多云,31.7,49.1,0.0,139
2023-03-29 13:00:00,2,多云,30.6,48.8,3.5,140
2023-03-29 14:00:00,7,阴天,25.6,60.3,4.4,172
2023-03-29 15:00:00,6,多云,24.6,68.7,2.5,172
2023-03-29 16:00:00,3,大雨,28.6,60.2,3.9,22
2023-03-29 17:00:00,6,多云,20.1,60.4,3.2,423
2023-03-29 18:00:00,6,晴天,26.9,66.1,1.8,471
2023-03-29 19:00:00,5,晴天,24.4,32.5,1.4,486
2023-03-29 20:00:00,4,多云,14.3,61.9,8.5,90
2023-03-29 21:00:00,10,阴天,20.2,58.9,10.7,107
2023-03-29 22:00:00,1,阴天,13.4,59.9,3.2,82
2023-03-29 23:00:00,10,晴天,15.2,51.2,,44
2023-03-30 00:00:00,6,晴天,17.2,56.9,1.8,23
2023-03-30 01:00:00,2,晴天,15.0,66.0,2.1,25
2023-03-30 02:00:00,3,阴天,26.0,84.1,4.3,0
2023-03-30 03:00:00,8,阴天,22.7,34.6,3.3,33
2023-03-30 04:00:00,10,大雨,25.3,68.6,2.2,0
2023-03-30 05:00:00,6,多云,21.9,78.3,3.4,40
2023-03-30 06:00:00,3,多云,23.8,40.9,0.1,44
2023-03-30 07:00:00,7,多云,29.7,57.3,4.5,287
2023-03-30 08:00:00,4,晴天,27.5,64.1,0.7,430
2023-03-30 09:00:00,9,多云,29.0,90.1,3.2,233
2023-03-30 10:00:00,5,晴天,25.3,92.6,0.4,168
2023-03-30 11:00:00,3,晴天,25.7,40.9,0.4,197
2023-03-30 12:00:00,2,阴天,29.4,55.5,0.1,106
2023-03-30 13:00:00,2,大雨,29.6,63.0,7.2,11
2023-03-30 14:00:00,3,多云,25.0,,2.8,175
2023-03-30 15:00:00,2,多云,28.3,63.0,1.3,108
2023-03-30 16:00:00,4,多云,22.5,45.8,4.7,187
2023-03-30 17:00:00,2,小雨,25.0,45.1,3.0,167
2023-03-30 18:00:00,10,大雨,19.3,36.9,2.9,75
2023-03-30 19:00:00,9,大雨,26.4,29.7,2.0,77
2023-03-30 20:00:00,2,小雨,20.2,36.5,0.0,69
2023-03-30 21:00:00,9,晴天,18.0,77.4,0.9,109
2023-03-30 22:00:00,6,晴天,15.9,70.7,0.3,130
2023-03-30 23:00:00,1,多云,15.1,68.3,3.3,51
2023-03-31 00:00:00,4,晴天,20.0,56.7,0.9,76
2023-03-31 01:00:00,1,大雨,21.8,59.4,1.8,7
2023-03-31 02:00:00,6,晴天,22.0,56.0,1.3,41
2023-03-31 03:00:00,4,晴天,24.3,36.2,0.5,81
2023-03-31 04:00:00,3,多云,26.4,69.7,9.5,54
2023-03-31 05:00:00,3,阴天,25.2,72.8,8.1,55
2023-03-31 06:00:00,9,晴天,22.2,42.7,0.3,32
2023-03-31 07:00:00,6,小雨,25.5,42.7,5.3,170
2023-03-31 08:00:00,9,多云,19.4,65.3,2.0,341
2023-03-31 09:00:00,5,晴天,29.1,65.1,4.5,305
2023-03-31 10:00:00,2,多云,28.4,71.0,0.5,140
2023-03-31 11:00:00,8,小雨,33.3,81.2,0.4,57
2023-03-31 12:00:00,5,多云,26.4,44.1,6.6,164
2023-03-31 13:00:00,2,阴天,30.0,58.8,6.8,129
2023-03-31 14:00:00,4,晴天,25.0,45.0,1.9,197
2023-03-31 15:00:00,9,晴天,26.9,46.1,6.1,198
2023-03-31 16:00:00,4,阴天,21.3,53.6,3.3,139
2023-03-31 17:00:00,4,多云,29.0,81.6,0.6,242
2023-03-31 18:00:00,2,多云,26.8,76.6,1.2,419
2023-03-31 19:00:00,6,大雨,20.9,58.9,0.4,57
2023-03-31 20:00:00,2,晴天,21.9,27.7,4.5,123
2023-03-31 21:00:00,7,小雨,20.2,65.9,12.6,34
2023-03-31 22:00:00,3,晴天,17.5,65.5,2.4,163
2023-03-31 23:00:00,3,晴天,19.2,46.0,3.2,45
2023-04-01 00:00:00,5,晴天,18.7,72.5,4.1,18
2023-04-01 01:00:00,3,大雨,23.1,45.7,0.8,0
2023-04-01 02:00:00,2,晴天,20.0,72.4,1.2,43
2023-04-01 03:00:00,10,小雨,28.6,63.6,1.6,18
2023-04-01 04:00:00,9,阴天,22.3,38.1,2.7,12
2023-04-01 05:00:00,2,多云,24.0,54.6,5.7,19
2023-04-01 06:00:00,2,多云,26.6,62.2,0.9,3
2023-04-01 07:00:00,8,多云,28.8,64.5,1.9,167
2023-04-01 08:00:00,9,晴天,27.7,75.5,4.2,272
2023-04-01 09:00:00,7,多云,30.1,77.4,0.3,156
2023-04-01 10:00:00,3,小雨,29.9,56.4,2.2,45
2023-04-01 11:00:00,9,阴天,27.5,68.4,0.5,75
2023-04-01 12:00:00,3,阴天,26.9,84.1,2.3,50
2023-04-01 13:00:00,5,阴天,31.9,44.7,4.4,75
2023-04-01 14:00:00,9,阴天,33.9,50.9,0.8,100
2023-04-01 15:00:00,3,多云,23.6,35.2,5.7,111
2023-04-01 16:00:00,7,小雨,23.2,50.5,1.2,40
2023-04-01 17:00:00,1,阴天,22.0,63.1,0.6,191
2023-04-01 18:00:00,4,多云,27.3,28.3,1.9,268
2023-04-01 19:00:00,4,阴天,26.3,66.6,6.3,201
2023-04-01 20:00:00,7,多云,19.6,52.9,0.2,57
2023-04-01 21:00:00,8,小雨,28.1,59.1,1.2,23
2023-04-01 22:00:00,1,小雨,19.5,42.5,3.2,34
2023-04-01 23:00:00,5,阴天,24.5,58.5,1.3,28
2023-04-02 00:00:00,7,晴天,22.4,85.2,0.2,47
2023-04-02 01:00:00,4,小雨,17.3,54.0,1.2,30
2023-04-02 02:00:00,4,多云,19.4,26.8,5.2,28
2023-04-02 03:00:00,4,晴天,18.8,78.2,10.3,29
2023-04-02 04:00:00,6,大雨,18.5,68.1,0.1,10
2023-04-02 05:00:00,7,多云,22.9,61.4,2.5,16
2023-04-02 06:00:00,2,小雨,21.4,68.5,0.3,26
2023-04-02 07:00:00,5,晴天,25.8,61.2,3.4,250
2023-04-02 08:00:00,4,多云,33.3,84.6,0.0,139
2023-04-02 09:00:00,3,小雨,30.6,71.3,0.0,100
2023-04-02 10:00:00,7,多云,27.7,53.2,4.5,111
2023-04-02 11:00:00,6,晴天,27.9,82.4,0.2,100
2023-04-02 12:00:00,7,阴天,28.8,87.3,1.1,44
2023-04-02 13:00:00,5,多云,36.0,73.7,9.5,30
2023-04-02 14:00:00,6,小雨,26.1,66.1,12.6,29
2023-04-02 15:00:00,5,多云,28.5,47.2,0.5,87
2023-04-02 16:00:00,7,多云,28.9,70.3,2.5,47
2023-04-02 17:00:00,2,多云,29.9,65.8,2.5,199
2023-04-02 18:00:00,5,多云,24.0,59.6,1.8,251
2023-04-02 19:00:00,6,多云,20.8,70.5,7.8,241
2023-04-02 20:00:00,6,多云,23.4,61.3,4.2,60
2023-04-02 21:00:00,5,多云,25.4,68.2,4.3,68
2023-04-02 22:00:00,10,晴天,19.9,75.5,0.9,54
2023-04-02 23:00:00,7,多云,17.7,40.0,1.7,38
2023-04-03 00:00:00,10,晴天,20.3,44.6,2.0,48
2023-04-03 01:00:00,8,晴天,15.3,46.3,1.1,73
2023-04-03 02:00:00,7,阴天,20.0,89.1,0.3,33
2023-04-03 03:00:00,5,小雨,25.0,69.5,0.4,22
2023-04-03 04:00:00,1,小雨,25.1,70.9,0.6,25
2023-04-03 05:00:00,5,多云,23.3,76.9,0.7,28
2023-04-03 06:00:00,10,阴天,30.0,44.3,0.8,20
2023-04-03 07:00:00,2,小雨,32.0,29.4,0.9,126
2023-04-03 08:00:00,5,大雨,29.5,59.1,1.8,45
2023-04-03 09:00:00,5,多云,24.1,73.5,2.1,348
2023-04-03 10:00:00,2,阴天,23.7,57.0,1.1,136
2023-04-03 11:00:00,5,大雨,34.0,39.5,7.1,24
2023-04-03 12:00:00,4,阴天,,46.4,2.4,142
2023-04-03 13:00:00,1,晴天,34.7,42.3,4.6,151
2023-04-03 14:00:00,3,晴天,25.3,50.8,7.7,192
2023-04-03 15:00:00,1,晴天,28.1,42.6,0.5,153
2023-04-03 16:00:00,5,晴天,30.6,62.2,1.7,178
2023-04-03 17:00:00,4,阴天,24.1,51.8,1.7,351
2023-04-03 18:00:00,7,晴天,28.0,69.5,1.3,393
2023-04-03 19:00:00,5,晴天,23.3,45.4,0.0,474
2023-04-03 20:00:00,10,晴天,22.6,63.8,5.1,144
2023-04-03 21:00:00,4,晴天,17.9,59.4,0.4,119
2023-04-03 22:00:00,2,晴天,21.4,65.9,16.2,129
2023-04-03 23:00:00,4,大雨,26.7,68.1,4.4,0
2023-04-04 00:00:00,2,多云,21.2,69.7,2.6,49
2023-04-04 01:00:00,8,晴天,17.8,72.5,0.5,51
2023-04-04 02:00:00,3,多云,24.9,68.1,2.2,46
2023-04-04 03:00:00,9,多云,19.2,64.5,0.9,30
2023-04-04 04:00:00,4,晴天,27.7,50.0,0.9,63
2023-04-04 05:00:00,6,小雨,19.9,72.8,5.3,0
2023-04-04 06:00:00,10,小雨,25.8,49.5,1.4,15
2023-04-04 07:00:00,5,小雨,30.9,55.6,1.8,123
2023-04-04 08:00:00,10,小雨,24.9,47.1,5.6,132
2023-04-04 09:00:00,1,晴天,28.8,46.8,0.3,330
2023-04-04 10:00:00,9,阴天,32.8,55.2,2.7,105
2023-04-04 11:00:00,1,大雨,23.1,56.5,2.6,39
2023-04-04 12:00:00,8,阴天,32.8,47.8,1.7,137
2023-04-04 13:00:00,9,晴天,29.6,60.3,5.3,160
2023-04-04 14:00:00,9,阴天,33.7,62.4,8.6,122
2023-04-04 15:00:00,1,大雨,26.1,51.8,1.9,51
2023-04-04 16:00:00,2,大雨,23.3,94.3,1.8,32
2023-04-04 17:00:00,1,晴天,24.7,65.0,2.1,460
2023-04-04 18:00:00,10,小雨,23.3,61.8,3.9,157
2023-04-04 19:00:00,2,阴天,23.1,49.9,3.3,333
2023-04-04 20:00:00,10,小雨,21.1,62.1,0.8,45
2023-04-04 21:00:00,8,多云,15.4,63.6,0.2,133
2023-04-04 22:00:00,5,阴天,20.4,59.9,8.9,86
2023-04-04 23:00:00,7,多云,20.9,81.3,0.9,34
2023-04-05 00:00:00,2,多云,19.4,34.5,3.1,25
2023-04-05 01:00:00,8,多云,21.0,54.3,5.3,37
2023-04-05 02:00:00,6,阴天,20.9,70.7,1.1,20
2023-04-05 03:00:00,8,晴天,17.3,46.6,3.0,37
2023-04-05 04:00:00,1,多云,21.6,36.8,0.3,42
2023-04-05 05:00:00,1,小雨,24.0,52.2,10.5,10
2023-04-05 06:00:00,7,大雨,24.3,75.7,0.2,47
2023-04-05 07:00:00,8,多云,21.8,46.9,1.7,370
2023-04-05 08:00:00,3,阴天,31.2,54.7,2.3,241
2023-04-05 09:00:00,5,阴天,25.6,66.3,4.7,290
2023-04-05 10:00:00,1,晴天,25.6,51.3,0.4,204
2023-04-05 11:00:00,7,多云,30.0,53.4,1.7,125
2023-04-05 12:00:00,5,晴天,29.1,50.2,1.1,195
2023-04-05 13:00:00,8,晴天,31.6,51.5,1.1,154
2023-04-05 14:00:00,8,多云,31.9,42.6,4.5,122
2023-04-05 15:00:00,9,阴天,30.7,56.1,0.0,96
2023-04-05 16:00:00,7,大雨,27.5,76.0,4.1,36
2023-04-05 17:00:00,1,晴天,28.0,83.7,5.0,399
2023-04-05 18:00:00,3,晴天,20.3,78.7,6.9,489
2023-04-05 19:00:00,8,多云,27.0,62.1,3.0,389
2023-04-05 20:00:00,3,多云,21.3,84.9,1.2,79
2023-04-05 21:00:00,8,晴天,27.4,94.5,1.7,126
2023-04-05 22:00:00,1,阴天,24.0,62.7,10.5,125
2023-04-05 23:00:00,5,阴天,19.6,45.1,6.4,32
2023-04-06 00:00:00,4,多云,20.1,79.7,1.9,60
2023-04-06 01:00:00,5,阴天,23.7,41.9,8.6,13
2023-04-06 02:00:00,8,多云,13.9,46.7,,20
2023-04-06 03:00:00,10,小雨,21.0,28.8,6.9,4
2023-04-06 04:00:00,4,多云,27.6,70.9,3.4,49
2023-04-06 05:00:00,4,晴天,26.2,25.3,5.8,48
2023-04-06 06:00:00,3,阴天,22.5,74.9,6.7,38
2023-04-06 07:00:00,7,多云,27.2,87.1,0.3,304
2023-04-06 08:00:00,3,小雨,24.6,85.9,10.1,120
2023-04-06 09:00:00,3,多云,27.5,41.0,1.2,358
2023-04-06 10:00:00,10,晴天,30.3,32.0,1.7,135
2023-04-06 11:00:00,5,晴天,31.4,50.4,4.7,173
2023-04-06 12:00:00,5,多云,32.2,73.2,3.3,148
2023-04-06 13:00:00,6,小雨,33.5,78.1,6.7,65
2023-04-06 14:00:00,8,晴天,25.7,70.0,1.5,204
2023-04-06 15:00:00,10,小雨,28.6,67.9,1.4,52
2023-04-06 16:00:00,6,小雨,24.9,95.4,0.1,41
2023-04-06 17:00:00,1,小雨,25.1,52.8,1.9,186
2023-04-06 18:00:00,8,多云,22.7,48.3,3.9,411
2023-04-06 19:00:00,8,阴天,25.2,42.2,1.1,357
2023-04-06 20:00:00,9,多云,25.7,66.5,1.9,108
2023-04-06 21:00:00,9,多云,24.8,57.3,0.7,118
2023-04-06 22:00:00,2,晴天,17.4,72.4,4.4,151
2023-04-06 23:00:00,2,晴天,19.8,53.2,0.2,67
2023-04-07 00:00:00,3,晴天,16.6,69.4,3.7,41
2023-04-07 01:00:00,1,小雨,16.7,54.2,1.4,15
2023-04-07 02:00:00,4,晴天,18.7,57.6,0.1,42
2023-04-07 03:00:00,4,晴天,22.5,59.0,5.8,37
2023-04-07 04:00:00,9,大雨,24.1,34.5,2.0,29
2023-04-07 05:00:00,9,晴天,25.7,57.9,2.7,51
2023-04-07 06:00:00,9,晴天,26.8,68.4,4.0,49
2023-04-07 07:00:00,10,晴天,23.8,45.2,3.2,426
2023-04-07 08:00:00,7,大雨,31.0,88.7,3.9,40
2023-04-07 09:00:00,2,晴天,30.9,60.1,4.3,321
2023-04-07 10:00:00,10,多云,28.1,50.6,2.7,120
2023-04-07 11:00:00,5,多云,28.7,50.1,1.4,155
2023-04-07 12:00:00,4,小雨,28.0,80.6,0.8,39
2023-04-07 13:00:00,8,小雨,26.0,47.6,7.0,64
2023-04-07 14:00:00,2,大雨,31.3,64.5,10.5,22
2023-04-07 15:00:00,6,晴天,31.0,73.2,1.3,188
2023-04-07 16:00:00,5,晴天,,68.3,0.4,190
2023-04-07 17:00:00,2,晴天,22.6,51.6,0.8,483
2023-04-07 18:00:00,10,晴天,22.2,72.6,3.3,469
2023-04-07 19:00:00,1,晴天,24.0,62.3,0.6,476
2023-04-07 20:00:00,8,晴天,18.4,34.2,4.5,149
2023-04-07 21:00:00,2,多云,24.8,78.3,7.7,88
2023-04-07 22:00:00,7,小雨,23.9,50.8,9.9,38
2023-04-07 23:00:00,9,多云,21.4,57.4,0.0,56
2023-04-08 00:00:00,9,小雨,22.4,64.6,9.5,13
2023-04-08 01:00:00,8,晴天,20.3,52.0,4.0,33
2023-04-08 02:00:00,10,晴天,22.1,71.4,0.3,41
2023-04-08 03:00:00,9,多云,17.6,43.4,1.6,12
2023-04-08 04:00:00,2,晴天,26.7,51.4,3.6,46
2023-04-08 05:00:00,6,晴天,22.2,78.4,9.4,42
2023-04-08 06:00:00,4,多云,24.6,60.4,0.5,29
2023-04-08 07:00:00,4,阴天,33.8,44.1,0.4,142
2023-04-08 08:00:00,5,小雨,26.8,61.2,1.9,114
2023-04-08 09:00:00,3,晴天,30.8,66.0,10.3,186
2023-04-08 10:00:00,1,大雨,30.9,36.2,10.7,24
2023-04-08 11:00:00,8,小雨,25.8,84.8,0.8,63
2023-04-08 12:00:00,5,小雨,27.0,86.8,1.2,47
2023-04-08 13:00:00,3,大雨,35.9,61.8,7.2,2
2023-04-08 14:00:00,10,多云,31.1,57.0,4.0,113
2023-04-08 15:00:00,7,晴天,28.5,60.3,10.8,97
2023-04-08 16:00:00,7,多云,25.9,73.4,6.7,123
2023-04-08 17:00:00,1,多云,27.3,66.8,0.7,233
2023-04-08 18:00:00,9,多云,26.2,63.6,4.3,256
2023-04-08 19:00:00,2,多云,24.4,80.7,0.1,183
2023-04-08 20:00:00,5,阴天,25.7,77.0,5.1,61
2023-04-08 21:00:00,5,阴天,18.9,45.6,2.8,47
2023-04-08 22:00:00,8,阴天,17.7,73.3,9.4,84
2023-04-08 23:00:00,8,大雨,23.3,77.3,9.7,1
2023-04-09 00:00:00,7,阴天,26.3,64.2,0.2,4
2023-04-09 01:00:00,7,晴天,22.7,69.0,0.5,31
2023-04-09 02:00:00,6,晴天,24.6,55.4,2.0,38
2023-04-09 03:00:00,6,多云,21.2,41.9,6.3,25
2023-04-09 04:00:00,9,大雨,23.3,88.3,5.1,0
2023-04-09 05:00:00,6,多云,24.5,39.9,10.0,41
2023-04-09 06:00:00,2,小雨,24.8,85.2,2.9,28
2023-04-09 07:00:00,2,晴天,30.5,59.0,0.9,170
2023-04-09 08:00:00,5,晴天,30.8,78.7,0.1,181
2023-04-09 09:00:00,4,小雨,27.3,60.3,0.8,95
2023-04-09 10:00:00,2,晴天,24.4,74.1,3.4,113
2023-04-09 11:00:00,3,多云,29.6,66.7,,87
2023-04-09 12:00:00,7,晴天,26.5,50.0,1.2,149
2023-04-09 13:00:00,8,晴天,29.9,62.0,6.3,87
2023-04-09 14:00:00,6,小雨,26.1,57.9,1.5,70
2023-04-09 15:00:00,5,多云,32.3,69.6,1.1,57
2023-04-09 16:00:00,1,多云,29.6,62.1,2.1,86
2023-04-09 17:00:00,8,晴天,28.3,64.3,1.8,209
2023-04-09 18:00:00,3,大雨,28.2,44.6,7.4,40
2023-04-09 19:00:00,6,多云,24.9,40.8,1.9,213
2023-04-09 20:00:00,3,小雨,24.1,61.1,1.0,11
2023-04-09 21:00:00,7,小雨,25.8,62.7,5.5,38
2023-04-09 22:00:00,7,晴天,20.3,44.2,20.1,71
2023-04-09 23:00:00,9,阴天,22.0,68.6,3.1,16
2023-04-10 00:00:00,5,小雨,16.8,69.2,0.9,47
2023-04-10 01:00:00,8,多云,20.4,62.3,0.8,44
2023-04-10 02:00:00,10,晴天,27.4,60.2,0.2,64
2023-04-10 03:00:00,10,阴天,23.9,41.0,0.2,23
2023-04-10 04:00:00,8,大雨,22.2,40.7,7.4,0
2023-04-10 05:00:00,1,晴天,24.5,65.9,0.3,49
2023-04-10 06:00:00,5,晴天,24.9,47.6,2.0,28
2023-04-10 07:00:00,3,大雨,27.0,48.6,3.6,54
2023-04-10 08:00:00,1,小雨,26.3,64.2,5.7,166
2023-04-10 09:00:00,4,大雨,30.0,90.6,0.6,38
2023-04-10 10:00:00,8,多云,30.9,54.0,1.7,137
2023-04-10 11:00:00,3,小雨,29.8,90.8,0.9,57
2023-04-10 12:00:00,10,多云,30.4,58.9,0.9,114
2023-04-10 13:00:00,2,晴天,30.9,68.5,1.1,141
2023-04-10 14:00:00,9,小雨,27.7,74.4,2.7,45
2023-04-10 15:00:00,10,阴天,30.0,75.5,0.1,102
2023-04-10 16:00:00,5,晴天,29.8,65.1,1.6,167
2023-04-10 17:00:00,7,多云,30.7,56.6,0.6,330
2023-04-10 18:00:00,2,小雨,26.0,72.4,10.2,184
2023-04-10 19:00:00,9,多云,22.0,66.4,2.6,420
2023-04-10 20:00:00,9,大雨,22.2,53.5,6.1,26
2023-04-10 21:00:00,4,大雨,18.0,81.1,0.7,18
2023-04-10 22:00:00,4,晴天,22.9,66.9,5.0,126
2023-04-10 23:00:00,6,阴天,14.0,48.8,1.6,0
2023-04-11 00:00:00,10,大雨,23.1,47.0,0.6,26
2023-04-11 01:00:00,10,阴天,23.6,89.4,4.3,27
2023-04-11 02:00:00,10,小雨,11.9,52.6,4.3,35
2023-04-11 03:00:00,6,阴天,25.3,71.3,16.5,20
2023-04-11 04:00:00,1,晴天,25.6,65.7,4.6,87
2023-04-11 05:00:00,9,晴天,22.8,70.8,0.5,46
2023-04-11 06:00:00,2,阴天,21.4,88.7,1.2,17
2023-04-11 07:00:00,5,晴天,23.8,75.0,1.8,419
2023-04-11 08:00:00,9,晴天,25.2,72.5,0.4,425
2023-04-11 09:00:00,4,大雨,32.5,57.0,4.7,48
2023-04-11 10:00:00,3,大雨,28.0,50.0,2.2,23
2023-04-11 11:00:00,7,晴天,32.5,96.3,8.7,97
2023-04-11 12:00:00,6,阴天,29.6,59.4,2.7,95
2023-04-11 13:00:00,8,小雨,30.0,58.4,2.2,76
2023-04-11 14:00:00,3,多云,24.6,64.3,0.2,158
2023-04-11 15:00:00,5,大雨,25.1,62.9,0.5,5
2023-04-11 16:00:00,10,多云,31.4,83.9,5.7,89
2023-04-11 17:00:00,4,晴天,25.8,68.1,14.0,471
2023-04-11 18:00:00,4,晴天,25.9,40.4,1.6,461
2023-04-11 19:00:00,4,多云,29.1,50.1,5.0,303
2023-04-11 20:00:00,10,多云,22.1,60.2,3.0,102
2023-04-11 21:00:00,8,大雨,20.9,75.4,9.6,35
2023-04-11 22:00:00,6,大雨,24.3,37.2,0.8,28
2023-04-11 23:00:00,3,多云,20.2,67.4,2.4,76
2023-04-12 00:00:00,10,大雨,21.0,71.0,1.6,2
2023-04-12 01:00:00,5,晴天,23.2,73.2,2.3,46
2023-04-12 02:00:00,6,晴天,20.7,58.8,0.9,68
2023-04-12 03:00:00,5,阴天,23.8,75.7,2.1,40
2023-04-12 04:00:00,6,晴天,22.2,47.8,2.9,36
2023-04-12 05:00:00,8,晴天,26.6,74.2,0.3,59
2023-04-12 06:00:00,7,小雨,26.3,59.1,4.1,25
2023-04-12 07:00:00,5,多云,25.6,60.6,3.7,330
2023-04-12 08:00:00,10,阴天,27.7,60.5,6.4,282
2023-04-12 09:00:00,6,晴天,21.2,69.8,1.7,425
2023-04-12 10:00:00,4,晴天,32.9,43.4,0.2,177
2023-04-12 11:00:00,9,晴天,26.1,73.3,1.9,213
2023-04-12 12:00:00,4,多云,26.8,73.1,0.4,163
2023-04-12 13:00:00,1,多云,28.5,55.5,3.1,121
2023-04-12 14:00:00,7,多云,24.0,60.0,0.1,183
2023-04-12 15:00:00,7,阴天,29.9,47.1,1.4,71
2023-04-12 16:00:00,4,阴天,28.6,42.6,0.3,95
2023-04-12 17:00:00,3,晴天,24.8,63.0,0.0,494
2023-04-12 18:00:00,8,多云,23.0,63.1,9.7,404
2023-04-12 19:00:00,5,多云,21.6,54.9,16.7,389
2023-04-12 20:00:00,10,阴天,24.3,41.3,2.4,75
2023-04-12 21:00:00,7,阴天,16.7,66.9,0.8,106
2023-04-12 22:00:00,4,晴天,19.4,54.6,7.3,136
2023-04-12 23:00:00,4,小雨,15.6,48.8,7.7,16
2023-04-13 00:00:00,8,多云,22.3,79.1,5.8,48
2023-04-13 01:00:00,8,晴天,19.2,45.4,2.4,53
2023-04-13 02:00:00,2,晴天,22.3,68.4,0.2,52
2023-04-13 03:00:00,2,多云,25.2,37.5,0.3,23
2023-04-13 04:00:00,3,多云,26.3,38.5,6.8,27
2023-04-13 05:00:00,3,晴天,20.6,67.2,6.3,61
2023-04-13 06:00:00,1,小雨,25.9,55.0,1.7,27
2023-04-13 07:00:00,3,晴天,29.7,42.5,1.2,330
2023-04-13 08:00:00,6,多云,29.6,74.2,3.1,266
2023-04-13 09:00:00,8,晴天,30.9,65.6,4.9,336
2023-04-13 10:00:00,10,晴天,24.0,28.1,3.9,197
2023-04-13 11:00:00,6,多云,31.9,74.4,2.9,151
2023-04-13 12:00:00,5,晴天,27.6,44.0,0.8,191
2023-04-13 13:00:00,4,多云,31.8,34.4,0.9,124
2023-04-13 14:00:00,3,晴天,31.3,47.7,3.9,153
2023-04-13 15:00:00,4,多云,30.3,59.4,4.9,144
2023-04-13 16:00:00,7,晴天,27.2,61.2,0.4,202
2023-04-13 17:00:00,1,小雨,30.2,35.5,0.6,140
2023-04-13 18:00:00,7,大雨,26.5,38.8,3.4,66
2023-04-13 19:00:00,1,晴天,24.7,48.6,1.5,477
2023-04-13 20:00:00,2,多云,19.7,49.5,2.5,113
2023-04-13 21:00:00,4,晴天,22.7,71.4,2.9,123
2023-04-13 22:00:00,1,多云,26.6,53.8,4.5,116
2023-04-13 23:00:00,9,晴天,16.0,71.1,4.9,52
2023-04-14 00:00:00,6,多云,22.2,76.4,1.0,78
2023-04-14 01:00:00,1,多云,22.7,68.3,2.3,33
2023-04-14 02:00:00,1,阴天,25.8,20.0,0.4,22
2023-04-14 03:00:00,6,多云,23.6,55.4,5.5,47
2023-04-14 04:00:00,4,多云,22.5,57.5,5.6,28
2023-04-14 05:00:00,4,多云,25.0,59.2,1.1,26
2023-04-14 06:00:00,6,阴天,24.2,28.8,0.5,13
2023-04-14 07:00:00,7,大雨,30.0,48.5,0.2,38
2023-04-14 08:00:00,9,晴天,22.9,39.6,2.6,411
2023-04-14 09:00:00,10,大雨,27.1,46.1,0.3,45
2023-04-14 10:00:00,5,多云,30.7,56.1,3.4,128
2023-04-14 11:00:00,9,大雨,33.3,48.9,3.4,0
2023-04-14 12:00:00,4,大雨,30.0,47.2,2.9,31
2023-04-14 13:00:00,10,晴天,27.5,57.0,6.3,194
2023-04-14 14:00:00,2,小雨,28.7,52.6,1.4,53
2023-04-14 15:00:00,3,晴天,27.4,63.0,7.0,211
2023-04-14 16:00:00,1,晴天,26.5,53.7,0.1,208
2023-04-14 17:00:00,6,晴天,25.0,36.5,0.4,463
2023-04-14 18:00:00,6,小雨,23.7,44.5,1.6,188
2023-04-14 19:00:00,1,晴天,18.6,55.1,2.7,496
2023-04-14 20:00:00,3,晴天,23.4,53.3,0.1,120
2023-04-14 21:00:00,5,小雨,23.5,38.8,2.5,63
2023-04-14 22:00:00,3,晴天,25.2,70.1,1.1,118
2023-04-14 23:00:00,10,晴天,22.8,64.7,6.5,68
2023-04-15 00:00:00,3,晴天,22.4,51.0,2.3,19
2023-04-15 01:00:00,10,多云,21.1,57.5,2.7,14
2023-04-15 02:00:00,3,多云,15.4,43.9,8.7,42
2023-04-15 03:00:00,5,晴天,22.3,72.8,4.3,41
2023-04-15 04:00:00,5,阴天,22.8,91.0,1.7,6
2023-04-15 05:00:00,4,小雨,26.8,50.3,1.9,13
2023-04-15 06:00:00,1,晴天,26.7,78.4,3.1,19
2023-04-15 07:00:00,5,晴天,25.9,47.1,0.7,229
2023-04-15 08:00:00,10,多云,33.4,52.0,0.3,167
2023-04-15 09:00:00,5,小雨,31.1,81.5,1.1,54
2023-04-15 10:00:00,4,晴天,30.3,58.2,4.5,79
2023-04-15 11:00:00,6,晴天,31.2,70.3,0.9,113
2023-04-15 12:00:00,10,阴天,30.2,56.0,0.4,51
2023-04-15 13:00:00,4,晴天,29.9,33.0,0.7,95
2023-04-15 14:00:00,7,多云,22.8,95.1,3.4,98
2023-04-15 15:00:00,7,阴天,25.8,56.7,2.9,80
2023-04-15 16:00:00,2,小雨,25.9,62.3,3.5,35
2023-04-15 17:00:00,3,晴天,27.6,49.0,1.2,288
2023-04-15 18:00:00,1,小雨,20.0,71.7,6.9,116
2023-04-15 19:00:00,8,晴天,22.1,70.6,1.8,297
2023-04-15 20:00:00,9,小雨,20.6,36.6,2.2,59
2023-04-15 21:00:00,4,多云,21.8,62.6,8.9,61
2023-04-15 22:00:00,6,大雨,22.0,73.2,11.6,15
2023-04-15 23:00:00,9,阴天,18.2,78.0,3.3,2
2023-04-16 00:00:00,6,阴天,18.3,69.7,8.7,31
2023-04-16 01:00:00,9,阴天,18.1,71.0,2.3,23
2023-04-16 02:00:00,4,多云,19.5,51.9,1.1,23
2023-04-16 03:00:00,8,多云,21.3,41.6,1.1,16
2023-04-16 04:00:00,9,多云,26.4,55.3,2.5,20
2023-04-16 05:00:00,4,小雨,20.7,41.2,2.8,15
2023-04-16 06:00:00,5,阴天,30.3,48.9,1.7,1
2023-04-16 07:00:00,8,晴天,22.6,48.7,6.5,248
2023-04-16 08:00:00,10,阴天,30.4,45.9,1.7,135
2023-04-16 09:00:00,6,大雨,27.1,68.0,1.0,15
2023-04-16 10:00:00,7,阴天,26.6,44.8,0.0,68
2023-04-16 11:00:00,3,阴天,33.8,87.5,10.6,41
2023-04-16 12:00:00,7,晴天,30.2,74.8,5.2,117
2023-04-16 13:00:00,8,晴天,30.0,77.8,2.9,81
2023-04-16 14:00:00,10,晴天,28.5,49.7,5.3,92
2023-04-16 15:00:00,6,晴天,26.8,63.0,5.0,106
2023-04-16 16:00:00,10,小雨,27.0,44.4,8.1,35
2023-04-16 17:00:00,9,大雨,16.6,63.3,1.5,22
2023-04-16 18:00:00,6,阴天,19.4,33.5,2.4,206
2023-04-16 19:00:00,9,小雨,24.9,75.9,0.3,89
2023-04-16 20:00:00,4,晴天,26.0,50.3,10.1,94
2023-04-16 21:00:00,8,晴天,25.6,64.5,12.6,88
2023-04-16 22:00:00,4,晴天,17.8,67.3,4.7,79
2023-04-16 23:00:00,2,多云,20.7,,1.8,39
2023-04-17 00:00:00,10,多云,13.4,48.0,2.1,79
2023-04-17 01:00:00,9,晴天,19.1,58.2,1.7,57
2023-04-17 02:00:00,5,晴天,23.1,72.0,1.0,33
2023-04-17 03:00:00,4,晴天,21.4,57.8,2.3,73
2023-04-17 04:00:00,2,小雨,21.5,69.0,0.2,22
2023-04-17 05:00:00,1,多云,23.7,71.9,14.4,74
2023-04-17 06:00:00,7,多云,28.8,57.1,1.7,25
2023-04-17 07:00:00,6,多云,25.6,58.3,7.9,376
2023-04-17 08:00:00,2,阴天,27.7,62.1,3.9,292
2023-04-17 09:00:00,8,晴天,33.1,77.1,1.0,364
2023-04-17 10:00:00,4,多云,28.6,54.9,0.8,127
2023-04-17 11:00:00,8,小雨,24.9,77.1,16.3,123
2023-04-17 12:00:00,7,多云,34.1,63.8,4.4,138
2023-04-17 13:00:00,5,阴天,32.9,49.0,0.9,120
2023-04-17 14:00:00,10,多云,22.7,59.4,0.2,197
2023-04-17 15:00:00,10,多云,28.1,43.2,3.6,120
2023-04-17 16:00:00,8,晴天,27.4,39.8,1.1,217
2023-04-17 17:00:00,9,小雨,30.4,69.1,0.8,135
2023-04-17 18:00:00,5,晴天,25.0,72.0,4.0,475
2023-04-17 19:00:00,10,晴天,24.2,59.5,3.4,474
2023-04-17 20:00:00,5,多云,23.1,,2.0,122
2023-04-17 21:00:00,2,多云,20.1,51.3,8.6,122
2023-04-17 22:00:00,5,晴天,24.6,62.5,3.4,126
2023-04-17 23:00:00,3,小雨,17.8,89.7,6.7,17
2023-04-18 00:00:00,7,小雨,18.5,75.1,0.6,0
2023-04-18 01:00:00,10,晴天,20.2,58.9,1.1,65
2023-04-18 02:00:00,5,多云,16.7,57.6,0.3,68
2023-04-18 03:00:00,8,小雨,26.8,54.4,1.1,22
2023-04-18 04:00:00,1,多云,22.5,38.8,10.7,18
2023-04-18 05:00:00,3,多云,26.2,52.8,9.9,54
2023-04-18 06:00:00,3,晴天,22.1,70.1,4.3,39
2023-04-18 07:00:00,9,小雨,28.4,46.0,2.2,127
2023-04-18 08:00:00,5,阴天,29.9,55.8,4.6,235
2023-04-18 09:00:00,9,小雨,31.4,43.2,2.4,133
2023-04-18 10:00:00,9,晴天,35.0,71.8,0.0,78
2023-04-18 11:00:00,1,多云,28.2,40.9,2.1,134
2023-04-18 12:00:00,2,阴天,29.4,68.9,2.7,110
2023-04-18 13:00:00,5,晴天,27.3,75.4,0.9,213
2023-04-18 14:00:00,4,阴天,29.0,55.1,0.7,106
2023-04-18 15:00:00,10,阴天,30.5,49.7,1.0,97
2023-04-18 16:00:00,9,晴天,29.3,67.1,2.9,162
2023-04-18 17:00:00,7,阴天,31.2,84.0,0.5,184
2023-04-18 18:00:00,6,多云,26.5,80.1,3.8,319
2023-04-18 19:00:00,7,大雨,23.7,58.9,1.6,52
2023-04-18 20:00:00,1,多云,19.2,46.8,1.3,106
2023-04-18 21:00:00,1,多云,24.1,56.5,4.9,106
2023-04-18 22:00:00,8,小雨,20.2,34.7,2.1,37
2023-04-18 23:00:00,2,大雨,22.8,51.7,1.4,24
2023-04-19 00:00:00,10,晴天,18.7,66.8,6.3,65
2023-04-19 01:00:00,9,多云,23.8,54.5,1.4,62
2023-04-19 02:00:00,7,晴天,21.8,51.0,5.9,47
2023-04-19 03:00:00,6,晴天,24.4,59.2,2.1,44
2023-04-19 04:00:00,1,晴天,23.7,56.0,0.7,62
2023-04-19 05:00:00,1,多云,20.9,71.3,2.8,44
2023-04-19 06:00:00,2,晴天,23.9,40.1,1.0,52
2023-04-19 07:00:00,6,晴天,22.5,67.9,0.5,384
2023-04-19 08:00:00,6,晴天,28.1,59.3,0.3,336
2023-04-19 09:00:00,2,晴天,24.1,66.5,0.8,431
2023-04-19 10:00:00,1,多云,30.2,39.2,4.0,131
2023-04-19 11:00:00,10,阴天,19.0,73.2,5.5,152
2023-04-19 12:00:00,5,晴天,32.4,68.1,5.9,165
2023-04-19 13:00:00,5,阴天,26.5,85.1,0.9,101
2023-04-19 14:00:00,2,小雨,26.5,47.5,3.2,74
2023-04-19 15:00:00,6,小雨,32.7,51.2,0.8,44
2023-04-19 16:00:00,9,小雨,28.5,33.2,2.9,81
2023-04-19 17:00:00,2,大雨,28.8,47.6,6.5,70
2023-04-19 18:00:00,10,晴天,22.0,81.5,0.1,366
2023-04-19 19:00:00,2,多云,26.6,64.4,12.6,409
2023-04-19 20:00:00,3,小雨,22.1,49.1,5.3,56
2023-04-19 21:00:00,7,多云,21.8,62.0,4.3,104
2023-04-19 22:00:00,6,大雨,25.1,59.1,3.5,22
2023-04-19 23:00:00,8,晴天,16.7,31.4,4.4,63
2023-04-20 00:00:00,8,小雨,22.7,34.1,15.7,33
2023-04-20 01:00:00,6,多云,21.3,76.6,4.4,77
2023-04-20 02:00:00,10,多云,20.0,71.0,1.3,44
2023-04-20 03:00:00,3,晴天,18.2,37.7,2.9,47
2023-04-20 04:00:00,3,小雨,21.8,58.1,1.2,27
2023-04-20 05:00:00,1,阴天,21.3,49.3,10.5,32
2023-04-20 06:00:00,7,多云,28.6,76.3,6.9,24
2023-04-20 07:00:00,5,大雨,26.6,66.7,2.5,51
2023-04-20 08:00:00,4,多云,25.5,43.4,4.6,306
2023-04-20 09:00:00,10,晴天,24.2,61.8,7.2,433
2023-04-20 10:00:00,4,晴天,,59.4,0.8,178
2023-04-20 11:00:00,4,晴天,33.5,59.4,2.6,142
2023-04-20 12:00:00,6,多云,30.3,52.3,2.0,136
2023-04-20 13:00:00,8,晴天,29.3,60.4,4.4,151
2023-04-20 14:00:00,8,小雨,34.4,47.2,1.4,92
2023-04-20 15:00:00,5,小雨,27.3,42.2,3.7,55
2023-04-20 16:00:00,6,晴天,25.1,41.3,1.5,236
2023-04-20 17:00:00,4,晴天,27.5,44.3,0.4,493
2023-04-20 18:00:00,9,晴天,26.3,66.3,0.3,486
2023-04-20 19:00:00,8,多云,21.9,66.7,0.4,421
2023-04-20 20:00:00,10,晴天,20.1,81.9,0.1,114
2023-04-20 21:00:00,10,晴天,25.8,56.6,2.3,109
2023-04-20 22:00:00,1,阴天,19.4,70.5,3.3,101
2023-04-20 23:00:00,2,大雨,15.8,60.7,0.4,0
2023-04-21 00:00:00,9,晴天,20.6,64.5,2.8,42
2023-04-21 01:00:00,8,多云,22.9,72.1,2.7,41
2023-04-21 02:00:00,3,多云,20.1,68.7,0.5,29
2023-04-21 03:00:00,8,大雨,23.1,61.6,1.6,21
2023-04-21 04:00:00,1,多云,19.4,50.8,4.2,39
2023-04-21 05:00:00,10,晴天,25.6,64.1,0.1,56
2023-04-21 06:00:00,4,小雨,22.1,80.5,0.5,15
2023-04-21 07:00:00,3,多云,27.2,62.6,16.4,359
2023-04-21 08:00:00,6,晴天,29.8,54.1,4.0,311
2023-04-21 09:00:00,7,多云,28.8,72.3,1.9,257
2023-04-21 10:00:00,4,多云,25.6,39.2,3.0,169
2023-04-21 11:00:00,7,晴天,26.3,54.6,5.6,188
2023-04-21 12:00:00,9,晴天,34.8,45.3,5.5,176
2023-04-21 13:00:00,2,多云,27.5,58.2,1.2,150
2023-04-21 14:00:00,3,晴天,31.6,78.7,2.0,191
2023-04-21 15:00:00,5,大雨,28.9,69.6,3.0,28
2023-04-21 16:00:00,3,晴天,24.5,32.0,0.2,203
2023-04-21 17:00:00,8,晴天,24.7,50.7,8.7,465
2023-04-21 18:00:00,10,小雨,30.1,37.5,1.7,149
2023-04-21 19:00:00,8,大雨,34.2,75.9,1.4,52
2023-04-21 20:00:00,8,大雨,21.5,51.3,7.1,25
2023-04-21 21:00:00,9,多云,20.3,61.1,0.4,127
2023-04-21 22:00:00,4,晴天,15.8,61.9,0.1,145
2023-04-21 23:00:00,5,小雨,15.2,63.1,3.5,38
2023-04-22 00:00:00,5,小雨,17.4,20.0,1.5,19
2023-04-22 01:00:00,8,晴天,18.8,65.4,4.3,16
2023-04-22 02:00:00,7,阴天,20.6,51.8,0.2,0
2023-04-22 03:00:00,9,晴天,23.5,72.7,1.5,33
2023-04-22 04:00:00,8,阴天,23.2,63.0,0.8,24
2023-04-22 05:00:00,2,阴天,25.8,69.5,4.0,49
2023-04-22 06:00:00,10,小雨,23.2,49.1,0.8,9
2023-04-22 07:00:00,4,阴天,26.1,43.1,1.8,181
2023-04-22 08:00:00,6,小雨,26.4,73.4,5.1,109
2023-04-22 09:00:00,2,晴天,24.7,68.5,7.4,261
2023-04-22 10:00:00,7,多云,23.4,63.3,3.8,115
2023-04-22 11:00:00,3,晴天,27.8,63.3,1.7,109
2023-04-22 12:00:00,3,多云,22.6,66.3,2.5,88
2023-04-22 13:00:00,2,小雨,26.4,40.6,3.5,42
2023-04-22 14:00:00,8,多云,31.0,76.1,6.2,46
2023-04-22 15:00:00,6,晴天,29.1,57.7,6.6,93
2023-04-22 16:00:00,1,多云,27.6,58.1,8.0,93
2023-04-22 17:00:00,1,阴天,29.8,53.7,5.0,156
2023-04-22 18:00:00,7,晴天,22.8,23.0,0.5,279
2023-04-22 19:00:00,8,多云,25.8,68.6,4.1,225
2023-04-22 20:00:00,5,晴天,20.1,45.0,5.1,100
2023-04-22 21:00:00,5,小雨,22.3,61.6,6.3,32
2023-04-22 22:00:00,4,晴天,21.1,47.7,7.8,94
2023-04-22 23:00:00,6,小雨,20.8,54.8,2.1,14
2023-04-23 00:00:00,6,晴天,,54.0,3.2,37
2023-04-23 01:00:00,3,晴天,21.1,47.3,0.0,10
2023-04-23 02:00:00,9,阴天,21.9,56.6,2.6,40
2023-04-23 03:00:00,7,晴天,17.2,52.8,1.9,43
2023-04-23 04:00:00,1,多云,25.0,44.4,9.8,25
2023-04-23 05:00:00,7,晴天,20.0,77.6,7.0,34
2023-04-23 06:00:00,5,多云,22.4,48.0,4.8,40
2023-04-23 07:00:00,5,多云,27.0,68.4,0.2,208
2023-04-23 08:00:00,2,晴天,29.3,70.0,1.5,171
2023-04-23 09:00:00,4,晴天,29.2,73.9,3.6,189
2023-04-23 10:00:00,6,多云,30.3,51.8,0.1,81
2023-04-23 11:00:00,10,小雨,26.4,57.0,0.8,46
2023-04-23 12:00:00,7,大雨,28.4,57.5,6.6,34
2023-04-23 13:00:00,5,多云,23.7,67.9,0.4,88
2023-04-23 14:00:00,9,多云,26.6,56.4,0.2,90
2023-04-23 15:00:00,3,晴天,24.5,66.9,2.6,105
2023-04-23 16:00:00,1,晴天,27.5,56.2,8.8,128
2023-04-23 17:00:00,4,晴天,33.4,76.8,5.4,195
2023-04-23 18:00:00,9,晴天,27.3,59.8,11.0,295
2023-04-23 19:00:00,4,晴天,17.0,58.0,4.2,269
2023-04-23 20:00:00,2,多云,17.9,65.1,1.7,57
2023-04-23 21:00:00,10,多云,17.6,84.5,8.8,81
2023-04-23 22:00:00,5,阴天,15.4,50.9,1.7,74
2023-04-23 23:00:00,3,晴天,19.3,75.6,1.3,32
2023-04-24 00:00:00,9,小雨,20.7,47.7,1.8,0
2023-04-24 01:00:00,4,大雨,16.3,60.7,5.0,38
2023-04-24 02:00:00,6,多云,20.0,48.1,7.5,39
2023-04-24 03:00:00,2,晴天,22.1,54.4,1.3,54
2023-04-24 04:00:00,6,晴天,24.6,49.8,1.9,64
2023-04-24 05:00:00,3,晴天,24.2,70.5,6.9,21
2023-04-24 06:00:00,9,晴天,26.0,52.5,0.1,41
2023-04-24 07:00:00,2,小雨,26.2,68.0,4.6,161
2023-04-24 08:00:00,9,晴天,24.5,52.1,1.8,424
2023-04-24 09:00:00,5,晴天,26.1,59.9,1.4,402
2023-04-24 10:00:00,8,小雨,25.4,81.9,1.8,67
2023-04-24 11:00:00,2,大雨,34.3,48.8,1.6,24
2023-04-24 12:00:00,6,多云,25.6,49.1,4.2,196
2023-04-24 13:00:00,3,小雨,32.7,56.3,7.9,75
2023-04-24 14:00:00,10,多云,25.0,59.7,2.0,167
2023-04-24 15:00:00,5,晴天,30.8,69.3,5.4,153
2023-04-24 16:00:00,8,多云,30.4,60.6,3.9,147
2023-04-24 17:00:00,10,多云,29.8,63.7,1.2,312
2023-04-24 18:00:00,1,阴天,21.9,42.7,2.7,307
2023-04-24 19:00:00,5,晴天,24.2,64.5,3.3,500
2023-04-24 20:00:00,3,多云,20.7,64.9,0.1,99
2023-04-24 21:00:00,4,晴天,18.8,70.1,1.5,172
2023-04-24 22:00:00,2,多云,20.8,55.1,14.7,120
2023-04-24 23:00:00,9,晴天,22.6,59.9,3.0,41
2023-04-25 00:00:00,3,晴天,18.2,70.6,1.2,15
2023-04-25 01:00:00,2,大雨,21.2,44.1,0.9,19
2023-04-25 02:00:00,10,多云,17.9,33.1,0.7,19
2023-04-25 03:00:00,9,多云,18.3,43.4,1.5,48
2023-04-25 04:00:00,7,晴天,21.5,50.4,0.6,79
2023-04-25 05:00:00,6,晴天,22.9,76.1,0.4,33
2023-04-25 06:00:00,1,多云,27.0,90.4,1.4,45
2023-04-25 07:00:00,5,大雨,22.5,46.4,2.8,52
2023-04-25 08:00:00,3,阴天,34.0,58.7,0.5,241
2023-04-25 09:00:00,1,多云,23.2,52.1,0.1,358
2023-04-25 10:00:00,4,多云,30.0,67.2,0.1,131
2023-04-25 11:00:00,2,大雨,29.0,64.2,0.9,42
2023-04-25 12:00:00,2,多云,28.1,46.9,0.6,141
2023-04-25 13:00:00,3,多云,29.3,50.7,2.3,119
2023-04-25 14:00:00,8,晴天,31.3,57.9,1.8,182
2023-04-25 15:00:00,8,小雨,31.0,78.5,1.2,36
2023-04-25 16:00:00,7,多云,26.8,50.2,5.4,175
2023-04-25 17:00:00,6,大雨,27.3,36.7,2.1,60
2023-04-25 18:00:00,9,大雨,21.0,79.5,0.3,50
2023-04-25 19:00:00,4,晴天,23.2,67.5,1.1,456
2023-04-25 20:00:00,1,小雨,23.7,42.6,10.9,51
2023-04-25 21:00:00,8,大雨,14.6,64.6,11.3,21
2023-04-25 22:00:00,7,晴天,20.9,72.2,0.9,151
2023-04-25 23:00:00,7,晴天,19.7,61.4,0.5,72
2023-04-26 00:00:00,3,晴天,23.8,80.4,,44
2023-04-26 01:00:00,4,多云,20.7,68.3,2.0,36
2023-04-26 02:00:00,10,多云,22.1,64.6,1.6,58
2023-04-26 03:00:00,9,多云,20.6,63.1,2.3,33
2023-04-26 04:00:00,6,晴天,24.4,62.0,0.8,26
2023-04-26 05:00:00,5,阴天,25.4,73.2,0.4,49
2023-04-26 06:00:00,3,晴天,21.1,57.8,2.5,70
2023-04-26 07:00:00,9,晴天,27.2,74.2,8.1,410
2023-04-26 08:00:00,5,多云,31.0,64.7,0.4,304
2023-04-26 09:00:00,5,多云,31.5,61.6,3.7,283
2023-04-26 10:00:00,4,晴天,29.4,55.4,1.7,162
2023-04-26 11:00:00,4,晴天,30.8,55.5,1.0,148
2023-04-26 12:00:00,1,晴天,32.7,64.8,5.8,171
2023-04-26 13:00:00,7,小雨,26.4,75.2,1.8,55
2023-04-26 14:00:00,9,大雨,30.8,67.6,2.6,18
2023-04-26 15:00:00,3,多云,22.6,49.3,1.8,160
2023-04-26 16:00:00,2,小雨,30.1,36.0,0.3,40
2023-04-26 17:00:00,3,小雨,25.1,71.1,2.7,194
2023-04-26 18:00:00,1,晴天,24.7,100.0,1.6,383
2023-04-26 19:00:00,6,阴天,22.0,55.9,0.3,339
2023-04-26 20:00:00,7,大雨,22.4,53.0,2.7,16
2023-04-26 21:00:00,2,晴天,22.2,72.3,0.0,149
2023-04-26 22:00:00,8,晴天,22.9,47.1,0.7,136
2023-04-26 23:00:00,6,晴天,24.1,82.4,4.6,33
2023-04-27 00:00:00,4,晴天,20.1,66.2,0.1,41
2023-04-27 01:00:00,5,小雨,,59.6,3.1,0
2023-04-27 02:00:00,8,多云,24.6,48.4,9.0,60
2023-04-27 03:00:00,3,大雨,17.0,73.2,0.6,23
2023-04-27 04:00:00,3,小雨,21.2,53.3,1.6,63
2023-04-27 05:00:00,4,小雨,22.2,70.6,2.6,14
2023-04-27 06:00:00,1,小雨,25.0,66.0,1.8,9
2023-04-27 07:00:00,9,晴天,22.5,79.4,2.9,396
2023-04-27 08:00:00,8,晴天,23.6,62.4,1.6,436
2023-04-27 09:00:00,8,小雨,28.5,100.0,0.5,110
2023-04-27 10:00:00,10,晴天,26.9,68.3,0.3,226
2023-04-27 11:00:00,6,晴天,33.9,62.2,4.1,142
2023-04-27 12:00:00,7,阴天,28.3,54.2,0.8,118
2023-04-27 13:00:00,6,小雨,26.7,73.2,5.6,70
2023-04-27 14:00:00,9,晴天,34.3,54.5,4.1,176
2023-04-27 15:00:00,3,小雨,29.9,48.4,0.2,68
2023-04-27 16:00:00,3,大雨,35.7,53.0,0.7,0
2023-04-27 17:00:00,3,晴天,20.5,57.1,1.0,471
2023-04-27 18:00:00,10,晴天,25.6,93.7,2.7,349
2023-04-27 19:00:00,3,阴天,25.2,64.4,5.0,310
2023-04-27 20:00:00,9,晴天,22.6,50.1,0.2,118
2023-04-27 21:00:00,4,晴天,20.4,76.3,0.9,125
2023-04-27 22:00:00,7,多云,24.4,62.8,1.4,110
2023-04-27 23:00:00,9,大雨,21.6,79.4,0.6,10
2023-04-28 00:00:00,7,晴天,14.9,88.7,2.4,32
2023-04-28 01:00:00,9,晴天,17.6,37.6,2.0,50
2023-04-28 02:00:00,3,晴天,17.2,24.4,1.1,55
2023-04-28 03:00:00,4,阴天,21.1,89.9,2.2,9
2023-04-28 04:00:00,8,晴天,25.3,49.7,1.3,51
2023-04-28 05:00:00,6,多云,22.6,34.5,1.3,64
2023-04-28 06:00:00,5,阴天,24.2,52.1,0.9,32
2023-04-28 07:00:00,4,晴天,23.4,45.5,2.3,429
2023-04-28 08:00:00,8,阴天,29.8,48.4,1.8,231
2023-04-28 09:00:00,1,阴天,32.2,72.8,0.7,237
2023-04-28 10:00:00,9,阴天,29.2,54.6,0.0,112
2023-04-28 11:00:00,1,晴天,34.6,35.7,0.5,168
2023-04-28 12:00:00,8,小雨,28.4,60.5,0.1,67
2023-04-28 13:00:00,4,大雨,25.6,47.2,1.7,41
2023-04-28 14:00:00,9,阴天,31.7,56.3,0.8,114
2023-04-28 15:00:00,5,晴天,28.2,57.1,1.6,140
2023-04-28 16:00:00,3,大雨,25.8,72.7,1.2,13
2023-04-28 17:00:00,9,晴天,26.5,52.4,2.3,467
2023-04-28 18:00:00,9,晴天,20.2,70.5,3.9,496
2023-04-28 19:00:00,4,多云,18.5,36.1,2.0,397
2023-04-28 20:00:00,4,大雨,22.8,73.5,0.2,25
2023-04-28 21:00:00,8,多云,22.8,79.5,0.1,84
2023-04-28 22:00:00,2,多云,24.9,56.5,0.7,117
2023-04-28 23:00:00,9,阴天,22.8,47.7,1.7,36
2023-04-29 00:00:00,6,多云,21.9,43.8,0.1,0
2023-04-29 01:00:00,9,小雨,24.0,59.6,1.2,16
2023-04-29 02:00:00,8,多云,22.1,78.2,6.5,0
2023-04-29 03:00:00,7,多云,20.4,53.6,0.3,14
2023-04-29 04:00:00,1,小雨,25.2,76.7,8.9,26
2023-04-29 05:00:00,3,阴天,26.3,42.7,,23
2023-04-29 06:00:00,2,多云,25.0,54.7,5.3,19
2023-04-29 07:00:00,5,大雨,22.7,59.3,6.0,30
2023-04-29 08:00:00,5,晴天,22.1,63.2,0.3,247
2023-04-29 09:00:00,5,晴天,31.1,55.0,0.5,197
2023-04-29 10:00:00,4,多云,30.8,78.7,0.4,61
2023-04-29 11:00:00,5,晴天,31.7,,0.4,110
2023-04-29 12:00:00,3,晴天,32.6,57.4,1.2,76
2023-04-29 13:00:00,1,多云,27.1,52.2,5.3,77
2023-04-29 14:00:00,5,晴天,23.7,51.0,0.9,136
2023-04-29 15:00:00,9,晴天,30.1,75.5,0.8,87
2023-04-29 16:00:00,9,多云,31.1,50.0,3.4,80
2023-04-29 17:00:00,4,多云,27.3,38.1,0.3,250
2023-04-29 18:00:00,3,阴天,20.5,40.3,1.3,185
2023-04-29 19:00:00,1,小雨,24.4,70.0,1.1,111
2023-04-29 20:00:00,2,多云,19.1,39.5,5.6,78
2023-04-29 21:00:00,8,阴天,16.8,54.0,2.2,80
2023-04-29 22:00:00,1,大雨,20.6,61.5,3.1,4
2023-04-29 23:00:00,8,晴天,20.7,34.8,0.4,23
2023-04-30 00:00:00,7,晴天,19.7,62.7,7.9,38
2023-04-30 01:00:00,8,小雨,21.5,55.1,1.2,14
2023-04-30 02:00:00,6,多云,18.3,31.4,3.7,23
2023-04-30 03:00:00,9,大雨,21.7,62.9,9.3,28
2023-04-30 04:00:00,3,小雨,21.0,65.9,2.1,0
2023-04-30 05:00:00,10,小雨,23.0,62.8,2.1,0
2023-04-30 06:00:00,4,阴天,25.8,67.6,0.4,0
2023-04-30 07:00:00,6,多云,29.5,63.9,1.5,183
2023-04-30 08:00:00,8,晴天,28.4,71.0,5.7,202
2023-04-30 09:00:00,5,大雨,30.4,45.8,0.4,9
2023-04-30 10:00:00,3,晴天,29.4,39.0,7.5,91
2023-04-30 11:00:00,6,大雨,31.3,42.6,3.3,13
2023-04-30 12:00:00,4,阴天,33.1,47.8,1.6,31
2023-04-30 13:00:00,9,小雨,35.5,90.3,2.4,14
2023-04-30 14:00:00,3,多云,33.0,48.0,0.5,61
2023-04-30 15:00:00,4,多云,28.4,52.2,0.7,89
2023-04-30 16:00:00,7,多云,30.9,56.5,1.0,61
2023-04-30 17:00:00,7,多云,27.9,54.6,1.5,243
2023-04-30 18:00:00,4,小雨,23.2,87.2,7.4,106
2023-04-30 19:00:00,6,大雨,25.4,34.1,1.4,58
2023-04-30 20:00:00,3,小雨,19.1,92.8,2.2,32
2023-04-30 21:00:00,6,晴天,23.2,62.2,0.5,79
2023-04-30 22:00:00,2,多云,25.9,74.4,4.0,46
2023-04-30 23:00:00,8,大雨,22.6,60.3,2.5,0
2023-05-01 00:00:00,2,多云,22.3,72.2,1.7,39
2023-05-01 01:00:00,7,多云,17.7,45.8,8.8,38
2023-05-01 02:00:00,9,大雨,20.8,39.7,6.6,0
2023-05-01 03:00:00,1,小雨,22.2,98.9,3.2,22
2023-05-01 04:00:00,8,多云,20.2,88.7,7.6,16
2023-05-01 05:00:00,7,阴天,24.4,44.2,2.5,58
2023-05-01 06:00:00,6,晴天,25.0,70.7,5.3,52
2023-05-01 07:00:00,6,阴天,27.0,77.4,1.6,307
2023-05-01 08:00:00,6,晴天,23.1,69.9,0.3,436
2023-05-01 09:00:00,9,晴天,31.0,56.9,15.4,356
2023-05-01 10:00:00,2,阴天,29.3,90.4,0.5,89
2023-05-01 11:00:00,1,晴天,28.1,70.3,0.9,150
2023-05-01 12:00:00,6,小雨,28.4,46.1,0.5,54
2023-05-01 13:00:00,10,大雨,28.4,54.2,1.2,46
2023-05-01 14:00:00,8,阴天,25.5,44.0,1.0,120
2023-05-01 15:00:00,3,阴天,30.8,58.4,2.8,94
2023-05-01 16:00:00,10,晴天,29.0,57.9,16.9,159
2023-05-01 17:00:00,1,小雨,28.0,71.3,0.2,137
2023-05-01 18:00:00,9,晴天,28.2,71.1,4.5,378
2023-05-01 19:00:00,1,多云,22.9,65.8,0.4,380
2023-05-01 20:00:00,3,大雨,16.2,65.4,0.1,19
2023-05-01 21:00:00,8,多云,22.0,75.6,3.1,111
2023-05-01 22:00:00,3,多云,21.1,56.6,6.2,98
2023-05-01 23:00:00,4,多云,23.5,24.1,0.6,56
2023-05-02 00:00:00,8,小雨,21.9,91.7,1.3,14
2023-05-02 01:00:00,1,阴天,19.2,46.3,0.6,33
2023-05-02 02:00:00,6,晴天,18.9,70.4,7.1,38
2023-05-02 03:00:00,1,多云,23.1,54.9,0.9,37
2023-05-02 04:00:00,1,阴天,13.2,81.0,1.8,6
2023-05-02 05:00:00,8,多云,23.1,45.6,6.8,55
2023-05-02 06:00:00,4,晴天,26.5,49.3,2.4,66
2023-05-02 07:00:00,1,多云,24.6,52.5,8.1,382
2023-05-02 08:00:00,10,晴天,25.0,68.3,7.8,429
2023-05-02 09:00:00,7,晴天,28.1,63.3,1.9,319
2023-05-02 10:00:00,5,大雨,32.0,68.5,2.6,16
2023-05-02 11:00:00,5,多云,29.8,61.9,0.8,139
2023-05-02 12:00:00,1,阴天,26.6,74.0,14.0,143
2023-05-02 13:00:00,10,大雨,32.1,74.2,1.0,21
2023-05-02 14:00:00,6,小雨,32.2,82.7,4.6,44
2023-05-02 15:00:00,9,晴天,24.8,65.2,1.1,220
2023-05-02 16:00:00,9,多云,34.6,65.1,1.1,125
2023-05-02 17:00:00,8,晴天,25.0,86.5,0.3,398
2023-05-02 18:00:00,5,阴天,26.5,78.0,2.5,330
2023-05-02 19:00:00,1,晴天,24.5,67.8,0.8,467
2023-05-02 20:00:00,9,晴天,19.1,39.1,0.5,123
2023-05-02 21:00:00,1,多云,18.8,34.7,0.8,112
2023-05-02 22:00:00,8,晴天,19.5,69.2,0.9,142
2023-05-02 23:00:00,5,晴天,13.2,69.8,2.1,33
2023-05-03 00:00:00,3,多云,21.1,49.2,1.5,55
2023-05-03 01:00:00,7,晴天,13.1,65.3,0.2,32
2023-05-03 02:00:00,7,晴天,19.4,46.3,2.3,48
2023-05-03 03:00:00,9,多云,18.1,68.6,4.6,23
2023-05-03 04:00:00,7,小雨,22.9,69.0,2.6,27
2023-05-03 05:00:00,3,多云,15.8,68.9,11.0,38
2023-05-03 06:00:00,1,多云,18.7,65.0,0.3,66
2023-05-03 07:00:00,8,多云,23.2,55.6,5.2,368
2023-05-03 08:00:00,3,多云,27.7,56.8,2.1,358
2023-05-03 09:00:00,8,阴天,27.9,77.4,2.2,310
2023-05-03 10:00:00,8,晴天,31.1,66.2,2.2,162
2023-05-03 11:00:00,5,小雨,28.8,67.3,1.2,75
2023-05-03 12:00:00,1,阴天,28.6,61.3,1.2,95
2023-05-03 13:00:00,10,大雨,25.3,69.8,3.0,38
2023-05-03 14:00:00,7,晴天,27.3,74.4,0.1,210
2023-05-03 15:00:00,10,晴天,27.1,50.6,2.7,179
2023-05-03 16:00:00,5,小雨,20.0,68.9,3.9,100
2023-05-03 17:00:00,8,晴天,22.3,56.6,1.3,455
2023-05-03 18:00:00,9,大雨,25.1,64.7,0.7,53
2023-05-03 19:00:00,7,小雨,22.9,72.5,0.7,139
2023-05-03 20:00:00,7,小雨,20.4,38.2,0.3,59
2023-05-03 21:00:00,1,晴天,18.3,43.7,0.3,110
2023-05-03 22:00:00,4,小雨,14.1,50.1,0.5,32
2023-05-03 23:00:00,2,小雨,12.3,49.0,0.1,27
2023-05-04 00:00:00,2,大雨,17.7,57.6,0.9,10
2023-05-04 01:00:00,2,晴天,23.3,85.4,1.1,31
2023-05-04 02:00:00,4,晴天,19.4,77.7,16.0,26
2023-05-04 03:00:00,1,多云,23.2,51.3,14.4,41
2023-05-04 04:00:00,4,晴天,17.6,73.0,0.6,63
2023-05-04 05:00:00,2,多云,23.2,59.4,0.7,53
2023-05-04 06:00:00,5,阴天,21.5,65.2,2.0,61
2023-05-04 07:00:00,3,多云,22.7,45.3,0.5,347
2023-05-04 08:00:00,8,大雨,28.4,40.2,2.1,30
2023-05-04 09:00:00,4,晴天,26.8,71.0,1.5,427
2023-05-04 10:00:00,1,晴天,23.8,60.5,1.2,205
2023-05-04 11:00:00,1,晴天,28.8,67.8,5.2,155
2023-05-04 12:00:00,10,晴天,26.5,83.9,5.3,151
2023-05-04 13:00:00,3,阴天,24.2,56.4,13.2,100
2023-05-04 14:00:00,9,晴天,25.0,56.6,0.8,187
2023-05-04 15:00:00,7,小雨,33.3,86.5,6.6,56
2023-05-04 16:00:00,2,多云,29.8,60.3,2.3,136
2023-05-04 17:00:00,9,阴天,18.9,48.0,2.7,342
2023-05-04 18:00:00,10,晴天,23.1,71.0,6.8,478
2023-05-04 19:00:00,2,晴天,22.0,56.4,8.6,484
2023-05-04 20:00:00,3,晴天,20.4,47.7,3.9,146
2023-05-04 21:00:00,10,多云,18.1,61.3,1.3,114
2023-05-04 22:00:00,2,晴天,21.6,72.4,2.0,135
2023-05-04 23:00:00,3,阴天,21.7,42.6,2.9,0
2023-05-05 00:00:00,6,小雨,21.8,42.3,5.3,9
2023-05-05 01:00:00,9,小雨,19.8,58.8,3.2,10
2023-05-05 02:00:00,9,多云,21.2,43.5,1.4,41
2023-05-05 03:00:00,7,晴天,19.1,40.9,1.6,36
2023-05-05 04:00:00,3,多云,16.4,60.1,0.2,56
2023-05-05 05:00:00,4,阴天,17.6,76.6,7.7,21
2023-05-05 06:00:00,6,大雨,21.1,71.8,0.3,24
2023-05-05 07:00:00,5,阴天,24.4,58.4,2.6,278
2023-05-05 08:00:00,2,大雨,22.3,79.2,6.2,55
2023-05-05 09:00:00,6,晴天,23.8,86.0,1.6,327
2023-05-05 10:00:00,3,晴天,26.9,67.4,4.8,195
2023-05-05 11:00:00,8,晴天,31.1,54.5,4.9,173
2023-05-05 12:00:00,2,晴天,29.7,83.4,0.2,119
2023-05-05 13:00:00,1,晴天,25.9,82.8,1.6,157
2023-05-05 14:00:00,9,多云,28.1,63.8,3.5,120
2023-05-05 15:00:00,3,小雨,23.2,78.3,1.6,74
2023-05-05 16:00:00,1,阴天,23.6,48.3,2.4,143
2023-05-05 17:00:00,7,小雨,20.0,29.0,2.7,178
2023-05-05 18:00:00,10,阴天,24.9,45.4,0.5,325
2023-05-05 19:00:00,5,晴天,21.5,63.1,1.6,488
2023-05-05 20:00:00,5,晴天,20.7,58.9,0.1,139
2023-05-05 21:00:00,1,小雨,22.5,74.4,0.5,34
2023-05-05 22:00:00,9,晴天,16.3,37.7,2.2,133
2023-05-05 23:00:00,7,晴天,20.2,38.0,2.6,42
2023-05-06 00:00:00,8,晴天,24.6,71.4,0.5,38
2023-05-06 01:00:00,9,晴天,15.9,38.5,4.2,31
2023-05-06 02:00:00,6,多云,14.6,55.9,1.4,36
2023-05-06 03:00:00,5,多云,16.4,60.4,7.6,14
2023-05-06 04:00:00,6,多云,22.3,,1.5,22
2023-05-06 05:00:00,2,小雨,27.6,68.7,0.5,0
2023-05-06 06:00:00,4,多云,28.8,29.1,4.3,19
2023-05-06 07:00:00,3,晴天,27.5,87.5,2.5,179
2023-05-06 08:00:00,7,晴天,28.8,55.0,1.5,199
2023-05-06 09:00:00,9,晴天,28.6,57.4,1.3,194
2023-05-06 10:00:00,5,小雨,30.2,100.0,0.5,31
2023-05-06 11:00:00,6,大雨,29.4,39.6,1.3,26
2023-05-06 12:00:00,10,小雨,26.3,44.3,0.1,50
2023-05-06 13:00:00,2,晴天,33.6,81.1,2.1,55
2023-05-06 14:00:00,3,多云,32.0,36.7,6.8,70
2023-05-06 15:00:00,3,多云,24.9,67.4,4.8,101
2023-05-06 16:00:00,9,多云,28.1,50.9,0.1,74
2023-05-06 17:00:00,7,多云,29.3,35.8,6.4,181
2023-05-06 18:00:00,8,多云,24.9,67.9,1.8,264
2023-05-06 19:00:00,10,多云,21.8,68.3,0.6,241
2023-05-06 20:00:00,9,小雨,25.4,60.0,4.2,36
2023-05-06 21:00:00,6,晴天,20.9,91.0,1.2,34
2023-05-06 22:00:00,4,小雨,17.4,48.4,0.9,42
2023-05-06 23:00:00,1,晴天,15.4,73.0,0.5,73
2023-05-07 00:00:00,8,晴天,9.9,64.9,2.0,43
2023-05-07 01:00:00,7,阴天,24.7,74.6,0.3,14
2023-05-07 02:00:00,2,阴天,,52.4,4.6,55
2023-05-07 03:00:00,8,晴天,23.0,39.2,1.9,30
2023-05-07 04:00:00,5,多云,18.4,49.8,1.8,30
2023-05-07 05:00:00,7,晴天,22.9,59.0,0.0,26
2023-05-07 06:00:00,4,多云,25.0,70.2,5.1,21
2023-05-07 07:00:00,5,大雨,21.2,60.3,2.0,5
2023-05-07 08:00:00,8,阴天,29.0,63.2,1.7,146
2023-05-07 09:00:00,1,小雨,26.6,85.9,4.3,73
2023-05-07 10:00:00,1,多云,29.6,59.6,0.2,76
2023-05-07 11:00:00,4,小雨,32.9,52.0,1.4,40
2023-05-07 12:00:00,3,晴天,30.9,66.6,2.6,87
2023-05-07 13:00:00,10,阴天,28.2,34.3,1.9,68
2023-05-07 14:00:00,2,阴天,33.8,34.2,0.6,82
2023-05-07 15:00:00,3,多云,27.1,58.0,1.1,109
2023-05-07 16:00:00,1,晴天,26.4,46.0,1.1,119
2023-05-07 17:00:00,1,晴天,24.5,50.9,14.5,282
2023-05-07 18:00:00,6,晴天,20.0,74.0,1.2,286
2023-05-07 19:00:00,5,大雨,18.4,67.9,0.7,31
2023-05-07 20:00:00,8,多云,19.5,58.8,5.2,71
2023-05-07 21:00:00,2,晴天,17.1,61.2,1.6,91
2023-05-07 22:00:00,4,多云,18.5,53.6,1.8,69
2023-05-07 23:00:00,8,大雨,21.3,72.7,2.4,0
2023-05-08 00:00:00,6,晴天,17.4,71.9,2.7,46
2023-05-08 01:00:00,1,阴天,19.5,74.9,2.7,44
2023-05-08 02:00:00,4,阴天,17.8,,0.1,18
2023-05-08 03:00:00,1,阴天,27.8,60.8,5.1,22
2023-05-08 04:00:00,2,多云,25.7,49.5,0.7,18
2023-05-08 05:00:00,5,晴天,21.6,57.5,1.0,51
2023-05-08 06:00:00,8,多云,24.5,61.7,0.6,55
2023-05-08 07:00:00,8,晴天,20.9,49.9,4.4,442
2023-05-08 08:00:00,3,晴天,25.5,84.4,2.6,361
2023-05-08 09:00:00,4,小雨,25.4,84.5,4.2,119
2023-05-08 10:00:00,10,多云,30.2,58.2,3.2,135
2023-05-08 11:00:00,6,阴天,25.7,75.5,0.3,134
2023-05-08 12:00:00,10,晴天,33.6,68.4,1.1,180
2023-05-08 13:00:00,3,小雨,28.3,52.6,2.1,79
2023-05-08 14:00:00,2,大雨,25.4,66.2,1.1,33
2023-05-08 15:00:00,6,大雨,27.3,48.4,0.7,21
2023-05-08 16:00:00,5,阴天,28.4,46.8,6.1,56
2023-05-08 17:00:00,10,小雨,26.5,67.2,4.1,160
2023-05-08 18:00:00,5,阴天,24.1,67.3,1.3,299
2023-05-08 19:00:00,10,晴天,25.0,100.0,4.3,356
2023-05-08 20:00:00,5,多云,23.6,57.7,3.0,142
2023-05-08 21:00:00,10,晴天,22.6,52.1,0.0,115
2023-05-08 22:00:00,5,晴天,18.5,73.8,1.4,119
2023-05-08 23:00:00,3,晴天,18.0,59.6,1.0,36
2023-05-09 00:00:00,7,晴天,18.0,50.3,0.7,89
2023-05-09 01:00:00,6,晴天,17.3,51.2,0.9,49
2023-05-09 02:00:00,4,晴天,19.6,57.3,8.6,65
2023-05-09 03:00:00,2,晴天,20.1,75.8,2.0,53
2023-05-09 04:00:00,9,阴天,26.1,66.5,5.6,5
2023-05-09 05:00:00,1,晴天,20.9,47.5,0.7,73
2023-05-09 06:00:00,4,小雨,20.7,87.5,0.6,21
2023-05-09 07:00:00,1,晴天,26.9,46.4,6.6,420
2023-05-09 08:00:00,6,阴天,26.4,48.9,2.1,318
2023-05-09 09:00:00,4,阴天,25.1,77.5,6.8,287
2023-05-09 10:00:00,5,小雨,30.3,82.5,0.2,45
2023-05-09 11:00:00,5,小雨,27.7,65.3,7.4,72
2023-05-09 12:00:00,9,晴天,33.2,40.6,1.6,172
2023-05-09 13:00:00,1,阴天,25.6,61.5,0.5,152
2023-05-09 14:00:00,2,阴天,26.2,39.5,3.5,144
2023-05-09 15:00:00,6,阴天,27.6,97.3,4.8,96
2023-05-09 16:00:00,5,小雨,30.2,64.3,0.1,54
2023-05-09 17:00:00,7,晴天,22.8,72.0,13.1,457
2023-05-09 18:00:00,3,阴天,24.8,54.4,3.6,345
2023-05-09 19:00:00,3,晴天,18.9,87.1,1.2,354
2023-05-09 20:00:00,10,多云,23.9,52.5,0.5,138
2023-05-09 21:00:00,2,晴天,18.2,47.1,1.5,154
2023-05-09 22:00:00,3,阴天,21.2,64.6,0.7,79
2023-05-09 23:00:00,10,晴天,20.8,73.2,2.0,44
2023-05-10 00:00:00,1,晴天,13.2,91.9,4.6,20
2023-05-10 01:00:00,5,多云,19.5,84.2,3.2,40
2023-05-10 02:00:00,5,大雨,17.8,77.9,1.7,28
2023-05-10 03:00:00,7,小雨,21.6,49.7,0.4,37
2023-05-10 04:00:00,4,晴天,18.5,49.4,9.5,44
2023-05-10 05:00:00,3,晴天,20.6,46.8,0.9,69
2023-05-10 06:00:00,1,大雨,27.3,57.7,1.0,25
2023-05-10 07:00:00,8,阴天,28.3,31.3,3.1,222
2023-05-10 08:00:00,3,大雨,23.2,80.5,4.4,51
2023-05-10 09:00:00,2,多云,32.6,44.6,12.4,298
2023-05-10 10:00:00,4,阴天,20.2,42.8,10.4,156
2023-05-10 11:00:00,3,多云,29.1,53.9,7.4,150
2023-05-10 12:00:00,1,多云,24.8,39.9,1.7,210
2023-05-10 13:00:00,3,多云,29.6,69.7,0.5,140
2023-05-10 14:00:00,2,多云,27.2,45.5,2.6,176
2023-05-10 15:00:00,8,大雨,24.1,67.5,0.1,51
2023-05-10 16:00:00,6,多云,23.9,73.9,0.7,201
2023-05-10 17:00:00,9,晴天,22.6,51.8,0.0,464
2023-05-10 18:00:00,8,晴天,23.9,49.2,0.6,470
2023-05-10 19:00:00,10,晴天,25.3,48.0,1.9,457
2023-05-10 20:00:00,3,多云,27.0,43.8,1.5,119
2023-05-10 21:00:00,5,晴天,19.6,53.7,1.4,148
2023-05-10 22:00:00,7,晴天,20.2,61.0,5.3,120
2023-05-10 23:00:00,5,小雨,22.4,39.3,3.4,36
2023-05-11 00:00:00,8,小雨,17.3,50.4,8.3,12
2023-05-11 01:00:00,5,大雨,16.5,62.4,1.8,0
2023-05-11 02:00:00,1,多云,25.2,60.5,1.0,59
2023-05-11 03:00:00,5,阴天,19.6,20.0,0.4,25
2023-05-11 04:00:00,4,阴天,21.8,69.5,3.3,14
2023-05-11 05:00:00,6,大雨,17.6,78.6,5.5,18
2023-05-11 06:00:00,3,小雨,22.1,51.4,0.6,17
2023-05-11 07:00:00,5,晴天,30.6,34.0,6.3,342
2023-05-11 08:00:00,2,阴天,27.5,48.5,2.2,304
2023-05-11 09:00:00,6,晴天,27.1,48.1,0.5,396
2023-05-11 10:00:00,6,晴天,32.2,78.0,3.1,175
2023-05-11 11:00:00,5,多云,23.6,43.6,2.2,200
2023-05-11 12:00:00,6,晴天,27.4,54.6,0.1,218
2023-05-11 13:00:00,7,阴天,35.3,85.2,1.5,50
2023-05-11 14:00:00,5,多云,27.8,62.4,4.6,167
2023-05-11 15:00:00,1,多云,27.0,62.9,2.4,164
2023-05-11 16:00:00,8,小雨,29.7,58.5,1.0,63
2023-05-11 17:00:00,4,多云,28.7,74.7,7.9,321
2023-05-11 18:00:00,9,晴天,19.8,66.1,0.8,486
2023-05-11 19:00:00,10,小雨,23.7,87.8,0.9,139
2023-05-11 20:00:00,6,小雨,26.4,89.4,1.3,33
2023-05-11 21:00:00,1,多云,18.2,64.7,6.7,92
2023-05-11 22:00:00,3,大雨,18.2,59.4,2.1,30
2023-05-11 23:00:00,3,晴天,18.9,62.5,3.4,44
2023-05-12 00:00:00,10,晴天,20.7,51.5,11.2,46
2023-05-12 01:00:00,4,晴天,14.5,62.0,4.6,64
2023-05-12 02:00:00,6,多云,10.0,38.4,0.6,41
2023-05-12 03:00:00,7,大雨,20.8,49.3,4.7,12
2023-05-12 04:00:00,10,大雨,24.7,71.8,4.1,20
2023-05-12 05:00:00,4,多云,21.4,68.1,0.8,64
2023-05-12 06:00:00,6,多云,,58.1,1.2,18
2023-05-12 07:00:00,1,小雨,24.5,66.3,3.7,154
2023-05-12 08:00:00,8,晴天,31.0,82.6,0.8,256
2023-05-12 09:00:00,7,晴天,25.2,54.2,0.7,407
2023-05-12 10:00:00,9,阴天,29.7,38.5,3.6,104
2023-05-12 11:00:00,3,小雨,25.0,69.4,6.4,54
2023-05-12 12:00:00,2,阴天,25.3,68.0,0.2,154
2023-05-12 13:00:00,1,晴天,31.0,71.4,1.8,148
2023-05-12 14:00:00,3,小雨,,42.0,2.8,63
2023-05-12 15:00:00,5,晴天,29.9,37.5,3.4,156
2023-05-12 16:00:00,2,晴天,20.0,64.0,16.7,211
2023-05-12 17:00:00,3,多云,23.7,62.9,3.4,363
2023-05-12 18:00:00,4,晴天,24.4,54.6,2.9,479
2023-05-12 19:00:00,7,晴天,22.5,81.7,13.7,374
2023-05-12 20:00:00,3,晴天,15.4,59.9,0.2,141
2023-05-12 21:00:00,9,晴天,16.2,78.5,0.2,117
2023-05-12 22:00:00,8,小雨,16.9,73.2,2.5,58
2023-05-12 23:00:00,4,多云,18.6,43.7,1.3,62
2023-05-13 00:00:00,1,晴天,12.9,46.7,0.3,26
2023-05-13 01:00:00,1,晴天,20.6,40.8,1.1,19
2023-05-13 02:00:00,1,晴天,19.1,66.5,3.4,20
2023-05-13 03:00:00,1,小雨,17.0,61.5,6.4,20
2023-05-13 04:00:00,8,晴天,21.7,80.3,,32
2023-05-13 05:00:00,3,大雨,18.0,68.9,2.3,10
2023-05-13 06:00:00,6,晴天,23.5,40.5,1.1,29
2023-05-13 07:00:00,3,晴天,19.6,53.1,3.3,256
2023-05-13 08:00:00,5,阴天,21.2,28.3,2.4,174
2023-05-13 09:00:00,7,小雨,25.8,64.4,7.8,91
2023-05-13 10:00:00,2,晴天,25.8,100.0,0.1,108
2023-05-13 11:00:00,6,大雨,29.6,62.0,1.9,19
2023-05-13 12:00:00,6,多云,28.6,63.0,0.6,98
2023-05-13 13:00:00,3,大雨,34.8,59.7,2.3,31
2023-05-13 14:00:00,6,小雨,27.2,65.3,5.8,50
2023-05-13 15:00:00,10,小雨,17.3,57.7,7.3,55
2023-05-13 16:00:00,10,阴天,20.1,69.3,1.5,69
2023-05-13 17:00:00,5,晴天,21.4,48.4,5.0,282
2023-05-13 18:00:00,2,小雨,33.8,49.0,1.0,89
2023-05-13 19:00:00,9,多云,22.3,40.6,0.0,216
2023-05-13 20:00:00,8,晴天,24.5,59.5,5.8,87
2023-05-13 21:00:00,3,晴天,23.1,43.4,0.4,66
2023-05-13 22:00:00,8,晴天,15.5,81.8,0.1,52
2023-05-13 23:00:00,9,小雨,13.5,53.5,1.3,1
2023-05-14 00:00:00,3,多云,20.6,30.5,1.4,25
2023-05-14 01:00:00,3,多云,12.2,43.0,0.2,0
2023-05-14 02:00:00,2,晴天,22.3,62.0,5.0,43
2023-05-14 03:00:00,8,多云,19.8,69.8,1.6,28
2023-05-14 04:00:00,10,阴天,,65.3,2.0,49
2023-05-14 05:00:00,1,多云,23.3,47.7,0.9,30
2023-05-14 06:00:00,8,小雨,24.7,51.4,2.1,20
2023-05-14 07:00:00,7,大雨,25.3,49.7,4.4,26
2023-05-14 08:00:00,7,大雨,27.0,68.5,7.1,21
2023-05-14 09:00:00,3,多云,27.3,61.7,10.6,223
2023-05-14 10:00:00,1,阴天,23.9,53.3,1.7,67
2023-05-14 11:00:00,4,多云,27.3,50.1,13.8,112
2023-05-14 12:00:00,9,阴天,35.2,52.2,1.0,51
2023-05-14 13:00:00,5,晴天,29.4,60.1,0.0,107
2023-05-14 14:00:00,1,晴天,31.4,80.1,4.4,83
2023-05-14 15:00:00,5,晴天,24.2,62.8,0.6,125
2023-05-14 16:00:00,8,大雨,23.2,55.0,0.2,12
2023-05-14 17:00:00,8,多云,21.3,53.8,7.7,238
2023-05-14 18:00:00,5,晴天,19.7,85.5,4.7,218
2023-05-14 19:00:00,9,晴天,17.5,72.4,0.3,264
2023-05-14 20:00:00,1,阴天,21.9,74.7,4.5,56
2023-05-14 21:00:00,4,大雨,19.1,71.2,5.6,29
2023-05-14 22:00:00,3,多云,22.0,59.3,7.1,49
2023-05-14 23:00:00,2,小雨,17.9,78.0,2.4,32
2023-05-15 00:00:00,8,多云,11.5,38.0,3.6,51
2023-05-15 01:00:00,7,多云,20.2,83.3,4.3,40
2023-05-15 02:00:00,9,阴天,13.2,71.1,3.5,33
2023-05-15 03:00:00,2,晴天,20.8,67.3,3.1,47
2023-05-15 04:00:00,4,多云,18.8,48.6,2.4,43
2023-05-15 05:00:00,6,晴天,23.1,74.0,2.0,43
2023-05-15 06:00:00,3,多云,19.3,77.2,16.7,43
2023-05-15 07:00:00,8,多云,27.3,49.4,1.2,359
2023-05-15 08:00:00,3,多云,26.3,49.9,0.3,385
2023-05-15 09:00:00,2,晴天,,44.5,4.3,430
2023-05-15 10:00:00,3,多云,22.9,68.2,0.7,168
2023-05-15 11:00:00,6,晴天,33.9,58.5,2.3,154
2023-05-15 12:00:00,2,晴天,25.9,91.8,0.3,151
2023-05-15 13:00:00,8,晴天,29.3,37.0,2.9,147
2023-05-15 14:00:00,1,大雨,25.1,46.9,8.6,44
2023-05-15 15:00:00,7,多云,38.5,60.2,3.8,45
2023-05-15 16:00:00,2,小雨,26.6,70.0,0.7,68
2023-05-15 17:00:00,10,小雨,23.1,69.3,10.6,173
2023-05-15 18:00:00,6,小雨,25.5,61.3,1.1,171
2023-05-15 19:00:00,2,多云,24.6,65.3,1.7,417
2023-05-15 20:00:00,2,多云,22.3,61.8,2.1,116
2023-05-15 21:00:00,10,多云,19.2,75.7,14.0,110
2023-05-15 22:00:00,8,小雨,20.7,51.7,0.2,52
2023-05-15 23:00:00,2,多云,18.4,53.4,3.6,46
2023-05-16 00:00:00,7,大雨,18.6,70.3,1.3,0
2023-05-16 01:00:00,3,阴天,16.5,83.6,0.2,7
2023-05-16 02:00:00,8,晴天,14.9,50.5,8.2,59
2023-05-16 03:00:00,7,晴天,21.8,63.6,2.7,65
2023-05-16 04:00:00,8,小雨,23.0,54.3,4.2,25
2023-05-16 05:00:00,7,晴天,26.3,68.3,0.8,64
2023-05-16 06:00:00,6,晴天,23.8,35.4,4.3,79
2023-05-16 07:00:00,7,阴天,24.3,,5.3,284
2023-05-16 08:00:00,5,晴天,21.9,51.4,1.7,405
2023-05-16 09:00:00,7,阴天,27.1,54.9,2.5,302
2023-05-16 10:00:00,1,小雨,29.1,21.9,10.7,37
2023-05-16 11:00:00,1,大雨,23.0,90.4,5.6,25
2023-05-16 12:00:00,9,晴天,31.9,22.6,1.8,151
2023-05-16 13:00:00,5,晴天,26.4,67.1,3.3,212
2023-05-16 14:00:00,5,多云,27.4,40.6,4.6,164
2023-05-16 15:00:00,3,晴天,29.0,41.3,0.1,173
2023-05-16 16:00:00,5,晴天,26.1,62.1,2.7,191
2023-05-16 17:00:00,3,晴天,29.2,70.4,12.5,374
2023-05-16 18:00:00,9,晴天,25.5,43.9,8.8,463
2023-05-16 19:00:00,9,晴天,21.9,43.4,5.4,481
2023-05-16 20:00:00,6,大雨,11.8,40.6,0.3,0
2023-05-16 21:00:00,1,晴天,23.1,63.2,15.4,134
2023-05-16 22:00:00,7,晴天,15.8,44.3,2.8,155
2023-05-16 23:00:00,7,小雨,21.4,79.3,0.8,21
2023-05-17 00:00:00,10,阴天,20.1,42.7,3.4,52
2023-05-17 01:00:00,10,晴天,18.2,68.1,5.8,50
2023-05-17 02:00:00,4,晴天,22.2,83.2,0.4,32
2023-05-17 03:00:00,8,多云,21.7,61.0,7.4,45
2023-05-17 04:00:00,6,阴天,22.1,33.1,7.6,44
2023-05-17 05:00:00,4,大雨,17.2,66.0,0.0,0
2023-05-17 06:00:00,4,小雨,23.8,56.3,6.9,27
2023-05-17 07:00:00,2,晴天,21.2,59.4,8.8,408
2023-05-17 08:00:00,2,多云,22.9,83.8,0.1,268
2023-05-17 09:00:00,4,晴天,26.1,60.8,1.0,430
2023-05-17 10:00:00,5,小雨,32.4,67.7,1.4,80
2023-05-17 11:00:00,8,小雨,29.6,50.1,1.3,63
2023-05-17 12:00:00,6,阴天,30.0,55.8,4.3,87
2023-05-17 13:00:00,4,晴天,30.8,76.8,1.3,145
2023-05-17 14:00:00,7,晴天,25.4,62.0,9.4,196
2023-05-17 15:00:00,8,多云,22.5,64.3,15.9,174
2023-05-17 16:00:00,2,小雨,20.9,75.0,1.1,76
2023-05-17 17:00:00,7,大雨,25.6,84.5,2.1,65
2023-05-17 18:00:00,2,晴天,26.6,42.7,2.4,488
2023-05-17 19:00:00,2,晴天,25.1,52.6,2.6,478
2023-05-17 20:00:00,8,多云,18.7,81.9,1.4,104
2023-05-17 21:00:00,2,晴天,24.2,89.9,0.5,104
2023-05-17 22:00:00,9,阴天,25.5,56.1,0.2,143
2023-05-17 23:00:00,1,多云,20.7,64.1,0.3,51
2023-05-18 00:00:00,9,大雨,23.1,65.3,6.9,18
2023-05-18 01:00:00,1,多云,21.5,63.5,1.0,69
2023-05-18 02:00:00,10,大雨,18.6,63.7,0.2,9
2023-05-18 03:00:00,10,晴天,18.1,80.5,2.9,30
2023-05-18 04:00:00,2,大雨,16.3,33.0,0.2,27
2023-05-18 05:00:00,6,晴天,21.0,50.2,0.2,71
2023-05-18 06:00:00,6,多云,22.9,69.6,2.9,45
2023-05-18 07:00:00,1,晴天,24.3,52.6,2.7,448
2023-05-18 08:00:00,7,多云,25.8,64.3,0.1,356
2023-05-18 09:00:00,8,晴天,20.3,76.3,1.9,436
2023-05-18 10:00:00,2,晴天,30.3,84.0,1.7,147
2023-05-18 11:00:00,8,阴天,31.2,64.2,2.4,109
2023-05-18 12:00:00,9,晴天,29.8,82.3,4.0,131
2023-05-18 13:00:00,6,大雨,25.0,62.1,1.0,46
2023-05-18 14:00:00,5,阴天,29.1,55.4,1.7,102
2023-05-18 15:00:00,9,晴天,27.3,36.9,4.7,190
2023-05-18 16:00:00,9,小雨,27.6,45.0,7.7,97
2023-05-18 17:00:00,1,晴天,29.6,60.1,6.7,368
2023-05-18 18:00:00,3,晴天,23.1,60.4,1.9,465
2023-05-18 19:00:00,9,多云,22.9,63.4,2.2,401
2023-05-18 20:00:00,2,阴天,18.6,87.5,2.3,82
2023-05-18 21:00:00,4,晴天,22.9,71.3,6.1,111
2023-05-18 22:00:00,4,多云,21.4,72.1,5.5,125
2023-05-18 23:00:00,2,多云,19.5,87.4,1.1,40
2023-05-19 00:00:00,3,阴天,15.5,54.7,0.5,59
2023-05-19 01:00:00,3,晴天,16.8,52.4,1.4,47
2023-05-19 02:00:00,1,小雨,13.8,78.3,1.0,35
2023-05-19 03:00:00,6,小雨,18.0,67.3,9.0,18
2023-05-19 04:00:00,8,小雨,23.3,59.3,0.9,21
2023-05-19 05:00:00,3,阴天,23.6,59.1,0.6,39
2023-05-19 06:00:00,5,大雨,24.1,57.4,6.9,39
2023-05-19 07:00:00,1,晴天,29.4,58.5,0.3,306
2023-05-19 08:00:00,10,多云,27.1,60.0,0.9,364
2023-05-19 09:00:00,7,多云,25.5,55.5,1.7,358
2023-05-19 10:00:00,10,晴天,25.9,68.3,2.7,202
2023-05-19 11:00:00,1,多云,27.8,71.2,1.2,180
2023-05-19 12:00:00,9,多云,27.3,51.5,2.1,188
2023-05-19 13:00:00,8,多云,31.3,73.5,0.7,139
2023-05-19 14:00:00,7,阴天,29.3,40.9,2.6,126
2023-05-19 15:00:00,10,晴天,26.2,67.6,1.6,199
2023-05-19 16:00:00,7,阴天,25.3,68.3,5.7,139
2023-05-19 17:00:00,5,多云,27.1,58.7,1.6,385
2023-05-19 18:00:00,5,小雨,26.7,60.9,1.8,211
2023-05-19 19:00:00,5,大雨,16.8,56.5,2.7,69
2023-05-19 20:00:00,1,多云,20.6,52.4,0.4,109
2023-05-19 21:00:00,8,多云,20.4,60.0,0.5,123
2023-05-19 22:00:00,1,多云,21.0,51.8,4.7,131
2023-05-19 23:00:00,4,多云,19.2,77.1,1.0,32
2023-05-20 00:00:00,9,阴天,19.9,28.5,3.5,38
2023-05-20 01:00:00,9,大雨,18.1,58.0,0.3,0
2023-05-20 02:00:00,5,晴天,16.9,31.5,5.2,51
2023-05-20 03:00:00,4,晴天,22.5,44.0,13.3,22
2023-05-20 04:00:00,3,多云,23.6,51.3,1.4,36
2023-05-20 05:00:00,3,晴天,24.3,80.1,2.1,24
2023-05-20 06:00:00,5,小雨,26.1,77.3,1.8,0
2023-05-20 07:00:00,10,晴天,22.0,61.1,6.7,232
2023-05-20 08:00:00,1,多云,24.6,61.0,0.0,203
2023-05-20 09:00:00,5,晴天,30.6,75.6,3.2,209
2023-05-20 10:00:00,6,晴天,29.1,77.0,3.2,64
2023-05-20 11:00:00,7,小雨,28.7,51.4,1.4,41
2023-05-20 12:00:00,9,多云,27.9,70.1,0.7,106
2023-05-20 13:00:00,3,阴天,32.3,45.7,0.8,39
2023-05-20 14:00:00,2,阴天,22.7,54.2,4.8,72
2023-05-20 15:00:00,3,多云,28.1,68.9,0.2,67
2023-05-20 16:00:00,9,晴天,26.0,50.1,2.5,122
2023-05-20 17:00:00,7,大雨,21.2,54.7,1.1,65
2023-05-20 18:00:00,9,阴天,28.5,35.1,0.9,167
2023-05-20 19:00:00,2,大雨,14.3,66.8,2.1,28
2023-05-20 20:00:00,5,晴天,21.5,46.8,6.8,68
2023-05-20 21:00:00,4,阴天,21.7,47.7,2.9,32
2023-05-20 22:00:00,2,晴天,16.4,80.3,4.7,59
2023-05-20 23:00:00,9,小雨,19.7,49.7,2.8,0
2023-05-21 00:00:00,9,阴天,18.0,71.3,3.6,20
2023-05-21 01:00:00,6,晴天,21.8,76.5,1.7,30
2023-05-21 02:00:00,6,阴天,29.9,73.8,7.8,9
2023-05-21 03:00:00,8,晴天,21.1,56.3,2.1,23
2023-05-21 04:00:00,6,阴天,23.0,53.6,2.4,10
2023-05-21 05:00:00,1,晴天,19.4,46.3,2.2,22
2023-05-21 06:00:00,4,阴天,24.3,33.6,1.1,42
2023-05-21 07:00:00,7,晴天,23.8,71.6,0.8,261
2023-05-21 08:00:00,2,小雨,28.5,70.2,0.2,82
2023-05-21 09:00:00,9,多云,22.9,67.2,3.8,229
2023-05-21 10:00:00,8,多云,24.8,20.0,1.0,116
2023-05-21 11:00:00,8,晴天,32.0,57.3,1.5,114
2023-05-21 12:00:00,7,小雨,29.3,69.4,7.6,44
2023-05-21 13:00:00,4,晴天,32.5,79.3,2.5,96
2023-05-21 14:00:00,2,多云,29.1,64.5,0.3,70
2023-05-21 15:00:00,3,晴天,28.7,62.9,4.8,81
2023-05-21 16:00:00,6,阴天,25.2,49.8,0.9,97
2023-05-21 17:00:00,5,晴天,24.4,65.7,2.4,282
2023-05-21 18:00:00,8,晴天,26.6,56.4,2.1,263
2023-05-21 19:00:00,6,晴天,21.9,49.1,0.8,252
2023-05-21 20:00:00,6,多云,24.7,42.6,0.4,100
2023-05-21 21:00:00,1,晴天,19.8,45.8,0.7,66
2023-05-21 22:00:00,4,多云,15.8,64.9,0.3,58
2023-05-21 23:00:00,5,阴天,15.0,39.2,1.0,39
2023-05-22 00:00:00,3,小雨,18.1,55.6,17.7,1
2023-05-22 01:00:00,9,多云,21.6,79.6,1.5,50
2023-05-22 02:00:00,1,晴天,17.3,38.5,6.0,78
2023-05-22 03:00:00,6,小雨,22.3,66.7,2.4,51
2023-05-22 04:00:00,6,晴天,21.5,68.2,3.3,43
2023-05-22 05:00:00,10,大雨,24.2,55.6,0.5,7
2023-05-22 06:00:00,5,晴天,22.8,69.3,1.0,44
2023-05-22 07:00:00,5,多云,25.5,57.2,2.1,357
2023-05-22 08:00:00,10,多云,29.0,71.9,6.4,294
2023-05-22 09:00:00,5,阴天,27.1,44.0,0.1,271
2023-05-22 10:00:00,6,晴天,26.4,88.3,2.1,171
2023-05-22 11:00:00,8,多云,23.0,81.6,0.2,134
2023-05-22 12:00:00,2,晴天,30.3,26.6,1.8,176
2023-05-22 13:00:00,6,小雨,26.2,77.6,3.0,97
2023-05-22 14:00:00,1,阴天,26.4,51.3,4.1,134
2023-05-22 15:00:00,4,多云,24.0,81.5,0.4,135
2023-05-22 16:00:00,10,多云,25.5,75.1,0.5,184
2023-05-22 17:00:00,3,阴天,31.2,43.7,1.9,266
2023-05-22 18:00:00,9,多云,24.7,68.6,18.7,363
2023-05-22 19:00:00,3,多云,20.4,49.5,1.3,413
2023-05-22 20:00:00,6,多云,19.8,68.1,1.7,139
2023-05-22 21:00:00,1,小雨,15.8,60.7,1.7,55
2023-05-22 22:00:00,6,晴天,15.9,49.1,0.3,149
2023-05-22 23:00:00,4,大雨,15.0,39.9,4.5,25
2023-05-23 00:00:00,8,多云,19.5,63.5,0.9,46
2023-05-23 01:00:00,9,晴天,20.2,67.0,3.6,62
2023-05-23 02:00:00,4,大雨,19.6,57.6,1.9,7
2023-05-23 03:00:00,10,多云,21.2,48.4,2.8,42
2023-05-23 04:00:00,10,晴天,18.9,52.8,0.2,40
2023-05-23 05:00:00,6,小雨,18.9,43.6,6.6,22
2023-05-23 06:00:00,1,阴天,20.2,71.0,0.8,63
2023-05-23 07:00:00,4,阴天,21.4,27.6,3.3,278
2023-05-23 08:00:00,7,阴天,27.2,74.3,4.8,301
2023-05-23 09:00:00,1,阴天,33.2,58.9,2.3,229
2023-05-23 10:00:00,8,晴天,24.8,67.8,1.2,224
2023-05-23 11:00:00,10,多云,27.5,69.3,11.4,196
2023-05-23 12:00:00,6,大雨,29.3,61.8,1.0,10
2023-05-23 13:00:00,5,多云,27.7,54.1,8.9,162
2023-05-23 14:00:00,10,小雨,29.0,76.6,0.5,52
2023-05-23 15:00:00,9,小雨,25.5,34.3,1.5,70
2023-05-23 16:00:00,2,多云,24.1,79.5,0.4,165
2023-05-23 17:00:00,5,阴天,24.4,43.2,0.0,332
2023-05-23 18:00:00,6,多云,24.6,55.1,0.9,387
2023-05-23 19:00:00,7,多云,26.2,81.5,0.3,309
2023-05-23 20:00:00,5,阴天,22.3,93.4,12.9,63
2023-05-23 21:00:00,9,多云,19.4,62.7,4.3,121
2023-05-23 22:00:00,1,晴天,21.8,39.7,0.0,134
2023-05-23 23:00:00,7,多云,21.8,72.8,0.8,39
2023-05-24 00:00:00,10,大雨,17.8,59.4,3.3,0
2023-05-24 01:00:00,7,大雨,18.4,44.1,1.5,0
2023-05-24 02:00:00,4,大雨,18.0,63.3,5.3,32
2023-05-24 03:00:00,9,小雨,22.6,40.4,2.1,15
2023-05-24 04:00:00,5,晴天,21.4,62.9,3.2,91
2023-05-24 05:00:00,4,阴天,18.1,46.2,2.7,46
2023-05-24 06:00:00,7,阴天,24.9,30.5,3.0,62
2023-05-24 07:00:00,4,晴天,29.4,,0.8,339
2023-05-24 08:00:00,3,晴天,30.9,50.9,1.4,327
2023-05-24 09:00:00,9,阴天,25.8,67.5,0.2,283
2023-05-24 10:00:00,8,阴天,25.9,78.8,2.7,125
2023-05-24 11:00:00,1,阴天,34.2,81.4,1.8,103
2023-05-24 12:00:00,7,阴天,33.4,37.3,4.3,111
2023-05-24 13:00:00,9,多云,29.9,56.6,,141
2023-05-24 14:00:00,8,小雨,,50.8,1.7,90
2023-05-24 15:00:00,8,多云,25.4,58.4,0.6,176
2023-05-24 16:00:00,6,晴天,22.9,81.2,2.9,155
2023-05-24 17:00:00,4,小雨,30.4,62.4,5.7,155
2023-05-24 18:00:00,8,多云,19.1,73.0,4.4,397
2023-05-24 19:00:00,3,小雨,27.8,93.2,8.7,146
2023-05-24 20:00:00,9,多云,20.8,36.5,10.7,125
2023-05-24 21:00:00,2,多云,16.5,52.9,4.4,113
2023-05-24 22:00:00,2,晴天,22.3,68.6,1.0,107
2023-05-24 23:00:00,7,晴天,20.7,64.0,0.7,66
2023-05-25 00:00:00,10,晴天,14.9,75.7,1.8,57
2023-05-25 01:00:00,4,晴天,18.8,54.2,15.3,23
2023-05-25 02:00:00,10,阴天,23.5,63.1,1.6,19
2023-05-25 03:00:00,8,晴天,18.9,48.7,0.7,81
2023-05-25 04:00:00,9,晴天,26.2,76.0,8.7,54
2023-05-25 05:00:00,7,多云,20.1,60.6,1.5,42
2023-05-25 06:00:00,5,小雨,18.8,81.1,3.5,9
2023-05-25 07:00:00,8,晴天,25.1,81.2,4.7,322
2023-05-25 08:00:00,4,大雨,21.8,40.8,5.6,62
2023-05-25 09:00:00,2,大雨,27.6,83.5,5.2,66
2023-05-25 10:00:00,6,晴天,28.0,74.0,5.4,155
2023-05-25 11:00:00,9,晴天,26.2,57.7,3.3,211
2023-05-25 12:00:00,1,阴天,34.3,72.6,1.6,134
2023-05-25 13:00:00,10,大雨,28.5,52.4,3.3,15
2023-05-25 14:00:00,7,小雨,30.6,80.4,5.4,52
2023-05-25 15:00:00,10,晴天,30.0,61.5,1.3,171
2023-05-25 16:00:00,9,多云,31.4,73.3,1.1,118
2023-05-25 17:00:00,10,多云,21.3,50.5,1.3,403
2023-05-25 18:00:00,9,晴天,18.4,64.2,2.4,500
2023-05-25 19:00:00,10,多云,27.5,73.3,0.2,395
2023-05-25 20:00:00,3,小雨,22.9,64.6,4.5,68
2023-05-25 21:00:00,5,晴天,20.5,68.4,0.4,133
2023-05-25 22:00:00,8,大雨,18.9,48.6,0.4,47
2023-05-25 23:00:00,8,大雨,17.9,64.6,0.7,0
2023-05-26 00:00:00,4,晴天,21.2,48.7,2.6,51
2023-05-26 01:00:00,1,大雨,14.5,59.7,1.0,0
2023-05-26 02:00:00,1,晴天,20.8,52.6,1.4,40
2023-05-26 03:00:00,4,大雨,,56.9,8.0,0
2023-05-26 04:00:00,6,晴天,23.4,33.7,5.6,46
2023-05-26 05:00:00,8,晴天,22.2,60.4,5.7,32
2023-05-26 06:00:00,6,小雨,23.7,58.4,2.6,18
2023-05-26 07:00:00,9,多云,28.8,37.3,6.0,281
2023-05-26 08:00:00,9,阴天,27.9,65.1,4.5,269
2023-05-26 09:00:00,2,多云,32.5,72.4,9.2,265
2023-05-26 10:00:00,10,晴天,22.8,64.7,0.2,240
2023-05-26 11:00:00,1,多云,31.2,71.8,0.1,136
2023-05-26 12:00:00,2,多云,26.2,52.1,0.6,144
2023-05-26 13:00:00,5,晴天,28.3,56.8,7.9,134
2023-05-26 14:00:00,4,小雨,32.1,61.1,2.8,63
2023-05-26 15:00:00,4,大雨,24.2,62.2,1.7,32
2023-05-26 16:00:00,9,阴天,32.5,24.8,2.2,99
2023-05-26 17:00:00,8,阴天,28.3,46.2,5.3,284
2023-05-26 18:00:00,6,晴天,25.4,75.0,7.9,500
2023-05-26 19:00:00,1,小雨,19.6,48.3,3.9,178
2023-05-26 20:00:00,2,多云,20.6,56.3,4.3,127
2023-05-26 21:00:00,6,小雨,19.0,59.2,1.2,65
2023-05-26 22:00:00,2,多云,15.6,39.9,1.9,130
2023-05-26 23:00:00,10,阴天,22.1,83.7,6.5,18
2023-05-27 00:00:00,5,小雨,17.4,59.5,4.6,40
2023-05-27 01:00:00,5,阴天,18.3,47.2,3.5,20
2023-05-27 02:00:00,6,大雨,19.0,69.7,0.2,11
2023-05-27 03:00:00,6,阴天,19.5,55.5,0.1,21
2023-05-27 04:00:00,6,大雨,22.8,60.9,0.4,2
2023-05-27 05:00:00,2,多云,20.5,81.1,2.6,24
2023-05-27 06:00:00,10,晴天,26.7,51.9,2.3,12
2023-05-27 07:00:00,3,多云,23.2,77.1,8.6,184
2023-05-27 08:00:00,6,晴天,26.1,54.9,3.6,250
2023-05-27 09:00:00,8,多云,23.3,61.0,1.0,201
2023-05-27 10:00:00,1,多云,31.2,64.5,0.5,87
2023-05-27 11:00:00,1,多云,32.5,54.8,5.7,85
2023-05-27 12:00:00,2,阴天,30.8,44.7,1.8,65
2023-05-27 13:00:00,6,阴天,29.0,66.8,3.2,87
2023-05-27 14:00:00,9,晴天,27.9,76.8,2.5,121
2023-05-27 15:00:00,4,多云,22.5,69.4,0.3,81
2023-05-27 16:00:00,3,多云,22.1,69.0,0.2,99
2023-05-27 17:00:00,8,多云,27.2,53.1,1.4,257
2023-05-27 18:00:00,10,大雨,23.1,70.3,1.3,15
2023-05-27 19:00:00,9,多云,18.3,65.4,3.4,238
2023-05-27 20:00:00,5,多云,16.9,72.9,3.0,77
2023-05-27 21:00:00,9,阴天,22.0,61.5,10.4,95
2023-05-27 22:00:00,2,大雨,22.0,69.0,5.9,30
2023-05-27 23:00:00,3,晴天,14.2,52.8,2.1,25
2023-05-28 00:00:00,7,小雨,19.1,70.4,2.1,19
2023-05-28 01:00:00,7,多云,20.0,41.1,3.4,0
2023-05-28 02:00:00,6,晴天,17.6,55.0,0.4,14
2023-05-28 03:00:00,6,晴天,23.8,49.5,27.4,40
2023-05-28 04:00:00,2,多云,20.1,100.0,2.2,23
2023-05-28 05:00:00,10,多云,17.2,69.8,7.2,30
2023-05-28 06:00:00,6,晴天,23.1,43.7,10.3,30
2023-05-28 07:00:00,4,小雨,29.1,39.5,2.6,74
2023-05-28 08:00:00,3,大雨,25.1,33.8,0.3,40
2023-05-28 09:00:00,2,晴天,24.1,42.9,2.6,237
2023-05-28 10:00:00,1,晴天,29.9,47.3,2.7,90
2023-05-28 11:00:00,5,大雨,29.3,45.4,4.7,0
2023-05-28 12:00:00,2,晴天,28.7,53.0,0.1,84
2023-05-28 13:00:00,2,阴天,29.9,72.5,1.9,82
2023-05-28 14:00:00,7,小雨,25.9,57.0,7.7,44
2023-05-28 15:00:00,8,晴天,25.4,70.7,14.2,130
2023-05-28 16:00:00,10,晴天,28.3,44.0,0.6,95
2023-05-28 17:00:00,8,晴天,22.1,54.3,6.1,278
2023-05-28 18:00:00,4,晴天,28.5,45.9,0.5,203
2023-05-28 19:00:00,1,晴天,26.1,66.6,5.5,277
2023-05-28 20:00:00,7,小雨,17.7,57.3,1.0,33
2023-05-28 21:00:00,1,晴天,24.6,86.6,9.6,73
2023-05-28 22:00:00,4,多云,19.8,49.9,3.6,70
2023-05-28 23:00:00,8,多云,23.0,44.4,1.5,35
2023-05-29 00:00:00,2,晴天,19.1,64.5,1.0,27
2023-05-29 01:00:00,6,晴天,18.3,57.4,0.8,63
2023-05-29 02:00:00,6,晴天,18.5,67.5,3.4,33
2023-05-29 03:00:00,9,晴天,12.8,59.1,6.8,53
2023-05-29 04:00:00,5,小雨,23.9,57.9,4.2,27
2023-05-29 05:00:00,10,晴天,20.2,50.0,5.4,22
2023-05-29 06:00:00,4,大雨,26.5,56.0,4.6,18
2023-05-29 07:00:00,5,多云,30.0,37.1,11.6,289
2023-05-29 08:00:00,10,多云,24.4,78.0,4.3,376
2023-05-29 09:00:00,5,多云,25.3,79.0,0.7,345
2023-05-29 10:00:00,8,小雨,31.0,74.1,4.7,62
2023-05-29 11:00:00,10,晴天,27.1,53.1,1.2,213
2023-05-29 12:00:00,8,晴天,,50.6,16.4,167
2023-05-29 13:00:00,2,多云,26.4,67.5,1.4,177
2023-05-29 14:00:00,7,晴天,32.3,45.7,1.0,149
2023-05-29 15:00:00,8,多云,26.3,77.0,0.8,186
2023-05-29 16:00:00,6,小雨,27.2,24.3,3.2,92
2023-05-29 17:00:00,5,多云,27.9,53.2,0.3,398
2023-05-29 18:00:00,9,小雨,25.2,44.0,9.2,170
2023-05-29 19:00:00,3,多云,25.6,78.7,1.0,389
2023-05-29 20:00:00,10,小雨,16.8,76.1,1.1,72
2023-05-29 21:00:00,4,小雨,18.9,68.5,0.1,66
2023-05-29 22:00:00,9,多云,19.5,88.7,0.8,91
2023-05-29 23:00:00,6,小雨,16.5,60.2,1.6,16
2023-05-30 00:00:00,8,阴天,21.6,69.5,1.4,8
2023-05-30 01:00:00,7,多云,17.3,36.0,1.0,41
2023-05-30 02:00:00,2,多云,17.0,55.2,0.1,25
2023-05-30 03:00:00,3,大雨,22.9,61.7,1.1,10
2023-05-30 04:00:00,1,多云,18.0,46.2,4.5,60
2023-05-30 05:00:00,9,晴天,19.4,63.8,1.7,35
2023-05-30 06:00:00,7,阴天,25.2,30.5,1.0,38
2023-05-30 07:00:00,1,晴天,29.0,67.5,1.1,339
2023-05-30 08:00:00,3,小雨,26.6,53.5,2.4,165
2023-05-30 09:00:00,4,大雨,22.3,48.2,1.1,57
2023-05-30 10:00:00,4,阴天,30.0,71.2,3.0,108
2023-05-30 11:00:00,5,晴天,26.7,82.0,13.7,176
2023-05-30 12:00:00,3,多云,32.0,73.4,0.1,135
2023-05-30 13:00:00,3,多云,27.4,47.8,0.6,171
2023-05-30 14:00:00,1,晴天,31.4,70.0,0.6,173
2023-05-30 15:00:00,7,晴天,25.9,56.2,1.8,210
2023-05-30 16:00:00,10,多云,24.1,76.9,0.1,153
2023-05-30 17:00:00,1,多云,19.2,63.3,1.9,409
2023-05-30 18:00:00,2,晴天,21.7,37.9,7.9,487
2023-05-30 19:00:00,4,小雨,22.9,56.4,0.0,163
2023-05-30 20:00:00,4,小雨,21.5,47.6,1.4,17
2023-05-30 21:00:00,5,大雨,22.0,48.3,4.3,5
2023-05-30 22:00:00,2,阴天,23.1,55.1,0.5,92
2023-05-30 23:00:00,4,多云,18.9,64.1,0.2,58
2023-05-31 00:00:00,1,阴天,18.9,73.6,3.0,21
2023-05-31 01:00:00,2,阴天,22.2,52.1,0.0,43
2023-05-31 02:00:00,1,晴天,20.0,78.2,4.9,7
2023-05-31 03:00:00,10,晴天,17.4,34.5,0.2,53
2023-05-31 04:00:00,10,多云,19.6,47.4,2.2,36
2023-05-31 05:00:00,4,多云,16.0,90.7,4.0,65
2023-05-31 06:00:00,4,多云,20.9,42.9,0.8,14
2023-05-31 07:00:00,7,多云,19.9,78.8,0.3,357
2023-05-31 08:00:00,10,小雨,27.2,59.6,0.6,134
2023-05-31 09:00:00,9,多云,30.8,58.9,5.8,266
2023-05-31 10:00:00,9,晴天,25.2,74.0,3.7,177
2023-05-31 11:00:00,5,阴天,25.8,71.9,0.7,174
2023-05-31 12:00:00,10,晴天,31.5,80.0,3.8,119
2023-05-31 13:00:00,1,阴天,27.1,56.3,3.7,137
2023-05-31 14:00:00,1,晴天,28.8,62.1,18.3,155
2023-05-31 15:00:00,6,阴天,29.4,56.2,,91
2023-05-31 16:00:00,2,晴天,24.0,43.3,6.0,218
2023-05-31 17:00:00,8,晴天,22.9,62.6,1.8,482
2023-05-31 18:00:00,9,晴天,22.1,57.5,6.8,486
2023-05-31 19:00:00,4,小雨,17.7,31.9,0.3,163
2023-05-31 20:00:00,5,阴天,22.6,76.6,0.6,110
2023-05-31 21:00:00,8,多云,21.9,62.2,5.7,129
2023-05-31 22:00:00,3,阴天,19.6,49.5,5.1,90
2023-05-31 23:00:00,5,多云,22.9,65.0,1.1,56
2023-06-01 00:00:00,3,小雨,14.2,52.1,2.7,19
2023-06-01 01:00:00,10,大雨,17.0,63.0,1.4,0
2023-06-01 02:00:00,3,晴天,17.1,80.8,0.0,37
2023-06-01 03:00:00,3,多云,14.1,66.0,0.1,25
2023-06-01 04:00:00,7,阴天,21.0,52.7,0.2,36
2023-06-01 05:00:00,7,阴天,19.1,44.5,2.7,50
2023-06-01 06:00:00,7,阴天,22.9,49.3,1.0,10
2023-06-01 07:00:00,10,阴天,17.4,72.2,0.5,285
2023-06-01 08:00:00,8,晴天,22.8,59.2,8.5,410
2023-06-01 09:00:00,5,大雨,22.2,68.4,0.4,53
2023-06-01 10:00:00,5,多云,21.8,55.8,3.4,159
2023-06-01 11:00:00,4,阴天,29.1,46.0,6.7,109
2023-06-01 12:00:00,7,多云,25.6,69.0,0.5,179
2023-06-01 13:00:00,10,多云,20.4,47.9,0.7,176
2023-06-01 14:00:00,4,多云,22.8,53.9,2.6,174
2023-06-01 15:00:00,2,晴天,26.4,41.6,2.1,212
2023-06-01 16:00:00,4,晴天,19.9,46.0,2.2,238
2023-06-01 17:00:00,8,阴天,18.4,73.4,2.4,329
2023-06-01 18:00:00,9,大雨,19.6,75.7,9.0,88
2023-06-01 19:00:00,3,晴天,20.1,76.4,0.2,487
2023-06-01 20:00:00,7,大雨,15.3,76.4,4.3,47
2023-06-01 21:00:00,9,小雨,17.6,54.7,0.8,60
2023-06-01 22:00:00,4,多云,15.8,70.0,1.4,101
2023-06-01 23:00:00,10,晴天,15.6,75.8,0.3,55
2023-06-02 00:00:00,3,阴天,7.8,46.9,1.8,30
2023-06-02 01:00:00,5,小雨,15.2,62.9,4.9,31
2023-06-02 02:00:00,1,多云,14.9,58.1,0.3,19
2023-06-02 03:00:00,3,小雨,17.6,31.9,1.0,38
2023-06-02 04:00:00,8,晴天,15.5,64.9,1.4,50
2023-06-02 05:00:00,8,多云,17.6,49.3,0.3,55
2023-06-02 06:00:00,4,晴天,21.6,75.8,4.3,55
2023-06-02 07:00:00,2,晴天,25.6,48.6,4.6,424
2023-06-02 08:00:00,8,小雨,18.5,64.9,5.4,166
2023-06-02 09:00:00,8,阴天,25.1,61.7,2.6,302
2023-06-02 10:00:00,10,多云,28.0,34.2,2.1,200
2023-06-02 11:00:00,4,晴天,26.9,55.2,0.9,172
2023-06-02 12:00:00,3,小雨,28.5,65.4,3.2,68
2023-06-02 13:00:00,2,阴天,23.2,75.4,1.8,141
2023-06-02 14:00:00,9,小雨,28.0,60.3,10.6,57
2023-06-02 15:00:00,1,阴天,21.4,73.6,10.3,104
2023-06-02 16:00:00,7,多云,22.7,68.1,7.1,180
2023-06-02 17:00:00,5,大雨,19.8,68.6,1.3,70
2023-06-02 18:00:00,8,晴天,18.6,69.2,1.4,460
2023-06-02 19:00:00,4,晴天,13.5,55.9,5.7,364
2023-06-02 20:00:00,7,多云,11.6,45.2,3.9,83
2023-06-02 21:00:00,5,多云,20.0,83.5,3.7,65
2023-06-02 22:00:00,5,阴天,10.3,71.5,1.0,73
2023-06-02 23:00:00,9,阴天,15.9,59.0,5.4,43
2023-06-03 00:00:00,9,晴天,11.1,69.3,2.6,15
2023-06-03 01:00:00,9,晴天,12.6,66.0,1.8,27
2023-06-03 02:00:00,6,多云,17.7,47.2,6.0,27
2023-06-03 03:00:00,6,晴天,17.0,54.9,1.5,46
2023-06-03 04:00:00,5,小雨,17.1,79.9,3.2,10
2023-06-03 05:00:00,9,阴天,22.1,59.9,1.9,33
2023-06-03 06:00:00,10,阴天,19.1,65.6,2.7,16
2023-06-03 07:00:00,8,小雨,25.0,78.9,0.1,127
2023-06-03 08:00:00,7,大雨,19.3,59.9,1.9,32
2023-06-03 09:00:00,7,多云,20.0,46.0,2.4,204
2023-06-03 10:00:00,6,晴天,23.9,61.7,2.0,120
2023-06-03 11:00:00,5,多云,24.8,51.6,5.6,92
2023-06-03 12:00:00,4,多云,22.4,39.1,1.1,84
2023-06-03 13:00:00,3,小雨,24.0,72.0,6.5,57
2023-06-03 14:00:00,3,晴天,28.4,56.2,1.5,47
2023-06-03 15:00:00,6,多云,22.4,20.0,3.6,92
2023-06-03 16:00:00,4,多云,16.7,63.8,0.3,82
2023-06-03 17:00:00,6,阴天,16.1,64.0,0.7,198
2023-06-03 18:00:00,3,多云,26.3,89.3,4.3,159
2023-06-03 19:00:00,4,大雨,23.1,59.9,0.0,51
2023-06-03 20:00:00,9,大雨,16.2,76.0,10.4,22
2023-06-03 21:00:00,5,晴天,18.9,69.7,0.6,56
2023-06-03 22:00:00,7,多云,16.5,51.2,6.9,71
2023-06-03 23:00:00,10,阴天,19.0,65.2,2.2,28
2023-06-04 00:00:00,2,多云,11.8,,2.5,33
2023-06-04 01:00:00,5,阴天,12.0,49.7,0.3,0
2023-06-04 02:00:00,9,晴天,19.6,52.3,1.4,6
2023-06-04 03:00:00,3,晴天,12.0,50.2,0.5,45
2023-06-04 04:00:00,9,阴天,17.7,59.9,2.2,8
2023-06-04 05:00:00,6,大雨,18.6,59.9,2.4,0
2023-06-04 06:00:00,4,阴天,22.4,51.8,3.7,30
2023-06-04 07:00:00,7,小雨,21.7,56.9,6.3,79
2023-06-04 08:00:00,8,阴天,22.1,31.9,1.9,171
2023-06-04 09:00:00,6,大雨,22.4,44.9,0.8,52
2023-06-04 10:00:00,5,大雨,21.3,55.6,1.2,0
2023-06-04 11:00:00,6,多云,24.3,85.1,5.6,74
2023-06-04 12:00:00,5,多云,28.5,69.5,0.5,62
2023-06-04 13:00:00,8,阴天,24.0,45.3,3.0,72
2023-06-04 14:00:00,1,多云,28.5,84.2,0.0,81
2023-06-04 15:00:00,7,多云,25.7,60.0,0.8,124
2023-06-04 16:00:00,10,多云,23.9,43.0,2.7,106
2023-06-04 17:00:00,10,多云,20.8,58.8,1.8,248
2023-06-04 18:00:00,2,多云,18.1,74.8,2.0,247
2023-06-04 19:00:00,9,晴天,23.8,43.0,3.2,273
2023-06-04 20:00:00,1,阴天,19.9,44.5,0.8,59
2023-06-04 21:00:00,10,多云,16.0,87.1,1.0,35
2023-06-04 22:00:00,6,多云,20.8,64.4,3.5,54
2023-06-04 23:00:00,9,晴天,17.1,52.9,2.3,29
2023-06-05 00:00:00,1,晴天,10.7,58.4,0.0,23
2023-06-05 01:00:00,4,晴天,13.9,64.3,3.3,19
2023-06-05 02:00:00,4,小雨,17.9,57.1,2.9,8
2023-06-05 03:00:00,9,晴天,21.0,80.2,0.2,57
2023-06-05 04:00:00,5,阴天,24.6,61.5,4.1,58
2023-06-05 05:00:00,5,晴天,18.8,70.0,2.2,50
2023-06-05 06:00:00,6,晴天,21.8,61.2,0.7,59
2023-06-05 07:00:00,1,晴天,19.5,59.4,2.5,414
2023-06-05 08:00:00,1,晴天,19.8,73.4,2.7,391
2023-06-05 09:00:00,9,大雨,18.5,73.7,7.6,51
2023-06-05 10:00:00,3,阴天,25.5,35.5,4.1,135
2023-06-05 11:00:00,4,小雨,28.6,59.7,1.1,62
2023-06-05 12:00:00,1,晴天,27.3,90.7,0.4,160
2023-06-05 13:00:00,9,晴天,25.1,53.3,5.8,198
2023-06-05 14:00:00,8,多云,28.0,66.8,5.6,123
2023-06-05 15:00:00,2,阴天,32.4,78.7,0.6,113
2023-06-05 16:00:00,8,晴天,20.0,43.4,0.2,182
2023-06-05 17:00:00,7,小雨,14.0,54.4,3.7,152
2023-06-05 18:00:00,6,多云,21.0,36.4,3.8,391
2023-06-05 19:00:00,1,晴天,22.0,61.6,0.6,500
2023-06-05 20:00:00,7,多云,12.9,65.8,3.3,83
2023-06-05 21:00:00,10,晴天,19.0,69.7,1.0,127
2023-06-05 22:00:00,7,大雨,14.7,83.6,0.9,4
2023-06-05 23:00:00,9,晴天,16.2,61.0,1.2,43
2023-06-06 00:00:00,1,小雨,12.2,42.7,2.2,24
2023-06-06 01:00:00,2,晴天,12.2,46.8,4.9,38
2023-06-06 02:00:00,9,阴天,12.4,48.6,2.1,41
2023-06-06 03:00:00,9,晴天,18.5,63.1,1.1,57
2023-06-06 04:00:00,6,阴天,15.6,95.2,6.5,28
2023-06-06 05:00:00,6,大雨,19.5,58.9,0.2,13
2023-06-06 06:00:00,4,阴天,20.1,80.6,4.8,46
2023-06-06 07:00:00,4,多云,17.8,58.3,4.6,367
2023-06-06 08:00:00,5,小雨,22.7,42.6,0.9,166
2023-06-06 09:00:00,3,多云,24.2,47.8,0.7,363
2023-06-06 10:00:00,1,晴天,27.5,49.1,6.2,185
2023-06-06 11:00:00,1,多云,29.3,58.2,2.5,170
2023-06-06 12:00:00,7,晴天,21.9,66.1,0.1,210
2023-06-06 13:00:00,1,阴天,25.9,50.1,6.6,149
2023-06-06 14:00:00,1,晴天,17.7,71.9,1.3,202
2023-06-06 15:00:00,3,多云,26.1,75.7,1.3,137
2023-06-06 16:00:00,10,小雨,25.8,56.0,3.1,74
2023-06-06 17:00:00,4,多云,13.3,73.8,3.2,309
2023-06-06 18:00:00,4,小雨,19.0,30.9,1.3,169
2023-06-06 19:00:00,2,晴天,16.0,24.6,0.5,460
2023-06-06 20:00:00,1,多云,16.5,72.5,2.4,109
2023-06-06 21:00:00,3,晴天,14.8,53.7,2.9,115
2023-06-06 22:00:00,4,阴天,15.5,93.1,5.9,93
2023-06-06 23:00:00,3,大雨,18.1,58.6,2.0,10
2023-06-07 00:00:00,8,阴天,14.1,45.0,3.1,18
2023-06-07 01:00:00,10,晴天,12.2,85.3,0.2,25
2023-06-07 02:00:00,1,晴天,15.1,69.8,6.7,52
2023-06-07 03:00:00,2,晴天,15.7,83.2,1.2,43
2023-06-07 04:00:00,7,晴天,17.2,51.2,3.0,57
2023-06-07 05:00:00,4,晴天,16.8,65.5,7.4,44
2023-06-07 06:00:00,8,小雨,21.1,46.9,5.0,27
2023-06-07 07:00:00,3,晴天,25.2,33.8,3.0,429
2023-06-07 08:00:00,6,多云,18.7,71.1,3.6,351
2023-06-07 09:00:00,9,阴天,24.9,53.1,7.6,266
2023-06-07 10:00:00,1,小雨,27.2,45.1,5.0,64
2023-06-07 11:00:00,1,多云,23.5,39.2,2.8,195
2023-06-07 12:00:00,8,多云,28.8,62.7,3.2,106
2023-06-07 13:00:00,3,多云,24.6,61.0,0.5,191
2023-06-07 14:00:00,5,晴天,21.0,52.7,1.9,176
2023-06-07 15:00:00,1,小雨,19.7,49.9,1.1,66
2023-06-07 16:00:00,5,多云,24.9,71.5,1.7,165
2023-06-07 17:00:00,6,阴天,23.4,22.8,3.3,354
2023-06-07 18:00:00,8,大雨,24.7,69.5,0.5,73
2023-06-07 19:00:00,3,小雨,20.7,67.0,0.1,178
2023-06-07 20:00:00,3,多云,17.2,41.5,1.5,100
2023-06-07 21:00:00,10,晴天,17.9,31.0,1.2,143
2023-06-07 22:00:00,9,大雨,15.9,68.8,1.6,13
2023-06-07 23:00:00,4,多云,14.2,42.4,8.0,29
2023-06-08 00:00:00,4,晴天,13.4,83.6,3.7,25
2023-06-08 01:00:00,7,晴天,10.0,91.8,1.2,41
2023-06-08 02:00:00,2,晴天,13.4,66.4,0.6,50
2023-06-08 03:00:00,8,大雨,16.4,58.5,2.9,0
2023-06-08 04:00:00,6,晴天,9.4,56.7,3.2,29
2023-06-08 05:00:00,3,多云,17.2,34.4,2.0,32
2023-06-08 06:00:00,9,多云,22.8,55.7,0.7,45
2023-06-08 07:00:00,5,多云,25.3,53.1,0.1,371
2023-06-08 08:00:00,8,阴天,20.9,50.5,0.9,295
2023-06-08 09:00:00,7,阴天,21.8,65.9,1.8,259
2023-06-08 10:00:00,8,多云,22.2,62.0,4.7,182
2023-06-08 11:00:00,7,晴天,23.2,71.8,5.8,182
2023-06-08 12:00:00,3,多云,28.4,53.3,1.6,121
2023-06-08 13:00:00,2,小雨,29.7,69.0,4.8,62
2023-06-08 14:00:00,7,多云,19.3,60.1,15.0,170
2023-06-08 15:00:00,3,小雨,21.1,68.9,3.8,91
2023-06-08 16:00:00,3,晴天,16.9,58.8,3.9,193
2023-06-08 17:00:00,2,小雨,21.2,86.7,7.2,131
2023-06-08 18:00:00,4,晴天,18.5,23.4,1.2,468
2023-06-08 19:00:00,8,大雨,19.8,69.4,0.0,87
2023-06-08 20:00:00,1,晴天,19.5,72.8,13.0,144
2023-06-08 21:00:00,1,小雨,18.1,41.0,2.0,53
2023-06-08 22:00:00,5,晴天,10.7,87.4,4.6,103
2023-06-08 23:00:00,5,多云,15.1,60.3,5.0,60
2023-06-09 00:00:00,1,小雨,9.9,58.1,1.5,26
2023-06-09 01:00:00,6,晴天,20.4,65.6,2.3,33
2023-06-09 02:00:00,1,大雨,14.6,73.3,2.3,17
2023-06-09 03:00:00,5,小雨,12.4,62.0,0.7,11
2023-06-09 04:00:00,9,多云,15.9,61.5,0.4,36
2023-06-09 05:00:00,5,多云,19.3,72.6,2.4,32
2023-06-09 06:00:00,6,多云,22.2,74.5,0.4,40
2023-06-09 07:00:00,8,多云,25.2,65.0,1.3,348
2023-06-09 08:00:00,1,多云,22.7,36.8,0.6,360
2023-06-09 09:00:00,2,小雨,22.5,44.7,3.7,159
2023-06-09 10:00:00,9,多云,26.4,76.3,6.2,174
2023-06-09 11:00:00,3,晴天,26.8,55.8,2.6,211
2023-06-09 12:00:00,6,晴天,25.4,51.0,1.6,198
2023-06-09 13:00:00,5,晴天,27.3,66.6,17.1,191
2023-06-09 14:00:00,2,晴天,22.5,64.7,0.1,172
2023-06-09 15:00:00,7,小雨,23.5,56.7,1.1,89
2023-06-09 16:00:00,4,大雨,16.4,71.2,1.0,32
2023-06-09 17:00:00,1,晴天,25.5,41.0,1.3,470
2023-06-09 18:00:00,4,阴天,18.5,34.0,0.8,345
2023-06-09 19:00:00,6,多云,22.9,82.5,0.9,300
2023-06-09 20:00:00,7,阴天,15.5,43.2,0.9,94
2023-06-09 21:00:00,7,小雨,17.4,37.9,2.1,37
2023-06-09 22:00:00,7,小雨,15.8,55.1,1.5,61
2023-06-09 23:00:00,3,晴天,13.4,59.6,3.1,5
2023-06-10 00:00:00,6,晴天,16.4,52.8,2.2,42
2023-06-10 01:00:00,8,晴天,19.0,56.6,0.6,41
2023-06-10 02:00:00,4,小雨,21.0,38.7,5.0,0
2023-06-10 03:00:00,8,晴天,18.7,70.7,1.9,31
2023-06-10 04:00:00,2,大雨,13.9,37.1,0.5,0
2023-06-10 05:00:00,10,晴天,14.5,60.3,0.5,29
2023-06-10 06:00:00,9,大雨,23.4,63.5,4.8,16
2023-06-10 07:00:00,9,晴天,18.3,69.7,3.6,238
2023-06-10 08:00:00,8,晴天,24.3,63.4,2.1,234
2023-06-10 09:00:00,10,晴天,23.9,43.7,1.1,269
2023-06-10 10:00:00,10,多云,28.3,53.8,1.9,108
2023-06-10 11:00:00,1,晴天,26.4,49.4,3.0,129
2023-06-10 12:00:00,2,大雨,24.9,36.4,6.3,27
2023-06-10 13:00:00,6,晴天,31.0,66.5,2.4,88
2023-06-10 14:00:00,10,多云,26.8,48.7,1.0,105
2023-06-10 15:00:00,5,大雨,25.2,62.2,0.1,23
2023-06-10 16:00:00,9,晴天,20.5,58.3,0.6,118
2023-06-10 17:00:00,5,阴天,17.9,43.0,3.2,216
2023-06-10 18:00:00,2,阴天,19.2,42.0,0.5,199
2023-06-10 19:00:00,10,晴天,14.2,55.0,2.0,222
2023-06-10 20:00:00,4,晴天,16.5,40.3,3.6,78
2023-06-10 21:00:00,9,多云,18.9,74.8,1.1,67
2023-06-10 22:00:00,1,大雨,18.6,80.2,3.3,28
2023-06-10 23:00:00,1,多云,14.1,71.7,2.6,21
2023-06-11 00:00:00,7,小雨,23.8,65.2,1.7,14
2023-06-11 01:00:00,3,大雨,19.0,60.9,6.8,7
2023-06-11 02:00:00,10,晴天,15.6,44.3,3.5,24
2023-06-11 03:00:00,2,大雨,19.9,72.4,1.3,0
2023-06-11 04:00:00,9,小雨,15.8,80.6,4.9,32
2023-06-11 05:00:00,3,多云,19.5,54.9,4.0,41
2023-06-11 06:00:00,2,阴天,18.9,59.5,4.7,39
2023-06-11 07:00:00,8,小雨,17.7,47.9,3.1,81
2023-06-11 08:00:00,10,晴天,24.1,55.0,1.4,275
2023-06-11 09:00:00,6,多云,23.5,41.1,1.3,244
2023-06-11 10:00:00,6,多云,24.5,55.7,3.2,118
2023-06-11 11:00:00,10,晴天,24.7,66.5,0.4,146
2023-06-11 12:00:00,7,阴天,22.3,64.9,5.1,96
2023-06-11 13:00:00,7,晴天,29.6,63.8,1.4,80
2023-06-11 14:00:00,6,小雨,25.1,23.4,3.0,54
2023-06-11 15:00:00,4,多云,22.7,60.7,2.1,87
2023-06-11 16:00:00,9,晴天,18.6,69.2,2.2,112
2023-06-11 17:00:00,6,阴天,25.5,59.9,4.0,201
2023-06-11 18:00:00,4,阴天,22.8,77.0,3.0,199
2023-06-11 19:00:00,3,多云,18.7,58.5,0.9,247
2023-06-11 20:00:00,4,晴天,13.6,66.0,0.2,35
2023-06-11 21:00:00,3,晴天,21.4,45.0,5.5,78
2023-06-11 22:00:00,2,多云,14.6,68.8,6.5,61
2023-06-11 23:00:00,5,晴天,13.2,71.8,0.5,34
2023-06-12 00:00:00,2,多云,,49.3,1.1,45
2023-06-12 01:00:00,6,阴天,16.3,38.6,1.0,38
2023-06-12 02:00:00,3,多云,15.2,53.2,8.3,37
2023-06-12 03:00:00,6,阴天,6.3,45.0,0.7,34
2023-06-12 04:00:00,10,小雨,18.2,69.0,0.5,15
2023-06-12 05:00:00,9,多云,21.5,52.7,0.6,56
2023-06-12 06:00:00,1,阴天,17.3,70.8,3.9,41
2023-06-12 07:00:00,6,多云,26.0,36.5,6.6,356
2023-06-12 08:00:00,9,阴天,,47.6,1.5,280
2023-06-12 09:00:00,4,晴天,24.9,48.5,0.4,439
2023-06-12 10:00:00,2,晴天,21.3,64.1,2.6,211
2023-06-12 11:00:00,4,阴天,25.7,28.9,0.7,171
2023-06-12 12:00:00,1,多云,26.1,55.9,0.2,179
2023-06-12 13:00:00,3,阴天,24.6,54.5,6.5,149
2023-06-12 14:00:00,10,阴天,27.0,65.4,6.1,118
2023-06-12 15:00:00,9,晴天,22.5,60.8,11.2,207
2023-06-12 16:00:00,10,多云,21.7,45.7,1.9,166
2023-06-12 17:00:00,5,多云,19.3,26.1,1.0,412
2023-06-12 18:00:00,6,小雨,18.6,48.4,4.4,187
2023-06-12 19:00:00,3,大雨,18.3,41.0,0.6,87
2023-06-12 20:00:00,5,晴天,16.9,41.9,0.8,167
2023-06-12 21:00:00,8,多云,15.8,49.0,0.9,102
2023-06-12 22:00:00,6,小雨,18.4,72.3,9.1,66
2023-06-12 23:00:00,4,晴天,19.7,41.0,3.9,60
2023-06-13 00:00:00,2,大雨,11.2,32.2,0.4,35
2023-06-13 01:00:00,9,小雨,19.6,51.3,0.3,30
2023-06-13 02:00:00,1,阴天,17.7,55.8,5.6,44
2023-06-13 03:00:00,1,晴天,13.8,54.8,4.9,51
2023-06-13 04:00:00,4,晴天,16.5,50.1,3.3,64
2023-06-13 05:00:00,7,多云,19.6,56.3,0.7,64
2023-06-13 06:00:00,1,晴天,15.0,63.2,2.0,38
2023-06-13 07:00:00,9,阴天,21.0,46.9,2.8,286
2023-06-13 08:00:00,4,晴天,24.1,75.0,8.1,448
2023-06-13 09:00:00,3,大雨,21.3,57.3,0.6,35
2023-06-13 10:00:00,1,多云,19.9,74.7,2.2,170
2023-06-13 11:00:00,10,多云,25.4,64.0,0.5,173
2023-06-13 12:00:00,4,晴天,31.6,41.1,1.8,153
2023-06-13 13:00:00,9,小雨,22.7,30.7,0.7,101
2023-06-13 14:00:00,10,多云,22.3,76.0,5.4,178
2023-06-13 15:00:00,6,晴天,22.9,46.3,0.9,196
2023-06-13 16:00:00,6,阴天,27.2,58.5,1.6,130
2023-06-13 17:00:00,1,晴天,16.3,51.0,1.6,477
2023-06-13 18:00:00,10,多云,22.3,80.1,6.0,337
2023-06-13 19:00:00,2,多云,17.3,58.9,4.3,402
2023-06-13 20:00:00,6,晴天,16.3,39.3,0.2,133
2023-06-13 21:00:00,2,阴天,13.4,56.0,0.2,61
2023-06-13 22:00:00,3,多云,14.9,76.9,2.4,93
2023-06-13 23:00:00,4,晴天,12.2,46.9,1.7,43
2023-06-14 00:00:00,5,多云,13.4,36.6,1.0,22
2023-06-14 01:00:00,9,小雨,7.8,71.0,4.7,30
2023-06-14 02:00:00,4,多云,10.5,45.3,0.4,58
2023-06-14 03:00:00,9,小雨,17.5,34.5,11.0,20
2023-06-14 04:00:00,10,晴天,21.3,45.8,0.1,55
2023-06-14 05:00:00,3,晴天,28.4,63.3,0.4,22
2023-06-14 06:00:00,8,大雨,22.8,65.8,1.1,18
2023-06-14 07:00:00,1,晴天,19.8,65.2,2.1,429
2023-06-14 08:00:00,9,阴天,16.5,43.8,0.7,287
2023-06-14 09:00:00,9,晴天,25.2,72.7,4.0,411
2023-06-14 10:00:00,10,大雨,20.0,70.3,1.3,58
2023-06-14 11:00:00,2,多云,22.4,66.5,0.1,177
2023-06-14 12:00:00,4,小雨,27.7,43.4,6.3,64
2023-06-14 13:00:00,8,晴天,25.7,50.2,8.6,215
2023-06-14 14:00:00,7,晴天,21.5,64.2,2.9,206
2023-06-14 15:00:00,1,晴天,18.4,68.2,4.9,203
2023-06-14 16:00:00,5,晴天,23.1,44.3,0.4,217
2023-06-14 17:00:00,7,晴天,22.3,85.8,0.9,339
2023-06-14 18:00:00,4,多云,24.5,57.5,1.2,373
2023-06-14 19:00:00,1,多云,11.2,73.8,9.7,328
2023-06-14 20:00:00,9,大雨,17.9,40.9,2.2,18
2023-06-14 21:00:00,5,小雨,19.2,62.6,0.0,45
2023-06-14 22:00:00,2,小雨,14.4,40.6,1.4,19
2023-06-14 23:00:00,8,多云,10.4,61.8,0.0,35
2023-06-15 00:00:00,2,多云,12.2,66.5,0.8,37
2023-06-15 01:00:00,3,多云,15.3,67.3,1.8,64
2023-06-15 02:00:00,10,大雨,14.2,48.5,1.2,11
2023-06-15 03:00:00,1,晴天,17.4,32.3,0.1,46
2023-06-15 04:00:00,2,晴天,21.3,64.4,0.4,56
2023-06-15 05:00:00,7,小雨,17.5,53.6,2.4,36
2023-06-15 06:00:00,10,晴天,23.7,53.6,3.6,64
2023-06-15 07:00:00,2,阴天,20.9,45.7,1.6,301
2023-06-15 08:00:00,6,阴天,23.5,58.7,3.9,296
2023-06-15 09:00:00,3,晴天,23.2,59.5,0.5,413
2023-06-15 10:00:00,4,晴天,25.4,75.4,0.4,187
2023-06-15 11:00:00,8,多云,26.4,29.3,5.5,153
2023-06-15 12:00:00,3,小雨,26.9,39.7,1.2,83
2023-06-15 13:00:00,10,晴天,24.8,66.4,1.7,210
2023-06-15 14:00:00,6,小雨,14.3,26.5,8.8,76
2023-06-15 15:00:00,1,多云,25.3,48.7,1.7,180
2023-06-15 16:00:00,7,晴天,16.6,95.2,0.0,178
2023-06-15 17:00:00,8,晴天,19.5,55.4,8.3,471
2023-06-15 18:00:00,8,大雨,12.8,70.0,0.0,67
2023-06-15 19:00:00,3,晴天,23.8,34.3,3.3,458
2023-06-15 20:00:00,10,大雨,18.8,70.1,1.2,19
2023-06-15 21:00:00,1,多云,15.5,53.9,1.9,86
2023-06-15 22:00:00,9,多云,19.9,63.9,2.4,114
2023-06-15 23:00:00,6,阴天,16.8,67.9,1.6,53
2023-06-16 00:00:00,9,阴天,15.4,51.8,4.5,36
2023-06-16 01:00:00,7,多云,16.4,66.9,8.0,53
2023-06-16 02:00:00,1,晴天,14.5,42.7,0.3,43
2023-06-16 03:00:00,1,大雨,12.7,60.4,4.8,0
2023-06-16 04:00:00,6,多云,20.4,67.4,0.4,40
2023-06-16 05:00:00,5,晴天,18.5,51.5,0.3,68
2023-06-16 06:00:00,9,阴天,14.7,45.1,9.4,37
2023-06-16 07:00:00,2,晴天,22.8,52.7,2.0,413
2023-06-16 08:00:00,8,晴天,22.6,75.9,0.5,401
2023-06-16 09:00:00,5,晴天,28.6,73.6,2.5,328
2023-06-16 10:00:00,2,小雨,25.1,71.0,0.9,69
2023-06-16 11:00:00,10,小雨,21.3,82.6,1.9,59
2023-06-16 12:00:00,6,晴天,19.6,60.1,2.9,180
2023-06-16 13:00:00,10,晴天,28.6,62.6,6.1,171
2023-06-16 14:00:00,8,晴天,24.1,30.1,0.0,201
2023-06-16 15:00:00,4,小雨,20.9,46.3,0.7,78
2023-06-16 16:00:00,2,晴天,20.3,67.7,0.3,190
2023-06-16 17:00:00,5,阴天,25.2,73.0,0.3,323
2023-06-16 18:00:00,2,晴天,21.4,40.6,8.7,475
2023-06-16 19:00:00,2,阴天,22.0,58.6,8.3,318
2023-06-16 20:00:00,6,晴天,18.2,92.4,4.2,104
2023-06-16 21:00:00,10,大雨,14.0,58.7,3.1,36
2023-06-16 22:00:00,9,晴天,21.0,81.7,5.7,81
2023-06-16 23:00:00,4,晴天,14.0,65.2,0.2,41
2023-06-17 00:00:00,6,阴天,17.4,68.4,0.4,9
2023-06-17 01:00:00,7,阴天,18.4,46.4,1.1,41
2023-06-17 02:00:00,6,多云,15.7,35.9,5.4,23
2023-06-17 03:00:00,8,小雨,13.1,70.8,1.9,0
2023-06-17 04:00:00,4,多云,15.5,,2.1,22
2023-06-17 05:00:00,1,阴天,20.7,60.9,0.8,26
2023-06-17 06:00:00,7,晴天,21.6,40.1,3.1,72
2023-06-17 07:00:00,3,多云,25.2,54.6,6.6,182
2023-06-17 08:00:00,6,多云,25.9,50.7,1.2,196
2023-06-17 09:00:00,2,多云,20.7,52.2,2.9,234
2023-06-17 10:00:00,9,阴天,28.7,63.4,1.2,42
2023-06-17 11:00:00,1,晴天,21.8,70.6,4.7,121
2023-06-17 12:00:00,6,晴天,26.8,64.3,1.9,114
2023-06-17 13:00:00,6,多云,32.1,62.9,1.2,69
2023-06-17 14:00:00,5,小雨,25.3,61.7,1.6,44
2023-06-17 15:00:00,5,晴天,18.2,57.4,0.3,116
2023-06-17 16:00:00,1,多云,21.5,47.5,6.0,118
2023-06-17 17:00:00,10,阴天,27.8,60.7,9.5,216
2023-06-17 18:00:00,5,晴天,19.4,71.2,1.9,290
2023-06-17 19:00:00,2,小雨,22.7,58.3,0.8,105
2023-06-17 20:00:00,7,小雨,14.6,46.2,3.3,27
2023-06-17 21:00:00,3,多云,15.4,42.1,1.8,80
2023-06-17 22:00:00,4,阴天,15.0,45.7,0.9,71
2023-06-17 23:00:00,3,小雨,21.0,42.8,0.1,17
2023-06-18 00:00:00,3,多云,14.1,100.0,6.6,38
2023-06-18 01:00:00,4,多云,9.5,46.8,4.8,10
2023-06-18 02:00:00,5,小雨,22.8,59.4,5.3,28
2023-06-18 03:00:00,1,多云,17.1,58.7,1.7,36
2023-06-18 04:00:00,4,阴天,19.5,81.2,4.2,7
2023-06-18 05:00:00,8,多云,13.9,66.4,2.6,23
2023-06-18 06:00:00,10,晴天,20.8,66.4,1.4,34
2023-06-18 07:00:00,7,晴天,21.4,62.6,5.5,251
2023-06-18 08:00:00,9,晴天,19.6,64.1,20.1,251
2023-06-18 09:00:00,5,晴天,25.5,64.8,6.9,230
2023-06-18 10:00:00,10,阴天,19.2,50.6,4.5,73
2023-06-18 11:00:00,4,小雨,21.9,46.2,4.1,43
2023-06-18 12:00:00,8,小雨,28.6,60.9,3.2,27
2023-06-18 13:00:00,9,小雨,22.7,51.9,5.8,33
2023-06-18 14:00:00,7,大雨,22.9,62.8,2.0,34
2023-06-18 15:00:00,7,多云,23.8,43.8,0.6,101
2023-06-18 16:00:00,5,阴天,21.4,37.9,4.4,116
2023-06-18 17:00:00,4,多云,23.4,40.8,7.6,243
2023-06-18 18:00:00,10,阴天,20.5,58.9,1.3,212
2023-06-18 19:00:00,1,小雨,14.2,35.8,4.6,80
2023-06-18 20:00:00,10,晴天,15.3,89.2,1.0,54
2023-06-18 21:00:00,10,多云,13.9,89.3,8.6,46
2023-06-18 22:00:00,7,多云,14.3,73.3,3.5,72
2023-06-18 23:00:00,1,晴天,15.5,54.5,2.5,29
2023-06-19 00:00:00,1,多云,15.9,52.7,4.5,49
2023-06-19 01:00:00,5,晴天,,64.4,5.0,42
2023-06-19 02:00:00,9,晴天,18.7,68.9,6.7,49
2023-06-19 03:00:00,6,阴天,16.2,64.4,6.9,34
2023-06-19 04:00:00,3,小雨,14.1,40.3,0.2,0
2023-06-19 05:00:00,3,阴天,21.6,57.2,0.4,34
2023-06-19 06:00:00,7,小雨,13.7,68.0,5.2,24
2023-06-19 07:00:00,6,多云,16.6,24.6,8.8,361
2023-06-19 08:00:00,9,多云,28.9,43.4,1.1,277
2023-06-19 09:00:00,6,小雨,24.0,67.9,0.0,173
2023-06-19 10:00:00,5,阴天,22.1,55.3,1.2,143
2023-06-19 11:00:00,10,晴天,25.2,55.3,1.4,203
2023-06-19 12:00:00,7,阴天,24.5,76.6,4.3,151
2023-06-19 13:00:00,1,阴天,24.9,59.2,0.1,142
2023-06-19 14:00:00,7,小雨,25.8,52.9,0.7,74
2023-06-19 15:00:00,3,阴天,22.9,55.4,6.7,147
2023-06-19 16:00:00,9,多云,23.6,55.9,0.5,171
2023-06-19 17:00:00,6,阴天,20.8,47.5,4.3,323
2023-06-19 18:00:00,9,小雨,17.5,56.7,1.3,184
2023-06-19 19:00:00,5,晴天,15.4,42.9,3.3,475
2023-06-19 20:00:00,7,阴天,21.5,55.0,0.2,77
2023-06-19 21:00:00,4,多云,18.4,52.3,1.0,119
2023-06-19 22:00:00,7,多云,18.8,63.5,1.7,142
2023-06-19 23:00:00,1,多云,15.2,82.7,5.8,19
2023-06-20 00:00:00,7,晴天,15.7,63.9,2.5,43
2023-06-20 01:00:00,8,多云,14.6,61.5,0.1,74
2023-06-20 02:00:00,5,大雨,19.1,63.5,4.9,0
2023-06-20 03:00:00,2,晴天,15.4,47.1,0.2,69
2023-06-20 04:00:00,5,晴天,14.5,70.5,8.2,35
2023-06-20 05:00:00,6,晴天,20.3,66.1,0.7,51
2023-06-20 06:00:00,2,多云,19.5,59.3,2.0,40
2023-06-20 07:00:00,6,小雨,22.0,65.3,0.2,168
2023-06-20 08:00:00,6,大雨,24.6,64.9,2.5,41
2023-06-20 09:00:00,1,阴天,21.8,64.9,2.1,295
2023-06-20 10:00:00,1,小雨,23.7,74.9,1.6,71
2023-06-20 11:00:00,10,晴天,23.9,48.6,0.1,174
2023-06-20 12:00:00,3,阴天,28.9,79.7,6.3,124
2023-06-20 13:00:00,10,大雨,24.9,36.0,4.9,0
2023-06-20 14:00:00,10,多云,24.8,69.9,3.0,203
2023-06-20 15:00:00,3,小雨,20.1,62.5,2.5,87
2023-06-20 16:00:00,4,阴天,24.7,,3.6,119
2023-06-20 17:00:00,2,小雨,22.6,75.4,0.5,202
2023-06-20 18:00:00,9,多云,17.5,32.8,8.1,389
2023-06-20 19:00:00,10,小雨,24.5,84.4,1.0,135
2023-06-20 20:00:00,7,晴天,18.5,93.9,3.2,81
2023-06-20 21:00:00,7,多云,14.6,57.6,2.8,75
2023-06-20 22:00:00,6,多云,15.7,44.6,3.0,103
2023-06-20 23:00:00,3,晴天,14.1,51.3,6.3,51
2023-06-21 00:00:00,6,晴天,19.6,74.6,1.1,68
2023-06-21 01:00:00,8,晴天,18.0,55.2,4.1,32
2023-06-21 02:00:00,8,小雨,17.0,20.0,2.7,23
2023-06-21 03:00:00,9,大雨,21.6,65.8,0.2,0
2023-06-21 04:00:00,1,阴天,14.4,73.4,1.6,31
2023-06-21 05:00:00,1,晴天,21.0,67.7,5.5,83
2023-06-21 06:00:00,3,多云,21.6,70.1,1.1,16
2023-06-21 07:00:00,3,阴天,20.6,84.1,2.0,218
2023-06-21 08:00:00,10,晴天,21.8,56.8,2.0,433
2023-06-21 09:00:00,8,小雨,26.3,85.8,2.9,142
2023-06-21 10:00:00,10,大雨,26.9,57.7,6.5,17
2023-06-21 11:00:00,1,晴天,20.6,76.9,0.6,224
2023-06-21 12:00:00,2,阴天,30.4,57.9,2.1,95
2023-06-21 13:00:00,2,大雨,28.3,90.6,1.7,44
2023-06-21 14:00:00,3,晴天,23.5,69.7,1.1,209
2023-06-21 15:00:00,6,晴天,21.2,58.6,7.6,221
2023-06-21 16:00:00,1,晴天,25.8,42.0,0.0,208
2023-06-21 17:00:00,2,晴天,22.8,63.1,0.4,483
2023-06-21 18:00:00,1,多云,22.1,47.7,4.0,411
2023-06-21 19:00:00,5,多云,20.4,66.6,0.9,417
2023-06-21 20:00:00,7,晴天,21.1,69.9,3.9,134
2023-06-21 21:00:00,8,阴天,19.0,75.6,5.4,80
2023-06-21 22:00:00,10,多云,14.1,68.1,0.9,86
2023-06-21 23:00:00,1,晴天,13.4,61.2,0.6,28
2023-06-22 00:00:00,7,晴天,16.1,79.9,0.5,41
2023-06-22 01:00:00,5,多云,22.0,81.6,0.7,59
2023-06-22 02:00:00,10,多云,15.2,44.2,0.9,52
2023-06-22 03:00:00,1,晴天,17.6,86.4,6.1,49
2023-06-22 04:00:00,3,晴天,20.2,78.4,4.4,66
2023-06-22 05:00:00,7,大雨,17.4,47.2,0.0,17
2023-06-22 06:00:00,10,阴天,22.4,31.8,6.2,63
2023-06-22 07:00:00,1,晴天,21.3,78.1,0.2,391
2023-06-22 08:00:00,7,多云,26.2,63.1,3.2,342
2023-06-22 09:00:00,5,小雨,20.7,53.2,0.5,151
2023-06-22 10:00:00,1,小雨,31.3,64.7,0.2,39
2023-06-22 11:00:00,1,多云,23.9,77.8,4.3,173
2023-06-22 12:00:00,1,阴天,26.6,29.5,1.9,142
2023-06-22 13:00:00,9,多云,24.8,61.9,2.7,201
2023-06-22 14:00:00,3,多云,21.1,60.9,,185
2023-06-22 15:00:00,5,小雨,26.0,82.4,0.2,54
2023-06-22 16:00:00,10,阴天,21.7,72.4,4.0,147
2023-06-22 17:00:00,9,大雨,22.9,72.3,5.2,45
2023-06-22 18:00:00,6,晴天,17.6,53.3,0.1,475
2023-06-22 19:00:00,9,晴天,17.9,70.0,1.4,474
2023-06-22 20:00:00,8,多云,16.6,52.7,2.4,100
2023-06-22 21:00:00,8,晴天,18.1,58.4,2.8,132
2023-06-22 22:00:00,1,小雨,16.6,68.6,2.6,41
2023-06-22 23:00:00,9,大雨,14.6,61.3,3.5,0
2023-06-23 00:00:00,6,小雨,13.9,64.7,10.2,25
2023-06-23 01:00:00,9,阴天,,79.7,1.5,50
2023-06-23 02:00:00,3,晴天,16.3,54.5,2.4,58
2023-06-23 03:00:00,3,阴天,16.9,44.4,3.6,28
2023-06-23 04:00:00,6,大雨,23.4,46.4,2.7,0
2023-06-23 05:00:00,9,多云,20.4,43.1,1.5,36
2023-06-23 06:00:00,7,小雨,25.8,84.1,2.9,12
2023-06-23 07:00:00,3,晴天,21.1,69.8,3.2,409
2023-06-23 08:00:00,3,大雨,22.4,76.1,2.6,80
2023-06-23 09:00:00,2,多云,22.0,73.4,0.7,354
2023-06-23 10:00:00,9,晴天,25.2,57.0,2.1,214
2023-06-23 11:00:00,3,小雨,23.9,84.4,6.5,41
2023-06-23 12:00:00,5,小雨,23.6,49.6,6.1,67
2023-06-23 13:00:00,9,晴天,19.1,90.2,4.2,175
2023-06-23 14:00:00,8,晴天,28.7,61.9,3.6,169
2023-06-23 15:00:00,2,多云,22.4,86.8,0.5,119
2023-06-23 16:00:00,3,多云,26.9,44.3,1.8,176
2023-06-23 17:00:00,2,阴天,21.0,53.5,0.4,332
2023-06-23 18:00:00,8,阴天,21.9,36.0,5.1,316
2023-06-23 19:00:00,6,多云,18.9,75.6,1.0,405
2023-06-23 20:00:00,6,大雨,18.7,63.8,4.4,0
2023-06-23 21:00:00,9,多云,13.4,90.2,5.1,56
2023-06-23 22:00:00,8,小雨,19.2,52.7,6.7,60
2023-06-23 23:00:00,4,晴天,14.1,80.1,4.2,31
2023-06-24 00:00:00,4,多云,17.8,61.2,2.5,26
2023-06-24 01:00:00,9,小雨,10.8,58.6,2.7,6
2023-06-24 02:00:00,1,晴天,13.4,55.7,1.2,31
2023-06-24 03:00:00,2,小雨,17.6,47.3,0.6,20
2023-06-24 04:00:00,2,大雨,17.0,65.6,0.4,16
2023-06-24 05:00:00,6,多云,20.1,63.2,0.6,27
2023-06-24 06:00:00,4,多云,20.6,36.4,8.2,19
2023-06-24 07:00:00,10,阴天,26.8,22.3,0.5,167
2023-06-24 08:00:00,3,大雨,24.1,55.3,3.9,23
2023-06-24 09:00:00,3,晴天,22.2,77.4,0.6,247
2023-06-24 10:00:00,3,晴天,23.2,63.3,11.1,112
2023-06-24 11:00:00,6,小雨,28.4,40.5,1.4,60
2023-06-24 12:00:00,8,多云,20.4,33.4,1.6,87
2023-06-24 13:00:00,7,晴天,26.5,77.3,1.6,137
2023-06-24 14:00:00,4,晴天,21.0,35.2,5.1,117
2023-06-24 15:00:00,4,阴天,26.9,71.4,0.7,81
2023-06-24 16:00:00,10,小雨,21.2,68.5,5.3,52
2023-06-24 17:00:00,2,阴天,22.9,84.5,3.2,135
2023-06-24 18:00:00,1,大雨,20.1,50.6,0.7,31
2023-06-24 19:00:00,9,阴天,14.5,74.1,0.2,132
2023-06-24 20:00:00,2,晴天,19.4,81.0,4.5,59
2023-06-24 21:00:00,8,大雨,14.3,39.9,0.7,0
2023-06-24 22:00:00,9,晴天,18.1,62.0,6.6,100
2023-06-24 23:00:00,4,小雨,12.2,59.4,0.4,0
2023-06-25 00:00:00,8,多云,15.7,44.0,2.9,0
2023-06-25 01:00:00,9,晴天,15.3,64.0,3.5,25
2023-06-25 02:00:00,10,阴天,13.9,42.5,3.2,28
2023-06-25 03:00:00,10,阴天,20.6,65.7,1.1,45
2023-06-25 04:00:00,5,晴天,17.6,92.6,6.3,20
2023-06-25 05:00:00,7,小雨,17.4,56.9,4.4,3
2023-06-25 06:00:00,10,多云,20.9,58.6,2.1,25
2023-06-25 07:00:00,4,多云,16.9,81.2,2.8,177
2023-06-25 08:00:00,1,大雨,29.9,78.9,2.5,13
2023-06-25 09:00:00,3,晴天,20.3,50.7,8.8,249
2023-06-25 10:00:00,5,阴天,26.0,70.3,6.8,83
2023-06-25 11:00:00,3,晴天,25.0,20.0,0.8,122
2023-06-25 12:00:00,7,小雨,28.5,44.9,0.9,33
2023-06-25 13:00:00,9,小雨,25.4,76.0,12.0,32
2023-06-25 14:00:00,6,晴天,22.4,52.3,0.8,126
2023-06-25 15:00:00,10,晴天,18.0,57.0,9.2,121
2023-06-25 16:00:00,1,大雨,17.2,46.1,3.1,18
2023-06-25 17:00:00,7,大雨,20.6,43.7,0.2,27
2023-06-25 18:00:00,3,晴天,24.1,22.6,1.2,293
2023-06-25 19:00:00,5,多云,13.7,54.6,1.9,170
2023-06-25 20:00:00,10,晴天,23.0,67.0,5.4,105
2023-06-25 21:00:00,4,晴天,19.7,63.7,1.2,63
2023-06-25 22:00:00,10,多云,11.6,47.5,1.1,64
2023-06-25 23:00:00,5,晴天,11.9,38.6,7.6,0
2023-06-26 00:00:00,5,大雨,12.0,54.4,0.2,0
2023-06-26 01:00:00,6,小雨,16.1,40.1,2.4,11
2023-06-26 02:00:00,10,阴天,15.5,48.5,2.1,1
2023-06-26 03:00:00,10,小雨,16.2,61.9,0.2,30
2023-06-26 04:00:00,6,阴天,16.0,46.9,0.3,34
2023-06-26 05:00:00,8,多云,19.2,79.3,1.4,63
2023-06-26 06:00:00,8,小雨,22.5,44.3,0.4,16
2023-06-26 07:00:00,9,阴天,20.9,50.9,2.0,296
2023-06-26 08:00:00,8,小雨,20.5,72.7,2.8,158
2023-06-26 09:00:00,2,晴天,26.5,70.4,3.5,409
2023-06-26 10:00:00,10,小雨,23.7,67.7,2.4,71
2023-06-26 11:00:00,1,阴天,26.5,50.4,1.4,122
2023-06-26 12:00:00,10,大雨,24.7,68.8,0.4,37
2023-06-26 13:00:00,2,多云,28.1,71.9,0.9,127
2023-06-26 14:00:00,2,小雨,28.0,66.6,1.6,58
2023-06-26 15:00:00,3,阴天,27.1,59.5,7.7,182
2023-06-26 16:00:00,10,晴天,20.8,68.7,0.7,196
2023-06-26 17:00:00,7,小雨,19.6,58.9,1.6,186
2023-06-26 18:00:00,2,晴天,22.6,66.1,4.0,472
2023-06-26 19:00:00,1,小雨,18.5,61.1,3.7,199
2023-06-26 20:00:00,6,小雨,17.4,37.3,10.1,55
2023-06-26 21:00:00,9,晴天,14.4,51.2,0.6,99
2023-06-26 22:00:00,3,晴天,19.9,91.2,0.0,142
2023-06-26 23:00:00,6,小雨,18.3,30.9,1.2,6
2023-06-27 00:00:00,3,晴天,14.6,83.3,0.5,28
2023-06-27 01:00:00,1,晴天,13.2,69.4,2.4,52
2023-06-27 02:00:00,5,大雨,13.6,60.5,6.9,0
2023-06-27 03:00:00,10,晴天,16.9,34.8,3.5,62
2023-06-27 04:00:00,4,多云,18.7,60.0,0.4,35
2023-06-27 05:00:00,7,阴天,16.1,48.8,0.4,50
2023-06-27 06:00:00,6,晴天,16.3,77.8,7.3,65
2023-06-27 07:00:00,10,多云,21.5,50.0,2.0,356
2023-06-27 08:00:00,7,小雨,25.1,55.9,7.7,147
2023-06-27 09:00:00,5,大雨,23.8,63.7,4.0,59
2023-06-27 10:00:00,4,阴天,23.6,50.3,15.0,140
2023-06-27 11:00:00,7,阴天,21.4,74.4,6.1,153
2023-06-27 12:00:00,7,大雨,23.1,55.6,1.6,36
2023-06-27 13:00:00,6,晴天,27.5,31.8,4.3,210
2023-06-27 14:00:00,8,晴天,20.6,62.3,1.9,208
2023-06-27 15:00:00,4,多云,28.9,72.1,0.8,144
2023-06-27 16:00:00,10,晴天,22.8,81.6,0.8,159
2023-06-27 17:00:00,5,小雨,16.5,68.3,1.5,184
2023-06-27 18:00:00,4,小雨,21.5,77.3,0.4,182
2023-06-27 19:00:00,1,晴天,20.1,67.4,0.6,466
2023-06-27 20:00:00,8,大雨,16.2,45.6,2.1,35
2023-06-27 21:00:00,1,晴天,19.3,48.3,9.2,150
2023-06-27 22:00:00,5,多云,13.8,25.5,2.6,106
2023-06-27 23:00:00,6,小雨,17.1,56.7,1.6,8
2023-06-28 00:00:00,6,多云,14.9,69.8,0.8,38
2023-06-28 01:00:00,5,多云,14.3,36.3,0.7,49
2023-06-28 02:00:00,3,晴天,,79.4,3.2,73
2023-06-28 03:00:00,5,多云,19.4,58.5,5.7,20
2023-06-28 04:00:00,8,大雨,14.2,46.6,1.5,5
2023-06-28 05:00:00,2,阴天,19.8,36.3,2.4,32
2023-06-28 06:00:00,6,多云,25.7,84.9,3.7,58
2023-06-28 07:00:00,9,多云,25.4,77.7,0.2,324
2023-06-28 08:00:00,8,小雨,19.8,53.9,1.3,146
2023-06-28 09:00:00,8,阴天,28.3,73.9,3.9,246
2023-06-28 10:00:00,8,晴天,27.1,56.9,3.5,195
2023-06-28 11:00:00,7,多云,21.7,50.9,0.2,152
2023-06-28 12:00:00,8,大雨,25.6,50.2,0.8,53
2023-06-28 13:00:00,6,小雨,26.3,56.5,3.4,56
2023-06-28 14:00:00,2,晴天,21.1,54.0,0.9,218
2023-06-28 15:00:00,2,小雨,25.7,60.9,5.1,54
2023-06-28 16:00:00,8,晴天,29.8,84.1,0.1,103
2023-06-28 17:00:00,1,多云,25.4,94.2,0.6,323
2023-06-28 18:00:00,6,多云,20.5,42.0,1.0,387
2023-06-28 19:00:00,6,阴天,17.9,66.9,7.8,331
2023-06-28 20:00:00,4,多云,18.5,63.1,4.8,141
2023-06-28 21:00:00,10,晴天,13.5,68.0,6.5,101
2023-06-28 22:00:00,3,晴天,14.2,53.2,1.7,128
2023-06-28 23:00:00,3,阴天,9.3,68.2,5.2,31
2023-06-29 00:00:00,1,晴天,16.3,39.3,5.8,65
2023-06-29 01:00:00,3,多云,14.2,100.0,1.5,0
2023-06-29 02:00:00,4,晴天,17.5,64.4,15.6,60
2023-06-29 03:00:00,5,大雨,16.8,71.0,5.7,15
2023-06-29 04:00:00,3,多云,14.5,43.2,11.0,27
2023-06-29 05:00:00,6,多云,19.3,49.6,6.0,71
2023-06-29 06:00:00,5,多云,17.9,38.0,4.5,35
2023-06-29 07:00:00,3,阴天,26.3,81.8,8.6,209
2023-06-29 08:00:00,6,多云,20.0,43.4,1.6,369
2023-06-29 09:00:00,6,小雨,22.1,57.2,4.6,141
2023-06-29 10:00:00,8,阴天,21.3,57.8,0.7,141
2023-06-29 11:00:00,2,阴天,21.5,67.1,4.0,160
2023-06-29 12:00:00,1,晴天,25.1,40.6,4.6,210
2023-06-29 13:00:00,4,阴天,21.1,72.9,3.8,136
2023-06-29 14:00:00,7,晴天,23.8,78.7,5.7,197
2023-06-29 15:00:00,10,多云,24.8,50.1,1.6,190
2023-06-29 16:00:00,3,阴天,21.2,59.5,2.4,122
2023-06-29 17:00:00,3,晴天,14.7,69.4,0.0,375
2023-06-29 18:00:00,5,晴天,24.0,63.8,0.5,500
2023-06-29 19:00:00,5,晴天,19.5,45.0,3.1,481
2023-06-29 20:00:00,10,小雨,18.3,70.5,2.5,48
2023-06-29 21:00:00,3,多云,15.8,82.7,0.7,89
2023-06-29 22:00:00,9,小雨,18.1,82.6,0.8,34
2023-06-29 23:00:00,4,阴天,18.0,68.6,1.3,25
2023-06-30 00:00:00,3,小雨,18.1,71.5,3.8,21
2023-06-30 01:00:00,2,晴天,16.0,54.2,2.8,60
2023-06-30 02:00:00,10,阴天,11.5,46.2,0.2,51
2023-06-30 03:00:00,9,晴天,17.7,59.0,4.3,21
2023-06-30 04:00:00,4,晴天,18.3,94.0,0.9,3
2023-06-30 05:00:00,3,晴天,17.1,52.0,3.3,75
2023-06-30 06:00:00,7,多云,17.6,66.5,0.4,43
2023-06-30 07:00:00,8,晴天,22.9,65.7,,424
2023-06-30 08:00:00,2,晴天,22.3,54.4,0.3,430
2023-06-30 09:00:00,7,晴天,22.4,82.3,4.1,335
2023-06-30 10:00:00,5,晴天,29.3,83.8,2.3,154
2023-06-30 11:00:00,5,小雨,26.8,100.0,0.3,69
2023-06-30 12:00:00,3,大雨,26.3,48.0,0.1,24
2023-06-30 13:00:00,5,大雨,28.5,66.1,1.4,18
2023-06-30 14:00:00,2,晴天,25.3,61.3,4.9,200
2023-06-30 15:00:00,4,晴天,21.4,49.7,0.1,191
2023-06-30 16:00:00,6,阴天,21.3,50.0,3.7,165
2023-06-30 17:00:00,1,晴天,23.5,62.5,3.2,475
2023-06-30 18:00:00,10,阴天,21.9,53.0,0.9,310
2023-06-30 19:00:00,4,晴天,20.0,45.3,0.2,479
2023-06-30 20:00:00,6,阴天,14.1,61.9,7.4,93
2023-06-30 21:00:00,9,晴天,18.9,43.4,1.1,151
2023-06-30 22:00:00,2,多云,15.5,53.0,0.4,103
2023-06-30 23:00:00,7,小雨,17.0,65.4,3.4,2
2023-07-01 00:00:00,6,多云,7.5,58.0,0.7,41
2023-07-01 01:00:00,2,晴天,16.1,56.1,1.9,6
2023-07-01 02:00:00,8,多云,11.4,87.1,0.2,21
2023-07-01 03:00:00,7,小雨,10.2,81.0,14.9,0
2023-07-01 04:00:00,5,晴天,14.4,61.2,1.8,43
2023-07-01 05:00:00,5,晴天,16.3,44.8,21.1,14
2023-07-01 06:00:00,7,多云,16.9,72.2,1.5,13
2023-07-01 07:00:00,9,晴天,13.3,97.9,1.3,165
2023-07-01 08:00:00,9,小雨,20.9,80.5,7.4,89
2023-07-01 09:00:00,9,晴天,17.5,40.5,1.2,273
2023-07-01 10:00:00,6,多云,19.3,57.0,1.7,110
2023-07-01 11:00:00,10,晴天,13.2,49.0,0.2,98
2023-07-01 12:00:00,6,多云,18.6,46.1,9.3,118
2023-07-01 13:00:00,3,晴天,18.4,77.0,0.3,101
2023-07-01 14:00:00,1,晴天,20.7,76.7,4.4,108
2023-07-01 15:00:00,7,晴天,17.0,86.6,2.3,78
2023-07-01 16:00:00,4,阴天,12.6,70.2,0.2,24
2023-07-01 17:00:00,1,晴天,17.0,59.3,0.0,296
2023-07-01 18:00:00,8,小雨,14.2,62.8,8.2,105
2023-07-01 19:00:00,6,晴天,11.5,46.4,4.1,226
2023-07-01 20:00:00,6,晴天,12.8,80.6,3.5,55
2023-07-01 21:00:00,2,多云,6.1,48.9,1.7,54
2023-07-01 22:00:00,1,多云,12.5,53.9,0.8,53
2023-07-01 23:00:00,2,阴天,9.6,55.4,3.4,41
2023-07-02 00:00:00,4,阴天,9.2,20.0,2.8,39
2023-07-02 01:00:00,2,大雨,13.0,73.0,3.9,0
2023-07-02 02:00:00,1,小雨,9.1,45.8,1.4,25
2023-07-02 03:00:00,7,多云,12.2,70.3,13.0,38
2023-07-02 04:00:00,8,多云,12.1,53.3,0.2,29
2023-07-02 05:00:00,6,阴天,23.4,53.1,0.2,26
2023-07-02 06:00:00,4,小雨,16.5,43.3,7.5,16
2023-07-02 07:00:00,6,多云,12.9,80.8,3.1,109
2023-07-02 08:00:00,3,晴天,22.8,84.2,1.2,179
2023-07-02 09:00:00,8,晴天,21.7,75.0,4.3,265
2023-07-02 10:00:00,10,阴天,19.5,64.0,1.8,67
2023-07-02 11:00:00,2,晴天,18.5,62.0,0.1,100
2023-07-02 12:00:00,5,多云,16.0,76.3,3.2,71
2023-07-02 13:00:00,1,晴天,21.1,58.1,0.8,114
2023-07-02 14:00:00,6,大雨,17.3,79.8,0.4,24
2023-07-02 15:00:00,2,晴天,15.9,45.6,0.8,128
2023-07-02 16:00:00,4,大雨,19.8,74.7,1.9,31
2023-07-02 17:00:00,6,晴天,20.9,79.3,0.2,278
2023-07-02 18:00:00,10,阴天,13.6,43.5,6.4,152
2023-07-02 19:00:00,8,小雨,16.1,47.4,2.5,121
2023-07-02 20:00:00,8,晴天,13.1,59.3,1.0,69
2023-07-02 21:00:00,6,多云,12.5,66.3,3.5,44
2023-07-02 22:00:00,4,晴天,8.2,50.7,4.9,66
2023-07-02 23:00:00,8,晴天,9.5,61.4,2.9,0
2023-07-03 00:00:00,8,阴天,6.7,29.0,0.7,27
2023-07-03 01:00:00,10,多云,6.5,71.5,0.4,23
2023-07-03 02:00:00,1,多云,12.2,72.2,5.9,55
2023-07-03 03:00:00,4,晴天,9.9,82.8,0.8,16
2023-07-03 04:00:00,4,多云,9.8,68.6,0.1,34
2023-07-03 05:00:00,7,阴天,10.1,54.4,3.1,20
2023-07-03 06:00:00,7,多云,10.5,44.8,0.5,24
2023-07-03 07:00:00,8,阴天,10.4,47.8,14.1,230
2023-07-03 08:00:00,5,阴天,17.8,58.7,6.1,286
2023-07-03 09:00:00,7,晴天,10.7,47.3,2.8,352
2023-07-03 10:00:00,8,晴天,20.7,48.5,5.4,173
2023-07-03 11:00:00,9,阴天,21.2,59.4,1.9,149
2023-07-03 12:00:00,3,多云,19.7,35.8,4.7,170
2023-07-03 13:00:00,3,晴天,20.1,45.1,3.1,202
2023-07-03 14:00:00,4,晴天,18.5,63.3,0.1,207
2023-07-03 15:00:00,5,多云,19.2,64.0,8.9,186
2023-07-03 16:00:00,10,大雨,18.1,73.0,5.9,35
2023-07-03 17:00:00,1,晴天,20.2,62.3,9.2,488
2023-07-03 18:00:00,7,晴天,19.6,60.5,3.9,473
2023-07-03 19:00:00,9,阴天,18.2,69.6,1.6,312
2023-07-03 20:00:00,8,大雨,10.1,62.9,0.7,14
2023-07-03 21:00:00,5,多云,13.7,45.4,0.6,105
2023-07-03 22:00:00,4,大雨,12.2,48.0,,9
2023-07-03 23:00:00,7,多云,8.2,85.1,0.7,10
2023-07-04 00:00:00,5,大雨,7.3,100.0,2.4,14
2023-07-04 01:00:00,7,多云,9.0,71.0,3.5,38
2023-07-04 02:00:00,1,晴天,7.5,44.9,1.1,27
2023-07-04 03:00:00,1,小雨,7.3,88.5,2.4,8
2023-07-04 04:00:00,10,多云,14.0,53.5,1.3,30
2023-07-04 05:00:00,3,阴天,13.8,66.4,3.6,27
2023-07-04 06:00:00,2,晴天,15.1,59.7,13.4,60
2023-07-04 07:00:00,2,阴天,19.1,62.8,3.5,286
2023-07-04 08:00:00,7,阴天,16.9,53.4,0.2,302
2023-07-04 09:00:00,10,晴天,21.0,79.5,1.9,414
2023-07-04 10:00:00,2,大雨,17.1,57.2,4.4,56
2023-07-04 11:00:00,4,多云,17.6,69.2,2.3,196
2023-07-04 12:00:00,2,阴天,20.0,68.9,9.1,127
2023-07-04 13:00:00,6,多云,26.2,58.3,0.2,153
2023-07-04 14:00:00,8,小雨,23.2,37.4,1.0,92
2023-07-04 15:00:00,10,多云,21.8,47.6,0.7,175
2023-07-04 16:00:00,4,晴天,13.4,70.7,4.4,164
2023-07-04 17:00:00,5,晴天,16.7,64.6,2.2,463
2023-07-04 18:00:00,4,多云,17.5,47.8,0.4,398
2023-07-04 19:00:00,3,大雨,20.0,60.7,1.0,67
2023-07-04 20:00:00,5,小雨,7.4,63.1,2.2,44
2023-07-04 21:00:00,9,小雨,13.7,68.7,16.7,21
2023-07-04 22:00:00,8,晴天,13.9,87.3,1.4,81
2023-07-04 23:00:00,8,多云,11.5,25.8,0.5,14
2023-07-05 00:00:00,8,晴天,5.9,78.2,2.1,31
2023-07-05 01:00:00,8,大雨,10.9,63.3,1.1,4
2023-07-05 02:00:00,7,阴天,12.0,44.5,2.5,34
2023-07-05 03:00:00,8,多云,12.0,62.5,1.9,41
2023-07-05 04:00:00,8,晴天,10.4,81.7,3.5,42
2023-07-05 05:00:00,8,晴天,11.3,86.2,7.4,8
2023-07-05 06:00:00,10,小雨,16.4,44.7,0.7,38
2023-07-05 07:00:00,7,小雨,,47.3,5.2,115
2023-07-05 08:00:00,1,大雨,15.5,40.6,8.9,56
2023-07-05 09:00:00,4,晴天,18.1,63.5,1.4,426
2023-07-05 10:00:00,4,大雨,19.8,64.2,0.4,26
2023-07-05 11:00:00,5,小雨,22.9,74.8,5.2,83
2023-07-05 12:00:00,10,晴天,16.4,66.6,3.6,211
2023-07-05 13:00:00,6,多云,15.9,73.4,0.7,160
2023-07-05 14:00:00,4,晴天,18.2,39.2,1.8,200
2023-07-05 15:00:00,2,多云,13.1,86.3,2.6,103
2023-07-05 16:00:00,6,阴天,19.3,79.5,0.6,154
2023-07-05 17:00:00,8,多云,10.3,52.1,3.8,301
2023-07-05 18:00:00,8,大雨,17.1,48.2,3.5,65
2023-07-05 19:00:00,7,多云,17.0,71.2,6.5,385
2023-07-05 20:00:00,6,晴天,13.3,36.6,2.5,90
2023-07-05 21:00:00,2,多云,5.9,49.0,2.6,67
2023-07-05 22:00:00,7,多云,11.0,44.6,2.9,77
2023-07-05 23:00:00,5,多云,7.8,58.5,1.0,56
2023-07-06 00:00:00,6,晴天,6.4,53.3,4.3,49
2023-07-06 01:00:00,10,多云,11.9,48.2,3.3,52
2023-07-06 02:00:00,8,晴天,13.0,46.7,5.5,24
2023-07-06 03:00:00,8,晴天,15.3,50.4,4.4,21
2023-07-06 04:00:00,3,多云,11.6,42.1,3.1,37
2023-07-06 05:00:00,7,晴天,14.2,68.1,0.5,66
2023-07-06 06:00:00,1,阴天,20.0,76.9,7.5,27
2023-07-06 07:00:00,1,多云,22.6,66.0,1.4,359
2023-07-06 08:00:00,7,大雨,20.7,80.7,10.0,28
2023-07-06 09:00:00,10,多云,17.5,47.4,1.5,357
2023-07-06 10:00:00,9,小雨,19.4,48.8,0.5,76
2023-07-06 11:00:00,7,晴天,19.3,66.6,6.5,171
2023-07-06 12:00:00,10,阴天,22.1,68.6,4.8,124
2023-07-06 13:00:00,5,多云,17.4,60.2,4.6,154
2023-07-06 14:00:00,8,大雨,20.3,59.6,0.3,7
2023-07-06 15:00:00,2,多云,19.5,44.0,6.3,160
2023-07-06 16:00:00,9,晴天,18.7,20.1,2.7,210
2023-07-06 17:00:00,6,小雨,13.2,68.4,1.9,130
2023-07-06 18:00:00,9,晴天,15.7,74.7,7.3,490
2023-07-06 19:00:00,2,多云,19.0,53.5,3.3,394
2023-07-06 20:00:00,3,晴天,11.1,51.7,0.4,108
2023-07-06 21:00:00,8,小雨,12.2,50.1,2.2,47
2023-07-06 22:00:00,1,阴天,5.1,54.4,3.0,95
2023-07-06 23:00:00,10,多云,10.9,75.1,6.9,22
2023-07-07 00:00:00,7,大雨,10.6,46.0,1.0,12
2023-07-07 01:00:00,7,多云,10.5,69.7,4.7,18
2023-07-07 02:00:00,1,多云,12.9,52.5,4.8,58
2023-07-07 03:00:00,9,阴天,10.6,30.1,0.4,11
2023-07-07 04:00:00,8,阴天,16.0,54.9,0.1,40
2023-07-07 05:00:00,4,大雨,11.1,84.6,2.6,28
2023-07-07 06:00:00,10,晴天,19.3,49.7,4.7,32
2023-07-07 07:00:00,5,多云,16.9,56.4,2.4,366
2023-07-07 08:00:00,2,晴天,17.3,60.1,5.0,407
2023-07-07 09:00:00,9,多云,14.2,63.0,2.9,309
2023-07-07 10:00:00,6,多云,16.0,83.1,3.2,108
2023-07-07 11:00:00,3,大雨,20.9,48.1,0.1,8
2023-07-07 12:00:00,7,阴天,17.8,60.2,0.3,123
2023-07-07 13:00:00,9,多云,22.8,71.4,3.9,155
2023-07-07 14:00:00,3,晴天,20.2,49.3,4.3,210
2023-07-07 15:00:00,2,阴天,14.3,61.1,2.3,134
2023-07-07 16:00:00,7,晴天,19.8,74.7,2.7,220
2023-07-07 17:00:00,7,小雨,15.8,52.2,2.9,185
2023-07-07 18:00:00,4,晴天,14.9,57.4,0.3,364
2023-07-07 19:00:00,9,多云,16.8,42.7,3.3,391
2023-07-07 20:00:00,8,阴天,8.3,74.2,2.0,77
2023-07-07 21:00:00,1,晴天,8.1,62.4,2.8,100
2023-07-07 22:00:00,1,多云,11.6,53.6,2.5,90
2023-07-07 23:00:00,5,晴天,5.1,55.4,4.3,27
2023-07-08 00:00:00,6,阴天,8.2,59.9,1.2,0
2023-07-08 01:00:00,3,阴天,13.1,65.0,1.4,16
2023-07-08 02:00:00,9,晴天,10.3,50.2,1.5,23
2023-07-08 03:00:00,10,晴天,7.3,51.4,4.3,14
2023-07-08 04:00:00,6,小雨,13.1,56.1,1.7,0
2023-07-08 05:00:00,4,晴天,12.5,62.3,0.6,31
2023-07-08 06:00:00,7,小雨,12.9,84.1,12.2,14
2023-07-08 07:00:00,8,晴天,27.0,48.0,2.0,281
2023-07-08 08:00:00,9,晴天,19.2,35.2,0.3,274
2023-07-08 09:00:00,6,小雨,17.7,81.0,3.3,60
2023-07-08 10:00:00,6,晴天,22.0,46.8,4.0,118
2023-07-08 11:00:00,8,阴天,19.0,82.0,2.1,46
2023-07-08 12:00:00,5,晴天,18.4,78.7,3.1,94
2023-07-08 13:00:00,3,晴天,20.7,68.2,0.6,154
2023-07-08 14:00:00,3,阴天,20.9,78.2,1.4,106
2023-07-08 15:00:00,6,多云,21.3,32.5,0.5,93
2023-07-08 16:00:00,2,小雨,21.8,39.7,1.5,65
2023-07-08 17:00:00,6,晴天,19.9,64.3,2.5,304
2023-07-08 18:00:00,6,小雨,17.6,54.2,1.8,80
2023-07-08 19:00:00,8,小雨,16.6,48.2,2.7,121
2023-07-08 20:00:00,7,晴天,16.1,72.1,2.1,73
2023-07-08 21:00:00,8,大雨,13.6,63.9,1.1,15
2023-07-08 22:00:00,9,小雨,5.9,75.7,0.5,69
2023-07-08 23:00:00,6,多云,11.7,54.4,0.9,43
2023-07-09 00:00:00,3,多云,14.1,59.8,0.7,17
2023-07-09 01:00:00,10,多云,7.8,83.1,3.7,37
2023-07-09 02:00:00,3,晴天,9.5,40.7,5.1,0
2023-07-09 03:00:00,1,多云,11.3,58.7,3.8,27
2023-07-09 04:00:00,5,晴天,13.1,46.9,3.1,31
2023-07-09 05:00:00,4,多云,12.0,85.4,1.1,26
2023-07-09 06:00:00,9,大雨,15.2,96.1,3.7,0
2023-07-09 07:00:00,9,多云,17.8,63.1,2.8,220
2023-07-09 08:00:00,5,阴天,11.5,67.4,0.1,147
2023-07-09 09:00:00,10,晴天,18.8,58.4,7.1,218
2023-07-09 10:00:00,4,多云,18.2,57.9,0.2,98
2023-07-09 11:00:00,7,大雨,14.7,61.3,2.1,0
2023-07-09 12:00:00,6,多云,21.7,39.8,2.2,112
2023-07-09 13:00:00,4,多云,20.8,69.9,5.4,123
2023-07-09 14:00:00,10,晴天,19.8,45.2,7.3,112
2023-07-09 15:00:00,2,多云,20.4,54.7,8.4,86
2023-07-09 16:00:00,1,晴天,18.5,60.5,2.5,123
2023-07-09 17:00:00,4,阴天,14.1,48.6,3.4,133
2023-07-09 18:00:00,4,晴天,17.2,69.0,0.3,280
2023-07-09 19:00:00,1,阴天,16.4,52.9,2.0,191
2023-07-09 20:00:00,6,小雨,9.2,76.0,6.8,32
2023-07-09 21:00:00,4,晴天,,46.9,1.8,67
2023-07-09 22:00:00,1,多云,9.8,57.5,0.2,55
2023-07-09 23:00:00,1,大雨,12.0,43.9,0.7,28
2023-07-10 00:00:00,1,阴天,10.5,74.7,1.7,31
2023-07-10 01:00:00,8,晴天,9.7,55.3,0.8,32
2023-07-10 02:00:00,10,晴天,12.3,51.6,1.5,34
2023-07-10 03:00:00,8,晴天,10.5,57.2,1.2,27
2023-07-10 04:00:00,2,晴天,15.7,58.4,1.2,35
2023-07-10 05:00:00,7,多云,17.4,66.1,0.3,22
2023-07-10 06:00:00,8,阴天,13.4,68.1,6.4,44
2023-07-10 07:00:00,8,多云,15.8,57.7,3.5,346
2023-07-10 08:00:00,10,小雨,16.4,59.4,2.9,167
2023-07-10 09:00:00,7,小雨,19.7,20.0,2.8,158
2023-07-10 10:00:00,5,多云,23.3,53.2,1.5,171
2023-07-10 11:00:00,1,晴天,14.8,81.5,5.2,142
2023-07-10 12:00:00,9,小雨,15.7,66.7,8.0,80
2023-07-10 13:00:00,7,阴天,19.6,43.9,0.0,126
2023-07-10 14:00:00,2,小雨,19.9,54.2,0.2,69
2023-07-10 15:00:00,6,晴天,15.7,51.0,3.4,215
2023-07-10 16:00:00,2,晴天,18.0,76.1,0.8,210
2023-07-10 17:00:00,1,晴天,14.1,74.5,7.3,377
2023-07-10 18:00:00,7,多云,13.7,48.3,3.3,304
2023-07-10 19:00:00,2,大雨,17.5,60.1,1.4,51
2023-07-10 20:00:00,2,晴天,11.5,43.0,1.6,111
2023-07-10 21:00:00,5,大雨,10.4,50.6,3.5,19
2023-07-10 22:00:00,5,多云,11.1,51.2,0.5,92
2023-07-10 23:00:00,7,小雨,13.4,49.5,6.4,0
2023-07-11 00:00:00,1,阴天,9.9,65.5,0.0,17
2023-07-11 01:00:00,8,晴天,8.5,80.2,11.6,17
2023-07-11 02:00:00,3,阴天,12.4,59.1,0.6,32
2023-07-11 03:00:00,4,晴天,13.9,44.2,4.1,45
2023-07-11 04:00:00,9,多云,15.9,63.1,0.1,42
2023-07-11 05:00:00,4,阴天,13.6,63.1,1.7,41
2023-07-11 06:00:00,10,阴天,16.4,57.2,3.0,57
2023-07-11 07:00:00,5,多云,18.7,87.9,0.2,291
2023-07-11 08:00:00,7,多云,18.0,63.7,1.8,367
2023-07-11 09:00:00,4,小雨,22.5,68.6,1.1,154
2023-07-11 10:00:00,1,大雨,21.3,26.4,2.1,20
2023-07-11 11:00:00,9,晴天,25.5,45.6,2.1,217
2023-07-11 12:00:00,4,大雨,22.8,67.7,4.6,18
2023-07-11 13:00:00,9,多云,14.0,64.3,0.4,142
2023-07-11 14:00:00,6,多云,18.1,54.3,0.3,197
2023-07-11 15:00:00,1,多云,13.7,66.8,1.5,141
2023-07-11 16:00:00,3,多云,15.6,73.9,6.6,170
2023-07-11 17:00:00,2,阴天,15.2,52.9,5.8,307
2023-07-11 18:00:00,9,多云,17.6,50.7,2.5,402
2023-07-11 19:00:00,1,阴天,12.4,56.2,6.6,267
2023-07-11 20:00:00,9,晴天,16.7,67.5,4.9,132
2023-07-11 21:00:00,9,小雨,9.5,51.4,1.0,55
2023-07-11 22:00:00,8,大雨,9.8,72.8,0.6,21
2023-07-11 23:00:00,8,小雨,6.5,52.8,1.1,19
2023-07-12 00:00:00,1,小雨,14.3,51.6,0.8,10
2023-07-12 01:00:00,8,多云,14.9,95.2,2.9,4
2023-07-12 02:00:00,10,阴天,10.3,41.5,2.6,20
2023-07-12 03:00:00,3,大雨,7.0,71.7,2.7,0
2023-07-12 04:00:00,7,晴天,11.9,32.9,0.6,47
2023-07-12 05:00:00,1,大雨,14.4,69.9,4.7,5
2023-07-12 06:00:00,1,多云,13.1,100.0,1.7,42
2023-07-12 07:00:00,10,晴天,23.3,75.9,1.9,426
2023-07-12 08:00:00,5,阴天,23.0,80.1,17.4,226
2023-07-12 09:00:00,5,多云,13.3,58.6,1.0,262
2023-07-12 10:00:00,8,大雨,15.9,74.1,1.5,22
2023-07-12 11:00:00,7,晴天,21.2,63.7,3.4,205
2023-07-12 12:00:00,8,晴天,16.8,90.4,6.4,156
2023-07-12 13:00:00,6,多云,20.4,43.4,0.4,155
2023-07-12 14:00:00,6,晴天,19.4,77.8,4.0,217
2023-07-12 15:00:00,2,大雨,18.4,66.4,7.5,33
2023-07-12 16:00:00,6,晴天,20.6,46.3,1.6,206
2023-07-12 17:00:00,5,多云,21.7,55.9,1.0,388
2023-07-12 18:00:00,3,晴天,16.2,36.0,3.4,457
2023-07-12 19:00:00,6,晴天,10.1,20.0,0.8,361
2023-07-12 20:00:00,8,大雨,12.9,42.0,1.5,0
2023-07-12 21:00:00,9,晴天,9.7,54.2,6.8,115
2023-07-12 22:00:00,1,小雨,16.6,61.2,2.7,41
2023-07-12 23:00:00,3,阴天,12.2,40.4,0.3,22
2023-07-13 00:00:00,3,小雨,11.2,55.3,1.2,21
2023-07-13 01:00:00,8,大雨,12.1,63.5,3.0,2
2023-07-13 02:00:00,1,晴天,10.6,51.4,2.0,21
2023-07-13 03:00:00,5,晴天,15.2,43.8,3.2,73
2023-07-13 04:00:00,3,阴天,10.8,49.0,4.3,4
2023-07-13 05:00:00,2,小雨,16.6,80.0,2.0,0
2023-07-13 06:00:00,8,小雨,19.8,34.1,13.0,32
2023-07-13 07:00:00,3,小雨,13.9,77.3,7.4,103
2023-07-13 08:00:00,7,多云,18.5,80.5,0.2,304
2023-07-13 09:00:00,1,晴天,19.8,54.7,0.9,428
2023-07-13 10:00:00,6,大雨,16.1,66.9,1.1,35
2023-07-13 11:00:00,3,小雨,15.7,48.3,0.6,69
2023-07-13 12:00:00,8,多云,17.3,64.0,1.1,159
2023-07-13 13:00:00,6,阴天,19.7,93.4,1.7,106
2023-07-13 14:00:00,2,晴天,20.6,79.1,0.2,189
2023-07-13 15:00:00,6,晴天,17.4,52.4,0.4,220
2023-07-13 16:00:00,7,阴天,23.3,40.2,0.3,129
2023-07-13 17:00:00,5,大雨,19.4,55.6,0.1,80
2023-07-13 18:00:00,3,多云,16.4,64.1,2.0,415
2023-07-13 19:00:00,4,晴天,12.4,70.8,1.2,350
2023-07-13 20:00:00,4,晴天,12.7,58.4,8.2,109
2023-07-13 21:00:00,6,小雨,14.8,86.8,0.3,18
2023-07-13 22:00:00,10,多云,13.4,60.5,7.8,85
2023-07-13 23:00:00,1,大雨,12.9,52.9,0.3,0
2023-07-14 00:00:00,4,阴天,9.1,67.9,2.9,16
2023-07-14 01:00:00,10,大雨,8.6,70.5,0.9,8
2023-07-14 02:00:00,4,多云,6.4,48.6,5.3,14
2023-07-14 03:00:00,10,大雨,13.1,45.9,0.2,19
2023-07-14 04:00:00,1,多云,7.9,35.4,9.1,16
2023-07-14 05:00:00,9,晴天,13.7,55.7,0.1,19
2023-07-14 06:00:00,4,晴天,13.7,78.3,0.8,35
2023-07-14 07:00:00,7,多云,17.0,70.0,,351
2023-07-14 08:00:00,3,阴天,21.0,76.9,4.2,297
2023-07-14 09:00:00,10,晴天,22.6,50.2,9.1,423
2023-07-14 10:00:00,3,晴天,21.4,57.5,1.7,178
2023-07-14 11:00:00,8,阴天,17.5,31.4,4.2,155
2023-07-14 12:00:00,8,晴天,19.9,75.1,3.9,198
2023-07-14 13:00:00,1,大雨,17.2,80.1,2.5,28
2023-07-14 14:00:00,10,晴天,17.4,44.0,3.5,235
2023-07-14 15:00:00,2,晴天,20.0,84.4,0.1,181
2023-07-14 16:00:00,8,阴天,14.6,56.5,1.7,111
2023-07-14 17:00:00,1,晴天,14.9,,4.6,343
2023-07-14 18:00:00,8,多云,11.8,55.3,1.9,287
2023-07-14 19:00:00,8,晴天,15.7,69.4,6.2,490
2023-07-14 20:00:00,2,晴天,11.4,59.2,5.4,97
2023-07-14 21:00:00,4,晴天,4.8,51.3,6.0,28
2023-07-14 22:00:00,6,晴天,15.6,68.9,0.4,118
2023-07-14 23:00:00,9,晴天,13.2,70.3,0.8,45
2023-07-15 00:00:00,8,大雨,4.0,57.4,0.1,18
2023-07-15 01:00:00,8,多云,12.4,54.6,12.2,42
2023-07-15 02:00:00,7,晴天,15.2,51.8,0.8,23
2023-07-15 03:00:00,9,多云,10.9,67.2,1.4,29
2023-07-15 04:00:00,2,阴天,12.9,35.9,1.0,14
2023-07-15 05:00:00,3,阴天,12.7,48.6,0.1,29
2023-07-15 06:00:00,10,小雨,16.6,57.6,0.9,11
2023-07-15 07:00:00,8,阴天,19.4,48.2,0.3,163
2023-07-15 08:00:00,6,晴天,13.9,63.8,1.5,214
2023-07-15 09:00:00,10,多云,16.4,62.5,10.2,215
2023-07-15 10:00:00,9,小雨,19.6,97.2,3.6,32
2023-07-15 11:00:00,10,小雨,20.8,48.6,3.7,49
2023-07-15 12:00:00,4,多云,21.2,59.8,1.8,91
2023-07-15 13:00:00,8,多云,19.3,45.6,5.0,109
2023-07-15 14:00:00,10,阴天,16.7,89.1,7.2,64
2023-07-15 15:00:00,3,大雨,21.5,85.5,9.8,3
2023-07-15 16:00:00,3,多云,13.8,36.5,0.3,114
2023-07-15 17:00:00,8,小雨,14.8,57.5,6.4,68
2023-07-15 18:00:00,5,晴天,15.1,60.5,0.8,289
2023-07-15 19:00:00,3,晴天,15.2,54.9,1.5,284
2023-07-15 20:00:00,10,多云,11.6,52.7,1.3,37
2023-07-15 21:00:00,1,多云,13.7,71.6,3.4,47
2023-07-15 22:00:00,3,晴天,14.4,86.8,2.7,29
2023-07-15 23:00:00,9,大雨,8.3,72.1,0.3,34
2023-07-16 00:00:00,5,多云,11.2,73.0,4.6,15
2023-07-16 01:00:00,10,多云,10.9,54.7,1.7,17
2023-07-16 02:00:00,2,晴天,9.6,75.3,0.0,52
2023-07-16 03:00:00,7,晴天,5.7,75.2,1.6,11
2023-07-16 04:00:00,2,阴天,13.6,52.9,2.2,35
2023-07-16 05:00:00,4,小雨,15.1,56.5,0.2,20
2023-07-16 06:00:00,7,阴天,18.3,36.4,0.5,0
2023-07-16 07:00:00,4,阴天,15.3,39.7,15.1,169
2023-07-16 08:00:00,7,多云,15.5,53.5,6.1,221
2023-07-16 09:00:00,7,晴天,15.8,44.0,0.4,254
2023-07-16 10:00:00,1,阴天,10.3,72.1,2.6,65
2023-07-16 11:00:00,6,阴天,18.6,57.6,1.4,75
2023-07-16 12:00:00,9,小雨,28.3,68.0,,25
2023-07-16 13:00:00,2,大雨,23.6,41.7,1.9,14
2023-07-16 14:00:00,3,大雨,16.4,79.5,0.1,48
2023-07-16 15:00:00,10,多云,17.0,67.3,1.1,89
2023-07-16 16:00:00,5,多云,15.9,66.1,0.4,95
2023-07-16 17:00:00,9,大雨,20.5,74.2,2.0,44
2023-07-16 18:00:00,4,小雨,21.7,64.8,7.1,87
2023-07-16 19:00:00,1,晴天,14.0,44.8,16.2,224
2023-07-16 20:00:00,4,晴天,13.3,69.4,8.7,43
2023-07-16 21:00:00,6,晴天,13.0,48.2,12.7,46
2023-07-16 22:00:00,5,晴天,10.6,63.2,0.0,45
2023-07-16 23:00:00,1,阴天,11.0,48.4,3.9,0
2023-07-17 00:00:00,4,晴天,10.1,84.9,1.0,50
2023-07-17 01:00:00,6,晴天,11.6,70.0,6.0,46
2023-07-17 02:00:00,10,晴天,4.7,75.1,5.0,25
2023-07-17 03:00:00,10,小雨,10.0,48.6,1.7,27
2023-07-17 04:00:00,4,多云,8.9,64.5,1.9,30
2023-07-17 05:00:00,9,晴天,15.8,62.9,0.9,50
2023-07-17 06:00:00,5,晴天,12.6,61.7,1.0,54
2023-07-17 07:00:00,8,晴天,11.6,30.9,11.9,349
2023-07-17 08:00:00,9,多云,12.1,89.5,6.6,201
2023-07-17 09:00:00,10,晴天,,59.4,0.6,460
2023-07-17 10:00:00,5,阴天,16.5,67.5,1.0,120
2023-07-17 11:00:00,6,多云,19.4,40.3,0.3,164
2023-07-17 12:00:00,1,晴天,24.7,82.0,13.5,163
2023-07-17 13:00:00,7,小雨,21.0,80.7,7.1,64
2023-07-17 14:00:00,4,晴天,17.8,72.8,2.4,232
2023-07-17 15:00:00,2,小雨,15.0,64.1,3.5,93
2023-07-17 16:00:00,5,晴天,18.8,95.0,4.1,168
2023-07-17 17:00:00,3,多云,,74.7,0.7,415
2023-07-17 18:00:00,6,大雨,16.7,39.5,8.2,77
2023-07-17 19:00:00,8,阴天,6.6,63.4,2.2,241
2023-07-17 20:00:00,7,晴天,15.9,68.8,0.3,142
2023-07-17 21:00:00,3,晴天,6.3,61.6,1.5,105
2023-07-17 22:00:00,8,多云,9.2,68.6,2.8,75
2023-07-17 23:00:00,2,阴天,14.3,81.6,1.3,40
2023-07-18 00:00:00,10,阴天,3.3,57.2,3.6,7
2023-07-18 01:00:00,9,晴天,9.9,54.3,6.4,22
2023-07-18 02:00:00,4,晴天,9.8,43.7,4.4,24
2023-07-18 03:00:00,1,多云,11.4,32.0,3.1,41
2023-07-18 04:00:00,8,晴天,13.6,55.3,2.2,54
2023-07-18 05:00:00,7,晴天,13.8,49.8,0.9,46
2023-07-18 06:00:00,5,晴天,11.0,56.9,1.8,46
2023-07-18 07:00:00,10,小雨,16.6,51.2,1.0,150
2023-07-18 08:00:00,5,阴天,17.4,43.9,8.2,293
2023-07-18 09:00:00,7,阴天,18.4,51.7,7.1,287
2023-07-18 10:00:00,5,多云,25.6,67.7,0.5,168
2023-07-18 11:00:00,8,多云,23.8,52.0,5.2,169
2023-07-18 12:00:00,6,阴天,25.5,57.2,3.6,130
2023-07-18 13:00:00,5,晴天,20.9,91.4,11.1,173
2023-07-18 14:00:00,9,小雨,24.7,76.1,1.9,62
2023-07-18 15:00:00,2,多云,16.0,,3.8,152
2023-07-18 16:00:00,1,晴天,16.4,63.9,2.2,191
2023-07-18 17:00:00,8,多云,14.6,49.3,0.2,321
2023-07-18 18:00:00,3,晴天,13.5,53.7,0.1,369
2023-07-18 19:00:00,7,小雨,13.8,55.8,0.4,113
2023-07-18 20:00:00,10,晴天,13.1,61.6,1.1,112
2023-07-18 21:00:00,8,晴天,12.8,59.3,0.9,103
2023-07-18 22:00:00,6,晴天,15.9,43.1,3.9,128
2023-07-18 23:00:00,10,阴天,5.6,68.9,3.8,23
2023-07-19 00:00:00,9,多云,6.4,51.4,10.7,12
2023-07-19 01:00:00,7,多云,2.8,88.8,1.1,10
2023-07-19 02:00:00,10,多云,8.1,78.7,,13
2023-07-19 03:00:00,5,多云,10.1,35.1,2.8,27
2023-07-19 04:00:00,8,晴天,10.4,56.2,2.1,33
2023-07-19 05:00:00,2,小雨,10.3,84.1,3.3,23
2023-07-19 06:00:00,7,晴天,15.3,69.9,3.6,51
2023-07-19 07:00:00,4,晴天,15.1,61.3,0.6,433
2023-07-19 08:00:00,9,小雨,14.8,25.1,4.2,107
2023-07-19 09:00:00,1,晴天,19.0,56.7,3.9,420
2023-07-19 10:00:00,7,晴天,17.6,63.2,18.0,210
2023-07-19 11:00:00,6,多云,23.3,29.2,7.3,190
2023-07-19 12:00:00,8,多云,19.5,69.2,3.5,154
2023-07-19 13:00:00,5,小雨,18.8,49.5,3.7,65
2023-07-19 14:00:00,1,小雨,20.1,64.5,8.8,85
2023-07-19 15:00:00,1,小雨,12.5,62.0,10.2,84
2023-07-19 16:00:00,9,小雨,21.1,56.2,5.3,82
2023-07-19 17:00:00,10,晴天,18.6,71.9,4.4,456
2023-07-19 18:00:00,6,晴天,12.6,64.2,0.4,347
2023-07-19 19:00:00,10,多云,10.3,100.0,5.3,248
2023-07-19 20:00:00,5,晴天,9.5,86.7,0.9,88
2023-07-19 21:00:00,1,阴天,7.2,44.8,2.5,68
2023-07-19 22:00:00,6,大雨,5.6,77.8,1.6,0
2023-07-19 23:00:00,6,晴天,5.8,49.0,1.3,55
2023-07-20 00:00:00,3,晴天,2.1,42.4,1.1,6
2023-07-20 01:00:00,8,晴天,9.1,37.9,5.8,46
2023-07-20 02:00:00,1,晴天,10.3,54.6,4.4,12
2023-07-20 03:00:00,1,晴天,15.3,75.1,2.2,68
2023-07-20 04:00:00,6,多云,15.5,62.4,3.3,32
2023-07-20 05:00:00,10,阴天,11.5,67.6,12.5,47
2023-07-20 06:00:00,1,小雨,14.3,20.0,1.5,24
2023-07-20 07:00:00,6,晴天,19.6,56.6,2.4,401
2023-07-20 08:00:00,1,多云,16.2,44.2,2.3,361
2023-07-20 09:00:00,6,多云,19.0,36.3,8.2,382
2023-07-20 10:00:00,3,大雨,17.5,41.9,1.3,22
2023-07-20 11:00:00,8,大雨,19.9,61.1,12.9,56
2023-07-20 12:00:00,6,阴天,20.3,69.9,1.1,146
2023-07-20 13:00:00,1,多云,18.8,46.3,0.3,191
2023-07-20 14:00:00,5,小雨,22.5,68.8,0.6,80
2023-07-20 15:00:00,8,晴天,15.9,72.2,1.7,200
2023-07-20 16:00:00,3,多云,17.8,64.9,3.1,199
2023-07-20 17:00:00,6,晴天,21.6,47.1,2.2,484
2023-07-20 18:00:00,5,多云,15.9,52.5,1.4,396
2023-07-20 19:00:00,6,小雨,11.3,64.9,2.5,146
2023-07-20 20:00:00,10,晴天,13.5,49.3,5.5,95
2023-07-20 21:00:00,1,晴天,18.8,69.7,5.5,136
2023-07-20 22:00:00,7,晴天,10.8,43.4,3.9,121
2023-07-20 23:00:00,9,晴天,12.6,65.7,9.1,36
2023-07-21 00:00:00,2,晴天,10.0,73.6,2.7,25
2023-07-21 01:00:00,10,晴天,11.0,62.9,0.0,24
2023-07-21 02:00:00,5,晴天,10.4,45.1,1.0,40
2023-07-21 03:00:00,10,晴天,8.4,35.5,1.2,26
2023-07-21 04:00:00,4,阴天,13.6,43.4,2.4,5
2023-07-21 05:00:00,6,晴天,10.0,67.3,7.1,21
2023-07-21 06:00:00,6,晴天,14.1,56.9,5.5,56
2023-07-21 07:00:00,2,多云,22.0,51.0,0.8,355
2023-07-21 08:00:00,2,阴天,17.3,66.0,2.2,293
2023-07-21 09:00:00,4,小雨,15.8,30.2,3.2,148
2023-07-21 10:00:00,1,晴天,20.1,56.1,13.1,194
2023-07-21 11:00:00,9,多云,18.2,43.4,0.1,162
2023-07-21 12:00:00,7,小雨,20.3,39.7,1.9,73
2023-07-21 13:00:00,7,小雨,16.3,52.3,13.3,53
2023-07-21 14:00:00,3,小雨,21.7,97.1,11.3,78
2023-07-21 15:00:00,3,阴天,18.9,69.5,1.2,140
2023-07-21 16:00:00,1,阴天,14.5,43.0,0.0,111
2023-07-21 17:00:00,3,多云,17.4,78.2,2.7,414
2023-07-21 18:00:00,3,多云,20.8,40.4,6.1,412
2023-07-21 19:00:00,4,小雨,11.3,82.8,1.2,103
2023-07-21 20:00:00,4,大雨,14.8,46.8,8.2,25
2023-07-21 21:00:00,3,晴天,12.7,61.6,1.2,112
2023-07-21 22:00:00,10,阴天,11.9,91.3,2.8,62
2023-07-21 23:00:00,8,晴天,12.9,54.7,3.8,54
2023-07-22 00:00:00,8,多云,9.2,87.6,1.3,27
2023-07-22 01:00:00,1,阴天,10.6,58.9,1.3,27
2023-07-22 02:00:00,7,晴天,11.0,58.7,1.9,43
2023-07-22 03:00:00,2,多云,8.9,46.7,5.4,20
2023-07-22 04:00:00,1,晴天,13.9,81.2,0.3,19
2023-07-22 05:00:00,3,多云,12.6,52.6,3.0,32
2023-07-22 06:00:00,4,晴天,20.5,88.6,3.4,21
2023-07-22 07:00:00,6,多云,14.8,50.6,2.4,172
2023-07-22 08:00:00,10,多云,13.5,53.2,8.2,156
2023-07-22 09:00:00,5,阴天,21.9,75.1,2.8,141
2023-07-22 10:00:00,4,阴天,17.1,58.4,3.0,93
2023-07-22 11:00:00,8,晴天,16.2,64.3,2.7,98
2023-07-22 12:00:00,4,小雨,21.2,40.4,3.8,36
2023-07-22 13:00:00,10,晴天,23.8,61.7,0.4,133
2023-07-22 14:00:00,2,晴天,21.5,65.6,6.7,134
2023-07-22 15:00:00,3,晴天,16.8,85.9,0.1,114
2023-07-22 16:00:00,6,阴天,17.9,52.8,3.1,53
2023-07-22 17:00:00,8,阴天,15.4,65.1,2.9,201
2023-07-22 18:00:00,8,晴天,20.0,78.2,0.7,280
2023-07-22 19:00:00,9,晴天,12.4,60.6,0.1,233
2023-07-22 20:00:00,7,晴天,12.8,76.3,0.4,84
2023-07-22 21:00:00,2,多云,12.0,97.5,1.0,22
2023-07-22 22:00:00,8,多云,7.2,60.4,6.4,53
2023-07-22 23:00:00,7,晴天,9.6,79.9,5.8,35
2023-07-23 00:00:00,8,大雨,9.5,67.7,0.2,0
2023-07-23 01:00:00,3,晴天,14.3,72.9,1.0,49
2023-07-23 02:00:00,7,阴天,11.3,70.6,6.6,10
2023-07-23 03:00:00,10,小雨,10.3,76.0,0.8,4
2023-07-23 04:00:00,9,多云,12.1,75.0,16.5,3
2023-07-23 05:00:00,3,大雨,13.5,58.9,0.9,5
2023-07-23 06:00:00,10,大雨,14.9,51.7,4.0,0
2023-07-23 07:00:00,6,晴天,19.1,66.4,1.6,249
2023-07-23 08:00:00,2,晴天,20.4,38.2,0.4,272
2023-07-23 09:00:00,2,阴天,15.6,69.3,0.9,154
2023-07-23 10:00:00,5,晴天,22.5,71.2,3.4,97
2023-07-23 11:00:00,5,晴天,22.1,57.3,1.2,138
2023-07-23 12:00:00,7,多云,19.8,60.7,2.8,121
2023-07-23 13:00:00,2,大雨,15.4,73.7,0.7,0
2023-07-23 14:00:00,7,大雨,20.0,71.2,1.8,44
2023-07-23 15:00:00,5,阴天,17.5,73.9,2.2,90
2023-07-23 16:00:00,6,多云,19.2,71.7,1.6,118
2023-07-23 17:00:00,8,晴天,18.2,61.6,0.7,272
2023-07-23 18:00:00,10,多云,19.0,59.8,1.9,262
2023-07-23 19:00:00,4,大雨,10.5,66.3,3.5,29
2023-07-23 20:00:00,7,晴天,18.9,81.8,10.0,60
2023-07-23 21:00:00,6,晴天,14.2,,4.7,69
2023-07-23 22:00:00,10,晴天,12.8,79.6,0.5,56
2023-07-23 23:00:00,2,多云,15.9,29.5,1.0,2
2023-07-24 00:00:00,8,阴天,11.0,64.8,0.2,28
2023-07-24 01:00:00,10,小雨,13.3,61.2,0.4,10
2023-07-24 02:00:00,9,阴天,11.2,35.0,0.9,15
2023-07-24 03:00:00,5,晴天,14.0,37.3,0.7,57
2023-07-24 04:00:00,10,阴天,16.0,66.9,0.7,70
2023-07-24 05:00:00,4,大雨,16.9,61.6,0.8,0
2023-07-24 06:00:00,6,晴天,10.5,71.9,1.1,41
2023-07-24 07:00:00,8,阴天,15.1,21.0,0.4,286
2023-07-24 08:00:00,3,晴天,21.0,76.0,1.0,456
2023-07-24 09:00:00,10,阴天,20.0,76.2,3.5,299
2023-07-24 10:00:00,1,阴天,19.2,39.3,0.8,154
2023-07-24 11:00:00,4,大雨,21.4,81.1,0.6,42
2023-07-24 12:00:00,4,多云,16.7,86.9,0.2,139
2023-07-24 13:00:00,1,晴天,22.2,40.0,2.1,200
2023-07-24 14:00:00,9,多云,20.4,61.6,5.5,194
2023-07-24 15:00:00,3,多云,18.8,63.0,0.2,183
2023-07-24 16:00:00,5,大雨,17.0,33.0,2.3,18
2023-07-24 17:00:00,6,大雨,17.0,55.0,3.2,61
2023-07-24 18:00:00,8,阴天,14.2,81.1,2.7,195
2023-07-24 19:00:00,6,晴天,12.7,47.1,6.3,381
2023-07-24 20:00:00,3,大雨,17.9,87.4,6.0,38
2023-07-24 21:00:00,6,阴天,6.7,65.5,0.2,104
2023-07-24 22:00:00,1,大雨,6.0,48.1,1.3,5
2023-07-24 23:00:00,4,晴天,12.5,60.7,3.3,41
2023-07-25 00:00:00,6,晴天,6.3,38.0,9.1,32
2023-07-25 01:00:00,7,晴天,4.2,66.4,4.9,8
2023-07-25 02:00:00,10,小雨,13.7,57.1,0.6,28
2023-07-25 03:00:00,3,小雨,15.2,53.6,1.0,18
2023-07-25 04:00:00,9,阴天,8.6,38.3,4.3,46
2023-07-25 05:00:00,7,多云,8.3,58.8,1.9,25
2023-07-25 06:00:00,1,晴天,11.3,63.1,2.4,50
2023-07-25 07:00:00,2,小雨,14.2,39.4,2.8,118
2023-07-25 08:00:00,1,大雨,23.2,76.2,0.3,37
2023-07-25 09:00:00,9,阴天,17.2,64.2,5.8,277
2023-07-25 10:00:00,9,大雨,21.8,47.3,6.0,33
2023-07-25 11:00:00,7,多云,22.0,58.6,1.9,200
2023-07-25 12:00:00,10,小雨,24.0,72.6,3.0,71
2023-07-25 13:00:00,3,阴天,18.0,80.5,3.2,109
2023-07-25 14:00:00,5,多云,19.3,83.8,0.6,144
2023-07-25 15:00:00,4,晴天,17.9,87.0,0.4,153
2023-07-25 16:00:00,7,晴天,19.1,40.0,0.1,195
2023-07-25 17:00:00,9,晴天,19.9,49.3,7.3,474
2023-07-25 18:00:00,2,小雨,21.5,39.0,1.3,175
2023-07-25 19:00:00,8,晴天,12.5,76.4,0.3,337
2023-07-25 20:00:00,9,晴天,12.9,57.4,1.9,94
2023-07-25 21:00:00,10,晴天,14.1,78.9,0.2,113
2023-07-25 22:00:00,10,多云,12.5,38.7,0.3,97
2023-07-25 23:00:00,9,多云,15.3,49.7,2.0,62
2023-07-26 00:00:00,10,小雨,9.7,48.0,2.1,33
2023-07-26 01:00:00,7,晴天,9.0,78.6,2.6,25
2023-07-26 02:00:00,9,晴天,14.8,70.5,3.2,27
2023-07-26 03:00:00,9,多云,,29.6,3.3,22
2023-07-26 04:00:00,3,晴天,14.1,53.0,1.7,36
2023-07-26 05:00:00,4,晴天,13.5,74.4,3.1,29
2023-07-26 06:00:00,2,晴天,17.8,76.7,1.1,48
2023-07-26 07:00:00,10,阴天,13.7,66.2,1.7,211
2023-07-26 08:00:00,3,小雨,16.1,62.7,1.5,174
2023-07-26 09:00:00,5,晴天,10.6,46.0,1.2,310
2023-07-26 10:00:00,5,晴天,17.4,76.1,0.8,187
2023-07-26 11:00:00,6,阴天,22.6,42.0,0.2,148
2023-07-26 12:00:00,7,小雨,20.1,35.8,2.1,88
2023-07-26 13:00:00,7,多云,17.1,63.1,2.3,168
2023-07-26 14:00:00,1,小雨,23.6,53.4,1.2,91
2023-07-26 15:00:00,2,大雨,19.0,70.9,11.2,43
2023-07-26 16:00:00,9,大雨,22.6,67.3,2.4,59
2023-07-26 17:00:00,10,多云,18.9,85.6,6.6,331
2023-07-26 18:00:00,2,多云,15.6,66.1,2.5,426
2023-07-26 19:00:00,6,晴天,19.2,75.9,0.6,474
2023-07-26 20:00:00,1,阴天,11.4,47.2,11.0,92
2023-07-26 21:00:00,3,小雨,8.2,70.7,6.5,61
2023-07-26 22:00:00,2,晴天,15.5,55.9,1.9,133
2023-07-26 23:00:00,3,阴天,12.0,52.6,0.8,16
2023-07-27 00:00:00,5,阴天,14.2,46.5,0.8,19
2023-07-27 01:00:00,10,阴天,12.8,83.1,4.9,27
2023-07-27 02:00:00,6,阴天,15.6,59.9,0.2,17
2023-07-27 03:00:00,9,阴天,9.9,48.2,3.0,20
2023-07-27 04:00:00,10,晴天,11.9,70.2,3.1,56
2023-07-27 05:00:00,4,大雨,13.1,53.4,0.6,16
2023-07-27 06:00:00,7,大雨,14.4,48.0,3.7,0
2023-07-27 07:00:00,6,晴天,11.6,100.0,3.7,240
2023-07-27 08:00:00,2,晴天,18.0,41.9,1.3,454
2023-07-27 09:00:00,10,阴天,20.9,88.0,2.0,251
2023-07-27 10:00:00,8,晴天,17.3,47.8,5.4,194
2023-07-27 11:00:00,7,阴天,17.1,69.4,2.2,118
2023-07-27 12:00:00,7,晴天,19.6,58.5,2.9,184
2023-07-27 13:00:00,8,晴天,22.2,71.0,1.6,210
2023-07-27 14:00:00,1,多云,16.1,39.3,0.5,201
2023-07-27 15:00:00,1,晴天,25.5,37.4,18.7,231
2023-07-27 16:00:00,8,小雨,13.6,71.5,2.3,36
2023-07-27 17:00:00,4,多云,14.6,33.3,1.2,303
2023-07-27 18:00:00,5,晴天,18.4,42.5,3.8,460
2023-07-27 19:00:00,8,晴天,16.6,58.7,2.9,475
2023-07-27 20:00:00,5,多云,15.1,40.6,0.8,94
2023-07-27 21:00:00,10,晴天,9.4,42.5,6.3,95
2023-07-27 22:00:00,4,大雨,9.2,53.8,0.2,2
2023-07-27 23:00:00,6,多云,7.6,27.2,,40
2023-07-28 00:00:00,5,晴天,9.0,39.0,1.9,31
2023-07-28 01:00:00,7,多云,11.3,80.1,1.1,20
2023-07-28 02:00:00,10,晴天,8.1,74.4,5.3,46
2023-07-28 03:00:00,7,晴天,6.2,94.0,3.2,55
2023-07-28 04:00:00,4,晴天,16.0,68.9,4.3,82
2023-07-28 05:00:00,5,阴天,13.2,79.5,1.6,33
2023-07-28 06:00:00,3,阴天,17.2,53.7,8.6,33
2023-07-28 07:00:00,4,大雨,15.4,57.2,1.3,84
2023-07-28 08:00:00,4,晴天,19.1,66.2,2.3,440
2023-07-28 09:00:00,3,晴天,25.5,31.6,8.1,435
2023-07-28 10:00:00,10,多云,15.9,68.2,0.3,147
2023-07-28 11:00:00,5,小雨,17.5,50.6,0.3,96
2023-07-28 12:00:00,5,阴天,17.3,53.2,15.4,145
2023-07-28 13:00:00,7,晴天,26.1,75.0,10.7,189
2023-07-28 14:00:00,4,晴天,19.3,36.7,4.4,192
2023-07-28 15:00:00,4,小雨,21.2,60.8,2.0,86
2023-07-28 16:00:00,9,大雨,9.6,66.7,2.1,0
2023-07-28 17:00:00,6,大雨,17.4,52.0,0.9,70
2023-07-28 18:00:00,4,小雨,13.9,60.6,1.7,130
2023-07-28 19:00:00,2,阴天,17.9,61.3,1.7,316
2023-07-28 20:00:00,6,多云,14.5,73.5,0.1,81
2023-07-28 21:00:00,2,阴天,10.2,57.3,1.8,49
2023-07-28 22:00:00,5,阴天,15.4,41.2,2.0,109
2023-07-28 23:00:00,6,大雨,15.2,51.3,3.3,0
2023-07-29 00:00:00,4,晴天,14.5,54.8,2.2,25
2023-07-29 01:00:00,3,晴天,12.5,48.0,5.9,10
2023-07-29 02:00:00,7,多云,9.8,62.8,1.4,49
2023-07-29 03:00:00,2,多云,12.2,62.1,1.6,20
2023-07-29 04:00:00,6,阴天,11.2,61.3,2.5,0
2023-07-29 05:00:00,4,晴天,14.4,46.5,0.7,31
2023-07-29 06:00:00,6,晴天,13.2,61.9,1.5,7
2023-07-29 07:00:00,4,大雨,15.8,79.3,3.5,53
2023-07-29 08:00:00,4,晴天,23.9,64.4,1.6,262
2023-07-29 09:00:00,4,晴天,19.5,76.1,7.1,275
2023-07-29 10:00:00,9,多云,18.0,61.6,2.9,105
2023-07-29 11:00:00,7,小雨,16.5,50.4,0.5,59
2023-07-29 12:00:00,3,晴天,19.7,72.9,2.0,122
2023-07-29 13:00:00,3,阴天,22.1,38.9,4.3,75
2023-07-29 14:00:00,6,多云,19.7,51.6,3.1,118
2023-07-29 15:00:00,6,阴天,18.4,57.9,6.5,65
2023-07-29 16:00:00,4,多云,18.8,69.8,4.2,102
2023-07-29 17:00:00,9,晴天,17.5,79.1,0.2,275
2023-07-29 18:00:00,4,晴天,17.1,72.7,0.4,296
2023-07-29 19:00:00,9,晴天,15.9,71.2,3.1,269
2023-07-29 20:00:00,4,多云,12.2,73.0,0.8,46
2023-07-29 21:00:00,2,晴天,11.0,75.1,2.7,63
2023-07-29 22:00:00,2,多云,10.7,42.9,4.7,75
2023-07-29 23:00:00,5,多云,11.9,93.1,2.6,7
2023-07-30 00:00:00,4,晴天,13.4,76.6,1.6,17
2023-07-30 01:00:00,7,晴天,9.2,57.3,3.1,3
2023-07-30 02:00:00,5,大雨,10.2,65.6,0.5,0
2023-07-30 03:00:00,6,阴天,9.0,40.3,3.9,22
2023-07-30 04:00:00,10,晴天,8.0,56.1,3.6,23
2023-07-30 05:00:00,4,晴天,10.0,54.9,2.2,24
2023-07-30 06:00:00,2,阴天,12.0,53.6,1.0,42
2023-07-30 07:00:00,10,晴天,14.3,72.2,4.8,169
2023-07-30 08:00:00,9,阴天,18.9,61.6,2.1,210
2023-07-30 09:00:00,10,晴天,15.3,42.1,0.2,271
2023-07-30 10:00:00,7,阴天,19.4,42.4,7.5,79
2023-07-30 11:00:00,4,晴天,22.3,30.5,4.4,127
2023-07-30 12:00:00,3,阴天,17.5,73.2,2.6,73
2023-07-30 13:00:00,10,晴天,18.4,56.6,1.7,126
2023-07-30 14:00:00,3,小雨,15.4,71.3,9.6,79
2023-07-30 15:00:00,9,晴天,15.7,100.0,4.5,87
2023-07-30 16:00:00,5,晴天,21.6,46.5,2.3,118
2023-07-30 17:00:00,3,大雨,17.8,64.9,3.2,32
2023-07-30 18:00:00,5,多云,21.4,81.6,1.0,183
2023-07-30 19:00:00,2,阴天,11.5,52.7,0.7,145
2023-07-30 20:00:00,4,多云,17.0,54.9,1.0,52
2023-07-30 21:00:00,10,阴天,9.3,68.0,1.0,39
2023-07-30 22:00:00,2,多云,9.2,98.1,4.0,43
2023-07-30 23:00:00,2,阴天,18.3,69.5,0.5,15
2023-07-31 00:00:00,8,阴天,7.5,47.4,4.5,0
2023-07-31 01:00:00,1,晴天,14.9,49.2,2.2,36
2023-07-31 02:00:00,7,阴天,10.6,52.7,1.5,26
2023-07-31 03:00:00,5,大雨,8.2,32.7,1.1,34
2023-07-31 04:00:00,8,晴天,8.2,57.6,2.2,39
2023-07-31 05:00:00,1,小雨,14.0,60.1,1.1,29
2023-07-31 06:00:00,7,晴天,11.6,60.7,1.7,32
2023-07-31 07:00:00,5,大雨,15.4,38.3,4.0,84
2023-07-31 08:00:00,4,晴天,11.8,65.2,3.0,310
2023-07-31 09:00:00,7,晴天,19.6,45.2,4.1,430
2023-07-31 10:00:00,10,多云,14.7,56.4,3.7,144
2023-07-31 11:00:00,2,多云,19.6,48.9,5.1,182
2023-07-31 12:00:00,1,阴天,15.8,77.3,0.7,172
2023-07-31 13:00:00,1,阴天,23.5,49.7,16.0,131
2023-07-31 14:00:00,1,多云,13.0,80.2,1.9,126
2023-07-31 15:00:00,5,晴天,17.7,62.0,3.8,220
2023-07-31 16:00:00,10,小雨,19.2,66.3,3.4,78
2023-07-31 17:00:00,7,多云,17.4,61.2,2.5,427
2023-07-31 18:00:00,2,多云,11.3,47.2,16.4,305
2023-07-31 19:00:00,10,晴天,8.5,66.1,0.7,364
2023-07-31 20:00:00,8,多云,14.8,53.6,1.6,87
2023-07-31 21:00:00,4,晴天,11.1,64.8,0.4,84
2023-07-31 22:00:00,3,大雨,7.5,69.1,0.6,27
2023-07-31 23:00:00,10,多云,12.6,88.6,3.7,35
2023-08-01 00:00:00,8,阴天,3.3,67.1,0.0,6
2023-08-01 01:00:00,2,多云,3.2,74.3,6.6,36
2023-08-01 02:00:00,3,晴天,3.1,69.9,3.0,5
2023-08-01 03:00:00,3,阴天,4.2,56.6,1.7,0
2023-08-01 04:00:00,10,多云,5.1,70.2,1.2,61
2023-08-01 05:00:00,1,晴天,9.7,58.1,0.4,54
2023-08-01 06:00:00,6,小雨,14.7,53.8,7.6,24
2023-08-01 07:00:00,2,多云,7.1,43.7,3.7,269
2023-08-01 08:00:00,1,大雨,11.5,69.8,1.2,55
2023-08-01 09:00:00,2,多云,13.0,51.5,0.2,256
2023-08-01 10:00:00,6,小雨,15.7,69.4,1.2,74
2023-08-01 11:00:00,4,晴天,17.8,60.1,0.6,189
2023-08-01 12:00:00,6,多云,14.5,55.7,4.6,135
2023-08-01 13:00:00,9,阴天,12.9,47.0,3.8,121
2023-08-01 14:00:00,10,大雨,16.1,79.5,2.1,15
2023-08-01 15:00:00,10,晴天,8.6,54.1,6.5,166
2023-08-01 16:00:00,8,晴天,6.1,83.8,0.6,127
2023-08-01 17:00:00,1,晴天,19.1,47.7,1.8,483
2023-08-01 18:00:00,8,小雨,7.6,82.6,3.7,108
2023-08-01 19:00:00,9,大雨,7.5,61.3,0.2,66
2023-08-01 20:00:00,6,小雨,9.1,72.9,1.4,29
2023-08-01 21:00:00,10,多云,7.5,40.5,2.5,62
2023-08-01 22:00:00,5,大雨,8.3,40.4,1.4,0
2023-08-01 23:00:00,6,多云,8.0,63.9,2.0,25
2023-08-02 00:00:00,6,晴天,0.7,44.8,2.8,0
2023-08-02 01:00:00,9,多云,9.0,79.9,1.4,56
2023-08-02 02:00:00,4,阴天,7.2,65.5,0.3,25
2023-08-02 03:00:00,2,大雨,7.6,50.3,0.5,19
2023-08-02 04:00:00,9,多云,8.8,46.2,2.2,44
2023-08-02 05:00:00,2,小雨,2.0,55.7,0.6,4
2023-08-02 06:00:00,10,阴天,9.4,51.5,6.6,80
2023-08-02 07:00:00,9,多云,8.4,67.4,5.4,318
2023-08-02 08:00:00,2,晴天,9.2,58.8,1.3,345
2023-08-02 09:00:00,8,阴天,12.1,77.5,5.3,211
2023-08-02 10:00:00,9,阴天,16.8,69.5,2.3,161
2023-08-02 11:00:00,10,晴天,15.7,47.0,0.5,176
2023-08-02 12:00:00,9,多云,16.3,53.6,2.9,192
2023-08-02 13:00:00,10,多云,13.5,47.0,3.4,93
2023-08-02 14:00:00,9,晴天,15.5,47.0,0.3,198
2023-08-02 15:00:00,2,阴天,12.9,33.1,1.1,126
2023-08-02 16:00:00,4,多云,15.3,74.1,0.0,177
2023-08-02 17:00:00,7,阴天,13.4,79.4,1.1,229
2023-08-02 18:00:00,2,晴天,10.5,45.2,1.2,366
2023-08-02 19:00:00,1,多云,6.3,43.7,3.0,313
2023-08-02 20:00:00,3,晴天,8.3,68.4,0.7,107
2023-08-02 21:00:00,4,大雨,7.2,47.7,0.1,9
2023-08-02 22:00:00,8,多云,6.0,79.1,1.1,100
2023-08-02 23:00:00,6,小雨,3.7,49.2,5.2,21
2023-08-03 00:00:00,2,晴天,3.0,27.9,1.5,9
2023-08-03 01:00:00,9,晴天,6.1,58.0,1.6,61
2023-08-03 02:00:00,2,晴天,3.1,51.1,1.9,9
2023-08-03 03:00:00,5,晴天,5.7,62.2,4.2,31
2023-08-03 04:00:00,4,小雨,9.3,54.8,2.0,35
2023-08-03 05:00:00,7,多云,10.0,68.6,0.3,52
2023-08-03 06:00:00,8,小雨,6.5,66.3,0.7,5
2023-08-03 07:00:00,5,多云,12.2,64.9,0.6,263
2023-08-03 08:00:00,10,晴天,18.6,62.9,2.1,448
2023-08-03 09:00:00,5,晴天,15.6,60.0,0.1,420
2023-08-03 10:00:00,2,晴天,13.5,39.0,1.0,156
2023-08-03 11:00:00,8,大雨,18.8,65.8,2.8,27
2023-08-03 12:00:00,2,小雨,21.6,71.0,1.3,97
2023-08-03 13:00:00,10,晴天,17.4,65.2,3.7,234
2023-08-03 14:00:00,6,晴天,9.1,57.0,1.5,157
2023-08-03 15:00:00,8,阴天,15.4,68.9,11.6,176
2023-08-03 16:00:00,6,小雨,16.5,63.5,10.1,69
2023-08-03 17:00:00,4,小雨,5.1,70.7,4.8,135
2023-08-03 18:00:00,4,多云,12.8,58.7,9.3,318
2023-08-03 19:00:00,6,晴天,8.1,38.6,,351
2023-08-03 20:00:00,4,阴天,11.4,57.3,4.2,81
2023-08-03 21:00:00,8,大雨,6.3,45.8,1.2,8
2023-08-03 22:00:00,9,晴天,6.7,53.0,3.9,80
2023-08-03 23:00:00,1,大雨,6.3,61.3,1.4,0
2023-08-04 00:00:00,4,大雨,7.1,74.9,1.0,1
2023-08-04 01:00:00,4,晴天,6.5,70.0,9.6,45
2023-08-04 02:00:00,2,多云,3.0,63.1,0.7,0
2023-08-04 03:00:00,6,晴天,5.7,78.7,4.3,41
2023-08-04 04:00:00,3,晴天,7.5,60.7,3.4,41
2023-08-04 05:00:00,7,小雨,12.4,63.0,1.1,12
2023-08-04 06:00:00,5,晴天,11.5,54.3,1.8,25
2023-08-04 07:00:00,4,大雨,9.3,44.0,0.5,53
2023-08-04 08:00:00,5,阴天,9.7,68.4,7.6,222
2023-08-04 09:00:00,8,晴天,15.5,36.5,10.3,437
2023-08-04 10:00:00,3,多云,12.9,46.0,4.0,112
2023-08-04 11:00:00,7,大雨,17.1,62.7,5.7,32
2023-08-04 12:00:00,6,大雨,14.8,47.3,0.3,4
2023-08-04 13:00:00,1,大雨,19.2,60.3,1.5,27
2023-08-04 14:00:00,7,晴天,12.1,62.2,1.2,139
2023-08-04 15:00:00,7,多云,17.9,51.6,2.5,157
2023-08-04 16:00:00,1,多云,15.5,60.8,0.6,171
2023-08-04 17:00:00,9,阴天,10.0,60.6,2.5,243
2023-08-04 18:00:00,6,晴天,7.4,42.9,3.2,386
2023-08-04 19:00:00,2,阴天,14.5,68.2,0.4,269
2023-08-04 20:00:00,5,晴天,4.8,29.5,0.4,43
2023-08-04 21:00:00,4,阴天,7.4,88.2,0.1,69
2023-08-04 22:00:00,7,小雨,6.7,68.0,4.3,41
2023-08-04 23:00:00,8,多云,5.2,75.3,1.2,52
2023-08-05 00:00:00,1,小雨,7.3,69.9,0.8,4
2023-08-05 01:00:00,5,晴天,2.4,59.4,4.5,38
2023-08-05 02:00:00,3,晴天,11.5,48.4,0.5,9
2023-08-05 03:00:00,1,晴天,4.0,59.6,1.7,0
2023-08-05 04:00:00,3,晴天,7.1,72.5,4.1,2
2023-08-05 05:00:00,6,晴天,4.4,47.7,2.6,0
2023-08-05 06:00:00,7,大雨,13.1,62.4,2.4,0
2023-08-05 07:00:00,8,小雨,17.0,32.8,0.5,100
2023-08-05 08:00:00,4,晴天,18.5,47.9,0.6,266
2023-08-05 09:00:00,3,阴天,16.9,47.1,2.6,176
2023-08-05 10:00:00,5,小雨,13.2,85.2,0.1,8
2023-08-05 11:00:00,9,阴天,14.8,39.9,6.1,57
2023-08-05 12:00:00,6,小雨,14.0,66.0,1.3,48
2023-08-05 13:00:00,9,晴天,11.2,83.9,1.6,69
2023-08-05 14:00:00,6,多云,13.4,75.1,0.9,67
2023-08-05 15:00:00,2,小雨,16.3,82.8,6.3,14
2023-08-05 16:00:00,5,晴天,9.9,85.0,3.1,68
2023-08-05 17:00:00,9,晴天,4.5,60.8,1.8,54
2023-08-05 18:00:00,8,晴天,6.2,,2.6,217
2023-08-05 19:00:00,7,晴天,11.2,62.9,1.4,225
2023-08-05 20:00:00,1,多云,2.3,67.2,1.9,11
2023-08-05 21:00:00,4,多云,5.0,66.3,1.3,55
2023-08-05 22:00:00,7,晴天,4.5,85.8,1.6,22
2023-08-05 23:00:00,7,小雨,5.9,64.4,1.1,0
2023-08-06 00:00:00,6,多云,5.7,45.7,0.2,48
2023-08-06 01:00:00,8,晴天,6.4,68.9,0.1,12
2023-08-06 02:00:00,6,晴天,5.2,71.0,0.6,31
2023-08-06 03:00:00,10,晴天,3.6,47.7,0.9,0
2023-08-06 04:00:00,3,多云,10.2,47.1,6.6,21
2023-08-06 05:00:00,4,晴天,3.4,74.3,2.8,9
2023-08-06 06:00:00,3,多云,12.3,52.0,9.5,44
2023-08-06 07:00:00,1,小雨,14.7,53.8,1.2,71
2023-08-06 08:00:00,10,多云,19.5,53.1,1.5,233
2023-08-06 09:00:00,5,晴天,11.3,63.7,3.8,199
2023-08-06 10:00:00,1,晴天,12.6,76.5,2.6,121
2023-08-06 11:00:00,1,小雨,15.0,70.0,2.3,9
2023-08-06 12:00:00,2,阴天,14.9,53.1,2.6,72
2023-08-06 13:00:00,4,大雨,17.3,80.1,2.6,0
2023-08-06 14:00:00,6,多云,15.9,73.0,4.4,102
2023-08-06 15:00:00,8,多云,12.5,74.9,3.3,94
2023-08-06 16:00:00,3,多云,12.2,74.4,9.5,100
2023-08-06 17:00:00,1,阴天,14.1,52.3,8.9,162
2023-08-06 18:00:00,3,晴天,6.2,46.2,1.6,214
2023-08-06 19:00:00,3,阴天,8.0,54.9,0.1,159
2023-08-06 20:00:00,5,小雨,9.2,74.9,0.0,61
2023-08-06 21:00:00,4,小雨,3.3,42.3,0.4,8
2023-08-06 22:00:00,4,晴天,-5.0,40.3,0.2,33
2023-08-06 23:00:00,9,小雨,9.5,32.8,1.4,2
2023-08-07 00:00:00,7,多云,4.9,41.2,0.2,25
2023-08-07 01:00:00,4,晴天,1.4,48.2,2.9,25
2023-08-07 02:00:00,3,晴天,8.4,61.9,0.6,29
2023-08-07 03:00:00,6,阴天,5.8,42.7,2.2,38
2023-08-07 04:00:00,3,多云,4.4,69.9,0.3,22
2023-08-07 05:00:00,6,多云,9.8,60.7,5.3,44
2023-08-07 06:00:00,9,晴天,10.2,29.4,4.5,38
2023-08-07 07:00:00,6,小雨,9.5,59.7,1.5,143
2023-08-07 08:00:00,4,小雨,10.2,62.1,7.2,110
2023-08-07 09:00:00,5,小雨,10.5,88.7,0.6,100
2023-08-07 10:00:00,6,多云,16.5,63.6,5.0,173
2023-08-07 11:00:00,3,多云,11.1,33.5,2.4,149
2023-08-07 12:00:00,8,多云,12.6,63.4,1.2,117
2023-08-07 13:00:00,4,晴天,15.1,62.6,0.3,206
2023-08-07 14:00:00,8,阴天,18.7,69.1,0.6,133
2023-08-07 15:00:00,10,多云,13.9,99.6,6.0,107
2023-08-07 16:00:00,10,晴天,14.3,52.0,2.8,161
2023-08-07 17:00:00,3,多云,11.6,50.2,0.8,288
2023-08-07 18:00:00,10,大雨,12.7,67.0,2.1,74
2023-08-07 19:00:00,7,晴天,14.5,87.4,0.3,297
2023-08-07 20:00:00,9,晴天,6.2,70.1,0.3,91
2023-08-07 21:00:00,4,小雨,6.5,54.9,7.2,34
2023-08-07 22:00:00,8,晴天,6.2,74.8,1.8,126
2023-08-07 23:00:00,3,大雨,6.8,86.9,1.3,11
2023-08-08 00:00:00,7,晴天,5.4,48.5,8.9,24
2023-08-08 01:00:00,3,大雨,3.5,45.0,1.5,0
2023-08-08 02:00:00,7,晴天,5.6,60.8,1.2,48
2023-08-08 03:00:00,10,晴天,13.8,64.5,1.0,50
2023-08-08 04:00:00,10,阴天,8.4,80.8,2.5,27
2023-08-08 05:00:00,6,多云,3.0,53.0,2.5,5
2023-08-08 06:00:00,2,多云,8.8,66.0,0.0,45
2023-08-08 07:00:00,3,晴天,11.3,83.4,3.2,255
2023-08-08 08:00:00,6,小雨,12.1,63.4,4.7,112
2023-08-08 09:00:00,4,多云,13.3,54.1,2.9,298
2023-08-08 10:00:00,6,阴天,15.2,68.6,6.1,147
2023-08-08 11:00:00,1,阴天,16.4,55.0,1.0,128
2023-08-08 12:00:00,10,小雨,15.8,65.1,0.6,80
2023-08-08 13:00:00,1,多云,17.7,57.2,3.6,172
2023-08-08 14:00:00,3,多云,9.8,57.8,0.6,126
2023-08-08 15:00:00,8,小雨,12.8,,0.3,63
2023-08-08 16:00:00,8,晴天,13.8,51.4,0.3,142
2023-08-08 17:00:00,4,晴天,12.1,74.9,4.4,377
2023-08-08 18:00:00,6,晴天,8.0,62.8,0.1,363
2023-08-08 19:00:00,8,晴天,7.1,79.1,1.0,339
2023-08-08 20:00:00,7,晴天,5.0,26.2,0.4,27
2023-08-08 21:00:00,7,多云,9.4,52.2,4.2,78
2023-08-08 22:00:00,4,大雨,0.1,48.9,2.1,0
2023-08-08 23:00:00,9,多云,1.3,56.2,0.7,7
2023-08-09 00:00:00,10,晴天,6.3,44.5,4.2,54
2023-08-09 01:00:00,6,晴天,6.8,35.9,4.2,37
2023-08-09 02:00:00,3,多云,0.9,70.1,2.2,20
2023-08-09 03:00:00,5,晴天,8.3,51.1,1.0,39
2023-08-09 04:00:00,5,小雨,8.0,68.3,2.6,8
2023-08-09 05:00:00,5,阴天,10.3,42.3,8.1,16
2023-08-09 06:00:00,8,晴天,10.2,35.5,0.2,19
2023-08-09 07:00:00,9,晴天,12.6,63.6,0.9,338
2023-08-09 08:00:00,9,多云,13.9,69.5,1.0,285
2023-08-09 09:00:00,6,阴天,15.0,50.8,3.0,220
2023-08-09 10:00:00,6,大雨,15.1,44.7,3.2,0
2023-08-09 11:00:00,9,阴天,14.6,78.7,0.7,115
2023-08-09 12:00:00,4,晴天,14.8,59.1,0.7,142
2023-08-09 13:00:00,6,阴天,15.5,45.0,7.9,142
2023-08-09 14:00:00,4,晴天,16.8,37.5,4.2,179
2023-08-09 15:00:00,1,晴天,19.4,49.7,8.2,204
2023-08-09 16:00:00,7,阴天,14.1,54.1,5.3,106
2023-08-09 17:00:00,10,阴天,12.4,71.4,1.5,215
2023-08-09 18:00:00,6,晴天,13.6,59.7,0.4,388
2023-08-09 19:00:00,9,晴天,9.9,58.0,3.0,359
2023-08-09 20:00:00,7,晴天,4.3,46.3,1.3,27
2023-08-09 21:00:00,7,晴天,4.3,80.7,1.7,32
2023-08-09 22:00:00,2,晴天,11.2,74.6,1.7,103
2023-08-09 23:00:00,9,阴天,3.0,73.5,8.3,13
2023-08-10 00:00:00,10,小雨,6.7,59.1,0.2,0
2023-08-10 01:00:00,9,大雨,2.2,66.0,0.6,0
2023-08-10 02:00:00,6,大雨,9.5,21.4,2.8,0
2023-08-10 03:00:00,3,多云,5.1,63.0,6.5,29
2023-08-10 04:00:00,1,大雨,7.7,88.8,7.5,26
2023-08-10 05:00:00,4,多云,8.0,51.3,2.5,10
2023-08-10 06:00:00,3,晴天,11.5,45.2,0.1,33
2023-08-10 07:00:00,1,多云,11.8,57.9,1.4,243
2023-08-10 08:00:00,3,多云,,47.1,7.5,357
2023-08-10 09:00:00,4,大雨,15.5,46.1,2.1,71
2023-08-10 10:00:00,8,阴天,15.2,64.0,3.9,146
2023-08-10 11:00:00,9,多云,16.8,72.4,0.9,162
2023-08-10 12:00:00,3,大雨,17.1,64.1,0.1,0
2023-08-10 13:00:00,6,晴天,13.6,42.8,2.6,137
2023-08-10 14:00:00,10,大雨,12.9,50.0,5.4,42
2023-08-10 15:00:00,5,多云,18.2,64.8,13.9,184
2023-08-10 16:00:00,6,晴天,14.6,69.9,5.6,154
2023-08-10 17:00:00,4,多云,12.5,56.9,2.4,310
2023-08-10 18:00:00,10,小雨,7.6,46.6,2.8,124
2023-08-10 19:00:00,6,晴天,3.3,71.6,5.2,128
2023-08-10 20:00:00,7,阴天,6.6,87.2,0.1,46
2023-08-10 21:00:00,9,晴天,5.1,76.9,9.1,110
2023-08-10 22:00:00,10,阴天,4.7,89.8,2.3,0
2023-08-10 23:00:00,7,小雨,7.7,50.7,9.1,12
2023-08-11 00:00:00,6,晴天,9.6,75.5,4.3,57
2023-08-11 01:00:00,1,多云,8.5,79.3,0.5,18
2023-08-11 02:00:00,2,小雨,3.9,52.7,0.5,15
2023-08-11 03:00:00,1,小雨,8.1,47.6,1.3,0
2023-08-11 04:00:00,9,小雨,6.0,45.6,0.9,1
2023-08-11 05:00:00,10,多云,3.2,58.6,1.7,9
2023-08-11 06:00:00,10,多云,9.8,37.4,2.8,47
2023-08-11 07:00:00,9,阴天,15.1,85.3,1.7,229
2023-08-11 08:00:00,7,晴天,11.5,40.7,0.2,334
2023-08-11 09:00:00,2,多云,16.0,66.3,11.1,374
2023-08-11 10:00:00,6,晴天,12.3,26.1,1.7,144
2023-08-11 11:00:00,4,大雨,16.9,90.7,5.7,2
2023-08-11 12:00:00,1,大雨,14.3,78.7,0.2,18
2023-08-11 13:00:00,1,晴天,19.4,36.1,5.0,221
2023-08-11 14:00:00,5,晴天,13.4,64.6,0.6,143
2023-08-11 15:00:00,2,晴天,11.9,56.4,3.4,171
2023-08-11 16:00:00,4,多云,16.9,62.3,3.3,167
2023-08-11 17:00:00,1,多云,9.6,69.5,7.2,334
2023-08-11 18:00:00,4,阴天,10.6,48.0,1.2,285
2023-08-11 19:00:00,6,多云,7.0,59.2,0.3,323
2023-08-11 20:00:00,10,晴天,10.3,32.9,6.0,79
2023-08-11 21:00:00,4,阴天,10.4,61.2,1.2,35
2023-08-11 22:00:00,1,多云,3.6,29.1,0.8,27
2023-08-11 23:00:00,7,多云,6.8,79.6,2.0,46
2023-08-12 00:00:00,2,晴天,6.9,38.0,0.5,30
2023-08-12 01:00:00,9,多云,5.5,64.4,1.1,8
2023-08-12 02:00:00,3,阴天,10.2,72.4,1.5,0
2023-08-12 03:00:00,8,多云,11.0,88.0,1.0,29
2023-08-12 04:00:00,8,晴天,4.9,86.6,1.8,33
2023-08-12 05:00:00,3,小雨,12.3,80.9,1.5,0
2023-08-12 06:00:00,4,阴天,11.5,59.8,4.5,28
2023-08-12 07:00:00,2,晴天,12.0,76.7,7.5,234
2023-08-12 08:00:00,4,多云,11.8,64.1,0.3,162
2023-08-12 09:00:00,9,阴天,9.1,65.4,5.2,132
2023-08-12 10:00:00,2,晴天,15.2,50.7,8.1,130
2023-08-12 11:00:00,3,小雨,15.8,86.1,3.5,33
2023-08-12 12:00:00,4,小雨,21.0,48.0,16.9,66
2023-08-12 13:00:00,5,小雨,12.8,43.9,1.2,29
2023-08-12 14:00:00,1,多云,9.5,66.1,5.3,78
2023-08-12 15:00:00,7,晴天,10.0,33.1,3.4,71
2023-08-12 16:00:00,10,小雨,17.3,61.8,1.2,43
2023-08-12 17:00:00,7,晴天,10.0,84.5,3.7,159
2023-08-12 18:00:00,9,多云,14.1,66.2,2.1,189
2023-08-12 19:00:00,4,晴天,8.7,60.5,0.6,193
2023-08-12 20:00:00,6,晴天,4.6,47.4,0.6,33
2023-08-12 21:00:00,2,阴天,12.5,37.5,3.7,30
2023-08-12 22:00:00,4,多云,9.6,73.0,3.7,79
2023-08-12 23:00:00,2,阴天,4.6,60.4,2.3,25
2023-08-13 00:00:00,10,晴天,8.0,69.4,2.1,31
2023-08-13 01:00:00,5,多云,5.5,27.1,0.6,0
2023-08-13 02:00:00,7,晴天,7.0,71.0,1.7,13
2023-08-13 03:00:00,1,大雨,11.8,89.8,6.2,0
2023-08-13 04:00:00,10,大雨,2.9,80.1,5.8,0
2023-08-13 05:00:00,10,晴天,7.6,64.4,3.2,47
2023-08-13 06:00:00,7,阴天,10.1,44.3,17.8,13
2023-08-13 07:00:00,10,晴天,12.3,61.8,6.7,185
2023-08-13 08:00:00,6,小雨,8.8,62.3,0.5,63
2023-08-13 09:00:00,6,阴天,16.3,52.6,1.5,167
2023-08-13 10:00:00,8,阴天,10.9,53.7,0.4,72
2023-08-13 11:00:00,8,阴天,11.1,91.5,1.9,27
2023-08-13 12:00:00,6,晴天,14.2,45.5,4.5,95
2023-08-13 13:00:00,3,晴天,20.5,53.6,0.5,128
2023-08-13 14:00:00,5,晴天,22.0,68.4,6.4,95
2023-08-13 15:00:00,2,多云,15.0,92.7,2.5,61
2023-08-13 16:00:00,5,大雨,11.8,55.5,4.1,13
2023-08-13 17:00:00,9,晴天,11.8,33.0,0.1,240
2023-08-13 18:00:00,10,小雨,11.0,28.0,0.3,102
2023-08-13 19:00:00,1,晴天,13.1,97.8,2.9,165
2023-08-13 20:00:00,10,晴天,3.8,31.4,5.5,39
2023-08-13 21:00:00,5,小雨,10.0,61.1,6.2,19
2023-08-13 22:00:00,6,多云,1.4,37.3,3.5,10
2023-08-13 23:00:00,7,大雨,3.7,48.2,0.7,2
2023-08-14 00:00:00,9,晴天,5.0,50.3,0.7,24
2023-08-14 01:00:00,6,大雨,6.4,30.7,6.4,0
2023-08-14 02:00:00,5,晴天,5.7,78.3,0.4,33
2023-08-14 03:00:00,7,晴天,7.0,66.5,3.5,20
2023-08-14 04:00:00,1,小雨,7.6,53.6,2.3,20
2023-08-14 05:00:00,5,阴天,4.1,51.4,1.6,22
2023-08-14 06:00:00,2,晴天,11.7,76.3,1.7,53
2023-08-14 07:00:00,4,晴天,13.7,61.3,8.7,304
2023-08-14 08:00:00,7,多云,16.5,91.3,5.9,280
2023-08-14 09:00:00,5,晴天,19.1,53.3,6.0,441
2023-08-14 10:00:00,6,大雨,15.6,66.4,1.6,34
2023-08-14 11:00:00,2,大雨,19.1,41.5,0.3,31
2023-08-14 12:00:00,3,晴天,15.1,53.5,18.4,202
2023-08-14 13:00:00,7,多云,10.5,75.6,0.5,140
2023-08-14 14:00:00,2,大雨,17.2,77.7,2.2,35
2023-08-14 15:00:00,6,晴天,15.8,87.6,0.9,153
2023-08-14 16:00:00,5,小雨,12.5,66.7,2.1,73
2023-08-14 17:00:00,10,晴天,11.1,78.5,1.1,345
2023-08-14 18:00:00,1,小雨,11.4,69.4,6.8,159
2023-08-14 19:00:00,10,晴天,7.7,53.8,10.4,350
2023-08-14 20:00:00,4,大雨,8.8,37.3,1.6,24
2023-08-14 21:00:00,2,多云,3.7,56.5,0.2,23
2023-08-14 22:00:00,4,晴天,3.2,42.8,3.3,24
2023-08-14 23:00:00,1,大雨,1.2,75.8,1.4,22
2023-08-15 00:00:00,2,晴天,11.7,76.7,12.8,50
2023-08-15 01:00:00,8,多云,5.4,44.8,0.3,32
2023-08-15 02:00:00,6,多云,9.3,76.7,0.4,59
2023-08-15 03:00:00,2,晴天,3.2,42.3,3.6,26
2023-08-15 04:00:00,6,阴天,7.0,81.7,4.3,9
2023-08-15 05:00:00,10,大雨,10.4,57.6,1.9,0
2023-08-15 06:00:00,9,晴天,14.4,66.9,1.0,40
2023-08-15 07:00:00,7,小雨,9.5,81.7,1.1,120
2023-08-15 08:00:00,9,多云,11.3,69.0,1.2,284
2023-08-15 09:00:00,5,阴天,11.2,58.0,0.8,248
2023-08-15 10:00:00,7,晴天,14.0,73.1,5.7,147
2023-08-15 11:00:00,7,多云,11.8,45.5,0.2,130
2023-08-15 12:00:00,3,多云,10.7,31.1,1.6,130
2023-08-15 13:00:00,7,多云,15.6,77.2,4.1,175
2023-08-15 14:00:00,1,多云,16.3,40.3,0.0,183
2023-08-15 15:00:00,9,晴天,10.1,73.8,6.3,180
2023-08-15 16:00:00,10,大雨,10.5,62.1,3.7,51
2023-08-15 17:00:00,6,多云,11.0,59.8,,332
2023-08-15 18:00:00,5,阴天,15.1,45.8,6.8,337
2023-08-15 19:00:00,7,晴天,0.2,53.2,2.0,104
2023-08-15 20:00:00,5,小雨,8.8,60.2,3.2,43
2023-08-15 21:00:00,10,阴天,8.5,63.0,6.4,81
2023-08-15 22:00:00,5,小雨,3.5,46.5,6.4,14
2023-08-15 23:00:00,10,阴天,4.1,71.2,1.6,0
2023-08-16 00:00:00,7,大雨,6.0,72.1,0.8,0
2023-08-16 01:00:00,10,多云,5.1,67.3,0.9,46
2023-08-16 02:00:00,7,小雨,10.8,53.4,4.4,11
2023-08-16 03:00:00,3,晴天,6.8,72.9,8.0,39
2023-08-16 04:00:00,3,多云,10.1,69.3,0.2,31
2023-08-16 05:00:00,10,晴天,10.1,30.7,0.0,25
2023-08-16 06:00:00,3,小雨,12.1,63.2,5.2,12
2023-08-16 07:00:00,6,多云,9.0,89.0,1.5,213
2023-08-16 08:00:00,6,多云,13.1,74.6,1.0,264
2023-08-16 09:00:00,3,晴天,13.3,77.3,0.6,309
2023-08-16 10:00:00,3,阴天,12.2,49.5,1.3,106
2023-08-16 11:00:00,8,晴天,17.6,61.9,10.7,212
2023-08-16 12:00:00,8,晴天,9.0,57.3,11.3,172
2023-08-16 13:00:00,7,晴天,18.9,60.0,1.2,181
2023-08-16 14:00:00,10,阴天,7.7,52.3,9.9,132
2023-08-16 15:00:00,4,阴天,13.1,41.5,1.1,112
2023-08-16 16:00:00,4,小雨,15.3,61.0,5.8,61
2023-08-16 17:00:00,3,阴天,7.7,48.3,0.7,245
2023-08-16 18:00:00,5,晴天,11.3,68.8,5.3,335
2023-08-16 19:00:00,3,阴天,9.7,59.5,1.3,227
2023-08-16 20:00:00,8,晴天,8.5,31.1,0.7,129
2023-08-16 21:00:00,7,晴天,5.4,80.7,8.2,72
2023-08-16 22:00:00,3,晴天,4.3,66.5,0.7,39
2023-08-16 23:00:00,9,多云,0.5,53.1,14.4,8
2023-08-17 00:00:00,5,大雨,4.7,55.0,0.3,2
2023-08-17 01:00:00,9,多云,7.9,41.6,0.0,38
2023-08-17 02:00:00,7,阴天,4.3,59.1,6.1,0
2023-08-17 03:00:00,7,多云,5.2,70.2,2.7,52
2023-08-17 04:00:00,6,晴天,12.3,86.2,1.6,29
2023-08-17 05:00:00,2,多云,8.2,58.7,0.3,25
2023-08-17 06:00:00,9,小雨,11.1,60.7,2.6,22
2023-08-17 07:00:00,6,大雨,12.9,77.9,1.5,39
2023-08-17 08:00:00,8,多云,12.0,42.6,2.0,278
2023-08-17 09:00:00,1,多云,15.6,62.2,3.0,355
2023-08-17 10:00:00,5,晴天,17.3,48.7,3.1,213
2023-08-17 11:00:00,1,小雨,17.5,62.0,9.7,74
2023-08-17 12:00:00,10,阴天,18.0,74.1,3.2,124
2023-08-17 13:00:00,8,晴天,8.6,35.2,1.2,161
2023-08-17 14:00:00,8,阴天,10.8,76.7,1.2,103
2023-08-17 15:00:00,1,多云,12.0,65.4,1.9,104
2023-08-17 16:00:00,9,晴天,10.1,62.1,0.9,158
2023-08-17 17:00:00,2,阴天,9.1,80.2,1.4,193
2023-08-17 18:00:00,9,多云,12.7,48.1,5.5,313
2023-08-17 19:00:00,1,晴天,9.0,39.9,5.9,351
2023-08-17 20:00:00,10,晴天,7.1,44.6,3.0,85
2023-08-17 21:00:00,9,晴天,5.8,68.0,2.6,121
2023-08-17 22:00:00,4,大雨,4.5,52.6,1.7,17
2023-08-17 23:00:00,9,小雨,4.4,46.9,3.0,4
2023-08-18 00:00:00,7,阴天,9.2,45.3,4.9,33
2023-08-18 01:00:00,6,晴天,-0.1,62.6,4.0,23
2023-08-18 02:00:00,5,晴天,9.5,59.6,0.1,38
2023-08-18 03:00:00,9,晴天,13.3,38.7,3.9,20
2023-08-18 04:00:00,2,多云,11.3,39.2,3.8,37
2023-08-18 05:00:00,2,阴天,5.7,52.1,0.3,42
2023-08-18 06:00:00,9,小雨,8.5,73.8,0.5,23
2023-08-18 07:00:00,3,晴天,14.4,53.6,4.7,325
2023-08-18 08:00:00,8,阴天,11.8,37.9,2.5,233
2023-08-18 09:00:00,9,大雨,12.0,58.7,,46
2023-08-18 10:00:00,8,晴天,14.0,60.6,0.6,171
2023-08-18 11:00:00,4,大雨,11.5,37.7,0.1,44
2023-08-18 12:00:00,1,晴天,14.6,41.7,0.5,136
2023-08-18 13:00:00,4,晴天,11.2,71.2,1.8,172
2023-08-18 14:00:00,9,晴天,16.5,41.5,2.2,236
2023-08-18 15:00:00,2,多云,11.0,71.8,5.8,139
2023-08-18 16:00:00,3,多云,12.7,36.8,3.8,146
2023-08-18 17:00:00,10,晴天,10.0,37.4,13.9,354
2023-08-18 18:00:00,8,晴天,11.1,60.3,0.2,356
2023-08-18 19:00:00,6,大雨,11.2,48.7,0.4,52
2023-08-18 20:00:00,8,阴天,8.4,52.0,0.3,65
2023-08-18 21:00:00,7,大雨,4.4,62.3,2.3,0
2023-08-18 22:00:00,5,晴天,4.0,51.5,0.9,28
2023-08-18 23:00:00,9,晴天,12.3,45.8,3.5,51
2023-08-19 00:00:00,4,晴天,7.8,,0.4,3
2023-08-19 01:00:00,6,晴天,4.6,62.7,0.3,9
2023-08-19 02:00:00,2,多云,3.9,60.6,1.8,8
2023-08-19 03:00:00,2,小雨,2.1,59.7,1.4,0
2023-08-19 04:00:00,2,小雨,10.9,48.0,5.3,16
2023-08-19 05:00:00,10,小雨,6.6,44.8,5.5,15
2023-08-19 06:00:00,7,晴天,13.2,54.8,0.4,17
2023-08-19 07:00:00,2,晴天,13.8,48.2,5.0,210
2023-08-19 08:00:00,2,小雨,16.6,59.8,2.5,105
2023-08-19 09:00:00,9,晴天,15.8,54.1,2.1,277
2023-08-19 10:00:00,7,晴天,13.7,60.3,0.3,92
2023-08-19 11:00:00,3,多云,14.9,58.6,4.0,74
2023-08-19 12:00:00,3,晴天,15.1,86.5,0.2,94
2023-08-19 13:00:00,7,晴天,14.0,39.2,1.0,111
2023-08-19 14:00:00,5,大雨,9.5,57.2,0.3,12
2023-08-19 15:00:00,10,阴天,7.1,43.4,2.3,63
2023-08-19 16:00:00,6,晴天,14.8,52.8,,123
2023-08-19 17:00:00,8,晴天,,47.7,6.6,198
2023-08-19 18:00:00,9,小雨,12.9,69.6,4.0,89
2023-08-19 19:00:00,1,晴天,7.6,37.9,9.7,217
2023-08-19 20:00:00,3,多云,7.5,71.7,4.3,49
2023-08-19 21:00:00,7,晴天,9.3,67.9,1.1,48
2023-08-19 22:00:00,6,晴天,10.3,90.8,2.4,39
2023-08-19 23:00:00,7,大雨,4.2,87.0,1.8,0
2023-08-20 00:00:00,8,大雨,2.0,48.0,2.5,8
2023-08-20 01:00:00,6,晴天,8.8,78.6,2.5,36
2023-08-20 02:00:00,3,晴天,4.8,55.1,3.6,0
2023-08-20 03:00:00,2,晴天,5.0,64.6,0.3,5
2023-08-20 04:00:00,7,晴天,6.3,85.8,4.1,26
2023-08-20 05:00:00,1,阴天,6.6,48.6,0.5,25
2023-08-20 06:00:00,3,小雨,12.3,60.8,0.1,0
2023-08-20 07:00:00,4,多云,7.3,30.8,2.2,178
2023-08-20 08:00:00,1,大雨,12.8,73.3,2.6,29
2023-08-20 09:00:00,5,大雨,14.3,91.5,0.1,35
2023-08-20 10:00:00,10,大雨,12.5,68.6,2.2,1
2023-08-20 11:00:00,3,晴天,19.6,80.5,2.3,76
2023-08-20 12:00:00,2,晴天,17.7,77.1,0.2,117
2023-08-20 13:00:00,3,小雨,13.5,49.4,3.7,32
2023-08-20 14:00:00,8,多云,14.0,64.9,0.7,74
2023-08-20 15:00:00,6,阴天,16.2,67.4,4.7,78
2023-08-20 16:00:00,7,小雨,12.7,42.5,1.1,61
2023-08-20 17:00:00,6,阴天,15.5,81.7,1.9,131
2023-08-20 18:00:00,6,晴天,11.7,52.4,6.7,205
2023-08-20 19:00:00,3,阴天,9.5,56.7,4.9,144
2023-08-20 20:00:00,8,晴天,8.2,56.0,4.6,62
2023-08-20 21:00:00,7,阴天,15.9,60.6,0.5,66
2023-08-20 22:00:00,7,晴天,2.6,100.0,0.1,27
2023-08-20 23:00:00,6,多云,1.9,50.9,2.8,22
2023-08-21 00:00:00,5,大雨,4.3,36.8,1.6,9
2023-08-21 01:00:00,10,多云,9.4,62.5,7.2,7
2023-08-21 02:00:00,8,多云,-1.7,47.1,1.3,0
2023-08-21 03:00:00,5,阴天,0.8,53.9,1.6,25
2023-08-21 04:00:00,9,多云,6.3,69.3,2.2,49
2023-08-21 05:00:00,9,小雨,15.1,43.7,4.8,29
2023-08-21 06:00:00,1,晴天,10.1,54.5,0.9,26
2023-08-21 07:00:00,6,大雨,7.8,64.4,8.5,45
2023-08-21 08:00:00,7,小雨,15.0,48.3,2.3,119
2023-08-21 09:00:00,3,多云,18.5,59.4,5.5,342
2023-08-21 10:00:00,7,晴天,12.4,64.4,2.2,159
2023-08-21 11:00:00,7,多云,16.2,58.3,4.4,203
2023-08-21 12:00:00,2,晴天,15.5,62.4,0.2,195
2023-08-21 13:00:00,7,晴天,16.5,65.4,4.8,222
2023-08-21 14:00:00,1,小雨,13.0,,2.2,46
2023-08-21 15:00:00,5,晴天,15.4,38.0,1.8,179
2023-08-21 16:00:00,9,晴天,15.0,44.5,0.4,217
2023-08-21 17:00:00,7,小雨,13.4,42.0,4.1,136
2023-08-21 18:00:00,7,晴天,5.1,78.5,0.4,383
2023-08-21 19:00:00,2,晴天,4.4,34.0,0.6,131
2023-08-21 20:00:00,8,晴天,5.4,69.4,0.4,99
2023-08-21 21:00:00,3,多云,7.3,49.7,0.0,108
2023-08-21 22:00:00,8,小雨,7.3,75.5,3.3,26
2023-08-21 23:00:00,3,小雨,2.0,53.7,0.9,0
2023-08-22 00:00:00,10,晴天,6.0,60.5,0.5,55
2023-08-22 01:00:00,7,晴天,8.0,67.8,1.2,15
2023-08-22 02:00:00,2,晴天,7.7,78.8,2.1,38
2023-08-22 03:00:00,4,多云,5.1,51.4,2.1,51
2023-08-22 04:00:00,6,阴天,6.4,50.8,1.4,46
2023-08-22 05:00:00,9,晴天,4.8,67.7,2.0,5
2023-08-22 06:00:00,5,晴天,15.2,36.2,1.7,65
2023-08-22 07:00:00,9,晴天,12.7,34.2,5.2,308
2023-08-22 08:00:00,5,小雨,7.7,65.5,0.1,114
2023-08-22 09:00:00,10,小雨,17.2,70.0,6.1,165
2023-08-22 10:00:00,8,小雨,16.3,65.0,0.8,83
2023-08-22 11:00:00,1,阴天,18.4,58.5,3.8,124
2023-08-22 12:00:00,7,多云,13.3,51.9,1.6,159
2023-08-22 13:00:00,4,晴天,13.6,83.8,1.0,96
2023-08-22 14:00:00,5,晴天,11.9,85.8,2.9,125
2023-08-22 15:00:00,6,小雨,19.9,61.6,4.4,80
2023-08-22 16:00:00,5,小雨,11.0,49.7,1.8,33
2023-08-22 17:00:00,1,多云,8.4,44.9,1.9,327
2023-08-22 18:00:00,9,小雨,8.1,66.5,0.2,128
2023-08-22 19:00:00,2,小雨,7.7,41.6,7.7,141
2023-08-22 20:00:00,9,阴天,12.2,41.9,5.6,76
2023-08-22 21:00:00,10,多云,7.3,52.7,1.5,66
2023-08-22 22:00:00,2,大雨,9.4,67.6,4.3,0
2023-08-22 23:00:00,9,晴天,6.0,82.0,1.1,54
2023-08-23 00:00:00,6,小雨,4.5,63.8,3.9,3
2023-08-23 01:00:00,9,阴天,2.0,67.4,2.2,0
2023-08-23 02:00:00,6,多云,10.5,74.7,1.9,28
2023-08-23 03:00:00,6,大雨,9.4,73.3,0.2,5
2023-08-23 04:00:00,2,小雨,10.7,51.7,10.1,18
2023-08-23 05:00:00,8,晴天,11.5,73.1,5.4,9
2023-08-23 06:00:00,3,多云,7.9,75.5,4.7,32
2023-08-23 07:00:00,7,晴天,12.1,64.7,1.1,312
2023-08-23 08:00:00,5,阴天,15.8,62.0,1.0,295
2023-08-23 09:00:00,3,大雨,16.4,69.0,2.6,72
2023-08-23 10:00:00,1,晴天,14.8,67.4,5.6,161
2023-08-23 11:00:00,8,晴天,20.8,32.1,8.2,223
2023-08-23 12:00:00,3,多云,16.6,66.4,0.9,204
2023-08-23 13:00:00,2,晴天,18.8,77.7,2.8,185
2023-08-23 14:00:00,1,晴天,14.9,74.8,3.9,150
2023-08-23 15:00:00,4,多云,12.4,65.7,0.8,143
2023-08-23 16:00:00,8,多云,15.4,62.2,1.6,169
2023-08-23 17:00:00,3,晴天,13.5,54.0,0.6,323
2023-08-23 18:00:00,1,大雨,11.0,,3.6,53
2023-08-23 19:00:00,4,阴天,6.2,70.9,6.0,270
2023-08-23 20:00:00,9,大雨,10.5,65.8,6.3,0
2023-08-23 21:00:00,1,大雨,4.1,73.6,3.3,8
2023-08-23 22:00:00,2,晴天,8.0,52.2,1.3,75
2023-08-23 23:00:00,9,晴天,1.9,76.3,3.2,24
2023-08-24 00:00:00,2,晴天,2.5,50.7,6.0,15
2023-08-24 01:00:00,3,大雨,6.0,63.0,2.9,0
2023-08-24 02:00:00,7,阴天,7.4,51.6,1.6,20
2023-08-24 03:00:00,3,小雨,,58.5,7.6,0
2023-08-24 04:00:00,9,阴天,5.9,90.5,5.4,36
2023-08-24 05:00:00,6,小雨,12.0,67.6,6.4,3
2023-08-24 06:00:00,3,多云,10.4,63.4,7.0,40
2023-08-24 07:00:00,9,多云,11.9,81.2,1.5,205
2023-08-24 08:00:00,1,晴天,12.0,21.5,5.9,357
2023-08-24 09:00:00,10,晴天,11.4,57.6,2.5,348
2023-08-24 10:00:00,3,小雨,17.7,52.5,0.1,109
2023-08-24 11:00:00,1,多云,12.9,47.1,3.0,164
2023-08-24 12:00:00,2,多云,20.1,37.1,1.9,162
2023-08-24 13:00:00,8,多云,12.4,56.7,1.0,118
2023-08-24 14:00:00,7,晴天,15.3,70.4,10.6,233
2023-08-24 15:00:00,2,多云,13.7,57.8,0.2,129
2023-08-24 16:00:00,2,多云,12.2,72.0,8.7,144
2023-08-24 17:00:00,9,多云,13.3,61.1,0.5,298
2023-08-24 18:00:00,6,大雨,12.4,77.5,1.4,46
2023-08-24 19:00:00,5,多云,10.3,52.5,1.6,320
2023-08-24 20:00:00,10,小雨,4.3,31.9,3.9,0
2023-08-24 21:00:00,6,阴天,3.0,36.3,0.7,33
2023-08-24 22:00:00,9,阴天,2.0,52.5,12.8,29
2023-08-24 23:00:00,7,阴天,4.4,46.8,4.1,0
2023-08-25 00:00:00,10,晴天,11.3,51.1,4.7,39
2023-08-25 01:00:00,10,晴天,5.0,77.1,0.3,41
2023-08-25 02:00:00,9,晴天,12.0,37.5,1.9,42
2023-08-25 03:00:00,4,晴天,6.4,82.6,8.7,41
2023-08-25 04:00:00,2,阴天,8.0,47.9,0.9,14
2023-08-25 05:00:00,8,小雨,10.5,41.3,0.5,55
2023-08-25 06:00:00,4,晴天,9.1,57.9,2.0,35
2023-08-25 07:00:00,9,晴天,12.0,82.5,8.0,258
2023-08-25 08:00:00,4,晴天,7.4,49.3,2.0,354
2023-08-25 09:00:00,8,小雨,10.9,51.0,1.6,97
2023-08-25 10:00:00,9,小雨,9.3,52.0,3.2,89
2023-08-25 11:00:00,9,阴天,17.0,77.3,8.3,141
2023-08-25 12:00:00,10,阴天,10.9,53.3,0.2,100
2023-08-25 13:00:00,4,晴天,19.1,66.7,0.5,186
2023-08-25 14:00:00,1,晴天,15.4,61.8,0.4,183
2023-08-25 15:00:00,3,晴天,16.4,58.4,0.3,197
2023-08-25 16:00:00,9,多云,10.6,,1.1,136
2023-08-25 17:00:00,4,阴天,7.9,89.5,0.8,210
2023-08-25 18:00:00,5,多云,9.0,100.0,2.4,250
2023-08-25 19:00:00,7,小雨,11.9,46.7,1.2,132
2023-08-25 20:00:00,5,多云,13.8,43.9,1.6,108
2023-08-25 21:00:00,4,晴天,8.0,60.6,8.5,144
2023-08-25 22:00:00,2,晴天,1.7,25.9,0.5,53
2023-08-25 23:00:00,2,多云,2.3,60.7,1.5,4
2023-08-26 00:00:00,4,小雨,0.5,90.1,0.9,9
2023-08-26 01:00:00,10,晴天,4.8,51.0,2.4,15
2023-08-26 02:00:00,10,小雨,4.8,76.2,4.0,26
2023-08-26 03:00:00,9,大雨,6.1,82.0,5.1,0
2023-08-26 04:00:00,8,多云,4.3,47.1,2.2,0
2023-08-26 05:00:00,3,小雨,5.2,62.7,5.8,26
2023-08-26 06:00:00,9,多云,10.3,65.3,4.6,25
2023-08-26 07:00:00,5,小雨,12.7,70.9,0.5,58
2023-08-26 08:00:00,3,大雨,8.9,72.0,0.8,40
2023-08-26 09:00:00,5,阴天,15.0,76.8,3.3,162
2023-08-26 10:00:00,10,晴天,17.2,48.3,11.0,111
2023-08-26 11:00:00,4,多云,7.8,62.6,1.4,65
2023-08-26 12:00:00,8,晴天,19.7,,0.8,97
2023-08-26 13:00:00,5,晴天,16.9,83.9,6.1,107
2023-08-26 14:00:00,10,小雨,17.2,63.4,0.7,45
2023-08-26 15:00:00,8,阴天,10.5,52.0,3.6,81
2023-08-26 16:00:00,9,多云,14.9,75.5,,83
2023-08-26 17:00:00,4,晴天,14.0,68.0,0.1,233
2023-08-26 18:00:00,7,晴天,8.0,67.7,1.8,207
2023-08-26 19:00:00,2,多云,11.0,71.6,3.2,166
2023-08-26 20:00:00,6,晴天,7.1,45.7,0.5,57
2023-08-26 21:00:00,8,晴天,4.6,72.7,4.3,0
2023-08-26 22:00:00,7,小雨,5.1,62.3,0.4,30
2023-08-26 23:00:00,7,晴天,5.7,77.1,2.3,0
2023-08-27 00:00:00,8,多云,4.1,60.3,1.1,0
2023-08-27 01:00:00,7,大雨,2.8,68.8,4.2,0
2023-08-27 02:00:00,5,晴天,6.8,66.9,4.9,7
2023-08-27 03:00:00,7,小雨,8.1,51.8,0.2,4
2023-08-27 04:00:00,10,小雨,7.9,46.5,0.6,9
2023-08-27 05:00:00,3,小雨,3.9,72.1,6.7,21
2023-08-27 06:00:00,5,多云,8.2,47.1,1.6,4
2023-08-27 07:00:00,7,晴天,8.8,55.0,1.9,200
2023-08-27 08:00:00,9,大雨,17.7,54.5,0.6,47
2023-08-27 09:00:00,2,大雨,13.9,65.5,15.8,29
2023-08-27 10:00:00,4,晴天,13.5,70.1,7.7,86
2023-08-27 11:00:00,7,晴天,13.2,36.7,0.0,76
2023-08-27 12:00:00,1,晴天,14.6,49.1,2.4,122
2023-08-27 13:00:00,2,晴天,17.1,48.4,6.2,122
2023-08-27 14:00:00,9,多云,8.8,56.6,1.7,74
2023-08-27 15:00:00,10,晴天,14.2,30.1,1.7,125
2023-08-27 16:00:00,7,晴天,11.0,77.0,1.4,96
2023-08-27 17:00:00,10,大雨,12.6,60.9,0.1,71
2023-08-27 18:00:00,7,晴天,12.4,58.0,4.7,197
2023-08-27 19:00:00,6,大雨,6.6,71.3,1.8,30
2023-08-27 20:00:00,3,小雨,3.4,67.8,2.3,0
2023-08-27 21:00:00,10,晴天,5.6,67.6,0.9,60
2023-08-27 22:00:00,3,小雨,9.5,59.8,4.6,22
2023-08-27 23:00:00,2,小雨,7.7,61.6,4.7,2
2023-08-28 00:00:00,6,多云,3.9,72.7,2.4,10
2023-08-28 01:00:00,4,晴天,3.3,68.0,7.0,5
2023-08-28 02:00:00,5,多云,4.0,85.9,0.4,6
2023-08-28 03:00:00,3,阴天,2.6,62.1,4.6,0
2023-08-28 04:00:00,6,小雨,9.9,69.8,2.5,36
2023-08-28 05:00:00,3,晴天,11.6,58.2,0.8,22
2023-08-28 06:00:00,8,小雨,8.8,64.9,0.4,18
2023-08-28 07:00:00,9,多云,9.8,65.6,1.1,257
2023-08-28 08:00:00,4,多云,10.4,53.3,5.8,262
2023-08-28 09:00:00,9,小雨,12.2,50.3,4.6,114
2023-08-28 10:00:00,7,多云,12.1,69.6,3.1,130
2023-08-28 11:00:00,3,大雨,14.4,66.8,0.3,26
2023-08-28 12:00:00,7,小雨,17.4,82.0,9.3,45
2023-08-28 13:00:00,1,小雨,16.9,60.1,1.1,71
2023-08-28 14:00:00,3,晴天,11.8,45.1,2.8,141
2023-08-28 15:00:00,6,大雨,14.0,60.2,4.9,8
2023-08-28 16:00:00,4,阴天,14.4,71.5,0.4,125
2023-08-28 17:00:00,7,晴天,8.5,28.2,3.2,343
2023-08-28 18:00:00,3,多云,10.4,59.9,0.1,309
2023-08-28 19:00:00,1,晴天,12.3,70.0,0.3,389
2023-08-28 20:00:00,9,大雨,6.8,63.5,3.9,34
2023-08-28 21:00:00,6,小雨,0.4,54.6,0.5,18
2023-08-28 22:00:00,8,晴天,-1.9,42.0,1.8,30
2023-08-28 23:00:00,3,阴天,6.1,59.8,0.9,38
2023-08-29 00:00:00,8,晴天,5.3,41.6,1.6,44
2023-08-29 01:00:00,2,大雨,5.7,70.1,0.2,27
2023-08-29 02:00:00,4,多云,7.1,60.9,4.2,30
2023-08-29 03:00:00,3,晴天,2.0,82.4,0.2,24
2023-08-29 04:00:00,10,晴天,5.1,30.7,5.5,34
2023-08-29 05:00:00,1,晴天,10.0,54.9,3.3,67
2023-08-29 06:00:00,7,小雨,12.2,71.0,1.6,12
2023-08-29 07:00:00,10,多云,10.5,77.1,6.0,250
2023-08-29 08:00:00,2,晴天,8.2,71.6,0.6,326
2023-08-29 09:00:00,4,晴天,14.6,45.7,0.9,336
2023-08-29 10:00:00,9,晴天,14.5,52.8,0.4,180
2023-08-29 11:00:00,6,小雨,11.7,26.5,1.4,45
2023-08-29 12:00:00,8,小雨,9.0,60.7,13.0,33
2023-08-29 13:00:00,2,晴天,16.5,77.4,0.5,210
2023-08-29 14:00:00,7,多云,12.5,60.1,5.3,138
2023-08-29 15:00:00,6,晴天,14.1,68.7,3.2,134
2023-08-29 16:00:00,9,阴天,12.9,68.3,0.0,103
2023-08-29 17:00:00,7,阴天,7.9,55.2,8.7,247
2023-08-29 18:00:00,1,小雨,11.3,23.5,10.6,152
2023-08-29 19:00:00,8,阴天,6.1,80.1,7.8,195
2023-08-29 20:00:00,10,大雨,3.0,66.5,2.1,0
2023-08-29 21:00:00,3,大雨,1.6,41.2,0.7,6
2023-08-29 22:00:00,2,多云,5.7,65.6,1.5,67
2023-08-29 23:00:00,3,晴天,10.0,63.0,2.9,67
2023-08-30 00:00:00,6,晴天,5.1,79.7,1.4,53
2023-08-30 01:00:00,3,晴天,10.5,67.1,3.7,28
2023-08-30 02:00:00,10,小雨,10.0,67.1,4.8,0
2023-08-30 03:00:00,5,晴天,8.0,63.0,0.7,23
2023-08-30 04:00:00,6,晴天,12.2,48.5,1.6,47
2023-08-30 05:00:00,8,多云,13.1,70.1,9.5,17
2023-08-30 06:00:00,7,晴天,13.5,59.6,0.9,35
2023-08-30 07:00:00,8,多云,5.6,45.7,1.3,249
2023-08-30 08:00:00,3,阴天,11.8,50.1,0.1,233
2023-08-30 09:00:00,4,小雨,11.5,43.0,1.2,133
2023-08-30 10:00:00,6,小雨,17.8,75.9,1.4,75
2023-08-30 11:00:00,7,多云,,89.7,0.3,108
2023-08-30 12:00:00,9,多云,20.3,77.3,0.0,183
2023-08-30 13:00:00,1,晴天,15.1,65.6,2.6,205
2023-08-30 14:00:00,8,阴天,14.2,59.0,1.1,119
2023-08-30 15:00:00,8,晴天,,55.6,0.1,138
2023-08-30 16:00:00,6,晴天,11.9,45.2,5.9,161
2023-08-30 17:00:00,4,大雨,12.1,89.2,2.6,47
2023-08-30 18:00:00,3,晴天,9.8,,0.6,382
2023-08-30 19:00:00,3,多云,7.3,47.3,6.0,308
2023-08-30 20:00:00,6,晴天,6.3,57.1,0.9,102
2023-08-30 21:00:00,8,晴天,11.9,58.3,0.8,95
2023-08-30 22:00:00,7,晴天,11.7,69.0,6.8,126
2023-08-30 23:00:00,1,晴天,3.8,49.9,0.6,0
2023-08-31 00:00:00,6,小雨,7.5,30.2,6.3,22
2023-08-31 01:00:00,7,大雨,2.7,56.5,4.9,1
2023-08-31 02:00:00,7,多云,4.7,57.5,1.1,7
2023-08-31 03:00:00,9,阴天,3.2,56.3,0.1,3
2023-08-31 04:00:00,10,晴天,10.6,56.1,0.3,38
2023-08-31 05:00:00,5,晴天,10.2,54.7,0.3,46
2023-08-31 06:00:00,1,晴天,12.0,40.1,6.6,27
2023-08-31 07:00:00,2,小雨,14.0,81.9,1.6,102
2023-08-31 08:00:00,4,多云,9.9,81.1,0.1,225
2023-08-31 09:00:00,5,小雨,12.6,80.9,2.4,85
2023-08-31 10:00:00,9,大雨,15.7,42.2,0.7,38
2023-08-31 11:00:00,1,多云,13.8,66.1,0.8,137
2023-08-31 12:00:00,3,小雨,15.2,53.7,0.5,66
2023-08-31 13:00:00,5,阴天,12.4,52.8,4.3,90
2023-08-31 14:00:00,3,晴天,18.3,46.1,0.0,190
2023-08-31 15:00:00,4,多云,16.4,98.5,1.7,139
2023-08-31 16:00:00,3,小雨,16.2,56.3,,76
2023-08-31 17:00:00,4,小雨,13.3,46.2,2.4,160
2023-08-31 18:00:00,1,晴天,6.7,62.1,1.3,358
2023-08-31 19:00:00,8,多云,7.3,71.4,0.1,294
2023-08-31 20:00:00,4,多云,5.4,57.9,1.9,97
2023-08-31 21:00:00,7,多云,5.7,63.7,2.5,73
2023-08-31 22:00:00,2,晴天,8.8,75.0,0.9,92
2023-08-31 23:00:00,2,阴天,0.8,45.7,4.4,0
2023-09-01 00:00:00,6,大雨,-0.4,62.7,1.4,0
2023-09-01 01:00:00,2,多云,0.3,50.4,4.2,18
2023-09-01 02:00:00,6,小雨,-1.9,48.4,2.6,18
2023-09-01 03:00:00,2,阴天,3.4,86.3,6.1,20
2023-09-01 04:00:00,4,晴天,2.8,58.7,2.4,39
2023-09-01 05:00:00,7,晴天,8.4,44.1,0.6,61
2023-09-01 06:00:00,8,多云,5.5,58.3,5.2,27
2023-09-01 07:00:00,3,大雨,9.0,41.9,4.6,66
2023-09-01 08:00:00,9,晴天,9.2,,10.8,323
2023-09-01 09:00:00,2,阴天,2.4,49.8,0.3,61
2023-09-01 10:00:00,8,多云,6.4,67.7,2.7,120
2023-09-01 11:00:00,8,多云,12.3,89.1,2.0,101
2023-09-01 12:00:00,4,晴天,12.4,57.4,3.3,160
2023-09-01 13:00:00,1,晴天,11.0,50.4,11.8,179
2023-09-01 14:00:00,1,大雨,14.7,61.4,2.3,34
2023-09-01 15:00:00,2,阴天,11.4,82.4,3.5,74
2023-09-01 16:00:00,9,多云,13.6,67.7,1.3,116
2023-09-01 17:00:00,2,阴天,0.3,57.9,1.1,84
2023-09-01 18:00:00,2,大雨,11.5,29.0,1.2,69
2023-09-01 19:00:00,6,多云,3.2,59.2,0.1,110
2023-09-01 20:00:00,7,小雨,3.9,71.6,1.0,7
2023-09-01 21:00:00,7,多云,6.4,,0.6,95
2023-09-01 22:00:00,9,多云,-4.3,79.7,1.8,39
2023-09-01 23:00:00,6,晴天,0.8,49.9,1.9,0
2023-09-02 00:00:00,8,小雨,4.4,54.0,4.3,6
2023-09-02 01:00:00,6,晴天,-0.3,58.2,2.1,20
2023-09-02 02:00:00,2,大雨,4.8,70.6,1.9,8
2023-09-02 03:00:00,1,大雨,4.8,56.1,0.8,0
2023-09-02 04:00:00,5,晴天,4.3,67.9,5.7,46
2023-09-02 05:00:00,9,晴天,6.8,54.2,0.3,52
2023-09-02 06:00:00,8,多云,10.2,49.4,12.1,19
2023-09-02 07:00:00,4,多云,9.4,76.6,1.9,162
2023-09-02 08:00:00,5,晴天,11.6,64.7,0.6,205
2023-09-02 09:00:00,5,多云,7.2,71.2,1.3,164
2023-09-02 10:00:00,6,晴天,12.4,56.9,0.0,112
2023-09-02 11:00:00,3,晴天,12.6,72.1,0.5,74
2023-09-02 12:00:00,5,晴天,14.7,44.1,1.2,89
2023-09-02 13:00:00,2,晴天,7.7,46.4,2.4,103
2023-09-02 14:00:00,10,大雨,13.9,74.1,0.4,29
2023-09-02 15:00:00,1,阴天,7.2,58.9,3.4,42
2023-09-02 16:00:00,1,多云,15.9,56.3,5.6,88
2023-09-02 17:00:00,10,多云,5.0,46.2,2.5,30
2023-09-02 18:00:00,7,晴天,2.8,72.1,1.1,52
2023-09-02 19:00:00,2,多云,4.2,88.0,0.4,25
2023-09-02 20:00:00,4,晴天,7.0,69.1,0.0,70
2023-09-02 21:00:00,5,小雨,3.9,53.3,3.9,10
2023-09-02 22:00:00,7,阴天,7.0,80.8,3.0,32
2023-09-02 23:00:00,2,晴天,0.6,65.4,1.9,7
2023-09-03 00:00:00,6,大雨,-0.1,53.5,0.3,18
2023-09-03 01:00:00,1,晴天,-0.7,79.1,0.7,0
2023-09-03 02:00:00,7,多云,0.4,57.3,5.1,0
2023-09-03 03:00:00,9,晴天,-1.4,38.4,2.0,17
2023-09-03 04:00:00,5,多云,1.9,55.2,9.9,0
2023-09-03 05:00:00,5,晴天,1.4,68.0,30.0,0
2023-09-03 06:00:00,4,多云,8.5,49.2,4.8,28
2023-09-03 07:00:00,3,多云,12.1,31.9,0.9,135
2023-09-03 08:00:00,9,晴天,9.5,82.0,0.8,143
2023-09-03 09:00:00,5,小雨,7.9,100.0,0.9,24
2023-09-03 10:00:00,8,阴天,12.9,52.9,13.0,68
2023-09-03 11:00:00,9,多云,11.1,50.6,1.2,102
2023-09-03 12:00:00,5,晴天,14.4,39.8,3.7,85
2023-09-03 13:00:00,10,晴天,8.3,47.7,9.6,81
2023-09-03 14:00:00,9,阴天,8.0,37.1,5.1,91
2023-09-03 15:00:00,2,多云,12.1,40.4,2.7,88
2023-09-03 16:00:00,9,多云,8.8,60.0,0.6,114
2023-09-03 17:00:00,4,晴天,10.4,36.3,0.6,220
2023-09-03 18:00:00,6,多云,3.8,38.0,2.0,58
2023-09-03 19:00:00,6,晴天,6.3,63.1,9.1,240
2023-09-03 20:00:00,6,阴天,5.5,50.7,7.0,40
2023-09-03 21:00:00,2,阴天,-1.8,65.4,0.5,16
2023-09-03 22:00:00,7,晴天,2.0,54.9,1.0,0
2023-09-03 23:00:00,6,多云,-4.5,57.2,2.7,32
2023-09-04 00:00:00,1,晴天,5.7,71.7,1.9,44
2023-09-04 01:00:00,2,多云,-2.4,51.8,0.4,8
2023-09-04 02:00:00,7,阴天,1.4,70.6,1.4,21
2023-09-04 03:00:00,1,多云,2.8,53.7,9.3,0
2023-09-04 04:00:00,1,晴天,1.0,47.7,9.1,3
2023-09-04 05:00:00,1,晴天,10.6,43.9,2.5,47
2023-09-04 06:00:00,8,大雨,4.3,35.1,3.0,2
2023-09-04 07:00:00,4,小雨,6.8,41.4,0.8,131
2023-09-04 08:00:00,4,多云,6.8,33.4,4.1,278
2023-09-04 09:00:00,2,晴天,7.8,45.1,0.2,334
2023-09-04 10:00:00,1,晴天,10.3,72.3,0.7,136
2023-09-04 11:00:00,10,阴天,13.3,59.9,0.0,127
2023-09-04 12:00:00,9,多云,11.8,54.2,1.5,124
2023-09-04 13:00:00,7,多云,8.9,49.6,5.7,132
2023-09-04 14:00:00,4,多云,10.7,58.8,12.1,122
2023-09-04 15:00:00,6,大雨,5.8,60.5,3.3,19
2023-09-04 16:00:00,2,晴天,12.4,43.3,4.1,159
2023-09-04 17:00:00,7,晴天,6.1,67.0,0.9,375
2023-09-04 18:00:00,2,多云,5.0,55.1,2.2,105
2023-09-04 19:00:00,10,小雨,-0.8,64.5,4.0,48
2023-09-04 20:00:00,8,小雨,2.3,59.5,2.1,3
2023-09-04 21:00:00,8,阴天,7.9,38.7,0.3,77
2023-09-04 22:00:00,1,多云,3.8,79.5,4.1,30
2023-09-04 23:00:00,8,晴天,4.8,59.8,0.7,12
2023-09-05 00:00:00,2,阴天,1.7,54.5,0.3,16
2023-09-05 01:00:00,6,多云,-5.0,68.7,2.0,0
2023-09-05 02:00:00,1,小雨,2.2,42.6,0.2,0
2023-09-05 03:00:00,5,小雨,3.4,36.4,3.0,22
2023-09-05 04:00:00,7,多云,6.5,68.3,3.1,31
2023-09-05 05:00:00,10,晴天,4.9,77.2,0.9,17
2023-09-05 06:00:00,1,大雨,4.0,64.3,10.0,0
2023-09-05 07:00:00,2,大雨,7.3,72.1,5.2,68
2023-09-05 08:00:00,7,多云,7.8,41.0,0.3,280
2023-09-05 09:00:00,6,多云,11.4,54.6,4.1,272
2023-09-05 10:00:00,3,晴天,10.4,50.1,1.3,160
2023-09-05 11:00:00,10,晴天,8.2,75.4,4.2,129
2023-09-05 12:00:00,2,晴天,13.0,67.4,4.8,161
2023-09-05 13:00:00,10,晴天,9.0,75.5,0.5,178
2023-09-05 14:00:00,4,阴天,9.7,50.7,3.3,112
2023-09-05 15:00:00,3,大雨,8.5,43.0,6.0,26
2023-09-05 16:00:00,7,小雨,9.6,79.9,1.2,55
2023-09-05 17:00:00,8,多云,3.5,60.4,,108
2023-09-05 18:00:00,2,晴天,6.4,76.0,0.1,382
2023-09-05 19:00:00,10,阴天,8.3,59.0,0.3,245
2023-09-05 20:00:00,7,多云,4.1,93.1,0.0,26
2023-09-05 21:00:00,8,晴天,0.8,77.7,1.2,34
2023-09-05 22:00:00,6,多云,0.9,57.6,1.1,32
2023-09-05 23:00:00,6,阴天,2.4,60.3,0.4,0
2023-09-06 00:00:00,10,阴天,3.0,60.4,3.2,25
2023-09-06 01:00:00,1,晴天,6.0,43.0,14.5,47
2023-09-06 02:00:00,4,阴天,-2.9,52.8,6.9,26
2023-09-06 03:00:00,1,晴天,3.6,51.6,0.9,0
2023-09-06 04:00:00,4,晴天,4.4,63.5,4.4,0
2023-09-06 05:00:00,2,大雨,4.8,47.8,8.3,32
2023-09-06 06:00:00,5,阴天,7.4,57.7,7.1,44
2023-09-06 07:00:00,10,多云,6.9,54.5,6.5,262
2023-09-06 08:00:00,9,多云,5.8,61.1,4.6,288
2023-09-06 09:00:00,10,大雨,10.5,82.0,1.0,33
2023-09-06 10:00:00,3,大雨,12.6,76.4,0.3,0
2023-09-06 11:00:00,8,阴天,11.0,40.3,2.0,76
2023-09-06 12:00:00,3,多云,14.5,59.2,0.2,131
2023-09-06 13:00:00,6,阴天,10.5,55.5,19.5,131
2023-09-06 14:00:00,4,阴天,12.1,50.3,1.3,130
2023-09-06 15:00:00,8,晴天,5.1,92.3,9.5,143
2023-09-06 16:00:00,6,大雨,15.6,52.1,4.5,43
2023-09-06 17:00:00,8,多云,7.0,53.1,1.6,312
2023-09-06 18:00:00,1,多云,4.9,86.3,0.4,91
2023-09-06 19:00:00,6,小雨,4.2,74.5,0.8,11
2023-09-06 20:00:00,1,晴天,1.0,53.4,3.4,46
2023-09-06 21:00:00,1,多云,-0.7,71.4,5.3,9
2023-09-06 22:00:00,8,阴天,2.1,56.4,11.7,7
2023-09-06 23:00:00,7,晴天,1.9,57.4,0.4,22
2023-09-07 00:00:00,3,多云,2.0,47.9,0.5,23
2023-09-07 01:00:00,6,阴天,1.4,23.5,0.1,0
2023-09-07 02:00:00,9,多云,1.8,38.6,0.9,19
2023-09-07 03:00:00,7,多云,-0.8,43.4,5.2,18
2023-09-07 04:00:00,3,多云,2.4,66.3,0.7,5
2023-09-07 05:00:00,6,多云,5.5,62.3,2.4,35
2023-09-07 06:00:00,4,小雨,4.7,76.3,1.8,35
2023-09-07 07:00:00,3,大雨,8.5,41.9,1.2,45
2023-09-07 08:00:00,9,多云,8.4,86.8,2.9,216
2023-09-07 09:00:00,10,大雨,9.4,85.4,2.1,42
2023-09-07 10:00:00,2,多云,11.3,60.5,1.2,129
2023-09-07 11:00:00,1,晴天,12.6,49.7,3.5,167
2023-09-07 12:00:00,2,小雨,13.5,50.5,1.0,82
2023-09-07 13:00:00,7,小雨,17.1,63.0,3.1,74
2023-09-07 14:00:00,10,多云,13.3,88.2,9.5,92
2023-09-07 15:00:00,1,晴天,5.4,58.6,3.9,185
2023-09-07 16:00:00,6,晴天,5.6,36.3,1.6,157
2023-09-07 17:00:00,7,晴天,6.8,88.4,4.1,265
2023-09-07 18:00:00,9,晴天,4.1,54.0,5.0,137
2023-09-07 19:00:00,8,小雨,6.2,81.8,1.2,128
2023-09-07 20:00:00,6,晴天,5.3,69.4,3.7,128
2023-09-07 21:00:00,3,大雨,1.4,57.8,1.7,26
2023-09-07 22:00:00,8,晴天,5.6,74.5,5.1,143
2023-09-07 23:00:00,7,晴天,5.9,49.0,1.1,23
2023-09-08 00:00:00,3,多云,-4.1,55.6,8.3,0
2023-09-08 01:00:00,9,晴天,-2.8,52.0,2.6,4
2023-09-08 02:00:00,2,阴天,5.3,57.0,1.3,19
2023-09-08 03:00:00,3,晴天,5.4,68.2,1.6,40
2023-09-08 04:00:00,2,多云,5.3,68.1,1.3,25
2023-09-08 05:00:00,1,大雨,5.1,36.7,0.5,0
2023-09-08 06:00:00,4,小雨,6.0,52.0,0.2,1
2023-09-08 07:00:00,5,晴天,9.2,54.6,1.2,320
2023-09-08 08:00:00,6,多云,9.4,68.8,1.8,292
2023-09-08 09:00:00,5,小雨,13.8,39.0,1.3,116
2023-09-08 10:00:00,1,阴天,8.6,70.6,0.0,120
2023-09-08 11:00:00,3,阴天,11.2,43.1,2.6,88
2023-09-08 12:00:00,1,晴天,14.0,63.7,0.5,108
2023-09-08 13:00:00,5,阴天,11.7,76.7,0.7,106
2023-09-08 14:00:00,5,晴天,12.7,41.6,0.4,146
2023-09-08 15:00:00,6,晴天,11.9,63.6,2.2,142
2023-09-08 16:00:00,8,大雨,7.6,57.2,0.3,9
2023-09-08 17:00:00,10,晴天,4.6,45.3,0.9,98
2023-09-08 18:00:00,1,晴天,4.1,41.6,1.8,94
2023-09-08 19:00:00,4,晴天,1.8,49.4,0.6,95
2023-09-08 20:00:00,10,多云,-1.7,47.8,1.8,6
2023-09-08 21:00:00,1,小雨,6.1,56.9,1.3,8
2023-09-08 22:00:00,9,小雨,-3.6,53.6,5.9,0
2023-09-08 23:00:00,7,晴天,7.1,66.4,4.8,75
2023-09-09 00:00:00,7,多云,-0.2,72.1,14.8,4
2023-09-09 01:00:00,5,阴天,0.7,37.1,2.3,27
2023-09-09 02:00:00,7,大雨,-2.5,56.2,2.6,0
2023-09-09 03:00:00,2,晴天,4.0,45.8,8.8,4
2023-09-09 04:00:00,4,阴天,3.1,43.7,1.5,9
2023-09-09 05:00:00,7,小雨,5.2,36.5,2.4,18
2023-09-09 06:00:00,3,晴天,4.0,35.4,1.4,0
2023-09-09 07:00:00,2,晴天,9.1,52.2,2.4,189
2023-09-09 08:00:00,10,晴天,6.4,65.9,0.3,199
2023-09-09 09:00:00,2,小雨,10.1,65.8,4.6,45
2023-09-09 10:00:00,1,晴天,12.1,44.2,12.7,113
2023-09-09 11:00:00,5,多云,15.5,42.7,0.2,118
2023-09-09 12:00:00,6,晴天,13.8,63.6,4.8,62
2023-09-09 13:00:00,6,阴天,11.4,53.5,0.8,51
2023-09-09 14:00:00,9,晴天,10.6,73.3,0.7,95
2023-09-09 15:00:00,4,阴天,10.8,43.3,3.5,77
2023-09-09 16:00:00,1,阴天,11.1,32.1,0.1,87
2023-09-09 17:00:00,6,晴天,5.4,69.2,1.9,208
2023-09-09 18:00:00,5,多云,9.0,31.6,0.0,219
2023-09-09 19:00:00,10,晴天,2.2,38.3,2.4,64
2023-09-09 20:00:00,6,阴天,5.2,50.0,1.9,39
2023-09-09 21:00:00,3,多云,4.4,55.7,7.4,24
2023-09-09 22:00:00,2,晴天,-0.0,69.0,3.8,23
2023-09-09 23:00:00,6,晴天,-3.1,,0.4,10
2023-09-10 00:00:00,1,多云,0.5,79.8,1.3,35
2023-09-10 01:00:00,7,阴天,-5.0,37.3,8.0,8
2023-09-10 02:00:00,7,小雨,1.5,54.4,3.9,0
2023-09-10 03:00:00,10,阴天,-0.9,72.5,2.7,0
2023-09-10 04:00:00,7,多云,13.2,73.2,2.5,41
2023-09-10 05:00:00,10,晴天,8.2,20.0,1.5,33
2023-09-10 06:00:00,1,阴天,6.6,100.0,2.6,0
2023-09-10 07:00:00,4,晴天,11.6,55.2,4.4,170
2023-09-10 08:00:00,7,阴天,11.0,64.2,0.4,135
2023-09-10 09:00:00,9,多云,6.4,55.0,10.5,174
2023-09-10 10:00:00,5,晴天,8.8,92.0,0.8,64
2023-09-10 11:00:00,2,小雨,14.3,79.3,1.8,10
2023-09-10 12:00:00,7,阴天,8.5,91.6,0.1,34
2023-09-10 13:00:00,10,阴天,12.4,67.1,2.4,89
2023-09-10 14:00:00,1,晴天,12.7,73.7,1.4,101
2023-09-10 15:00:00,7,晴天,9.1,44.3,0.9,108
2023-09-10 16:00:00,6,多云,9.3,56.0,12.7,96
2023-09-10 17:00:00,7,小雨,10.1,73.7,1.7,74
2023-09-10 18:00:00,10,小雨,8.7,64.8,1.6,78
2023-09-10 19:00:00,3,晴天,6.4,61.6,1.9,215
2023-09-10 20:00:00,3,阴天,3.8,48.4,0.4,19
2023-09-10 21:00:00,7,小雨,4.6,77.5,1.5,23
2023-09-10 22:00:00,2,大雨,-4.1,77.3,1.2,30
2023-09-10 23:00:00,1,多云,,75.6,1.9,32
2023-09-11 00:00:00,9,多云,0.9,64.4,5.8,22
2023-09-11 01:00:00,9,阴天,-0.7,60.2,0.6,36
2023-09-11 02:00:00,7,多云,3.8,76.9,2.8,6
2023-09-11 03:00:00,7,阴天,4.5,74.1,0.1,25
2023-09-11 04:00:00,3,阴天,0.9,46.6,1.1,16
2023-09-11 05:00:00,10,小雨,5.2,64.7,1.9,24
2023-09-11 06:00:00,2,多云,6.5,69.9,0.2,29
2023-09-11 07:00:00,7,晴天,7.6,49.9,2.4,304
2023-09-11 08:00:00,9,晴天,13.7,73.6,1.1,330
2023-09-11 09:00:00,1,晴天,9.8,70.8,14.8,330
2023-09-11 10:00:00,4,晴天,10.3,53.8,3.0,147
2023-09-11 11:00:00,6,晴天,9.1,39.6,0.8,154
2023-09-11 12:00:00,7,晴天,8.9,68.8,0.3,142
2023-09-11 13:00:00,10,多云,12.3,89.5,0.1,92
2023-09-11 14:00:00,7,多云,9.3,63.8,0.3,124
2023-09-11 15:00:00,10,晴天,9.3,69.6,3.4,136
2023-09-11 16:00:00,2,晴天,9.4,42.5,5.8,147
2023-09-11 17:00:00,4,小雨,7.8,59.3,0.5,150
2023-09-11 18:00:00,5,多云,6.7,58.3,1.5,329
2023-09-11 19:00:00,1,多云,5.4,46.7,1.3,339
2023-09-11 20:00:00,1,小雨,5.7,66.6,3.1,33
2023-09-11 21:00:00,10,大雨,10.7,66.0,0.6,34
2023-09-11 22:00:00,3,多云,5.7,55.6,9.2,93
2023-09-11 23:00:00,10,小雨,0.4,59.8,3.9,0
2023-09-12 00:00:00,3,阴天,5.0,90.8,9.3,12
2023-09-12 01:00:00,8,大雨,-1.7,50.7,1.0,18
2023-09-12 02:00:00,9,多云,0.3,43.0,2.7,2
2023-09-12 03:00:00,1,小雨,4.9,42.7,4.0,0
2023-09-12 04:00:00,2,晴天,5.9,63.7,3.7,32
2023-09-12 05:00:00,10,多云,6.9,21.8,0.1,23
2023-09-12 06:00:00,2,阴天,4.6,52.3,19.1,26
2023-09-12 07:00:00,4,多云,5.9,45.5,7.9,263
2023-09-12 08:00:00,2,阴天,9.2,59.1,0.4,216
2023-09-12 09:00:00,7,多云,9.1,59.2,2.4,279
2023-09-12 10:00:00,9,阴天,13.3,65.2,1.1,111
2023-09-12 11:00:00,7,多云,10.3,69.2,6.3,125
2023-09-12 12:00:00,6,晴天,10.4,77.1,3.6,181
2023-09-12 13:00:00,10,多云,6.3,54.7,0.8,122
2023-09-12 14:00:00,1,晴天,13.3,50.0,0.1,153
2023-09-12 15:00:00,10,晴天,10.8,72.8,1.0,127
2023-09-12 16:00:00,9,大雨,2.0,35.1,0.1,2
2023-09-12 17:00:00,5,晴天,9.0,71.4,0.5,344
2023-09-12 18:00:00,5,大雨,5.1,62.1,3.0,42
2023-09-12 19:00:00,6,晴天,7.4,66.7,4.1,334
2023-09-12 20:00:00,9,晴天,3.5,65.5,1.9,17
2023-09-12 21:00:00,8,阴天,0.4,62.0,2.8,20
2023-09-12 22:00:00,8,多云,7.2,62.7,0.5,84
2023-09-12 23:00:00,8,小雨,6.2,43.3,1.1,8
2023-09-13 00:00:00,1,小雨,0.8,50.2,3.7,0
2023-09-13 01:00:00,1,多云,2.6,86.7,1.4,0
2023-09-13 02:00:00,8,阴天,0.6,70.1,1.3,7
2023-09-13 03:00:00,5,小雨,-2.3,75.9,0.6,2
2023-09-13 04:00:00,9,多云,7.8,54.8,2.7,37
2023-09-13 05:00:00,2,阴天,2.7,61.2,5.0,5
2023-09-13 06:00:00,9,晴天,10.2,67.9,1.9,32
2023-09-13 07:00:00,8,多云,9.7,78.1,0.4,286
2023-09-13 08:00:00,9,阴天,9.7,57.7,5.5,234
2023-09-13 09:00:00,4,小雨,9.8,67.2,0.2,124
2023-09-13 10:00:00,1,大雨,12.8,70.7,1.9,41
2023-09-13 11:00:00,1,小雨,8.4,74.0,0.9,61
2023-09-13 12:00:00,5,大雨,15.3,57.0,,28
2023-09-13 13:00:00,2,阴天,11.6,79.2,4.0,106
2023-09-13 14:00:00,8,晴天,15.2,38.7,2.5,205
2023-09-13 15:00:00,10,晴天,9.5,43.1,3.3,142
2023-09-13 16:00:00,5,多云,9.3,67.2,2.3,103
2023-09-13 17:00:00,5,小雨,8.4,66.8,0.5,144
2023-09-13 18:00:00,2,晴天,8.1,56.5,3.7,376
2023-09-13 19:00:00,7,晴天,10.5,53.4,2.0,348
2023-09-13 20:00:00,8,晴天,2.5,53.6,3.0,47
2023-09-13 21:00:00,10,阴天,2.4,46.5,0.1,0
2023-09-13 22:00:00,1,小雨,2.0,59.3,0.5,3
2023-09-13 23:00:00,2,多云,-5.0,36.7,2.7,35
2023-09-14 00:00:00,10,晴天,-0.3,77.0,1.8,17
2023-09-14 01:00:00,4,多云,0.0,65.7,0.8,5
2023-09-14 02:00:00,5,晴天,9.9,79.4,0.8,42
2023-09-14 03:00:00,2,晴天,3.6,62.4,3.0,29
2023-09-14 04:00:00,1,阴天,5.3,59.4,0.2,5
2023-09-14 05:00:00,9,阴天,0.6,61.9,1.7,27
2023-09-14 06:00:00,1,晴天,6.2,49.5,2.2,31
2023-09-14 07:00:00,4,晴天,10.4,41.3,1.1,335
2023-09-14 08:00:00,2,晴天,16.4,45.2,5.2,413
2023-09-14 09:00:00,4,多云,7.8,53.6,0.2,300
2023-09-14 10:00:00,8,晴天,5.2,46.7,6.0,155
2023-09-14 11:00:00,8,晴天,8.8,80.2,3.9,104
2023-09-14 12:00:00,9,晴天,9.0,49.4,1.8,163
2023-09-14 13:00:00,5,大雨,8.9,65.9,7.7,43
2023-09-14 14:00:00,7,小雨,13.4,68.8,3.6,77
2023-09-14 15:00:00,3,小雨,10.9,78.6,8.0,61
2023-09-14 16:00:00,10,多云,5.5,70.2,1.9,144
2023-09-14 17:00:00,4,阴天,11.9,57.4,1.8,245
2023-09-14 18:00:00,10,阴天,12.0,85.6,2.3,210
2023-09-14 19:00:00,9,晴天,-0.1,41.3,0.2,114
2023-09-14 20:00:00,10,晴天,7.4,45.9,7.2,60
2023-09-14 21:00:00,10,多云,2.3,63.3,3.3,11
2023-09-14 22:00:00,1,晴天,-0.8,61.3,2.9,34
2023-09-14 23:00:00,2,多云,-2.9,72.3,7.8,12
2023-09-15 00:00:00,5,多云,-0.0,62.4,15.2,9
2023-09-15 01:00:00,3,多云,-0.1,65.5,0.5,11
2023-09-15 02:00:00,2,晴天,2.5,74.9,4.1,29
2023-09-15 03:00:00,1,多云,9.2,62.1,2.6,38
2023-09-15 04:00:00,10,阴天,2.3,70.2,1.9,0
2023-09-15 05:00:00,3,晴天,0.8,48.7,11.4,40
2023-09-15 06:00:00,1,小雨,5.3,49.7,5.7,0
2023-09-15 07:00:00,1,晴天,10.8,73.2,3.6,339
2023-09-15 08:00:00,1,晴天,8.1,61.8,1.4,301
2023-09-15 09:00:00,8,多云,11.8,62.5,3.3,296
2023-09-15 10:00:00,3,晴天,11.2,49.6,2.3,151
2023-09-15 11:00:00,1,晴天,11.4,53.9,0.9,161
2023-09-15 12:00:00,7,晴天,16.1,64.3,1.8,173
2023-09-15 13:00:00,10,多云,8.3,55.5,0.7,142
2023-09-15 14:00:00,3,小雨,7.5,47.1,2.1,66
2023-09-15 15:00:00,8,晴天,7.1,47.2,3.8,165
2023-09-15 16:00:00,4,小雨,,50.4,0.1,74
2023-09-15 17:00:00,4,晴天,7.8,54.9,4.3,366
2023-09-15 18:00:00,5,小雨,8.5,55.9,0.1,136
2023-09-15 19:00:00,6,多云,4.8,,2.2,61
2023-09-15 20:00:00,7,小雨,3.3,73.9,2.6,5
2023-09-15 21:00:00,4,阴天,3.8,64.5,4.3,39
2023-09-15 22:00:00,8,阴天,7.1,87.9,4.3,45
2023-09-15 23:00:00,6,晴天,-2.0,58.3,1.6,0
2023-09-16 00:00:00,1,阴天,-1.4,67.1,0.2,0
2023-09-16 01:00:00,1,晴天,1.6,64.9,3.5,16
2023-09-16 02:00:00,9,阴天,8.1,67.1,2.1,11
2023-09-16 03:00:00,10,晴天,-0.4,48.8,1.2,16
2023-09-16 04:00:00,6,多云,3.8,55.4,0.8,0
2023-09-16 05:00:00,10,晴天,2.4,47.8,0.4,0
2023-09-16 06:00:00,8,晴天,7.5,66.1,1.0,27
2023-09-16 07:00:00,7,小雨,1.4,60.0,1.8,37
2023-09-16 08:00:00,6,阴天,5.7,31.8,1.9,109
2023-09-16 09:00:00,4,小雨,13.7,67.7,2.6,82
2023-09-16 10:00:00,7,小雨,10.7,63.3,1.4,53
2023-09-16 11:00:00,9,大雨,8.9,85.6,7.6,11
2023-09-16 12:00:00,10,晴天,11.2,73.9,2.1,107
2023-09-16 13:00:00,10,晴天,11.0,,1.7,96
2023-09-16 14:00:00,7,晴天,12.4,43.1,0.1,89
2023-09-16 15:00:00,1,多云,3.6,76.8,2.7,36
2023-09-16 16:00:00,10,晴天,5.7,57.1,2.8,122
2023-09-16 17:00:00,9,晴天,4.8,49.6,2.6,57
2023-09-16 18:00:00,4,晴天,8.2,24.8,6.6,217
2023-09-16 19:00:00,3,晴天,5.0,79.7,4.3,203
2023-09-16 20:00:00,4,阴天,8.2,55.7,6.1,45
2023-09-16 21:00:00,4,晴天,5.3,58.2,0.2,60
2023-09-16 22:00:00,10,多云,1.0,64.8,1.1,33
2023-09-16 23:00:00,2,多云,1.4,87.9,1.2,26
2023-09-17 00:00:00,1,多云,5.2,56.6,3.2,31
2023-09-17 01:00:00,10,晴天,5.8,59.8,1.8,39
2023-09-17 02:00:00,1,晴天,1.7,74.5,4.5,0
2023-09-17 03:00:00,8,晴天,-0.2,55.8,1.5,0
2023-09-17 04:00:00,2,多云,-2.5,47.5,0.8,12
2023-09-17 05:00:00,10,晴天,-1.3,27.2,1.0,7
2023-09-17 06:00:00,5,多云,7.8,80.0,0.6,45
2023-09-17 07:00:00,4,小雨,9.0,63.6,0.7,46
2023-09-17 08:00:00,8,多云,6.8,68.2,0.7,174
2023-09-17 09:00:00,2,多云,13.8,52.7,0.0,174
2023-09-17 10:00:00,10,多云,10.0,70.2,3.8,67
2023-09-17 11:00:00,9,大雨,9.4,51.2,1.5,0
2023-09-17 12:00:00,7,晴天,14.9,62.4,0.1,88
2023-09-17 13:00:00,7,小雨,14.3,61.6,1.4,11
2023-09-17 14:00:00,1,大雨,10.5,76.9,7.1,36
2023-09-17 15:00:00,2,多云,11.4,69.7,2.1,119
2023-09-17 16:00:00,4,晴天,10.8,50.6,13.0,88
2023-09-17 17:00:00,4,多云,14.2,69.0,2.3,175
2023-09-17 18:00:00,3,晴天,5.9,54.5,9.9,198
2023-09-17 19:00:00,7,晴天,1.5,47.8,0.7,49
2023-09-17 20:00:00,8,晴天,5.7,68.3,1.0,53
2023-09-17 21:00:00,2,晴天,3.0,62.9,3.6,36
2023-09-17 22:00:00,4,多云,2.3,42.1,13.0,63
2023-09-17 23:00:00,3,大雨,1.4,52.3,5.2,0
2023-09-18 00:00:00,2,晴天,-3.4,71.2,2.4,0
2023-09-18 01:00:00,6,阴天,2.3,65.8,0.3,0
2023-09-18 02:00:00,4,阴天,0.9,66.5,1.4,14
2023-09-18 03:00:00,6,阴天,1.9,87.7,0.3,11
2023-09-18 04:00:00,2,大雨,2.6,74.9,1.1,3
2023-09-18 05:00:00,4,多云,4.9,58.2,0.9,3
2023-09-18 06:00:00,6,晴天,7.1,53.9,1.5,59
2023-09-18 07:00:00,5,多云,7.5,49.8,5.4,286
2023-09-18 08:00:00,3,多云,12.3,53.1,0.5,285
2023-09-18 09:00:00,8,大雨,12.1,36.0,1.1,55
2023-09-18 10:00:00,7,阴天,10.5,41.8,0.9,105
2023-09-18 11:00:00,3,多云,,69.9,1.1,121
2023-09-18 12:00:00,6,晴天,13.1,83.0,1.3,132
2023-09-18 13:00:00,4,晴天,10.2,60.8,0.8,162
2023-09-18 14:00:00,5,晴天,10.2,49.5,8.6,164
2023-09-18 15:00:00,5,多云,5.9,20.0,1.6,108
2023-09-18 16:00:00,7,多云,10.1,85.6,0.4,110
2023-09-18 17:00:00,5,大雨,15.4,39.9,1.9,68
2023-09-18 18:00:00,3,多云,4.8,37.9,0.6,79
2023-09-18 19:00:00,10,阴天,6.9,55.5,0.7,262
2023-09-18 20:00:00,5,小雨,7.6,59.4,1.0,42
2023-09-18 21:00:00,7,大雨,1.2,60.2,0.4,40
2023-09-18 22:00:00,5,晴天,-5.0,47.2,3.8,38
2023-09-18 23:00:00,5,阴天,3.6,66.2,4.7,3
2023-09-19 00:00:00,9,小雨,1.6,52.2,1.5,2
2023-09-19 01:00:00,3,晴天,2.4,52.5,3.5,0
2023-09-19 02:00:00,6,晴天,2.2,55.8,1.5,30
2023-09-19 03:00:00,1,阴天,6.3,49.8,0.5,31
2023-09-19 04:00:00,10,晴天,3.5,41.2,1.5,16
2023-09-19 05:00:00,5,多云,11.6,42.2,2.4,17
2023-09-19 06:00:00,8,晴天,8.4,43.4,0.1,50
2023-09-19 07:00:00,5,小雨,10.7,66.8,3.2,110
2023-09-19 08:00:00,9,大雨,8.9,66.0,4.1,41
2023-09-19 09:00:00,6,多云,10.8,56.0,5.9,276
2023-09-19 10:00:00,8,多云,5.6,56.7,0.3,123
2023-09-19 11:00:00,10,阴天,9.4,77.5,0.0,96
2023-09-19 12:00:00,8,大雨,14.6,67.7,0.2,23
2023-09-19 13:00:00,3,阴天,11.0,83.5,7.7,101
2023-09-19 14:00:00,7,多云,7.3,51.3,4.4,145
2023-09-19 15:00:00,7,晴天,7.8,42.5,5.4,166
2023-09-19 16:00:00,10,多云,6.8,75.0,2.2,139
2023-09-19 17:00:00,6,小雨,7.5,59.7,2.2,132
2023-09-19 18:00:00,7,晴天,3.8,48.0,1.1,126
2023-09-19 19:00:00,2,晴天,9.3,67.3,5.5,337
2023-09-19 20:00:00,9,晴天,4.5,49.4,5.3,37
2023-09-19 21:00:00,10,多云,-1.4,70.3,1.5,39
2023-09-19 22:00:00,10,大雨,6.6,67.3,1.2,14
2023-09-19 23:00:00,1,晴天,1.4,56.6,4.0,0
2023-09-20 00:00:00,1,小雨,2.9,34.7,0.1,3
2023-09-20 01:00:00,3,阴天,2.4,46.2,5.9,0
2023-09-20 02:00:00,3,晴天,3.3,82.8,1.8,17
2023-09-20 03:00:00,1,小雨,1.8,86.2,1.7,17
2023-09-20 04:00:00,7,阴天,4.8,98.9,3.3,13
2023-09-20 05:00:00,4,阴天,4.6,66.0,3.1,13
2023-09-20 06:00:00,10,晴天,7.4,43.6,0.9,50
2023-09-20 07:00:00,2,晴天,7.1,80.1,8.6,273
2023-09-20 08:00:00,10,晴天,8.0,56.0,12.9,313
2023-09-20 09:00:00,5,小雨,5.5,49.8,2.2,101
2023-09-20 10:00:00,6,小雨,10.7,65.0,2.5,64
2023-09-20 11:00:00,9,小雨,11.8,88.5,2.4,61
2023-09-20 12:00:00,4,晴天,16.9,58.4,2.0,179
2023-09-20 13:00:00,2,晴天,12.6,60.3,8.7,157
2023-09-20 14:00:00,5,多云,8.5,37.0,0.8,148
2023-09-20 15:00:00,3,多云,6.8,61.6,0.3,130
2023-09-20 16:00:00,2,小雨,9.6,70.0,8.0,82
2023-09-20 17:00:00,1,多云,5.4,58.7,0.7,328
2023-09-20 18:00:00,10,晴天,4.6,59.8,4.1,106
2023-09-20 19:00:00,2,晴天,2.8,63.4,0.7,103
2023-09-20 20:00:00,6,晴天,2.9,44.3,9.7,25
2023-09-20 21:00:00,8,晴天,5.0,25.8,4.7,106
2023-09-20 22:00:00,3,晴天,-4.0,58.5,7.5,13
2023-09-20 23:00:00,9,晴天,5.4,56.6,9.0,18
2023-09-21 00:00:00,9,晴天,0.7,68.6,0.3,0
2023-09-21 01:00:00,2,晴天,-0.4,96.0,1.7,9
2023-09-21 02:00:00,8,小雨,4.7,79.4,3.1,35
2023-09-21 03:00:00,10,晴天,2.2,29.1,4.9,0
2023-09-21 04:00:00,5,小雨,0.7,97.8,0.8,0
2023-09-21 05:00:00,4,小雨,0.5,70.0,7.4,1
2023-09-21 06:00:00,10,多云,8.4,56.0,0.7,30
2023-09-21 07:00:00,5,阴天,9.9,82.1,6.0,198
2023-09-21 08:00:00,4,晴天,7.6,21.7,2.2,311
2023-09-21 09:00:00,8,小雨,13.8,51.8,2.2,95
2023-09-21 10:00:00,4,阴天,10.8,63.0,1.4,99
2023-09-21 11:00:00,10,阴天,15.2,61.0,0.3,130
2023-09-21 12:00:00,6,晴天,8.5,82.7,1.3,91
2023-09-21 13:00:00,2,晴天,7.9,77.7,1.7,159
2023-09-21 14:00:00,5,晴天,9.1,70.2,2.0,138
2023-09-21 15:00:00,6,小雨,8.7,55.8,,58
2023-09-21 16:00:00,5,小雨,12.3,74.4,1.3,54
2023-09-21 17:00:00,2,晴天,8.5,51.0,1.6,347
2023-09-21 18:00:00,7,多云,4.1,71.6,7.1,105
2023-09-21 19:00:00,4,小雨,5.1,49.1,4.2,135
2023-09-21 20:00:00,8,多云,2.6,64.4,0.1,27
2023-09-21 21:00:00,7,阴天,0.4,38.2,5.0,30
2023-09-21 22:00:00,7,大雨,1.8,75.5,13.8,9
2023-09-21 23:00:00,9,晴天,0.9,53.3,8.4,13
2023-09-22 00:00:00,1,小雨,-1.0,39.5,5.4,0
2023-09-22 01:00:00,10,晴天,-0.8,45.5,3.0,0
2023-09-22 02:00:00,6,多云,4.5,55.4,1.0,12
2023-09-22 03:00:00,6,阴天,4.1,46.3,3.2,0
2023-09-22 04:00:00,6,阴天,6.7,70.8,3.6,38
2023-09-22 05:00:00,6,多云,4.2,55.8,1.0,7
2023-09-22 06:00:00,10,晴天,3.1,74.0,0.9,21
2023-09-22 07:00:00,7,晴天,5.9,55.8,1.5,310
2023-09-22 08:00:00,10,多云,11.9,70.8,3.1,257
2023-09-22 09:00:00,6,晴天,5.1,60.1,1.0,350
2023-09-22 10:00:00,1,多云,15.0,56.1,2.4,169
2023-09-22 11:00:00,3,晴天,7.8,44.4,6.9,169
2023-09-22 12:00:00,2,晴天,13.7,61.0,1.0,134
2023-09-22 13:00:00,6,晴天,8.1,71.0,10.1,151
2023-09-22 14:00:00,8,阴天,8.9,49.7,1.9,127
2023-09-22 15:00:00,3,小雨,3.7,59.8,0.3,0
2023-09-22 16:00:00,10,晴天,14.4,51.7,0.2,190
2023-09-22 17:00:00,8,晴天,9.4,89.0,1.2,294
2023-09-22 18:00:00,8,多云,8.2,64.7,0.9,295
2023-09-22 19:00:00,5,晴天,3.6,61.3,5.6,114
2023-09-22 20:00:00,8,多云,1.0,52.7,4.0,43
2023-09-22 21:00:00,6,大雨,5.1,73.3,6.5,3
2023-09-22 22:00:00,5,小雨,-1.6,60.0,2.7,1
2023-09-22 23:00:00,9,小雨,1.0,59.0,1.7,8
2023-09-23 00:00:00,7,多云,-2.4,58.9,0.9,12
2023-09-23 01:00:00,8,阴天,1.9,43.4,2.6,1
2023-09-23 02:00:00,1,阴天,-3.7,82.4,2.9,9
2023-09-23 03:00:00,2,多云,-1.6,73.8,1.5,18
2023-09-23 04:00:00,8,晴天,1.3,60.1,8.3,9
2023-09-23 05:00:00,9,多云,6.9,58.5,3.1,9
2023-09-23 06:00:00,4,晴天,4.7,46.8,5.5,6
2023-09-23 07:00:00,10,小雨,10.6,37.9,2.9,101
2023-09-23 08:00:00,10,多云,13.3,46.8,1.1,169
2023-09-23 09:00:00,9,晴天,8.9,77.2,4.0,213
2023-09-23 10:00:00,4,晴天,,54.2,0.8,85
2023-09-23 11:00:00,10,多云,14.1,76.2,2.7,83
2023-09-23 12:00:00,10,阴天,6.7,59.5,1.5,76
2023-09-23 13:00:00,10,多云,8.5,47.0,0.5,101
2023-09-23 14:00:00,9,小雨,5.6,49.0,1.6,54
2023-09-23 15:00:00,7,晴天,12.8,63.7,1.1,76
2023-09-23 16:00:00,2,多云,10.6,35.7,0.4,96
2023-09-23 17:00:00,9,多云,12.5,48.5,5.2,210
2023-09-23 18:00:00,4,小雨,5.0,53.2,2.1,75
2023-09-23 19:00:00,8,晴天,2.6,72.3,1.3,52
2023-09-23 20:00:00,7,多云,2.3,64.2,2.1,15
2023-09-23 21:00:00,7,晴天,-1.2,62.8,4.2,21
2023-09-23 22:00:00,8,晴天,6.3,67.0,0.1,57
2023-09-23 23:00:00,1,阴天,11.6,75.5,2.4,0
2023-09-24 00:00:00,5,晴天,-0.8,60.8,2.0,29
2023-09-24 01:00:00,2,晴天,3.3,44.5,6.7,0
2023-09-24 02:00:00,2,多云,1.5,62.8,2.4,0
2023-09-24 03:00:00,1,阴天,4.1,47.4,0.4,6
2023-09-24 04:00:00,5,多云,7.0,29.0,1.5,0
2023-09-24 05:00:00,2,小雨,1.6,62.8,2.9,0
2023-09-24 06:00:00,4,阴天,4.9,67.8,0.1,0
2023-09-24 07:00:00,3,晴天,11.2,65.2,,207
2023-09-24 08:00:00,3,多云,10.4,67.6,0.2,167
2023-09-24 09:00:00,2,多云,10.9,76.7,0.1,134
2023-09-24 10:00:00,6,大雨,12.2,45.5,0.0,35
2023-09-24 11:00:00,2,晴天,13.0,54.2,3.5,105
2023-09-24 12:00:00,8,晴天,14.8,,1.8,96
2023-09-24 13:00:00,8,小雨,13.4,66.7,0.3,38
2023-09-24 14:00:00,5,多云,10.5,78.4,5.8,89
2023-09-24 15:00:00,10,多云,10.9,51.8,0.7,114
2023-09-24 16:00:00,7,多云,8.6,70.8,1.2,92
2023-09-24 17:00:00,4,晴天,5.4,48.5,0.6,222
2023-09-24 18:00:00,1,多云,6.2,69.7,7.8,166
2023-09-24 19:00:00,2,多云,4.7,26.5,4.3,57
2023-09-24 20:00:00,10,阴天,-1.3,82.8,3.9,21
2023-09-24 21:00:00,10,晴天,5.1,43.6,0.1,60
2023-09-24 22:00:00,4,阴天,4.8,62.5,2.2,5
2023-09-24 23:00:00,1,小雨,3.1,81.1,2.6,10
2023-09-25 00:00:00,8,晴天,4.0,42.5,1.4,0
2023-09-25 01:00:00,9,小雨,1.0,86.4,1.2,16
2023-09-25 02:00:00,4,晴天,0.5,91.5,5.7,2
2023-09-25 03:00:00,10,阴天,5.7,70.3,0.1,0
2023-09-25 04:00:00,3,阴天,0.7,60.3,2.9,1
2023-09-25 05:00:00,2,晴天,1.8,57.2,1.5,10
2023-09-25 06:00:00,5,晴天,7.7,68.6,3.3,47
2023-09-25 07:00:00,3,多云,8.9,71.2,0.7,281
2023-09-25 08:00:00,10,多云,11.6,29.8,0.8,255
2023-09-25 09:00:00,7,多云,4.7,55.7,2.7,84
2023-09-25 10:00:00,6,晴天,10.4,51.2,11.7,147
2023-09-25 11:00:00,1,小雨,7.8,49.1,11.0,54
2023-09-25 12:00:00,8,晴天,13.9,49.4,0.9,141
2023-09-25 13:00:00,2,大雨,15.2,40.6,0.3,30
2023-09-25 14:00:00,5,大雨,12.2,83.2,2.7,66
2023-09-25 15:00:00,9,多云,8.2,51.2,1.6,159
2023-09-25 16:00:00,8,阴天,6.6,57.8,4.3,93
2023-09-25 17:00:00,2,晴天,6.4,55.3,2.3,364
2023-09-25 18:00:00,9,晴天,3.8,51.8,2.1,104
2023-09-25 19:00:00,5,小雨,4.6,66.3,3.1,44
2023-09-25 20:00:00,10,多云,1.6,55.3,0.4,40
2023-09-25 21:00:00,6,多云,-1.3,69.1,3.4,24
2023-09-25 22:00:00,3,阴天,3.2,83.6,2.0,6
2023-09-25 23:00:00,3,阴天,2.9,43.5,5.1,25
2023-09-26 00:00:00,10,小雨,6.4,64.8,0.4,0
2023-09-26 01:00:00,8,大雨,0.2,64.4,1.1,4
2023-09-26 02:00:00,10,晴天,-3.7,42.4,9.0,0
2023-09-26 03:00:00,10,晴天,5.3,69.7,2.4,23
2023-09-26 04:00:00,2,小雨,6.6,56.1,7.9,26
2023-09-26 05:00:00,2,多云,8.5,83.7,3.5,16
2023-09-26 06:00:00,5,多云,10.8,75.0,7.8,4
2023-09-26 07:00:00,6,晴天,12.1,60.0,1.1,314
2023-09-26 08:00:00,2,小雨,5.9,56.8,0.3,112
2023-09-26 09:00:00,5,晴天,14.5,86.0,4.9,241
2023-09-26 10:00:00,7,小雨,9.7,51.3,4.9,68
2023-09-26 11:00:00,10,晴天,13.6,64.0,2.9,132
2023-09-26 12:00:00,10,晴天,12.1,59.0,2.6,147
2023-09-26 13:00:00,8,晴天,8.3,77.9,7.4,158
2023-09-26 14:00:00,7,晴天,14.2,79.1,0.6,150
2023-09-26 15:00:00,8,阴天,8.5,68.1,2.9,101
2023-09-26 16:00:00,9,晴天,14.4,52.1,0.2,145
2023-09-26 17:00:00,5,晴天,5.3,57.7,0.5,345
2023-09-26 18:00:00,5,多云,3.3,41.5,1.7,82
2023-09-26 19:00:00,10,多云,3.1,63.7,5.2,102
2023-09-26 20:00:00,4,晴天,8.3,47.9,4.0,97
2023-09-26 21:00:00,9,晴天,-1.9,93.6,11.0,27
2023-09-26 22:00:00,5,阴天,4.7,51.8,0.1,38
2023-09-26 23:00:00,2,小雨,7.0,75.4,1.4,23
2023-09-27 00:00:00,10,多云,0.8,82.9,0.5,0
2023-09-27 01:00:00,8,多云,0.3,72.4,0.1,16
2023-09-27 02:00:00,7,晴天,2.2,52.4,0.9,27
2023-09-27 03:00:00,8,晴天,-0.6,51.3,0.8,2
2023-09-27 04:00:00,3,小雨,11.8,100.0,1.6,0
2023-09-27 05:00:00,4,阴天,7.1,89.6,0.5,14
2023-09-27 06:00:00,5,晴天,2.7,64.6,2.0,14
2023-09-27 07:00:00,6,大雨,5.2,54.9,7.6,58
2023-09-27 08:00:00,1,晴天,9.4,46.9,4.1,317
2023-09-27 09:00:00,4,晴天,6.0,50.7,5.5,294
2023-09-27 10:00:00,10,晴天,6.2,70.7,4.9,136
2023-09-27 11:00:00,5,晴天,12.1,94.7,1.5,130
2023-09-27 12:00:00,7,阴天,14.4,58.2,3.7,137
2023-09-27 13:00:00,5,多云,13.9,78.0,4.2,131
2023-09-27 14:00:00,1,晴天,10.5,73.5,0.7,175
2023-09-27 15:00:00,7,阴天,9.1,55.6,5.9,92
2023-09-27 16:00:00,8,阴天,9.0,75.0,1.8,98
2023-09-27 17:00:00,7,大雨,10.6,75.5,0.0,20
2023-09-27 18:00:00,4,阴天,2.6,,3.1,81
2023-09-27 19:00:00,8,晴天,2.7,53.8,3.4,95
2023-09-27 20:00:00,5,大雨,2.7,70.8,2.4,13
2023-09-27 21:00:00,10,小雨,2.1,77.8,0.7,4
2023-09-27 22:00:00,9,阴天,1.8,74.3,2.0,51
2023-09-27 23:00:00,10,大雨,1.4,76.2,1.5,28
2023-09-28 00:00:00,5,晴天,3.4,57.0,11.0,0
2023-09-28 01:00:00,1,大雨,-3.8,76.1,5.2,10
2023-09-28 02:00:00,9,晴天,-2.8,79.4,4.3,0
2023-09-28 03:00:00,5,晴天,0.8,53.1,0.6,21
2023-09-28 04:00:00,6,晴天,6.4,39.2,1.2,18
2023-09-28 05:00:00,4,阴天,3.1,84.5,1.4,28
2023-09-28 06:00:00,6,晴天,6.2,53.1,2.0,54
2023-09-28 07:00:00,8,多云,8.0,48.9,0.1,253
2023-09-28 08:00:00,3,多云,9.8,63.2,2.7,272
2023-09-28 09:00:00,5,阴天,14.6,56.0,1.3,227
2023-09-28 10:00:00,2,晴天,12.8,31.1,2.5,166
2023-09-28 11:00:00,2,大雨,14.2,73.4,0.0,23
2023-09-28 12:00:00,7,阴天,11.0,73.0,1.2,119
2023-09-28 13:00:00,10,多云,15.6,44.5,4.4,170
2023-09-28 14:00:00,10,多云,10.9,59.6,2.1,141
2023-09-28 15:00:00,10,小雨,4.0,44.7,4.7,0
2023-09-28 16:00:00,6,阴天,16.2,47.1,3.6,140
2023-09-28 17:00:00,4,大雨,7.8,51.0,5.8,73
2023-09-28 18:00:00,5,晴天,7.9,67.9,0.0,385
2023-09-28 19:00:00,1,阴天,1.8,90.2,0.9,63
2023-09-28 20:00:00,7,多云,10.4,53.8,2.4,86
2023-09-28 21:00:00,8,多云,0.4,72.6,8.5,46
2023-09-28 22:00:00,9,大雨,0.9,72.0,3.4,3
2023-09-28 23:00:00,8,晴天,-3.1,28.1,1.8,28
2023-09-29 00:00:00,5,大雨,2.4,39.2,0.4,0
2023-09-29 01:00:00,3,多云,0.7,90.7,2.0,8
2023-09-29 02:00:00,10,阴天,-2.6,52.4,1.7,0
2023-09-29 03:00:00,9,晴天,2.6,66.8,4.5,0
2023-09-29 04:00:00,6,多云,4.1,65.1,1.6,24
2023-09-29 05:00:00,5,大雨,4.3,28.1,1.2,27
2023-09-29 06:00:00,3,晴天,0.9,49.8,0.3,13
2023-09-29 07:00:00,6,晴天,8.5,70.9,0.1,322
2023-09-29 08:00:00,3,阴天,5.0,45.9,1.7,240
2023-09-29 09:00:00,10,晴天,12.5,54.3,1.3,330
2023-09-29 10:00:00,6,阴天,9.0,41.9,2.4,72
2023-09-29 11:00:00,4,晴天,14.0,47.4,3.7,170
2023-09-29 12:00:00,2,多云,11.4,,0.1,111
2023-09-29 13:00:00,8,大雨,11.4,32.1,2.1,23
2023-09-29 14:00:00,4,小雨,14.5,77.6,5.9,53
2023-09-29 15:00:00,9,多云,7.4,39.2,1.8,122
2023-09-29 16:00:00,7,多云,5.6,57.4,2.2,132
2023-09-29 17:00:00,2,大雨,9.3,48.8,2.0,69
2023-09-29 18:00:00,4,晴天,2.4,76.2,1.5,109
2023-09-29 19:00:00,5,多云,2.6,41.5,0.4,113
2023-09-29 20:00:00,3,晴天,,48.3,0.4,54
2023-09-29 21:00:00,9,多云,6.3,39.9,0.6,110
2023-09-29 22:00:00,5,晴天,-1.0,23.9,4.7,30
2023-09-29 23:00:00,2,晴天,-0.5,67.6,1.0,4
2023-09-30 00:00:00,3,多云,-2.5,60.5,8.9,5
2023-09-30 01:00:00,9,晴天,0.4,63.3,5.0,23
2023-09-30 02:00:00,7,晴天,1.6,72.2,3.5,23
2023-09-30 03:00:00,2,小雨,5.3,61.6,3.8,0
2023-09-30 04:00:00,9,多云,-0.1,53.3,0.1,10
2023-09-30 05:00:00,4,阴天,3.2,63.9,2.5,0
2023-09-30 06:00:00,9,小雨,10.6,52.4,8.5,8
2023-09-30 07:00:00,2,晴天,10.8,76.7,0.1,187
2023-09-30 08:00:00,10,小雨,6.8,54.6,1.0,62
2023-09-30 09:00:00,4,晴天,9.7,58.2,0.2,207
2023-09-30 10:00:00,5,大雨,16.6,69.5,2.5,9
2023-09-30 11:00:00,2,阴天,7.6,95.0,0.4,51
2023-09-30 12:00:00,10,多云,5.6,44.7,2.0,65
2023-09-30 13:00:00,1,小雨,9.6,41.7,3.8,37
2023-09-30 14:00:00,7,晴天,10.4,56.3,0.5,107
2023-09-30 15:00:00,10,多云,7.5,48.8,4.2,66
2023-09-30 16:00:00,1,阴天,11.8,70.5,0.2,74
2023-09-30 17:00:00,8,晴天,8.3,63.0,0.5,219
2023-09-30 18:00:00,3,晴天,4.5,43.2,1.0,66
2023-09-30 19:00:00,10,多云,3.4,71.2,4.8,50
2023-09-30 20:00:00,6,小雨,1.6,87.7,5.7,17
2023-09-30 21:00:00,7,多云,5.3,48.0,0.7,62
2023-09-30 22:00:00,10,阴天,0.6,64.9,0.3,10
2023-09-30 23:00:00,1,晴天,-2.1,27.1,5.7,10
2023-10-01 00:00:00,6,多云,2.9,54.5,3.1,17
2023-10-01 01:00:00,7,小雨,-0.7,64.6,0.5,10
2023-10-01 02:00:00,6,晴天,-3.4,57.9,2.4,2
2023-10-01 03:00:00,4,小雨,6.6,61.7,6.2,26
2023-10-01 04:00:00,1,晴天,4.3,48.3,0.2,19
2023-10-01 05:00:00,9,晴天,3.8,78.9,0.3,38
2023-10-01 06:00:00,4,晴天,4.4,53.8,1.0,0
2023-10-01 07:00:00,7,阴天,5.5,41.6,3.2,145
2023-10-01 08:00:00,7,多云,6.6,59.4,0.6,182
2023-10-01 09:00:00,2,大雨,7.7,73.8,5.1,45
2023-10-01 10:00:00,1,晴天,7.6,68.3,4.2,89
2023-10-01 11:00:00,8,多云,9.5,52.2,2.5,58
2023-10-01 12:00:00,8,多云,8.2,86.6,0.4,86
2023-10-01 13:00:00,7,阴天,10.5,58.9,13.3,57
2023-10-01 14:00:00,8,小雨,9.3,34.3,2.0,31
2023-10-01 15:00:00,3,小雨,6.4,68.9,1.8,66
2023-10-01 16:00:00,2,晴天,7.2,57.9,16.3,74
2023-10-01 17:00:00,7,多云,7.9,58.9,6.0,197
2023-10-01 18:00:00,8,多云,-1.8,73.3,1.8,44
2023-10-01 19:00:00,1,阴天,5.4,56.1,1.6,139
2023-10-01 20:00:00,10,晴天,-1.2,55.6,0.3,21
2023-10-01 21:00:00,9,晴天,0.1,41.2,7.8,28
2023-10-01 22:00:00,4,多云,-5.0,52.1,5.6,30
2023-10-01 23:00:00,4,晴天,1.9,63.7,1.1,23
2023-10-02 00:00:00,3,晴天,-2.2,51.2,4.2,1
2023-10-02 01:00:00,6,阴天,-1.3,35.0,4.3,0
2023-10-02 02:00:00,1,多云,0.9,69.8,0.8,4
2023-10-02 03:00:00,6,阴天,-4.4,70.4,2.9,13
2023-10-02 04:00:00,2,大雨,2.7,70.5,0.9,0
2023-10-02 05:00:00,9,晴天,5.7,46.1,,0
2023-10-02 06:00:00,2,多云,5.5,59.7,0.5,5
2023-10-02 07:00:00,7,晴天,5.1,63.6,3.3,321
2023-10-02 08:00:00,1,阴天,7.6,68.9,1.2,237
2023-10-02 09:00:00,7,多云,8.3,69.3,0.1,261
2023-10-02 10:00:00,5,多云,11.6,38.8,0.4,142
2023-10-02 11:00:00,8,晴天,13.6,85.8,3.2,102
2023-10-02 12:00:00,4,多云,8.8,41.9,0.8,135
2023-10-02 13:00:00,10,晴天,10.5,35.5,3.0,159
2023-10-02 14:00:00,7,多云,7.3,20.0,1.6,139
2023-10-02 15:00:00,6,大雨,9.8,70.5,3.5,8
2023-10-02 16:00:00,5,大雨,8.9,81.7,2.0,0
2023-10-02 17:00:00,4,晴天,5.8,50.5,1.1,374
2023-10-02 18:00:00,7,多云,6.6,33.5,0.5,285
2023-10-02 19:00:00,5,阴天,3.7,73.1,1.3,64
2023-10-02 20:00:00,5,晴天,2.4,40.5,,52
2023-10-02 21:00:00,1,阴天,-1.2,69.3,4.0,24
2023-10-02 22:00:00,2,晴天,1.2,46.1,0.5,36
2023-10-02 23:00:00,5,小雨,-1.6,53.4,3.3,13
2023-10-03 00:00:00,3,多云,2.6,64.8,0.6,18
2023-10-03 01:00:00,2,多云,-2.4,64.9,0.8,9
2023-10-03 02:00:00,4,阴天,1.5,61.6,2.3,0
2023-10-03 03:00:00,4,晴天,0.7,82.1,1.0,49
2023-10-03 04:00:00,4,晴天,3.3,85.7,3.3,4
2023-10-03 05:00:00,4,多云,3.5,86.9,9.4,12
2023-10-03 06:00:00,3,大雨,2.5,57.4,0.5,8
2023-10-03 07:00:00,7,晴天,9.6,61.6,2.5,317
2023-10-03 08:00:00,9,大雨,4.8,80.7,7.7,5
2023-10-03 09:00:00,5,多云,10.5,50.2,0.6,297
2023-10-03 10:00:00,4,晴天,4.2,53.6,1.4,35
2023-10-03 11:00:00,2,大雨,9.0,60.3,0.4,30
2023-10-03 12:00:00,2,晴天,14.6,59.7,3.1,169
2023-10-03 13:00:00,5,多云,9.0,55.7,3.3,128
2023-10-03 14:00:00,7,晴天,9.6,46.0,3.3,154
2023-10-03 15:00:00,10,多云,13.3,72.8,2.3,146
2023-10-03 16:00:00,10,小雨,7.1,54.2,4.1,57
2023-10-03 17:00:00,9,多云,7.1,62.3,0.1,276
2023-10-03 18:00:00,7,多云,6.8,59.9,9.5,330
2023-10-03 19:00:00,5,多云,-0.4,70.1,0.8,77
2023-10-03 20:00:00,10,晴天,1.0,66.8,0.4,34
2023-10-03 21:00:00,10,多云,1.9,56.2,8.5,6
2023-10-03 22:00:00,10,阴天,-4.1,,5.3,13
2023-10-03 23:00:00,6,阴天,4.3,58.3,4.3,1
2023-10-04 00:00:00,3,晴天,2.3,43.4,0.3,14
2023-10-04 01:00:00,5,晴天,2.0,47.9,4.9,0
2023-10-04 02:00:00,8,阴天,4.6,68.0,2.8,37
2023-10-04 03:00:00,1,多云,3.6,64.5,3.9,10
2023-10-04 04:00:00,1,多云,1.8,45.5,11.5,23
2023-10-04 05:00:00,7,大雨,-1.2,58.2,0.6,1
2023-10-04 06:00:00,5,晴天,3.0,36.6,2.1,26
2023-10-04 07:00:00,5,多云,4.3,62.0,4.2,50
2023-10-04 08:00:00,1,阴天,9.4,55.0,1.7,214
2023-10-04 09:00:00,9,小雨,8.8,91.4,0.2,92
2023-10-04 10:00:00,1,晴天,,68.8,0.4,38
2023-10-04 11:00:00,5,晴天,12.4,45.7,2.8,163
2023-10-04 12:00:00,10,晴天,14.0,45.5,1.0,164
2023-10-04 13:00:00,9,大雨,14.3,69.6,0.4,22
2023-10-04 14:00:00,4,晴天,5.9,73.2,1.2,155
2023-10-04 15:00:00,8,晴天,9.5,87.9,0.7,161
2023-10-04 16:00:00,6,阴天,4.5,77.3,0.1,37
2023-10-04 17:00:00,3,晴天,12.1,67.2,0.5,330
2023-10-04 18:00:00,4,晴天,5.1,81.3,6.4,302
2023-10-04 19:00:00,2,晴天,2.6,61.1,0.0,117
2023-10-04 20:00:00,1,晴天,0.8,60.5,4.5,48
2023-10-04 21:00:00,8,多云,2.5,41.8,4.2,35
2023-10-04 22:00:00,1,阴天,2.2,82.6,2.5,3
2023-10-04 23:00:00,1,阴天,-4.8,62.0,0.7,21
2023-10-05 00:00:00,4,多云,4.2,58.5,6.3,11
2023-10-05 01:00:00,10,多云,1.6,48.1,1.9,25
2023-10-05 02:00:00,10,多云,4.8,78.4,0.6,33
2023-10-05 03:00:00,6,晴天,6.6,74.8,1.7,37
2023-10-05 04:00:00,9,晴天,2.2,46.5,0.7,24
2023-10-05 05:00:00,1,阴天,6.3,67.7,1.4,42
2023-10-05 06:00:00,7,晴天,3.3,71.9,2.1,14
2023-10-05 07:00:00,10,晴天,4.9,41.3,1.3,126
2023-10-05 08:00:00,5,多云,12.2,69.6,3.2,290
2023-10-05 09:00:00,8,多云,6.3,66.6,8.2,266
2023-10-05 10:00:00,7,晴天,9.9,69.3,1.3,159
2023-10-05 11:00:00,4,晴天,7.1,89.8,1.3,137
2023-10-05 12:00:00,4,多云,8.0,100.0,4.0,134
2023-10-05 13:00:00,6,小雨,8.3,78.5,2.3,69
2023-10-05 14:00:00,6,晴天,13.7,63.9,1.7,160
2023-10-05 15:00:00,9,多云,10.1,69.6,5.0,150
2023-10-05 16:00:00,5,多云,10.0,66.5,6.7,128
2023-10-05 17:00:00,8,阴天,0.9,95.3,2.7,45
2023-10-05 18:00:00,5,晴天,5.1,62.1,0.6,374
2023-10-05 19:00:00,2,晴天,2.6,53.8,1.9,103
2023-10-05 20:00:00,6,多云,4.0,68.2,2.1,67
2023-10-05 21:00:00,9,小雨,8.7,91.3,1.7,35
2023-10-05 22:00:00,3,晴天,-5.0,45.5,0.9,41
2023-10-05 23:00:00,1,多云,1.4,49.9,1.9,0
2023-10-06 00:00:00,1,晴天,6.6,49.1,1.8,57
2023-10-06 01:00:00,3,晴天,-1.4,42.0,0.7,11
2023-10-06 02:00:00,10,多云,1.1,45.7,7.0,8
2023-10-06 03:00:00,5,晴天,3.5,74.1,6.5,10
2023-10-06 04:00:00,3,大雨,-4.0,63.3,4.3,0
2023-10-06 05:00:00,9,小雨,4.5,40.6,1.5,0
2023-10-06 06:00:00,8,多云,2.6,70.3,1.4,18
2023-10-06 07:00:00,3,多云,12.4,65.2,3.8,251
2023-10-06 08:00:00,9,多云,6.9,74.3,2.8,290
2023-10-06 09:00:00,6,晴天,6.4,50.9,2.8,320
2023-10-06 10:00:00,7,阴天,11.9,41.6,0.4,111
2023-10-06 11:00:00,4,阴天,11.3,70.2,2.9,74
2023-10-06 12:00:00,4,晴天,12.7,72.4,7.0,159
2023-10-06 13:00:00,2,晴天,15.6,43.4,0.3,187
2023-10-06 14:00:00,5,晴天,7.6,63.6,1.2,150
2023-10-06 15:00:00,8,小雨,13.7,50.8,2.1,36
2023-10-06 16:00:00,7,小雨,13.1,74.6,3.5,46
2023-10-06 17:00:00,7,大雨,4.0,69.9,0.3,14
2023-10-06 18:00:00,6,大雨,3.0,78.3,6.2,12
2023-10-06 19:00:00,3,多云,3.8,47.4,0.1,105
2023-10-06 20:00:00,5,小雨,1.9,49.7,5.8,0
2023-10-06 21:00:00,1,小雨,6.6,54.4,0.1,39
2023-10-06 22:00:00,7,多云,-1.9,52.0,0.5,24
2023-10-06 23:00:00,9,多云,0.9,65.5,4.8,3
2023-10-07 00:00:00,1,小雨,-2.3,43.8,5.9,0
2023-10-07 01:00:00,2,多云,0.5,82.8,12.1,21
2023-10-07 02:00:00,3,小雨,7.1,86.2,0.4,37
2023-10-07 03:00:00,3,小雨,6.9,76.6,2.2,0
2023-10-07 04:00:00,8,小雨,3.6,67.5,0.2,0
2023-10-07 05:00:00,7,小雨,5.6,58.2,0.5,0
2023-10-07 06:00:00,6,多云,6.4,62.8,0.6,15
2023-10-07 07:00:00,10,小雨,5.4,48.7,0.2,93
2023-10-07 08:00:00,10,多云,13.2,62.4,6.7,172
2023-10-07 09:00:00,4,晴天,12.5,65.0,0.4,192
2023-10-07 10:00:00,9,晴天,10.0,47.6,3.0,93
2023-10-07 11:00:00,1,多云,9.2,84.3,2.9,58
2023-10-07 12:00:00,2,多云,9.5,58.7,0.7,90
2023-10-07 13:00:00,4,阴天,10.8,44.6,19.3,77
2023-10-07 14:00:00,3,多云,9.2,56.9,1.3,88
2023-10-07 15:00:00,1,多云,12.0,51.0,7.1,46
2023-10-07 16:00:00,5,晴天,8.9,47.4,8.9,93
2023-10-07 17:00:00,7,晴天,3.4,83.6,8.9,49
2023-10-07 18:00:00,2,大雨,1.6,60.1,4.2,24
2023-10-07 19:00:00,5,晴天,6.7,75.4,0.9,221
2023-10-07 20:00:00,6,小雨,-1.0,66.2,0.4,15
2023-10-07 21:00:00,7,小雨,0.4,67.1,2.5,0
2023-10-07 22:00:00,1,多云,-0.6,59.8,1.3,29
2023-10-07 23:00:00,7,阴天,-3.5,53.5,5.3,23
2023-10-08 00:00:00,4,多云,0.9,79.5,4.1,0
2023-10-08 01:00:00,8,晴天,-0.2,69.8,1.0,0
2023-10-08 02:00:00,4,阴天,-1.2,57.3,0.1,16
2023-10-08 03:00:00,6,阴天,7.7,74.9,0.8,13
2023-10-08 04:00:00,9,晴天,-4.8,82.7,2.5,21
2023-10-08 05:00:00,5,晴天,1.1,65.5,0.2,10
2023-10-08 06:00:00,4,晴天,3.3,83.3,3.2,16
2023-10-08 07:00:00,8,晴天,2.2,52.8,3.3,47
2023-10-08 08:00:00,9,阴天,14.3,46.5,0.6,140
2023-10-08 09:00:00,4,多云,15.3,54.9,2.7,219
2023-10-08 10:00:00,3,多云,7.3,60.6,2.8,68
2023-10-08 11:00:00,8,阴天,13.6,83.3,2.0,66
2023-10-08 12:00:00,5,多云,11.8,54.3,9.2,50
2023-10-08 13:00:00,2,晴天,14.8,65.8,0.3,96
2023-10-08 14:00:00,10,阴天,9.0,76.5,1.6,45
2023-10-08 15:00:00,9,大雨,9.8,67.0,6.4,0
2023-10-08 16:00:00,3,大雨,11.7,52.6,1.5,29
2023-10-08 17:00:00,2,多云,10.0,40.8,1.7,168
2023-10-08 18:00:00,1,大雨,5.5,78.3,3.3,16
2023-10-08 19:00:00,8,晴天,0.9,44.2,3.3,74
2023-10-08 20:00:00,3,多云,0.2,54.3,0.1,0
2023-10-08 21:00:00,7,阴天,-4.1,60.5,1.8,28
2023-10-08 22:00:00,1,晴天,3.0,79.0,1.2,28
2023-10-08 23:00:00,1,大雨,0.8,75.0,3.0,0
2023-10-09 00:00:00,9,多云,0.9,62.2,2.4,24
2023-10-09 01:00:00,8,晴天,0.1,78.2,3.2,0
2023-10-09 02:00:00,3,大雨,-2.8,81.5,3.2,8
2023-10-09 03:00:00,6,晴天,2.4,52.8,0.9,0
2023-10-09 04:00:00,3,小雨,4.3,54.1,0.8,0
2023-10-09 05:00:00,4,晴天,1.1,71.2,1.4,4
2023-10-09 06:00:00,1,阴天,4.9,85.5,0.8,25
2023-10-09 07:00:00,5,晴天,4.3,49.6,3.4,89
2023-10-09 08:00:00,1,晴天,6.9,32.4,2.8,323
2023-10-09 09:00:00,1,晴天,5.1,69.7,0.7,318
2023-10-09 10:00:00,10,阴天,8.5,80.5,6.5,71
2023-10-09 11:00:00,7,小雨,14.7,61.9,1.9,44
2023-10-09 12:00:00,6,小雨,8.5,99.5,0.4,52
2023-10-09 13:00:00,2,多云,7.8,47.4,0.7,131
2023-10-09 14:00:00,2,多云,7.5,48.9,2.3,143
2023-10-09 15:00:00,7,晴天,8.0,48.7,1.2,152
2023-10-09 16:00:00,1,多云,12.9,61.3,5.7,128
2023-10-09 17:00:00,2,晴天,10.5,61.7,2.0,375
2023-10-09 18:00:00,8,阴天,4.6,48.5,7.4,70
2023-10-09 19:00:00,6,大雨,1.8,76.9,0.3,0
2023-10-09 20:00:00,2,多云,-2.8,64.0,3.3,39
2023-10-09 21:00:00,7,晴天,-1.3,44.5,6.5,21
2023-10-09 22:00:00,4,大雨,-5.0,69.2,1.0,5
2023-10-09 23:00:00,2,晴天,2.4,53.7,0.4,2
2023-10-10 00:00:00,6,晴天,4.0,61.5,1.8,0
2023-10-10 01:00:00,9,晴天,-1.0,73.3,9.8,0
2023-10-10 02:00:00,9,多云,1.8,75.0,3.0,14
2023-10-10 03:00:00,8,大雨,-1.8,73.7,3.1,0
2023-10-10 04:00:00,3,晴天,-3.3,60.7,3.3,31
2023-10-10 05:00:00,3,晴天,3.9,45.4,0.1,27
2023-10-10 06:00:00,2,多云,6.2,55.2,1.8,19
2023-10-10 07:00:00,5,小雨,11.4,60.3,0.2,148
2023-10-10 08:00:00,4,晴天,13.7,83.2,1.1,290
2023-10-10 09:00:00,7,晴天,7.7,52.1,5.2,320
2023-10-10 10:00:00,4,阴天,12.1,63.0,3.2,114
2023-10-10 11:00:00,9,阴天,10.8,41.5,16.3,110
2023-10-10 12:00:00,2,阴天,10.0,65.1,0.6,130
2023-10-10 13:00:00,6,大雨,9.7,59.3,1.5,3
2023-10-10 14:00:00,7,晴天,8.9,58.1,5.0,152
2023-10-10 15:00:00,4,晴天,8.2,72.7,0.7,169
2023-10-10 16:00:00,6,晴天,12.5,49.7,0.5,168
2023-10-10 17:00:00,7,晴天,6.9,81.0,1.7,290
2023-10-10 18:00:00,4,阴天,10.2,48.6,1.5,272
2023-10-10 19:00:00,8,大雨,1.0,80.5,11.8,16
2023-10-10 20:00:00,9,小雨,-5.0,36.1,1.8,13
2023-10-10 21:00:00,1,晴天,0.1,64.6,5.9,41
2023-10-10 22:00:00,7,阴天,-1.8,69.2,6.6,20
2023-10-10 23:00:00,9,大雨,-4.3,54.6,0.5,2
2023-10-11 00:00:00,10,晴天,3.9,64.2,3.8,0
2023-10-11 01:00:00,5,阴天,-3.8,54.5,1.0,52
2023-10-11 02:00:00,2,晴天,2.4,66.7,0.3,4
2023-10-11 03:00:00,10,晴天,7.5,63.8,6.2,49
2023-10-11 04:00:00,6,小雨,-0.9,93.3,1.0,32
2023-10-11 05:00:00,7,小雨,3.0,39.3,1.3,0
2023-10-11 06:00:00,2,晴天,9.1,63.0,1.2,48
2023-10-11 07:00:00,2,晴天,5.0,53.7,0.7,325
2023-10-11 08:00:00,10,阴天,8.5,61.9,1.7,251
2023-10-11 09:00:00,10,小雨,10.5,58.0,1.7,111
2023-10-11 10:00:00,1,小雨,9.9,54.8,1.6,48
2023-10-11 11:00:00,4,晴天,8.5,52.2,7.4,155
2023-10-11 12:00:00,7,晴天,7.7,70.7,1.2,148
2023-10-11 13:00:00,9,晴天,6.5,54.4,0.1,149
2023-10-11 14:00:00,3,晴天,11.1,59.7,0.6,186
2023-10-11 15:00:00,7,晴天,6.6,62.8,3.8,157
2023-10-11 16:00:00,7,晴天,11.1,49.1,2.7,144
2023-10-11 17:00:00,7,多云,11.1,69.1,9.1,302
2023-10-11 18:00:00,2,晴天,1.5,45.6,3.6,115
2023-10-11 19:00:00,6,大雨,5.9,67.4,0.6,61
2023-10-11 20:00:00,2,晴天,8.7,66.0,0.4,95
2023-10-11 21:00:00,6,多云,-1.1,58.0,2.2,1
2023-10-11 22:00:00,10,晴天,4.3,43.6,3.3,30
2023-10-11 23:00:00,3,多云,1.9,60.1,0.5,8
2023-10-12 00:00:00,2,晴天,2.9,44.5,2.8,2
2023-10-12 01:00:00,6,阴天,-2.1,58.3,6.0,27
2023-10-12 02:00:00,2,大雨,6.4,71.8,3.9,14
2023-10-12 03:00:00,5,多云,-0.5,59.8,3.3,11
2023-10-12 04:00:00,2,晴天,4.4,78.8,4.7,6
2023-10-12 05:00:00,3,多云,3.5,64.4,0.3,35
2023-10-12 06:00:00,3,大雨,6.6,71.6,0.7,0
2023-10-12 07:00:00,6,晴天,3.3,70.8,0.1,90
2023-10-12 08:00:00,6,多云,3.8,81.1,0.5,59
2023-10-12 09:00:00,10,大雨,9.4,40.4,7.3,54
2023-10-12 10:00:00,3,大雨,8.2,52.2,0.8,33
2023-10-12 11:00:00,3,大雨,8.6,60.4,3.3,3
2023-10-12 12:00:00,1,阴天,11.6,72.0,3.5,97
2023-10-12 13:00:00,7,阴天,5.3,62.5,3.1,114
2023-10-12 14:00:00,8,多云,13.0,59.9,2.4,122
2023-10-12 15:00:00,2,多云,8.9,75.5,2.0,125
2023-10-12 16:00:00,4,大雨,9.8,54.9,1.6,26
2023-10-12 17:00:00,10,小雨,7.9,54.2,7.5,125
2023-10-12 18:00:00,7,阴天,6.7,67.8,0.0,256
2023-10-12 19:00:00,8,晴天,0.1,95.9,0.2,96
2023-10-12 20:00:00,1,多云,6.0,59.7,2.0,88
2023-10-12 21:00:00,4,晴天,2.3,50.3,1.2,52
2023-10-12 22:00:00,6,晴天,-0.8,51.5,1.6,42
2023-10-12 23:00:00,3,晴天,-0.2,54.5,18.4,11
2023-10-13 00:00:00,5,小雨,1.1,79.9,4.5,0
2023-10-13 01:00:00,10,晴天,0.7,54.5,6.3,38
2023-10-13 02:00:00,9,小雨,2.5,64.6,1.4,0
2023-10-13 03:00:00,3,小雨,6.4,58.6,0.8,10
2023-10-13 04:00:00,5,晴天,-0.6,40.3,4.4,5
2023-10-13 05:00:00,8,晴天,6.0,55.1,4.9,44
2023-10-13 06:00:00,6,小雨,4.7,22.9,2.4,38
2023-10-13 07:00:00,4,大雨,9.7,62.6,6.8,53
2023-10-13 08:00:00,8,阴天,12.4,67.3,10.3,220
2023-10-13 09:00:00,3,阴天,9.1,47.3,1.9,227
2023-10-13 10:00:00,3,阴天,11.2,51.9,0.8,88
2023-10-13 11:00:00,4,多云,13.5,39.9,2.2,129
2023-10-13 12:00:00,9,阴天,13.0,26.8,13.7,133
2023-10-13 13:00:00,5,大雨,13.6,37.4,1.0,33
2023-10-13 14:00:00,8,阴天,8.4,69.8,2.9,126
2023-10-13 15:00:00,6,晴天,7.0,55.3,3.6,171
2023-10-13 16:00:00,3,阴天,4.1,63.1,0.7,21
2023-10-13 17:00:00,8,多云,5.7,90.6,2.7,275
2023-10-13 18:00:00,9,大雨,4.7,75.0,1.1,0
2023-10-13 19:00:00,8,晴天,3.3,68.1,5.8,114
2023-10-13 20:00:00,4,多云,4.0,52.7,3.8,0
2023-10-13 21:00:00,6,晴天,3.0,83.4,5.3,0
2023-10-13 22:00:00,1,晴天,0.5,78.5,0.7,45
2023-10-13 23:00:00,4,晴天,1.2,73.4,0.1,1
2023-10-14 00:00:00,8,大雨,2.5,59.9,5.7,19
2023-10-14 01:00:00,1,晴天,-2.2,46.1,1.5,0
2023-10-14 02:00:00,3,晴天,3.5,82.8,0.6,4
2023-10-14 03:00:00,1,晴天,-0.4,73.1,0.3,0
2023-10-14 04:00:00,9,多云,6.8,56.9,2.2,14
2023-10-14 05:00:00,2,晴天,4.2,55.8,0.5,30
2023-10-14 06:00:00,9,晴天,5.2,41.7,2.5,50
2023-10-14 07:00:00,4,多云,0.9,71.4,3.9,57
2023-10-14 08:00:00,2,小雨,9.5,62.6,2.3,51
2023-10-14 09:00:00,4,晴天,8.8,66.0,7.0,176
2023-10-14 10:00:00,10,晴天,9.9,74.0,0.5,96
2023-10-14 11:00:00,6,晴天,,70.8,2.0,81
2023-10-14 12:00:00,7,阴天,11.9,46.9,0.5,74
2023-10-14 13:00:00,3,多云,12.3,60.3,6.3,104
2023-10-14 14:00:00,3,多云,10.8,66.2,8.1,64
2023-10-14 15:00:00,10,晴天,12.5,67.3,1.5,80
2023-10-14 16:00:00,8,多云,5.3,36.1,1.1,61
2023-10-14 17:00:00,5,晴天,4.5,44.9,1.0,61
2023-10-14 18:00:00,4,晴天,6.2,69.9,5.9,219
2023-10-14 19:00:00,7,多云,5.7,69.6,3.4,185
2023-10-14 20:00:00,7,多云,4.1,84.1,6.4,26
2023-10-14 21:00:00,9,晴天,-2.4,36.7,0.4,24
2023-10-14 22:00:00,9,小雨,-2.9,73.5,1.9,6
2023-10-14 23:00:00,5,阴天,-0.4,65.6,3.4,5
2023-10-15 00:00:00,8,多云,-5.0,44.2,6.8,7
2023-10-15 01:00:00,10,小雨,1.0,33.5,1.4,1
2023-10-15 02:00:00,1,阴天,0.4,74.1,1.1,0
2023-10-15 03:00:00,9,大雨,-1.3,45.2,7.3,0
2023-10-15 04:00:00,8,多云,0.8,40.3,0.1,8
2023-10-15 05:00:00,6,小雨,4.0,66.8,2.0,0
2023-10-15 06:00:00,3,晴天,0.5,59.9,1.8,14
2023-10-15 07:00:00,3,多云,4.5,68.6,0.5,50
2023-10-15 08:00:00,8,晴天,6.7,66.5,1.5,195
2023-10-15 09:00:00,5,晴天,7.6,100.0,3.8,170
2023-10-15 10:00:00,10,多云,8.5,70.9,1.4,58
2023-10-15 11:00:00,7,晴天,13.9,69.9,1.1,120
2023-10-15 12:00:00,5,小雨,12.8,46.8,4.6,3
2023-10-15 13:00:00,8,多云,7.9,83.4,13.5,85
2023-10-15 14:00:00,10,多云,6.2,52.4,4.5,82
2023-10-15 15:00:00,10,晴天,7.3,46.3,5.6,85
2023-10-15 16:00:00,4,晴天,11.2,56.8,8.4,71
2023-10-15 17:00:00,2,多云,-0.1,66.6,4.9,46
2023-10-15 18:00:00,3,阴天,5.3,53.1,11.8,148
2023-10-15 19:00:00,8,晴天,2.8,46.9,4.1,68
2023-10-15 20:00:00,7,晴天,6.1,46.5,3.2,84
2023-10-15 21:00:00,2,阴天,4.4,63.1,3.5,14
2023-10-15 22:00:00,6,晴天,-3.7,68.4,6.9,23
2023-10-15 23:00:00,9,阴天,3.8,69.6,3.4,10
2023-10-16 00:00:00,4,多云,-5.0,36.7,4.3,4
2023-10-16 01:00:00,9,多云,2.0,47.5,0.7,7
2023-10-16 02:00:00,2,晴天,2.8,74.0,7.3,10
2023-10-16 03:00:00,2,晴天,6.5,53.6,1.8,48
2023-10-16 04:00:00,9,晴天,3.2,63.0,0.5,0
2023-10-16 05:00:00,7,阴天,1.7,99.4,4.8,0
2023-10-16 06:00:00,7,小雨,2.0,26.2,1.3,9
2023-10-16 07:00:00,1,小雨,10.7,58.1,0.6,108
2023-10-16 08:00:00,6,大雨,12.6,70.6,0.9,51
2023-10-16 09:00:00,7,晴天,7.2,45.3,0.1,316
2023-10-16 10:00:00,6,小雨,9.4,58.0,0.3,67
2023-10-16 11:00:00,6,多云,13.9,42.0,2.7,152
2023-10-16 12:00:00,2,大雨,12.3,68.7,6.0,15
2023-10-16 13:00:00,6,晴天,9.3,49.9,1.8,167
2023-10-16 14:00:00,4,小雨,7.1,53.5,3.0,63
2023-10-16 15:00:00,9,阴天,,73.5,5.0,102
2023-10-16 16:00:00,1,多云,10.4,68.3,1.3,132
2023-10-16 17:00:00,8,晴天,5.2,74.6,3.2,383
2023-10-16 18:00:00,5,多云,3.8,,1.3,71
2023-10-16 19:00:00,1,晴天,5.5,61.1,3.1,383
2023-10-16 20:00:00,4,小雨,2.7,91.8,0.7,7
2023-10-16 21:00:00,1,阴天,2.6,62.9,11.4,0
2023-10-16 22:00:00,6,多云,-0.3,79.8,0.2,24
2023-10-16 23:00:00,2,多云,-0.9,59.6,2.1,0
2023-10-17 00:00:00,5,小雨,-2.2,72.6,1.0,0
2023-10-17 01:00:00,7,晴天,2.3,53.6,2.8,6
2023-10-17 02:00:00,2,晴天,0.9,80.1,1.7,36
2023-10-17 03:00:00,6,阴天,2.3,77.3,1.1,32
2023-10-17 04:00:00,6,小雨,-0.6,56.8,0.9,5
2023-10-17 05:00:00,5,晴天,5.8,62.3,0.6,57
2023-10-17 06:00:00,5,晴天,5.9,45.8,4.6,33
2023-10-17 07:00:00,3,小雨,8.5,74.0,0.8,103
2023-10-17 08:00:00,10,大雨,8.5,72.6,4.5,57
2023-10-17 09:00:00,10,大雨,9.4,41.5,2.0,55
2023-10-17 10:00:00,2,晴天,3.9,92.6,0.2,23
2023-10-17 11:00:00,7,阴天,13.2,66.0,0.5,94
2023-10-17 12:00:00,1,多云,6.0,56.5,6.7,146
2023-10-17 13:00:00,6,小雨,12.9,78.0,2.8,34
2023-10-17 14:00:00,6,多云,9.1,52.2,0.6,140
2023-10-17 15:00:00,3,晴天,3.7,79.6,3.6,42
2023-10-17 16:00:00,2,阴天,7.2,42.4,5.2,116
2023-10-17 17:00:00,2,晴天,1.8,56.7,1.2,124
2023-10-17 18:00:00,9,晴天,8.3,58.7,2.4,350
2023-10-17 19:00:00,5,大雨,2.2,51.8,1.0,0
2023-10-17 20:00:00,7,小雨,-0.6,48.9,0.3,33
2023-10-17 21:00:00,5,大雨,3.4,52.7,1.5,3
2023-10-17 22:00:00,7,多云,0.5,52.0,4.2,31
2023-10-17 23:00:00,4,多云,1.7,53.0,1.8,23
2023-10-18 00:00:00,8,阴天,-0.3,81.5,1.6,0
2023-10-18 01:00:00,10,晴天,3.6,66.5,1.4,25
2023-10-18 02:00:00,10,阴天,-0.5,58.7,1.8,17
2023-10-18 03:00:00,7,晴天,-3.3,71.5,1.1,33
2023-10-18 04:00:00,10,大雨,-0.8,58.6,2.8,23
2023-10-18 05:00:00,5,晴天,5.0,48.1,0.2,39
2023-10-18 06:00:00,6,多云,3.0,35.9,4.9,21
2023-10-18 07:00:00,5,阴天,10.1,74.8,0.6,225
2023-10-18 08:00:00,7,多云,4.0,26.6,3.0,84
2023-10-18 09:00:00,2,小雨,11.6,37.4,1.8,108
2023-10-18 10:00:00,5,大雨,8.0,67.6,4.5,20
2023-10-18 11:00:00,10,小雨,13.8,59.7,5.2,33
2023-10-18 12:00:00,3,阴天,11.5,81.9,0.7,84
2023-10-18 13:00:00,9,多云,10.4,50.3,3.4,151
2023-10-18 14:00:00,6,晴天,11.3,71.5,0.6,167
2023-10-18 15:00:00,10,晴天,12.2,57.4,0.4,157
2023-10-18 16:00:00,3,晴天,7.3,68.2,8.0,152
2023-10-18 17:00:00,7,晴天,0.7,62.5,0.5,101
2023-10-18 18:00:00,4,多云,8.6,67.6,0.8,294
2023-10-18 19:00:00,3,晴天,2.9,63.2,0.4,121
2023-10-18 20:00:00,8,晴天,10.2,64.4,1.9,80
2023-10-18 21:00:00,4,晴天,-0.3,43.7,7.6,7
2023-10-18 22:00:00,1,大雨,-0.5,61.1,0.9,18
2023-10-18 23:00:00,6,多云,,69.0,2.3,13
2023-10-19 00:00:00,10,多云,2.3,59.2,1.6,10
2023-10-19 01:00:00,1,阴天,1.4,58.5,1.2,11
2023-10-19 02:00:00,5,晴天,-1.0,31.8,2.5,41
2023-10-19 03:00:00,7,阴天,-2.0,83.0,2.5,7
2023-10-19 04:00:00,6,小雨,0.5,39.5,1.3,8
2023-10-19 05:00:00,2,晴天,-0.8,50.7,5.7,42
2023-10-19 06:00:00,4,小雨,11.2,48.2,0.2,14
2023-10-19 07:00:00,2,大雨,3.2,64.5,0.3,40
2023-10-19 08:00:00,1,多云,6.6,65.1,14.1,243
2023-10-19 09:00:00,3,阴天,10.6,69.9,4.1,207
2023-10-19 10:00:00,3,晴天,9.3,70.6,4.9,145
2023-10-19 11:00:00,7,晴天,8.1,85.9,2.8,133
2023-10-19 12:00:00,1,晴天,9.6,55.4,1.6,182
2023-10-19 13:00:00,9,晴天,8.0,47.5,3.0,147
2023-10-19 14:00:00,6,晴天,8.6,56.5,0.3,170
2023-10-19 15:00:00,4,阴天,9.7,43.4,4.3,141
2023-10-19 16:00:00,3,晴天,4.4,54.8,2.3,70
2023-10-19 17:00:00,3,多云,9.5,36.7,9.4,301
2023-10-19 18:00:00,2,多云,5.2,47.5,3.0,321
2023-10-19 19:00:00,2,阴天,2.0,34.7,0.5,80
2023-10-19 20:00:00,10,阴天,1.6,78.1,1.9,11
2023-10-19 21:00:00,5,大雨,5.0,61.7,0.2,11
2023-10-19 22:00:00,9,阴天,3.1,88.2,4.1,10
2023-10-19 23:00:00,2,大雨,0.9,76.7,2.1,3
2023-10-20 00:00:00,2,阴天,-1.8,78.1,1.4,0
2023-10-20 01:00:00,6,小雨,1.9,57.9,10.4,0
2023-10-20 02:00:00,10,晴天,0.7,67.4,,7
2023-10-20 03:00:00,2,多云,6.7,46.6,9.2,37
2023-10-20 04:00:00,4,小雨,2.4,52.0,0.7,0
2023-10-20 05:00:00,6,多云,8.8,60.2,3.9,40
2023-10-20 06:00:00,5,晴天,5.6,33.9,8.7,39
2023-10-20 07:00:00,1,多云,3.2,52.4,2.5,92
2023-10-20 08:00:00,6,阴天,17.4,71.9,0.7,306
2023-10-20 09:00:00,1,晴天,4.2,52.6,5.1,117
2023-10-20 10:00:00,3,大雨,3.4,49.0,6.4,16
2023-10-20 11:00:00,10,小雨,3.6,54.2,3.6,13
2023-10-20 12:00:00,5,阴天,18.2,71.2,1.0,143
2023-10-20 13:00:00,10,阴天,16.2,65.4,0.6,175
2023-10-20 14:00:00,5,大雨,9.8,56.6,2.9,38
2023-10-20 15:00:00,10,多云,9.8,60.3,2.0,133
2023-10-20 16:00:00,6,晴天,8.3,72.9,3.3,153
2023-10-20 17:00:00,10,多云,1.0,79.6,,83
2023-10-20 18:00:00,8,大雨,9.4,52.9,0.4,38
2023-10-20 19:00:00,5,阴天,7.7,58.8,1.4,277
2023-10-20 20:00:00,1,大雨,-1.2,78.7,0.9,11
2023-10-20 21:00:00,5,晴天,2.4,67.8,2.9,12
2023-10-20 22:00:00,3,多云,0.4,39.0,1.4,24
2023-10-20 23:00:00,4,晴天,-0.5,46.6,3.5,30
2023-10-21 00:00:00,8,晴天,-2.0,47.1,4.4,0
2023-10-21 01:00:00,7,晴天,-0.2,53.8,0.6,0
2023-10-21 02:00:00,5,晴天,-0.9,65.5,7.6,12
2023-10-21 03:00:00,2,大雨,4.7,88.3,4.6,10
2023-10-21 04:00:00,6,晴天,2.4,58.8,3.0,0
2023-10-21 05:00:00,6,晴天,1.6,69.9,7.2,0
2023-10-21 06:00:00,10,阴天,4.9,77.0,0.9,11
2023-10-21 07:00:00,10,多云,5.9,82.3,1.6,115
2023-10-21 08:00:00,6,晴天,6.9,77.0,0.3,186
2023-10-21 09:00:00,9,晴天,10.6,48.8,1.8,193
2023-10-21 10:00:00,8,晴天,8.5,38.2,2.1,104
2023-10-21 11:00:00,8,晴天,,50.6,2.9,87
2023-10-21 12:00:00,1,晴天,5.9,62.5,0.2,102
2023-10-21 13:00:00,5,多云,9.8,48.9,0.1,96
2023-10-21 14:00:00,7,晴天,13.1,35.6,1.6,86
2023-10-21 15:00:00,6,多云,8.2,41.8,0.6,127
2023-10-21 16:00:00,5,阴天,6.0,100.0,4.3,73
2023-10-21 17:00:00,8,多云,4.0,56.7,3.3,59
2023-10-21 18:00:00,3,阴天,-0.2,87.0,1.2,33
2023-10-21 19:00:00,6,多云,7.2,56.5,0.1,176
2023-10-21 20:00:00,5,多云,4.0,71.9,,40
2023-10-21 21:00:00,8,大雨,3.8,57.9,3.5,6
2023-10-21 22:00:00,4,晴天,1.4,60.1,13.9,0
2023-10-21 23:00:00,8,晴天,-2.2,71.7,1.2,0
2023-10-22 00:00:00,10,小雨,-1.0,54.0,4.9,4
2023-10-22 01:00:00,2,多云,-1.3,42.1,6.1,7
2023-10-22 02:00:00,9,大雨,-0.6,47.9,0.1,0
2023-10-22 03:00:00,9,阴天,0.2,47.8,7.4,0
2023-10-22 04:00:00,10,多云,5.8,61.3,1.9,0
2023-10-22 05:00:00,10,多云,9.8,31.6,10.0,8
2023-10-22 06:00:00,6,多云,2.4,64.6,2.3,0
2023-10-22 07:00:00,4,阴天,5.8,79.0,0.8,145
2023-10-22 08:00:00,4,大雨,8.2,52.4,11.0,28
2023-10-22 09:00:00,6,阴天,5.6,50.2,0.8,150
2023-10-22 10:00:00,5,晴天,9.5,89.5,6.4,83
2023-10-22 11:00:00,6,大雨,10.9,82.1,0.6,19
2023-10-22 12:00:00,7,晴天,9.8,66.4,3.4,108
2023-10-22 13:00:00,7,晴天,11.7,48.8,1.6,72
2023-10-22 14:00:00,9,阴天,9.3,68.8,10.7,56
2023-10-22 15:00:00,8,晴天,-0.1,44.9,0.6,64
2023-10-22 16:00:00,6,阴天,4.6,40.2,1.6,0
2023-10-22 17:00:00,6,晴天,10.6,66.8,3.1,213
2023-10-22 18:00:00,5,大雨,6.6,52.8,11.4,40
2023-10-22 19:00:00,1,晴天,-4.8,29.7,1.1,37
2023-10-22 20:00:00,9,多云,-2.0,68.8,1.5,4
2023-10-22 21:00:00,9,晴天,3.6,81.9,1.9,44
2023-10-22 22:00:00,9,多云,-1.1,69.9,0.9,18
2023-10-22 23:00:00,8,晴天,-5.0,52.5,5.1,0
2023-10-23 00:00:00,10,小雨,3.2,27.9,0.3,7
2023-10-23 01:00:00,3,晴天,2.3,62.2,3.7,3
2023-10-23 02:00:00,1,晴天,-1.8,50.1,2.3,37
2023-10-23 03:00:00,8,晴天,5.2,46.5,0.8,24
2023-10-23 04:00:00,7,多云,0.1,30.8,2.0,2
2023-10-23 05:00:00,5,大雨,1.8,88.2,5.3,0
2023-10-23 06:00:00,10,阴天,3.5,43.5,1.8,3
2023-10-23 07:00:00,7,晴天,0.6,32.7,0.4,94
2023-10-23 08:00:00,10,多云,8.7,85.4,0.1,237
2023-10-23 09:00:00,4,大雨,10.1,60.5,4.5,34
2023-10-23 10:00:00,9,晴天,8.0,58.1,1.2,163
2023-10-23 11:00:00,10,多云,11.9,64.6,8.0,133
2023-10-23 12:00:00,2,多云,5.2,66.5,2.9,103
2023-10-23 13:00:00,9,晴天,11.9,63.2,1.7,145
2023-10-23 14:00:00,9,晴天,10.3,37.4,2.5,144
2023-10-23 15:00:00,5,晴天,6.5,36.2,1.8,181
2023-10-23 16:00:00,1,小雨,8.7,49.1,,68
2023-10-23 17:00:00,7,晴天,3.6,52.3,1.8,111
2023-10-23 18:00:00,10,晴天,8.3,54.6,0.3,299
2023-10-23 19:00:00,10,晴天,5.3,63.4,2.7,335
2023-10-23 20:00:00,4,晴天,3.6,55.8,2.9,42
2023-10-23 21:00:00,9,晴天,0.1,49.8,4.3,42
2023-10-23 22:00:00,6,阴天,3.0,65.9,8.1,10
2023-10-23 23:00:00,3,晴天,3.8,70.7,1.8,12
2023-10-24 00:00:00,6,小雨,4.8,47.9,1.3,3
2023-10-24 01:00:00,10,多云,-1.5,39.5,2.0,12
2023-10-24 02:00:00,6,小雨,3.1,62.7,6.9,0
2023-10-24 03:00:00,5,多云,5.7,53.7,11.7,45
2023-10-24 04:00:00,2,晴天,1.8,72.5,10.6,28
2023-10-24 05:00:00,10,大雨,7.9,45.2,0.8,0
2023-10-24 06:00:00,10,多云,5.5,41.9,2.1,15
2023-10-24 07:00:00,2,大雨,3.2,50.5,0.9,3
2023-10-24 08:00:00,7,多云,5.4,67.8,1.4,275
2023-10-24 09:00:00,2,阴天,4.2,54.7,0.1,72
2023-10-24 10:00:00,6,大雨,9.2,58.7,0.5,35
2023-10-24 11:00:00,5,阴天,9.3,52.6,1.5,122
2023-10-24 12:00:00,4,多云,10.6,75.2,1.4,137
2023-10-24 13:00:00,7,多云,13.9,67.2,1.0,135
2023-10-24 14:00:00,8,大雨,9.3,37.2,0.8,48
2023-10-24 15:00:00,4,阴天,7.7,73.5,4.1,108
2023-10-24 16:00:00,1,阴天,6.9,68.9,1.0,116
2023-10-24 17:00:00,1,晴天,0.7,76.3,3.7,114
2023-10-24 18:00:00,1,大雨,7.1,52.1,1.4,53
2023-10-24 19:00:00,1,晴天,3.3,45.9,4.9,106
2023-10-24 20:00:00,5,多云,2.7,58.8,0.5,46
2023-10-24 21:00:00,4,晴天,0.9,62.4,0.5,29
2023-10-24 22:00:00,9,晴天,1.1,77.8,3.4,25
2023-10-24 23:00:00,3,阴天,-3.8,69.5,7.4,0
2023-10-25 00:00:00,7,晴天,-0.0,62.2,0.5,18
2023-10-25 01:00:00,8,小雨,-1.6,58.1,0.2,0
2023-10-25 02:00:00,6,多云,0.8,60.2,8.2,14
2023-10-25 03:00:00,10,晴天,-1.6,54.1,0.4,14
2023-10-25 04:00:00,1,晴天,3.9,70.2,0.9,5
2023-10-25 05:00:00,8,多云,3.8,38.2,8.0,0
2023-10-25 06:00:00,10,晴天,1.1,60.1,4.9,0
2023-10-25 07:00:00,3,大雨,9.1,,1.3,36
2023-10-25 08:00:00,8,阴天,6.0,43.0,9.3,209
2023-10-25 09:00:00,4,晴天,7.5,89.2,2.5,266
2023-10-25 10:00:00,8,晴天,11.7,43.8,0.2,187
2023-10-25 11:00:00,1,多云,13.0,52.4,3.6,124
2023-10-25 12:00:00,3,小雨,8.6,75.4,2.3,54
2023-10-25 13:00:00,6,晴天,10.2,81.8,2.6,116
2023-10-25 14:00:00,9,晴天,11.4,65.4,15.4,168
2023-10-25 15:00:00,2,多云,12.3,65.0,0.5,138
2023-10-25 16:00:00,1,阴天,7.8,86.8,3.2,86
2023-10-25 17:00:00,10,多云,7.7,39.5,1.8,289
2023-10-25 18:00:00,3,多云,2.3,34.1,1.0,77
2023-10-25 19:00:00,4,阴天,-0.8,31.1,3.5,78
2023-10-25 20:00:00,5,小雨,4.2,47.2,3.3,15
2023-10-25 21:00:00,3,小雨,-1.0,49.3,5.8,11
2023-10-25 22:00:00,10,多云,-2.1,65.7,6.3,36
2023-10-25 23:00:00,2,阴天,2.1,75.1,2.5,0
2023-10-26 00:00:00,2,小雨,-0.4,73.6,1.2,9
2023-10-26 01:00:00,7,阴天,0.9,73.2,2.3,11
2023-10-26 02:00:00,9,小雨,-3.2,45.6,1.3,0
2023-10-26 03:00:00,10,小雨,-1.3,65.8,1.0,0
2023-10-26 04:00:00,2,晴天,7.4,49.0,2.4,49
2023-10-26 05:00:00,7,晴天,1.7,69.0,3.2,0
2023-10-26 06:00:00,7,大雨,4.4,60.6,2.7,38
2023-10-26 07:00:00,7,晴天,7.0,73.3,9.3,333
2023-10-26 08:00:00,3,多云,4.3,95.6,1.1,65
2023-10-26 09:00:00,7,晴天,12.6,59.5,1.4,321
2023-10-26 10:00:00,1,大雨,9.4,43.4,3.3,35
2023-10-26 11:00:00,10,晴天,9.1,35.5,2.8,149
2023-10-26 12:00:00,1,大雨,13.2,46.5,0.0,18
2023-10-26 13:00:00,5,小雨,12.6,76.0,1.1,81
2023-10-26 14:00:00,2,晴天,15.2,67.3,0.9,195
2023-10-26 15:00:00,9,多云,7.2,63.5,5.5,134
2023-10-26 16:00:00,7,晴天,,65.7,6.0,144
2023-10-26 17:00:00,4,晴天,8.2,70.8,1.0,367
2023-10-26 18:00:00,4,多云,10.1,36.6,0.3,316
2023-10-26 19:00:00,2,晴天,6.7,74.8,0.7,389
2023-10-26 20:00:00,5,阴天,0.6,65.8,0.6,7
2023-10-26 21:00:00,4,晴天,-1.0,38.4,0.8,9
2023-10-26 22:00:00,1,小雨,-4.7,65.0,0.8,7
2023-10-26 23:00:00,8,多云,-5.0,40.5,2.0,0
2023-10-27 00:00:00,3,小雨,-1.8,67.7,1.2,4
2023-10-27 01:00:00,6,多云,4.0,61.8,2.5,17
2023-10-27 02:00:00,4,小雨,-0.8,44.9,1.3,38
2023-10-27 03:00:00,9,小雨,-0.6,66.2,5.1,0
2023-10-27 04:00:00,7,小雨,4.6,72.1,9.0,0
2023-10-27 05:00:00,9,晴天,1.1,51.4,1.6,8
2023-10-27 06:00:00,10,小雨,10.5,71.7,0.2,20
2023-10-27 07:00:00,3,晴天,5.5,55.8,0.8,310
2023-10-27 08:00:00,1,晴天,10.3,73.1,0.3,328
2023-10-27 09:00:00,5,多云,7.9,58.6,1.3,277
2023-10-27 10:00:00,3,多云,9.4,77.6,3.1,135
2023-10-27 11:00:00,6,多云,13.2,46.3,2.2,143
2023-10-27 12:00:00,8,小雨,10.7,46.7,0.8,58
2023-10-27 13:00:00,4,晴天,14.3,48.2,4.4,164
2023-10-27 14:00:00,5,晴天,7.0,61.9,0.4,129
2023-10-27 15:00:00,5,晴天,4.6,57.7,0.8,32
2023-10-27 16:00:00,4,小雨,2.3,64.3,3.4,12
2023-10-27 17:00:00,4,多云,10.1,42.5,0.7,292
2023-10-27 18:00:00,4,晴天,7.7,49.2,3.4,364
2023-10-27 19:00:00,4,小雨,2.9,79.1,11.3,36
2023-10-27 20:00:00,4,多云,3.4,65.6,5.3,19
2023-10-27 21:00:00,5,多云,4.7,69.4,0.5,39
2023-10-27 22:00:00,2,多云,0.1,56.2,2.2,27
2023-10-27 23:00:00,2,小雨,-5.0,64.4,1.6,0
2023-10-28 00:00:00,9,小雨,-5.0,52.9,14.4,0
2023-10-28 01:00:00,2,晴天,-3.1,32.2,10.0,18
2023-10-28 02:00:00,6,晴天,1.0,75.5,0.4,10
2023-10-28 03:00:00,2,晴天,-1.4,62.7,7.2,24
2023-10-28 04:00:00,5,小雨,5.6,49.0,0.6,21
2023-10-28 05:00:00,4,阴天,-0.1,60.0,1.2,0
2023-10-28 06:00:00,7,多云,2.9,53.0,1.3,27
2023-10-28 07:00:00,7,晴天,0.8,82.5,1.0,69
2023-10-28 08:00:00,6,大雨,6.2,70.1,5.8,3
2023-10-28 09:00:00,10,大雨,8.6,,1.2,30
2023-10-28 10:00:00,5,阴天,12.6,40.7,5.1,56
2023-10-28 11:00:00,1,小雨,10.2,63.8,15.5,32
2023-10-28 12:00:00,3,阴天,12.2,62.0,5.5,52
2023-10-28 13:00:00,9,晴天,12.8,67.8,1.3,79
2023-10-28 14:00:00,1,晴天,10.5,57.9,3.7,107
2023-10-28 15:00:00,5,晴天,5.8,50.3,2.3,76
2023-10-28 16:00:00,2,小雨,8.7,67.6,4.6,37
2023-10-28 17:00:00,4,晴天,10.8,68.9,0.5,198
2023-10-28 18:00:00,1,多云,4.1,78.9,3.0,74
2023-10-28 19:00:00,3,多云,5.4,71.0,4.5,185
2023-10-28 20:00:00,10,晴天,4.1,47.4,4.3,29
2023-10-28 21:00:00,7,阴天,0.4,,9.9,15
2023-10-28 22:00:00,10,晴天,3.5,55.7,0.2,14
2023-10-28 23:00:00,3,多云,-1.0,45.8,1.3,6
2023-10-29 00:00:00,4,大雨,1.4,33.2,1.9,23
2023-10-29 01:00:00,2,晴天,-0.5,93.7,1.1,0
2023-10-29 02:00:00,3,小雨,0.8,51.6,1.1,0
2023-10-29 03:00:00,9,大雨,4.3,58.1,0.6,0
2023-10-29 04:00:00,3,阴天,-3.3,63.3,5.0,0
2023-10-29 05:00:00,5,阴天,5.6,61.7,7.2,30
2023-10-29 06:00:00,2,晴天,7.1,22.2,0.3,20
2023-10-29 07:00:00,4,多云,4.6,57.5,0.5,61
2023-10-29 08:00:00,7,晴天,7.4,86.6,0.8,156
2023-10-29 09:00:00,7,晴天,5.6,56.8,2.1,195
2023-10-29 10:00:00,3,晴天,6.9,84.5,4.7,77
2023-10-29 11:00:00,5,晴天,10.6,60.5,0.2,115
2023-10-29 12:00:00,1,阴天,17.9,54.7,3.0,87
2023-10-29 13:00:00,10,晴天,11.8,62.2,0.5,110
2023-10-29 14:00:00,10,多云,6.8,60.6,10.7,94
2023-10-29 15:00:00,10,多云,10.9,60.2,6.9,76
2023-10-29 16:00:00,1,多云,9.2,51.3,9.0,78
2023-10-29 17:00:00,5,阴天,1.1,39.5,0.3,39
2023-10-29 18:00:00,10,晴天,4.1,68.4,2.0,84
2023-10-29 19:00:00,9,小雨,3.3,61.4,0.5,11
2023-10-29 20:00:00,1,多云,2.9,85.0,2.8,1
2023-10-29 21:00:00,1,晴天,1.4,59.5,0.8,14
2023-10-29 22:00:00,4,多云,1.1,37.3,4.4,0
2023-10-29 23:00:00,4,大雨,-2.6,64.8,3.1,0
2023-10-30 00:00:00,2,晴天,-1.0,61.1,2.5,28
2023-10-30 01:00:00,9,晴天,-0.6,53.5,5.2,21
2023-10-30 02:00:00,9,晴天,4.1,69.3,2.1,5
2023-10-30 03:00:00,2,大雨,-0.6,67.5,0.9,13
2023-10-30 04:00:00,9,小雨,1.8,42.0,2.9,35
2023-10-30 05:00:00,6,多云,2.6,53.0,9.4,14
2023-10-30 06:00:00,8,多云,9.8,76.4,2.8,54
2023-10-30 07:00:00,10,阴天,8.3,45.3,3.0,237
2023-10-30 08:00:00,4,大雨,4.7,57.4,8.2,10
2023-10-30 09:00:00,2,大雨,9.7,63.4,2.2,52
2023-10-30 10:00:00,2,大雨,6.3,42.7,16.8,31
2023-10-30 11:00:00,9,小雨,10.6,58.5,0.5,48
2023-10-30 12:00:00,1,多云,14.1,58.0,2.3,92
2023-10-30 13:00:00,7,阴天,4.0,55.1,0.7,19
2023-10-30 14:00:00,3,阴天,6.3,37.0,1.8,75
2023-10-30 15:00:00,3,晴天,9.0,60.0,0.6,144
2023-10-30 16:00:00,2,晴天,6.3,50.7,0.8,130
2023-10-30 17:00:00,10,阴天,6.9,76.0,0.7,265
2023-10-30 18:00:00,6,晴天,4.8,66.2,1.2,91
2023-10-30 19:00:00,10,阴天,-1.3,48.3,0.4,83
2023-10-30 20:00:00,2,多云,4.4,54.1,5.0,37
2023-10-30 21:00:00,10,晴天,-2.5,61.9,,41
2023-10-30 22:00:00,4,晴天,1.3,54.0,1.6,3
2023-10-30 23:00:00,10,晴天,-1.2,37.3,0.0,28
2023-10-31 00:00:00,9,晴天,7.2,64.4,0.3,45
2023-10-31 01:00:00,9,多云,-0.2,67.9,6.8,21
2023-10-31 02:00:00,6,小雨,1.7,71.1,5.4,31
2023-10-31 03:00:00,4,阴天,3.1,74.1,5.5,20
2023-10-31 04:00:00,7,多云,3.5,47.6,1.6,0
2023-10-31 05:00:00,1,多云,3.6,71.8,0.5,19
2023-10-31 06:00:00,4,多云,2.0,42.9,0.3,0
2023-10-31 07:00:00,5,多云,6.0,65.4,2.8,274
2023-10-31 08:00:00,8,多云,1.9,49.4,5.3,74
2023-10-31 09:00:00,2,晴天,10.0,66.3,6.9,325
2023-10-31 10:00:00,5,晴天,18.1,37.4,1.0,180
2023-10-31 11:00:00,6,晴天,10.4,68.1,1.2,135
2023-10-31 12:00:00,5,晴天,11.0,48.2,0.3,149
2023-10-31 13:00:00,9,小雨,5.2,67.2,4.5,56
2023-10-31 14:00:00,10,晴天,6.9,65.6,1.0,149
2023-10-31 15:00:00,1,阴天,11.2,65.8,2.0,129
2023-10-31 16:00:00,3,阴天,3.2,60.7,7.9,38
2023-10-31 17:00:00,2,阴天,4.1,42.5,4.2,81
2023-10-31 18:00:00,3,阴天,6.7,82.4,0.2,195
2023-10-31 19:00:00,10,晴天,6.1,58.1,0.0,343
2023-10-31 20:00:00,9,多云,2.2,58.0,4.6,26
2023-10-31 21:00:00,9,晴天,1.8,80.8,2.4,52
2023-10-31 22:00:00,10,大雨,1.0,46.7,3.8,8
2023-10-31 23:00:00,2,阴天,-3.5,59.3,0.5,24
2023-11-01 00:00:00,3,阴天,1.1,62.5,6.2,26
2023-11-01 01:00:00,4,多云,2.2,56.5,4.5,18
2023-11-01 02:00:00,9,大雨,1.7,64.1,6.6,5
2023-11-01 03:00:00,3,晴天,-3.0,51.3,1.3,0
2023-11-01 04:00:00,7,晴天,8.4,59.0,1.0,35
2023-11-01 05:00:00,3,大雨,1.8,62.0,0.5,0
2023-11-01 06:00:00,7,多云,6.6,80.5,8.0,31
2023-11-01 07:00:00,7,阴天,8.6,84.8,0.6,158
2023-11-01 08:00:00,9,晴天,7.5,62.5,0.4,316
2023-11-01 09:00:00,2,阴天,10.6,78.0,0.6,231
2023-11-01 10:00:00,6,多云,8.3,49.1,4.4,121
2023-11-01 11:00:00,9,大雨,17.6,93.8,6.6,11
2023-11-01 12:00:00,2,大雨,10.6,56.3,5.0,12
2023-11-01 13:00:00,2,阴天,13.9,59.5,2.5,103
2023-11-01 14:00:00,5,晴天,7.4,68.0,15.3,120
2023-11-01 15:00:00,10,阴天,12.0,72.8,0.2,96
2023-11-01 16:00:00,10,晴天,6.7,57.4,6.1,170
2023-11-01 17:00:00,10,晴天,3.5,29.9,1.7,114
2023-11-01 18:00:00,8,多云,3.1,69.8,1.8,98
2023-11-01 19:00:00,9,大雨,2.5,46.3,0.4,0
2023-11-01 20:00:00,2,多云,4.2,71.6,0.1,20
2023-11-01 21:00:00,5,大雨,11.4,71.3,1.1,14
2023-11-01 22:00:00,7,小雨,10.2,62.9,0.6,46
2023-11-01 23:00:00,6,晴天,0.5,73.6,2.0,28
2023-11-02 00:00:00,6,阴天,4.2,52.6,0.5,22
2023-11-02 01:00:00,7,晴天,-2.3,80.6,0.4,0
2023-11-02 02:00:00,3,阴天,-4.3,62.4,6.3,0
2023-11-02 03:00:00,3,晴天,2.9,57.2,7.6,32
2023-11-02 04:00:00,10,多云,5.5,77.1,10.0,27
2023-11-02 05:00:00,9,多云,7.4,50.0,3.4,16
2023-11-02 06:00:00,8,晴天,9.6,28.4,4.4,35
2023-11-02 07:00:00,5,多云,6.6,41.3,5.4,295
2023-11-02 08:00:00,6,晴天,9.1,81.5,3.2,246
2023-11-02 09:00:00,10,晴天,12.3,63.7,1.2,318
2023-11-02 10:00:00,1,晴天,14.3,62.6,0.5,143
2023-11-02 11:00:00,10,多云,8.4,73.7,0.8,146
2023-11-02 12:00:00,1,大雨,12.0,64.4,5.5,28
2023-11-02 13:00:00,4,多云,13.1,55.9,3.6,145
2023-11-02 14:00:00,2,阴天,11.1,53.4,1.8,131
2023-11-02 15:00:00,7,小雨,8.0,42.4,0.1,37
2023-11-02 16:00:00,2,小雨,8.8,44.0,0.9,48
2023-11-02 17:00:00,10,小雨,9.2,62.6,3.9,133
2023-11-02 18:00:00,2,多云,4.1,57.7,2.2,93
2023-11-02 19:00:00,5,小雨,1.5,67.3,1.7,49
2023-11-02 20:00:00,4,晴天,10.0,58.7,1.1,96
2023-11-02 21:00:00,8,阴天,3.4,44.0,2.8,11
2023-11-02 22:00:00,4,大雨,4.8,63.7,10.2,19
2023-11-02 23:00:00,6,晴天,2.1,62.8,6.9,19
2023-11-03 00:00:00,5,大雨,4.5,60.3,0.1,6
2023-11-03 01:00:00,2,晴天,1.7,62.4,2.0,0
2023-11-03 02:00:00,8,晴天,3.8,89.5,1.2,27
2023-11-03 03:00:00,2,晴天,-0.5,42.1,2.1,14
2023-11-03 04:00:00,9,大雨,-1.5,45.6,2.8,0
2023-11-03 05:00:00,9,大雨,3.6,34.5,0.7,0
2023-11-03 06:00:00,3,大雨,2.1,61.4,4.6,0
2023-11-03 07:00:00,4,晴天,1.3,31.0,1.9,84
2023-11-03 08:00:00,8,多云,9.7,63.4,14.5,245
2023-11-03 09:00:00,9,小雨,4.6,59.2,0.1,25
2023-11-03 10:00:00,3,晴天,13.5,51.4,0.6,132
2023-11-03 11:00:00,5,小雨,15.5,67.1,3.5,77
2023-11-03 12:00:00,8,晴天,7.0,64.4,3.6,138
2023-11-03 13:00:00,3,晴天,12.0,84.1,2.6,135
2023-11-03 14:00:00,7,多云,16.2,69.2,10.7,146
2023-11-03 15:00:00,8,小雨,8.5,59.1,1.6,77
2023-11-03 16:00:00,10,晴天,10.7,25.8,1.6,168
2023-11-03 17:00:00,3,晴天,14.8,73.9,7.2,348
2023-11-03 18:00:00,2,晴天,1.3,74.1,2.3,107
2023-11-03 19:00:00,10,晴天,2.0,79.9,1.3,96
2023-11-03 20:00:00,7,晴天,5.5,25.7,3.8,112
2023-11-03 21:00:00,9,多云,9.3,63.1,2.9,114
2023-11-03 22:00:00,1,小雨,-0.1,69.9,1.1,29
2023-11-03 23:00:00,3,多云,8.8,78.0,1.1,22
2023-11-04 00:00:00,5,大雨,1.7,69.0,1.5,2
2023-11-04 01:00:00,3,小雨,-4.4,60.9,0.2,25
2023-11-04 02:00:00,1,晴天,6.8,44.7,8.6,31
2023-11-04 03:00:00,7,晴天,1.4,58.2,0.6,22
2023-11-04 04:00:00,7,阴天,5.2,65.8,0.6,25
2023-11-04 05:00:00,10,晴天,0.1,71.7,3.1,8
2023-11-04 06:00:00,8,晴天,4.1,36.2,3.9,5
2023-11-04 07:00:00,5,晴天,3.1,64.4,4.0,40
2023-11-04 08:00:00,10,小雨,4.0,37.9,1.4,11
2023-11-04 09:00:00,5,多云,10.2,64.0,6.2,151
2023-11-04 10:00:00,5,阴天,12.4,42.8,2.4,59
2023-11-04 11:00:00,1,阴天,9.5,38.4,1.7,66
2023-11-04 12:00:00,10,多云,7.0,87.2,5.0,61
2023-11-04 13:00:00,5,多云,7.3,39.3,0.8,82
2023-11-04 14:00:00,6,晴天,11.8,50.4,5.9,103
2023-11-04 15:00:00,1,晴天,10.2,59.7,2.3,87
2023-11-04 16:00:00,7,晴天,10.0,28.8,6.9,104
2023-11-04 17:00:00,1,晴天,12.3,71.8,0.7,235
2023-11-04 18:00:00,2,晴天,8.1,49.5,8.2,224
2023-11-04 19:00:00,2,晴天,6.3,44.7,3.5,210
2023-11-04 20:00:00,5,晴天,10.9,73.9,2.9,76
2023-11-04 21:00:00,10,阴天,2.0,40.0,1.6,20
2023-11-04 22:00:00,7,多云,9.2,66.7,9.4,62
2023-11-04 23:00:00,1,阴天,5.8,60.4,1.8,39
2023-11-05 00:00:00,10,多云,0.4,60.9,2.1,16
2023-11-05 01:00:00,1,多云,3.9,59.2,4.6,29
2023-11-05 02:00:00,1,晴天,1.4,,1.0,4
2023-11-05 03:00:00,6,晴天,-1.5,25.8,1.0,0
2023-11-05 04:00:00,2,晴天,3.8,46.9,4.5,24
2023-11-05 05:00:00,1,阴天,0.6,46.3,0.4,0
2023-11-05 06:00:00,6,阴天,7.0,76.6,5.2,44
2023-11-05 07:00:00,2,晴天,10.0,62.4,2.9,214
2023-11-05 08:00:00,6,晴天,8.2,60.2,2.3,196
2023-11-05 09:00:00,10,多云,10.6,87.8,0.8,150
2023-11-05 10:00:00,8,晴天,11.3,29.6,4.6,103
2023-11-05 11:00:00,2,多云,13.7,81.2,4.9,44
2023-11-05 12:00:00,9,晴天,11.6,60.2,2.0,81
2023-11-05 13:00:00,8,多云,10.2,48.7,1.5,83
2023-11-05 14:00:00,10,晴天,13.1,52.0,0.8,95
2023-11-05 15:00:00,1,多云,10.4,52.5,4.2,98
2023-11-05 16:00:00,7,晴天,2.4,82.5,3.1,26
2023-11-05 17:00:00,10,多云,6.6,63.6,0.7,165
2023-11-05 18:00:00,6,阴天,4.8,,4.7,37
2023-11-05 19:00:00,6,晴天,5.5,48.9,6.4,229
2023-11-05 20:00:00,6,阴天,4.0,61.7,0.2,0
2023-11-05 21:00:00,6,大雨,-3.0,73.6,4.4,0
2023-11-05 22:00:00,10,阴天,-2.5,76.9,5.7,7
2023-11-05 23:00:00,7,大雨,-1.3,39.9,14.3,14
2023-11-06 00:00:00,3,小雨,1.5,72.1,0.8,1
2023-11-06 01:00:00,6,阴天,4.7,57.8,1.4,15
2023-11-06 02:00:00,3,晴天,-2.8,65.5,10.2,11
2023-11-06 03:00:00,7,多云,0.8,52.1,0.3,7
2023-11-06 04:00:00,7,阴天,3.7,82.9,2.2,0
2023-11-06 05:00:00,8,大雨,2.3,63.9,2.1,14
2023-11-06 06:00:00,2,阴天,6.6,51.2,2.8,8
2023-11-06 07:00:00,9,大雨,9.6,52.7,1.2,46
2023-11-06 08:00:00,5,阴天,6.6,72.9,7.8,242
2023-11-06 09:00:00,9,小雨,10.9,70.8,0.9,113
2023-11-06 10:00:00,10,大雨,10.3,61.2,3.1,0
2023-11-06 11:00:00,5,多云,7.7,54.2,2.1,100
2023-11-06 12:00:00,7,阴天,10.9,74.3,0.9,117
2023-11-06 13:00:00,9,大雨,12.5,52.1,0.6,35
2023-11-06 14:00:00,4,大雨,14.9,51.4,9.4,18
2023-11-06 15:00:00,2,小雨,14.8,97.9,2.5,28
2023-11-06 16:00:00,9,晴天,7.1,65.7,2.8,153
2023-11-06 17:00:00,2,晴天,5.8,58.8,4.6,381
2023-11-06 18:00:00,3,阴天,6.5,53.3,0.3,232
2023-11-06 19:00:00,10,多云,3.4,56.8,3.8,108
2023-11-06 20:00:00,2,晴天,7.5,78.7,0.5,78
2023-11-06 21:00:00,3,晴天,3.1,72.4,4.0,14
2023-11-06 22:00:00,6,大雨,2.2,50.3,0.5,6
2023-11-06 23:00:00,3,大雨,3.4,55.0,5.4,16
2023-11-07 00:00:00,10,大雨,1.8,40.3,3.4,23
2023-11-07 01:00:00,8,小雨,2.4,63.9,1.5,19
2023-11-07 02:00:00,6,多云,2.8,20.0,1.3,33
2023-11-07 03:00:00,7,晴天,2.4,36.9,0.5,14
2023-11-07 04:00:00,1,晴天,1.1,61.4,7.0,2
2023-11-07 05:00:00,3,大雨,10.3,20.6,0.4,23
2023-11-07 06:00:00,3,晴天,3.6,94.3,1.9,29
2023-11-07 07:00:00,2,小雨,12.6,46.7,0.8,138
2023-11-07 08:00:00,7,多云,9.9,67.3,16.8,284
2023-11-07 09:00:00,9,多云,8.1,79.0,2.6,295
2023-11-07 10:00:00,4,阴天,12.3,64.0,0.5,113
2023-11-07 11:00:00,5,晴天,13.5,59.9,3.3,155
2023-11-07 12:00:00,3,大雨,16.5,51.5,14.3,42
2023-11-07 13:00:00,9,晴天,7.2,40.2,2.8,163
2023-11-07 14:00:00,4,晴天,10.2,52.9,1.8,169
2023-11-07 15:00:00,5,多云,14.0,61.5,1.0,130
2023-11-07 16:00:00,1,晴天,11.1,59.6,0.3,169
2023-11-07 17:00:00,2,大雨,9.1,45.7,0.8,68
2023-11-07 18:00:00,9,多云,10.8,76.0,2.4,311
2023-11-07 19:00:00,2,晴天,4.5,38.5,4.2,97
2023-11-07 20:00:00,5,晴天,-3.4,68.9,6.3,49
2023-11-07 21:00:00,8,小雨,1.7,72.8,4.7,0
2023-11-07 22:00:00,3,大雨,8.0,63.6,0.4,1
2023-11-07 23:00:00,6,多云,2.4,85.0,4.5,10
2023-11-08 00:00:00,4,多云,-1.2,66.1,2.6,0
2023-11-08 01:00:00,7,大雨,5.5,80.7,1.9,27
2023-11-08 02:00:00,10,小雨,4.5,20.0,2.6,4
2023-11-08 03:00:00,3,晴天,3.2,74.1,0.0,34
2023-11-08 04:00:00,6,小雨,5.6,68.8,0.2,42
2023-11-08 05:00:00,10,小雨,2.0,68.0,2.2,2
2023-11-08 06:00:00,9,小雨,5.3,69.3,0.6,35
2023-11-08 07:00:00,10,小雨,7.4,52.8,2.4,109
2023-11-08 08:00:00,1,阴天,12.1,71.4,1.3,231
2023-11-08 09:00:00,3,晴天,8.2,86.7,7.1,252
2023-11-08 10:00:00,2,阴天,10.6,31.8,9.0,118
2023-11-08 11:00:00,8,多云,15.5,77.8,11.7,184
2023-11-08 12:00:00,7,小雨,18.9,58.1,6.9,75
2023-11-08 13:00:00,2,晴天,8.6,50.1,12.8,164
2023-11-08 14:00:00,6,多云,11.1,41.8,3.7,146
2023-11-08 15:00:00,3,大雨,5.4,65.7,9.7,26
2023-11-08 16:00:00,8,小雨,8.8,83.7,3.1,86
2023-11-08 17:00:00,10,晴天,6.8,54.2,5.0,361
2023-11-08 18:00:00,3,多云,10.1,70.0,0.4,332
2023-11-08 19:00:00,10,晴天,1.5,59.8,3.4,126
2023-11-08 20:00:00,9,阴天,-0.1,35.3,8.0,0
2023-11-08 21:00:00,1,阴天,7.4,57.3,2.3,94
2023-11-08 22:00:00,5,晴天,0.1,50.0,0.6,47
2023-11-08 23:00:00,3,阴天,2.1,44.8,2.2,9
2023-11-09 00:00:00,6,阴天,2.2,53.5,3.7,13
2023-11-09 01:00:00,10,多云,-0.9,55.2,4.4,17
2023-11-09 02:00:00,2,小雨,-0.3,75.1,2.2,25
2023-11-09 03:00:00,9,多云,6.2,60.4,0.7,26
2023-11-09 04:00:00,6,小雨,5.9,38.9,7.8,38
2023-11-09 05:00:00,7,晴天,5.0,78.1,4.5,0
2023-11-09 06:00:00,5,晴天,5.9,65.8,0.9,12
2023-11-09 07:00:00,9,多云,8.6,64.2,5.0,283
2023-11-09 08:00:00,1,晴天,10.0,73.1,1.3,343
2023-11-09 09:00:00,5,大雨,13.7,59.7,1.1,47
2023-11-09 10:00:00,10,晴天,,52.0,6.0,122
2023-11-09 11:00:00,6,多云,12.5,65.2,6.2,109
2023-11-09 12:00:00,7,阴天,13.5,69.3,1.5,114
2023-11-09 13:00:00,4,多云,13.4,65.7,0.0,131
2023-11-09 14:00:00,1,多云,15.0,72.2,0.6,190
2023-11-09 15:00:00,8,阴天,9.8,61.5,7.2,109
2023-11-09 16:00:00,10,阴天,7.1,45.1,6.9,96
2023-11-09 17:00:00,4,晴天,6.6,50.6,1.8,368
2023-11-09 18:00:00,3,多云,8.3,80.6,1.1,261
2023-11-09 19:00:00,7,阴天,4.7,60.5,1.1,95
2023-11-09 20:00:00,2,多云,10.7,43.1,6.8,86
2023-11-09 21:00:00,8,多云,2.8,41.7,1.2,27
2023-11-09 22:00:00,6,晴天,-0.9,39.9,2.1,42
2023-11-09 23:00:00,7,晴天,2.5,72.4,3.9,0
2023-11-10 00:00:00,5,小雨,6.0,64.6,0.7,26
2023-11-10 01:00:00,9,大雨,-0.9,87.7,0.9,0
2023-11-10 02:00:00,5,阴天,-0.5,68.6,1.3,6
2023-11-10 03:00:00,5,大雨,2.2,69.5,3.2,1
2023-11-10 04:00:00,3,晴天,1.9,89.8,5.1,11
2023-11-10 05:00:00,1,晴天,1.0,45.5,2.4,40
2023-11-10 06:00:00,2,阴天,1.7,37.5,0.4,1
2023-11-10 07:00:00,8,晴天,8.3,68.3,1.8,318
2023-11-10 08:00:00,1,晴天,11.0,56.3,0.4,346
2023-11-10 09:00:00,7,阴天,7.8,64.5,0.3,231
2023-11-10 10:00:00,5,多云,10.5,78.4,2.7,143
2023-11-10 11:00:00,3,晴天,11.7,71.4,9.4,140
2023-11-10 12:00:00,7,阴天,8.0,82.7,5.5,90
2023-11-10 13:00:00,9,阴天,13.7,46.4,4.5,120
2023-11-10 14:00:00,2,晴天,11.3,73.5,3.9,145
2023-11-10 15:00:00,8,阴天,11.4,48.4,6.8,117
2023-11-10 16:00:00,9,多云,10.9,85.0,4.2,102
2023-11-10 17:00:00,3,多云,14.9,66.7,3.0,298
2023-11-10 18:00:00,2,阴天,3.3,67.6,1.4,90
2023-11-10 19:00:00,7,阴天,2.4,51.3,0.3,92
2023-11-10 20:00:00,5,晴天,8.9,52.0,1.9,105
2023-11-10 21:00:00,5,晴天,4.8,66.1,7.8,37
2023-11-10 22:00:00,10,晴天,2.2,86.2,2.6,44
2023-11-10 23:00:00,5,多云,0.1,83.7,0.6,1
2023-11-11 00:00:00,4,晴天,0.6,65.4,3.1,12
2023-11-11 01:00:00,5,多云,0.9,53.7,1.9,0
2023-11-11 02:00:00,4,晴天,-2.5,68.6,8.0,0
2023-11-11 03:00:00,6,多云,5.7,78.8,0.5,13
2023-11-11 04:00:00,4,晴天,-2.2,63.2,3.7,0
2023-11-11 05:00:00,2,大雨,2.5,54.2,3.4,7
2023-11-11 06:00:00,9,晴天,5.0,70.2,12.3,11
2023-11-11 07:00:00,2,晴天,14.1,56.4,2.5,174
2023-11-11 08:00:00,9,阴天,8.5,54.7,6.2,146
2023-11-11 09:00:00,10,小雨,10.8,59.2,0.1,85
2023-11-11 10:00:00,6,晴天,8.0,70.0,0.4,88
2023-11-11 11:00:00,9,晴天,13.8,56.7,1.3,104
2023-11-11 12:00:00,9,小雨,20.2,59.4,2.9,34
2023-11-11 13:00:00,3,多云,12.6,62.2,1.8,73
2023-11-11 14:00:00,1,大雨,9.7,54.3,0.7,20
2023-11-11 15:00:00,1,多云,3.8,83.2,2.7,34
2023-11-11 16:00:00,3,晴天,10.9,87.6,2.5,69
2023-11-11 17:00:00,5,多云,4.7,55.5,2.2,46
2023-11-11 18:00:00,3,小雨,4.1,48.0,0.3,39
2023-11-11 19:00:00,9,阴天,7.8,53.0,7.9,160
2023-11-11 20:00:00,9,晴天,2.4,66.7,2.7,20
2023-11-11 21:00:00,3,多云,2.5,58.7,0.9,33
2023-11-11 22:00:00,3,晴天,4.3,40.8,3.5,47
2023-11-11 23:00:00,5,多云,-0.6,57.7,1.1,11
2023-11-12 00:00:00,2,阴天,-2.5,66.1,2.1,0
2023-11-12 01:00:00,6,多云,2.9,74.8,1.3,13
2023-11-12 02:00:00,7,阴天,4.3,86.4,6.4,0
2023-11-12 03:00:00,9,小雨,1.1,53.3,15.3,21
2023-11-12 04:00:00,6,阴天,2.0,50.6,0.5,0
2023-11-12 05:00:00,3,大雨,1.7,56.2,0.1,0
2023-11-12 06:00:00,5,晴天,8.5,45.8,0.7,10
2023-11-12 07:00:00,4,晴天,13.4,49.5,2.7,197
2023-11-12 08:00:00,5,多云,11.6,49.6,0.6,168
2023-11-12 09:00:00,8,晴天,9.6,64.9,5.0,206
2023-11-12 10:00:00,8,多云,12.8,47.5,1.6,80
2023-11-12 11:00:00,6,多云,8.7,72.4,2.8,79
2023-11-12 12:00:00,1,阴天,12.4,77.2,1.8,56
2023-11-12 13:00:00,8,多云,7.9,43.1,7.0,74
2023-11-12 14:00:00,8,大雨,10.3,40.4,0.1,0
2023-11-12 15:00:00,2,阴天,13.1,52.0,3.9,85
2023-11-12 16:00:00,4,阴天,11.3,54.0,3.2,63
2023-11-12 17:00:00,2,晴天,9.3,79.0,3.1,243
2023-11-12 18:00:00,4,多云,7.6,59.2,1.6,182
2023-11-12 19:00:00,10,晴天,2.8,66.3,0.0,36
2023-11-12 20:00:00,7,多云,4.3,66.3,3.5,9
2023-11-12 21:00:00,9,多云,5.2,46.8,5.3,52
2023-11-12 22:00:00,8,大雨,1.3,56.2,0.3,3
2023-11-12 23:00:00,9,多云,0.9,59.8,1.7,16
2023-11-13 00:00:00,8,多云,-0.1,65.7,0.5,12
2023-11-13 01:00:00,2,阴天,0.7,38.5,2.8,3
2023-11-13 02:00:00,7,晴天,-0.3,51.1,4.6,0
2023-11-13 03:00:00,2,多云,2.9,60.2,3.3,3
2023-11-13 04:00:00,2,大雨,2.9,53.4,1.1,10
2023-11-13 05:00:00,4,晴天,0.6,39.0,0.5,24
2023-11-13 06:00:00,1,小雨,14.1,49.2,4.7,4
2023-11-13 07:00:00,5,晴天,4.5,39.1,1.2,112
2023-11-13 08:00:00,6,阴天,8.4,80.7,0.1,188
2023-11-13 09:00:00,9,晴天,10.1,55.2,2.5,311
2023-11-13 10:00:00,10,晴天,9.1,59.0,0.8,159
2023-11-13 11:00:00,8,多云,10.9,45.3,5.5,137
2023-11-13 12:00:00,2,晴天,8.9,63.5,0.5,140
2023-11-13 13:00:00,1,晴天,13.4,70.4,1.7,135
2023-11-13 14:00:00,2,多云,10.6,46.3,0.9,139
2023-11-13 15:00:00,7,多云,12.0,46.6,3.5,125
2023-11-13 16:00:00,4,多云,13.2,52.6,2.4,154
2023-11-13 17:00:00,10,多云,6.8,39.0,4.7,333
2023-11-13 18:00:00,5,多云,8.7,65.7,1.8,315
2023-11-13 19:00:00,7,小雨,9.7,71.4,0.0,154
2023-11-13 20:00:00,3,晴天,3.5,38.5,0.7,15
2023-11-13 21:00:00,10,晴天,4.9,73.2,21.2,11
2023-11-13 22:00:00,2,大雨,0.6,73.2,1.6,2
2023-11-13 23:00:00,7,阴天,5.1,20.0,2.9,7
2023-11-14 00:00:00,5,晴天,-0.2,43.4,7.1,16
2023-11-14 01:00:00,1,多云,3.6,50.9,0.1,0
2023-11-14 02:00:00,1,多云,5.0,68.5,3.2,12
2023-11-14 03:00:00,9,多云,-0.7,66.6,1.0,7
2023-11-14 04:00:00,5,小雨,1.8,46.1,1.0,14
2023-11-14 05:00:00,1,晴天,2.9,84.4,0.8,14
2023-11-14 06:00:00,7,小雨,9.6,49.5,5.2,8
2023-11-14 07:00:00,9,晴天,4.1,47.5,1.4,76
2023-11-14 08:00:00,1,多云,9.8,42.6,0.2,277
2023-11-14 09:00:00,10,大雨,12.1,57.3,0.3,23
2023-11-14 10:00:00,4,多云,11.2,73.6,0.5,150
2023-11-14 11:00:00,3,晴天,15.0,46.5,6.9,163
2023-11-14 12:00:00,5,阴天,5.6,63.1,1.7,120
2023-11-14 13:00:00,7,阴天,13.0,63.1,7.4,93
2023-11-14 14:00:00,8,大雨,10.1,59.5,5.1,29
2023-11-14 15:00:00,2,多云,5.4,64.8,5.5,122
2023-11-14 16:00:00,7,晴天,5.6,73.6,1.0,158
2023-11-14 17:00:00,1,阴天,12.3,64.1,0.9,237
2023-11-14 18:00:00,7,多云,8.2,75.7,2.5,306
2023-11-14 19:00:00,8,阴天,7.5,43.5,1.6,231
2023-11-14 20:00:00,2,晴天,6.7,53.4,2.1,101
2023-11-14 21:00:00,9,晴天,-1.3,43.5,0.2,6
2023-11-14 22:00:00,1,阴天,2.7,68.2,10.7,47
2023-11-14 23:00:00,6,多云,4.8,78.3,0.2,12
2023-11-15 00:00:00,1,晴天,0.1,55.4,0.6,11
2023-11-15 01:00:00,3,晴天,5.6,64.2,3.4,49
2023-11-15 02:00:00,6,多云,0.2,37.6,0.5,0
2023-11-15 03:00:00,3,晴天,3.2,60.3,0.3,0
2023-11-15 04:00:00,8,多云,5.0,34.9,0.5,40
2023-11-15 05:00:00,5,多云,7.3,60.9,0.2,35
2023-11-15 06:00:00,2,大雨,5.5,31.1,0.9,0
2023-11-15 07:00:00,4,多云,10.7,85.4,0.9,229
2023-11-15 08:00:00,9,阴天,,59.2,2.1,229
2023-11-15 09:00:00,4,晴天,5.0,58.7,1.7,105
2023-11-15 10:00:00,10,多云,16.2,88.6,1.9,143
2023-11-15 11:00:00,10,晴天,8.3,61.0,2.9,145
2023-11-15 12:00:00,8,小雨,17.1,35.9,0.8,76
2023-11-15 13:00:00,5,阴天,10.7,53.5,0.4,80
2023-11-15 14:00:00,10,大雨,9.6,89.2,6.3,11
2023-11-15 15:00:00,1,多云,11.1,46.6,3.0,128
2023-11-15 16:00:00,7,多云,6.7,53.4,0.2,141
2023-11-15 17:00:00,3,大雨,2.0,83.2,9.7,21
2023-11-15 18:00:00,10,阴天,6.0,48.4,3.5,240
2023-11-15 19:00:00,8,阴天,6.2,58.6,0.5,240
2023-11-15 20:00:00,3,多云,8.5,80.3,10.4,90
2023-11-15 21:00:00,1,阴天,-0.8,51.4,1.4,17
2023-11-15 22:00:00,5,晴天,3.8,48.0,12.5,32
2023-11-15 23:00:00,2,晴天,1.2,32.4,0.3,23
2023-11-16 00:00:00,4,晴天,1.4,43.5,0.5,10
2023-11-16 01:00:00,1,晴天,4.4,46.7,3.2,9
2023-11-16 02:00:00,9,大雨,0.5,54.6,0.1,0
2023-11-16 03:00:00,6,阴天,3.3,65.4,0.1,0
2023-11-16 04:00:00,8,大雨,7.1,59.3,4.7,8
2023-11-16 05:00:00,4,小雨,8.1,41.5,0.6,0
2023-11-16 06:00:00,9,多云,2.7,80.4,7.5,2
2023-11-16 07:00:00,2,小雨,5.8,43.5,1.7,133
2023-11-16 08:00:00,9,多云,8.4,87.1,6.2,226
2023-11-16 09:00:00,5,大雨,12.3,62.3,1.6,71
2023-11-16 10:00:00,6,小雨,9.9,75.7,2.3,72
2023-11-16 11:00:00,3,小雨,11.4,67.9,1.1,66
2023-11-16 12:00:00,4,多云,15.1,82.6,3.2,137
2023-11-16 13:00:00,6,阴天,10.2,59.3,1.1,101
2023-11-16 14:00:00,7,晴天,15.1,56.0,0.8,210
2023-11-16 15:00:00,1,多云,5.1,64.6,0.3,136
2023-11-16 16:00:00,7,大雨,7.7,55.9,0.2,18
2023-11-16 17:00:00,1,多云,3.5,66.8,1.1,79
2023-11-16 18:00:00,5,阴天,6.7,83.2,,200
2023-11-16 19:00:00,6,晴天,7.3,34.6,0.7,381
2023-11-16 20:00:00,2,多云,3.4,58.9,1.1,28
2023-11-16 21:00:00,10,阴天,1.4,93.0,7.1,17
2023-11-16 22:00:00,9,多云,-2.1,54.1,3.1,32
2023-11-16 23:00:00,10,多云,6.6,75.2,7.6,40
2023-11-17 00:00:00,6,晴天,1.3,73.1,7.3,15
2023-11-17 01:00:00,7,晴天,0.2,38.4,0.2,11
2023-11-17 02:00:00,10,小雨,6.7,64.5,9.3,7
2023-11-17 03:00:00,8,晴天,1.7,63.3,0.2,26
2023-11-17 04:00:00,10,阴天,1.1,100.0,7.8,0
2023-11-17 05:00:00,1,大雨,2.9,20.6,2.4,25
2023-11-17 06:00:00,8,晴天,3.8,35.7,2.3,14
2023-11-17 07:00:00,4,小雨,4.4,56.6,3.7,38
2023-11-17 08:00:00,10,小雨,6.8,54.6,6.3,136
2023-11-17 09:00:00,8,晴天,17.1,46.7,2.9,412
2023-11-17 10:00:00,6,晴天,7.2,47.7,1.7,164
2023-11-17 11:00:00,9,多云,6.7,70.3,0.4,133
2023-11-17 12:00:00,4,小雨,12.2,47.4,4.7,66
2023-11-17 13:00:00,2,小雨,10.9,51.9,0.4,49
2023-11-17 14:00:00,2,多云,,75.0,3.9,121
2023-11-17 15:00:00,5,大雨,8.2,72.6,2.3,0
2023-11-17 16:00:00,10,大雨,6.2,52.8,1.5,17
2023-11-17 17:00:00,9,小雨,12.7,38.0,2.8,132
2023-11-17 18:00:00,3,大雨,1.5,73.2,4.4,6
2023-11-17 19:00:00,8,晴天,6.1,45.9,8.5,362
2023-11-17 20:00:00,4,阴天,5.9,79.4,0.9,72
2023-11-17 21:00:00,6,小雨,5.3,66.3,,47
2023-11-17 22:00:00,10,大雨,1.1,57.1,9.7,13
2023-11-17 23:00:00,6,多云,-2.2,66.6,5.0,19
2023-11-18 00:00:00,3,晴天,5.8,30.7,6.4,33
2023-11-18 01:00:00,5,多云,0.2,82.2,3.5,8
2023-11-18 02:00:00,3,多云,6.6,56.9,0.1,20
2023-11-18 03:00:00,1,小雨,3.9,62.5,2.6,16
2023-11-18 04:00:00,7,多云,2.4,51.4,4.1,16
2023-11-18 05:00:00,4,大雨,6.2,57.4,8.5,0
2023-11-18 06:00:00,7,小雨,9.8,84.0,2.5,4
2023-11-18 07:00:00,3,小雨,7.9,55.9,4.7,47
2023-11-18 08:00:00,5,晴天,6.6,53.7,3.7,167
2023-11-18 09:00:00,5,阴天,4.5,70.2,1.0,32
2023-11-18 10:00:00,2,大雨,9.4,64.7,0.5,12
2023-11-18 11:00:00,10,大雨,13.6,83.3,4.2,5
2023-11-18 12:00:00,2,晴天,8.3,29.8,0.8,66
2023-11-18 13:00:00,4,多云,13.2,53.1,0.8,90
2023-11-18 14:00:00,4,晴天,10.8,38.6,3.1,82
2023-11-18 15:00:00,4,多云,12.1,78.5,4.7,86
2023-11-18 16:00:00,6,晴天,1.8,40.6,2.6,17
2023-11-18 17:00:00,2,多云,3.4,64.9,6.5,47
2023-11-18 18:00:00,6,小雨,5.0,40.4,0.7,31
2023-11-18 19:00:00,7,多云,10.6,52.5,0.9,179
2023-11-18 20:00:00,10,多云,1.6,45.1,3.0,18
2023-11-18 21:00:00,3,阴天,2.4,59.9,5.3,17
2023-11-18 22:00:00,8,晴天,8.5,90.4,2.3,28
2023-11-18 23:00:00,2,大雨,2.8,38.6,0.0,8
2023-11-19 00:00:00,8,晴天,3.9,42.9,3.4,0
2023-11-19 01:00:00,5,晴天,-0.4,69.0,5.0,0
2023-11-19 02:00:00,2,晴天,5.5,57.7,1.0,12
2023-11-19 03:00:00,7,大雨,6.8,40.9,0.2,15
2023-11-19 04:00:00,2,多云,5.3,52.9,2.2,0
2023-11-19 05:00:00,6,阴天,4.8,37.3,0.1,14
2023-11-19 06:00:00,10,多云,8.0,52.6,1.6,24
2023-11-19 07:00:00,3,晴天,2.8,45.4,0.1,59
2023-11-19 08:00:00,9,小雨,12.1,64.7,0.8,78
2023-11-19 09:00:00,3,晴天,7.3,69.6,1.5,190
2023-11-19 10:00:00,3,大雨,9.8,20.2,0.4,24
2023-11-19 11:00:00,5,晴天,15.1,61.6,0.4,115
2023-11-19 12:00:00,7,晴天,14.6,25.5,5.3,69
2023-11-19 13:00:00,8,大雨,6.3,60.1,0.1,13
2023-11-19 14:00:00,7,阴天,7.8,83.9,3.5,63
2023-11-19 15:00:00,9,多云,11.8,54.8,5.1,86
2023-11-19 16:00:00,5,大雨,3.6,63.8,0.4,31
2023-11-19 17:00:00,10,晴天,11.9,71.1,0.7,214
2023-11-19 18:00:00,3,大雨,6.7,71.6,3.1,31
2023-11-19 19:00:00,6,小雨,9.3,72.5,1.1,80
2023-11-19 20:00:00,5,晴天,1.6,,1.9,7
2023-11-19 21:00:00,4,晴天,0.8,48.7,5.4,11
2023-11-19 22:00:00,2,晴天,5.1,69.7,0.4,46
2023-11-19 23:00:00,7,多云,0.6,82.3,2.9,0
2023-11-20 00:00:00,5,晴天,-2.4,67.3,8.6,2
2023-11-20 01:00:00,4,小雨,3.2,62.9,0.2,4
2023-11-20 02:00:00,8,阴天,-2.8,34.9,0.2,17
2023-11-20 03:00:00,9,晴天,7.1,44.1,2.4,30
2023-11-20 04:00:00,9,多云,4.4,49.2,9.7,1
2023-11-20 05:00:00,3,多云,2.4,43.5,0.7,25
2023-11-20 06:00:00,3,阴天,9.8,57.5,1.2,7
2023-11-20 07:00:00,5,多云,11.1,46.1,0.3,272
2023-11-20 08:00:00,5,多云,8.9,73.0,1.3,289
2023-11-20 09:00:00,10,多云,16.7,54.0,0.1,346
2023-11-20 10:00:00,2,晴天,17.4,43.3,1.5,179
2023-11-20 11:00:00,1,晴天,12.1,46.2,2.4,181
2023-11-20 12:00:00,8,多云,14.5,61.0,11.1,143
2023-11-20 13:00:00,3,晴天,15.1,55.8,5.1,215
2023-11-20 14:00:00,1,多云,7.3,60.6,5.2,130
2023-11-20 15:00:00,1,晴天,10.7,56.3,0.8,165
2023-11-20 16:00:00,2,多云,6.8,85.8,0.3,68
2023-11-20 17:00:00,6,晴天,5.2,72.8,2.8,357
2023-11-20 18:00:00,6,阴天,6.7,47.1,2.2,266
2023-11-20 19:00:00,3,阴天,5.6,30.8,2.2,231
2023-11-20 20:00:00,4,晴天,-1.0,54.6,0.3,26
2023-11-20 21:00:00,2,晴天,3.8,42.9,2.0,35
2023-11-20 22:00:00,2,小雨,1.3,34.1,0.5,0
2023-11-20 23:00:00,7,晴天,5.7,69.6,1.6,39
2023-11-21 00:00:00,1,多云,4.8,59.8,0.2,15
2023-11-21 01:00:00,7,晴天,-1.1,76.8,5.8,16
2023-11-21 02:00:00,1,阴天,5.9,58.9,0.0,20
2023-11-21 03:00:00,6,阴天,4.4,56.7,8.4,0
2023-11-21 04:00:00,3,多云,3.2,40.9,6.0,15
2023-11-21 05:00:00,8,多云,3.5,50.6,4.2,14
2023-11-21 06:00:00,6,阴天,2.9,33.1,12.1,12
2023-11-21 07:00:00,2,阴天,4.0,75.6,0.2,69
2023-11-21 08:00:00,8,阴天,3.4,40.2,3.1,72
2023-11-21 09:00:00,5,晴天,9.9,63.3,5.7,338
2023-11-21 10:00:00,8,晴天,4.5,56.3,0.4,51
2023-11-21 11:00:00,8,小雨,8.6,65.8,2.6,61
2023-11-21 12:00:00,6,多云,13.3,60.5,1.5,124
2023-11-21 13:00:00,2,晴天,15.6,40.2,1.7,223
2023-11-21 14:00:00,8,晴天,7.2,55.0,7.3,139
2023-11-21 15:00:00,6,阴天,11.7,79.0,2.3,104
2023-11-21 16:00:00,6,阴天,7.9,47.7,0.3,100
2023-11-21 17:00:00,8,多云,6.1,77.4,8.3,280
2023-11-21 18:00:00,1,阴天,6.8,69.9,0.6,257
2023-11-21 19:00:00,2,多云,3.1,62.1,6.7,89
2023-11-21 20:00:00,9,大雨,3.6,48.9,10.6,5
2023-11-21 21:00:00,8,多云,3.0,64.1,6.3,23
2023-11-21 22:00:00,7,晴天,5.5,52.3,3.4,115
2023-11-21 23:00:00,7,多云,5.6,76.6,4.1,46
2023-11-22 00:00:00,5,多云,-0.5,40.7,3.6,0
2023-11-22 01:00:00,2,多云,0.7,64.6,1.9,36
2023-11-22 02:00:00,6,晴天,4.4,60.4,1.0,8
2023-11-22 03:00:00,10,阴天,2.3,64.9,1.0,16
2023-11-22 04:00:00,3,晴天,6.0,70.8,3.9,41
2023-11-22 05:00:00,4,晴天,7.8,46.7,3.0,40
2023-11-22 06:00:00,10,多云,9.4,46.7,2.6,41
2023-11-22 07:00:00,2,多云,7.9,63.2,3.2,294
2023-11-22 08:00:00,2,多云,5.3,74.5,4.5,286
2023-11-22 09:00:00,8,大雨,9.4,56.3,4.1,46
2023-11-22 10:00:00,8,多云,9.1,81.6,0.3,104
2023-11-22 11:00:00,10,小雨,13.5,55.5,1.4,51
2023-11-22 12:00:00,6,小雨,15.9,49.3,0.9,88
2023-11-22 13:00:00,5,晴天,15.8,66.8,2.3,211
2023-11-22 14:00:00,8,多云,13.3,51.8,0.2,126
2023-11-22 15:00:00,4,阴天,7.1,52.0,4.3,127
2023-11-22 16:00:00,4,晴天,13.0,63.9,0.3,172
2023-11-22 17:00:00,5,多云,8.9,74.0,0.9,335
2023-11-22 18:00:00,1,阴天,3.9,64.5,4.6,63
2023-11-22 19:00:00,1,多云,7.6,61.6,0.2,306
2023-11-22 20:00:00,2,多云,3.2,88.9,3.2,18
2023-11-22 21:00:00,8,阴天,-3.0,70.4,7.8,60
2023-11-22 22:00:00,7,晴天,-0.9,54.9,2.9,31
2023-11-22 23:00:00,10,晴天,1.3,76.5,3.7,30
2023-11-23 00:00:00,9,阴天,1.0,56.4,4.7,23
2023-11-23 01:00:00,5,阴天,-1.7,69.1,0.8,6
2023-11-23 02:00:00,2,多云,4.3,68.1,2.6,10
2023-11-23 03:00:00,7,多云,4.4,60.0,1.1,17
2023-11-23 04:00:00,8,大雨,-0.5,49.1,0.9,20
2023-11-23 05:00:00,7,小雨,12.9,59.6,0.6,12
2023-11-23 06:00:00,7,晴天,2.7,52.9,2.6,4
2023-11-23 07:00:00,5,晴天,6.3,63.9,4.7,338
2023-11-23 08:00:00,2,多云,10.0,66.3,6.3,257
2023-11-23 09:00:00,6,阴天,8.5,30.4,1.7,228
2023-11-23 10:00:00,4,阴天,15.0,65.1,1.4,156
2023-11-23 11:00:00,10,阴天,10.6,100.0,3.5,92
2023-11-23 12:00:00,2,阴天,8.6,55.2,4.5,99
2023-11-23 13:00:00,9,多云,13.0,74.8,0.9,116
2023-11-23 14:00:00,7,多云,2.0,71.1,1.1,57
2023-11-23 15:00:00,6,大雨,11.5,35.4,2.3,21
2023-11-23 16:00:00,5,小雨,12.7,67.5,1.8,46
2023-11-23 17:00:00,3,多云,0.7,47.4,3.7,109
2023-11-23 18:00:00,10,晴天,5.1,57.0,2.1,376
2023-11-23 19:00:00,10,阴天,0.1,38.1,0.4,59
2023-11-23 20:00:00,4,多云,3.9,66.6,0.5,64
2023-11-23 21:00:00,3,多云,9.5,54.9,7.0,79
2023-11-23 22:00:00,8,小雨,2.7,80.2,0.8,21
2023-11-23 23:00:00,3,小雨,0.9,39.6,0.2,34
2023-11-24 00:00:00,7,晴天,-5.0,73.6,3.9,25
2023-11-24 01:00:00,7,大雨,-1.8,66.3,3.5,5
2023-11-24 02:00:00,7,晴天,1.6,47.1,2.7,0
2023-11-24 03:00:00,7,晴天,3.1,36.8,2.1,42
2023-11-24 04:00:00,2,多云,4.9,55.7,10.5,22
2023-11-24 05:00:00,10,小雨,7.3,63.5,0.4,0
2023-11-24 06:00:00,3,阴天,3.6,44.0,2.1,31
2023-11-24 07:00:00,10,大雨,7.8,45.8,2.5,50
2023-11-24 08:00:00,9,阴天,7.4,74.9,0.1,220
2023-11-24 09:00:00,3,晴天,7.1,48.3,1.6,316
2023-11-24 10:00:00,2,晴天,8.1,68.7,4.6,158
2023-11-24 11:00:00,9,多云,12.8,78.3,1.9,144
2023-11-24 12:00:00,10,晴天,3.6,47.9,6.2,39
2023-11-24 13:00:00,9,大雨,5.6,41.3,3.1,25
2023-11-24 14:00:00,4,小雨,20.2,73.1,4.4,128
2023-11-24 15:00:00,9,阴天,7.9,55.5,4.9,115
2023-11-24 16:00:00,3,晴天,13.2,53.4,3.5,170
2023-11-24 17:00:00,7,多云,7.4,81.4,4.2,232
2023-11-24 18:00:00,7,多云,4.7,56.0,3.6,72
2023-11-24 19:00:00,8,晴天,7.0,64.2,2.4,385
2023-11-24 20:00:00,10,多云,4.1,35.8,2.5,44
2023-11-24 21:00:00,4,多云,2.3,58.9,0.6,52
2023-11-24 22:00:00,3,多云,1.9,46.8,5.3,25
2023-11-24 23:00:00,3,多云,2.7,52.4,1.1,28
2023-11-25 00:00:00,5,晴天,-0.7,51.5,2.3,0
2023-11-25 01:00:00,1,多云,0.1,79.5,0.9,14
2023-11-25 02:00:00,10,晴天,-0.9,50.1,3.6,22
2023-11-25 03:00:00,3,晴天,-0.8,52.0,11.1,0
2023-11-25 04:00:00,6,晴天,9.4,83.0,4.9,34
2023-11-25 05:00:00,3,晴天,2.3,54.6,2.9,4
2023-11-25 06:00:00,5,多云,9.3,50.7,2.5,18
2023-11-25 07:00:00,9,晴天,6.6,76.5,2.0,191
2023-11-25 08:00:00,2,多云,10.5,60.2,0.7,188
2023-11-25 09:00:00,2,小雨,9.9,61.3,1.3,68
2023-11-25 10:00:00,6,小雨,5.3,64.5,1.6,27
2023-11-25 11:00:00,6,大雨,11.3,80.1,8.7,0
2023-11-25 12:00:00,8,多云,13.2,44.5,1.7,73
2023-11-25 13:00:00,2,多云,8.3,77.2,2.6,82
2023-11-25 14:00:00,9,大雨,17.6,37.6,7.7,28
2023-11-25 15:00:00,2,多云,12.3,47.8,2.2,67
2023-11-25 16:00:00,1,小雨,11.3,46.6,0.9,41
2023-11-25 17:00:00,10,多云,10.4,57.9,1.4,193
2023-11-25 18:00:00,2,多云,-0.7,48.7,1.4,41
2023-11-25 19:00:00,7,大雨,7.2,79.1,3.8,34
2023-11-25 20:00:00,8,晴天,10.7,67.8,1.1,61
2023-11-25 21:00:00,5,晴天,5.1,59.8,3.9,63
2023-11-25 22:00:00,6,晴天,1.2,46.8,6.6,10
2023-11-25 23:00:00,1,多云,-1.8,81.0,1.2,2
2023-11-26 00:00:00,6,晴天,-2.3,61.5,0.4,7
2023-11-26 01:00:00,8,多云,-2.5,56.2,3.1,33
2023-11-26 02:00:00,3,大雨,0.8,58.0,1.3,1
2023-11-26 03:00:00,1,大雨,-0.4,56.7,2.3,21
2023-11-26 04:00:00,4,多云,3.4,72.7,3.0,27
2023-11-26 05:00:00,1,阴天,5.7,77.0,1.6,0
2023-11-26 06:00:00,8,多云,1.2,46.1,7.8,1
2023-11-26 07:00:00,5,多云,5.3,50.2,1.5,186
2023-11-26 08:00:00,1,大雨,7.1,51.0,1.1,32
2023-11-26 09:00:00,8,小雨,8.1,64.8,6.5,73
2023-11-26 10:00:00,9,小雨,10.7,75.0,0.4,47
2023-11-26 11:00:00,10,晴天,11.5,39.4,0.4,109
2023-11-26 12:00:00,2,多云,10.1,44.3,8.2,78
2023-11-26 13:00:00,9,阴天,9.2,54.8,0.7,60
2023-11-26 14:00:00,8,多云,10.6,68.0,0.5,43
2023-11-26 15:00:00,7,小雨,14.2,45.9,2.3,36
2023-11-26 16:00:00,3,多云,4.5,54.2,0.1,18
2023-11-26 17:00:00,2,大雨,11.0,49.2,2.9,18
2023-11-26 18:00:00,7,晴天,1.4,71.4,1.8,62
2023-11-26 19:00:00,5,多云,6.1,58.4,3.1,178
2023-11-26 20:00:00,6,晴天,7.0,49.1,1.0,64
2023-11-26 21:00:00,4,小雨,-1.2,42.4,7.1,3
2023-11-26 22:00:00,2,小雨,3.1,54.1,0.9,13
2023-11-26 23:00:00,9,晴天,-1.6,56.0,3.0,9
2023-11-27 00:00:00,3,小雨,4.9,72.7,8.7,23
2023-11-27 01:00:00,7,多云,-3.3,75.3,1.5,1
2023-11-27 02:00:00,8,晴天,-0.7,42.3,0.5,38
2023-11-27 03:00:00,2,多云,3.2,74.8,0.2,25
2023-11-27 04:00:00,6,晴天,6.0,70.7,9.9,61
2023-11-27 05:00:00,8,多云,5.3,52.0,4.3,36
2023-11-27 06:00:00,7,多云,7.8,71.4,7.5,28
2023-11-27 07:00:00,3,小雨,6.0,48.1,3.6,116
2023-11-27 08:00:00,1,大雨,5.6,66.1,1.3,76
2023-11-27 09:00:00,6,小雨,14.3,96.4,0.4,116
2023-11-27 10:00:00,8,晴天,12.2,63.5,7.9,140
2023-11-27 11:00:00,6,阴天,9.7,54.9,2.0,122
2023-11-27 12:00:00,5,小雨,6.4,40.3,1.5,47
2023-11-27 13:00:00,8,晴天,14.8,61.2,2.6,160
2023-11-27 14:00:00,2,大雨,14.5,75.0,0.3,36
2023-11-27 15:00:00,1,晴天,9.2,49.4,1.1,177
2023-11-27 16:00:00,1,多云,6.9,68.1,3.0,135
2023-11-27 17:00:00,4,多云,6.9,56.1,0.3,305
2023-11-27 18:00:00,6,多云,5.7,54.0,0.4,308
2023-11-27 19:00:00,9,阴天,7.4,67.3,2.1,268
2023-11-27 20:00:00,1,多云,0.4,31.6,2.9,38
2023-11-27 21:00:00,1,晴天,1.1,57.1,0.6,30
2023-11-27 22:00:00,5,阴天,1.5,74.8,0.1,0
2023-11-27 23:00:00,10,阴天,2.3,57.2,9.5,0
2023-11-28 00:00:00,5,小雨,3.9,60.1,0.1,7
2023-11-28 01:00:00,5,多云,2.4,58.0,0.0,0
2023-11-28 02:00:00,10,晴天,7.3,88.7,1.2,23
2023-11-28 03:00:00,6,大雨,-0.2,65.8,0.8,0
2023-11-28 04:00:00,8,晴天,8.2,40.9,2.6,70
2023-11-28 05:00:00,3,晴天,2.2,47.0,6.7,13
2023-11-28 06:00:00,9,多云,5.2,61.4,2.0,43
2023-11-28 07:00:00,1,晴天,8.8,78.9,4.5,332
2023-11-28 08:00:00,4,晴天,12.4,69.9,7.2,288
2023-11-28 09:00:00,9,多云,8.7,74.9,0.6,269
2023-11-28 10:00:00,8,晴天,,43.1,2.0,137
2023-11-28 11:00:00,10,晴天,10.2,69.5,3.1,181
2023-11-28 12:00:00,9,晴天,4.5,48.9,1.2,19
2023-11-28 13:00:00,1,晴天,11.1,58.2,4.0,149
2023-11-28 14:00:00,9,小雨,6.9,72.8,3.7,56
2023-11-28 15:00:00,3,大雨,13.7,51.5,1.6,9
2023-11-28 16:00:00,10,多云,12.7,38.4,0.3,133
2023-11-28 17:00:00,9,多云,5.1,54.5,0.0,307
2023-11-28 18:00:00,1,晴天,3.4,61.8,1.4,111
2023-11-28 19:00:00,1,晴天,3.2,70.2,0.3,116
2023-11-28 20:00:00,9,晴天,5.4,46.7,4.6,107
2023-11-28 21:00:00,6,多云,4.4,51.7,1.2,32
2023-11-28 22:00:00,4,小雨,12.2,63.2,3.3,56
2023-11-28 23:00:00,7,小雨,0.6,68.2,,0
2023-11-29 00:00:00,5,多云,1.6,63.0,4.8,20
2023-11-29 01:00:00,10,晴天,7.3,57.8,6.6,23
2023-11-29 02:00:00,7,大雨,2.9,48.9,5.5,0
2023-11-29 03:00:00,8,多云,-0.5,73.3,2.0,11
2023-11-29 04:00:00,8,小雨,4.9,78.2,0.3,10
2023-11-29 05:00:00,1,多云,7.2,51.2,1.4,40
2023-11-29 06:00:00,8,小雨,5.3,52.9,1.7,0
2023-11-29 07:00:00,6,阴天,10.0,70.3,9.7,249
2023-11-29 08:00:00,4,阴天,11.0,62.5,2.5,218
2023-11-29 09:00:00,8,多云,8.5,68.7,3.1,264
2023-11-29 10:00:00,3,多云,15.3,64.1,4.6,152
2023-11-29 11:00:00,4,晴天,8.8,65.7,2.5,135
2023-11-29 12:00:00,6,阴天,12.7,53.9,2.7,87
2023-11-29 13:00:00,7,多云,9.4,30.0,0.8,136
2023-11-29 14:00:00,4,晴天,5.6,62.9,0.2,165
2023-11-29 15:00:00,4,多云,11.0,70.3,3.8,119
2023-11-29 16:00:00,7,晴天,14.6,64.3,5.7,138
2023-11-29 17:00:00,6,多云,7.5,48.8,1.6,304
2023-11-29 18:00:00,8,多云,1.9,51.3,2.4,93
2023-11-29 19:00:00,1,晴天,5.7,96.9,1.1,295
2023-11-29 20:00:00,10,晴天,1.4,65.3,1.8,16
2023-11-29 21:00:00,7,阴天,6.0,24.8,0.7,69
2023-11-29 22:00:00,7,大雨,1.3,51.4,4.3,28
2023-11-29 23:00:00,7,大雨,-3.8,56.7,2.0,0
2023-11-30 00:00:00,7,多云,2.9,41.4,2.4,9
2023-11-30 01:00:00,10,大雨,2.1,58.1,0.1,9
2023-11-30 02:00:00,10,多云,1.1,52.6,2.9,0
2023-11-30 03:00:00,8,晴天,-0.3,62.9,0.7,20
2023-11-30 04:00:00,9,晴天,9.2,55.7,1.5,18
2023-11-30 05:00:00,9,晴天,3.7,49.5,1.6,21
2023-11-30 06:00:00,2,晴天,9.0,54.9,1.8,39
2023-11-30 07:00:00,7,阴天,6.2,72.7,0.8,203
2023-11-30 08:00:00,7,晴天,10.9,61.0,5.7,335
2023-11-30 09:00:00,4,多云,10.0,56.8,1.7,261
2023-11-30 10:00:00,9,多云,10.8,65.3,2.8,129
2023-11-30 11:00:00,8,晴天,8.7,60.0,2.9,165
2023-11-30 12:00:00,1,多云,12.9,43.4,2.8,117
2023-11-30 13:00:00,2,晴天,15.4,70.3,2.5,194
2023-11-30 14:00:00,2,大雨,7.6,50.6,5.2,40
2023-11-30 15:00:00,8,晴天,7.4,54.9,5.0,124
2023-11-30 16:00:00,1,多云,17.7,37.3,1.6,192
2023-11-30 17:00:00,4,小雨,4.6,72.3,3.0,20
2023-11-30 18:00:00,10,阴天,4.7,61.9,0.3,65
2023-11-30 19:00:00,5,大雨,9.2,64.3,0.3,60
2023-11-30 20:00:00,9,小雨,8.1,72.2,2.0,49
2023-11-30 21:00:00,7,多云,-4.5,72.3,6.9,30
2023-11-30 22:00:00,8,多云,4.3,49.4,3.1,27
2023-11-30 23:00:00,9,大雨,0.9,60.2,3.3,0
2023-12-01 00:00:00,7,阴天,4.6,58.7,0.5,31
2023-12-01 01:00:00,5,晴天,8.7,57.3,1.8,50
2023-12-01 02:00:00,5,多云,4.6,47.9,1.5,27
2023-12-01 03:00:00,10,大雨,4.9,81.4,4.6,0
2023-12-01 04:00:00,6,多云,6.5,75.2,0.4,0
2023-12-01 05:00:00,5,晴天,7.7,66.7,2.3,54
2023-12-01 06:00:00,9,多云,11.0,80.4,7.3,31
2023-12-01 07:00:00,3,小雨,15.3,67.1,6.7,165
2023-12-01 08:00:00,3,阴天,13.8,55.5,5.7,216
2023-12-01 09:00:00,7,多云,13.5,53.7,1.4,269
2023-12-01 10:00:00,7,晴天,16.0,65.8,8.5,193
2023-12-01 11:00:00,6,晴天,17.2,39.3,4.9,203
2023-12-01 12:00:00,3,晴天,16.7,73.0,5.7,185
2023-12-01 13:00:00,7,多云,12.8,35.6,8.1,143
2023-12-01 14:00:00,5,多云,15.6,76.5,8.3,202
2023-12-01 15:00:00,7,晴天,7.2,67.5,0.8,147
2023-12-01 16:00:00,2,小雨,17.1,89.3,0.4,38
2023-12-01 17:00:00,6,小雨,15.9,62.7,3.5,180
2023-12-01 18:00:00,8,晴天,12.7,69.8,2.5,368
2023-12-01 19:00:00,1,晴天,12.4,70.5,1.2,370
2023-12-01 20:00:00,4,阴天,7.3,46.7,3.5,96
2023-12-01 21:00:00,1,多云,4.2,44.0,0.2,38
2023-12-01 22:00:00,1,大雨,1.9,46.0,0.1,0
2023-12-01 23:00:00,10,多云,8.2,59.5,1.3,14
2023-12-02 00:00:00,8,大雨,2.7,59.9,0.6,7
2023-12-02 01:00:00,7,大雨,4.0,60.5,3.8,0
2023-12-02 02:00:00,10,小雨,6.3,67.4,8.9,31
2023-12-02 03:00:00,1,阴天,6.4,48.9,3.3,2
2023-12-02 04:00:00,2,阴天,8.3,72.6,3.2,30
2023-12-02 05:00:00,4,多云,3.3,66.5,0.0,0
2023-12-02 06:00:00,1,晴天,9.3,83.7,2.2,22
2023-12-02 07:00:00,3,多云,13.8,66.5,5.1,152
2023-12-02 08:00:00,8,大雨,11.2,59.0,3.2,38
2023-12-02 09:00:00,8,小雨,10.9,92.2,0.8,76
2023-12-02 10:00:00,8,晴天,17.2,58.7,5.7,125
2023-12-02 11:00:00,6,晴天,13.6,64.3,10.0,122
2023-12-02 12:00:00,6,小雨,15.6,66.5,1.0,35
2023-12-02 13:00:00,5,晴天,14.2,74.0,0.7,95
2023-12-02 14:00:00,9,多云,14.3,61.3,1.2,91
2023-12-02 15:00:00,4,小雨,18.1,100.0,0.2,23
2023-12-02 16:00:00,10,多云,14.2,51.4,6.2,80
2023-12-02 17:00:00,7,晴天,7.6,82.3,7.9,184
2023-12-02 18:00:00,1,晴天,8.9,38.1,3.0,232
2023-12-02 19:00:00,9,晴天,7.5,45.2,4.3,235
2023-12-02 20:00:00,7,晴天,8.1,36.7,3.3,49
2023-12-02 21:00:00,10,多云,9.2,46.1,1.4,57
2023-12-02 22:00:00,9,多云,5.8,35.5,3.0,33
2023-12-02 23:00:00,7,晴天,5.2,61.6,5.4,12
2023-12-03 00:00:00,2,晴天,-1.7,46.6,5.0,4
2023-12-03 01:00:00,6,晴天,9.1,82.7,0.3,35
2023-12-03 02:00:00,10,阴天,5.2,67.5,1.9,24
2023-12-03 03:00:00,4,多云,7.2,61.0,1.5,20
2023-12-03 04:00:00,3,阴天,8.3,64.0,4.2,22
2023-12-03 05:00:00,2,大雨,6.4,69.7,2.1,11
2023-12-03 06:00:00,6,多云,9.3,77.9,1.3,25
2023-12-03 07:00:00,8,小雨,9.0,52.5,3.7,66
2023-12-03 08:00:00,6,晴天,16.6,49.8,1.9,239
2023-12-03 09:00:00,9,小雨,6.9,66.2,0.9,71
2023-12-03 10:00:00,5,晴天,11.5,83.5,6.6,62
2023-12-03 11:00:00,2,大雨,13.9,39.6,0.4,23
2023-12-03 12:00:00,8,晴天,19.5,66.0,0.1,144
2023-12-03 13:00:00,9,大雨,17.0,79.4,0.5,27
2023-12-03 14:00:00,10,晴天,9.4,69.2,0.5,66
2023-12-03 15:00:00,4,阴天,13.2,65.0,2.3,55
2023-12-03 16:00:00,6,晴天,14.7,68.1,2.9,93
2023-12-03 17:00:00,10,小雨,18.0,87.1,1.8,65
2023-12-03 18:00:00,8,多云,9.0,71.9,0.7,185
2023-12-03 19:00:00,9,多云,5.2,36.7,0.4,191
2023-12-03 20:00:00,5,小雨,8.5,58.7,2.0,45
2023-12-03 21:00:00,6,阴天,6.3,61.3,2.5,70
2023-12-03 22:00:00,4,晴天,7.1,75.4,1.1,44
2023-12-03 23:00:00,5,阴天,7.2,61.2,0.7,14
2023-12-04 00:00:00,7,小雨,6.0,60.2,0.3,13
2023-12-04 01:00:00,9,大雨,6.8,60.6,0.1,0
2023-12-04 02:00:00,10,多云,10.6,63.6,0.3,34
2023-12-04 03:00:00,6,多云,5.6,58.6,4.1,31
2023-12-04 04:00:00,6,阴天,3.8,53.7,1.3,17
2023-12-04 05:00:00,8,多云,9.6,57.8,0.1,53
2023-12-04 06:00:00,4,多云,6.2,64.6,2.1,34
2023-12-04 07:00:00,3,晴天,7.9,69.3,2.3,317
2023-12-04 08:00:00,7,晴天,10.0,100.0,1.7,244
2023-12-04 09:00:00,5,小雨,9.8,40.1,0.4,155
2023-12-04 10:00:00,2,小雨,17.8,68.8,4.2,91
2023-12-04 11:00:00,2,多云,15.0,82.1,3.5,111
2023-12-04 12:00:00,6,晴天,17.1,48.4,1.5,200
2023-12-04 13:00:00,8,多云,16.4,70.3,1.4,195
2023-12-04 14:00:00,1,多云,13.7,54.5,0.5,129
2023-12-04 15:00:00,6,多云,16.4,52.3,4.2,145
2023-12-04 16:00:00,2,阴天,11.1,49.0,2.7,111
2023-12-04 17:00:00,2,大雨,10.8,58.6,0.3,37
2023-12-04 18:00:00,7,晴天,7.9,58.1,1.4,368
2023-12-04 19:00:00,10,阴天,12.9,71.3,7.0,272
2023-12-04 20:00:00,1,多云,7.2,38.3,1.8,62
2023-12-04 21:00:00,6,小雨,8.3,72.8,1.2,26
2023-12-04 22:00:00,7,晴天,,72.4,3.1,44
2023-12-04 23:00:00,8,小雨,7.7,64.6,0.7,7
2023-12-05 00:00:00,7,晴天,7.3,94.3,2.2,37
2023-12-05 01:00:00,6,多云,0.3,78.5,3.3,16
2023-12-05 02:00:00,9,晴天,5.7,52.5,5.8,52
2023-12-05 03:00:00,3,晴天,6.8,42.2,3.5,29
2023-12-05 04:00:00,6,晴天,6.6,49.7,1.5,0
2023-12-05 05:00:00,4,晴天,12.9,51.3,4.4,44
2023-12-05 06:00:00,2,晴天,6.3,32.6,6.9,15
2023-12-05 07:00:00,1,小雨,9.9,67.4,1.9,139
2023-12-05 08:00:00,1,晴天,10.0,40.3,0.0,324
2023-12-05 09:00:00,10,小雨,16.6,63.5,6.4,158
2023-12-05 10:00:00,3,晴天,11.2,74.1,0.5,166
2023-12-05 11:00:00,4,阴天,9.3,81.0,0.4,60
2023-12-05 12:00:00,2,阴天,16.3,56.2,1.1,137
2023-12-05 13:00:00,1,晴天,14.4,49.3,1.4,162
2023-12-05 14:00:00,4,小雨,17.5,80.0,4.8,66
2023-12-05 15:00:00,7,晴天,16.0,82.6,1.5,154
2023-12-05 16:00:00,10,阴天,12.4,70.2,0.2,100
2023-12-05 17:00:00,6,多云,7.0,49.6,3.0,331
2023-12-05 18:00:00,6,晴天,6.4,40.2,3.3,377
2023-12-05 19:00:00,9,晴天,3.4,76.7,5.0,99
2023-12-05 20:00:00,2,晴天,7.1,59.1,1.5,124
2023-12-05 21:00:00,4,多云,4.5,78.6,0.3,37
2023-12-05 22:00:00,5,小雨,5.1,50.0,2.4,47
2023-12-05 23:00:00,1,多云,5.7,76.6,0.4,40
2023-12-06 00:00:00,8,多云,10.7,81.1,0.1,9
2023-12-06 01:00:00,8,晴天,6.9,56.4,4.5,61
2023-12-06 02:00:00,6,晴天,5.9,64.6,1.5,53
2023-12-06 03:00:00,5,晴天,1.8,42.6,2.2,15
2023-12-06 04:00:00,8,大雨,7.6,43.0,3.3,9
2023-12-06 05:00:00,3,晴天,11.4,64.8,1.5,37
2023-12-06 06:00:00,3,多云,11.2,51.9,0.2,24
2023-12-06 07:00:00,2,晴天,8.2,63.6,0.9,333
2023-12-06 08:00:00,5,晴天,11.4,62.5,0.6,313
2023-12-06 09:00:00,3,小雨,13.8,69.8,11.4,127
2023-12-06 10:00:00,3,多云,13.1,67.9,4.0,133
2023-12-06 11:00:00,6,多云,13.0,73.8,1.8,137
2023-12-06 12:00:00,8,多云,8.6,63.4,0.2,146
2023-12-06 13:00:00,2,多云,12.5,64.6,0.4,138
2023-12-06 14:00:00,4,晴天,15.1,60.0,5.0,213
2023-12-06 15:00:00,7,多云,16.2,75.7,8.7,142
2023-12-06 16:00:00,1,小雨,12.7,87.6,0.1,54
2023-12-06 17:00:00,1,晴天,14.5,71.2,7.2,365
2023-12-06 18:00:00,10,多云,9.8,67.5,1.4,313
2023-12-06 19:00:00,7,晴天,6.1,56.7,0.7,356
2023-12-06 20:00:00,7,晴天,6.1,63.6,0.3,121
2023-12-06 21:00:00,1,多云,8.0,54.1,4.4,91
2023-12-06 22:00:00,1,阴天,4.9,50.8,1.9,10
2023-12-06 23:00:00,4,阴天,3.2,57.1,5.4,0
2023-12-07 00:00:00,5,晴天,0.3,86.8,0.8,22
2023-12-07 01:00:00,5,多云,2.5,58.7,3.4,8
2023-12-07 02:00:00,4,多云,4.5,84.4,0.4,7
2023-12-07 03:00:00,8,晴天,4.7,45.4,0.3,8
2023-12-07 04:00:00,7,大雨,4.6,62.1,0.4,16
2023-12-07 05:00:00,9,小雨,13.4,70.8,5.0,22
2023-12-07 06:00:00,7,阴天,11.8,71.6,3.2,9
2023-12-07 07:00:00,10,晴天,17.9,43.8,0.5,407
2023-12-07 08:00:00,1,晴天,7.7,41.8,1.5,325
2023-12-07 09:00:00,7,大雨,14.5,69.3,4.3,40
2023-12-07 10:00:00,1,小雨,13.0,51.7,1.0,27
2023-12-07 11:00:00,7,阴天,14.9,69.5,7.6,96
2023-12-07 12:00:00,10,晴天,20.6,81.5,7.4,158
2023-12-07 13:00:00,8,多云,9.6,50.2,2.4,125
2023-12-07 14:00:00,9,多云,12.6,52.2,3.0,142
2023-12-07 15:00:00,3,晴天,11.3,29.6,3.2,122
2023-12-07 16:00:00,4,多云,10.8,72.0,0.9,120
2023-12-07 17:00:00,4,小雨,5.0,92.0,1.4,45
2023-12-07 18:00:00,9,晴天,13.9,41.3,0.4,353
2023-12-07 19:00:00,7,晴天,12.7,78.7,7.8,345
2023-12-07 20:00:00,3,小雨,9.2,80.0,3.9,21
2023-12-07 21:00:00,10,多云,2.4,71.8,0.1,33
2023-12-07 22:00:00,5,阴天,6.5,50.9,2.4,68
2023-12-07 23:00:00,7,晴天,7.8,56.3,1.3,28
2023-12-08 00:00:00,8,晴天,6.2,68.3,5.1,46
2023-12-08 01:00:00,1,阴天,5.0,67.8,1.3,32
2023-12-08 02:00:00,2,阴天,9.9,56.2,3.1,8
2023-12-08 03:00:00,7,晴天,4.3,66.9,0.5,13
2023-12-08 04:00:00,2,大雨,7.0,54.6,2.5,0
2023-12-08 05:00:00,7,晴天,10.6,58.3,1.0,56
2023-12-08 06:00:00,9,晴天,11.0,57.0,0.5,57
2023-12-08 07:00:00,2,晴天,13.0,76.4,2.9,320
2023-12-08 08:00:00,7,晴天,14.1,38.6,3.1,340
2023-12-08 09:00:00,4,大雨,15.1,69.7,12.3,53
2023-12-08 10:00:00,2,小雨,13.2,65.4,3.3,57
2023-12-08 11:00:00,7,阴天,12.7,26.0,2.2,99
2023-12-08 12:00:00,5,小雨,15.4,73.1,7.3,77
2023-12-08 13:00:00,1,多云,19.4,74.9,5.3,172
2023-12-08 14:00:00,5,小雨,14.3,53.9,2.4,59
2023-12-08 15:00:00,3,阴天,15.3,67.3,2.1,139
2023-12-08 16:00:00,7,小雨,12.8,64.0,8.5,61
2023-12-08 17:00:00,6,大雨,17.4,93.5,2.9,77
2023-12-08 18:00:00,8,阴天,9.6,67.5,3.8,221
2023-12-08 19:00:00,5,晴天,10.5,61.6,0.3,392
2023-12-08 20:00:00,2,小雨,5.3,76.4,3.8,34
2023-12-08 21:00:00,9,阴天,3.1,84.1,0.9,16
2023-12-08 22:00:00,8,阴天,5.6,91.1,0.4,77
2023-12-08 23:00:00,6,晴天,8.7,51.0,5.7,48
2023-12-09 00:00:00,10,多云,6.9,66.4,3.5,27
2023-12-09 01:00:00,7,小雨,-1.1,50.7,,21
2023-12-09 02:00:00,9,晴天,7.9,94.8,1.7,16
2023-12-09 03:00:00,7,小雨,1.9,60.7,0.7,16
2023-12-09 04:00:00,3,晴天,10.0,74.4,0.0,4
2023-12-09 05:00:00,6,晴天,10.3,57.5,1.3,29
2023-12-09 06:00:00,7,多云,9.6,67.5,0.5,28
2023-12-09 07:00:00,2,多云,13.5,32.9,1.6,182
2023-12-09 08:00:00,3,多云,11.7,75.6,5.4,175
2023-12-09 09:00:00,4,多云,14.0,79.5,0.4,168
2023-12-09 10:00:00,10,晴天,10.0,51.1,0.3,88
2023-12-09 11:00:00,6,晴天,14.1,32.9,7.0,88
2023-12-09 12:00:00,1,晴天,17.8,82.2,4.1,92
2023-12-09 13:00:00,9,晴天,10.8,80.3,0.2,55
2023-12-09 14:00:00,5,多云,16.8,71.9,0.2,129
2023-12-09 15:00:00,7,大雨,7.5,57.2,3.5,29
2023-12-09 16:00:00,9,晴天,8.9,55.8,1.4,97
2023-12-09 17:00:00,9,晴天,10.3,80.0,3.9,186
2023-12-09 18:00:00,1,小雨,10.5,55.2,1.6,95
2023-12-09 19:00:00,1,晴天,7.0,62.4,10.3,203
2023-12-09 20:00:00,3,阴天,5.7,59.9,3.6,52
2023-12-09 21:00:00,6,小雨,9.8,64.9,0.1,43
2023-12-09 22:00:00,2,晴天,9.2,58.4,1.2,52
2023-12-09 23:00:00,10,晴天,3.9,60.1,2.5,0
2023-12-10 00:00:00,1,多云,3.8,86.9,0.5,0
2023-12-10 01:00:00,1,晴天,4.3,67.9,0.0,5
2023-12-10 02:00:00,5,晴天,12.3,65.7,0.2,5
2023-12-10 03:00:00,4,晴天,6.5,72.3,2.2,20
2023-12-10 04:00:00,1,大雨,12.2,43.2,3.0,0
2023-12-10 05:00:00,4,多云,10.9,75.3,0.3,19
2023-12-10 06:00:00,3,晴天,9.7,64.5,3.3,15
2023-12-10 07:00:00,2,小雨,9.4,50.7,2.9,74
2023-12-10 08:00:00,9,多云,14.8,58.6,8.4,174
2023-12-10 09:00:00,1,多云,11.2,68.0,5.5,150
2023-12-10 10:00:00,7,晴天,13.2,61.3,8.6,97
2023-12-10 11:00:00,4,多云,16.8,76.3,10.2,90
2023-12-10 12:00:00,5,阴天,14.3,48.7,1.7,64
2023-12-10 13:00:00,10,晴天,13.6,43.1,2.0,92
2023-12-10 14:00:00,5,晴天,13.4,48.6,1.0,98
2023-12-10 15:00:00,1,晴天,11.5,53.9,2.1,96
2023-12-10 16:00:00,6,晴天,13.8,62.0,0.5,112
2023-12-10 17:00:00,9,多云,11.4,,3.3,184
2023-12-10 18:00:00,2,大雨,5.9,42.2,0.1,24
2023-12-10 19:00:00,7,阴天,7.2,39.7,0.8,165
2023-12-10 20:00:00,6,晴天,6.4,40.8,0.7,67
2023-12-10 21:00:00,5,多云,5.3,55.7,8.3,66
2023-12-10 22:00:00,4,小雨,7.5,47.8,0.5,22
2023-12-10 23:00:00,4,多云,3.1,54.2,6.6,0
2023-12-11 00:00:00,6,多云,13.1,79.9,0.4,66
2023-12-11 01:00:00,4,晴天,,42.5,3.2,29
2023-12-11 02:00:00,5,多云,9.8,64.5,1.2,15
2023-12-11 03:00:00,6,多云,3.4,42.2,1.1,20
2023-12-11 04:00:00,5,大雨,1.4,40.0,19.1,0
2023-12-11 05:00:00,7,大雨,7.7,65.6,0.8,0
2023-12-11 06:00:00,9,晴天,10.9,70.1,0.7,40
2023-12-11 07:00:00,10,晴天,10.8,71.8,2.7,322
2023-12-11 08:00:00,7,阴天,10.9,76.7,4.0,219
2023-12-11 09:00:00,7,多云,8.3,57.3,12.1,298
2023-12-11 10:00:00,4,阴天,12.3,64.1,3.6,106
2023-12-11 11:00:00,1,晴天,14.1,54.2,2.5,142
2023-12-11 12:00:00,8,多云,,79.4,1.6,146
2023-12-11 13:00:00,4,多云,13.3,46.3,2.7,121
2023-12-11 14:00:00,1,阴天,11.9,67.5,2.8,106
2023-12-11 15:00:00,5,晴天,18.5,44.0,0.7,189
2023-12-11 16:00:00,8,晴天,14.6,61.6,3.3,159
2023-12-11 17:00:00,4,多云,14.2,35.9,0.7,308
2023-12-11 18:00:00,8,阴天,10.8,63.4,2.0,251
2023-12-11 19:00:00,8,阴天,4.7,89.6,0.9,62
2023-12-11 20:00:00,3,阴天,9.7,51.6,1.1,84
2023-12-11 21:00:00,9,阴天,10.5,56.4,2.9,82
2023-12-11 22:00:00,3,晴天,10.2,73.0,0.2,88
2023-12-11 23:00:00,1,晴天,7.0,60.7,0.0,28
2023-12-12 00:00:00,2,晴天,5.0,78.3,0.4,52
2023-12-12 01:00:00,6,晴天,5.2,65.9,0.6,27
2023-12-12 02:00:00,10,大雨,7.2,73.1,0.7,13
2023-12-12 03:00:00,2,阴天,1.5,30.3,4.5,20
2023-12-12 04:00:00,6,晴天,9.4,61.4,1.8,14
2023-12-12 05:00:00,1,小雨,7.2,43.4,1.9,8
2023-12-12 06:00:00,1,阴天,16.6,54.1,3.1,47
2023-12-12 07:00:00,5,多云,10.4,66.5,3.9,272
2023-12-12 08:00:00,10,晴天,13.1,56.6,0.0,318
2023-12-12 09:00:00,9,多云,14.0,48.2,5.8,287
2023-12-12 10:00:00,8,多云,12.3,78.8,13.4,148
2023-12-12 11:00:00,3,多云,16.2,75.1,0.4,161
2023-12-12 12:00:00,3,多云,16.0,39.4,3.2,198
2023-12-12 13:00:00,1,晴天,17.9,71.4,0.0,176
2023-12-12 14:00:00,3,阴天,16.5,62.6,0.2,117
2023-12-12 15:00:00,1,多云,14.1,63.5,1.0,125
2023-12-12 16:00:00,8,多云,10.0,83.3,5.6,100
2023-12-12 17:00:00,1,阴天,8.9,62.3,3.2,247
2023-12-12 18:00:00,5,晴天,15.0,70.7,1.8,355
2023-12-12 19:00:00,9,晴天,9.0,63.2,1.7,353
2023-12-12 20:00:00,7,大雨,13.7,63.3,1.9,12
2023-12-12 21:00:00,4,晴天,4.0,46.1,1.1,22
2023-12-12 22:00:00,9,大雨,12.3,96.8,6.3,23
2023-12-12 23:00:00,9,晴天,2.3,20.0,2.5,12
2023-12-13 00:00:00,2,晴天,3.7,49.1,2.0,8
2023-12-13 01:00:00,10,多云,6.5,52.7,1.9,31
2023-12-13 02:00:00,10,晴天,8.7,73.6,8.2,55
2023-12-13 03:00:00,6,大雨,8.5,38.8,3.9,0
2023-12-13 04:00:00,4,小雨,1.8,57.4,0.5,0
2023-12-13 05:00:00,8,阴天,7.0,71.8,1.7,12
2023-12-13 06:00:00,7,大雨,6.6,41.7,1.0,2
2023-12-13 07:00:00,7,晴天,7.2,57.9,13.0,332
2023-12-13 08:00:00,10,大雨,12.5,57.5,1.6,63
2023-12-13 09:00:00,9,小雨,7.2,51.0,0.2,149
2023-12-13 10:00:00,5,小雨,17.3,60.6,1.6,89
2023-12-13 11:00:00,6,大雨,17.1,53.6,1.2,17
2023-12-13 12:00:00,1,多云,19.9,74.5,2.7,168
2023-12-13 13:00:00,6,多云,11.6,67.9,0.8,99
2023-12-13 14:00:00,2,小雨,11.4,57.2,0.1,55
2023-12-13 15:00:00,6,晴天,16.7,61.0,0.3,193
2023-12-13 16:00:00,9,晴天,15.9,54.2,1.0,168
2023-12-13 17:00:00,8,小雨,15.3,80.1,1.3,177
2023-12-13 18:00:00,9,晴天,13.5,66.8,5.4,358
2023-12-13 19:00:00,10,晴天,9.4,57.9,0.9,332
2023-12-13 20:00:00,8,晴天,6.1,66.6,0.1,99
2023-12-13 21:00:00,3,小雨,8.7,88.3,4.6,56
2023-12-13 22:00:00,8,多云,4.3,49.7,6.1,55
2023-12-13 23:00:00,6,大雨,5.5,73.3,2.0,6
2023-12-14 00:00:00,6,多云,,66.2,1.0,11
2023-12-14 01:00:00,6,多云,6.0,56.8,4.4,51
2023-12-14 02:00:00,3,多云,9.4,49.1,0.0,30
2023-12-14 03:00:00,10,小雨,5.4,72.9,7.7,21
2023-12-14 04:00:00,1,多云,6.0,64.4,6.0,45
2023-12-14 05:00:00,4,阴天,8.4,81.7,2.4,5
2023-12-14 06:00:00,10,阴天,6.5,77.5,1.0,50
2023-12-14 07:00:00,6,大雨,13.3,64.5,0.1,36
2023-12-14 08:00:00,10,阴天,12.8,49.2,25.9,215
2023-12-14 09:00:00,2,多云,13.4,90.8,4.3,221
2023-12-14 10:00:00,7,多云,15.3,50.7,1.2,185
2023-12-14 11:00:00,7,小雨,10.4,72.5,0.1,70
2023-12-14 12:00:00,4,小雨,19.2,33.4,3.1,77
2023-12-14 13:00:00,4,阴天,13.3,83.6,13.0,90
2023-12-14 14:00:00,1,小雨,13.2,29.5,3.7,76
2023-12-14 15:00:00,2,阴天,16.1,55.3,0.3,140
2023-12-14 16:00:00,9,晴天,14.3,44.1,1.5,143
2023-12-14 17:00:00,10,大雨,17.3,80.9,0.3,49
2023-12-14 18:00:00,8,小雨,7.1,48.9,7.3,153
2023-12-14 19:00:00,8,小雨,5.9,67.9,1.2,127
2023-12-14 20:00:00,9,晴天,3.9,64.0,4.0,7
2023-12-14 21:00:00,7,大雨,6.9,38.3,0.3,11
2023-12-14 22:00:00,9,阴天,4.9,75.4,0.4,20
2023-12-14 23:00:00,10,晴天,3.1,59.8,3.4,24
2023-12-15 00:00:00,2,小雨,4.8,82.6,5.6,0
2023-12-15 01:00:00,6,多云,2.1,69.2,0.7,15
2023-12-15 02:00:00,3,阴天,10.3,48.6,1.6,44
2023-12-15 03:00:00,6,多云,4.4,57.0,2.9,0
2023-12-15 04:00:00,3,晴天,5.8,56.6,4.8,40
2023-12-15 05:00:00,8,多云,1.5,71.7,3.0,0
2023-12-15 06:00:00,4,小雨,5.1,71.2,0.3,28
2023-12-15 07:00:00,10,晴天,9.5,49.9,2.3,336
2023-12-15 08:00:00,6,小雨,11.6,74.2,6.5,124
2023-12-15 09:00:00,9,阴天,15.7,66.1,6.1,272
2023-12-15 10:00:00,2,阴天,9.8,70.0,2.6,118
2023-12-15 11:00:00,2,晴天,16.2,67.8,16.3,199
2023-12-15 12:00:00,7,阴天,16.9,72.4,0.3,98
2023-12-15 13:00:00,2,小雨,16.9,46.0,2.0,89
2023-12-15 14:00:00,2,晴天,17.4,62.9,4.5,220
2023-12-15 15:00:00,4,晴天,10.0,75.1,0.5,176
2023-12-15 16:00:00,9,晴天,14.1,76.7,10.8,136
2023-12-15 17:00:00,8,大雨,16.6,76.7,1.3,44
2023-12-15 18:00:00,2,晴天,14.2,46.7,1.3,357
2023-12-15 19:00:00,8,晴天,14.4,91.2,0.7,298
2023-12-15 20:00:00,4,大雨,8.2,86.5,1.0,0
2023-12-15 21:00:00,2,多云,4.7,47.0,2.6,2
2023-12-15 22:00:00,10,大雨,-1.9,55.5,1.7,15
2023-12-15 23:00:00,7,小雨,1.4,70.3,0.6,0
2023-12-16 00:00:00,6,晴天,3.4,49.2,5.0,16
2023-12-16 01:00:00,10,阴天,4.1,68.7,0.2,5
2023-12-16 02:00:00,5,晴天,3.3,63.2,5.4,4
2023-12-16 03:00:00,1,多云,,79.3,1.0,18
2023-12-16 04:00:00,2,小雨,8.1,66.4,2.1,3
2023-12-16 05:00:00,8,晴天,8.8,29.5,1.4,16
2023-12-16 06:00:00,1,阴天,12.4,72.9,2.5,0
2023-12-16 07:00:00,3,多云,9.9,78.4,4.8,172
2023-12-16 08:00:00,2,晴天,15.8,59.1,13.6,272
2023-12-16 09:00:00,5,阴天,9.9,62.2,1.1,127
2023-12-16 10:00:00,4,多云,13.4,62.3,2.4,107
2023-12-16 11:00:00,7,小雨,15.8,51.2,1.9,52
2023-12-16 12:00:00,5,多云,9.2,97.0,20.5,67
2023-12-16 13:00:00,8,大雨,13.3,48.3,5.0,24
2023-12-16 14:00:00,4,晴天,16.5,73.9,1.5,136
2023-12-16 15:00:00,6,晴天,12.3,73.9,1.9,86
2023-12-16 16:00:00,4,多云,7.0,53.1,0.8,87
2023-12-16 17:00:00,2,晴天,8.6,46.0,4.2,234
2023-12-16 18:00:00,1,小雨,6.0,58.4,5.6,78
2023-12-16 19:00:00,1,多云,10.2,70.5,10.1,184
2023-12-16 20:00:00,8,晴天,7.9,64.6,2.5,50
2023-12-16 21:00:00,4,晴天,1.8,87.2,3.3,7
2023-12-16 22:00:00,5,小雨,0.8,51.2,1.8,1
2023-12-16 23:00:00,8,大雨,3.0,51.5,2.8,0
2023-12-17 00:00:00,7,多云,5.1,73.2,1.3,18
2023-12-17 01:00:00,8,多云,3.2,35.0,4.0,10
2023-12-17 02:00:00,8,晴天,6.7,51.6,0.1,29
2023-12-17 03:00:00,6,小雨,7.4,58.0,0.1,0
2023-12-17 04:00:00,10,晴天,9.1,59.8,3.8,14
2023-12-17 05:00:00,2,多云,4.5,52.4,8.0,18
2023-12-17 06:00:00,6,小雨,9.2,32.6,3.0,0
2023-12-17 07:00:00,1,阴天,14.5,81.2,3.9,120
2023-12-17 08:00:00,1,多云,10.5,80.4,5.2,121
2023-12-17 09:00:00,3,大雨,11.1,35.0,1.3,35
2023-12-17 10:00:00,3,多云,12.9,70.1,0.3,90
2023-12-17 11:00:00,5,阴天,13.3,58.0,8.1,25
2023-12-17 12:00:00,1,多云,15.4,68.4,8.4,115
2023-12-17 13:00:00,10,晴天,13.1,64.2,1.7,113
2023-12-17 14:00:00,6,阴天,8.3,38.1,0.7,60
2023-12-17 15:00:00,7,晴天,17.1,72.0,6.7,126
2023-12-17 16:00:00,10,晴天,14.0,51.7,3.7,81
2023-12-17 17:00:00,3,晴天,11.7,21.1,0.0,223
2023-12-17 18:00:00,4,大雨,9.7,63.0,0.3,70
2023-12-17 19:00:00,10,晴天,7.7,36.6,12.3,185
2023-12-17 20:00:00,10,阴天,5.1,77.2,0.1,35
2023-12-17 21:00:00,10,多云,0.8,55.6,1.0,27
2023-12-17 22:00:00,10,晴天,10.6,61.2,2.4,81
2023-12-17 23:00:00,10,多云,5.2,67.8,0.6,0
2023-12-18 00:00:00,3,晴天,0.2,61.6,0.8,2
2023-12-18 01:00:00,1,小雨,2.1,51.1,1.3,0
2023-12-18 02:00:00,8,小雨,6.6,76.9,,5
2023-12-18 03:00:00,10,多云,7.3,58.4,4.9,31
2023-12-18 04:00:00,10,晴天,5.3,43.1,2.1,17
2023-12-18 05:00:00,2,小雨,5.5,65.3,1.0,11
2023-12-18 06:00:00,1,大雨,8.3,58.8,1.1,0
2023-12-18 07:00:00,8,小雨,5.5,59.7,0.1,123
2023-12-18 08:00:00,7,大雨,11.1,61.9,0.2,39
2023-12-18 09:00:00,7,晴天,12.1,60.8,3.8,322
2023-12-18 10:00:00,4,阴天,18.9,81.9,0.4,96
2023-12-18 11:00:00,9,晴天,13.5,48.0,1.9,170
2023-12-18 12:00:00,6,晴天,15.8,28.8,5.5,197
2023-12-18 13:00:00,2,大雨,19.6,60.0,1.4,31
2023-12-18 14:00:00,1,阴天,11.1,72.5,1.3,105
2023-12-18 15:00:00,1,小雨,11.7,36.5,6.2,60
2023-12-18 16:00:00,9,晴天,10.9,65.5,6.0,156
2023-12-18 17:00:00,4,晴天,6.3,38.9,6.4,376
2023-12-18 18:00:00,5,多云,9.2,72.7,2.5,303
2023-12-18 19:00:00,3,阴天,12.2,60.2,9.1,241
2023-12-18 20:00:00,4,晴天,10.0,46.8,5.1,104
2023-12-18 21:00:00,8,大雨,10.0,35.9,1.6,6
2023-12-18 22:00:00,4,晴天,3.8,92.7,3.0,23
2023-12-18 23:00:00,9,大雨,1.8,94.6,0.4,0
2023-12-19 00:00:00,9,阴天,11.8,43.8,2.4,42
2023-12-19 01:00:00,6,多云,5.8,43.5,0.9,21
2023-12-19 02:00:00,2,多云,0.8,61.2,1.0,27
2023-12-19 03:00:00,10,大雨,14.1,54.2,0.4,5
2023-12-19 04:00:00,7,多云,7.2,55.1,1.3,45
2023-12-19 05:00:00,9,小雨,-0.1,64.3,2.0,0
2023-12-19 06:00:00,6,小雨,14.4,88.8,2.8,0
2023-12-19 07:00:00,3,晴天,4.4,80.4,1.1,53
2023-12-19 08:00:00,7,大雨,13.4,55.2,4.7,87
2023-12-19 09:00:00,5,晴天,16.1,70.8,2.2,413
2023-12-19 10:00:00,1,阴天,16.4,32.3,3.0,156
2023-12-19 11:00:00,3,晴天,19.5,62.0,1.0,183
2023-12-19 12:00:00,5,小雨,18.1,56.5,5.0,80
2023-12-19 13:00:00,7,晴天,20.4,74.5,2.9,208
2023-12-19 14:00:00,3,晴天,14.1,69.3,5.9,198
2023-12-19 15:00:00,6,晴天,12.3,64.6,0.5,151
2023-12-19 16:00:00,5,小雨,11.5,66.9,1.4,49
2023-12-19 17:00:00,1,多云,15.4,53.5,0.4,405
2023-12-19 18:00:00,10,阴天,8.1,74.5,0.7,238
2023-12-19 19:00:00,6,晴天,11.2,66.9,1.5,370
2023-12-19 20:00:00,8,小雨,4.9,57.6,6.7,11
2023-12-19 21:00:00,1,大雨,3.9,61.5,2.4,0
2023-12-19 22:00:00,2,晴天,9.2,72.7,1.2,111
2023-12-19 23:00:00,4,多云,6.5,74.1,4.1,34
2023-12-20 00:00:00,2,多云,-1.5,54.9,0.1,21
2023-12-20 01:00:00,9,多云,2.6,46.6,1.4,34
2023-12-20 02:00:00,10,晴天,-2.0,53.2,2.8,4
2023-12-20 03:00:00,8,小雨,5.3,53.9,2.6,8
2023-12-20 04:00:00,8,晴天,6.7,61.8,2.8,18
2023-12-20 05:00:00,4,小雨,7.3,78.0,0.7,22
2023-12-20 06:00:00,5,阴天,13.6,52.9,1.2,17
2023-12-20 07:00:00,4,多云,12.5,65.8,8.0,280
2023-12-20 08:00:00,9,小雨,19.9,57.2,10.9,179
2023-12-20 09:00:00,2,晴天,15.1,60.3,1.1,412
2023-12-20 10:00:00,8,阴天,16.0,64.5,3.1,133
2023-12-20 11:00:00,2,晴天,15.6,78.0,0.8,218
2023-12-20 12:00:00,1,小雨,14.2,63.7,1.4,70
2023-12-20 13:00:00,10,阴天,12.9,21.3,4.7,117
2023-12-20 14:00:00,3,多云,13.6,57.0,2.1,126
2023-12-20 15:00:00,9,小雨,13.0,83.5,5.7,26
2023-12-20 16:00:00,3,多云,12.2,77.1,3.0,121
2023-12-20 17:00:00,9,晴天,13.2,71.9,3.0,348
2023-12-20 18:00:00,7,大雨,10.9,77.7,0.1,64
2023-12-20 19:00:00,10,晴天,7.2,72.4,4.2,368
2023-12-20 20:00:00,1,小雨,5.3,77.4,11.4,31
2023-12-20 21:00:00,10,晴天,7.1,43.2,1.9,97
2023-12-20 22:00:00,5,阴天,2.9,59.1,0.5,28
2023-12-20 23:00:00,9,晴天,3.9,62.2,11.3,6
2023-12-21 00:00:00,3,多云,3.4,60.8,1.0,1
2023-12-21 01:00:00,9,多云,12.4,51.3,1.6,62
2023-12-21 02:00:00,5,多云,1.8,62.2,0.2,1
2023-12-21 03:00:00,9,晴天,4.1,34.5,0.4,21
2023-12-21 04:00:00,10,多云,5.8,66.8,0.7,38
2023-12-21 05:00:00,6,晴天,7.4,49.9,2.4,16
2023-12-21 06:00:00,9,多云,13.0,27.4,2.4,22
2023-12-21 07:00:00,7,多云,10.5,60.2,2.8,287
2023-12-21 08:00:00,7,多云,8.5,83.2,2.6,218
2023-12-21 09:00:00,8,晴天,17.8,31.5,2.1,400
2023-12-21 10:00:00,7,阴天,15.1,56.4,4.9,146
2023-12-21 11:00:00,9,多云,16.1,35.7,8.1,162
2023-12-21 12:00:00,9,晴天,17.0,63.9,0.9,209
2023-12-21 13:00:00,6,多云,11.1,73.1,0.4,172
2023-12-21 14:00:00,7,阴天,14.3,47.9,1.7,113
2023-12-21 15:00:00,2,晴天,16.0,53.6,0.1,211
2023-12-21 16:00:00,9,小雨,10.6,57.8,6.4,56
2023-12-21 17:00:00,1,多云,12.2,78.6,0.8,291
2023-12-21 18:00:00,1,晴天,11.6,39.0,2.4,379
2023-12-21 19:00:00,3,大雨,4.3,53.2,0.4,7
2023-12-21 20:00:00,6,多云,4.4,83.6,2.4,17
2023-12-21 21:00:00,5,晴天,-0.4,49.1,0.1,58
2023-12-21 22:00:00,2,大雨,6.4,54.1,4.4,10
2023-12-21 23:00:00,9,小雨,10.8,62.7,9.3,33
2023-12-22 00:00:00,10,阴天,2.9,94.9,1.1,12
2023-12-22 01:00:00,4,小雨,4.6,43.2,0.9,0
2023-12-22 02:00:00,4,小雨,8.7,71.3,1.8,20
2023-12-22 03:00:00,5,大雨,7.3,42.2,2.9,0
2023-12-22 04:00:00,8,晴天,4.6,44.9,0.6,25
2023-12-22 05:00:00,10,大雨,13.3,52.3,4.9,24
2023-12-22 06:00:00,4,小雨,10.6,67.0,0.7,15
2023-12-22 07:00:00,5,晴天,10.6,51.8,0.0,345
2023-12-22 08:00:00,4,多云,12.1,62.0,2.2,277
2023-12-22 09:00:00,6,晴天,15.3,49.2,0.4,436
2023-12-22 10:00:00,3,小雨,12.5,61.2,3.6,104
2023-12-22 11:00:00,8,多云,19.5,40.5,0.5,208
2023-12-22 12:00:00,6,阴天,18.8,40.9,5.1,137
2023-12-22 13:00:00,10,晴天,14.9,52.3,1.9,160
2023-12-22 14:00:00,5,小雨,14.5,69.2,2.5,44
2023-12-22 15:00:00,2,晴天,11.0,62.9,0.6,167
2023-12-22 16:00:00,10,小雨,10.6,48.4,0.5,65
2023-12-22 17:00:00,10,小雨,7.9,43.0,3.0,128
2023-12-22 18:00:00,7,小雨,9.4,75.5,0.9,157
2023-12-22 19:00:00,2,大雨,8.9,80.4,1.5,40
2023-12-22 20:00:00,1,阴天,2.7,67.6,2.0,13
2023-12-22 21:00:00,7,晴天,8.5,65.3,0.8,109
2023-12-22 22:00:00,5,晴天,3.1,27.9,4.8,24
2023-12-22 23:00:00,1,小雨,6.4,68.9,8.4,14
2023-12-23 00:00:00,4,多云,7.4,83.8,1.7,42
2023-12-23 01:00:00,4,晴天,9.1,76.1,7.5,14
2023-12-23 02:00:00,10,多云,9.0,75.3,6.4,29
2023-12-23 03:00:00,7,多云,11.4,35.2,0.5,11
2023-12-23 04:00:00,9,多云,9.9,49.4,0.6,5
2023-12-23 05:00:00,2,大雨,,57.8,1.9,2
2023-12-23 06:00:00,1,多云,8.6,49.3,2.2,60
2023-12-23 07:00:00,2,晴天,10.9,42.6,1.3,206
2023-12-23 08:00:00,7,晴天,17.4,66.3,1.1,260
2023-12-23 09:00:00,10,阴天,12.9,75.0,1.7,127
2023-12-23 10:00:00,6,阴天,14.3,39.1,3.5,59
2023-12-23 11:00:00,4,小雨,19.3,75.6,0.3,24
2023-12-23 12:00:00,1,多云,14.3,63.3,3.7,106
2023-12-23 13:00:00,1,阴天,12.4,84.3,7.8,55
2023-12-23 14:00:00,5,小雨,17.7,71.9,4.3,49
2023-12-23 15:00:00,1,大雨,11.1,61.9,0.6,17
2023-12-23 16:00:00,7,大雨,13.7,62.1,0.3,45
2023-12-23 17:00:00,1,多云,12.0,60.0,2.0,189
2023-12-23 18:00:00,1,多云,10.9,87.3,9.4,144
2023-12-23 19:00:00,2,晴天,1.4,69.2,5.1,92
2023-12-23 20:00:00,10,晴天,9.8,54.5,2.5,60
2023-12-23 21:00:00,3,大雨,6.3,68.5,0.5,0
2023-12-23 22:00:00,1,阴天,7.5,67.0,3.8,20
2023-12-23 23:00:00,9,小雨,6.7,53.7,5.0,6
2023-12-24 00:00:00,10,多云,5.9,47.7,8.2,24
2023-12-24 01:00:00,8,晴天,4.0,77.7,2.8,19
2023-12-24 02:00:00,5,晴天,4.5,56.1,2.2,0
2023-12-24 03:00:00,2,多云,6.3,55.2,2.9,16
2023-12-24 04:00:00,5,多云,8.0,68.7,8.6,7
2023-12-24 05:00:00,6,小雨,7.4,52.2,3.0,25
2023-12-24 06:00:00,1,晴天,12.8,63.4,0.9,42
2023-12-24 07:00:00,4,阴天,10.3,54.3,3.0,164
2023-12-24 08:00:00,9,多云,9.6,21.3,6.4,170
2023-12-24 09:00:00,2,大雨,15.3,65.8,2.5,66
2023-12-24 10:00:00,5,多云,20.0,63.9,2.1,92
2023-12-24 11:00:00,1,晴天,,65.3,4.0,96
2023-12-24 12:00:00,4,大雨,14.6,28.9,3.2,0
2023-12-24 13:00:00,4,小雨,18.0,39.7,0.2,55
2023-12-24 14:00:00,6,多云,16.0,77.4,3.9,107
2023-12-24 15:00:00,10,多云,15.4,61.1,1.6,66
2023-12-24 16:00:00,9,晴天,12.6,31.6,8.5,110
2023-12-24 17:00:00,3,小雨,3.3,61.3,10.6,38
2023-12-24 18:00:00,9,阴天,10.8,36.5,1.8,142
2023-12-24 19:00:00,6,晴天,9.8,51.4,10.4,222
2023-12-24 20:00:00,7,晴天,10.9,63.8,1.1,39
2023-12-24 21:00:00,10,阴天,4.2,63.8,3.4,1
2023-12-24 22:00:00,2,晴天,10.7,75.1,0.2,87
2023-12-24 23:00:00,10,小雨,4.2,67.0,0.5,0
2023-12-25 00:00:00,6,多云,3.6,67.9,6.0,10
2023-12-25 01:00:00,6,多云,3.0,54.3,6.7,0
2023-12-25 02:00:00,2,多云,8.8,47.2,2.3,38
2023-12-25 03:00:00,2,晴天,3.2,60.7,1.2,20
2023-12-25 04:00:00,2,晴天,9.4,75.3,1.8,49
2023-12-25 05:00:00,10,小雨,6.3,72.4,6.1,22
2023-12-25 06:00:00,1,小雨,9.9,57.0,0.7,36
2023-12-25 07:00:00,5,小雨,6.7,59.1,1.0,116
2023-12-25 08:00:00,8,小雨,14.9,46.5,4.6,109
2023-12-25 09:00:00,2,晴天,13.1,77.3,8.2,316
2023-12-25 10:00:00,5,晴天,16.0,84.2,0.3,142
2023-12-25 11:00:00,8,大雨,14.3,66.6,4.9,25
2023-12-25 12:00:00,10,多云,16.6,35.5,3.1,169
2023-12-25 13:00:00,5,晴天,14.7,70.1,0.8,163
2023-12-25 14:00:00,2,晴天,16.6,84.8,4.2,137
2023-12-25 15:00:00,3,晴天,15.1,43.2,3.9,202
2023-12-25 16:00:00,6,晴天,13.1,72.7,0.5,174
2023-12-25 17:00:00,5,大雨,8.6,57.2,2.1,64
2023-12-25 18:00:00,4,阴天,8.7,78.7,4.3,223
2023-12-25 19:00:00,4,阴天,6.4,42.6,0.6,251
2023-12-25 20:00:00,5,阴天,11.8,53.5,1.9,61
2023-12-25 21:00:00,2,阴天,8.8,36.5,0.4,72
2023-12-25 22:00:00,9,多云,5.8,65.1,1.1,82
2023-12-25 23:00:00,2,晴天,3.5,68.3,0.7,37
2023-12-26 00:00:00,10,大雨,2.6,65.2,2.1,3
2023-12-26 01:00:00,2,晴天,5.5,52.3,0.5,43
2023-12-26 02:00:00,10,晴天,11.2,53.4,1.4,38
2023-12-26 03:00:00,9,晴天,6.5,55.1,1.0,46
2023-12-26 04:00:00,3,多云,11.1,73.3,4.1,29
2023-12-26 05:00:00,10,晴天,9.5,38.2,3.6,50
2023-12-26 06:00:00,7,晴天,11.7,54.9,0.3,33
2023-12-26 07:00:00,4,多云,9.9,37.9,9.2,295
2023-12-26 08:00:00,6,阴天,11.9,53.9,4.1,232
2023-12-26 09:00:00,4,多云,11.0,59.8,2.9,272
2023-12-26 10:00:00,10,阴天,15.2,91.5,1.9,124
2023-12-26 11:00:00,7,晴天,14.1,50.0,0.6,163
2023-12-26 12:00:00,1,晴天,16.1,75.4,9.8,215
2023-12-26 13:00:00,3,多云,11.9,34.3,0.0,133
2023-12-26 14:00:00,3,多云,15.7,60.6,3.5,167
2023-12-26 15:00:00,1,小雨,14.0,60.6,2.1,62
2023-12-26 16:00:00,6,大雨,12.9,71.2,7.0,16
2023-12-26 17:00:00,9,大雨,12.5,51.8,1.4,70
2023-12-26 18:00:00,8,阴天,9.3,48.2,2.2,274
2023-12-26 19:00:00,7,多云,20.1,28.8,4.1,409
2023-12-26 20:00:00,10,晴天,8.9,65.0,0.1,125
2023-12-26 21:00:00,8,多云,6.8,50.4,0.2,104
2023-12-26 22:00:00,6,晴天,7.9,75.4,0.7,99
2023-12-26 23:00:00,9,晴天,3.6,67.7,0.5,24
2023-12-27 00:00:00,3,晴天,3.3,77.8,0.0,0
2023-12-27 01:00:00,10,多云,7.6,46.9,2.9,35
2023-12-27 02:00:00,10,晴天,8.3,63.1,4.8,21
2023-12-27 03:00:00,9,晴天,10.0,62.8,9.4,37
2023-12-27 04:00:00,4,小雨,3.2,52.6,1.7,0
2023-12-27 05:00:00,7,小雨,8.3,78.5,1.0,31
2023-12-27 06:00:00,9,小雨,11.0,71.7,6.0,9
2023-12-27 07:00:00,2,小雨,13.5,90.5,5.6,113
2023-12-27 08:00:00,2,晴天,14.1,70.4,2.9,323
2023-12-27 09:00:00,9,晴天,11.0,88.0,1.0,232
2023-12-27 10:00:00,3,晴天,15.9,87.7,7.2,154
2023-12-27 11:00:00,9,大雨,15.8,52.6,0.6,23
2023-12-27 12:00:00,5,小雨,16.0,38.0,0.1,77
2023-12-27 13:00:00,6,晴天,11.5,85.3,4.8,147
2023-12-27 14:00:00,2,晴天,11.5,70.4,2.5,181
2023-12-27 15:00:00,8,阴天,19.0,67.8,0.8,136
2023-12-27 16:00:00,9,多云,15.5,53.3,3.3,152
2023-12-27 17:00:00,2,大雨,11.1,66.0,4.4,44
2023-12-27 18:00:00,6,晴天,9.9,75.3,5.6,371
2023-12-27 19:00:00,6,晴天,15.4,69.9,1.0,471
2023-12-27 20:00:00,8,大雨,7.6,50.8,0.1,0
2023-12-27 21:00:00,10,小雨,6.1,83.1,2.1,24
2023-12-27 22:00:00,5,小雨,3.3,61.9,5.8,31
2023-12-27 23:00:00,9,多云,4.5,70.2,0.7,14
2023-12-28 00:00:00,1,多云,-0.0,72.6,1.6,10
2023-12-28 01:00:00,9,小雨,6.7,92.0,0.9,6
2023-12-28 02:00:00,10,晴天,9.4,66.2,0.0,32
2023-12-28 03:00:00,7,多云,10.3,59.2,6.9,41
2023-12-28 04:00:00,4,阴天,5.4,88.7,0.4,23
2023-12-28 05:00:00,3,晴天,1.8,76.6,4.4,23
2023-12-28 06:00:00,10,多云,11.0,64.6,1.3,41
2023-12-28 07:00:00,6,小雨,15.3,63.6,1.0,162
2023-12-28 08:00:00,1,阴天,7.7,30.6,8.5,230
2023-12-28 09:00:00,3,多云,12.4,58.7,3.2,266
2023-12-28 10:00:00,2,多云,15.4,39.0,3.5,170
2023-12-28 11:00:00,9,大雨,12.3,,4.3,44
2023-12-28 12:00:00,3,大雨,9.8,51.1,1.3,24
2023-12-28 13:00:00,2,小雨,12.6,39.3,2.5,56
2023-12-28 14:00:00,4,多云,12.6,54.7,0.9,135
2023-12-28 15:00:00,2,晴天,7.9,64.6,5.4,138
2023-12-28 16:00:00,1,小雨,,67.6,2.7,81
2023-12-28 17:00:00,6,阴天,16.0,58.4,0.8,353
2023-12-28 18:00:00,10,阴天,10.1,40.7,,239
2023-12-28 19:00:00,8,晴天,10.9,58.2,2.6,368
2023-12-28 20:00:00,10,多云,3.1,44.0,2.0,26
2023-12-28 21:00:00,10,多云,6.0,81.1,0.1,69
2023-12-28 22:00:00,2,阴天,3.9,57.8,7.2,20
2023-12-28 23:00:00,9,小雨,6.4,42.9,9.1,25
2023-12-29 00:00:00,3,多云,-3.1,44.2,2.5,0
2023-12-29 01:00:00,8,晴天,4.3,60.1,1.8,22
2023-12-29 02:00:00,8,多云,7.6,60.9,1.3,34
2023-12-29 03:00:00,3,晴天,7.2,57.1,0.9,12
2023-12-29 04:00:00,3,大雨,9.8,74.9,2.6,11
2023-12-29 05:00:00,6,大雨,6.9,45.6,0.4,7
2023-12-29 06:00:00,1,多云,1.5,75.1,7.5,0
2023-12-29 07:00:00,4,多云,14.6,58.6,0.6,277
2023-12-29 08:00:00,1,阴天,14.8,72.9,4.1,205
2023-12-29 09:00:00,3,晴天,18.2,50.6,1.1,412
2023-12-29 10:00:00,9,晴天,,71.7,0.8,156
2023-12-29 11:00:00,5,阴天,16.1,47.9,2.4,115
2023-12-29 12:00:00,5,大雨,22.0,84.7,4.3,7
2023-12-29 13:00:00,4,大雨,9.3,58.8,3.9,8
2023-12-29 14:00:00,3,晴天,15.7,53.5,0.8,203
2023-12-29 15:00:00,5,晴天,17.2,42.4,1.2,209
2023-12-29 16:00:00,4,晴天,13.1,62.5,6.1,142
2023-12-29 17:00:00,8,晴天,11.5,57.8,3.9,349
2023-12-29 18:00:00,4,大雨,5.5,39.9,3.7,58
2023-12-29 19:00:00,8,晴天,13.1,49.0,0.9,365
2023-12-29 20:00:00,6,小雨,10.7,30.7,4.7,29
2023-12-29 21:00:00,5,晴天,10.3,43.1,1.3,131
2023-12-29 22:00:00,4,多云,5.6,58.2,1.5,90
2023-12-29 23:00:00,4,阴天,4.2,65.3,1.0,5
2023-12-30 00:00:00,4,晴天,,55.1,0.4,1
2023-12-30 01:00:00,9,多云,10.3,67.1,1.6,34
2023-12-30 02:00:00,4,晴天,4.9,45.6,0.1,15
2023-12-30 03:00:00,9,晴天,10.9,66.7,1.8,0
2023-12-30 04:00:00,10,多云,7.1,58.8,3.9,9
2023-12-30 05:00:00,6,多云,6.1,56.9,9.7,13
2023-12-30 06:00:00,10,小雨,3.8,59.9,0.2,2
2023-12-30 07:00:00,7,大雨,13.0,51.0,1.0,39
2023-12-30 08:00:00,10,多云,14.8,37.0,2.0,148
2023-12-30 09:00:00,3,晴天,10.1,44.3,0.6,193
2023-12-30 10:00:00,8,小雨,18.8,38.8,0.4,72
2023-12-30 11:00:00,3,晴天,10.7,56.6,1.8,94
2023-12-30 12:00:00,1,小雨,17.1,70.2,2.6,36
2023-12-30 13:00:00,10,小雨,17.1,82.3,5.1,17
2023-12-30 14:00:00,5,晴天,17.5,53.1,18.4,114
2023-12-30 15:00:00,2,大雨,7.6,57.6,4.5,0
2023-12-30 16:00:00,10,阴天,15.7,88.2,0.8,61
2023-12-30 17:00:00,6,大雨,10.9,54.0,4.1,41
2023-12-30 18:00:00,10,晴天,9.0,50.6,2.3,218
2023-12-30 19:00:00,9,多云,11.2,58.0,1.8,177
2023-12-30 20:00:00,1,阴天,10.4,53.6,8.2,16
2023-12-30 21:00:00,4,晴天,0.5,49.8,3.6,31
2023-12-30 22:00:00,1,大雨,1.8,38.9,3.4,0
2023-12-30 23:00:00,1,晴天,8.8,83.9,0.0,20
2023-12-31 00:00:00,8,晴天,6.4,68.3,6.0,9
