customer_id,first_purchase,last_purchase,purchase_days,total_revenue,avg_order_value,transaction_count,lifetime_days,purchase_frequency,predicted_clv,historical_clv
C000001,2023-02-08,2023-10-24,6,10547.45,1757.9083333333335,6,258,3.5152487961476724,12358.970304975925,10547.45
C000002,2023-07-03,2023-12-03,5,8053.26,1610.652,5,153,3.523166023166023,11349.188803088804,8053.26
C000003,2023-06-04,2023-11-06,6,16710.59,2785.0983333333334,6,155,4.211538461538462,23459.0975,16710.59
C000004,2023-02-02,2023-08-02,4,7097.23,1774.3075,4,181,2.673992673992674,9488.970512820511,7097.23
C000005,2023-05-09,2023-09-28,3,1117.31,372.43666666666667,3,142,2.1597633136094676,1608.7500986193295,1117.31
C000006,2023-06-03,2023-08-20,2,7124.08,3562.04,2,78,1.6478555304740405,11739.454627539502,7124.08
C000007,2023-01-18,2023-10-13,6,8394.32,1399.0533333333333,6,268,3.4597156398104265,9680.653396524485,8394.32
C000008,2023-03-28,2023-11-20,5,3311.28,662.2560000000001,5,237,3.03156146179402,4015.339534883721,3311.28
C000009,2023-04-16,2023-11-05,6,7344.33,1224.055,6,203,3.8556338028169015,9439.015669014085,7344.33
C000010,2023-04-01,2023-06-11,3,3060.8,1020.2666666666668,3,71,2.511467889908257,5124.73394495413,3060.8
C000011,2023-01-20,2023-12-05,8,5468.97,683.62125,8,319,4.269005847953217,5836.766228070176,5468.97
C000012,2023-01-04,2023-12-26,7,14918.52,2131.217142857143,7,356,3.5436893203883497,15104.742857142857,14918.52
C000013,2023-01-13,2023-07-28,4,4499.7,1124.925,4,196,2.6024955436720143,5855.224598930481,4499.7
C000014,2023-01-05,2023-11-20,6,4675.8099999999995,779.3016666666666,6,319,3.2017543859649127,4990.265058479533,4675.8099999999995
C000015,2023-04-05,2023-10-06,5,5333.049999999999,1066.61,5,184,3.3242258652094714,7091.305100182148,5333.049999999999
C000016,2023-01-23,2023-10-16,5,4824.44,964.8879999999999,5,266,2.892234548335975,5581.364817749604,4824.44
C000017,2023-05-23,2023-11-17,5,5661.05,1132.21,5,178,3.3609576427255985,7610.6197053407,5661.05
C000018,2023-01-03,2023-09-23,7,10620.4,1517.2,7,263,4.068471337579617,12345.369426751591,10620.4
C000019,2023-01-01,2023-11-29,9,15152.74,1683.6377777777777,9,332,4.7130559540889525,15870.158106169296,15152.74
C000020,2023-05-09,2023-12-25,3,3716.71,1238.9033333333334,3,230,1.8403361344537816,4559.997142857143,3716.71
C000021,2023-02-02,2023-11-24,7,7268.92,1038.4171428571428,7,295,3.871212121212121,8039.86606060606,7268.92
C000022,2023-04-11,2023-11-13,5,6666.33,1333.266,5,216,3.1411359724612735,8375.939586919105,6666.33
C000023,2023-01-30,2023-08-07,4,7776.2,1944.05,4,189,2.6353790613718413,10246.617328519857,7776.2
C000024,2023-01-05,2023-11-17,8,20093.23,2511.65375,8,316,4.2878120411160054,21538.998384728337,20093.23
C000025,2023-01-17,2023-11-06,7,13464.66,1923.5228571428572,7,293,3.8829787234042556,14937.996656534957,13464.66
C000026,2023-10-01,2023-10-22,2,1126.17,563.085,2,21,1.8911917098445594,2129.803367875648,1126.17
C000027,2023-04-06,2023-10-16,5,8541.57,1708.3139999999999,5,193,3.2706093189964154,11174.455376344084,8541.57
C000028,2023-01-04,2023-07-17,4,6515.6900000000005,1628.9225000000001,4,194,2.6118067978533093,8508.861717352414,6515.6900000000005
C000029,2023-03-13,2023-10-27,5,9343.75,1868.75,5,228,3.0775716694772344,11502.424114671163,9343.75
C000030,2023-03-29,2023-08-25,7,10302.63,1471.8042857142857,7,149,4.970817120622568,14632.139883268483,10302.63
C000031,2023-02-26,2023-11-06,5,8136.75,1627.35,5,253,2.953074433656958,9611.3713592233,8136.75
C000032,2023-01-13,2023-12-09,6,11494.13,1915.6883333333333,6,330,3.1510791366906474,12072.97107913669,11494.13
C000033,2023-02-26,2023-11-19,11,18754.38,1704.9436363636364,11,266,6.362916006339145,21696.826307448497,18754.38
C000034,2023-02-15,2023-12-16,5,12481.24,2496.248,5,304,2.7279521674140508,13619.29028400598,12481.24
C000035,2023-08-13,2023-10-10,2,4111.610000000001,2055.8050000000003,2,58,1.7257683215130024,7095.686288416076,4111.610000000001
C000036,2023-01-15,2023-04-28,2,2077.65,1038.825,2,103,1.5598290598290598,3240.778846153846,2077.65
C000037,2023-01-21,2023-10-22,7,8048.54,1149.7914285714285,7,274,3.9984350547730827,9194.73270735524,8048.54
C000038,2023-04-26,2023-07-12,2,2640.33,1320.165,2,77,1.65158371040724,4360.726018099548,2640.33
C000039,2023-07-20,2023-12-19,3,8868.45,2956.15,3,152,2.117988394584139,12522.182785299807,8868.45
C000040,2023-01-17,2023-09-10,4,6134.48,1533.62,4,236,2.4292845257903495,7451.198668885191,6134.48
C000041,2023-01-07,2023-07-10,7,7627.88,1089.6971428571428,7,184,4.65391621129326,10142.71839708561,7627.88
C000042,2023-06-23,2023-07-18,3,6647.160000000001,2215.7200000000003,3,25,2.8076923076923075,12442.12,6647.160000000001
C000043,2023-02-10,2023-12-02,10,22914.920000000002,2291.492,10,295,5.53030303030303,25345.290303030306,22914.920000000002
C000044,2023-01-08,2023-12-20,5,22955.82,4591.164,5,346,2.566807313642757,23569.266666666666,22955.82
C000045,2023-02-20,2023-10-30,7,9635.84,1376.5485714285714,7,252,4.1410048622366284,11400.588654781199,9635.84
C000046,2023-02-18,2023-08-26,4,8171.49,2042.8725,4,189,2.6353790613718413,10767.486823104693,8171.49
C000047,2023-03-18,2023-09-11,10,16865.77,1686.577,10,177,6.734317343173432,22715.889483394832,16865.77
C000048,2023-01-13,2023-11-19,6,6549.71,1091.6183333333333,6,310,3.244444444444445,7083.3900740740755,6549.71
C000049,2023-02-11,2023-12-19,5,6036.79,1207.358,5,311,2.6997041420118344,6519.0187869822485,6036.79
C000050,2023-01-19,2023-07-27,9,22526.82,2502.98,9,189,5.9296028880866425,29683.35487364621,22526.82
C000051,2023-02-15,2023-11-18,4,3864.71,966.1775,4,276,2.277691107644306,4401.307800312013,3864.71
C000052,2023-01-04,2023-12-23,8,12278.41,1534.80125,8,353,4.066852367688022,12483.620194986072,12278.41
C000053,2023-03-25,2023-12-23,8,14878.42,1859.8025,8,273,4.57680250783699,17023.897492163007,14878.42
C000054,2023-01-20,2023-08-21,5,10923.89,2184.778,5,213,3.1574394463667823,13796.608477508651,10923.89
C000055,2023-02-12,2023-09-20,7,7655.75,1093.6785714285713,7,220,4.367521367521368,9553.32905982906,7655.75
C000056,2023-02-19,2023-12-13,5,9731.32,1946.264,5,297,2.756797583081571,10730.911782477342,9731.32
C000057,2023-01-20,2023-12-23,7,12348.17,1764.0242857142857,7,337,3.63960113960114,12840.689601139602,12348.17
C000058,2023-03-21,2023-12-26,7,16306.27,2329.467142857143,7,280,3.9612403100775193,18455.15829457364,16306.27
C000059,2023-05-08,2023-12-22,7,9832.69,1404.67,7,228,4.308600337268128,12104.323271500843,9832.69
C000060,2023-03-11,2023-11-15,6,11754.55,1959.0916666666665,6,249,3.5667752442996745,13975.279315960912,11754.55
C000061,2023-03-08,2023-12-15,7,17803.03,2543.29,7,282,3.9489953632148374,20086.880834621326,17803.03
C000062,2023-05-24,2023-09-16,6,9204.77,1534.1283333333333,6,115,4.5625,13998.921041666666,9204.77
C000063,2023-07-24,2023-12-28,7,14111.08,2015.8685714285714,7,157,4.89463601532567,19733.885823754787,14111.08
C000064,2023-05-22,2023-10-08,4,9257.46,2314.365,4,139,2.8968253968253967,13408.622619047617,9257.46
C000065,2023-07-20,2023-10-15,2,825.56,412.78,2,87,1.6150442477876106,1333.3159292035398,825.56
C000066,2023-03-09,2023-12-08,4,3445.61,861.4025,4,274,2.2848200312989047,3936.2993740219094,3445.61
C000067,2023-01-16,2023-12-24,8,8237.11,1029.63875,8,342,4.130127298444131,8505.078217821783,8237.11
C000068,2023-03-25,2023-11-09,5,11787.43,2357.486,5,229,3.0723905723905722,14486.235521885521,11787.43
C000069,2023-04-05,2023-12-15,9,24254.15,2694.9055555555556,9,254,5.306946688206785,28603.440226171242,24254.15
C000070,2023-02-01,2023-07-13,5,3136.85,627.37,5,162,3.462998102466793,4345.162239089184,3136.85
C000071,2023-06-04,2023-12-17,3,13349.77,4449.923333333333,3,196,1.9518716577540107,17371.358467023172,13349.77
C000072,2023-01-07,2023-08-29,5,5593.32,1118.664,5,234,3.046744574290484,6816.56694490818,5593.32
C000073,2023-02-08,2023-12-18,4,4890.389999999999,1222.5974999999999,4,313,2.1533923303834808,5265.464159292034,4890.389999999999
C000074,2023-02-23,2023-10-14,3,2363.8599999999997,787.9533333333333,3,233,1.8311036789297657,2885.648494983277,2363.8599999999997
C000075,2023-03-19,2023-12-26,3,4913.4,1637.8,3,282,1.6924265842349302,5543.712519319937,4913.4
C000076,2023-03-31,2023-12-18,6,10067.49,1677.915,6,262,3.4928229665071773,11721.32009569378,10067.49
C000077,2023-04-22,2023-11-10,5,10583.79,2116.7580000000003,5,202,3.2186948853615522,13626.3962962963,10583.79
C000078,2023-02-15,2023-11-23,7,12421.76,1774.537142857143,7,281,3.955108359133127,14036.973374613004,12421.76
C000079,2023-01-07,2023-12-16,6,7391.45,1231.9083333333333,6,343,3.0932203389830506,7621.127824858756,7391.45
C000080,2023-05-18,2023-12-01,2,4007.2700000000004,2003.6350000000002,2,197,1.298932384341637,5205.172775800712,4007.2700000000004
C000081,2023-01-08,2023-09-20,8,10726.119999999999,1340.7649999999999,8,255,4.709677419354838,12629.141290322577,10726.119999999999
C000082,2023-03-14,2023-12-31,8,14015.119999999999,1751.8899999999999,8,292,4.444444444444445,15572.355555555556,14015.119999999999
C000083,2023-07-01,2023-11-21,5,6152.5,1230.5,5,143,3.59251968503937,8841.19094488189,6152.5
C000084,2023-02-18,2023-09-10,3,2682.38,894.1266666666667,3,204,1.9244288224956063,3441.3662565905097,2682.38
C000085,2023-05-26,2023-10-06,4,6791.67,1697.9175,4,133,2.931726907630522,9955.660843373495,6791.67
C000086,2023-03-11,2023-12-17,6,8440.35,1406.7250000000001,6,281,3.390092879256966,9537.856811145512,8440.35
C000087,2023-02-21,2023-11-19,3,2919.43,973.1433333333333,3,271,1.7216981132075473,3350.9180817610063,2919.43
C000088,2023-01-13,2023-10-27,6,9169.64,1528.2733333333333,6,287,3.3588957055214723,10266.621472392637,9169.64
C000089,2023-02-25,2023-12-15,5,13787.84,2757.568,5,293,2.7735562310030395,15296.53981762918,13787.84
C000090,2023-01-29,2023-11-06,7,10582.68,1511.8114285714287,7,281,3.955108359133127,11958.756037151703,10582.68
C000091,2023-08-17,2023-11-22,2,8486.36,4243.18,2,97,1.5800865800865802,13409.183549783551,8486.36
C000092,2023-02-14,2023-11-19,7,8815.47,1259.3528571428571,7,278,3.9735614307931573,10008.231881804044,8815.47
C000093,2023-01-10,2023-12-24,8,10349.36,1293.67,8,348,4.095371669004208,10596.118934081347,10349.36
C000094,2023-02-11,2023-12-11,3,4653.71,1551.2366666666667,3,303,1.6392215568862276,5085.641167664671,4653.71
C000095,2023-01-01,2023-12-30,10,27276.3,2727.63,10,363,5.013736263736264,27351.234890109892,27276.3
C000096,2023-11-10,2023-12-05,2,5874.66,2937.33,2,25,1.8717948717948718,10996.158461538462,5874.66
C000097,2023-01-08,2023-12-27,6,13302.28,2217.0466666666666,6,353,3.0501392757660164,13524.602228412255,13302.28
C000098,2023-09-17,2023-11-17,3,3698.54,1232.8466666666666,3,61,2.5704225352112675,6337.873708920187,3698.54
C000099,2023-12-20,2023-12-20,2,3047.29,1523.645,2,0,2.0,6094.58,3047.29
C000100,2023-03-25,2023-10-30,5,8558.25,1711.65,5,219,3.125,10697.8125,8558.25
C000101,2023-03-18,2023-09-17,3,6713.93,2237.976666666667,3,183,1.9981751824817517,8943.73886861314,6713.93
C000102,2023-03-06,2023-07-15,2,3333.7999999999997,1666.8999999999999,2,131,1.4717741935483872,4906.600806451613,3333.7999999999997
C000103,2023-02-01,2023-12-03,7,15288.400000000001,2184.057142857143,7,305,3.8134328358208953,16657.510447761193,15288.400000000001
C000104,2023-03-26,2023-12-14,7,13722.64,1960.3771428571429,7,263,4.068471337579617,15951.476433121017,13722.64
C000105,2023-01-13,2023-07-15,2,7747.610000000001,3873.8050000000003,2,183,1.3321167883211678,10320.721350364964,7747.610000000001
C000106,2023-03-28,2023-08-25,5,8283.36,1656.672,5,150,3.5436893203883497,11741.461747572816,8283.36
C000107,2023-05-08,2023-11-21,7,16708.82,2386.9742857142855,7,197,4.5462633451957295,21703.62740213523,16708.82
C000108,2023-01-03,2023-12-24,7,13545.130000000001,1935.0185714285715,7,355,3.548611111111111,13733.256805555557,13545.130000000001
C000109,2023-03-09,2023-09-11,5,7632.48,1526.4959999999999,5,186,3.312159709618875,10111.997096188748,7632.48
C000110,2023-03-01,2023-07-29,5,7412.49,1482.498,5,150,3.5436893203883497,10507.024660194176,7412.49
C000111,2023-01-06,2023-11-04,4,10075.84,2518.96,4,302,2.188905547226387,11027.53103448276,10075.84
C000112,2023-03-05,2023-10-31,7,5630.86,804.4085714285713,7,240,4.223140495867769,6794.260826446281,5630.86
C000113,2023-02-15,2023-10-21,7,15210.33,2172.904285714286,7,248,4.168026101141925,18113.44355628059,15210.33
C000114,2023-03-24,2023-12-08,5,3030.79,606.158,5,259,2.9246794871794872,3545.6357371794875,3030.79
C000115,2023-01-16,2023-12-19,6,12192.94,2032.1566666666668,6,337,3.1196581196581197,12679.26809116809,12192.94
C000116,2023-03-01,2023-10-31,6,9402.09,1567.015,6,244,3.596059113300493,11270.157142857144,9402.09
C000117,2023-01-05,2023-12-11,8,18781.03,2347.62875,8,340,4.141843971631205,19447.023971631203,18781.03
C000118,2023-02-04,2023-09-08,6,8145.21,1357.535,6,216,3.7693631669535286,10234.084853700517,8145.21
C000119,2023-10-23,2023-10-23,1,3119.56,3119.56,1,0,1.0,6239.12,3119.56
C000120,2023-04-16,2023-10-31,2,2710.3799999999997,1355.1899999999998,2,198,1.2966252220248669,3514.3470692717583,2710.3799999999997
C000121,2023-04-17,2023-10-31,5,9841.63,1968.3259999999998,5,197,3.247330960854092,12783.611921708181,9841.63
C000122,2023-01-10,2023-12-01,5,10656.94,2131.388,5,325,2.6449275362318843,11274.733623188406,10656.94
C000123,2023-02-16,2023-05-03,3,2729.04,909.68,3,76,2.4829931972789114,4517.45850340136,2729.04
C000124,2023-01-09,2023-12-04,9,13272.35,1474.7055555555555,9,329,4.73342939481268,13960.829250720462,13272.35
C000125,2023-02-24,2023-06-21,6,6529.41,1088.235,6,117,4.54356846473029,9888.940456431534,6529.41
C000126,2023-01-04,2023-07-13,4,5171.009999999999,1292.7524999999998,4,190,2.630630630630631,6801.508648648648,5171.009999999999
C000127,2023-02-19,2023-02-19,1,478.46,478.46,1,0,1.0,956.92,478.46
C000128,2023-01-26,2023-11-30,8,19411.54,2426.4425,8,308,4.338781575037147,21055.608023774144,19411.54
C000129,2023-01-29,2023-10-25,7,12556.51,1793.787142857143,7,269,4.029968454258675,14457.811198738173,12556.51
C000130,2023-05-26,2023-10-23,5,9100.51,1820.102,5,150,3.5436893203883497,12899.752038834953,9100.51
C000131,2023-01-03,2023-11-02,5,9580.52,1916.104,5,303,2.7320359281437123,10469.72994011976,9580.52
C000132,2023-01-31,2023-10-16,7,6707.58,958.2257142857143,7,258,4.1011235955056184,7859.604173354736,6707.58
C000133,2023-01-02,2023-10-27,6,11978.1,1996.3500000000001,6,298,3.30316742081448,13188.556561085974,11978.1
C000134,2023-02-06,2023-09-23,3,4548.12,1516.04,3,229,1.8434343434343434,5589.440404040404,4548.12
C000135,2023-04-01,2023-10-23,5,9312.14,1862.4279999999999,5,205,3.2017543859649122,11926.074035087719,9312.14
C000136,2023-02-17,2023-05-07,4,9082.1,2270.525,4,79,3.2882882882882885,14932.281531531533,9082.1
C000137,2023-03-20,2023-05-25,3,4000.66,1333.5533333333333,3,66,2.540603248259861,6776.059860788863,4000.66
C000138,2023-03-11,2023-12-07,5,7963.139999999999,1592.628,5,271,2.869496855345912,9140.082075471699,7963.139999999999
C000139,2023-02-12,2023-11-03,5,12463.91,2492.782,5,264,2.9014308426073128,14465.269157392686,12463.91
C000140,2023-02-06,2023-10-11,6,7841.860000000001,1306.9766666666667,6,247,3.5784313725490198,9353.852614379086,7841.860000000001
C000141,2023-01-02,2023-12-24,4,6675.03,1668.7575,4,356,2.0249653259361997,6758.3521497919555,6675.03
C000142,2023-01-22,2023-06-05,4,8037.0,2009.25,4,134,2.9258517034068134,11757.53507014028,8037.0
C000143,2023-01-14,2023-01-14,1,2251.6,2251.6,1,0,1.0,4503.2,2251.6
C000144,2023-01-19,2023-12-15,7,8896.8,1270.9714285714285,7,330,3.676258992805755,9344.840287769783,8896.8
C000145,2023-01-09,2023-07-05,7,12909.900000000001,1844.2714285714287,7,177,4.714022140221402,17387.87269372694,12909.900000000001
C000146,2023-05-20,2023-09-19,3,4619.63,1539.8766666666668,3,122,2.248459958932238,6924.7020533880905,4619.63
C000147,2023-04-13,2023-12-13,4,8806.11,2201.5275,4,244,2.3973727422003286,10555.764039408868,8806.11
C000148,2023-04-16,2023-11-21,5,5803.89,1160.778,5,219,3.125,7254.8625,5803.89
C000149,2023-03-19,2023-11-08,6,12414.17,2069.028333333333,6,234,3.656093489148581,15129.122036727878,12414.17
C000150,2023-02-20,2023-09-18,4,11102.470000000001,2775.6175000000003,4,210,2.5391304347826087,14095.309739130436,11102.470000000001
C000151,2023-01-09,2023-09-27,5,13779.289999999999,2755.8579999999997,5,261,2.9153354632587862,16068.501118210863,13779.289999999999
C000152,2023-01-12,2023-08-27,4,6894.68,1723.67,4,227,2.4662162162162162,8501.88581081081,6894.68
C000153,2023-04-01,2023-10-30,8,18352.68,2294.085,8,212,5.060658578856153,23219.16187175044,18352.68
C000154,2023-03-23,2023-10-04,5,10015.64,2003.128,5,195,3.2589285714285716,13056.102142857144,10015.64
C000155,2023-01-20,2023-12-30,7,13245.86,1892.2657142857145,7,344,3.603667136812412,13638.191537376588,13245.86
C000156,2023-04-14,2023-10-04,4,6188.21,1547.0525,4,173,2.7137546468401488,8396.64182156134,6188.21
C000157,2023-01-20,2023-10-26,5,5890.62,1178.124,5,279,2.833850931677019,6677.255590062113,5890.62
C000158,2023-01-19,2023-09-08,7,14015.79,2002.2557142857145,7,232,4.279731993299833,17138.23567839196,14015.79
C000159,2023-02-08,2023-05-18,6,6073.92,1012.32,6,99,4.719827586206896,9555.95172413793,6073.92
C000160,2023-01-25,2023-11-16,3,4065.92,1355.3066666666666,3,295,1.659090909090909,4497.153939393939,4065.92
C000161,2023-01-07,2023-12-27,6,18612.579999999998,3102.0966666666664,6,354,3.0458970792767732,18897.334353268427,18612.579999999998
C000162,2023-01-21,2023-11-14,7,15361.23,2194.4614285714283,7,297,3.8595166163142,16939.120694864047,15361.23
C000163,2023-07-28,2023-12-17,7,12517.03,1788.1471428571429,7,142,5.039447731755424,18022.54812623274,12517.03
C000164,2023-05-15,2023-10-17,4,3604.94,901.235,4,155,2.807692307692308,5060.781153846155,3604.94
C000165,2023-04-20,2023-12-16,4,8023.83,2005.9575,4,240,2.4132231404958677,9681.646115702479,8023.83
C000166,2023-01-12,2023-07-07,6,14471.22,2411.87,6,176,4.048059149722736,19526.78484288355,14471.22
C000167,2023-01-25,2023-08-21,5,8217.470000000001,1643.4940000000001,5,208,3.18499127399651,10469.028097731241,8217.470000000001
C000168,2023-01-01,2023-10-23,5,7433.6,1486.72,5,295,2.765151515151515,8222.012121212121,7433.6
C000169,2023-05-25,2023-10-24,4,5849.54,1462.385,4,152,2.8239845261121856,8259.505222437137,5849.54
C000170,2023-01-13,2023-12-31,8,24943.96,3117.995,8,352,4.07252440725244,25396.221478382144,24943.96
C000171,2023-01-04,2023-11-25,6,11860.34,1976.7233333333334,6,325,3.1739130434782608,12547.895942028985,11860.34
C000172,2023-04-23,2023-12-06,2,3237.7200000000003,1618.8600000000001,2,227,1.2331081081081081,3992.458783783784,3237.7200000000003
C000173,2023-05-01,2023-08-30,2,596.66,298.33,2,121,1.5020576131687242,896.217695473251,596.66
C000174,2023-08-15,2023-10-23,2,1195.67,597.835,2,69,1.6820276497695852,2011.15,1195.67
C000175,2023-01-11,2023-12-27,9,14312.89,1590.3211111111111,9,350,4.594405594405595,14613.160419580421,14312.89
C000176,2023-03-09,2023-12-16,2,1414.69,707.345,2,282,1.1282843894899535,1596.1726429675423,1414.69
C000177,2023-06-03,2023-12-14,4,4557.64,1139.41,4,194,2.6118067978533093,5951.837567084079,4557.64
C000178,2023-02-01,2023-11-25,5,9205.0,1841.0,5,297,2.756797583081571,10150.528700906345,9205.0
C000179,2023-05-09,2023-11-23,3,4996.6,1665.5333333333335,3,198,1.9449378330373002,6478.71758436945,4996.6
C000180,2023-01-17,2023-06-29,6,11897.3,1982.8833333333332,6,163,4.1477272727272725,16448.91856060606,11897.3
C000181,2023-05-24,2023-05-24,1,1920.7,1920.7,1,0,1.0,3841.4,1920.7
C000182,2023-01-01,2023-12-19,8,14392.56,1799.07,8,352,4.07252440725244,14653.512970711296,14392.56
C000183,2023-06-05,2023-11-11,4,11117.630000000001,2779.4075000000003,4,159,2.786259541984733,15488.301335877864,11117.630000000001
C000184,2023-03-17,2023-09-07,2,1920.74,960.37,2,174,1.3543599257884973,2601.373283858998,1920.74
C000185,2023-01-21,2023-10-20,6,8160.469999999999,1360.0783333333331,6,272,3.437990580847724,9351.87299843014,8160.469999999999
C000186,2023-03-09,2023-10-17,5,10473.94,2094.788,5,222,3.1090289608177173,13025.513117546849,10473.94
C000187,2023-01-30,2023-11-14,3,1920.07,640.0233333333333,3,288,1.6768759571209801,2146.4794793261867,1920.07
C000188,2023-02-24,2023-12-14,6,10759.99,1793.3316666666667,6,293,3.3282674772036476,11937.37492401216,10759.99
C000189,2023-01-16,2023-11-26,7,9089.84,1298.5485714285714,7,314,3.7628865979381443,9772.582032400589,9089.84
C000190,2023-04-06,2023-09-28,8,17135.57,2141.94625,8,175,5.407407407407407,23164.752037037037,17135.57
C000191,2023-01-24,2023-12-19,6,12739.82,2123.3033333333333,6,329,3.155619596541787,13400.675216138328,12739.82
C000192,2023-02-08,2023-10-27,5,2924.31,584.862,5,261,2.9153354632587862,3410.1378594249204,2924.31
C000193,2023-01-28,2023-10-21,3,3554.98,1184.9933333333333,3,266,1.735340729001585,4112.73438985737,3554.98
C000194,2023-01-01,2023-10-23,4,4847.89,1211.9725,4,295,2.212121212121212,5362.060151515151,4847.89
C000195,2023-05-22,2023-10-07,2,4302.469999999999,2151.2349999999997,2,138,1.4512922465208749,6244.1413518886675,4302.469999999999
C000196,2023-03-14,2023-08-15,4,4660.32,1165.08,4,154,2.813102119460501,6554.97803468208,4660.32
C000197,2023-03-28,2023-09-27,3,10680.33,3560.11,3,183,1.9981751824817517,14227.44689781022,10680.33
C000198,2023-04-02,2023-09-11,4,6205.91,1551.4775,4,162,2.7703984819734346,8596.421821631879,6205.91
C000199,2023-01-16,2023-08-08,2,2531.36,1265.68,2,204,1.2829525483304043,3247.614762741652,2531.36
C000200,2023-01-28,2023-12-25,6,16724.35,2787.3916666666664,6,331,3.1465517241379306,17541.344109195397,16724.35
C000201,2023-01-04,2023-12-31,4,11144.27,2786.0675,4,361,2.0110192837465566,11205.670936639119,11144.27
C000202,2023-02-26,2023-12-07,5,15337.85,3067.57,5,284,2.8120184899845917,17252.127118644068,15337.85
C000203,2023-08-24,2023-12-23,4,4760.9,1190.225,4,121,3.0041152263374484,7151.146090534979,4760.9
C000204,2023-05-17,2023-11-05,4,6545.900000000001,1636.4750000000001,4,172,2.718808193668529,8898.523277467413,6545.900000000001
C000205,2023-02-03,2023-10-19,5,7215.070000000001,1443.0140000000001,5,258,2.929373996789727,8454.255377207064,7215.070000000001
C000206,2023-01-17,2023-10-07,7,6624.22,946.3171428571429,7,263,4.068471337579617,7700.128343949044,6624.22
C000207,2023-03-15,2023-12-17,3,5356.26,1785.42,3,277,1.7056074766355138,6090.451401869158,5356.26
C000208,2023-02-18,2023-08-03,6,10376.79,1729.4650000000001,6,166,4.124293785310734,14265.64350282486,10376.79
C000209,2023-01-13,2023-12-06,4,3939.82,984.955,4,327,2.1098265895953756,4156.168497109827,3939.82
C000210,2023-03-24,2023-08-12,3,5657.5,1885.8333333333333,3,141,2.1640316205533594,8162.005928853753,5657.5
C000211,2023-03-20,2023-12-13,5,6005.7,1201.1399999999999,5,268,2.883096366508689,6926.004739336492,6005.7
C000212,2023-07-07,2023-09-12,2,1254.05,627.025,2,67,1.6898148148148149,2119.1122685185187,1254.05
C000213,2023-01-31,2023-12-18,10,17798.14,1779.8139999999999,10,321,5.320699708454811,18939.711661807578,17798.14
C000214,2023-04-12,2023-12-27,8,10675.65,1334.45625,8,259,4.679487179487179,12489.141826923074,10675.65
C000215,2023-03-09,2023-12-14,8,10443.84,1305.48,8,280,4.5271317829457365,11820.16,10443.84
C000216,2023-02-10,2023-08-18,3,4926.610000000001,1642.2033333333336,3,189,1.976534296028881,6491.742418772565,4926.610000000001
C000217,2023-06-11,2023-11-20,4,8351.25,2087.8125,4,162,2.7703984819734346,11568.145161290324,8351.25
C000218,2023-01-25,2023-09-09,3,7174.09,2391.3633333333332,3,227,1.849662162162162,8846.428547297297,7174.09
C000219,2023-01-11,2023-04-14,2,4029.92,2014.96,2,93,1.5938864628820961,6423.2349344978165,4029.92
C000220,2023-02-05,2023-09-28,7,11991.27,1713.0385714285715,7,235,4.258333333333334,14589.378500000003,11991.27
C000221,2023-04-08,2023-09-25,4,7691.18,1922.795,4,170,2.7289719626168223,10494.507289719626,7691.18
C000222,2023-08-18,2023-10-09,3,8389.13,2796.3766666666666,3,52,2.6258992805755392,14686.006954436449,8389.13
C000223,2023-03-05,2023-11-29,9,26175.75,2908.4166666666665,9,269,5.181388012618297,30139.27050473186,26175.75
C000224,2023-01-13,2023-10-21,7,15422.820000000002,2203.26,7,281,3.955108359133127,17428.264086687308,15422.820000000002
C000225,2023-04-25,2023-12-24,5,4539.78,907.9559999999999,5,243,3.0016447368421053,5450.722697368421,4539.78
C000226,2023-02-02,2023-07-21,3,5395.700000000001,1798.5666666666668,3,169,2.0505617977528092,7376.144194756555,5395.700000000001
C000227,2023-06-08,2023-10-27,6,4564.9,760.8166666666666,6,141,4.328063241106719,6585.725296442686,4564.9
C000228,2023-01-03,2023-11-23,5,8261.470000000001,1652.2940000000003,5,324,2.6487663280116114,8753.081422351237,8261.470000000001
C000229,2023-02-02,2023-12-06,6,7651.219999999999,1275.2033333333331,6,307,3.2589285714285716,8311.593154761904,7651.219999999999
C000230,2023-05-12,2023-09-24,4,4373.71,1093.4275,4,135,2.9200000000000004,6385.616600000001,4373.71
C000231,2023-04-29,2023-05-27,3,7416.0,2472.0,3,28,2.786259541984733,13775.267175572519,7416.0
C000232,2023-09-04,2023-09-04,1,579.3,579.3,1,0,1.0,1158.6,579.3
C000233,2023-03-20,2023-11-30,2,2064.3,1032.15,2,255,1.1774193548387095,2430.546774193548,2064.3
C000234,2023-04-19,2023-11-30,8,14744.72,1843.09,8,225,4.9491525423728815,18243.46711864407,14744.72
C000235,2023-01-18,2023-11-30,4,6760.21,1690.0525,4,316,2.1439060205580027,7246.6274596182075,6760.21
C000236,2023-01-29,2023-11-28,4,16929.32,4232.33,4,303,2.18562874251497,18500.604191616763,16929.32
C000237,2023-01-15,2023-10-17,6,6088.05,1014.6750000000001,6,275,3.421875,6944.18203125,6088.05
C000238,2023-04-30,2023-11-04,6,15208.34,2534.7233333333334,6,188,3.9602169981916813,20076.10886075949,15208.34
C000239,2023-01-05,2023-09-20,5,8446.27,1689.2540000000001,5,258,2.929373996789727,9896.913483146069,8446.27
C000240,2023-01-24,2023-12-09,5,4910.51,982.1020000000001,5,319,2.6681286549707606,5240.748976608188,4910.51
C000241,2023-01-14,2023-07-08,4,975.22,243.805,4,175,2.7037037037037037,1318.352962962963,975.22
C000242,2023-04-08,2023-10-13,5,11773.95,2354.79,5,188,3.300180831826401,15542.465641952982,11773.95
C000243,2023-02-15,2023-10-31,4,6087.34,1521.835,4,258,2.3434991974317816,7132.838202247191,6087.34
C000244,2023-01-17,2023-12-12,6,12494.27,2082.3783333333336,6,329,3.155619596541787,13142.387752161385,12494.27
C000245,2023-02-24,2023-11-04,6,13838.9,2306.483333333333,6,253,3.5436893203883497,16346.92071197411,13838.9
C000246,2023-01-22,2023-07-26,4,6834.280000000001,1708.5700000000002,4,185,2.6545454545454543,9070.953454545455,6834.280000000001
C000247,2023-01-18,2023-11-05,6,9074.61,1512.4350000000002,6,291,3.3384146341463414,10098.270274390245,9074.61
C000248,2023-02-25,2023-12-22,8,24320.04,3040.005,8,300,4.390977443609023,26697.186766917297,24320.04
C000249,2023-03-17,2023-10-23,5,11917.34,2383.468,5,220,3.1196581196581197,14871.210598290598,11917.34
C000250,2023-04-30,2023-11-30,2,4636.21,2318.105,2,214,1.2607944732297063,5845.307944732296,4636.21
C000251,2023-01-04,2023-12-11,11,19989.96,1817.269090909091,11,341,5.686968838526912,20669.50538243626,19989.96
C000252,2023-01-23,2023-12-26,11,20053.92,1823.0836363636363,11,337,5.71937321937322,20853.791452991456,20053.92
C000253,2023-01-31,2023-11-06,6,24018.96,4003.16,6,279,3.4006211180124226,27226.460869565217,24018.96
C000254,2023-02-14,2023-11-07,5,13716.07,2743.214,5,266,2.892234548335975,15868.036608557846,13716.07
C000255,2023-08-10,2023-12-13,2,2758.3900000000003,1379.1950000000002,2,125,1.4897959183673468,4109.438163265307,2758.3900000000003
C000256,2023-01-02,2023-12-27,5,6638.27,1327.654,5,359,2.520718232044199,6693.2832872928175,6638.27
C000257,2023-02-17,2023-11-18,5,10862.12,2172.424,5,274,2.856025039123631,12408.99467918623,10862.12
C000258,2023-05-17,2023-12-25,5,6923.5,1384.7,5,222,3.1090289608177173,8610.144804088586,6923.5
C000259,2023-02-08,2023-11-20,3,6065.04,2021.68,3,285,1.6846153846153846,6811.506461538462,6065.04
C000260,2023-03-21,2023-09-08,4,9646.59,2411.6475,4,171,2.7238805970149254,13138.079664179104,9646.59
C000261,2023-03-30,2023-07-25,7,11299.48,1614.2114285714285,7,117,5.300829875518672,17113.320331950206,11299.48
C000262,2023-04-17,2023-07-19,2,3547.11,1773.555,2,93,1.5938864628820961,5653.6906113537125,3547.11
C000263,2023-04-06,2023-07-13,3,2603.11,867.7033333333334,3,98,2.365010799136069,4104.2555075593955,2603.11
C000264,2023-02-03,2023-10-24,7,5510.95,787.2785714285714,7,263,4.068471337579617,6406.04060509554,5510.95
C000265,2023-05-05,2023-11-17,6,19135.62,3189.27,6,196,3.9037433155080214,24900.182887700536,19135.62
C000266,2023-01-02,2023-12-05,8,10349.91,1293.73875,8,337,4.15954415954416,10762.726923076923,10349.91
C000267,2023-09-11,2023-09-11,1,896.0,896.0,1,0,1.0,1792.0,896.0
C000268,2023-03-14,2023-11-18,2,8605.95,4302.975,2,249,1.1889250814332248,10231.829804560262,8605.95
C000269,2023-02-05,2023-09-16,8,7205.54,900.6925,8,223,4.965986394557823,8945.653401360543,7205.54
C000270,2023-02-03,2023-11-04,5,8183.57,1636.714,5,274,2.856025039123631,9348.992331768388,8183.57
C000271,2023-03-02,2023-12-26,5,6658.18,1331.636,5,299,2.748493975903614,7319.98704819277,6658.18
C000272,2023-02-15,2023-10-29,3,5213.75,1737.9166666666667,3,256,1.7632850241545894,6128.884863123994,5213.75
C000273,2023-01-02,2023-12-25,9,20960.57,2328.952222222222,9,357,4.549861495844875,21192.82008310249,20960.57
C000274,2023-03-08,2023-11-22,2,877.85,438.925,2,259,1.1698717948717947,1026.971955128205,877.85
C000275,2023-02-02,2023-10-17,5,7772.21,1554.442,5,257,2.934083601286174,9121.725562700965,7772.21
C000276,2023-02-05,2023-11-17,5,13215.6,2643.12,5,285,2.8076923076923075,14842.135384615383,13215.6
C000277,2023-03-13,2023-11-30,3,8390.75,2796.9166666666665,3,262,1.7464114832535886,9769.134768740032,8390.75
C000278,2023-06-06,2023-08-25,3,9767.6,3255.866666666667,3,80,2.460674157303371,16023.25393258427,9767.6
C000279,2023-04-26,2023-10-05,4,9627.8,2406.95,4,162,2.7703984819734346,13336.421252371916,9627.8
C000280,2023-06-22,2023-12-22,7,21123.129999999997,3017.5899999999997,7,183,4.662408759124087,28138.476094890506,21123.129999999997
C000281,2023-01-22,2023-01-22,1,2343.98,2343.98,1,0,1.0,4687.96,2343.98
C000282,2023-04-03,2023-11-12,4,4834.34,1208.585,4,223,2.4829931972789114,6001.816666666667,4834.34
C000283,2023-02-12,2023-12-17,2,1414.3700000000001,707.1850000000001,2,308,1.0846953937592867,1534.1606240713224,1414.3700000000001
C000284,2023-04-17,2023-09-01,4,8695.42,2173.855,4,137,2.908366533864542,12644.734262948208,8695.42
C000285,2023-01-22,2023-11-26,8,9222.9,1152.8625,8,308,4.338781575037147,10004.037147102525,9222.9
C000286,2023-04-09,2023-04-09,1,1188.8,1188.8,1,0,1.0,2377.6,1188.8
C000287,2023-03-28,2023-12-30,7,18167.04,2595.2914285714287,7,277,3.979750778816199,20657.2261682243,18167.04
C000288,2023-01-03,2023-12-18,10,28581.7,2858.17,10,349,5.112044817927171,29222.186274509808,28581.7
C000289,2023-04-07,2023-12-16,5,6812.36,1362.472,5,253,2.953074433656958,8046.962459546925,6812.36
C000290,2023-01-02,2023-11-27,5,6479.639999999999,1295.9279999999999,5,329,2.6296829971181555,6815.759654178673,6479.639999999999
C000291,2023-03-04,2023-10-12,4,6076.92,1519.23,4,222,2.487223168654174,7557.328109028961,6076.92
C000292,2023-01-12,2023-12-22,9,13970.24,1552.2488888888888,9,344,4.633286318758815,14384.02708039492,13970.24
C000293,2023-03-09,2023-08-24,2,7725.24,3862.62,2,168,1.3696060037523454,10580.53508442777,7725.24
C000294,2023-04-05,2023-08-31,5,12245.130000000001,2449.0260000000003,5,148,3.557504873294347,17424.843859649125,12245.130000000001
C000295,2023-01-05,2023-12-05,8,13703.34,1712.9175,8,334,4.177396280400572,14311.070386266094,13703.34
C000296,2023-07-16,2023-11-16,3,16046.05,5348.683333333333,3,123,2.2438524590163933,24003.3125,16046.05
C000297,2023-03-24,2023-12-19,7,5265.05,752.15,7,270,4.0236220472440944,6052.734645669291,5265.05
C000298,2023-06-05,2023-11-25,6,9032.64,1505.4399999999998,6,173,4.070631970260223,12256.184386617098,9032.64
C000299,2023-04-19,2023-09-16,4,7411.75,1852.9375,4,150,2.8349514563106797,10505.97572815534,7411.75
C000300,2023-03-06,2023-11-23,3,3358.17,1119.39,3,262,1.7464114832535886,3909.8311004784696,3358.17
C000301,2023-01-09,2023-12-11,10,19187.85,1918.7849999999999,10,336,5.206847360912981,19981.64122681883,19187.85
C000302,2023-03-14,2023-12-29,5,8387.630000000001,1677.5260000000003,5,290,2.786259541984733,9348.045648854964,8387.630000000001
C000303,2023-02-16,2023-12-13,8,11136.17,1392.02125,8,300,4.390977443609023,12224.667819548873,11136.17
C000304,2023-03-07,2023-10-03,6,15564.12,2594.02,6,210,3.808695652173913,19759.66539130435,15564.12
C000305,2023-07-06,2023-12-27,4,4766.04,1191.51,4,174,2.7087198515769946,6454.933580705009,4766.04
C000306,2023-01-08,2023-11-17,5,8175.01,1635.002,5,313,2.691740412979351,8802.00191740413,8175.01
C000307,2023-02-17,2023-05-08,3,3477.74,1159.2466666666667,3,80,2.460674157303371,5705.056629213484,3477.74
C000308,2023-02-05,2023-11-29,5,14191.16,2838.232,5,297,2.756797583081571,15648.862235649547,14191.16
C000309,2023-01-13,2023-12-15,8,10109.61,1263.70125,8,336,4.165477888730385,10527.839229671898,10109.61
C000310,2023-01-09,2023-12-10,7,12258.490000000002,1751.2128571428573,7,335,3.65,12783.853857142858,12258.490000000002
C000311,2023-01-13,2023-08-22,5,6211.25,1242.25,5,221,3.1143344709897613,7737.5639931740625,6211.25
C000312,2023-03-18,2023-09-06,2,6512.11,3256.055,2,172,1.3594040968342644,8852.589013035382,6512.11
C000313,2023-06-29,2023-06-29,1,5920.44,5920.44,1,0,1.0,11840.88,5920.44
C000314,2023-01-04,2023-11-03,3,5295.6,1765.2,3,303,1.6392215568862276,5787.1077844311385,5295.6
C000315,2023-02-02,2023-11-01,7,5640.45,805.7785714285714,7,272,4.010989010989011,6463.937990580847,5640.45
C000316,2023-05-06,2023-12-24,4,3036.9700000000003,759.2425000000001,4,232,2.4455611390284755,3713.547906197655,3036.9700000000003
C000317,2023-07-15,2023-09-24,2,4461.65,2230.825,2,71,1.6743119266055047,7470.193807339449,4461.65
C000318,2023-05-08,2023-10-12,3,3232.9199999999996,1077.6399999999999,3,157,2.097701149425287,4521.133333333332,3232.9199999999996
C000319,2023-01-12,2023-10-28,5,11059.94,2211.9880000000003,5,289,2.790519877675841,12345.192966360859,11059.94
C000320,2023-01-01,2023-11-21,3,7422.049999999999,2474.0166666666664,3,324,1.5892597968069666,7863.71044992743,7422.049999999999
C000321,2023-01-01,2023-12-17,8,9753.439999999999,1219.1799999999998,8,350,4.083916083916084,9958.057622377622,9753.439999999999
C000322,2023-02-02,2023-12-31,7,15185.09,2169.2985714285714,7,332,3.6657101865136297,15904.039741750357,15185.09
C000323,2023-02-01,2023-09-30,4,1951.0300000000002,487.75750000000005,4,241,2.4092409240924093,2350.2506600660067,1951.0300000000002
C000324,2023-01-04,2023-12-12,5,9073.720000000001,1814.7440000000001,5,342,2.5813295615275815,9368.90466760962,9073.720000000001
C000325,2023-05-29,2023-05-29,1,1240.33,1240.33,1,0,1.0,2480.66,1240.33
C000326,2023-02-12,2023-10-13,3,899.48,299.82666666666665,3,243,1.800986842105263,1079.9677631578945,899.48
C000327,2023-02-21,2023-12-12,5,8382.289999999999,1676.4579999999999,5,294,2.769347496206373,9285.389529590288,8382.289999999999
C000328,2023-01-10,2023-12-22,9,20547.4,2283.0444444444447,9,346,4.620253164556963,21096.486638537277,20547.4
C000329,2023-02-14,2023-12-20,6,9371.19,1561.865,6,309,3.249258160237389,10149.805192878339,9371.19
C000330,2023-01-08,2023-09-26,2,2087.44,1043.72,2,261,1.1661341853035145,2434.2351437699685,2087.44
C000331,2023-02-20,2023-12-03,8,11107.31,1388.41375,8,286,4.485407066052227,12455.20168970814,11107.31
C000332,2023-01-14,2023-09-14,7,8041.05,1148.7214285714285,7,243,4.202302631578947,9654.550164473683,8041.05
C000333,2023-01-31,2023-12-25,2,2236.0699999999997,1118.0349999999999,2,328,1.0533910533910535,2355.456132756133,2236.0699999999997
C000334,2023-01-08,2023-11-07,8,31881.739999999998,3985.2174999999997,8,303,4.37125748502994,34840.823652694606,31881.739999999998
C000335,2023-01-07,2023-11-20,6,8371.47,1395.245,6,317,3.2111436950146626,8960.664369501465,8371.47
C000336,2023-02-05,2023-11-19,4,7658.889999999999,1914.7224999999999,4,287,2.2392638036809815,8575.137576687115,7658.889999999999
C000337,2023-01-02,2023-08-27,5,10111.64,2022.328,5,237,3.03156146179402,12261.623255813953,10111.64
C000338,2023-03-10,2023-08-12,2,7602.13,3801.065,2,155,1.403846153846154,10672.220961538462,7602.13
C000339,2023-01-15,2023-11-16,6,11515.58,1919.2633333333333,6,305,3.2686567164179103,12546.825970149253,11515.58
C000340,2023-08-21,2023-09-18,2,1536.6599999999999,768.3299999999999,2,28,1.8575063613231553,2854.3557251908396,1536.6599999999999
C000341,2023-04-28,2023-12-21,4,7970.410000000001,1992.6025000000002,4,237,2.4252491694352156,9665.11511627907,7970.410000000001
C000342,2023-01-04,2023-10-15,8,17696.93,2212.11625,8,284,4.499229583975347,19905.63775038521,17696.93
C000343,2023-01-25,2023-11-21,8,16471.79,2058.97375,8,300,4.390977443609023,18081.814586466167,16471.79
C000344,2023-02-21,2023-09-05,6,7592.51,1265.4183333333333,6,196,3.9037433155080214,9879.736720142602,7592.51
C000345,2023-08-18,2023-08-18,1,2665.62,2665.62,1,0,1.0,5331.24,2665.62
C000346,2023-01-22,2023-12-05,9,17508.3,1945.3666666666666,9,317,4.816715542521994,18740.555718475072,17508.3
C000347,2023-02-24,2023-07-22,2,1797.1100000000001,898.5550000000001,2,148,1.4230019493177386,2557.2910331384014,1797.1100000000001
C000348,2023-07-31,2023-11-08,2,3793.86,1896.93,2,100,1.5698924731182795,5955.952258064516,3793.86
C000349,2023-01-30,2023-06-15,8,10403.99,1300.49875,8,136,5.828343313373253,15159.506387225547,10403.99
C000350,2023-01-12,2023-11-24,4,10157.960000000001,2539.4900000000002,4,316,2.1439060205580027,10888.855800293686,10157.960000000001
C000351,2023-02-01,2023-12-06,6,13477.910000000002,2246.3183333333336,6,308,3.2540861812778603,14619.42689450223,13477.910000000002
C000352,2023-03-11,2023-07-04,2,5146.65,2573.325,2,115,1.5208333333333335,7827.196875000001,5146.65
C000353,2023-07-03,2023-09-28,2,3291.76,1645.88,2,87,1.6150442477876106,5316.338053097345,3291.76
C000354,2023-01-02,2023-08-02,3,2869.77,956.59,3,212,1.8977469670710574,3630.7315424610056,2869.77
C000355,2023-06-24,2023-11-26,5,6185.0599999999995,1237.012,5,155,3.509615384615385,8682.872692307694,6185.0599999999995
C000356,2023-01-27,2023-09-11,4,7713.91,1928.4775,4,227,2.4662162162162162,9512.084966216216,7713.91
C000357,2023-03-15,2023-10-12,6,9994.32,1665.72,6,211,3.8020833333333335,12666.4125,9994.32
C000358,2023-01-17,2023-12-24,7,5193.96,741.9942857142858,7,341,3.6189801699716715,5370.5252124645895,5193.96
C000359,2023-02-01,2023-12-21,6,11296.390000000001,1882.7316666666668,6,323,3.183139534883721,11985.995203488374,11296.390000000001
C000360,2023-05-13,2023-10-17,2,3904.37,1952.185,2,157,1.3984674329501914,5460.134291187738,3904.37
C000361,2023-03-25,2023-10-06,4,4296.94,1074.235,4,195,2.607142857142857,5601.368214285714,4296.94
C000362,2023-04-19,2023-09-28,8,9022.94,1127.8675,8,162,5.540796963946869,12498.569639468691,9022.94
C000363,2023-02-06,2023-12-04,5,6233.49,1246.6979999999999,5,301,2.74024024024024,6832.504054054053,6233.49
C000364,2023-01-02,2023-05-06,3,2398.45,799.4833333333332,3,124,2.2392638036809815,3580.5081799591,2398.45
C000365,2023-02-22,2023-12-06,7,10368.94,1481.277142857143,7,287,3.918711656441718,11609.39601226994,10368.94
C000366,2023-04-25,2023-12-16,5,4789.09,957.818,5,235,3.041666666666667,5826.726166666667,4789.09
C000367,2023-10-14,2023-11-03,2,6009.1,3004.55,2,20,1.896103896103896,11393.877922077923,6009.1
C000368,2023-01-25,2023-11-04,6,10339.34,1723.2233333333334,6,283,3.3796296296296298,11647.713271604938,10339.34
C000369,2023-01-26,2023-10-20,4,9772.14,2443.035,4,267,2.310126582278481,11287.440189873416,9772.14
C000370,2023-01-20,2023-12-11,6,3994.4900000000002,665.7483333333333,6,325,3.1739130434782608,4226.054637681159,3994.4900000000002
C000371,2023-02-20,2023-12-18,7,18739.239999999998,2677.0342857142855,7,301,3.8363363363363363,20540.007807807808,18739.239999999998
C000372,2023-01-23,2023-12-05,6,21177.19,3529.5316666666663,6,316,3.2158590308370045,22700.952569750367,21177.19
C000373,2023-03-30,2023-12-09,5,8058.0,1611.6,5,254,2.948303715670436,9502.972536348949,8058.0
C000374,2023-02-12,2023-12-08,3,5797.009999999999,1932.3366666666664,3,299,1.6490963855421685,6373.218825301204,5797.009999999999
C000375,2023-12-03,2023-12-03,2,7735.0,3867.5,2,0,2.0,15470.0,7735.0
C000376,2023-12-19,2023-12-19,1,2590.2,2590.2,1,0,1.0,5180.4,2590.2
C000377,2023-05-15,2023-06-06,2,3217.1,1608.55,2,22,1.8863049095607236,6068.431524547804,3217.1
C000378,2023-01-25,2023-10-11,6,11008.029999999999,1834.6716666666664,6,259,3.5096153846153846,12877.983814102563,11008.029999999999
C000379,2023-04-27,2023-05-27,2,716.55,358.275,2,30,1.848101265822785,1324.2569620253166,716.55
C000380,2023-01-03,2023-11-15,6,14162.810000000001,2360.4683333333337,6,316,3.2158590308370045,15181.866813509549,14162.810000000001
C000381,2023-01-18,2023-12-05,5,9403.16,1880.632,5,321,2.6603498542274053,10006.278134110788,9403.16
C000382,2023-05-27,2023-11-07,4,9650.84,2412.71,4,164,2.7599243856332705,13317.794328922497,9650.84
C000383,2023-01-31,2023-12-23,4,3201.33,800.3325,4,326,2.1128798842257597,3382.0128798842256,3201.33
C000384,2023-02-21,2023-11-06,6,4332.87,722.145,6,258,3.5152487961476724,5077.0386837881215,4332.87
C000385,2023-01-25,2023-12-11,6,14726.91,2454.485,6,320,3.197080291970803,15694.371240875913,14726.91
C000386,2023-05-22,2023-10-08,3,3902.03,1300.6766666666667,3,139,2.1726190476190474,5651.749801587302,3902.03
C000387,2023-02-17,2023-07-08,5,8647.779999999999,1729.5559999999998,5,141,3.6067193675889326,12476.046245059286,8647.779999999999
C000388,2023-03-01,2023-10-07,9,17573.91,1952.6566666666668,9,220,5.615384615384616,21929.836410256412,17573.91
C000389,2023-03-12,2023-10-07,6,8290.18,1381.6966666666667,6,209,3.8153310104529616,10543.260278745645,8290.18
C000390,2023-04-16,2023-10-19,2,4169.65,2084.825,2,186,1.32486388384755,5524.218693284936,4169.65
C000391,2023-03-13,2023-08-10,5,5252.23,1050.446,5,150,3.5436893203883497,7444.90854368932,5252.23
C000392,2023-03-03,2023-04-18,5,4597.94,919.588,5,46,4.440389294403893,8166.657420924574,4597.94
C000393,2023-04-29,2023-11-20,3,2028.55,676.1833333333333,3,205,1.9210526315789473,2597.9675438596487,2028.55
C000394,2023-03-04,2023-12-18,6,8620.21,1436.7016666666666,6,289,3.3486238532110093,9621.946941896025,8620.21
C000395,2023-01-05,2023-11-25,8,10481.66,1310.2075,8,324,4.238026124818578,11105.387227866475,10481.66
C000396,2023-01-04,2023-10-19,3,3072.46,1024.1533333333334,3,288,1.6768759571209801,3434.756202143951,3072.46
C000397,2023-02-17,2023-12-10,6,11405.23,1900.8716666666667,6,296,3.313161875945537,12595.791074130106,11405.23
C000398,2023-01-24,2023-11-13,5,7824.23,1564.846,5,293,2.7735562310030395,8680.376747720366,7824.23
C000399,2023-01-17,2023-11-04,7,9027.27,1289.6100000000001,7,291,3.894817073170732,10045.590091463417,9027.27
C000400,2023-06-19,2023-07-25,2,1867.5,933.75,2,36,1.8204488778054861,3399.6882793017453,1867.5
C000401,2023-03-13,2023-11-26,6,14570.119999999999,2428.353333333333,6,258,3.5152487961476724,17072.532263242374,14570.119999999999
C000402,2023-01-12,2023-11-14,8,6362.19,795.27375,8,306,4.351713859910581,6921.607600596125,6362.19
C000403,2023-01-11,2023-12-27,4,6604.55,1651.1375,4,350,2.041958041958042,6743.106993006993,6604.55
C000404,2023-03-22,2023-12-03,5,11867.89,2373.578,5,256,2.9388083735909825,13950.981803542674,11867.89
C000405,2023-03-12,2023-10-24,7,13234.369999999999,1890.6242857142856,7,226,4.323181049069374,16347.022165820643,13234.369999999999
C000406,2023-03-05,2023-10-21,5,7463.44,1492.6879999999999,5,230,3.0672268907563027,9156.825546218488,7463.44
C000407,2023-04-08,2023-04-08,1,613.27,613.27,1,0,1.0,1226.54,613.27
C000408,2023-05-09,2023-12-25,10,13169.08,1316.908,10,230,6.1344537815126055,16157.022521008403,13169.08
C000409,2023-01-31,2023-11-22,3,7222.8,2407.6,3,295,1.659090909090909,7988.854545454545,7222.8
C000410,2023-01-21,2023-03-23,3,5526.86,1842.2866666666666,3,61,2.5704225352112675,9470.910328638498,5526.86
C000411,2023-07-17,2023-10-27,4,3814.62,953.655,4,102,3.126338329764454,5962.89635974304,3814.62
C000412,2023-02-13,2023-12-20,6,11176.99,1862.8316666666667,6,310,3.244444444444445,12087.707703703705,11176.99
C000413,2023-01-20,2023-12-17,9,14785.56,1642.84,9,331,4.719827586206896,15507.843103448273,14785.56
C000414,2023-02-18,2023-11-17,5,9990.49,1998.098,5,272,2.864992150706436,11449.070172684458,9990.49
C000415,2023-04-30,2023-12-12,6,18096.59,3016.0983333333334,6,226,3.705583756345178,22352.80998307953,18096.59
C000416,2023-02-16,2023-11-21,7,11986.15,1712.3071428571427,7,278,3.9735614307931573,13607.915241057543,11986.15
C000417,2023-05-09,2023-12-09,7,6981.74,997.3914285714285,7,214,4.412780656303973,8802.53920552677,6981.74
C000418,2023-04-10,2023-11-12,6,9971.84,1661.9733333333334,6,216,3.7693631669535286,12529.162134251292,9971.84
C000419,2023-01-14,2023-12-15,8,12652.13,1581.51625,8,335,4.171428571428571,13194.36414285714,12652.13
C000420,2023-12-20,2023-12-27,2,6912.18,3456.09,2,7,1.9623655913978495,13564.224193548387,6912.18
C000421,2023-01-14,2023-12-31,4,3589.55,897.3875,4,351,2.0391061452513966,3659.7367318435754,3589.55
C000422,2023-01-12,2023-09-23,4,4828.27,1207.0675,4,254,2.358642972536349,5694.082552504039,4828.27
C000423,2023-03-28,2023-10-17,5,4675.66,935.132,5,203,3.2130281690140845,6009.210915492958,4675.66
C000424,2023-02-02,2023-09-23,7,8421.83,1203.1185714285714,7,233,4.27257525083612,10280.829264214044,8421.83
C000425,2023-04-15,2023-10-03,5,11228.23,2245.6459999999997,5,171,3.404850746268657,15292.178917910447,11228.23
C000426,2023-03-09,2023-12-20,7,14626.23,2089.4614285714283,7,286,3.9247311827956985,16401.148847926263,14626.23
C000427,2023-02-01,2023-09-12,3,5182.46,1727.4866666666667,3,223,1.8622448979591837,6434.006462585034,5182.46
C000428,2023-05-31,2023-10-19,3,2803.3900000000003,934.4633333333335,3,141,2.1640316205533594,4044.4164031620553,2803.3900000000003
C000429,2023-02-11,2023-10-15,7,13793.81,1970.5442857142857,7,246,4.181669394435351,16480.329459901797,13793.81
C000430,2023-02-16,2023-10-12,6,3417.88,569.6466666666666,6,238,3.6318407960199006,4137.732006633499,3417.88
C000431,2023-05-13,2023-10-17,3,5100.13,1700.0433333333333,3,157,2.097701149425287,7132.365708812259,5100.13
C000432,2023-08-14,2023-08-14,1,374.93,374.93,1,0,1.0,749.86,374.93
C000433,2023-04-23,2023-07-27,3,1724.9499999999998,574.9833333333332,3,95,2.380434782608696,2737.420652173913,1724.9499999999998
C000434,2023-02-15,2023-11-30,5,8203.89,1640.7779999999998,5,288,2.7947932618683002,9171.27059724349,8203.89
C000435,2023-02-18,2023-08-16,2,578.54,289.27,2,179,1.3419117647058822,776.3496323529411,578.54
C000436,2023-02-21,2023-10-22,5,4654.18,930.836,5,243,3.0016447368421053,5588.077960526316,4654.18
C000437,2023-08-15,2023-09-27,3,8039.17,2679.7233333333334,3,43,2.6838235294117645,14383.80906862745,8039.17
C000438,2023-04-01,2023-10-23,7,6349.7699999999995,907.1099999999999,7,205,4.482456140350877,8132.161578947366,6349.7699999999995
C000439,2023-04-24,2023-09-03,6,6873.26,1145.5433333333333,6,132,4.406438631790745,10095.532796780684,6873.26
C000440,2023-03-05,2023-08-07,5,6194.7,1238.94,5,155,3.509615384615385,8696.40576923077,6194.7
C000441,2023-03-08,2023-10-29,4,6058.57,1514.6425,4,235,2.4333333333333336,7371.260166666667,6058.57
C000442,2023-04-03,2023-11-03,7,11496.32,1642.3314285714284,7,214,4.412780656303973,14494.496718480137,11496.32
C000443,2023-11-07,2023-12-07,3,8862.17,2954.056666666667,3,30,2.7721518987341773,16378.187594936711,8862.17
C000444,2023-03-30,2023-05-13,4,6960.51,1740.1275,4,44,3.5696821515892423,12423.404156479219,6960.51
C000445,2023-02-17,2023-08-27,5,5418.04,1083.608,5,191,3.2823741007194247,7113.613669064748,5418.04
C000446,2023-01-09,2023-12-22,9,16174.23,1797.1366666666665,9,347,4.61376404494382,16583.129073033706,16174.23
C000447,2023-01-18,2023-12-26,8,11476.43,1434.55375,8,342,4.130127298444131,11849.779207920794,11476.43
C000448,2023-02-01,2023-09-17,5,6644.68,1328.9360000000001,5,228,3.0775716694772344,8179.791568296797,6644.68
C000449,2023-03-14,2023-07-18,3,6572.82,2190.94,3,126,2.230142566191446,9772.217107942974,6572.82
C000450,2023-02-10,2023-12-04,7,9278.27,1325.467142857143,7,297,3.8595166163142,10231.3249244713,9278.27
C000451,2023-01-11,2023-11-13,5,11923.359999999999,2384.6719999999996,5,306,2.7198211624441133,12971.762742175855,11923.359999999999
C000452,2023-01-04,2023-12-22,10,18196.06,1819.6060000000002,10,352,5.0906555090655505,18525.97461645746,18196.06
C000453,2023-02-04,2023-11-02,4,10694.62,2673.655,4,271,2.2955974842767297,12275.2713836478,10694.62
C000454,2023-03-05,2023-10-08,4,6552.67,1638.1675,4,217,2.508591065292096,8218.98470790378,6552.67
C000455,2023-04-11,2023-10-14,4,1377.24,344.31,4,186,2.6497277676951,1824.6555353901997,1377.24
C000456,2023-05-06,2023-12-25,3,2638.4900000000002,879.4966666666668,3,233,1.8311036789297657,3220.8991638795987,2638.4900000000002
C000457,2023-04-03,2023-07-22,3,3351.17,1117.0566666666666,3,110,2.305263157894737,5150.219157894737,3351.17
C000458,2023-02-04,2023-09-06,4,4871.1900000000005,1217.7975000000001,4,214,2.5215889464594126,6141.5694300518135,4871.1900000000005
C000459,2023-05-01,2023-12-09,3,2682.4300000000003,894.1433333333334,3,222,1.8654173764906303,3335.9010221465082,2682.4300000000003
C000460,2023-02-15,2023-11-07,4,2699.79,674.9475,4,265,2.317460317460317,3128.3280952380946,2699.79
C000461,2023-04-28,2023-06-01,3,4584.87,1528.29,3,34,2.744360902255639,8388.358646616542,4584.87
C000462,2023-05-15,2023-12-01,4,8162.62,2040.655,4,200,2.584070796460177,10546.393982300884,8162.62
C000463,2023-11-14,2023-11-30,2,792.0899999999999,396.04499999999996,2,16,1.916010498687664,1517.6527559055116,792.0899999999999
C000464,2023-07-19,2023-10-05,3,1963.3600000000001,654.4533333333334,3,78,2.471783295711061,3235.3336343115125,1963.3600000000001
C000465,2023-05-03,2023-12-28,8,17592.82,2199.1025,8,239,4.8344370860927155,21262.845364238412,17592.82
C000466,2023-01-13,2023-11-04,3,1621.02,540.34,3,295,1.659090909090909,1792.9463636363637,1621.02
C000467,2023-06-22,2023-12-29,4,9737.67,2434.4175,4,190,2.630630630630631,12808.106486486487,9737.67
C000468,2023-02-09,2023-05-21,2,4898.0,2449.0,2,101,1.5665236051502147,7672.832618025752,4898.0
C000469,2023-03-22,2023-12-03,6,8980.96,1496.8266666666666,6,256,3.526570048309179,10557.328180354267,8980.96
C000470,2023-01-25,2023-09-15,6,8685.279999999999,1447.5466666666664,6,233,3.6622073578595313,10602.432107023407,8685.279999999999
C000471,2023-02-06,2023-12-21,5,4072.1499999999996,814.43,5,318,2.67203513909224,4352.371156661786,4072.1499999999996
C000472,2023-01-19,2023-09-19,7,8427.449999999999,1203.9214285714284,7,243,4.202302631578947,10118.484374999996,8427.449999999999
C000473,2023-04-19,2023-10-21,6,9450.55,1575.0916666666665,6,185,3.981818181818182,12543.457272727272,9450.55
C000474,2023-04-28,2023-09-28,7,9920.130000000001,1417.1614285714288,7,153,4.9324324324324325,13980.105984555987,9920.130000000001
C000475,2023-03-02,2023-09-16,4,6157.35,1539.3375,4,198,2.5932504440497337,7983.775310834814,6157.35
C000476,2023-10-06,2023-10-25,3,3973.08,1324.36,3,19,2.8515625000000004,7552.990625,3973.08
C000477,2023-03-01,2023-05-27,3,3126.85,1042.2833333333333,3,87,2.422566371681416,5050.001106194691,3126.85
C000478,2023-02-02,2023-11-01,6,11244.53,1874.0883333333334,6,272,3.437990580847724,12886.196075353218,11244.53
C000479,2023-01-24,2023-11-11,5,5397.6,1079.52,5,291,2.7820121951219514,6006.475609756098,5397.6
C000480,2023-04-07,2023-07-03,3,1691.76,563.92,3,87,2.422566371681416,2732.267256637168,1691.76
C000481,2023-01-03,2023-12-28,7,10886.0,1555.142857142857,7,359,3.5290055248618786,10976.21546961326,10886.0
C000482,2023-04-02,2023-11-21,6,10963.07,1827.1783333333333,6,233,3.6622073578595313,13383.011872909698,10963.07
C000483,2023-03-29,2023-06-07,2,5086.08,2543.04,2,70,1.67816091954023,8535.260689655173,5086.08
C000484,2023-01-09,2023-11-24,8,11208.12,1401.015,8,319,4.269005847953217,11961.882456140353,11208.12
C000485,2023-02-23,2023-11-28,7,7574.889999999999,1082.1271428571429,7,278,3.9735614307931573,8599.797356143079,7574.889999999999
C000486,2023-01-09,2023-12-13,9,19104.309999999998,2122.701111111111,9,338,4.672830725462305,19838.045945945945,19104.309999999998
C000487,2023-04-07,2023-11-22,7,11603.720000000001,1657.6742857142858,7,229,4.301346801346801,14260.463973063974,11603.720000000001
C000488,2023-01-24,2023-12-19,7,6845.33,977.9042857142857,7,329,3.6815561959654177,7200.419164265129,6845.33
C000489,2023-01-04,2023-12-13,4,11834.349999999999,2958.5874999999996,4,343,2.062146892655367,12202.08403954802,11834.349999999999
C000490,2023-04-16,2023-12-18,4,5120.25,1280.0625,4,246,2.3895253682487723,6117.483633387888,5120.25
C000491,2023-02-13,2023-12-24,10,17502.27,1750.227,10,314,5.375552282768777,18816.873490427097,17502.27
C000492,2023-02-07,2023-12-23,10,16649.96,1664.9959999999999,10,319,5.336257309941521,17769.694152046784,16649.96
C000493,2023-05-14,2023-12-19,4,4982.9,1245.725,4,219,2.5,6228.625,4982.9
C000494,2023-05-03,2023-12-03,3,7279.93,2426.6433333333334,3,214,1.8911917098445596,9178.495509499136,7279.93
C000495,2023-01-22,2023-11-26,6,15508.91,2584.818333333333,6,308,3.2540861812778603,16822.443239227337,15508.91
C000496,2023-01-13,2023-11-01,8,4413.17,551.64625,8,292,4.444444444444445,4903.522222222223,4413.17
C000497,2023-02-10,2023-04-19,2,3881.3500000000004,1940.6750000000002,2,68,1.6859122401847573,6543.615473441108,3881.3500000000004
C000498,2023-02-06,2023-12-10,4,5391.36,1347.84,4,307,2.1726190476190474,5856.685714285713,5391.36
C000499,2023-03-16,2023-12-01,8,18104.46,2263.0575,8,260,4.672,21146.00928,18104.46
C000500,2023-01-24,2023-11-30,6,13341.0,2223.5,6,310,3.244444444444445,14428.044444444446,13341.0
C000501,2023-04-02,2023-12-30,6,11973.45,1995.575,6,272,3.437990580847724,13721.536106750393,11973.45
C000502,2023-01-27,2023-09-02,3,5175.43,1725.1433333333334,3,218,1.8782161234991424,6480.384048027445,5175.43
C000503,2023-06-15,2023-10-11,3,3711.8999999999996,1237.3,3,118,2.267080745341615,5610.11801242236,3711.8999999999996
C000504,2023-04-26,2023-09-16,3,4623.84,1541.28,3,143,2.1555118110236218,6644.494488188975,4623.84
C000505,2023-03-19,2023-10-05,5,4948.42,989.684,5,200,3.230088495575221,6393.533805309734,4948.42
C000506,2023-01-20,2023-11-27,3,2982.71,994.2366666666667,3,311,1.6198224852071006,3220.9738165680474,2982.71
C000507,2023-03-11,2023-12-20,2,5393.56,2696.78,2,284,1.1248073959938367,6066.7161787365185,5393.56
C000508,2023-06-09,2023-12-25,4,6236.61,1559.1525,4,199,2.5886524822695036,8072.207978723404,6236.61
C000509,2023-04-05,2023-12-27,9,17585.38,1953.9311111111112,9,266,5.206022187004755,20344.417432646595,17585.38
C000510,2023-01-11,2023-11-10,5,8567.02,1713.404,5,303,2.7320359281437123,9362.1625748503,8567.02
C000511,2023-04-11,2023-10-19,3,2894.18,964.7266666666666,3,191,1.9694244604316546,3799.912589928057,2894.18
C000512,2023-01-29,2023-12-10,8,11624.38,1453.0475,8,315,4.294117647058823,12479.113823529411,11624.38
C000513,2023-01-11,2023-12-30,11,29903.52,2718.501818181818,11,353,5.59192200557103,30403.30027855153,29903.52
C000514,2023-04-20,2023-08-13,4,8950.95,2237.7375,4,115,3.041666666666667,13612.903125000003,8950.95
C000515,2023-11-01,2023-12-04,2,15953.39,7976.695,2,33,1.8341708542713568,29261.24296482412,15953.39
C000516,2023-01-14,2023-08-03,4,9285.49,2321.3725,4,201,2.5795053003533566,11975.985335689043,9285.49
C000517,2023-01-05,2023-10-24,6,10093.27,1682.2116666666668,6,292,3.333333333333333,11214.744444444445,10093.27
C000518,2023-03-30,2023-12-12,4,7890.74,1972.685,4,257,2.347266881028939,9260.836334405145,7890.74
C000519,2023-08-19,2023-10-22,2,8681.630000000001,4340.8150000000005,2,64,1.7016317016317017,14772.936829836832,8681.630000000001
C000520,2023-01-03,2023-10-05,5,11085.16,2217.032,5,275,2.8515625,12644.010625,11085.16
C000521,2023-02-13,2023-10-28,3,1537.52,512.5066666666667,3,257,1.7604501607717042,1804.4848874598072,1537.52
C000522,2023-01-22,2023-08-20,6,7915.4400000000005,1319.24,6,210,3.808695652173913,10049.167304347826,7915.4400000000005
C000523,2023-01-29,2023-09-28,4,2380.48,595.12,4,242,2.405271828665568,2862.850741350906,2380.48
C000524,2023-04-06,2023-11-13,8,5470.8099999999995,683.8512499999999,8,221,4.982935153583618,6815.172866894198,5470.8099999999995
C000525,2023-02-13,2023-10-10,4,5934.75,1483.6875,4,239,2.4172185430463577,7172.7938741721855,5934.75
C000526,2023-05-10,2023-06-27,2,5257.2,2628.6,2,48,1.7675544794188864,9292.38740920097,5257.2
C000527,2023-01-01,2023-11-16,5,5373.56,1074.712,5,319,2.6681286549707606,5734.939766081872,5373.56
C000528,2023-03-01,2023-12-09,7,25950.65,3707.2357142857145,7,283,3.942901234567901,29234.528549382718,25950.65
C000529,2023-02-03,2023-08-31,5,8625.51,1725.102,5,209,3.1794425087108014,10969.725261324042,8625.51
C000530,2023-04-27,2023-10-30,2,3433.11,1716.555,2,186,1.32486388384755,4548.4034482758625,3433.11
C000531,2023-01-24,2023-12-21,4,4020.2599999999998,1005.0649999999999,4,331,2.097701149425287,4216.652011494252,4020.2599999999998
C000532,2023-01-10,2023-11-27,6,10232.15,1705.3583333333333,6,321,3.192419825072886,10888.439504373177,10232.15
C000533,2023-04-13,2023-12-07,4,11242.630000000001,2810.6575000000003,4,238,2.4212271973466004,13610.480762852407,11242.630000000001
C000534,2023-04-23,2023-10-11,5,4040.11,808.022,5,171,3.404850746268657,5502.388619402986,4040.11
C000535,2023-05-14,2023-09-11,3,8127.82,2709.273333333333,3,120,2.2577319587628866,12233.625979381442,8127.82
C000536,2023-01-03,2023-11-28,7,13852.619999999999,1978.945714285714,7,329,3.6815561959654177,14571.19971181556,13852.619999999999
C000537,2023-01-18,2023-10-27,3,1257.36,419.11999999999995,3,282,1.6924265842349302,1418.6596599690877,1257.36
C000538,2023-04-06,2023-12-19,3,5014.75,1671.5833333333333,3,257,1.7604501607717042,5885.478295819936,5014.75
C000539,2023-04-15,2023-11-03,5,6876.32,1375.264,5,202,3.2186948853615522,8853.11040564374,6876.32
C000540,2023-12-07,2023-12-07,1,1819.12,1819.12,1,0,1.0,3638.24,1819.12
C000541,2023-02-24,2023-12-28,3,7352.47,2450.8233333333333,3,307,1.6294642857142858,7987.058184523809,7352.47
C000542,2023-02-26,2023-08-30,4,10191.35,2547.8375,4,185,2.6545454545454543,13526.700909090909,10191.35
C000543,2023-01-07,2023-11-19,4,3967.09,991.7725,4,316,2.1439060205580027,4252.534067547724,3967.09
C000544,2023-01-31,2023-10-09,5,8322.68,1664.536,5,251,2.9626623376623376,9862.916233766235,8322.68
C000545,2023-04-02,2023-10-15,4,4816.16,1204.04,4,196,2.6024955436720143,6267.017468805704,4816.16
C000546,2023-03-22,2023-10-01,2,1826.9,913.45,2,193,1.308243727598566,2390.0304659498206,1826.9
C000547,2023-02-21,2023-11-16,6,6030.38,1005.0633333333334,6,268,3.4597156398104265,6954.466666666667,6030.38
C000548,2023-02-23,2023-11-10,9,10932.77,1214.7522222222224,9,260,5.256,12769.475360000002,10932.77
C000549,2023-02-08,2023-11-12,4,5604.12,1401.03,4,277,2.2741433021806854,6372.2859813084115,5604.12
C000550,2023-02-04,2023-11-17,8,13074.46,1634.3075,8,286,4.485407066052227,14661.0688172043,13074.46
C000551,2023-02-19,2023-10-19,5,5951.05,1190.21,5,242,3.0065897858319603,7156.946457990115,5951.05
C000552,2023-06-10,2023-10-06,4,6448.5,1612.125,4,118,3.022774327122153,9746.180124223602,6448.5
C000553,2023-09-28,2023-12-28,3,5029.62,1676.54,3,91,2.401315789473684,8051.80394736842,5029.62
C000554,2023-01-05,2023-10-30,4,4406.27,1101.5675,4,298,2.20211161387632,4851.549170437406,4406.27
C000555,2023-01-15,2023-10-13,8,18892.65,2361.58125,8,271,4.591194968553459,21684.95990566038,18892.65
C000556,2023-11-26,2023-11-26,1,1226.54,1226.54,1,0,1.0,2453.08,1226.54
C000557,2023-01-18,2023-05-08,3,3980.8199999999997,1326.9399999999998,3,110,2.305263157894737,6117.891789473683,3980.8199999999997
C000558,2023-02-20,2023-11-11,7,7857.15,1122.45,7,264,4.0620031796502385,9118.79093799682,7857.15
C000559,2023-01-24,2023-11-17,4,3297.84,824.46,4,297,2.205438066465257,3636.5909365558914,3297.84
C000560,2023-04-24,2023-12-09,9,13957.09,1550.7877777777778,9,229,5.53030303030303,17152.652693602693,13957.09
C000561,2023-02-11,2023-09-02,4,6450.02,1612.505,4,203,2.5704225352112675,8289.63838028169,6450.02
C000562,2023-03-22,2023-11-05,6,6092.68,1015.4466666666667,6,228,3.693086003372681,7500.2637436762225,6092.68
C000563,2023-02-25,2023-06-24,4,3252.11,813.0275,4,119,3.016528925619835,4905.041942148761,3252.11
C000564,2023-01-06,2023-12-31,10,16927.18,1692.718,10,359,5.041436464088398,17067.46049723757,16927.18
C000565,2023-03-23,2023-05-17,3,7113.969999999999,2371.3233333333333,3,55,2.607142857142857,12364.75738095238,7113.969999999999
C000566,2023-01-20,2023-12-09,3,8025.79,2675.2633333333333,3,323,1.5915697674418605,8515.736482558139,8025.79
C000567,2023-03-30,2023-12-12,3,7532.27,2510.7566666666667,3,257,1.7604501607717042,8840.123954983923,7532.27
C000568,2023-01-22,2023-12-18,4,9818.42,2454.605,4,330,2.1007194244604315,10312.872805755394,9818.42
C000569,2023-02-26,2023-05-02,2,1986.15,993.075,2,65,1.697674418604651,3371.836046511628,1986.15
C000570,2023-04-18,2023-12-31,3,3567.96,1189.32,3,257,1.7604501607717042,4187.477170418007,3567.96
C000571,2023-01-16,2023-08-10,5,4208.78,841.756,5,206,3.1961471103327495,5380.752014010507,4208.78
C000572,2023-01-04,2023-05-13,5,7562.5,1512.5,5,129,3.694331983805668,11175.354251012146,7562.5
C000573,2023-03-12,2023-12-02,4,10533.15,2633.2875,4,265,2.317460317460317,12205.07857142857,10533.15
C000574,2023-05-27,2023-09-26,4,3881.52,970.38,4,122,2.997946611909651,5818.2948665297745,3881.52
C000575,2023-01-06,2023-12-29,6,8255.3,1375.8833333333332,6,357,3.0332409972299166,8346.771468144043,8255.3
C000576,2023-07-21,2023-11-18,2,4151.43,2075.715,2,120,1.5051546391752577,6248.544123711341,4151.43
C000577,2023-01-12,2023-12-23,7,19151.54,2735.934285714286,7,345,3.5985915492957745,19691.02,19151.54
C000578,2023-01-19,2023-11-18,6,17620.190000000002,2936.6983333333337,6,303,3.2784431137724552,19255.59685628743,17620.190000000002
C000579,2023-01-20,2023-08-13,5,12178.17,2435.634,5,205,3.2017543859649122,15596.603684210526,12178.17
C000580,2023-05-06,2023-09-20,4,5787.87,1446.9675,4,137,2.908366533864542,8416.623705179283,5787.87
C000581,2023-01-14,2023-12-23,4,4106.6900000000005,1026.6725000000001,4,343,2.062146892655367,4234.299011299436,4106.6900000000005
C000582,2023-02-02,2023-11-14,6,11666.48,1944.4133333333332,6,285,3.3692307692307693,13102.35446153846,11666.48
C000583,2023-03-12,2023-12-20,5,4355.44,871.088,5,283,2.816358024691358,4906.5913580246915,4355.44
C000584,2023-12-06,2023-12-06,1,1314.8,1314.8,1,0,1.0,2629.6,1314.8
C000585,2023-03-01,2023-12-24,5,10292.75,2058.55,5,298,2.7526395173453997,11332.892156862747,10292.75
C000586,2023-02-03,2023-09-27,4,3064.3199999999997,766.0799999999999,4,236,2.4292845257903495,3722.0525790349416,3064.3199999999997
C000587,2023-01-09,2023-12-02,12,19609.93,1634.1608333333334,12,327,6.329479768786127,20686.775867052023,19609.93
C000588,2023-01-26,2023-11-16,5,10102.36,2020.4720000000002,5,294,2.769347496206373,11190.778148710167,10102.36
C000589,2023-06-26,2023-11-24,4,8090.549999999999,2022.6374999999998,4,151,2.8294573643410854,11445.933139534884,8090.549999999999
C000590,2023-02-07,2023-11-27,6,11076.79,1846.131666666667,6,293,3.3282674772036476,12288.839969604865,11076.79
C000591,2023-03-28,2023-12-22,4,6033.77,1508.4425,4,269,2.302839116719243,6947.400788643533,6033.77
C000592,2023-01-28,2023-08-07,6,18458.09,3076.3483333333334,6,191,3.9388489208633093,24234.54262589928,18458.09
C000593,2023-12-18,2023-12-18,1,379.85,379.85,1,0,1.0,759.7,379.85
C000594,2023-01-05,2023-11-27,8,6285.79,785.72375,8,326,4.225759768451519,6640.559623733719,6285.79
C000595,2023-04-06,2023-09-18,4,4104.55,1026.1375,4,165,2.7547169811320753,5653.43679245283,4104.55
C000596,2023-02-27,2023-12-27,5,9535.15,1907.03,5,303,2.7320359281437123,10420.148952095808,9535.15
C000597,2023-12-14,2023-12-26,2,6142.33,3071.165,2,12,1.9363395225464188,11893.636339522545,6142.33
C000598,2023-05-30,2023-11-11,5,5108.1900000000005,1021.6380000000001,5,165,3.443396226415094,7035.808867924529,5108.1900000000005
C000599,2023-02-18,2023-06-18,3,4249.24,1416.4133333333332,3,120,2.2577319587628866,6395.763298969071,4249.24
C000600,2023-02-12,2023-08-27,2,1748.42,874.21,2,196,1.3012477718360071,2275.127629233512,1748.42
C000601,2023-02-22,2023-09-22,5,3637.59,727.518,5,212,3.1629116117850957,4602.150259965339,3637.59
C000602,2023-03-03,2023-07-22,2,352.04,176.02,2,141,1.442687747035573,507.8837944664032,352.04
C000603,2023-01-26,2023-11-03,7,12112.83,1730.4042857142856,7,281,3.955108359133127,13687.872910216716,12112.83
C000604,2023-02-21,2023-11-29,4,9571.84,2392.96,4,281,2.260061919504644,10816.475541795666,9571.84
C000605,2023-06-14,2023-12-29,8,29468.760000000002,3683.5950000000003,8,198,5.186500888099467,38209.93747779752,29468.760000000002
C000606,2023-01-22,2023-11-27,7,12567.73,1795.3899999999999,7,309,3.7908011869436202,13611.933086053412,12567.73
C000607,2023-01-20,2023-12-27,5,10589.789999999999,2117.9579999999996,5,341,2.584985835694051,10949.7828611898,10589.789999999999
C000608,2023-02-06,2023-12-22,7,19401.2,2771.6,7,319,3.735380116959065,20705.959064327486,19401.2
C000609,2023-03-03,2023-12-26,6,10157.46,1692.9099999999999,6,298,3.30316742081448,11183.930316742082,10157.46
C000610,2023-03-09,2023-10-21,7,8733.47,1247.6385714285714,7,226,4.323181049069374,10787.534856175973,8733.47
C000611,2023-03-31,2023-12-05,6,9387.87,1564.6450000000002,6,249,3.5667752442996745,11161.47410423453,9387.87
C000612,2023-03-15,2023-12-12,6,20328.02,3388.0033333333336,6,272,3.437990580847724,23295.847095761383,20328.02
C000613,2023-05-05,2023-12-01,7,8301.19,1185.8842857142859,7,210,4.443478260869565,10538.902086956523,8301.19
C000614,2023-01-14,2023-12-10,8,9080.859999999999,1135.1074999999998,8,330,4.201438848920863,9538.169496402876,9080.859999999999
C000615,2023-02-08,2023-12-30,10,16093.32,1609.3319999999999,10,325,5.2898550724637685,17026.266086956522,16093.32
C000616,2023-05-16,2023-12-05,3,3104.36,1034.7866666666666,3,203,1.9278169014084507,3989.758450704225,3104.36
C000617,2023-06-16,2023-08-10,2,5352.71,2676.355,2,55,1.7380952380952381,9303.519761904763,5352.71
C000618,2023-01-14,2023-11-18,9,29662.53,3295.8366666666666,9,308,4.88112927191679,32174.809658246653,29662.53
C000619,2023-01-19,2023-12-29,6,4388.14,731.3566666666667,6,344,3.08885754583921,4518.11311706629,4388.14
C000620,2023-01-11,2023-04-14,3,2375.1000000000004,791.7000000000002,3,93,2.3908296943231444,3785.639737991268,2375.1000000000004
C000621,2023-02-21,2023-12-10,7,8095.71,1156.53,7,292,3.888888888888889,8995.233333333334,8095.71
C000622,2023-03-22,2023-10-11,9,10022.810000000001,1113.6455555555558,9,203,5.783450704225352,12881.428345070424,10022.810000000001
C000623,2023-03-04,2023-12-28,5,10574.27,2114.8540000000003,5,299,2.748493975903614,11625.326957831327,10574.27
C000624,2023-01-14,2023-12-16,7,15274.289999999999,2182.0414285714282,7,336,3.644793152639087,15906.179315263907,15274.289999999999
C000625,2023-02-22,2023-12-22,8,11677.039999999999,1459.6299999999999,8,303,4.37125748502994,12760.837125748501,11677.039999999999
C000626,2023-04-03,2023-12-17,7,11633.32,1661.902857142857,7,258,4.1011235955056184,13631.338041733548,11633.32
C000627,2023-01-02,2023-11-13,4,1525.82,381.455,4,315,2.1470588235294117,1638.0126470588234,1525.82
C000628,2023-06-04,2023-11-05,4,9508.21,2377.0525,4,154,2.813102119460501,13373.782851637763,9508.21
C000629,2023-03-17,2023-09-16,2,2053.44,1026.72,2,183,1.3321167883211678,2735.421897810219,2053.44
C000630,2023-02-23,2023-11-10,4,9991.939999999999,2497.9849999999997,4,260,2.336,11670.585919999998,9991.939999999999
C000631,2023-02-23,2023-12-17,3,5200.36,1733.4533333333331,3,297,1.6540785498489428,5734.535951661632,5200.36
C000632,2023-03-05,2023-10-02,8,11980.95,1497.61875,8,211,5.069444444444445,15184.190104166668,11980.95
C000633,2023-01-18,2023-12-06,2,6621.719999999999,3310.8599999999997,2,322,1.0625909752547307,7036.179912663754,6621.719999999999
C000634,2023-01-30,2023-11-20,10,12435.72,1243.572,10,294,5.538694992412746,13775.532018209406,12435.72
C000635,2023-02-14,2023-12-04,8,15660.56,1957.57,8,293,4.437689969604864,17374.177507598786,15660.56
C000636,2023-03-27,2023-12-19,4,6792.08,1698.02,4,267,2.310126582278481,7845.282278481012,6792.08
C000637,2023-03-16,2023-12-16,4,3926.1000000000004,981.5250000000001,4,275,2.28125,4478.207812500001,3926.1000000000004
C000638,2023-12-16,2023-12-16,1,3637.13,3637.13,1,0,1.0,7274.26,3637.13
C000639,2023-01-28,2023-08-23,4,4048.8900000000003,1012.2225000000001,4,207,2.5524475524475525,5167.289685314686,4048.8900000000003
C000640,2023-08-05,2023-12-23,2,5992.37,2996.185,2,140,1.4455445544554455,8662.237821782177,5992.37
C000641,2023-03-17,2023-11-08,6,9999.1,1666.5166666666667,6,236,3.643926788685524,12145.32945091514,9999.1
C000643,2023-01-16,2023-10-26,10,12186.23,1218.623,10,283,5.632716049382716,13728.314660493828,12186.23
C000644,2023-07-06,2023-11-03,4,10397.93,2599.4825,4,120,3.0103092783505154,15650.492577319588,10397.93
C000645,2023-01-22,2023-12-13,5,12226.880000000001,2445.376,5,325,2.6449275362318843,12935.68463768116,12226.880000000001
C000646,2023-03-13,2023-12-30,5,10222.54,2044.5080000000003,5,292,2.7777777777777777,11358.37777777778,10222.54
C000647,2023-02-20,2023-12-07,9,9511.9,1056.8777777777777,9,290,5.015267175572519,10601.048854961831,9511.9
C000648,2023-02-11,2023-09-04,4,4920.19,1230.0475,4,205,2.56140350877193,6301.29596491228,4920.19
C000649,2023-01-02,2023-11-24,7,13344.52,1906.3600000000001,7,326,3.697539797395079,14097.683936324167,13344.52
C000650,2023-01-07,2023-11-23,6,10641.89,1773.6483333333333,6,320,3.197080291970803,11340.992262773721,10641.89
C000651,2023-01-02,2023-10-12,5,8268.130000000001,1653.6260000000002,5,283,2.816358024691358,9314.405709876544,8268.130000000001
C000652,2023-07-30,2023-08-22,2,944.1999999999999,472.09999999999997,2,23,1.8814432989690721,1776.4587628865977,944.1999999999999
C000653,2023-05-06,2023-05-29,2,3515.9,1757.95,2,23,1.8814432989690721,6614.966494845361,3515.9
C000654,2023-04-05,2023-12-29,6,15822.19,2637.0316666666668,6,268,3.4597156398104265,18246.759399684044,15822.19
C000655,2023-01-08,2023-12-16,8,6257.75,782.21875,8,342,4.130127298444131,6461.32602545969,6257.75
C000656,2023-02-24,2023-10-27,5,14914.380000000001,2982.876,5,245,2.9918032786885247,17848.356393442624,14914.380000000001
C000657,2023-03-07,2023-12-16,6,12467.419999999998,2077.903333333333,6,284,3.3744221879815104,14023.446224961479,12467.419999999998
C000658,2023-01-10,2023-12-05,7,15395.32,2199.3314285714287,7,329,3.6815561959654177,16193.924495677233,15395.32
C000659,2023-02-28,2023-11-04,6,10084.19,1680.6983333333335,6,249,3.5667752442996745,11989.346416938113,10084.19
C000660,2023-07-29,2023-10-04,2,4198.2,2099.1,2,67,1.6898148148148149,7094.180555555556,4198.2
C000661,2023-04-03,2023-10-16,4,8265.12,2066.28,4,196,2.6024955436720143,10754.96898395722,8265.12
C000662,2023-06-21,2023-12-25,6,11972.29,1995.381666666667,6,187,3.967391304347826,15832.919746376814,11972.29
C000663,2023-01-21,2023-08-20,4,10851.47,2712.8675,4,211,2.5347222222222223,13752.731076388889,10851.47
C000664,2023-02-15,2023-11-26,7,11425.77,1632.2528571428572,7,284,3.9368258859784286,12851.790600924502,11425.77
C000665,2023-01-25,2023-08-19,5,6254.07,1250.8139999999999,5,206,3.1961471103327495,7995.571103327495,6254.07
C000666,2023-02-14,2023-10-07,3,5062.27,1687.4233333333334,3,235,1.8250000000000002,6159.095166666668,5062.27
C000667,2023-02-07,2023-12-22,5,7914.77,1582.9540000000002,5,318,2.67203513909224,8459.417423133236,7914.77
C000668,2023-01-09,2023-08-29,9,16833.15,1870.3500000000001,9,232,5.50251256281407,20583.248743718596,16833.15
C000669,2023-02-05,2023-06-16,4,5412.23,1353.0575,4,131,2.9435483870967745,7965.580443548387,5412.23
C000670,2023-03-10,2023-09-14,4,3791.0499999999997,947.7624999999999,4,188,2.640144665461121,5004.460216998191,3791.0499999999997
C000671,2023-01-04,2023-11-07,5,10563.52,2112.704,5,307,2.7157738095238098,11475.252380952383,10563.52
C000672,2023-01-25,2023-10-12,4,3119.4900000000002,779.8725000000001,4,260,2.336,3643.56432,3119.4900000000002
C000673,2023-03-07,2023-12-09,12,19744.12,1645.3433333333332,12,277,6.822429906542055,22450.479127725852,19744.12
C000674,2023-05-16,2023-08-27,5,3197.88,639.576,5,103,3.8995726495726495,4988.1461538461535,3197.88
C000675,2023-07-03,2023-12-29,2,2319.46,1159.73,2,179,1.3419117647058822,3112.5106617647057,2319.46
C000676,2023-02-25,2023-11-08,6,10533.710000000001,1755.6183333333336,6,256,3.526570048309179,12382.622061191629,10533.710000000001
C000677,2023-03-25,2023-11-21,7,29175.48,4167.925714285714,7,241,4.216171617161716,35145.3801980198,29175.48
C000678,2023-01-26,2023-09-10,5,5445.28,1089.056,5,227,3.08277027027027,6714.618918918919,5445.28
C000679,2023-02-22,2023-11-12,3,9588.22,3196.0733333333333,3,263,1.7436305732484076,11145.542356687898,9588.22
C000680,2023-04-25,2023-12-06,7,10609.28,1515.6114285714286,7,225,4.330508474576271,13126.73627118644,10609.28
C000681,2023-01-31,2023-12-08,5,14135.349999999999,2827.0699999999997,5,311,2.6997041420118344,15264.505177514791,14135.349999999999
C000682,2023-01-10,2023-08-23,3,3646.54,1215.5133333333333,3,225,1.8559322033898304,4511.820677966101,3646.54
C000683,2023-01-16,2023-09-21,6,11096.59,1849.4316666666666,6,248,3.572593800978793,13214.536215334421,11096.59
C000685,2023-03-11,2023-08-08,3,3487.73,1162.5766666666666,3,150,2.12621359223301,4943.772621359224,3487.73
C000686,2023-01-02,2023-12-20,4,5381.46,1345.365,4,352,2.03626220362622,5479.031799163179,5381.46
C000687,2023-02-19,2023-11-15,5,10891.44,2178.288,5,269,2.8785488958990535,12540.617034700315,10891.44
C000688,2023-01-18,2023-12-26,7,12658.96,1808.422857142857,7,342,3.613861386138614,13070.779066478077,12658.96
C000689,2023-02-09,2023-09-08,3,4334.77,1444.9233333333334,3,211,1.9010416666666667,5493.718923611112,4334.77
C000690,2023-02-14,2023-11-12,6,16576.9,2762.816666666667,6,271,3.4433962264150946,19026.944968553464,16576.9
C000691,2023-02-09,2023-10-03,5,12524.970000000001,2504.994,5,236,3.0366056572379367,15213.357903494178,12524.970000000001
C000692,2023-01-19,2023-12-19,5,10410.619999999999,2082.124,5,334,2.6108726752503575,10872.32131616595,10410.619999999999
C000693,2023-01-26,2023-09-27,4,9541.880000000001,2385.4700000000003,4,244,2.3973727422003286,11437.721510673236,9541.880000000001
C000694,2023-01-23,2023-08-21,7,16387.03,2341.0042857142857,7,210,4.443478260869565,20804.403304347823,16387.03
C000695,2023-02-03,2023-10-18,4,8729.15,2182.2875,4,257,2.347266881028939,10244.822347266881,8729.15
C000696,2023-01-13,2023-12-18,10,9395.59,939.559,10,339,5.184659090909091,9742.58622159091,9395.59
C000697,2023-05-10,2023-12-17,7,19378.809999999998,2768.4014285714284,7,221,4.360068259385666,24140.838395904437,19378.809999999998
C000698,2023-09-30,2023-12-22,2,8696.46,4348.23,2,83,1.6294642857142856,14170.570982142855,8696.46
C000699,2023-05-26,2023-12-24,6,10370.369999999999,1728.3949999999998,6,212,3.795493934142115,13120.225476603118,10370.369999999999
C000700,2023-01-21,2023-11-04,6,11124.380000000001,1854.0633333333335,6,287,3.3588957055214723,12455.21073619632,11124.380000000001
C000701,2023-01-18,2023-12-18,6,7053.94,1175.6566666666665,6,334,3.133047210300429,7366.775679542202,7053.94
C000702,2023-06-28,2023-07-20,3,7397.48,2465.8266666666664,3,22,2.8294573643410854,13953.90284237726,7397.48
C000703,2023-01-28,2023-12-21,10,21328.81,2132.8810000000003,10,327,5.27456647398844,22500.045231213877,21328.81
C000704,2023-02-19,2023-11-25,4,7537.450000000001,1884.3625000000002,4,279,2.267080745341615,8544.003881987579,7537.450000000001
C000705,2023-01-11,2023-12-04,4,5143.45,1285.8625,4,327,2.1098265895953756,5425.893786127167,5143.45
C000706,2023-03-22,2023-10-25,3,5983.04,1994.3466666666666,3,217,1.8814432989690724,7504.500343642612,5983.04
C000707,2023-01-07,2023-11-23,7,8901.960000000001,1271.7085714285715,7,320,3.72992700729927,9486.760291970804,8901.960000000001
C000708,2023-01-18,2023-12-02,5,12673.519999999999,2534.7039999999997,5,318,2.67203513909224,13545.636310395314,12673.519999999999
C000709,2023-01-09,2023-11-03,3,8240.04,2746.6800000000003,3,298,1.65158371040724,9072.743891402717,8240.04
C000710,2023-01-11,2023-12-17,6,13821.65,2303.608333333333,6,340,3.1063829787234045,14311.779432624113,13821.65
C000711,2023-02-15,2023-09-20,6,8680.22,1446.7033333333331,6,217,3.7628865979381447,10887.56116838488,8680.22
C000712,2023-01-28,2023-10-16,3,3930.7799999999997,1310.26,3,261,1.7492012779552717,4583.816932907349,3930.7799999999997
C000713,2023-01-20,2023-10-28,9,20831.46,2314.6066666666666,9,281,5.085139318885449,23540.194736842102,20831.46
C000714,2023-04-17,2023-10-23,7,7311.759999999999,1044.5371428571427,7,189,4.611913357400722,9634.629602888084,7311.759999999999
C000715,2023-01-12,2023-10-27,6,6636.07,1106.0116666666665,6,288,3.3537519142419603,7418.577488514547,6636.07
C000716,2023-01-02,2023-12-28,6,7608.27,1268.045,6,360,3.020689655172414,7660.740827586208,7608.27
C000717,2023-08-16,2023-12-13,4,6992.25,1748.0625,4,119,3.016528925619835,10546.162190082647,6992.25
C000718,2023-04-28,2023-12-31,5,12829.439999999999,2565.888,5,247,2.9820261437908497,15303.09019607843,12829.439999999999
C000719,2023-02-19,2023-07-16,6,11691.24,1948.54,6,147,4.27734375,16669.15078125,11691.24
C000720,2023-07-27,2023-11-25,2,1747.4099999999999,873.7049999999999,2,121,1.5020576131687242,2624.71049382716,1747.4099999999999
C000721,2023-05-19,2023-05-19,1,240.35,240.35,1,0,1.0,480.7,240.35
C000722,2023-06-18,2023-06-18,1,2045.7,2045.7,1,0,1.0,4091.4,2045.7
C000723,2023-04-30,2023-04-30,1,1266.18,1266.18,1,0,1.0,2532.36,1266.18
C000724,2023-03-16,2023-08-17,4,9595.97,2398.9925,4,154,2.813102119460501,13497.22177263969,9595.97
C000725,2023-01-11,2023-08-07,5,10267.11,2053.422,5,208,3.18499127399651,13080.262303664924,10267.11
C000726,2023-01-16,2023-10-07,8,13528.45,1691.05625,8,264,4.642289348171701,15700.744833068364,13528.45
C000727,2023-02-10,2023-10-25,6,12937.85,2156.3083333333334,6,257,3.5209003215434085,15184.29340836013,12937.85
C000728,2023-01-07,2023-12-15,6,12979.59,2163.265,6,342,3.0975954738330977,13401.839745403111,12979.59
C000729,2023-01-18,2023-02-17,3,7070.77,2356.9233333333336,3,30,2.7721518987341773,13067.498987341774,7070.77
C000730,2023-02-03,2023-11-09,4,7305.1,1826.275,4,279,2.267080745341615,8280.625776397517,7305.1
C000731,2023-04-09,2023-05-29,2,806.98,403.49,2,50,1.7590361445783131,1419.506987951807,806.98
C000732,2023-05-26,2023-05-26,1,2961.48,2961.48,1,0,1.0,5922.96,2961.48
C000733,2023-04-01,2023-06-10,4,7254.1,1813.525,4,70,3.35632183908046,12173.547126436784,7254.1
C000734,2023-01-16,2023-10-28,3,7164.0,2388.0,3,285,1.6846153846153846,8045.723076923077,7164.0
C000735,2023-04-29,2023-10-14,2,1057.9299999999998,528.9649999999999,2,168,1.3696060037523454,1448.9472795497186,1057.9299999999998
C000736,2023-01-19,2023-08-15,4,4464.99,1116.2475,4,208,2.5479930191972078,5688.38167539267,4464.99
C000737,2023-04-28,2023-07-21,2,3259.8900000000003,1629.9450000000002,2,84,1.6258351893095768,5300.043875278397,3259.8900000000003
C000738,2023-10-30,2023-12-05,2,863.22,431.61,2,36,1.8204488778054861,1571.447880299252,863.22
C000739,2023-03-03,2023-12-17,7,8091.44,1155.9199999999998,7,289,3.9067278287461775,9031.729663608561,8091.44
C000740,2023-02-02,2023-07-22,4,3444.8,861.2,4,170,2.7289719626168223,4700.381308411215,3444.8
C000741,2023-03-24,2023-07-25,3,3694.3,1231.4333333333334,3,123,2.2438524590163933,5526.309426229508,3694.3
C000742,2023-04-10,2023-12-23,6,14004.900000000001,2334.15,6,257,3.5209003215434085,16436.618971061096,14004.900000000001
C000743,2023-02-27,2023-11-15,4,3546.32,886.58,4,261,2.332268370607029,4135.48498402556,3546.32
C000744,2023-10-14,2023-12-14,4,10425.93,2606.4825,4,61,3.4272300469483565,17866.03028169014,10425.93
C000745,2023-08-05,2023-12-17,3,4992.9800000000005,1664.3266666666668,3,134,2.19438877755511,7304.3595190380765,4992.9800000000005
C000746,2023-01-15,2023-08-28,6,8775.0,1462.5,6,225,3.711864406779661,10857.203389830509,8775.0
C000747,2023-01-17,2023-06-21,5,6821.66,1364.3319999999999,5,155,3.509615384615385,9576.561153846154,6821.66
C000748,2023-01-09,2023-10-30,7,5887.69,841.0985714285714,7,294,3.8770864946889225,6522.02382397572,5887.69
C000749,2023-01-23,2023-12-24,6,10576.65,1762.7749999999999,6,335,3.1285714285714286,11029.935,10576.65
C000750,2023-01-28,2023-11-25,4,5965.07,1491.2675,4,301,2.1921921921921923,6538.28993993994,5965.07
C000751,2023-01-02,2023-11-20,6,7982.6900000000005,1330.4483333333335,6,322,3.187772925764192,8482.334352256186,7982.6900000000005
C000752,2023-05-06,2023-09-29,3,5061.06,1687.0200000000002,3,146,2.142857142857143,7230.085714285715,5061.06
C000753,2023-01-16,2023-11-16,6,8413.65,1402.2749999999999,6,304,3.2735426008968607,9180.81390134529,8413.65
C000754,2023-04-10,2023-12-06,4,11702.240000000002,2925.5600000000004,4,240,2.4132231404958677,14120.058181818184,11702.240000000002
C000755,2023-04-06,2023-08-19,4,3834.14,958.535,4,135,2.9200000000000004,5597.844400000001,3834.14
C000756,2023-02-08,2023-09-28,5,12675.009999999998,2535.0019999999995,5,232,3.0569514237855944,15498.755946398656,12675.009999999998
C000757,2023-02-08,2023-12-17,3,3236.95,1078.9833333333333,3,312,1.6174298375184637,3490.3596750369275,3236.95
C000758,2023-01-25,2023-11-04,5,9962.369999999999,1992.4739999999997,5,283,2.816358024691358,11223.040277777776,9962.369999999999
C000759,2023-03-28,2023-08-21,3,5721.29,1907.0966666666666,3,146,2.142857142857143,8173.271428571428,5721.29
C000760,2023-03-06,2023-10-18,9,8479.89,942.2099999999999,9,226,5.558375634517767,10474.31421319797,8479.89
C000761,2023-03-05,2023-06-25,5,16787.54,3357.5080000000003,5,112,3.8259958071278826,25691.623060796646,16787.54
C000762,2023-03-23,2023-11-05,5,6556.53,1311.306,5,227,3.08277027027027,8084.910304054054,6556.53
C000763,2023-06-07,2023-11-30,3,3298.42,1099.4733333333334,3,176,2.024029574861368,4450.7330868761555,3298.42
C000764,2023-03-27,2023-06-18,2,1434.53,717.265,2,83,1.6294642857142856,2337.515401785714,1434.53
C000765,2023-01-03,2023-09-23,8,15267.82,1908.4775,8,263,4.649681528662421,17747.62515923567,15267.82
C000766,2023-04-12,2023-06-06,2,3202.68,1601.34,2,55,1.7380952380952381,5566.562857142857,3202.68
C000767,2023-01-09,2023-10-30,8,11802.070000000002,1475.2587500000002,8,294,4.430955993930197,13073.613201820941,11802.070000000002
C000768,2023-01-17,2023-08-15,4,6031.79,1507.9475,4,210,2.5391304347826087,7657.750782608696,6031.79
C000769,2023-06-08,2023-12-05,3,1740.98,580.3266666666667,3,180,2.0091743119266057,2331.9548623853216,1740.98
C000770,2023-03-17,2023-11-29,8,20113.239999999998,2514.1549999999997,8,257,4.694533762057878,23605.571061093247,20113.239999999998
C000771,2023-01-15,2023-12-30,6,22057.92,3676.3199999999997,6,349,3.0672268907563027,22552.21512605042,22057.92
C000772,2023-04-15,2023-11-12,9,17787.53,1976.392222222222,9,211,5.703125,22543.22378472222,17787.53
C000773,2023-02-03,2023-12-14,3,2425.81,808.6033333333334,3,314,1.6126656848306333,2608.0136966126656,2425.81
C000774,2023-01-31,2023-12-05,4,6152.16,1538.04,4,308,2.1693907875185734,6673.219613670133,6152.16
C000775,2023-04-28,2023-11-09,9,19118.09,2124.2322222222224,9,195,5.866071428571429,24921.795892857146,19118.09
C000776,2023-03-20,2023-10-09,3,4238.21,1412.7366666666667,3,203,1.9278169014084507,5446.995246478873,4238.21
C000777,2023-08-24,2023-12-29,3,7589.4,2529.7999999999997,3,127,2.225609756097561,11260.695121951218,7589.4
C000778,2023-04-16,2023-11-10,7,14577.7,2082.5285714285715,7,208,4.458987783595114,18571.938917975567,14577.7
C000779,2023-07-03,2023-12-16,8,13058.47,1632.30875,8,166,5.499058380414312,17952.32222222222,13058.47
C000780,2023-04-07,2023-04-07,1,1677.46,1677.46,1,0,1.0,3354.92,1677.46
C000781,2023-03-31,2023-12-22,6,5794.51,965.7516666666667,6,266,3.47068145800317,6703.632805071316,5794.51
C000782,2023-06-01,2023-10-20,3,3407.8599999999997,1135.9533333333331,3,141,2.1640316205533594,4916.477865612646,3407.8599999999997
C000783,2023-02-23,2023-11-16,5,9335.02,1867.0040000000001,5,266,2.892234548335975,10799.626941362918,9335.02
C000784,2023-01-16,2023-11-18,6,11726.39,1954.3983333333333,6,306,3.263785394932936,12757.47347242921,11726.39
C000785,2023-01-13,2023-12-16,5,14185.71,2837.142,5,337,2.5997150997151,14751.521794871795,14185.71
C000786,2023-03-05,2023-10-13,6,12854.61,2142.435,6,222,3.7308347529812607,15986.141908006814,12854.61
C000787,2023-04-11,2023-12-09,5,14915.35,2983.07,5,242,3.0065897858319603,17937.735584843493,14915.35
C000788,2023-04-24,2023-12-19,5,14007.29,2801.458,5,239,3.0215231788079473,16929.34056291391,14007.29
C000789,2023-02-07,2023-07-24,3,2561.41,853.8033333333333,3,167,2.058270676691729,3514.716729323308,2561.41
C000790,2023-01-30,2023-11-30,3,7930.79,2643.596666666667,3,304,1.6367713004484303,8653.926307922271,7930.79
C000791,2023-02-17,2023-09-27,7,8451.699999999999,1207.3857142857141,7,222,4.352640545144804,10510.63202725724,8451.699999999999
C000792,2023-07-18,2023-10-30,3,10263.43,3421.1433333333334,3,104,2.3347547974413647,15975.061620469085,10263.43
C000793,2023-05-13,2023-08-21,3,2599.68,866.56,3,100,2.3548387096774195,4081.218064516129,2599.68
C000794,2023-04-04,2023-12-11,5,4665.88,933.176,5,251,2.9626623376623376,5529.37077922078,4665.88
C000795,2023-02-01,2023-12-12,7,5544.17,792.0242857142857,7,314,3.7628865979381443,5960.595139911635,5544.17
C000796,2023-01-16,2023-11-17,4,16922.95,4230.7375,4,305,2.1791044776119404,18438.438059701493,16922.95
C000797,2023-03-21,2023-08-24,5,8816.220000000001,1763.2440000000001,5,156,3.5028790786948174,12352.86103646833,8816.220000000001
C000798,2023-01-09,2023-10-23,8,12385.619999999999,1548.2024999999999,8,287,4.478527607361963,13867.335276073618,12385.619999999999
C000799,2023-01-30,2023-12-30,7,9574.07,1367.7242857142858,7,334,3.6552217453505005,9998.671101573676,9574.07
C000800,2023-03-07,2023-04-01,2,1442.05,721.025,2,25,1.8717948717948718,2699.221794871795,1442.05
C000801,2023-09-29,2023-12-22,2,5357.84,2678.92,2,84,1.6258351893095768,8710.964810690424,5357.84
C000802,2023-01-07,2023-10-24,5,10751.91,2150.382,5,290,2.786259541984733,11983.044732824428,10751.91
C000803,2023-01-15,2023-12-04,4,2107.82,526.955,4,323,2.1220930232558137,2236.4950581395346,2107.82
C000804,2023-02-26,2023-11-19,5,10718.49,2143.698,5,266,2.892234548335975,12400.154833597466,10718.49
C000805,2023-01-08,2023-12-15,7,12442.75,1777.5357142857142,7,341,3.6189801699716715,12865.733002832862,12442.75
C000806,2023-01-30,2023-11-21,7,20452.21,2921.7442857142855,7,295,3.871212121212121,22621.383787878785,20452.21
C000807,2023-02-10,2023-11-07,5,8998.26,1799.652,5,270,2.8740157480314963,10344.456377952756,8998.26
C000808,2023-01-04,2023-09-14,4,1983.51,495.8775,4,253,2.3624595469255665,2342.981067961165,1983.51
C000809,2023-01-01,2023-07-29,5,6729.0199999999995,1345.8039999999999,5,209,3.1794425087108014,8557.812891986061,6729.0199999999995
C000810,2023-02-12,2023-12-12,6,10872.89,1812.1483333333333,6,303,3.2784431137724552,11882.050449101796,10872.89
C000811,2023-09-24,2023-11-16,3,1233.52,411.17333333333335,3,53,2.619617224880383,2154.233492822967,1233.52
C000812,2023-01-11,2023-12-31,6,8403.2,1400.5333333333335,6,354,3.0458970792767732,8531.760778859529,8403.2
C000813,2023-01-01,2023-12-30,7,17042.76,2434.68,7,363,3.5096153846153846,17089.580769230768,17042.76
C000814,2023-01-01,2023-09-09,9,20953.2,2328.133333333333,9,251,5.332792207792208,24830.902597402597,20953.2
C000815,2023-07-28,2023-11-17,2,2274.2799999999997,1137.1399999999999,2,112,1.5303983228511528,3480.5542976939196,2274.2799999999997
C000816,2023-04-07,2023-09-28,3,5338.6900000000005,1779.5633333333335,3,174,2.0315398886827456,7230.507792207792,5338.6900000000005
C000817,2023-03-09,2023-12-10,5,14900.14,2980.028,5,276,2.847113884555382,16968.958190327612,14900.14
C000818,2023-01-10,2023-12-22,5,7889.18,1577.836,5,346,2.566807313642757,8100.001969057666,7889.18
C000819,2023-02-24,2023-12-04,7,4536.08,648.0114285714286,7,283,3.942901234567901,5110.09012345679,4536.08
C000820,2023-01-01,2023-12-03,8,10021.09,1252.63625,8,336,4.165477888730385,10435.657203994295,10021.09
C000821,2023-01-22,2023-12-30,6,10805.16,1800.86,6,342,3.0975954738330977,11156.671570014145,10805.16
C000822,2023-01-05,2023-09-03,3,4388.7699999999995,1462.9233333333332,3,241,1.8069306930693068,5286.80214521452,4388.7699999999995
C000823,2023-07-04,2023-09-20,2,1971.3,985.65,2,78,1.6478555304740405,3248.417607223476,1971.3
C000824,2023-01-10,2023-12-24,10,9841.56,984.156,10,348,5.119214586255259,10076.21150070126,9841.56
C000825,2023-01-11,2023-12-02,10,12954.35,1295.435,10,325,5.2898550724637685,13705.326811594203,12954.35
C000826,2023-04-03,2023-07-23,3,2621.92,873.9733333333334,3,111,2.300420168067227,4021.011764705883,2621.92
C000827,2023-02-12,2023-12-20,7,7753.48,1107.6399999999999,7,311,3.779585798816568,8372.840828402366,7753.48
C000828,2023-03-27,2023-12-29,4,7668.94,1917.235,4,277,2.2741433021806854,8720.134267912772,7668.94
C000829,2023-01-14,2023-11-11,6,8609.109999999999,1434.8516666666665,6,301,3.288288288288288,9436.41186186186,8609.109999999999
C000830,2023-01-11,2023-11-15,6,10901.720000000001,1816.9533333333336,6,308,3.2540861812778603,11825.045468053493,10901.720000000001
C000831,2023-05-10,2023-06-24,3,3896.86,1298.9533333333334,3,45,2.670731707317073,6938.311707317072,3896.86
C000832,2023-04-01,2023-12-14,7,16223.009999999998,2317.5728571428567,7,257,4.107717041800643,19039.86704180064,16223.009999999998
C000833,2023-06-05,2023-10-25,3,3134.8,1044.9333333333334,3,142,2.1597633136094676,4513.617357001973,3134.8
C000834,2023-03-13,2023-11-14,3,4936.68,1645.5600000000002,3,246,1.7921440261865793,5898.161047463175,4936.68
C000835,2023-03-25,2023-10-16,6,6502.25,1083.7083333333333,6,205,3.8421052631578947,8327.44298245614,6502.25
C000836,2023-05-19,2023-10-09,2,3002.0299999999997,1501.0149999999999,2,143,1.437007874015748,4313.940748031496,3002.0299999999997
C000837,2023-01-02,2023-12-21,6,4619.62,769.9366666666666,6,353,3.0501392757660164,4696.828133704735,4619.62
C000838,2023-01-04,2023-10-28,5,4084.37,816.874,5,297,2.756797583081571,4503.912537764351,4084.37
C000839,2023-07-16,2023-07-16,1,2960.04,2960.04,1,0,1.0,5920.08,2960.04
C000840,2023-07-24,2023-10-21,2,4815.91,2407.955,2,89,1.6079295154185023,7743.643832599119,4815.91
C000841,2023-04-05,2023-12-18,9,27752.760000000002,3083.6400000000003,9,257,5.281350482315113,32571.567202572354,27752.760000000002
C000842,2023-01-12,2023-08-25,3,4870.46,1623.4866666666667,3,225,1.8559322033898304,6026.162372881356,4870.46
C000843,2023-01-30,2023-10-07,6,11603.86,1933.9766666666667,6,250,3.5609756097560976,13773.687479674798,11603.86
C000844,2023-03-09,2023-09-27,5,10572.95,2114.59,5,202,3.2186948853615522,13612.44003527337,10572.95
C000845,2023-03-13,2023-10-22,5,7135.76,1427.152,5,223,3.1037414965986394,8859.021768707484,7135.76
C000846,2023-04-13,2023-05-27,4,6798.24,1699.56,4,44,3.5696821515892423,12133.777995110026,6798.24
C000847,2023-01-29,2023-10-15,3,3663.17,1221.0566666666666,3,259,1.7548076923076923,4285.439262820512,3663.17
C000848,2023-01-05,2023-07-05,4,8204.25,2051.0625,4,181,2.673992673992674,10969.052197802197,8204.25
C000849,2023-01-03,2023-08-25,4,5754.9,1438.725,4,234,2.4373956594323873,7013.484140233722,5754.9
C000850,2023-06-20,2023-11-11,3,2100.9300000000003,700.3100000000001,3,144,2.151277013752456,3013.121611001965,2100.9300000000003
C000851,2023-02-08,2023-12-08,5,10339.63,2067.926,5,303,2.7320359281437123,11299.296257485028,10339.63
C000852,2023-01-09,2023-09-10,5,7391.12,1478.224,5,244,2.9967159277504107,8859.634811165846,7391.12
C000853,2023-07-02,2023-07-02,1,1790.34,1790.34,1,0,1.0,3580.68,1790.34
C000854,2023-04-28,2023-12-18,4,7792.69,1948.1725,4,234,2.4373956594323873,9496.934390651084,7792.69
C000855,2023-12-29,2023-12-29,1,1107.36,1107.36,1,0,1.0,2214.72,1107.36
C000856,2023-07-21,2023-12-13,3,8618.970000000001,2872.9900000000002,3,145,2.1470588235294117,12336.95705882353,8618.970000000001
C000857,2023-01-07,2023-12-07,8,15489.800000000001,1936.2250000000001,8,334,4.177396280400572,16176.758226037196,15489.800000000001
C000858,2023-05-07,2023-10-23,5,11185.6,2237.12,5,169,3.417602996254682,15291.176029962548,11185.6
C000859,2023-02-04,2023-08-24,3,5530.68,1843.5600000000002,3,201,1.9346289752650176,7133.2091872791525,5530.68
C000860,2023-02-23,2023-12-04,5,11533.23,2306.6459999999997,5,284,2.8120184899845917,12972.662403697996,11533.23
C000861,2023-03-05,2023-03-05,1,714.65,714.65,1,0,1.0,1429.3,714.65
C000862,2023-02-25,2023-07-22,2,2449.7,1224.85,2,147,1.42578125,3492.7363281249995,2449.7
C000863,2023-02-05,2023-12-23,7,17532.07,2504.5814285714287,7,321,3.7244897959183674,18656.575947521866,17532.07
C000864,2023-01-02,2023-11-18,11,17693.73,1608.520909090909,11,320,5.861313868613139,18856.09182481752,17693.73
C000865,2023-01-13,2023-07-29,5,8422.45,1684.4900000000002,5,197,3.247330960854092,10940.19306049822,8422.45
C000866,2023-01-27,2023-09-12,9,7516.19,835.1322222222221,9,228,5.539629005059021,9252.645362563237,7516.19
C000867,2023-02-13,2023-11-07,9,18358.23,2039.8033333333333,9,267,5.197784810126582,21204.91756329114,18358.23
C000868,2023-03-11,2023-12-18,5,3429.9,685.98,5,282,2.820710973724884,3869.9026275115916,3429.9
C000869,2023-04-10,2023-12-09,3,4625.27,1541.756666666667,3,243,1.800986842105263,5553.366940789474,4625.27
C000870,2023-03-02,2023-12-04,4,14156.27,3539.0675,4,277,2.2741433021806854,16096.693302180685,14156.27
C000871,2023-03-05,2023-09-15,5,5116.82,1023.3639999999999,5,194,3.264758497316637,6682.072629695885,5116.82
C000872,2023-01-24,2023-05-19,5,6607.209999999999,1321.4419999999998,5,115,3.8020833333333335,10048.465208333331,6607.209999999999
C000873,2023-01-08,2023-08-15,3,2540.4900000000002,846.83,3,219,1.875,3175.6125,2540.4900000000002
C000874,2023-03-21,2023-10-15,3,3473.12,1157.7066666666667,3,208,1.910994764397906,4424.742757417103,3473.12
C000875,2023-01-19,2023-10-13,4,6840.93,1710.2325,4,267,2.310126582278481,7901.707120253164,6840.93
C000876,2023-01-04,2023-12-23,8,16228.54,2028.5675,8,353,4.066852367688022,16499.769080779944,16228.54
C000877,2023-02-19,2023-10-15,6,8526.61,1421.1016666666667,6,238,3.6318407960199006,10322.430016583749,8526.61
C000878,2023-01-11,2023-10-16,7,17122.64,2446.0914285714284,7,278,3.9735614307931573,19439.389113530327,17122.64
C000879,2023-01-26,2023-12-08,11,25832.600000000002,2348.418181818182,11,316,5.895741556534508,27691.333333333336,25832.600000000002
C000880,2023-05-31,2023-10-16,3,2890.23,963.41,3,138,2.176938369781312,4194.568389662028,2890.23
C000881,2023-03-10,2023-08-09,6,11740.39,1956.7316666666666,6,152,4.235976789168278,16577.339845261118,11740.39
C000882,2023-03-05,2023-12-25,6,9704.91,1617.485,6,295,3.318181818181818,10734.218636363636,9704.91
C000883,2023-06-06,2023-11-23,3,15177.2,5059.066666666667,3,170,2.0467289719626165,20709.076635514015,15177.2
C000884,2023-07-26,2023-12-27,5,8686.800000000001,1737.3600000000001,5,154,3.516377649325626,12218.42774566474,8686.800000000001
C000885,2023-01-30,2023-10-13,8,13149.380000000001,1643.6725000000001,8,256,4.702093397745571,15457.403220611915,13149.380000000001
C000886,2023-01-26,2023-11-16,5,9093.64,1818.7279999999998,5,294,2.769347496206373,10073.379666160849,9093.64
C000887,2023-01-19,2023-07-11,6,10292.7,1715.45,6,173,4.070631970260223,13965.931226765799,10292.7
C000888,2023-03-30,2023-12-17,5,7966.950000000001,1593.39,5,262,2.9106858054226477,9275.715311004786,7966.950000000001
C000889,2023-03-05,2023-10-30,6,8408.56,1401.4266666666665,6,239,3.625827814569537,10162.66357615894,8408.56
C000890,2023-01-15,2023-10-31,4,6375.709999999999,1593.9274999999998,4,289,2.232415902140673,7116.618195718654,6375.709999999999
C000891,2023-02-03,2023-10-21,4,3412.81,853.2025,4,260,2.336,3986.1620799999996,3412.81
C000892,2023-03-31,2023-12-16,4,7308.29,1827.0725,4,260,2.336,8536.082719999999,7308.29
C000894,2023-02-26,2023-11-11,5,11188.0,2237.6,5,258,2.929373996789727,13109.534510433386,11188.0
C000895,2023-01-09,2023-12-27,6,16065.9,2677.65,6,352,3.0543933054393304,16357.192468619247,16065.9
C000896,2023-03-12,2023-11-29,8,15974.69,1996.83625,8,262,4.657097288676236,18598.921371610846,15974.69
C000897,2023-09-21,2023-12-16,3,12594.73,4198.243333333333,3,86,2.427937915742794,20386.148337028826,12594.73
C000898,2023-02-02,2023-11-03,8,15309.210000000001,1913.6512500000001,8,274,4.569640062597809,17489.394835680752,15309.210000000001
C000899,2023-01-01,2023-12-28,6,12365.109999999999,2060.8516666666665,6,361,3.0165289256198347,12433.23732782369,12365.109999999999
C000900,2023-02-15,2023-09-18,2,8123.4,4061.7,2,215,1.2586206896551724,10224.279310344828,8123.4
C000901,2023-01-01,2023-10-01,4,6650.650000000001,1662.6625000000001,4,273,2.288401253918495,7609.6778996865205,6650.650000000001
C000902,2023-06-10,2023-11-18,3,2785.7,928.5666666666666,3,161,2.0817490494296575,3866.085551330798,2785.7
C000903,2023-01-28,2023-07-31,3,4894.79,1631.5966666666666,3,184,1.9945355191256828,6508.555009107467,4894.79
C000904,2023-02-12,2023-12-11,4,9200.099999999999,2300.0249999999996,4,302,2.188905547226387,10069.07496251874,9200.099999999999
C000905,2023-03-22,2023-11-06,7,11723.51,1674.787142857143,7,229,4.301346801346801,14407.680639730639,11723.51
C000906,2023-02-01,2023-11-17,5,13882.02,2776.404,5,289,2.790519877675841,15495.221100917432,13882.02
C000907,2023-02-14,2023-11-28,2,1514.59,757.295,2,287,1.1196319018404908,1695.7832822085888,1514.59
C000908,2023-01-16,2023-12-12,8,17547.11,2193.38875,8,330,4.201438848920863,18430.77741007194,17547.11
C000909,2023-04-10,2023-11-17,5,12805.4,2561.08,5,221,3.1143344709897613,15952.119453924915,12805.4
C000910,2023-01-31,2023-10-11,6,7324.82,1220.8033333333333,6,253,3.5436893203883497,8652.295469255663,7324.82
C000911,2023-05-09,2023-11-08,3,4200.9,1400.3,3,183,1.9981751824817517,5596.089416058394,4200.9
C000912,2023-04-14,2023-11-26,10,30265.59,3026.559,10,226,6.175972927241963,37383.89289340102,30265.59
C000913,2023-01-08,2023-11-17,5,10367.43,2073.486,5,313,2.691740412979351,11162.572123893804,10367.43
C000914,2023-02-13,2023-08-19,3,6254.6,2084.866666666667,3,187,1.983695652173913,8271.481884057972,6254.6
C000915,2023-05-22,2023-10-11,4,2541.1800000000003,635.2950000000001,4,142,2.8796844181459567,3658.8982248520715,2541.1800000000003
C000916,2023-02-01,2023-10-14,5,4456.95,891.39,5,255,2.943548387096774,5247.699193548387,4456.95
C000917,2023-01-29,2023-09-25,7,12302.56,1757.5085714285713,7,239,4.230132450331126,14868.988079470198,12302.56
C000918,2023-05-04,2023-11-29,7,11405.8,1629.3999999999999,7,209,4.451219512195122,14505.634146341463,11405.8
C000919,2023-03-12,2023-12-13,3,5624.93,1874.9766666666667,3,276,1.7082683307332294,6405.926521060843,5624.93
C000920,2023-01-28,2023-12-29,7,11217.16,1602.4514285714286,7,335,3.65,11697.895428571428,11217.16
C000921,2023-02-24,2023-11-29,6,9051.91,1508.6516666666666,6,278,3.405909797822706,10276.66298600311,9051.91
C000922,2023-03-29,2023-12-22,8,12512.31,1564.03875,8,268,4.612954186413901,14429.67819905213,12512.31
C000923,2023-04-10,2023-12-03,4,11246.380000000001,2811.5950000000003,4,237,2.4252491694352156,13637.636877076411,11246.380000000001
C000924,2023-02-08,2023-10-11,3,1923.35,641.1166666666667,3,245,1.7950819672131146,2301.7139344262296,1923.35
C000925,2023-03-06,2023-07-09,2,1405.03,702.515,2,125,1.4897959183673468,2093.207959183673,1405.03
C000926,2023-10-14,2023-11-15,2,6691.73,3345.865,2,32,1.8387909319899243,12304.692443324935,6691.73
C000927,2023-08-04,2023-09-25,3,3360.8399999999997,1120.28,3,52,2.6258992805755392,5883.48489208633,3360.8399999999997
C000928,2023-08-11,2023-09-11,2,6680.360000000001,3340.1800000000003,2,31,1.8434343434343434,12314.805050505052,6680.360000000001
C000929,2023-02-22,2023-10-04,2,820.8100000000001,410.40500000000003,2,224,1.2393887945670627,1017.3027164685908,820.8100000000001
C000930,2023-01-27,2023-11-30,5,5846.82,1169.364,5,307,2.7157738095238098,6351.456250000001,5846.82
C000931,2023-01-11,2023-12-14,7,16973.920000000002,2424.8457142857146,7,337,3.63960113960114,17650.942450142455,16973.920000000002
C000932,2023-07-11,2023-12-19,4,8394.029999999999,2098.5074999999997,4,161,2.7756653992395437,11649.509315589352,8394.029999999999
C000933,2023-03-10,2023-09-13,6,11940.53,1990.0883333333334,6,187,3.967391304347826,15790.91829710145,11940.53
C000934,2023-01-02,2023-11-18,5,10361.36,2072.272,5,320,2.664233576642336,11042.033284671534,10361.36
C000935,2023-01-04,2023-12-05,6,10133.630000000001,1688.9383333333335,6,335,3.1285714285714286,10567.92842857143,10133.630000000001
C000936,2023-01-07,2023-09-05,6,9075.85,1512.6416666666667,6,241,3.6138613861386135,10932.954620462046,9075.85
C000937,2023-01-03,2023-11-11,5,14675.9,2935.18,5,312,2.6957163958641064,15824.825701624815,14675.9
C000938,2023-04-23,2023-08-18,2,1841.3,920.65,2,117,1.5145228215767634,2788.6908713692947,1841.3
C000939,2023-01-14,2023-11-13,6,18603.510000000002,3100.5850000000005,6,303,3.2784431137724552,20330.18308383234,18603.510000000002
C000940,2023-02-21,2023-12-10,7,10682.18,1526.0257142857142,7,292,3.888888888888889,11869.088888888888,10682.18
C000941,2023-01-03,2023-11-13,8,19467.05,2433.38125,8,314,4.300441826215022,20929.229013254786,19467.05
C000942,2023-05-07,2023-12-07,3,953.6,317.8666666666667,3,214,1.8911917098445596,1202.2936096718481,953.6
C000943,2023-01-25,2023-10-28,5,4798.43,959.686,5,276,2.847113884555382,5464.670670826833,4798.43
C000944,2023-04-20,2023-12-08,6,12351.08,2058.5133333333333,6,232,3.6683417085427132,15102.660636515911,12351.08
C000945,2023-02-02,2023-11-21,8,17430.68,2178.835,8,292,4.444444444444445,19367.422222222223,17430.68
C000946,2023-06-22,2023-12-20,4,8374.0,2093.5,4,181,2.673992673992674,11196.007326007326,8374.0
C000947,2023-03-24,2023-10-23,6,12016.119999999999,2002.6866666666665,6,213,3.7889273356401385,15176.068512110725,12016.119999999999
C000948,2023-03-10,2023-12-08,5,14819.18,2963.8360000000002,5,273,2.860501567398119,16956.115047021944,14819.18
C000949,2023-01-16,2023-12-16,10,15223.25,1522.325,10,334,5.221745350500715,15898.386981402002,15223.25
C000950,2023-02-02,2023-12-17,4,10770.970000000001,2692.7425000000003,4,318,2.1376281112737923,11512.16412884334,10770.970000000001
C000951,2023-09-06,2023-09-06,1,1332.81,1332.81,1,0,1.0,2665.62,1332.81
C000952,2023-02-11,2023-11-12,5,7231.24,1446.248,5,274,2.856025039123631,8261.041001564947,7231.24
C000953,2023-03-09,2023-12-18,5,4713.66,942.732,5,284,2.8120184899845917,5301.959630200308,4713.66
C000954,2023-02-16,2023-07-26,4,5582.62,1395.655,4,160,2.780952380952381,7762.50019047619,5582.62
C000955,2023-01-16,2023-10-24,7,10647.95,1521.1357142857144,7,281,3.955108359133127,12032.513157894737,10647.95
C000956,2023-05-18,2023-11-06,5,10031.64,2006.328,5,172,3.3985102420856608,13637.052513966479,10031.64
C000957,2023-02-17,2023-11-19,11,10744.43,976.7663636363636,11,275,6.2734375,12255.36546875,10744.43
C000958,2023-03-03,2023-12-30,8,19698.66,2462.3325,8,302,4.377811094452774,21559.25307346327,19698.66
C000959,2023-01-03,2023-02-17,2,1513.3100000000002,756.6550000000001,2,45,1.7804878048780488,2694.4300000000003,1513.3100000000002
C000960,2023-01-12,2023-02-07,3,3431.13,1143.71,3,26,2.800511508951407,6405.946035805628,3431.13
C000961,2023-03-13,2023-10-22,9,9891.9,1099.1,9,223,5.586734693877551,12280.760204081631,9891.9
C000962,2023-04-02,2023-09-13,4,4903.679999999999,1225.9199999999998,4,164,2.7599243856332705,6766.893005671077,4903.679999999999
C000963,2023-02-15,2023-12-17,8,9022.55,1127.81875,8,305,4.358208955223881,9830.539552238806,9022.55
C000964,2023-04-18,2023-09-07,4,6545.04,1636.26,4,142,2.8796844181459567,9423.824852071006,6545.04
C000965,2023-01-29,2023-11-28,5,13550.68,2710.136,5,303,2.7320359281437123,14808.377844311375,13550.68
C000966,2023-01-18,2023-10-20,5,6997.3,1399.46,5,275,2.8515625,7981.2953125,6997.3
C000967,2023-04-01,2023-12-07,5,8894.880000000001,1778.976,5,250,2.967479674796748,10558.150243902439,8894.880000000001
C000968,2023-03-09,2023-07-24,6,17305.46,2884.2433333333333,6,137,4.362549800796813,25165.31035856574,17305.46
C000969,2023-03-17,2023-10-24,6,17333.68,2888.9466666666667,6,221,3.7372013651877136,21593.15085324232,17333.68
C000970,2023-01-11,2023-11-22,5,4703.0,940.6,5,315,2.683823529411765,5048.808823529413,4703.0
C000971,2023-01-04,2023-11-12,5,9189.29,1837.8580000000002,5,312,2.6957163958641064,9908.68788774003,9189.29
C000972,2023-02-05,2023-12-13,5,7411.84,1482.368,5,311,2.6997041420118344,8003.910059171598,7411.84
C000973,2023-04-04,2023-12-09,7,12758.84,1822.6914285714286,7,249,4.1612377850162865,15169.304885993484,12758.84
C000974,2023-06-07,2023-09-17,3,1775.3400000000001,591.7800000000001,3,102,2.3447537473233404,2775.1567451820133,1775.3400000000001
C000975,2023-01-25,2023-11-17,8,23537.07,2942.13375,8,296,4.417549167927382,25994.040998487137,23537.07
C000976,2023-03-29,2023-12-24,6,9484.91,1580.8183333333334,6,270,3.4488188976377954,10903.912283464568,9484.91
C000977,2023-01-27,2023-11-21,7,15989.55,2284.2214285714285,7,298,3.8536953242835597,17605.386877828056,15989.55
C000978,2023-02-06,2023-12-07,7,10378.81,1482.6871428571428,7,304,3.819133034379671,11325.158893871449,10378.81
C000979,2023-01-30,2023-11-11,9,16247.21,1805.2455555555555,9,285,5.053846153846154,18246.866615384613,16247.21
C000980,2023-08-13,2023-11-07,5,6840.45,1368.09,5,86,4.046563192904657,11072.125277161862,6840.45
C000981,2023-03-22,2023-12-01,5,6846.68,1369.336,5,254,2.948303715670436,8074.436833602585,6846.68
C000982,2023-01-02,2023-08-02,2,1036.49,518.245,2,212,1.2651646447140383,1311.3305025996535,1036.49
C000983,2023-03-08,2023-11-10,5,7063.98,1412.7959999999998,5,247,2.9820261437908497,8425.989215686273,7063.98
C000984,2023-01-02,2023-10-02,4,3419.09,854.7725,4,273,2.288401253918495,3912.124921630094,3419.09
C000985,2023-02-04,2023-08-04,8,12988.86,1623.6075,8,181,5.347985347985348,17366.05824175824,12988.86
C000986,2023-02-14,2023-07-14,4,8006.81,2001.7025,4,150,2.8349514563106797,11349.458834951458,8006.81
C000987,2023-01-26,2023-12-28,5,4835.75,967.15,5,336,2.6034236804564905,5035.802425106989,4835.75
C000988,2023-01-05,2023-11-17,5,5292.27,1058.4540000000002,5,316,2.679882525697504,5673.064757709252,5292.27
C000989,2023-01-24,2023-10-26,6,4967.71,827.9516666666667,6,275,3.421875,5666.29421875,4967.71
C000990,2023-04-04,2023-12-08,7,8974.48,1282.0685714285714,7,248,4.168026101141925,10687.390538336052,8974.48
C000991,2023-01-07,2023-12-05,5,6123.37,1224.674,5,332,2.618364418938307,6413.285652797704,6123.37
C000992,2023-01-03,2023-11-21,5,12505.49,2501.098,5,322,2.6564774381368266,13288.220815138282,12505.49
C000993,2023-08-05,2023-11-23,4,1939.43,484.8575,4,110,3.073684210526316,2980.5976842105265,1939.43
C000994,2023-01-03,2023-09-16,5,10923.28,2184.656,5,256,2.9388083735909825,12840.570692431562,10923.28
C000995,2023-05-11,2023-11-22,6,9605.71,1600.9516666666666,6,195,3.910714285714286,12521.729107142857,9605.71
C000996,2023-03-28,2023-11-13,6,11831.97,1971.995,6,230,3.6806722689075633,14516.53462184874,11831.97
C000997,2023-02-11,2023-12-16,6,13667.53,2277.9216666666666,6,308,3.2540861812778603,14825.106835066865,13667.53
C000998,2023-01-28,2023-12-10,4,5224.0199999999995,1306.0049999999999,4,316,2.1439060205580027,5599.903964757708,5224.0199999999995
C000999,2023-04-26,2023-10-13,5,14147.54,2829.5080000000003,5,170,3.4112149532710276,19304.12,14147.54
C001000,2023-01-26,2023-09-06,9,15081.140000000001,1675.6822222222224,9,223,5.586734693877551,18723.184013605445,15081.140000000001
