order_id,product_id,quantity,unit_price,discount,line_amount
order_000001,product_0079,1,129.11,0.72,93.34
order_000001,product_0099,1,408.72,0.94,383.45
order_000001,product_0062,3,35.13,0.72,75.41
order_000001,product_0090,1,316.49,0.73,229.58
order_000001,product_0081,2,249.67,0.97,486.29
order_000002,product_0014,3,2890.27,0.74,6432.7
order_000002,product_0015,2,889.71,0.93,1652.31
order_000002,product_0013,1,1762.43,0.78,1379.5
order_000003,product_0060,2,3260.77,0.9,5893.91
order_000003,product_0058,1,414.5,0.83,342.47
order_000003,product_0034,2,143.75,0.98,282.08
order_000004,product_0020,2,1829.43,0.75,2738.17
order_000004,product_0064,2,3486.99,0.99,6913.62
order_000005,product_0014,2,2890.27,0.72,4165.08
order_000006,product_0015,3,889.71,0.93,2487.82
order_000006,product_0035,1,455.76,0.89,407.66
order_000006,product_0020,3,1829.43,0.82,4505.68
order_000006,product_0048,1,1563.92,0.83,1300.33
order_000007,product_0050,1,1140.24,0.83,950.09
order_000007,product_0036,1,3161.33,0.86,2717.16
order_000007,product_0014,1,2890.27,0.72,2083.98
order_000008,product_0040,3,267.72,0.71,569.24
order_000008,product_0016,2,578.89,0.75,864.73
order_000008,product_0090,1,316.49,0.91,288.97
order_000008,product_0003,2,810.71,0.8,1289.53
order_000009,product_0031,1,166.64,0.79,132.3
order_000009,product_0066,3,166.29,0.98,489.04
order_000009,product_0057,3,1403.71,0.73,3063.23
order_000010,product_0069,1,251.55,0.83,208.42
order_000010,product_0060,2,3260.77,0.95,6178.13
order_000011,product_0023,1,1889.93,0.7,1327.52
order_000011,product_0056,2,754.6,0.77,1163.81
order_000011,product_0004,1,4896.76,0.97,4771.98
order_000011,product_0032,2,4394.58,0.95,8378.39
order_000011,product_0040,2,267.72,0.85,457.39
order_000012,product_0074,2,622.24,0.8,992.55
order_000012,product_0063,3,905.54,0.95,2576.84
order_000012,product_0043,1,1552.19,0.91,1410.95
order_000012,product_0063,1,905.54,0.92,831.75
order_000012,product_0005,2,169.56,0.95,320.85
order_000013,product_0022,1,1926.05,0.82,1579.48
order_000013,product_0011,1,2576.99,1.0,2569.52
order_000013,product_0003,1,810.71,0.88,714.28
order_000014,product_0018,1,815.05,0.79,644.99
order_000015,product_0023,2,1889.93,0.89,3352.08
order_000016,product_0047,3,487.4,0.83,1206.55
order_000016,product_0028,2,3202.88,0.75,4812.53
order_000016,product_0025,2,418.26,0.97,810.91
order_000016,product_0058,2,414.5,0.73,605.23
order_000016,product_0041,1,416.17,0.9,373.94
order_000017,product_0048,2,1563.92,0.72,2261.56
order_000017,product_0075,3,36.6,0.95,104.21
order_000017,product_0086,1,450.93,0.79,356.86
order_000017,product_0081,2,249.67,0.96,479.63
order_000018,product_0042,2,1068.32,0.72,1528.1
order_000018,product_0075,1,36.6,0.7,25.73
order_000018,product_0099,1,408.72,0.92,375.76
order_000018,product_0016,2,578.89,0.93,1081.93
order_000019,product_0047,3,487.4,0.71,1041.2
order_000019,product_0076,1,827.87,0.87,720.13
order_000019,product_0002,2,1062.63,0.78,1663.17
order_000020,product_0079,3,129.11,0.93,358.45
order_000020,product_0063,3,905.54,0.85,2319.87
order_000020,product_0063,1,905.54,0.95,860.0
order_000021,product_0063,1,905.54,0.8,720.15
order_000022,product_0085,1,3877.47,0.73,2818.82
order_000022,product_0036,2,3161.33,0.8,5065.94
order_000022,product_0076,1,827.87,0.73,600.25
order_000022,product_0016,2,578.89,0.93,1071.8
order_000023,product_0052,1,1439.64,0.83,1198.69
order_000023,product_0067,3,1068.73,0.82,2623.86
order_000023,product_0046,3,258.53,0.76,593.23
order_000023,product_0021,1,163.3,0.93,151.55
order_000023,product_0029,1,2220.92,0.78,1733.32
order_000024,product_0002,2,1062.63,0.74,1567.74
order_000024,product_0018,1,815.05,0.95,772.84
order_000024,product_0030,1,851.17,0.8,682.01
order_000024,product_0034,1,143.75,0.77,111.26
order_000025,product_0100,2,4775.03,0.8,7651.44
order_000025,product_0036,1,3161.33,0.77,2431.06
order_000025,product_0019,2,2966.75,0.77,4581.61
order_000025,product_0079,1,129.11,0.74,95.84
order_000025,product_0032,2,4394.58,0.82,7199.18
order_000026,product_0087,2,1093.92,0.86,1882.74
order_000026,product_0022,2,1926.05,0.71,2736.85
order_000026,product_0044,2,394.62,0.71,559.58
order_000026,product_0009,2,522.7,0.85,890.04
order_000027,product_0019,2,2966.75,0.94,5566.49
order_000027,product_0035,1,455.76,0.85,388.36
order_000027,product_0031,3,166.64,1.0,497.7
order_000027,product_0032,2,4394.58,0.83,7297.71
order_000028,product_0002,2,1062.63,0.8,1698.26
order_000028,product_0017,2,361.8,0.71,511.63
order_000029,product_0088,1,2877.95,0.74,2126.09
order_000029,product_0085,3,3877.47,0.7,8199.22
order_000029,product_0050,3,1140.24,0.84,2877.8
order_000030,product_0092,1,114.84,0.9,102.85
order_000030,product_0053,2,380.57,0.94,713.52
order_000030,product_0024,3,184.03,0.74,407.32
order_000031,product_0043,3,1552.19,0.95,4442.68
order_000031,product_0012,3,615.3,0.9,1666.75
order_000032,product_0054,2,510.54,0.93,949.35
order_000033,product_0060,2,3260.77,0.83,5404.52
order_000033,product_0038,1,833.85,0.71,588.29
order_000034,product_0060,2,3260.77,0.77,5021.58
order_000034,product_0077,1,136.92,0.9,122.64
order_000035,product_0080,1,3202.18,0.88,2823.68
order_000035,product_0084,2,205.17,0.71,292.78
order_000035,product_0041,2,416.17,0.76,628.45
order_000035,product_0089,2,45.03,0.82,74.16
order_000035,product_0073,2,2174.6,0.7,3062.29
order_000036,product_0098,3,1899.63,0.89,5068.66
order_000037,product_0051,2,986.1,0.79,1555.63
order_000038,product_0078,2,745.58,0.72,1066.37
order_000039,product_0028,1,3202.88,0.71,2265.73
order_000039,product_0021,2,163.3,0.86,282.19
order_000039,product_0018,2,815.05,0.94,1532.39
order_000039,product_0058,2,414.5,0.74,615.93
order_000040,product_0045,2,431.23,0.86,739.68
order_000040,product_0080,1,3202.18,0.97,3106.37
order_000040,product_0089,1,45.03,0.95,42.84
order_000040,product_0020,2,1829.43,0.87,3199.16
order_000041,product_0016,3,578.89,0.98,1697.22
order_000041,product_0021,3,163.3,0.88,430.15
order_000041,product_0095,2,917.2,0.92,1685.14
order_000041,product_0016,1,578.89,0.9,520.72
order_000041,product_0014,1,2890.27,0.8,2320.36
order_000042,product_0017,1,361.8,0.84,303.26
order_000042,product_0044,2,394.62,0.8,627.82
order_000042,product_0027,3,105.19,0.92,289.91
order_000042,product_0078,3,745.58,0.97,2163.73
order_000043,product_0031,3,166.64,0.81,403.42
order_000043,product_0083,2,846.2,0.7,1191.23
order_000043,product_0087,1,1093.92,0.99,1080.02
order_000043,product_0035,1,455.76,0.85,389.37
order_000043,product_0070,3,429.16,0.86,1113.23
order_000044,product_0045,1,431.23,0.82,352.15
order_000044,product_0089,3,45.03,0.84,114.02
order_000045,product_0087,3,1093.92,0.95,3114.12
order_000045,product_0054,3,510.54,0.86,1316.52
order_000045,product_0090,3,316.49,0.97,918.51
order_000045,product_0067,1,1068.73,0.8,850.72
order_000046,product_0001,1,1796.91,0.85,1521.46
order_000046,product_0084,2,205.17,0.88,360.15
order_000046,product_0051,1,986.1,0.89,877.35
order_000046,product_0035,1,455.76,0.87,398.13
order_000046,product_0076,1,827.87,0.78,643.27
order_000047,product_0019,2,2966.75,0.73,4318.11
order_000047,product_0043,1,1552.19,0.9,1400.25
order_000047,product_0057,2,1403.71,0.79,2224.2
order_000047,product_0053,1,380.57,0.95,363.44
order_000048,product_0072,2,522.59,0.86,895.79
order_000048,product_0026,3,165.38,0.88,434.45
order_000048,product_0028,1,3202.88,0.73,2324.68
order_000049,product_0039,3,1878.99,0.88,4936.16
order_000049,product_0095,3,917.2,0.77,2119.07
order_000049,product_0026,2,165.38,0.95,312.91
order_000050,product_0043,3,1552.19,0.91,4222.55
order_000050,product_0046,2,258.53,0.9,463.23
order_000051,product_0065,3,343.18,0.94,970.83
order_000051,product_0059,2,51.42,0.97,99.56
order_000051,product_0007,3,87.52,0.97,255.29
order_000051,product_0068,1,408.45,0.91,371.74
order_000052,product_0043,3,1552.19,0.97,4532.71
order_000052,product_0046,1,258.53,0.79,205.46
order_000052,product_0013,1,1762.43,0.95,1674.24
order_000052,product_0054,1,510.54,0.99,505.42
order_000053,product_0075,1,36.6,0.9,33.04
order_000053,product_0011,2,2576.99,0.87,4458.92
order_000053,product_0045,3,431.23,0.8,1028.99
order_000053,product_0057,2,1403.71,0.94,2652.26
order_000054,product_0083,1,846.2,0.85,720.78
order_000054,product_0078,3,745.58,0.9,2007.32
order_000054,product_0017,3,361.8,0.84,906.88
order_000054,product_0030,1,851.17,0.96,818.65
order_000054,product_0089,3,45.03,0.7,94.57
order_000055,product_0047,1,487.4,0.83,405.81
order_000055,product_0038,3,833.85,0.82,2062.5
order_000055,product_0007,2,87.52,0.74,129.64
order_000056,product_0041,2,416.17,0.84,701.85
order_000057,product_0050,2,1140.24,0.96,2190.29
order_000057,product_0033,1,1946.63,0.75,1457.56
order_000057,product_0060,2,3260.77,0.71,4639.59
order_000057,product_0004,3,4896.76,0.91,13360.22
order_000057,product_0004,1,4896.76,0.71,3489.38
order_000058,product_0073,1,2174.6,0.87,1898.63
order_000058,product_0024,3,184.03,0.79,435.4
order_000059,product_0043,3,1552.19,0.88,4087.68
order_000059,product_0018,1,815.05,0.74,605.62
order_000059,product_0047,3,487.4,0.83,1213.38
order_000059,product_0004,1,4896.76,0.72,3546.16
order_000060,product_0048,3,1563.92,0.85,3991.5
order_000060,product_0030,2,851.17,0.79,1352.51
order_000061,product_0012,2,615.3,0.81,994.25
order_000061,product_0090,1,316.49,0.76,240.08
order_000062,product_0001,3,1796.91,0.96,5188.79
order_000062,product_0087,2,1093.92,0.75,1647.76
order_000062,product_0070,2,429.16,0.84,721.72
order_000062,product_0018,3,815.05,1.0,2441.95
order_000062,product_0030,1,851.17,0.97,824.37
order_000063,product_0012,2,615.3,0.89,1089.55
order_000063,product_0039,1,1878.99,0.96,1807.89
order_000064,product_0029,1,2220.92,0.87,1932.35
order_000064,product_0015,2,889.71,0.89,1589.35
order_000064,product_0044,2,394.62,0.74,582.56
order_000064,product_0007,3,87.52,0.84,219.97
order_000065,product_0058,1,414.5,0.95,394.03
order_000065,product_0095,2,917.2,0.83,1526.85
order_000065,product_0082,1,2909.14,0.85,2475.86
order_000065,product_0088,2,2877.95,0.77,4405.87
order_000065,product_0006,2,873.64,0.94,1634.27
order_000066,product_0085,3,3877.47,0.77,9006.04
order_000067,product_0096,3,147.09,0.89,391.71
order_000067,product_0009,2,522.7,0.76,789.75
order_000067,product_0032,1,4394.58,0.88,3872.98
order_000067,product_0042,1,1068.32,0.86,915.57
order_000068,product_0039,2,1878.99,0.72,2720.9
order_000068,product_0029,3,2220.92,0.75,4990.47
order_000069,product_0010,1,408.3,0.82,333.18
order_000069,product_0006,3,873.64,0.96,2506.76
order_000069,product_0093,3,845.23,0.97,2447.12
order_000070,product_0084,3,205.17,0.85,524.24
order_000070,product_0085,3,3877.47,0.72,8391.0
order_000071,product_0067,1,1068.73,0.87,926.98
order_000071,product_0077,1,136.92,0.71,97.84
order_000071,product_0015,3,889.71,0.71,1903.68
order_000071,product_0041,2,416.17,0.86,717.79
order_000071,product_0044,1,394.62,0.8,315.35
order_000072,product_0089,2,45.03,0.75,67.63
order_000073,product_0060,2,3260.77,0.93,6045.65
order_000074,product_0036,1,3161.33,0.72,2268.99
order_000075,product_0043,1,1552.19,0.74,1152.92
order_000075,product_0013,3,1762.43,0.87,4581.01
order_000075,product_0018,3,815.05,0.7,1714.68
order_000075,product_0057,3,1403.71,0.8,3366.14
order_000075,product_0032,3,4394.58,0.82,10864.77
order_000076,product_0092,1,114.84,0.71,81.15
order_000076,product_0098,3,1899.63,0.99,5643.84
order_000076,product_0006,3,873.64,0.82,2143.77
order_000076,product_0013,1,1762.43,0.73,1284.97
order_000077,product_0082,2,2909.14,0.88,5098.61
order_000077,product_0045,2,431.23,0.8,689.62
order_000078,product_0077,2,136.92,0.89,243.26
order_000078,product_0055,3,258.67,0.95,739.64
order_000078,product_0053,2,380.57,0.96,732.44
order_000078,product_0045,1,431.23,0.89,383.46
order_000079,product_0086,3,450.93,0.71,953.72
order_000079,product_0019,2,2966.75,0.94,5596.12
order_000079,product_0092,3,114.84,0.81,279.62
order_000080,product_0052,1,1439.64,0.75,1086.02
order_000080,product_0037,2,171.25,0.97,331.21
order_000080,product_0099,2,408.72,0.82,670.97
order_000080,product_0087,2,1093.92,0.72,1570.33
order_000081,product_0035,1,455.76,0.74,337.22
order_000081,product_0055,3,258.67,0.87,676.32
order_000081,product_0026,1,165.38,1.0,164.96
order_000081,product_0065,2,343.18,0.81,553.64
order_000082,product_0023,2,1889.93,0.98,3710.31
order_000082,product_0018,3,815.05,0.77,1890.44
order_000082,product_0021,1,163.3,0.76,124.05
order_000083,product_0045,2,431.23,0.72,621.61
order_000083,product_0047,3,487.4,0.81,1179.19
order_000083,product_0050,3,1140.24,0.78,2662.51
order_000084,product_0057,3,1403.71,0.76,3195.1
order_000085,product_0077,1,136.92,0.74,101.31
order_000085,product_0092,1,114.84,0.91,104.3
order_000085,product_0066,1,166.29,0.8,132.32
order_000085,product_0041,2,416.17,0.97,809.37
order_000085,product_0038,2,833.85,0.71,1179.37
order_000086,product_0040,3,267.72,0.75,604.24
order_000086,product_0099,1,408.72,0.73,297.31
order_000087,product_0064,1,3486.99,0.81,2819.21
order_000087,product_0088,1,2877.95,0.78,2233.53
order_000088,product_0100,1,4775.03,0.71,3374.84
order_000089,product_0098,1,1899.63,0.79,1509.87
order_000089,product_0093,3,845.23,0.94,2389.93
order_000089,product_0025,2,418.26,0.97,814.7
order_000089,product_0001,2,1796.91,0.75,2710.59
order_000090,product_0080,3,3202.18,0.82,7833.36
order_000090,product_0089,1,45.03,0.88,39.55
order_000091,product_0070,1,429.16,0.72,310.91
order_000091,product_0039,3,1878.99,0.75,4236.46
order_000091,product_0030,1,851.17,0.76,650.46
order_000091,product_0060,1,3260.77,0.94,3076.73
order_000091,product_0015,3,889.71,0.96,2559.81
order_000092,product_0009,2,522.7,0.98,1024.31
order_000092,product_0016,3,578.89,0.75,1295.79
order_000092,product_0052,1,1439.64,0.84,1205.78
order_000092,product_0020,3,1829.43,0.9,4933.47
order_000092,product_0002,1,1062.63,0.98,1040.87
order_000093,product_0074,1,622.24,0.79,489.18
order_000093,product_0008,3,2803.44,0.71,6011.41
order_000094,product_0094,1,465.33,0.7,325.86
order_000095,product_0042,1,1068.32,0.76,814.95
order_000095,product_0013,1,1762.43,0.77,1360.1
order_000095,product_0073,3,2174.6,0.79,5178.46
order_000095,product_0056,3,754.6,0.89,2005.98
order_000095,product_0064,3,3486.99,0.73,7585.43
order_000096,product_0078,2,745.58,0.93,1393.59
order_000096,product_0095,1,917.2,0.75,683.83
order_000096,product_0020,3,1829.43,0.74,4057.03
order_000096,product_0002,1,1062.63,0.92,976.34
order_000096,product_0092,2,114.84,0.92,210.81
order_000097,product_0058,3,414.5,0.83,1029.92
order_000097,product_0084,1,205.17,0.77,157.91
order_000097,product_0059,3,51.42,0.86,132.2
order_000098,product_0068,3,408.45,0.93,1133.92
order_000099,product_0055,2,258.67,0.75,390.51
order_000099,product_0100,3,4775.03,0.71,10137.45
order_000099,product_0049,1,158.53,0.97,153.93
order_000100,product_0072,2,522.59,0.8,831.0
order_000100,product_0083,2,846.2,0.86,1461.86
order_000100,product_0045,1,431.23,0.96,414.58
order_000101,product_0034,1,143.75,0.97,139.95
order_000101,product_0018,3,815.05,0.96,2337.56
order_000102,product_0055,1,258.67,0.9,233.01
order_000103,product_0026,3,165.38,0.74,365.15
order_000103,product_0098,3,1899.63,0.75,4292.05
order_000103,product_0061,2,433.27,0.83,722.37
order_000104,product_0054,3,510.54,0.93,1417.59
order_000104,product_0072,3,522.59,0.98,1542.25
order_000104,product_0096,2,147.09,0.96,281.69
order_000104,product_0009,1,522.7,0.91,476.45
order_000104,product_0063,2,905.54,0.78,1404.84
order_000105,product_0003,2,810.71,0.79,1284.4
order_000105,product_0007,3,87.52,0.99,259.37
order_000105,product_0080,2,3202.18,0.73,4652.42
order_000106,product_0075,2,36.6,0.86,63.29
order_000107,product_0063,1,905.54,0.85,772.73
order_000107,product_0081,3,249.67,0.94,702.51
order_000108,product_0047,2,487.4,0.82,799.99
order_000108,product_0014,3,2890.27,0.91,7905.1
order_000108,product_0061,3,433.27,0.74,965.24
order_000109,product_0024,3,184.03,0.88,487.83
order_000109,product_0078,2,745.58,0.71,1064.93
order_000109,product_0070,3,429.16,0.9,1163.56
order_000109,product_0036,3,3161.33,0.78,7408.59
order_000110,product_0062,3,35.13,0.96,101.07
order_000110,product_0098,1,1899.63,0.74,1409.1
order_000110,product_0094,1,465.33,0.77,356.65
order_000111,product_0062,3,35.13,0.81,85.07
order_000111,product_0093,2,845.23,0.75,1268.25
order_000112,product_0031,1,166.64,0.82,137.44
order_000112,product_0014,3,2890.27,0.77,6719.81
order_000112,product_0081,1,249.67,0.9,224.44
order_000112,product_0056,2,754.6,0.82,1244.4
order_000112,product_0085,1,3877.47,0.94,3627.45
order_000113,product_0016,2,578.89,0.89,1035.78
order_000113,product_0043,1,1552.19,0.78,1215.46
order_000113,product_0002,1,1062.63,0.9,954.5
order_000114,product_0089,1,45.03,0.78,35.03
order_000115,product_0037,1,171.25,0.83,141.39
order_000115,product_0057,2,1403.71,0.7,1965.39
order_000115,product_0100,2,4775.03,0.95,9102.77
order_000116,product_0055,1,258.67,0.74,190.41
order_000116,product_0097,2,1228.6,0.92,2252.85
order_000117,product_0001,1,1796.91,0.8,1445.88
order_000118,product_0059,1,51.42,0.92,47.08
order_000118,product_0055,2,258.67,0.73,378.9
order_000118,product_0034,3,143.75,0.93,398.94
order_000119,product_0013,2,1762.43,0.84,2945.59
order_000120,product_0043,3,1552.19,0.94,4398.23
order_000121,product_0079,2,129.11,0.96,247.84
order_000122,product_0030,2,851.17,0.86,1464.85
order_000122,product_0068,3,408.45,0.94,1154.79
order_000122,product_0018,2,815.05,0.87,1416.11
order_000123,product_0065,2,343.18,0.82,562.54
order_000123,product_0029,1,2220.92,0.86,1910.88
order_000124,product_0047,2,487.4,0.77,751.01
order_000125,product_0070,3,429.16,0.7,901.47
order_000125,product_0065,2,343.18,0.77,530.11
order_000125,product_0024,3,184.03,0.76,417.09
order_000126,product_0055,3,258.67,0.81,627.78
order_000127,product_0022,3,1926.05,0.97,5613.99
order_000127,product_0029,3,2220.92,0.8,5323.86
order_000127,product_0098,1,1899.63,0.99,1873.07
order_000127,product_0018,3,815.05,1.0,2440.59
order_000127,product_0038,2,833.85,0.9,1504.61
order_000128,product_0056,3,754.6,0.74,1668.77
order_000128,product_0044,2,394.62,0.97,767.8
order_000128,product_0001,1,1796.91,0.86,1551.43
order_000129,product_0065,3,343.18,0.84,867.86
order_000129,product_0021,1,163.3,0.74,121.12
order_000129,product_0061,2,433.27,0.7,610.02
order_000129,product_0080,1,3202.18,0.95,3045.04
order_000129,product_0064,3,3486.99,0.7,7367.81
order_000130,product_0023,3,1889.93,0.76,4307.71
order_000130,product_0071,3,434.99,0.96,1257.37
order_000130,product_0068,2,408.45,0.86,705.28
order_000131,product_0002,2,1062.63,0.76,1611.55
order_000131,product_0081,1,249.67,0.95,236.92
order_000131,product_0022,1,1926.05,0.89,1721.23
order_000132,product_0058,2,414.5,0.94,777.55
order_000132,product_0006,1,873.64,0.76,660.29
order_000132,product_0023,2,1889.93,0.76,2883.92
order_000132,product_0079,3,129.11,0.81,312.07
order_000132,product_0079,1,129.11,0.96,123.41
order_000133,product_0057,1,1403.71,0.74,1042.06
order_000133,product_0055,2,258.67,0.73,379.01
order_000133,product_0087,2,1093.92,0.81,1781.96
order_000134,product_0026,3,165.38,0.89,440.72
order_000134,product_0087,1,1093.92,0.74,813.66
order_000134,product_0041,1,416.17,0.98,405.89
order_000134,product_0003,2,810.71,0.89,1439.22
order_000134,product_0082,3,2909.14,0.72,6289.95
order_000135,product_0061,2,433.27,0.9,781.12
order_000136,product_0071,2,434.99,0.88,764.66
order_000136,product_0100,1,4775.03,0.81,3889.92
order_000137,product_0097,2,1228.6,0.99,2433.42
order_000138,product_0051,1,986.1,0.86,845.9
order_000138,product_0062,3,35.13,0.91,96.31
order_000139,product_0058,2,414.5,0.81,674.36
order_000139,product_0071,1,434.99,0.8,349.24
order_000139,product_0087,2,1093.92,0.72,1578.93
order_000140,product_0097,3,1228.6,0.72,2641.69
order_000140,product_0048,3,1563.92,0.73,3406.79
order_000141,product_0045,2,431.23,0.79,680.82
order_000142,product_0088,1,2877.95,0.95,2747.51
order_000143,product_0062,1,35.13,0.8,28.2
order_000144,product_0050,2,1140.24,0.76,1737.13
order_000145,product_0085,1,3877.47,0.83,3230.44
order_000145,product_0029,2,2220.92,0.86,3821.62
order_000145,product_0018,2,815.05,0.75,1222.36
order_000146,product_0045,2,431.23,0.76,655.8
order_000146,product_0014,1,2890.27,0.73,2122.82
order_000146,product_0004,2,4896.76,0.85,8330.39
order_000146,product_0047,3,487.4,0.72,1047.45
order_000146,product_0077,3,136.92,0.85,349.05
order_000147,product_0019,2,2966.75,0.98,5789.69
order_000147,product_0089,2,45.03,0.8,72.29
order_000147,product_0092,1,114.84,0.83,95.71
order_000147,product_0053,3,380.57,0.81,919.64
order_000148,product_0019,1,2966.75,0.79,2343.05
order_000148,product_0076,1,827.87,0.79,657.05
order_000149,product_0049,3,158.53,0.95,451.75
order_000149,product_0072,1,522.59,0.88,460.1
order_000149,product_0046,2,258.53,0.86,446.42
order_000150,product_0054,2,510.54,0.83,851.36
order_000150,product_0025,2,418.26,0.72,601.25
order_000150,product_0016,2,578.89,0.88,1013.09
order_000150,product_0092,2,114.84,0.89,204.51
order_000150,product_0080,3,3202.18,0.92,8884.23
order_000151,product_0026,2,165.38,0.88,290.71
order_000151,product_0033,2,1946.63,0.71,2756.66
order_000151,product_0084,3,205.17,0.73,450.45
order_000152,product_0026,3,165.38,0.88,438.56
order_000152,product_0030,1,851.17,0.97,825.11
order_000152,product_0044,1,394.62,0.91,359.97
order_000152,product_0088,2,2877.95,0.83,4800.52
order_000153,product_0021,2,163.3,0.71,230.78
order_000153,product_0087,3,1093.92,0.8,2625.73
order_000154,product_0048,2,1563.92,0.75,2333.19
order_000155,product_0046,3,258.53,0.85,657.47
order_000155,product_0040,2,267.72,0.96,512.24
order_000155,product_0078,3,745.58,0.8,1794.97
order_000156,product_0006,1,873.64,0.97,846.75
order_000156,product_0022,2,1926.05,0.8,3075.34
order_000156,product_0094,1,465.33,0.82,380.68
order_000156,product_0071,3,434.99,0.8,1046.59
order_000156,product_0027,1,105.19,0.73,76.41
order_000157,product_0069,3,251.55,0.78,590.31
order_000157,product_0003,2,810.71,0.92,1494.88
order_000157,product_0053,1,380.57,0.74,280.0
order_000158,product_0093,2,845.23,0.76,1290.71
order_000158,product_0021,1,163.3,0.95,155.29
order_000158,product_0038,2,833.85,0.9,1501.06
order_000159,product_0014,3,2890.27,0.92,7940.5
order_000159,product_0012,2,615.3,0.86,1056.19
order_000159,product_0034,1,143.75,0.95,136.06
order_000160,product_0017,3,361.8,0.79,858.37
order_000161,product_0001,3,1796.91,0.88,4744.79
order_000161,product_0013,2,1762.43,0.81,2868.96
order_000161,product_0086,1,450.93,0.99,446.85
order_000162,product_0019,2,2966.75,0.74,4369.57
order_000162,product_0074,2,622.24,0.76,939.75
order_000162,product_0051,3,986.1,0.89,2624.05
order_000162,product_0012,1,615.3,0.82,506.0
order_000162,product_0011,1,2576.99,0.92,2366.72
order_000163,product_0084,1,205.17,0.82,167.35
order_000163,product_0014,2,2890.27,0.92,5346.92
order_000163,product_0086,1,450.93,0.74,334.16
order_000163,product_0094,3,465.33,0.97,1351.35
order_000163,product_0087,3,1093.92,0.79,2580.66
order_000164,product_0038,2,833.85,0.71,1185.76
order_000164,product_0044,2,394.62,0.8,632.1
order_000165,product_0006,1,873.64,0.89,774.97
order_000165,product_0038,3,833.85,0.73,1815.18
order_000166,product_0070,1,429.16,0.78,336.64
order_000166,product_0039,1,1878.99,0.83,1557.2
order_000166,product_0056,1,754.6,0.84,631.63
order_000166,product_0076,2,827.87,0.76,1255.86
order_000166,product_0052,2,1439.64,0.72,2069.0
order_000167,product_0025,3,418.26,0.94,1176.46
order_000167,product_0057,2,1403.71,0.81,2287.67
order_000168,product_0085,2,3877.47,0.78,6038.95
order_000169,product_0098,3,1899.63,0.96,5460.9
order_000170,product_0018,2,815.05,0.81,1312.33
order_000170,product_0072,1,522.59,0.97,504.53
order_000170,product_0053,2,380.57,0.82,625.1
order_000170,product_0049,3,158.53,0.96,456.84
order_000170,product_0090,1,316.49,0.88,278.59
order_000171,product_0068,2,408.45,0.89,726.41
order_000172,product_0094,3,465.33,0.76,1061.57
order_000172,product_0054,1,510.54,0.73,372.03
order_000172,product_0034,1,143.75,0.73,105.51
order_000172,product_0018,1,815.05,0.86,704.36
order_000172,product_0026,2,165.38,0.72,237.87
order_000173,product_0029,3,2220.92,0.96,6367.03
order_000173,product_0058,2,414.5,0.93,767.27
order_000173,product_0002,3,1062.63,0.92,2942.52
order_000174,product_0077,1,136.92,0.88,120.62
order_000174,product_0002,3,1062.63,0.9,2884.83
order_000175,product_0090,3,316.49,0.87,830.33
order_000175,product_0060,1,3260.77,0.82,2680.11
order_000176,product_0013,1,1762.43,0.76,1335.19
order_000176,product_0052,1,1439.64,0.78,1125.03
order_000176,product_0050,3,1140.24,0.76,2601.59
order_000176,product_0007,3,87.52,0.79,207.5
order_000176,product_0100,1,4775.03,0.81,3876.85
order_000177,product_0011,2,2576.99,0.98,5067.72
order_000177,product_0023,1,1889.93,0.84,1578.25
order_000177,product_0091,3,1546.55,0.76,3538.8
order_000177,product_0023,3,1889.93,0.76,4315.05
order_000178,product_0068,3,408.45,0.71,865.47
order_000178,product_0025,2,418.26,0.94,790.51
order_000178,product_0097,1,1228.6,0.86,1058.45
order_000178,product_0054,2,510.54,0.89,905.04
order_000178,product_0099,1,408.72,0.99,405.9
order_000179,product_0077,3,136.92,0.98,403.53
order_000179,product_0058,2,414.5,0.73,604.98
order_000180,product_0053,1,380.57,0.76,290.96
order_000180,product_0072,1,522.59,0.98,511.52
order_000180,product_0074,3,622.24,0.94,1753.6
order_000180,product_0038,3,833.85,0.72,1798.96
order_000181,product_0054,3,510.54,0.76,1165.63
order_000181,product_0004,3,4896.76,0.89,13115.97
order_000181,product_0036,1,3161.33,0.82,2597.17
order_000182,product_0036,1,3161.33,0.83,2625.04
order_000182,product_0061,1,433.27,0.75,326.77
order_000183,product_0063,1,905.54,0.8,722.5
order_000183,product_0078,1,745.58,0.88,657.95
order_000183,product_0045,2,431.23,0.92,795.8
order_000184,product_0080,1,3202.18,0.79,2519.39
order_000184,product_0001,3,1796.91,0.9,4846.93
order_000185,product_0091,3,1546.55,0.87,4051.18
order_000186,product_0049,2,158.53,0.9,285.17
order_000186,product_0022,1,1926.05,0.78,1511.36
order_000187,product_0071,3,434.99,0.7,916.36
order_000187,product_0088,3,2877.95,0.94,8109.07
order_000187,product_0031,3,166.64,0.99,496.78
order_000187,product_0051,3,986.1,0.85,2516.28
order_000188,product_0090,1,316.49,0.94,297.29
order_000189,product_0068,2,408.45,0.82,666.44
order_000189,product_0036,3,3161.33,0.91,8622.37
order_000189,product_0086,2,450.93,0.96,864.78
order_000190,product_0049,3,158.53,0.71,337.25
order_000190,product_0068,3,408.45,0.96,1179.04
order_000190,product_0058,3,414.5,0.75,929.56
order_000190,product_0084,3,205.17,0.95,582.77
order_000191,product_0021,3,163.3,0.85,416.82
order_000191,product_0037,1,171.25,0.9,153.31
order_000191,product_0045,2,431.23,0.75,649.18
order_000191,product_0036,3,3161.33,0.84,7980.66
order_000191,product_0007,1,87.52,0.75,65.63
order_000192,product_0034,2,143.75,0.8,230.84
order_000192,product_0010,2,408.3,0.8,652.27
order_000192,product_0069,2,251.55,0.84,421.65
order_000192,product_0091,3,1546.55,0.86,3973.7
order_000193,product_0092,1,114.84,0.78,90.1
order_000194,product_0030,1,851.17,0.72,616.05
order_000194,product_0017,1,361.8,0.71,255.37
order_000194,product_0062,3,35.13,0.82,86.88
order_000194,product_0040,2,267.72,0.84,448.23
order_000194,product_0019,2,2966.75,0.7,4172.16
order_000195,product_0062,1,35.13,0.94,32.94
order_000196,product_0010,3,408.3,0.97,1183.53
order_000196,product_0001,3,1796.91,0.8,4316.6
order_000196,product_0021,3,163.3,0.72,351.34
order_000196,product_0087,2,1093.92,0.78,1714.41
order_000197,product_0005,1,169.56,0.87,148.19
order_000197,product_0070,1,429.16,0.78,336.33
order_000197,product_0097,1,1228.6,0.88,1076.61
order_000197,product_0042,1,1068.32,0.82,873.54
order_000198,product_0025,3,418.26,0.81,1013.02
order_000198,product_0055,1,258.67,0.96,248.56
order_000198,product_0056,3,754.6,0.91,2068.81
order_000199,product_0077,1,136.92,0.97,133.21
order_000199,product_0081,1,249.67,0.94,235.49
order_000199,product_0083,3,846.2,0.87,2211.26
order_000200,product_0042,3,1068.32,0.86,2760.31
order_000200,product_0017,3,361.8,0.78,843.67
order_000201,product_0019,1,2966.75,0.76,2266.43
order_000201,product_0082,1,2909.14,0.99,2870.6
order_000201,product_0071,1,434.99,0.96,419.67
order_000201,product_0040,1,267.72,0.72,191.88
order_000202,product_0069,2,251.55,0.85,427.38
order_000203,product_0073,3,2174.6,0.73,4769.73
order_000203,product_0069,2,251.55,0.73,365.84
order_000203,product_0083,2,846.2,0.81,1373.03
order_000203,product_0088,3,2877.95,0.75,6485.22
order_000203,product_0081,1,249.67,0.8,200.76
order_000204,product_0009,3,522.7,0.71,1112.91
order_000204,product_0060,1,3260.77,0.85,2785.22
order_000204,product_0027,3,105.19,0.8,252.9
order_000204,product_0020,1,1829.43,0.76,1383.51
order_000205,product_0001,2,1796.91,0.78,2796.91
order_000205,product_0059,2,51.42,0.75,77.61
order_000205,product_0086,2,450.93,0.95,859.87
order_000205,product_0032,3,4394.58,0.91,12024.72
order_000205,product_0039,1,1878.99,0.87,1636.15
order_000206,product_0072,2,522.59,0.98,1021.92
order_000206,product_0034,3,143.75,0.82,352.17
order_000206,product_0038,3,833.85,0.82,2047.13
order_000206,product_0073,2,2174.6,0.74,3206.78
order_000207,product_0035,2,455.76,0.77,705.78
order_000207,product_0092,2,114.84,0.97,222.48
order_000207,product_0084,1,205.17,0.97,198.34
order_000208,product_0078,2,745.58,0.78,1163.15
order_000208,product_0048,1,1563.92,0.72,1118.98
order_000209,product_0079,1,129.11,0.81,104.07
order_000209,product_0057,3,1403.71,0.85,3568.12
order_000209,product_0005,2,169.56,0.7,238.08
order_000209,product_0012,3,615.3,0.82,1519.79
order_000210,product_0079,2,129.11,0.89,230.41
order_000210,product_0017,3,361.8,0.9,981.62
order_000211,product_0034,2,143.75,0.85,243.69
order_000211,product_0045,2,431.23,0.78,675.72
order_000211,product_0034,3,143.75,0.71,305.8
order_000212,product_0032,3,4394.58,0.98,12937.83
order_000212,product_0086,2,450.93,0.74,663.5
order_000213,product_0076,1,827.87,0.8,665.89
order_000213,product_0007,1,87.52,0.86,75.57
order_000213,product_0004,2,4896.76,0.79,7706.7
order_000213,product_0017,2,361.8,0.93,671.57
order_000213,product_0096,2,147.09,0.7,206.58
order_000214,product_0083,1,846.2,0.82,691.58
order_000214,product_0004,3,4896.76,0.83,12126.88
order_000214,product_0068,1,408.45,0.79,323.08
order_000214,product_0048,2,1563.92,0.81,2526.04
order_000214,product_0056,1,754.6,0.93,704.28
order_000215,product_0046,2,258.53,0.7,363.9
order_000215,product_0006,1,873.64,0.75,659.48
order_000215,product_0099,1,408.72,0.91,372.13
order_000215,product_0077,2,136.92,0.8,218.75
order_000216,product_0090,2,316.49,0.79,500.83
order_000216,product_0055,3,258.67,0.79,611.63
order_000216,product_0058,1,414.5,0.91,376.31
order_000217,product_0041,1,416.17,0.9,374.01
order_000217,product_0012,1,615.3,0.97,599.63
order_000217,product_0097,1,1228.6,0.93,1137.12
order_000217,product_0080,1,3202.18,0.7,2243.52
order_000217,product_0005,2,169.56,0.87,296.32
order_000218,product_0056,2,754.6,0.89,1342.46
order_000218,product_0034,3,143.75,0.72,308.49
order_000218,product_0075,1,36.6,0.85,31.02
order_000218,product_0066,2,166.29,0.75,250.94
order_000218,product_0032,1,4394.58,0.72,3145.71
order_000219,product_0012,3,615.3,0.79,1457.13
order_000220,product_0011,2,2576.99,0.91,4701.9
order_000220,product_0091,2,1546.55,0.93,2885.13
order_000220,product_0002,2,1062.63,0.89,1888.34
order_000220,product_0079,1,129.11,0.95,122.69
order_000220,product_0037,1,171.25,0.89,153.08
order_000221,product_0005,3,169.56,0.95,481.78
order_000221,product_0037,2,171.25,0.85,291.04
order_000222,product_0079,2,129.11,0.83,214.22
order_000222,product_0044,2,394.62,0.77,604.64
order_000223,product_0098,2,1899.63,0.86,3261.5
order_000223,product_0041,3,416.17,0.97,1215.05
order_000223,product_0092,1,114.84,0.74,84.84
order_000224,product_0024,1,184.03,0.72,132.98
order_000224,product_0058,1,414.5,0.71,296.28
order_000224,product_0007,2,87.52,0.97,169.76
order_000224,product_0059,2,51.42,0.82,83.92
order_000225,product_0098,1,1899.63,0.95,1805.58
order_000225,product_0026,3,165.38,0.87,432.46
order_000225,product_0064,1,3486.99,0.96,3338.66
order_000225,product_0051,3,986.1,1.0,2956.23
order_000226,product_0064,1,3486.99,0.98,3414.47
order_000226,product_0097,2,1228.6,0.91,2233.61
order_000226,product_0027,1,105.19,0.95,100.03
order_000227,product_0091,3,1546.55,0.9,4195.57
order_000227,product_0065,3,343.18,0.74,760.32
order_000228,product_0001,1,1796.91,0.93,1663.11
order_000228,product_0084,3,205.17,0.76,470.13
order_000228,product_0002,2,1062.63,0.72,1528.64
order_000228,product_0064,2,3486.99,0.72,4997.07
order_000229,product_0034,2,143.75,0.98,281.34
order_000229,product_0010,2,408.3,0.79,647.97
order_000230,product_0049,3,158.53,0.99,471.68
order_000230,product_0049,3,158.53,0.84,401.09
order_000230,product_0090,1,316.49,0.92,292.71
order_000230,product_0090,2,316.49,0.79,501.37
order_000230,product_0026,1,165.38,0.74,121.98
order_000231,product_0016,1,578.89,0.7,407.29
order_000231,product_0003,3,810.71,0.97,2352.48
order_000231,product_0080,3,3202.18,0.85,8148.21
order_000232,product_0054,3,510.54,0.95,1449.49
order_000232,product_0058,2,414.5,0.83,685.08
order_000233,product_0011,1,2576.99,0.87,2229.54
order_000234,product_0072,3,522.59,0.89,1394.24
order_000234,product_0085,2,3877.47,0.88,6837.73
order_000234,product_0093,1,845.23,0.73,614.83
order_000234,product_0026,2,165.38,0.87,289.33
order_000234,product_0080,1,3202.18,0.76,2418.53
order_000235,product_0093,2,845.23,0.71,1208.17
order_000236,product_0097,1,1228.6,0.8,988.88
order_000236,product_0091,1,1546.55,0.71,1094.93
order_000236,product_0051,1,986.1,0.89,875.36
order_000236,product_0092,3,114.84,0.91,312.16
order_000236,product_0042,3,1068.32,0.91,2906.34
order_000237,product_0027,2,105.19,0.74,155.46
order_000238,product_0073,1,2174.6,0.89,1926.53
order_000239,product_0042,1,1068.32,0.73,781.68
order_000239,product_0067,2,1068.73,0.87,1867.34
order_000240,product_0066,2,166.29,0.91,302.97
order_000240,product_0087,2,1093.92,0.72,1568.38
order_000240,product_0037,3,171.25,0.99,506.09
order_000240,product_0084,1,205.17,0.71,144.8
order_000240,product_0001,1,1796.91,0.71,1275.85
order_000241,product_0003,2,810.71,0.93,1511.77
order_000242,product_0045,2,431.23,0.85,728.84
order_000242,product_0024,3,184.03,0.98,539.03
order_000242,product_0024,3,184.03,0.89,493.45
order_000242,product_0054,3,510.54,0.75,1144.16
order_000243,product_0098,3,1899.63,0.95,5412.85
order_000244,product_0068,3,408.45,0.98,1198.89
order_000244,product_0013,2,1762.43,0.7,2469.86
order_000245,product_0041,2,416.17,0.72,596.48
order_000245,product_0071,3,434.99,0.84,1092.71
order_000246,product_0007,1,87.52,0.97,84.78
order_000246,product_0048,3,1563.92,0.76,3573.65
order_000246,product_0071,2,434.99,0.91,787.5
order_000246,product_0032,1,4394.58,0.79,3473.81
order_000247,product_0030,2,851.17,0.8,1363.07
order_000247,product_0055,1,258.67,0.85,221.02
order_000247,product_0083,1,846.2,0.73,619.56
order_000248,product_0022,3,1926.05,0.92,5316.43
order_000248,product_0053,1,380.57,0.75,285.23
order_000248,product_0080,1,3202.18,0.81,2593.03
order_000249,product_0021,3,163.3,0.71,345.53
order_000249,product_0029,2,2220.92,0.75,3338.75
order_000250,product_0080,3,3202.18,0.74,7129.76
order_000251,product_0002,2,1062.63,0.84,1785.44
order_000252,product_0099,2,408.72,0.91,740.6
order_000253,product_0084,2,205.17,0.73,300.41
order_000253,product_0083,3,846.2,0.97,2470.21
order_000253,product_0016,1,578.89,0.83,479.92
order_000254,product_0099,1,408.72,0.93,379.55
order_000254,product_0032,2,4394.58,0.98,8632.27
order_000254,product_0069,1,251.55,0.77,194.15
order_000254,product_0049,1,158.53,0.84,133.52
order_000255,product_0009,2,522.7,0.97,1017.87
order_000255,product_0078,1,745.58,0.78,579.42
order_000256,product_0029,3,2220.92,0.81,5414.13
order_000256,product_0082,2,2909.14,0.74,4327.81
order_000257,product_0080,3,3202.18,0.9,8604.43
order_000257,product_0062,2,35.13,0.73,51.45
order_000257,product_0045,2,431.23,0.97,839.06
order_000257,product_0020,2,1829.43,0.7,2568.93
order_000258,product_0077,3,136.92,0.9,369.21
order_000259,product_0052,1,1439.64,0.73,1044.01
order_000259,product_0098,1,1899.63,0.74,1407.1
order_000259,product_0031,1,166.64,0.99,164.86
order_000259,product_0032,1,4394.58,0.79,3470.96
order_000260,product_0076,1,827.87,0.94,782.16
order_000260,product_0057,1,1403.71,0.73,1019.82
order_000261,product_0002,2,1062.63,0.83,1754.78
order_000261,product_0068,1,408.45,0.91,372.79
order_000262,product_0035,3,455.76,0.72,979.39
order_000262,product_0002,1,1062.63,0.74,789.63
order_000262,product_0044,3,394.62,0.87,1034.97
order_000262,product_0002,2,1062.63,0.79,1682.71
order_000263,product_0058,2,414.5,0.91,756.52
order_000263,product_0056,3,754.6,0.81,1829.7
order_000263,product_0034,1,143.75,0.85,122.19
order_000263,product_0070,2,429.16,0.86,738.53
order_000263,product_0013,3,1762.43,0.84,4453.8
order_000264,product_0070,3,429.16,0.82,1051.99
order_000264,product_0049,2,158.53,0.94,299.33
order_000264,product_0100,2,4775.03,0.77,7397.85
order_000264,product_0098,2,1899.63,0.75,2835.48
order_000264,product_0100,2,4775.03,0.89,8529.31
order_000265,product_0059,2,51.42,0.76,78.51
order_000265,product_0030,2,851.17,0.75,1274.63
order_000265,product_0073,3,2174.6,0.96,6233.32
order_000265,product_0025,3,418.26,0.82,1031.47
order_000265,product_0079,3,129.11,0.7,272.13
order_000266,product_0027,2,105.19,0.86,180.41
order_000266,product_0050,2,1140.24,0.93,2109.82
order_000267,product_0041,1,416.17,0.83,346.59
order_000267,product_0083,1,846.2,0.77,651.49
order_000267,product_0023,3,1889.93,0.88,4969.74
order_000267,product_0012,1,615.3,0.83,511.96
order_000268,product_0069,1,251.55,0.82,207.45
order_000268,product_0022,3,1926.05,0.96,5547.62
order_000268,product_0033,3,1946.63,0.83,4872.95
order_000268,product_0018,2,815.05,0.72,1168.32
order_000268,product_0026,1,165.38,1.0,165.16
order_000269,product_0048,1,1563.92,0.74,1156.05
order_000269,product_0002,1,1062.63,0.96,1020.86
order_000270,product_0038,2,833.85,0.92,1526.96
order_000270,product_0027,1,105.19,0.85,89.17
order_000271,product_0017,3,361.8,0.77,830.68
order_000271,product_0058,2,414.5,0.95,787.15
order_000272,product_0039,3,1878.99,0.89,5023.25
order_000272,product_0051,3,986.1,0.84,2475.96
order_000273,product_0089,1,45.03,0.84,37.72
order_000273,product_0010,1,408.3,0.79,322.85
order_000274,product_0079,2,129.11,0.96,246.84
order_000275,product_0051,2,986.1,0.83,1628.4
order_000275,product_0003,3,810.71,0.71,1723.09
order_000276,product_0070,3,429.16,0.79,1011.47
order_000276,product_0019,3,2966.75,0.83,7377.89
order_000276,product_0073,1,2174.6,0.99,2151.43
order_000277,product_0094,1,465.33,0.99,461.54
order_000278,product_0063,1,905.54,0.97,876.33
order_000278,product_0077,1,136.92,0.8,109.44
order_000278,product_0045,3,431.23,0.86,1112.56
order_000278,product_0011,3,2576.99,0.94,7268.36
order_000279,product_0035,2,455.76,0.71,649.43
order_000279,product_0095,2,917.2,0.98,1793.16
order_000279,product_0080,2,3202.18,0.73,4682.17
order_000279,product_0032,3,4394.58,0.8,10567.45
order_000279,product_0087,2,1093.92,0.9,1977.97
order_000280,product_0026,1,165.38,0.75,123.69
order_000280,product_0078,1,745.58,0.71,528.95
order_000280,product_0053,3,380.57,0.89,1016.04
order_000281,product_0009,2,522.7,0.93,973.18
order_000281,product_0065,1,343.18,0.95,327.14
order_000282,product_0070,3,429.16,0.93,1199.35
order_000282,product_0100,1,4775.03,0.9,4305.67
order_000282,product_0040,2,267.72,0.98,525.24
order_000283,product_0076,2,827.87,0.76,1258.82
order_000283,product_0086,3,450.93,0.96,1291.97
order_000283,product_0009,1,522.7,0.99,515.21
order_000283,product_0099,3,408.72,0.74,913.46
order_000284,product_0039,2,1878.99,0.82,3081.16
order_000285,product_0092,3,114.84,0.85,293.11
order_000285,product_0002,1,1062.63,0.7,748.42
order_000285,product_0002,3,1062.63,0.88,2804.73
order_000286,product_0005,1,169.56,0.97,164.64
order_000286,product_0020,3,1829.43,0.95,5188.87
order_000287,product_0025,2,418.26,0.93,777.68
order_000287,product_0026,2,165.38,0.8,263.63
order_000287,product_0067,1,1068.73,0.86,920.13
order_000287,product_0005,1,169.56,0.76,129.53
order_000288,product_0057,3,1403.71,0.89,3760.2
order_000289,product_0098,2,1899.63,0.78,2962.93
order_000289,product_0057,3,1403.71,0.74,3098.7
order_000289,product_0053,3,380.57,0.76,869.94
order_000289,product_0033,2,1946.63,0.9,3506.97
order_000289,product_0016,2,578.89,0.78,900.99
order_000290,product_0039,1,1878.99,0.73,1371.23
order_000290,product_0096,2,147.09,0.78,229.11
order_000290,product_0047,1,487.4,0.73,356.08
order_000290,product_0087,2,1093.92,0.89,1940.49
order_000290,product_0096,2,147.09,0.91,267.42
order_000291,product_0063,1,905.54,0.77,697.9
order_000292,product_0074,2,622.24,0.74,918.48
order_000293,product_0090,1,316.49,0.74,233.61
order_000293,product_0016,3,578.89,0.75,1299.48
order_000293,product_0082,1,2909.14,0.93,2698.69
order_000293,product_0014,3,2890.27,0.85,7386.16
order_000294,product_0021,1,163.3,0.84,137.56
order_000295,product_0081,2,249.67,0.86,429.79
order_000295,product_0020,2,1829.43,0.95,3492.24
order_000295,product_0056,1,754.6,0.94,710.56
order_000296,product_0018,1,815.05,0.8,652.03
order_000297,product_0054,1,510.54,0.98,497.95
order_000297,product_0070,3,429.16,0.88,1134.75
order_000297,product_0034,1,143.75,0.73,105.23
order_000297,product_0074,1,622.24,0.73,455.4
order_000297,product_0016,2,578.89,0.75,869.68
order_000298,product_0080,3,3202.18,0.8,7655.87
order_000299,product_0016,2,578.89,0.81,934.29
order_000299,product_0021,2,163.3,0.8,260.83
order_000300,product_0032,1,4394.58,0.85,3732.12
order_000301,product_0020,1,1829.43,0.76,1393.65
order_000301,product_0092,1,114.84,0.71,81.12
order_000301,product_0003,2,810.71,0.79,1274.16
order_000302,product_0070,1,429.16,0.92,395.94
order_000303,product_0026,1,165.38,0.76,125.6
order_000303,product_0054,3,510.54,0.81,1234.12
order_000303,product_0031,3,166.64,0.97,485.81
order_000303,product_0096,1,147.09,0.86,125.87
order_000303,product_0036,2,3161.33,0.76,4797.6
order_000304,product_0063,2,905.54,0.92,1666.97
order_000304,product_0059,2,51.42,0.74,75.91
order_000304,product_0037,2,171.25,0.85,290.46
order_000304,product_0099,2,408.72,0.9,737.02
order_000304,product_0083,2,846.2,0.73,1242.38
order_000305,product_0063,3,905.54,0.94,2555.48
order_000305,product_0100,2,4775.03,0.79,7544.74
order_000305,product_0012,3,615.3,0.79,1449.77
order_000306,product_0037,3,171.25,0.96,495.28
order_000306,product_0026,2,165.38,0.89,293.11
order_000306,product_0004,2,4896.76,0.98,9597.24
order_000306,product_0023,3,1889.93,0.94,5332.71
order_000306,product_0075,2,36.6,0.73,53.62
order_000307,product_0011,1,2576.99,0.93,2388.77
order_000307,product_0050,2,1140.24,0.85,1929.77
order_000307,product_0099,1,408.72,0.98,402.12
order_000307,product_0063,3,905.54,0.72,1942.65
order_000307,product_0078,3,745.58,0.71,1587.51
order_000308,product_0010,3,408.3,1.0,1223.29
order_000308,product_0048,2,1563.92,0.85,2652.55
order_000308,product_0096,2,147.09,0.92,270.34
order_000308,product_0069,2,251.55,0.84,420.1
order_000308,product_0035,1,455.76,0.89,407.84
order_000309,product_0097,3,1228.6,0.78,2888.94
order_000309,product_0081,3,249.67,0.75,560.16
order_000310,product_0012,1,615.3,0.8,491.93
order_000310,product_0015,3,889.71,0.85,2274.97
order_000310,product_0096,3,147.09,0.73,323.47
order_000311,product_0030,1,851.17,0.7,599.83
order_000311,product_0070,3,429.16,0.73,935.93
order_000311,product_0027,2,105.19,0.73,153.11
order_000311,product_0024,2,184.03,0.93,344.07
order_000312,product_0086,2,450.93,0.74,669.52
order_000312,product_0018,1,815.05,0.99,804.06
order_000312,product_0071,3,434.99,0.97,1263.47
order_000313,product_0086,2,450.93,0.73,655.77
order_000313,product_0093,2,845.23,0.78,1314.45
order_000313,product_0082,2,2909.14,0.82,4774.94
order_000314,product_0053,3,380.57,0.98,1118.3
order_000314,product_0097,1,1228.6,0.78,958.78
order_000315,product_0057,1,1403.71,0.94,1318.84
order_000315,product_0040,3,267.72,0.81,650.57
order_000316,product_0078,1,745.58,0.74,549.05
order_000316,product_0004,2,4896.76,0.93,9149.15
order_000316,product_0025,3,418.26,0.85,1064.03
order_000316,product_0069,3,251.55,0.85,641.72
order_000317,product_0020,3,1829.43,0.89,4902.49
order_000317,product_0011,3,2576.99,0.82,6317.81
order_000318,product_0071,2,434.99,0.77,666.68
order_000318,product_0019,2,2966.75,0.85,5043.99
order_000318,product_0082,1,2909.14,0.75,2181.96
order_000318,product_0025,2,418.26,0.73,607.18
order_000318,product_0019,3,2966.75,0.75,6694.71
order_000319,product_0074,3,622.24,0.82,1524.34
order_000319,product_0019,3,2966.75,0.98,8680.24
order_000319,product_0078,1,745.58,0.96,719.37
order_000320,product_0030,2,851.17,0.75,1271.62
order_000320,product_0082,3,2909.14,0.97,8473.53
order_000320,product_0076,2,827.87,0.96,1587.97
order_000321,product_0040,1,267.72,0.98,262.97
order_000321,product_0002,1,1062.63,0.9,955.65
order_000321,product_0093,1,845.23,0.95,803.53
order_000322,product_0055,1,258.67,0.89,229.33
order_000322,product_0097,3,1228.6,0.95,3519.35
order_000322,product_0019,3,2966.75,0.72,6396.91
order_000322,product_0033,2,1946.63,0.87,3389.64
order_000323,product_0017,2,361.8,0.86,622.76
order_000323,product_0042,2,1068.32,0.79,1689.83
order_000323,product_0087,3,1093.92,0.99,3246.74
order_000323,product_0079,1,129.11,1.0,128.82
order_000323,product_0025,3,418.26,0.81,1010.17
order_000324,product_0046,2,258.53,0.93,483.39
order_000324,product_0008,3,2803.44,0.85,7111.6
order_000325,product_0046,2,258.53,0.87,449.68
order_000326,product_0091,2,1546.55,0.86,2653.21
order_000326,product_0017,1,361.8,0.86,310.16
order_000326,product_0052,2,1439.64,0.78,2248.23
order_000326,product_0009,1,522.7,0.98,512.26
order_000326,product_0093,1,845.23,0.87,738.02
order_000327,product_0069,2,251.55,0.91,455.56
order_000327,product_0013,1,1762.43,0.72,1274.27
order_000327,product_0046,2,258.53,0.9,465.66
order_000327,product_0067,3,1068.73,0.84,2693.22
order_000327,product_0025,1,418.26,0.71,297.5
order_000328,product_0062,2,35.13,0.78,54.82
order_000328,product_0053,2,380.57,0.73,554.35
order_000328,product_0056,1,754.6,0.76,571.22
order_000329,product_0030,3,851.17,0.89,2281.74
order_000329,product_0031,2,166.64,0.95,315.73
order_000329,product_0068,3,408.45,0.78,958.35
order_000329,product_0075,1,36.6,0.78,28.57
order_000330,product_0012,3,615.3,0.71,1312.91
order_000330,product_0055,3,258.67,0.98,757.57
order_000330,product_0090,1,316.49,0.84,265.05
order_000331,product_0077,3,136.92,0.76,313.29
order_000331,product_0089,1,45.03,0.86,38.84
order_000331,product_0031,1,166.64,0.78,129.49
order_000331,product_0060,3,3260.77,0.89,8702.7
order_000331,product_0079,1,129.11,0.95,122.53
order_000332,product_0073,3,2174.6,0.98,6397.61
order_000332,product_0014,3,2890.27,0.86,7437.22
order_000332,product_0085,1,3877.47,0.95,3676.94
order_000332,product_0054,1,510.54,0.75,383.98
order_000333,product_0089,3,45.03,0.77,104.56
order_000333,product_0071,2,434.99,0.85,741.66
order_000333,product_0062,1,35.13,0.78,27.4
order_000334,product_0086,2,450.93,0.89,806.82
order_000334,product_0052,3,1439.64,0.89,3844.38
order_000335,product_0042,2,1068.32,0.85,1814.98
order_000336,product_0064,3,3486.99,0.94,9821.66
order_000336,product_0020,1,1829.43,0.9,1643.01
order_000336,product_0008,2,2803.44,0.82,4620.74
order_000336,product_0093,1,845.23,0.92,781.36
order_000337,product_0060,3,3260.77,0.82,8009.92
order_000337,product_0073,3,2174.6,0.83,5398.04
order_000337,product_0012,1,615.3,0.92,566.43
order_000337,product_0079,2,129.11,1.0,257.32
order_000338,product_0035,2,455.76,0.78,709.78
order_000338,product_0054,1,510.54,0.75,381.41
order_000338,product_0082,1,2909.14,0.78,2270.54
order_000339,product_0086,3,450.93,0.98,1328.96
order_000339,product_0056,1,754.6,0.85,644.85
order_000340,product_0070,3,429.16,0.9,1158.42
order_000340,product_0023,1,1889.93,0.99,1864.09
order_000340,product_0093,2,845.23,0.78,1319.67
order_000340,product_0064,3,3486.99,0.9,9383.96
order_000341,product_0050,2,1140.24,0.99,2259.14
order_000341,product_0033,3,1946.63,0.79,4592.78
order_000341,product_0044,2,394.62,0.71,564.21
order_000341,product_0062,3,35.13,0.97,102.44
order_000341,product_0007,2,87.52,0.88,154.85
order_000342,product_0038,2,833.85,0.99,1658.64
order_000342,product_0030,1,851.17,0.98,837.94
order_000342,product_0099,2,408.72,0.96,781.14
order_000343,product_0059,2,51.42,0.98,100.8
order_000343,product_0100,3,4775.03,0.9,12855.12
order_000343,product_0010,3,408.3,0.89,1095.37
order_000344,product_0062,3,35.13,0.98,103.01
order_000344,product_0017,2,361.8,0.92,669.25
order_000344,product_0040,3,267.72,0.89,713.98
order_000345,product_0064,3,3486.99,0.99,10368.2
order_000345,product_0016,2,578.89,0.85,981.47
order_000345,product_0043,3,1552.19,0.75,3488.25
order_000345,product_0012,1,615.3,0.79,485.89
order_000345,product_0055,1,258.67,0.82,211.23
order_000346,product_0037,3,171.25,0.71,363.61
order_000346,product_0081,1,249.67,0.76,189.84
order_000346,product_0097,3,1228.6,0.84,3104.68
order_000346,product_0011,1,2576.99,0.73,1869.43
order_000346,product_0063,1,905.54,0.78,709.77
order_000347,product_0039,1,1878.99,0.95,1791.9
order_000347,product_0071,3,434.99,0.85,1112.54
order_000347,product_0062,1,35.13,0.92,32.47
order_000348,product_0075,2,36.6,0.77,56.2
order_000349,product_0029,2,2220.92,0.99,4388.25
order_000349,product_0039,1,1878.99,0.97,1826.99
order_000349,product_0021,3,163.3,0.72,354.69
order_000350,product_0066,1,166.29,0.97,161.38
order_000350,product_0088,2,2877.95,0.7,4044.84
order_000350,product_0071,1,434.99,0.78,337.16
order_000350,product_0070,3,429.16,0.97,1244.33
order_000350,product_0066,3,166.29,0.89,442.51
order_000351,product_0057,1,1403.71,0.8,1124.26
order_000352,product_0025,1,418.26,0.87,362.94
order_000353,product_0006,2,873.64,0.92,1612.88
order_000353,product_0011,1,2576.99,0.8,2049.19
order_000353,product_0084,1,205.17,0.7,144.14
order_000354,product_0078,3,745.58,0.81,1811.5
order_000354,product_0055,2,258.67,0.93,479.31
order_000355,product_0026,1,165.38,0.88,145.22
order_000355,product_0025,2,418.26,0.87,730.35
order_000355,product_0005,2,169.56,0.91,308.3
order_000355,product_0077,2,136.92,0.82,223.44
order_000355,product_0089,2,45.03,0.87,78.23
order_000356,product_0033,2,1946.63,0.75,2923.16
order_000356,product_0081,1,249.67,0.99,247.78
order_000356,product_0016,1,578.89,0.81,469.57
order_000356,product_0088,3,2877.95,0.96,8327.46
order_000357,product_0066,3,166.29,0.96,479.98
order_000358,product_0082,2,2909.14,0.82,4788.97
order_000358,product_0091,1,1546.55,0.71,1105.39
order_000359,product_0077,3,136.92,0.81,331.43
order_000359,product_0078,3,745.58,0.82,1823.4
order_000360,product_0094,3,465.33,0.78,1091.24
order_000361,product_0028,1,3202.88,0.97,3108.63
order_000361,product_0040,1,267.72,0.87,231.63
order_000361,product_0087,3,1093.92,0.86,2809.32
order_000361,product_0098,2,1899.63,0.78,2953.99
order_000362,product_0070,3,429.16,0.76,976.69
order_000362,product_0027,2,105.19,0.88,185.48
order_000362,product_0037,2,171.25,0.9,308.88
order_000362,product_0050,2,1140.24,0.9,2049.78
order_000363,product_0079,2,129.11,0.76,196.32
order_000364,product_0070,2,429.16,0.93,801.54
order_000364,product_0065,2,343.18,0.75,515.8
order_000364,product_0076,2,827.87,0.91,1503.19
order_000364,product_0042,2,1068.32,0.91,1944.04
order_000364,product_0011,3,2576.99,0.9,6955.78
order_000365,product_0041,2,416.17,0.72,599.94
order_000365,product_0073,3,2174.6,0.88,5716.23
order_000366,product_0010,2,408.3,0.93,756.91
order_000367,product_0043,3,1552.19,0.91,4233.91
order_000367,product_0056,3,754.6,0.85,1922.55
order_000367,product_0092,2,114.84,0.76,173.84
order_000368,product_0050,2,1140.24,0.73,1657.07
order_000369,product_0082,1,2909.14,0.75,2192.04
order_000369,product_0084,2,205.17,0.86,351.4
order_000370,product_0005,3,169.56,0.87,441.49
order_000370,product_0001,3,1796.91,0.8,4334.23
order_000371,product_0061,3,433.27,0.79,1029.09
order_000371,product_0068,3,408.45,0.98,1200.59
order_000371,product_0020,2,1829.43,0.94,3431.31
order_000371,product_0097,2,1228.6,0.96,2363.81
order_000372,product_0024,3,184.03,0.87,481.09
order_000372,product_0080,1,3202.18,0.78,2484.76
order_000372,product_0026,2,165.38,0.86,283.88
order_000373,product_0075,3,36.6,0.71,77.44
order_000374,product_0037,1,171.25,0.7,120.7
order_000374,product_0039,2,1878.99,0.81,3027.1
order_000374,product_0043,3,1552.19,0.72,3361.21
order_000374,product_0059,2,51.42,0.77,78.71
order_000374,product_0047,2,487.4,0.94,917.25
order_000375,product_0032,2,4394.58,0.9,7897.57
order_000375,product_0056,1,754.6,0.94,711.33
order_000376,product_0081,2,249.67,0.71,353.26
order_000376,product_0071,3,434.99,0.79,1032.01
order_000377,product_0049,1,158.53,0.98,155.2
order_000377,product_0053,3,380.57,0.9,1025.76
order_000378,product_0068,1,408.45,0.77,314.35
order_000378,product_0022,2,1926.05,0.95,3648.41
order_000378,product_0043,3,1552.19,0.82,3839.49
order_000378,product_0083,2,846.2,0.77,1308.38
order_000378,product_0080,1,3202.18,0.88,2809.56
order_000379,product_0037,3,171.25,0.95,487.18
order_000379,product_0037,1,171.25,0.88,150.5
order_000379,product_0090,2,316.49,0.8,507.15
order_000380,product_0033,2,1946.63,0.94,3668.15
order_000380,product_0020,2,1829.43,0.7,2573.29
order_000380,product_0074,1,622.24,0.87,540.7
order_000380,product_0089,1,45.03,0.7,31.57
order_000380,product_0088,2,2877.95,0.74,4275.79
order_000381,product_0083,1,846.2,0.87,737.09
order_000381,product_0010,1,408.3,0.96,393.87
order_000382,product_0060,3,3260.77,1.0,9761.27
order_000383,product_0069,1,251.55,0.73,184.7
order_000384,product_0087,3,1093.92,0.75,2468.75
order_000385,product_0025,3,418.26,0.95,1193.37
order_000385,product_0034,3,143.75,0.84,362.06
order_000385,product_0049,1,158.53,0.75,118.57
order_000385,product_0070,1,429.16,0.79,337.13
order_000386,product_0062,1,35.13,0.87,30.49
order_000387,product_0036,1,3161.33,0.96,3048.75
order_000387,product_0026,1,165.38,0.96,158.93
order_000387,product_0062,2,35.13,0.88,61.9
order_000387,product_0051,2,986.1,0.92,1816.47
order_000388,product_0082,2,2909.14,0.72,4168.35
order_000388,product_0082,1,2909.14,0.84,2456.97
order_000388,product_0065,3,343.18,0.79,818.26
order_000388,product_0061,2,433.27,0.93,808.92
order_000388,product_0034,2,143.75,0.96,274.61
order_000389,product_0061,2,433.27,0.79,685.48
order_000389,product_0065,1,343.18,0.8,272.85
order_000390,product_0028,3,3202.88,1.0,9603.44
order_000391,product_0017,1,361.8,0.73,263.97
order_000391,product_0014,3,2890.27,0.89,7702.79
order_000391,product_0096,3,147.09,0.86,379.77
order_000391,product_0064,3,3486.99,0.95,9890.13
order_000391,product_0073,2,2174.6,0.95,4119.91
order_000392,product_0059,2,51.42,0.93,95.87
order_000392,product_0030,3,851.17,0.7,1797.28
order_000392,product_0020,1,1829.43,0.85,1559.78
order_000392,product_0001,2,1796.91,0.98,3524.55
order_000392,product_0003,1,810.71,0.94,764.36
order_000393,product_0074,2,622.24,0.99,1235.24
order_000393,product_0094,2,465.33,0.76,711.56
order_000393,product_0002,2,1062.63,0.76,1613.44
order_000393,product_0016,1,578.89,0.82,475.56
order_000394,product_0013,3,1762.43,0.85,4512.48
order_000394,product_0008,2,2803.44,0.97,5445.59
order_000395,product_0019,3,2966.75,0.73,6513.45
order_000395,product_0011,1,2576.99,0.79,2027.19
order_000396,product_0021,2,163.3,0.75,244.98
order_000396,product_0074,2,622.24,0.73,903.02
order_000396,product_0073,2,2174.6,0.76,3297.07
order_000396,product_0042,3,1068.32,0.83,2675.04
order_000397,product_0070,2,429.16,0.96,821.0
order_000397,product_0017,3,361.8,0.93,1014.18
order_000397,product_0070,3,429.16,0.85,1097.51
order_000397,product_0080,2,3202.18,1.0,6389.13
order_000397,product_0075,3,36.6,0.72,79.23
order_000398,product_0019,3,2966.75,0.72,6437.67
order_000399,product_0100,3,4775.03,0.91,13100.88
order_000400,product_0066,2,166.29,0.87,290.48
order_000401,product_0077,3,136.92,0.83,340.21
order_000401,product_0031,1,166.64,0.8,133.46
order_000401,product_0098,3,1899.63,0.83,4732.38
order_000401,product_0066,2,166.29,0.76,251.87
order_000402,product_0028,1,3202.88,0.93,2979.22
order_000402,product_0074,3,622.24,0.86,1606.68
order_000403,product_0047,3,487.4,0.98,1434.42
order_000403,product_0012,1,615.3,0.95,586.13
order_000404,product_0066,3,166.29,0.84,418.14
order_000404,product_0067,1,1068.73,0.98,1046.29
order_000404,product_0014,2,2890.27,0.85,4884.68
order_000405,product_0042,2,1068.32,0.8,1700.8
order_000405,product_0030,1,851.17,0.77,654.48
order_000406,product_0072,3,522.59,0.93,1456.23
order_000406,product_0086,1,450.93,0.78,352.73
order_000406,product_0014,3,2890.27,0.81,7050.7
order_000407,product_0076,1,827.87,0.72,593.97
order_000407,product_0020,3,1829.43,0.89,4909.48
order_000407,product_0075,3,36.6,0.86,94.36
order_000407,product_0047,2,487.4,0.98,955.62
order_000407,product_0091,1,1546.55,0.96,1477.19
order_000408,product_0068,3,408.45,0.71,872.29
order_000408,product_0073,1,2174.6,0.91,1977.63
order_000408,product_0026,2,165.38,0.9,296.43
order_000408,product_0039,2,1878.99,0.74,2775.74
order_000409,product_0077,1,136.92,0.8,108.88
order_000409,product_0066,2,166.29,0.93,308.35
order_000409,product_0077,2,136.92,0.88,240.4
order_000410,product_0084,3,205.17,0.87,535.43
order_000410,product_0017,2,361.8,0.74,538.43
order_000410,product_0062,3,35.13,0.99,104.55
order_000410,product_0016,2,578.89,0.77,894.83
order_000410,product_0043,3,1552.19,0.84,3913.58
order_000411,product_0016,2,578.89,0.86,998.27
order_000411,product_0049,3,158.53,0.81,386.43
order_000411,product_0049,3,158.53,0.8,378.43
order_000411,product_0030,3,851.17,0.98,2502.24
order_000412,product_0092,2,114.84,0.91,208.41
order_000412,product_0094,1,465.33,0.96,444.45
order_000413,product_0046,2,258.53,0.89,461.63
order_000413,product_0044,3,394.62,0.75,888.18
order_000413,product_0062,1,35.13,0.81,28.32
order_000413,product_0088,1,2877.95,0.9,2595.0
order_000414,product_0033,1,1946.63,0.95,1850.25
order_000414,product_0098,1,1899.63,0.79,1502.54
order_000414,product_0055,1,258.67,0.84,217.6
order_000414,product_0016,2,578.89,0.71,821.24
order_000415,product_0061,3,433.27,0.8,1045.86
order_000415,product_0003,2,810.71,0.75,1212.64
order_000415,product_0036,2,3161.33,0.82,5193.1
order_000415,product_0082,3,2909.14,0.91,7957.03
order_000416,product_0091,1,1546.55,0.76,1169.24
order_000417,product_0005,3,169.56,0.91,461.38
order_000418,product_0015,3,889.71,0.95,2537.72
order_000418,product_0076,2,827.87,0.76,1262.45
order_000418,product_0003,1,810.71,0.94,763.5
order_000418,product_0039,2,1878.99,0.76,2846.51
order_000418,product_0023,3,1889.93,0.96,5441.26
order_000419,product_0013,3,1762.43,0.81,4266.43
order_000420,product_0081,2,249.67,0.92,460.39
order_000420,product_0018,3,815.05,0.96,2341.54
order_000420,product_0013,3,1762.43,0.85,4483.64
order_000420,product_0043,2,1552.19,0.89,2747.58
order_000421,product_0010,2,408.3,0.88,715.37
order_000421,product_0075,2,36.6,0.78,57.06
order_000421,product_0063,1,905.54,0.94,846.85
order_000421,product_0025,3,418.26,0.89,1121.54
order_000422,product_0062,3,35.13,0.81,85.88
order_000422,product_0096,1,147.09,0.94,138.06
order_000423,product_0025,3,418.26,0.96,1208.95
order_000424,product_0099,3,408.72,0.85,1036.28
order_000424,product_0094,2,465.33,0.97,899.34
order_000424,product_0002,2,1062.63,0.87,1842.12
order_000424,product_0090,2,316.49,0.84,530.46
order_000424,product_0079,2,129.11,0.79,202.73
order_000425,product_0024,3,184.03,0.88,486.0
order_000425,product_0083,2,846.2,0.77,1307.7
order_000425,product_0074,3,622.24,0.86,1598.89
order_000425,product_0072,3,522.59,0.89,1390.54
order_000425,product_0063,1,905.54,0.85,770.71
order_000426,product_0068,3,408.45,0.89,1092.06
order_000427,product_0090,1,316.49,0.7,222.4
order_000428,product_0079,1,129.11,0.85,109.13
order_000428,product_0019,1,2966.75,0.9,2658.8
order_000428,product_0059,2,51.42,0.79,81.55
order_000428,product_0041,3,416.17,0.73,908.02
order_000429,product_0028,1,3202.88,0.74,2364.14
order_000429,product_0044,2,394.62,0.88,692.75
order_000429,product_0093,2,845.23,0.9,1515.11
order_000429,product_0070,1,429.16,1.0,428.93
order_000430,product_0054,3,510.54,0.72,1102.92
order_000430,product_0058,1,414.5,0.77,320.58
order_000431,product_0039,2,1878.99,0.76,2869.64
order_000431,product_0067,2,1068.73,0.91,1937.65
order_000431,product_0085,1,3877.47,0.97,3770.55
order_000431,product_0068,3,408.45,0.72,881.94
order_000431,product_0092,3,114.84,0.97,334.96
order_000432,product_0040,2,267.72,0.96,516.08
order_000432,product_0058,2,414.5,0.84,700.17
order_000432,product_0016,2,578.89,0.78,907.05
order_000432,product_0062,2,35.13,0.98,69.1
order_000432,product_0071,2,434.99,0.84,729.27
order_000433,product_0057,1,1403.71,0.89,1246.32
order_000433,product_0071,1,434.99,0.74,320.97
order_000434,product_0035,1,455.76,0.84,383.52
order_000434,product_0095,2,917.2,0.98,1797.85
order_000434,product_0035,3,455.76,0.93,1266.3
order_000435,product_0085,1,3877.47,0.79,3070.41
order_000435,product_0083,1,846.2,0.77,653.08
order_000435,product_0085,2,3877.47,0.95,7337.26
order_000435,product_0079,2,129.11,0.85,220.15
order_000435,product_0015,2,889.71,0.79,1413.45
order_000436,product_0084,2,205.17,0.72,295.87
order_000436,product_0082,1,2909.14,0.91,2646.72
order_000436,product_0073,3,2174.6,0.89,5788.29
order_000436,product_0059,2,51.42,0.93,95.32
order_000436,product_0058,1,414.5,0.84,350.21
order_000437,product_0051,3,986.1,0.94,2787.67
order_000437,product_0083,2,846.2,0.99,1673.05
order_000437,product_0082,2,2909.14,0.8,4639.56
order_000437,product_0068,1,408.45,0.93,381.5
order_000438,product_0068,2,408.45,0.84,688.97
order_000438,product_0067,3,1068.73,0.75,2413.41
order_000438,product_0089,1,45.03,0.78,34.96
order_000438,product_0072,3,522.59,0.73,1150.61
order_000438,product_0018,2,815.05,0.93,1511.53
order_000439,product_0068,1,408.45,0.77,313.43
order_000439,product_0015,2,889.71,0.98,1751.29
order_000439,product_0056,3,754.6,0.74,1676.69
order_000440,product_0078,1,745.58,0.98,730.81
order_000440,product_0030,1,851.17,0.78,660.36
order_000441,product_0031,2,166.64,0.98,327.64
order_000441,product_0098,1,1899.63,0.96,1826.78
order_000441,product_0040,2,267.72,0.74,398.49
order_000442,product_0027,3,105.19,0.73,231.07
order_000442,product_0017,3,361.8,0.97,1056.83
order_000442,product_0079,2,129.11,0.83,214.74
order_000442,product_0090,2,316.49,0.78,491.54
order_000443,product_0073,2,2174.6,0.73,3187.99
order_000443,product_0046,2,258.53,0.87,449.05
order_000443,product_0033,1,1946.63,0.93,1809.18
order_000443,product_0010,1,408.3,0.97,394.53
order_000443,product_0028,1,3202.88,0.88,2831.19
order_000444,product_0089,3,45.03,0.99,133.8
order_000444,product_0078,3,745.58,0.88,1968.25
order_000445,product_0037,2,171.25,0.72,245.5
order_000445,product_0039,3,1878.99,0.86,4851.24
order_000445,product_0065,1,343.18,0.83,285.55
order_000446,product_0050,2,1140.24,0.97,2214.77
order_000446,product_0074,3,622.24,0.87,1616.02
order_000446,product_0036,3,3161.33,0.99,9435.68
order_000447,product_0013,1,1762.43,0.78,1369.21
order_000447,product_0070,1,429.16,0.9,386.67
order_000447,product_0077,2,136.92,0.94,257.89
order_000447,product_0086,1,450.93,0.76,341.56
order_000447,product_0078,3,745.58,0.97,2166.71
order_000448,product_0036,2,3161.33,0.74,4705.55
order_000448,product_0042,2,1068.32,0.96,2056.52
order_000449,product_0060,1,3260.77,0.93,3024.41
order_000449,product_0033,2,1946.63,0.72,2784.21
order_000449,product_0077,3,136.92,0.96,396.1
order_000449,product_0041,2,416.17,0.96,796.54
order_000449,product_0048,1,1563.92,0.98,1539.72
order_000450,product_0012,1,615.3,0.99,608.26
order_000451,product_0065,1,343.18,0.89,306.4
order_000452,product_0003,1,810.71,0.9,726.36
order_000452,product_0029,2,2220.92,0.89,3961.3
order_000453,product_0060,2,3260.77,0.78,5102.53
order_000454,product_0049,2,158.53,0.95,301.17
order_000455,product_0050,1,1140.24,0.71,808.85
order_000456,product_0015,1,889.71,0.79,703.75
order_000456,product_0020,2,1829.43,0.9,3294.99
order_000457,product_0065,1,343.18,0.77,265.55
order_000457,product_0017,2,361.8,0.84,611.23
order_000458,product_0015,2,889.71,0.94,1679.81
order_000458,product_0086,2,450.93,0.9,810.3
order_000458,product_0031,3,166.64,0.73,364.62
order_000458,product_0031,1,166.64,0.76,126.07
order_000458,product_0099,1,408.72,0.72,296.0
order_000459,product_0074,3,622.24,0.98,1823.03
order_000459,product_0052,3,1439.64,0.99,4267.83
order_000459,product_0075,2,36.6,0.91,66.48
order_000459,product_0017,1,361.8,0.74,267.17
order_000459,product_0099,1,408.72,0.89,362.07
order_000460,product_0043,3,1552.19,0.87,4037.27
order_000460,product_0046,1,258.53,0.7,182.02
order_000460,product_0080,1,3202.18,0.75,2403.34
order_000460,product_0100,3,4775.03,1.0,14260.32
order_000460,product_0045,2,431.23,0.76,654.72
order_000461,product_0063,1,905.54,0.9,811.75
order_000461,product_0043,1,1552.19,0.76,1177.13
order_000462,product_0061,1,433.27,0.87,378.56
order_000462,product_0061,3,433.27,0.9,1172.76
order_000462,product_0072,3,522.59,0.83,1296.17
order_000462,product_0077,1,136.92,0.78,106.65
order_000462,product_0088,3,2877.95,0.81,6983.32
order_000463,product_0019,3,2966.75,0.73,6468.4
order_000463,product_0054,2,510.54,1.0,1017.13
order_000463,product_0087,2,1093.92,0.91,1982.69
order_000463,product_0075,3,36.6,0.73,79.98
order_000463,product_0080,3,3202.18,0.79,7549.57
order_000464,product_0048,2,1563.92,0.88,2742.45
order_000464,product_0078,1,745.58,0.72,535.69
order_000464,product_0019,1,2966.75,0.97,2873.33
order_000464,product_0006,3,873.64,0.77,2031.14
order_000464,product_0050,1,1140.24,0.91,1034.41
order_000465,product_0100,3,4775.03,0.9,12905.24
order_000465,product_0058,3,414.5,0.72,897.0
order_000465,product_0039,2,1878.99,0.83,3119.63
order_000465,product_0045,1,431.23,0.95,408.61
order_000465,product_0021,2,163.3,0.96,313.27
order_000466,product_0044,2,394.62,0.88,698.38
order_000466,product_0079,1,129.11,0.76,97.66
order_000466,product_0028,1,3202.88,0.74,2384.69
order_000467,product_0004,3,4896.76,0.73,10726.64
order_000467,product_0067,2,1068.73,0.9,1921.83
order_000467,product_0056,3,754.6,0.79,1779.05
order_000467,product_0035,1,455.76,0.83,378.05
order_000467,product_0059,1,51.42,0.97,49.83
order_000468,product_0083,1,846.2,0.7,593.72
order_000468,product_0100,1,4775.03,0.97,4648.71
order_000468,product_0090,1,316.49,0.74,234.29
order_000468,product_0091,1,1546.55,0.8,1240.18
order_000468,product_0003,3,810.71,0.87,2109.21
order_000469,product_0021,1,163.3,0.73,120.01
order_000469,product_0085,2,3877.47,0.83,6445.48
order_000469,product_0099,2,408.72,0.88,720.33
order_000469,product_0029,3,2220.92,0.79,5245.04
order_000470,product_0065,1,343.18,0.8,273.22
order_000470,product_0046,1,258.53,0.95,246.55
order_000470,product_0057,3,1403.71,0.81,3413.07
order_000471,product_0077,2,136.92,0.95,260.42
order_000472,product_0039,1,1878.99,0.79,1479.56
order_000472,product_0069,2,251.55,0.79,398.73
order_000472,product_0031,1,166.64,0.87,145.77
order_000473,product_0077,2,136.92,0.74,203.2
order_000474,product_0095,1,917.2,0.83,764.96
order_000475,product_0052,2,1439.64,0.92,2642.15
order_000475,product_0083,3,846.2,0.91,2322.66
order_000476,product_0097,2,1228.6,0.83,2030.31
order_000476,product_0069,3,251.55,0.97,728.33
order_000476,product_0071,3,434.99,0.82,1069.01
order_000476,product_0061,3,433.27,0.87,1131.93
order_000476,product_0018,1,815.05,0.72,588.28
order_000477,product_0092,1,114.84,0.9,103.43
order_000477,product_0052,2,1439.64,0.99,2854.68
order_000477,product_0069,2,251.55,0.87,436.21
order_000477,product_0026,1,165.38,0.82,136.36
order_000477,product_0054,2,510.54,0.87,886.75
order_000478,product_0016,1,578.89,0.85,490.99
order_000478,product_0090,3,316.49,0.85,803.72
order_000478,product_0031,2,166.64,0.77,257.21
order_000478,product_0073,3,2174.6,0.8,5201.96
order_000479,product_0009,2,522.7,0.87,907.52
order_000479,product_0088,2,2877.95,0.81,4641.87
order_000480,product_0098,1,1899.63,0.78,1485.91
order_000480,product_0073,1,2174.6,0.83,1801.12
order_000480,product_0021,3,163.3,0.95,465.79
order_000481,product_0033,1,1946.63,0.94,1823.43
order_000481,product_0084,2,205.17,0.95,389.51
order_000481,product_0025,1,418.26,0.96,402.56
order_000482,product_0020,2,1829.43,0.92,3382.7
order_000482,product_0093,2,845.23,0.84,1416.08
order_000482,product_0089,2,45.03,0.98,88.49
order_000483,product_0003,3,810.71,0.98,2392.49
order_000483,product_0026,1,165.38,0.89,147.05
order_000483,product_0097,3,1228.6,0.85,3141.66
order_000483,product_0086,2,450.93,0.95,853.58
order_000484,product_0037,3,171.25,0.92,470.69
order_000484,product_0055,1,258.67,0.97,250.45
order_000484,product_0088,1,2877.95,0.95,2723.09
order_000485,product_0019,2,2966.75,0.91,5411.44
order_000485,product_0080,2,3202.18,0.77,4913.0
order_000486,product_0043,3,1552.19,0.91,4245.16
order_000486,product_0019,1,2966.75,0.92,2717.63
order_000486,product_0009,1,522.7,0.91,476.54
order_000486,product_0044,1,394.62,0.81,321.57
order_000487,product_0033,1,1946.63,0.83,1622.14
order_000487,product_0041,3,416.17,0.71,891.88
order_000488,product_0049,2,158.53,0.97,306.31
order_000488,product_0054,1,510.54,0.81,414.71
order_000489,product_0025,2,418.26,0.78,656.1
order_000489,product_0040,3,267.72,0.75,604.78
order_000490,product_0095,1,917.2,0.97,893.66
order_000490,product_0057,3,1403.71,0.76,3185.18
order_000490,product_0080,3,3202.18,0.8,7694.22
order_000490,product_0007,2,87.52,0.79,138.97
order_000490,product_0063,1,905.54,0.95,862.24
order_000491,product_0016,1,578.89,0.8,460.89
order_000491,product_0017,1,361.8,0.99,358.68
order_000491,product_0089,1,45.03,0.96,43.15
order_000492,product_0012,1,615.3,0.92,565.37
order_000492,product_0033,1,1946.63,0.9,1760.37
order_000492,product_0056,1,754.6,0.83,627.93
order_000492,product_0050,1,1140.24,0.93,1054.95
order_000492,product_0100,1,4775.03,0.88,4206.64
order_000493,product_0046,3,258.53,0.95,737.87
order_000493,product_0067,3,1068.73,0.98,3131.21
order_000494,product_0061,3,433.27,0.87,1127.07
order_000494,product_0010,1,408.3,0.99,405.16
order_000495,product_0098,3,1899.63,0.78,4438.34
order_000496,product_0086,1,450.93,0.85,385.26
order_000496,product_0100,1,4775.03,0.8,3800.34
order_000496,product_0002,2,1062.63,0.74,1581.69
order_000496,product_0086,3,450.93,0.94,1276.62
order_000496,product_0059,1,51.42,0.93,47.61
order_000497,product_0077,3,136.92,0.84,346.31
order_000497,product_0007,3,87.52,0.89,232.74
order_000497,product_0069,1,251.55,0.85,213.84
order_000497,product_0073,2,2174.6,0.78,3406.42
order_000498,product_0066,2,166.29,0.96,319.71
order_000498,product_0079,1,129.11,0.93,120.19
order_000498,product_0047,2,487.4,0.99,967.29
order_000498,product_0082,2,2909.14,0.98,5703.55
order_000498,product_0097,1,1228.6,0.79,967.49
order_000499,product_0087,3,1093.92,0.75,2467.01
order_000500,product_0035,3,455.76,0.84,1154.98
order_000500,product_0093,2,845.23,0.93,1572.85
order_000500,product_0075,3,36.6,0.79,87.13
order_000500,product_0040,1,267.72,0.87,233.15
order_000501,product_0095,3,917.2,0.96,2654.58
order_000501,product_0043,3,1552.19,0.74,3436.8
order_000501,product_0090,1,316.49,0.78,247.87
order_000501,product_0033,1,1946.63,0.93,1801.09
order_000502,product_0087,2,1093.92,0.91,1987.54
order_000502,product_0083,3,846.2,0.7,1781.99
order_000502,product_0094,3,465.33,0.7,983.83
order_000503,product_0053,1,380.57,0.81,308.27
order_000504,product_0046,2,258.53,0.87,452.2
order_000504,product_0095,1,917.2,0.74,681.82
order_000504,product_0070,2,429.16,0.74,637.42
order_000504,product_0061,1,433.27,0.72,310.4
order_000505,product_0019,1,2966.75,0.7,2081.49
order_000505,product_0022,1,1926.05,0.98,1884.64
order_000505,product_0038,3,833.85,0.83,2069.71
order_000505,product_0055,3,258.67,0.86,669.48
order_000506,product_0075,1,36.6,0.94,34.52
order_000506,product_0080,3,3202.18,0.89,8551.31
order_000506,product_0085,2,3877.47,0.76,5913.88
order_000506,product_0028,2,3202.88,0.75,4796.34
order_000507,product_0056,2,754.6,0.94,1421.3
order_000507,product_0051,2,986.1,0.88,1735.2
order_000507,product_0025,1,418.26,0.79,330.76
order_000507,product_0065,1,343.18,0.83,286.12
order_000508,product_0092,2,114.84,0.77,177.81
order_000508,product_0061,2,433.27,0.78,674.7
order_000508,product_0061,2,433.27,0.97,838.42
order_000508,product_0080,3,3202.18,0.72,6957.87
order_000509,product_0043,1,1552.19,0.9,1393.6
order_000509,product_0017,2,361.8,0.78,567.85
order_000509,product_0055,3,258.67,0.73,567.17
order_000509,product_0047,3,487.4,0.85,1244.58
order_000509,product_0029,2,2220.92,0.77,3441.02
order_000510,product_0035,3,455.76,0.92,1264.54
order_000510,product_0071,2,434.99,0.97,843.18
order_000510,product_0013,2,1762.43,0.84,2949.08
order_000510,product_0072,1,522.59,0.89,465.91
order_000510,product_0047,3,487.4,0.85,1238.14
order_000511,product_0046,2,258.53,0.85,439.55
order_000511,product_0021,1,163.3,0.82,133.51
order_000511,product_0060,1,3260.77,0.83,2702.09
order_000512,product_0091,1,1546.55,0.7,1082.92
order_000512,product_0070,2,429.16,0.75,643.19
order_000512,product_0087,2,1093.92,0.78,1708.28
order_000513,product_0041,2,416.17,0.79,661.35
order_000513,product_0076,1,827.87,0.73,606.08
order_000513,product_0092,2,114.84,0.85,195.67
order_000513,product_0027,3,105.19,0.77,243.55
order_000513,product_0060,2,3260.77,0.83,5409.31
order_000514,product_0059,2,51.42,0.98,101.01
order_000514,product_0061,3,433.27,0.87,1130.89
order_000514,product_0096,2,147.09,0.81,239.56
order_000514,product_0039,3,1878.99,0.92,5176.28
order_000514,product_0099,2,408.72,0.98,800.17
order_000515,product_0061,1,433.27,0.82,354.29
order_000515,product_0048,2,1563.92,0.94,2952.95
order_000515,product_0038,1,833.85,0.75,623.29
order_000516,product_0003,1,810.71,0.97,787.81
order_000517,product_0078,1,745.58,0.87,649.02
order_000518,product_0013,3,1762.43,0.74,3910.07
order_000518,product_0056,3,754.6,0.95,2156.81
order_000519,product_0054,2,510.54,0.74,751.04
order_000519,product_0036,1,3161.33,0.79,2500.5
order_000519,product_0007,3,87.52,0.95,249.69
order_000520,product_0037,2,171.25,0.87,298.42
order_000520,product_0055,1,258.67,0.9,232.4
order_000520,product_0095,2,917.2,0.7,1289.14
order_000521,product_0057,2,1403.71,0.81,2280.73
order_000521,product_0074,2,622.24,0.8,1000.25
order_000521,product_0073,3,2174.6,0.88,5740.37
order_000521,product_0064,3,3486.99,0.92,9673.75
order_000522,product_0017,2,361.8,0.96,695.65
order_000522,product_0093,2,845.23,0.83,1404.3
order_000522,product_0022,1,1926.05,0.71,1374.1
order_000523,product_0011,2,2576.99,0.86,4457.61
order_000523,product_0092,3,114.84,0.73,251.98
order_000524,product_0016,3,578.89,0.82,1420.99
order_000524,product_0062,1,35.13,0.85,29.9
order_000524,product_0035,1,455.76,0.85,386.11
order_000525,product_0009,3,522.7,0.82,1293.1
order_000525,product_0035,2,455.76,0.8,726.82
order_000525,product_0083,3,846.2,0.93,2355.06
order_000525,product_0044,1,394.62,1.0,393.68
order_000526,product_0087,3,1093.92,0.94,3090.44
order_000527,product_0067,3,1068.73,0.71,2291.75
order_000527,product_0001,1,1796.91,0.77,1389.8
order_000527,product_0029,2,2220.92,0.74,3270.88
order_000528,product_0093,2,845.23,0.89,1511.86
order_000528,product_0012,3,615.3,0.75,1390.95
order_000528,product_0020,3,1829.43,0.98,5390.15
order_000529,product_0067,1,1068.73,0.73,782.03
order_000529,product_0040,1,267.72,0.73,195.03
order_000529,product_0100,1,4775.03,0.8,3806.85
order_000529,product_0079,2,129.11,0.83,215.23
order_000530,product_0077,1,136.92,1.0,136.85
order_000530,product_0079,3,129.11,0.87,336.58
order_000530,product_0054,1,510.54,0.76,389.47
order_000531,product_0056,1,754.6,0.89,669.69
order_000532,product_0055,3,258.67,0.78,608.13
order_000532,product_0036,3,3161.33,0.72,6818.79
order_000533,product_0080,2,3202.18,0.96,6173.67
order_000533,product_0071,2,434.99,0.77,672.69
order_000533,product_0062,3,35.13,0.88,92.32
order_000534,product_0039,1,1878.99,0.74,1387.74
order_000534,product_0055,1,258.67,0.91,234.48
order_000534,product_0029,2,2220.92,0.98,4356.31
order_000534,product_0037,3,171.25,0.73,372.63
order_000535,product_0030,3,851.17,0.97,2481.39
order_000535,product_0043,3,1552.19,0.75,3474.38
order_000535,product_0073,1,2174.6,0.71,1534.21
order_000535,product_0077,3,136.92,0.94,386.7
order_000535,product_0069,1,251.55,0.93,232.97
order_000536,product_0008,2,2803.44,0.8,4468.24
order_000536,product_0093,3,845.23,0.79,2001.43
order_000536,product_0008,1,2803.44,0.74,2077.61
order_000537,product_0076,3,827.87,0.79,1973.11
order_000537,product_0041,2,416.17,0.78,650.85
order_000537,product_0080,3,3202.18,0.84,8036.82
order_000537,product_0084,1,205.17,0.92,187.95
order_000537,product_0011,1,2576.99,1.0,2570.08
order_000538,product_0023,1,1889.93,0.73,1375.31
order_000539,product_0002,1,1062.63,0.9,958.34
order_000539,product_0013,3,1762.43,0.86,4529.29
order_000539,product_0072,2,522.59,0.94,983.49
order_000540,product_0021,2,163.3,0.85,277.4
order_000540,product_0003,2,810.71,0.82,1334.67
order_000541,product_0046,2,258.53,0.95,490.1
order_000541,product_0061,1,433.27,0.86,371.46
order_000541,product_0070,3,429.16,0.81,1037.76
order_000541,product_0082,3,2909.14,0.77,6752.31
order_000542,product_0089,3,45.03,0.96,129.05
order_000542,product_0003,2,810.71,0.78,1265.87
order_000542,product_0010,3,408.3,0.99,1214.99
order_000542,product_0017,1,361.8,0.78,282.38
order_000542,product_0026,3,165.38,0.73,362.52
order_000543,product_0062,1,35.13,0.91,32.05
order_000544,product_0065,3,343.18,0.83,856.28
order_000544,product_0083,1,846.2,0.91,771.54
order_000544,product_0063,3,905.54,0.94,2554.74
order_000545,product_0051,2,986.1,0.75,1488.93
order_000546,product_0089,2,45.03,0.87,77.95
order_000546,product_0023,2,1889.93,0.82,3095.77
order_000546,product_0021,1,163.3,0.75,121.81
order_000546,product_0066,3,166.29,0.77,384.84
order_000546,product_0016,1,578.89,0.76,441.58
order_000547,product_0075,2,36.6,0.91,66.95
order_000547,product_0066,1,166.29,0.8,132.93
order_000548,product_0086,2,450.93,0.88,796.21
order_000549,product_0015,2,889.71,0.85,1505.06
order_000549,product_0087,3,1093.92,0.74,2436.88
order_000550,product_0036,1,3161.33,0.9,2860.75
order_000551,product_0097,3,1228.6,0.92,3386.89
order_000551,product_0074,2,622.24,0.96,1193.21
order_000551,product_0080,2,3202.18,0.87,5560.92
order_000552,product_0075,1,36.6,0.97,35.65
order_000552,product_0074,1,622.24,0.92,575.24
order_000553,product_0052,3,1439.64,0.94,4069.3
order_000554,product_0014,1,2890.27,0.71,2064.3
order_000554,product_0068,3,408.45,0.99,1211.49
order_000554,product_0057,2,1403.71,0.76,2131.51
order_000554,product_0090,1,316.49,0.91,286.56
order_000555,product_0016,2,578.89,0.99,1148.66
order_000555,product_0081,2,249.67,0.82,410.69
order_000556,product_0066,3,166.29,0.79,396.02
order_000556,product_0019,2,2966.75,0.86,5096.58
order_000556,product_0018,3,815.05,0.89,2172.94
order_000557,product_0039,1,1878.99,0.71,1331.55
order_000557,product_0063,2,905.54,0.74,1336.72
order_000557,product_0090,1,316.49,0.96,303.9
order_000558,product_0098,1,1899.63,0.87,1652.94
order_000558,product_0005,2,169.56,0.81,275.39
order_000558,product_0086,1,450.93,0.79,357.67
order_000559,product_0009,1,522.7,0.86,450.41
order_000559,product_0010,2,408.3,0.82,673.41
order_000559,product_0061,3,433.27,0.71,923.99
order_000559,product_0062,1,35.13,0.91,32.06
order_000559,product_0070,3,429.16,0.79,1019.21
order_000560,product_0063,3,905.54,0.78,2107.22
order_000560,product_0051,2,986.1,0.95,1867.95
order_000560,product_0048,3,1563.92,0.75,3539.35
order_000561,product_0034,2,143.75,0.82,235.95
order_000561,product_0016,3,578.89,0.99,1717.28
order_000562,product_0089,3,45.03,0.92,123.82
order_000562,product_0081,3,249.67,0.73,544.81
order_000563,product_0062,3,35.13,1.0,104.97
order_000563,product_0065,2,343.18,0.76,521.41
order_000563,product_0019,3,2966.75,0.9,7990.69
order_000564,product_0006,1,873.64,0.77,673.4
order_000565,product_0085,1,3877.47,0.96,3724.27
order_000565,product_0064,1,3486.99,0.7,2442.79
order_000565,product_0093,1,845.23,0.8,677.99
order_000566,product_0033,3,1946.63,0.76,4446.58
order_000566,product_0061,2,433.27,0.8,692.45
order_000566,product_0031,2,166.64,0.82,272.79
order_000566,product_0037,2,171.25,0.76,261.05
order_000567,product_0080,1,3202.18,0.79,2519.71
order_000568,product_0096,2,147.09,0.7,206.18
order_000568,product_0033,2,1946.63,0.73,2854.83
order_000568,product_0074,1,622.24,0.93,579.5
order_000569,product_0064,1,3486.99,0.72,2502.13
order_000570,product_0010,3,408.3,0.93,1136.99
order_000570,product_0037,1,171.25,0.87,148.53
order_000571,product_0048,2,1563.92,0.87,2717.62
order_000572,product_0012,1,615.3,0.92,566.09
order_000572,product_0058,1,414.5,0.76,314.1
order_000573,product_0035,3,455.76,0.8,1100.62
order_000573,product_0099,1,408.72,0.81,330.19
order_000573,product_0079,2,129.11,0.83,213.55
order_000573,product_0052,3,1439.64,0.79,3429.15
order_000573,product_0071,1,434.99,0.8,346.81
order_000574,product_0059,2,51.42,0.94,96.44
order_000574,product_0004,2,4896.76,0.75,7303.98
order_000574,product_0081,2,249.67,0.9,451.01
order_000574,product_0024,2,184.03,0.82,303.11
order_000574,product_0054,3,510.54,0.9,1379.72
order_000575,product_0037,1,171.25,0.71,121.96
order_000575,product_0035,3,455.76,0.98,1335.06
order_000575,product_0094,2,465.33,0.76,708.49
order_000575,product_0036,1,3161.33,1.0,3157.62
order_000575,product_0048,1,1563.92,0.99,1555.02
order_000576,product_0008,1,2803.44,0.73,2034.4
order_000577,product_0058,3,414.5,0.95,1175.19
order_000577,product_0063,2,905.54,0.9,1624.78
order_000577,product_0020,1,1829.43,0.88,1616.21
order_000578,product_0054,2,510.54,0.73,747.83
order_000578,product_0071,1,434.99,0.88,381.35
order_000578,product_0073,2,2174.6,0.85,3709.52
order_000578,product_0095,1,917.2,0.82,751.58
order_000579,product_0034,1,143.75,0.77,110.36
order_000580,product_0006,2,873.64,0.94,1640.79
order_000580,product_0076,1,827.87,0.71,583.97
order_000580,product_0013,3,1762.43,0.83,4410.38
order_000581,product_0050,1,1140.24,0.86,976.34
order_000581,product_0012,2,615.3,0.89,1089.46
order_000581,product_0040,2,267.72,0.71,379.36
order_000581,product_0041,1,416.17,0.94,389.74
order_000582,product_0062,2,35.13,0.76,53.71
order_000583,product_0001,2,1796.91,0.75,2708.26
order_000583,product_0019,3,2966.75,0.94,8349.23
order_000583,product_0087,2,1093.92,1.0,2178.6
order_000583,product_0026,1,165.38,0.96,158.45
order_000584,product_0087,3,1093.92,0.96,3150.76
order_000584,product_0091,2,1546.55,0.96,2961.12
order_000584,product_0091,3,1546.55,0.76,3504.77
order_000585,product_0037,2,171.25,0.76,261.42
order_000586,product_0080,1,3202.18,0.96,3071.75
order_000586,product_0062,2,35.13,0.89,62.24
order_000586,product_0014,1,2890.27,0.83,2397.6
order_000586,product_0050,1,1140.24,0.84,956.36
order_000586,product_0072,3,522.59,0.8,1255.16
order_000587,product_0057,2,1403.71,0.95,2657.15
order_000587,product_0044,1,394.62,0.75,297.52
order_000587,product_0090,1,316.49,0.96,305.08
order_000587,product_0047,2,487.4,0.71,691.96
order_000587,product_0071,2,434.99,0.89,777.75
order_000588,product_0073,2,2174.6,0.86,3759.97
order_000588,product_0012,2,615.3,0.8,989.9
order_000588,product_0041,1,416.17,0.84,350.06
order_000589,product_0089,1,45.03,0.94,42.5
order_000589,product_0089,2,45.03,0.89,79.96
order_000589,product_0004,2,4896.76,0.9,8767.56
order_000590,product_0092,1,114.84,0.89,101.69
order_000591,product_0065,1,343.18,0.83,285.22
order_000591,product_0030,1,851.17,0.92,785.68
order_000591,product_0099,2,408.72,0.82,667.39
order_000592,product_0011,3,2576.99,0.85,6571.86
order_000592,product_0039,3,1878.99,0.85,4816.67
order_000593,product_0088,3,2877.95,0.72,6216.41
order_000593,product_0049,2,158.53,0.87,275.43
order_000593,product_0022,1,1926.05,0.88,1692.06
order_000593,product_0051,2,986.1,0.88,1739.09
order_000593,product_0006,3,873.64,0.92,2421.41
order_000594,product_0009,3,522.7,0.87,1369.42
order_000594,product_0040,3,267.72,0.78,628.58
order_000594,product_0048,3,1563.92,0.81,3800.79
order_000595,product_0045,1,431.23,0.86,371.51
order_000595,product_0029,2,2220.92,0.7,3114.24
order_000596,product_0018,3,815.05,0.7,1712.77
order_000596,product_0059,1,51.42,0.8,41.3
order_000596,product_0044,3,394.62,0.93,1103.03
order_000596,product_0091,2,1546.55,0.71,2209.67
order_000596,product_0008,3,2803.44,0.93,7806.56
order_000597,product_0096,1,147.09,0.84,123.84
order_000597,product_0096,2,147.09,0.7,206.94
order_000597,product_0058,3,414.5,0.91,1130.83
order_000598,product_0032,1,4394.58,0.71,3116.26
order_000598,product_0054,3,510.54,0.71,1093.39
order_000598,product_0025,2,418.26,0.76,633.71
order_000598,product_0100,3,4775.03,0.89,12781.03
order_000598,product_0079,2,129.11,0.92,238.65
order_000599,product_0092,1,114.84,0.78,89.35
order_000599,product_0044,2,394.62,0.78,614.34
order_000599,product_0014,2,2890.27,0.77,4465.98
order_000599,product_0082,3,2909.14,0.97,8456.36
order_000599,product_0049,3,158.53,0.92,437.16
order_000600,product_0073,3,2174.6,0.89,5824.77
order_000600,product_0035,1,455.76,0.76,346.89
order_000600,product_0093,3,845.23,0.91,2296.53
order_000600,product_0040,1,267.72,0.86,230.19
order_000600,product_0014,3,2890.27,0.99,8549.38
order_000601,product_0027,3,105.19,0.79,248.82
order_000601,product_0006,3,873.64,0.77,2007.73
order_000601,product_0018,1,815.05,0.97,792.51
order_000601,product_0059,1,51.42,0.9,46.44
order_000601,product_0022,1,1926.05,0.93,1800.06
order_000602,product_0086,1,450.93,0.77,349.19
order_000602,product_0009,3,522.7,0.79,1246.56
order_000602,product_0091,1,1546.55,0.73,1125.03
order_000602,product_0078,2,745.58,0.75,1124.88
order_000602,product_0061,1,433.27,0.84,364.2
order_000603,product_0027,1,105.19,0.99,104.5
order_000603,product_0068,1,408.45,0.74,302.98
order_000603,product_0065,1,343.18,0.96,329.71
order_000603,product_0051,3,986.1,0.88,2611.05
order_000603,product_0080,2,3202.18,0.9,5760.95
order_000604,product_0059,2,51.42,0.7,72.0
order_000604,product_0060,2,3260.77,0.99,6459.34
order_000604,product_0081,1,249.67,0.97,240.99
order_000605,product_0056,3,754.6,0.91,2051.93
order_000605,product_0069,1,251.55,0.99,248.22
order_000605,product_0082,3,2909.14,0.84,7306.55
order_000606,product_0077,3,136.92,0.85,347.81
order_000606,product_0085,1,3877.47,0.83,3210.24
order_000606,product_0026,2,165.38,0.71,233.77
order_000606,product_0073,3,2174.6,0.93,6095.88
order_000606,product_0031,1,166.64,0.89,148.4
order_000607,product_0035,1,455.76,0.82,374.63
order_000607,product_0037,1,171.25,0.75,127.69
order_000607,product_0092,1,114.84,0.79,90.22
order_000607,product_0053,2,380.57,0.96,733.31
order_000607,product_0024,1,184.03,0.74,135.86
order_000608,product_0007,2,87.52,0.94,165.37
order_000608,product_0015,2,889.71,0.95,1697.06
order_000608,product_0093,3,845.23,0.99,2504.98
order_000609,product_0049,1,158.53,0.75,118.92
order_000609,product_0042,3,1068.32,0.81,2586.36
order_000609,product_0068,3,408.45,0.78,952.22
order_000610,product_0053,3,380.57,0.99,1129.86
order_000611,product_0052,3,1439.64,0.79,3402.54
order_000612,product_0042,1,1068.32,0.79,848.65
order_000612,product_0092,1,114.84,0.82,93.75
order_000612,product_0004,3,4896.76,0.78,11466.85
order_000612,product_0067,2,1068.73,0.72,1541.02
order_000612,product_0043,1,1552.19,0.75,1167.01
order_000613,product_0009,2,522.7,0.75,781.53
order_000613,product_0003,1,810.71,0.73,593.26
order_000613,product_0095,1,917.2,0.94,863.45
order_000613,product_0055,3,258.67,0.93,723.86
order_000613,product_0069,3,251.55,0.9,680.11
order_000614,product_0028,3,3202.88,0.92,8849.96
order_000614,product_0088,3,2877.95,0.9,7741.42
order_000614,product_0045,3,431.23,0.98,1265.56
order_000615,product_0009,1,522.7,0.86,447.51
order_000616,product_0026,1,165.38,0.91,151.2
order_000616,product_0023,2,1889.93,0.75,2821.31
order_000616,product_0089,2,45.03,0.91,81.62
order_000617,product_0056,1,754.6,0.75,563.27
order_000618,product_0047,3,487.4,0.97,1423.17
order_000619,product_0002,2,1062.63,0.97,2063.34
order_000620,product_0026,3,165.38,0.85,423.43
order_000620,product_0046,1,258.53,0.73,188.9
order_000620,product_0060,3,3260.77,0.87,8556.66
order_000620,product_0003,3,810.71,0.89,2166.85
order_000621,product_0034,1,143.75,0.8,115.52
order_000621,product_0026,3,165.38,0.83,411.37
order_000621,product_0022,1,1926.05,0.71,1368.34
order_000621,product_0035,3,455.76,0.87,1185.04
order_000622,product_0010,3,408.3,0.88,1080.31
order_000622,product_0090,3,316.49,0.81,772.48
order_000622,product_0096,1,147.09,0.86,127.08
order_000623,product_0057,1,1403.71,0.83,1171.74
order_000624,product_0048,3,1563.92,0.88,4112.68
order_000624,product_0012,1,615.3,0.76,467.07
order_000624,product_0058,2,414.5,0.73,608.18
order_000624,product_0025,1,418.26,0.84,352.88
order_000624,product_0090,2,316.49,0.96,610.27
order_000625,product_0083,2,846.2,0.7,1188.84
order_000625,product_0053,3,380.57,0.87,989.01
order_000625,product_0010,3,408.3,0.91,1117.24
order_000626,product_0046,3,258.53,0.98,763.3
order_000626,product_0010,3,408.3,0.85,1040.3
order_000627,product_0067,3,1068.73,0.75,2408.2
order_000627,product_0031,2,166.64,0.88,292.68
order_000628,product_0028,3,3202.88,0.74,7140.66
order_000629,product_0013,1,1762.43,1.0,1755.67
order_000629,product_0048,3,1563.92,0.82,3839.73
order_000629,product_0050,3,1140.24,0.79,2718.43
order_000629,product_0086,3,450.93,0.77,1037.43
order_000630,product_0097,2,1228.6,0.9,2205.3
order_000630,product_0012,2,615.3,0.7,865.88
order_000631,product_0086,1,450.93,0.81,366.54
order_000631,product_0071,3,434.99,0.84,1093.37
order_000632,product_0010,2,408.3,0.8,650.74
order_000633,product_0097,2,1228.6,0.92,2271.59
order_000634,product_0091,3,1546.55,0.9,4185.97
order_000634,product_0040,1,267.72,0.94,252.14
order_000634,product_0060,2,3260.77,0.9,5864.41
order_000634,product_0099,2,408.72,0.95,779.81
order_000634,product_0033,1,1946.63,0.78,1513.6
order_000635,product_0036,1,3161.33,0.9,2860.43
order_000636,product_0031,1,166.64,0.98,163.77
order_000636,product_0044,3,394.62,0.82,972.12
order_000637,product_0024,2,184.03,0.79,289.01
order_000637,product_0013,3,1762.43,0.92,4880.17
order_000637,product_0072,1,522.59,0.99,519.78
order_000637,product_0028,2,3202.88,0.72,4637.74
order_000638,product_0085,3,3877.47,0.88,10234.3
order_000638,product_0023,2,1889.93,0.83,3135.59
order_000638,product_0002,1,1062.63,0.85,908.51
order_000638,product_0064,1,3486.99,0.74,2597.34
order_000638,product_0067,1,1068.73,0.74,787.73
order_000639,product_0002,1,1062.63,0.76,806.62
order_000639,product_0081,2,249.67,0.95,474.19
order_000639,product_0054,2,510.54,0.76,780.11
order_000640,product_0086,3,450.93,0.71,954.91
order_000641,product_0030,3,851.17,0.97,2475.86
order_000641,product_0026,3,165.38,0.94,466.98
order_000641,product_0001,1,1796.91,0.74,1326.4
order_000641,product_0046,1,258.53,0.75,194.17
order_000641,product_0085,3,3877.47,0.78,9061.34
order_000642,product_0064,3,3486.99,0.91,9534.53
order_000642,product_0016,2,578.89,0.73,849.02
order_000642,product_0046,2,258.53,0.8,414.52
order_000642,product_0094,2,465.33,0.75,697.13
order_000643,product_0019,3,2966.75,0.84,7489.8
order_000643,product_0035,3,455.76,0.73,993.1
order_000643,product_0096,2,147.09,0.97,284.99
order_000643,product_0017,2,361.8,0.89,642.75
order_000643,product_0052,2,1439.64,0.85,2447.68
order_000644,product_0001,2,1796.91,0.84,3029.54
order_000644,product_0083,2,846.2,0.84,1428.78
order_000645,product_0072,2,522.59,0.77,800.23
order_000645,product_0041,2,416.17,0.74,613.33
order_000646,product_0071,3,434.99,0.95,1244.58
order_000646,product_0078,1,745.58,0.79,587.73
order_000646,product_0020,1,1829.43,0.93,1697.4
order_000646,product_0007,3,87.52,0.77,202.45
order_000646,product_0024,2,184.03,0.79,290.93
order_000647,product_0080,3,3202.18,0.82,7835.35
order_000647,product_0061,2,433.27,0.95,825.45
order_000648,product_0051,3,986.1,0.7,2078.15
order_000648,product_0018,3,815.05,0.9,2200.61
order_000648,product_0064,3,3486.99,0.79,8240.45
order_000648,product_0030,1,851.17,0.71,608.37
order_000648,product_0013,2,1762.43,0.87,3059.39
order_000649,product_0025,2,418.26,0.71,590.34
order_000649,product_0018,1,815.05,0.98,798.7
order_000649,product_0018,2,815.05,0.83,1355.77
order_000649,product_0021,2,163.3,0.98,318.77
order_000649,product_0086,1,450.93,0.71,319.57
order_000650,product_0088,2,2877.95,0.74,4243.85
order_000651,product_0019,3,2966.75,0.87,7763.58
order_000651,product_0094,3,465.33,0.77,1077.19
order_000651,product_0026,2,165.38,0.88,292.62
order_000651,product_0046,3,258.53,0.91,704.68
order_000651,product_0063,3,905.54,0.84,2270.04
order_000652,product_0087,2,1093.92,0.98,2133.43
order_000652,product_0077,3,136.92,0.73,299.66
order_000652,product_0075,2,36.6,0.73,53.71
order_000652,product_0059,3,51.42,0.8,123.39
order_000652,product_0095,3,917.2,0.76,2103.02
order_000653,product_0089,1,45.03,0.97,43.87
order_000654,product_0058,2,414.5,0.72,595.45
order_000654,product_0089,3,45.03,0.82,110.75
order_000654,product_0064,2,3486.99,0.95,6622.04
order_000654,product_0095,3,917.2,0.88,2420.22
order_000655,product_0072,2,522.59,0.98,1027.07
order_000656,product_0055,1,258.67,0.75,193.34
order_000656,product_0004,2,4896.76,0.88,8638.04
order_000656,product_0078,2,745.58,0.91,1351.31
order_000656,product_0012,1,615.3,0.74,457.98
order_000656,product_0050,2,1140.24,0.76,1730.23
order_000657,product_0095,1,917.2,0.85,783.49
order_000657,product_0096,1,147.09,0.92,135.4
order_000658,product_0089,3,45.03,0.95,128.57
order_000658,product_0025,1,418.26,0.75,312.54
order_000658,product_0087,2,1093.92,0.75,1639.25
order_000658,product_0023,2,1889.93,0.99,3757.24
order_000659,product_0013,3,1762.43,0.75,3972.86
order_000659,product_0063,2,905.54,0.88,1598.88
order_000659,product_0052,1,1439.64,0.91,1304.28
order_000659,product_0097,2,1228.6,0.93,2277.18
order_000660,product_0060,1,3260.77,0.96,3127.32
order_000660,product_0022,3,1926.05,0.79,4570.72
order_000660,product_0055,3,258.67,0.93,725.15
order_000660,product_0095,1,917.2,0.77,709.66
order_000661,product_0097,2,1228.6,0.95,2327.53
order_000661,product_0024,2,184.03,0.87,320.01
order_000661,product_0037,1,171.25,0.8,136.45
order_000661,product_0042,2,1068.32,0.96,2041.44
order_000662,product_0087,2,1093.92,0.78,1705.16
order_000662,product_0095,3,917.2,0.84,2298.03
order_000663,product_0053,1,380.57,0.93,354.9
order_000663,product_0085,1,3877.47,0.92,3570.7
order_000664,product_0087,1,1093.92,0.9,988.38
order_000664,product_0015,1,889.71,0.82,727.95
order_000664,product_0093,1,845.23,0.87,732.22
order_000665,product_0086,1,450.93,0.89,402.74
order_000665,product_0028,1,3202.88,0.93,2967.35
order_000665,product_0089,2,45.03,0.87,77.99
order_000665,product_0012,3,615.3,0.81,1500.37
order_000666,product_0096,2,147.09,0.85,251.16
order_000666,product_0035,1,455.76,0.89,406.86
order_000666,product_0064,1,3486.99,0.87,3025.38
order_000666,product_0028,3,3202.88,0.85,8210.38
order_000667,product_0017,1,361.8,0.87,314.35
order_000667,product_0096,1,147.09,0.71,104.78
order_000667,product_0076,1,827.87,0.91,750.8
order_000667,product_0079,2,129.11,0.87,224.07
order_000667,product_0020,1,1829.43,0.85,1553.99
order_000668,product_0078,1,745.58,0.73,540.67
order_000669,product_0001,1,1796.91,0.73,1306.41
order_000670,product_0006,1,873.64,0.88,768.45
order_000670,product_0099,3,408.72,0.91,1109.88
order_000670,product_0019,3,2966.75,0.73,6531.51
order_000671,product_0084,3,205.17,0.86,526.44
order_000671,product_0057,2,1403.71,0.87,2440.46
order_000671,product_0038,2,833.85,1.0,1666.19
order_000671,product_0071,2,434.99,0.78,682.46
order_000672,product_0019,1,2966.75,0.71,2096.07
order_000672,product_0050,2,1140.24,0.95,2175.2
order_000673,product_0012,2,615.3,1.0,1224.93
order_000673,product_0030,1,851.17,0.99,845.06
order_000673,product_0066,1,166.29,0.71,117.9
order_000673,product_0026,1,165.38,0.87,144.11
order_000673,product_0100,2,4775.03,0.86,8165.5
order_000674,product_0048,3,1563.92,0.73,3441.3
order_000674,product_0054,2,510.54,1.0,1020.21
order_000675,product_0018,2,815.05,0.91,1488.83
order_000676,product_0039,3,1878.99,0.96,5387.82
order_000676,product_0064,3,3486.99,0.82,8555.2
order_000676,product_0016,3,578.89,0.95,1645.33
order_000677,product_0047,3,487.4,0.74,1081.36
order_000677,product_0034,1,143.75,0.93,133.04
order_000677,product_0037,3,171.25,0.86,439.33
order_000677,product_0064,3,3486.99,0.92,9577.38
order_000677,product_0012,3,615.3,0.71,1317.11
order_000678,product_0013,3,1762.43,0.92,4884.18
order_000679,product_0099,1,408.72,0.83,340.19
order_000679,product_0005,1,169.56,0.82,138.99
order_000679,product_0005,3,169.56,0.88,449.49
order_000679,product_0018,1,815.05,0.85,689.83
order_000679,product_0024,3,184.03,0.74,406.31
order_000680,product_0060,1,3260.77,0.73,2366.91
order_000680,product_0023,2,1889.93,0.81,3074.76
order_000680,product_0070,3,429.16,0.8,1026.5
order_000680,product_0042,3,1068.32,0.74,2373.68
order_000681,product_0024,1,184.03,0.94,172.97
order_000681,product_0070,1,429.16,0.85,363.89
order_000682,product_0050,1,1140.24,0.94,1072.77
order_000682,product_0047,3,487.4,0.71,1041.89
order_000682,product_0027,2,105.19,0.82,172.65
order_000682,product_0059,3,51.42,0.96,147.88
order_000683,product_0094,2,465.33,0.9,835.02
order_000683,product_0045,1,431.23,0.97,417.39
order_000684,product_0010,3,408.3,0.91,1110.71
order_000684,product_0055,1,258.67,0.77,200.05
order_000684,product_0005,3,169.56,0.9,459.73
order_000685,product_0046,1,258.53,0.94,242.7
order_000685,product_0055,2,258.67,0.94,485.26
order_000686,product_0018,2,815.05,0.76,1238.08
order_000686,product_0069,2,251.55,0.85,429.37
order_000686,product_0024,2,184.03,0.82,303.03
order_000687,product_0002,2,1062.63,0.94,1987.87
order_000688,product_0034,2,143.75,0.95,271.83
order_000688,product_0068,1,408.45,0.79,323.95
order_000689,product_0042,3,1068.32,0.88,2825.12
order_000689,product_0049,1,158.53,0.87,137.46
order_000689,product_0070,2,429.16,0.98,841.15
order_000689,product_0078,1,745.58,0.99,736.64
order_000689,product_0093,2,845.23,0.96,1616.39
order_000690,product_0072,1,522.59,0.74,386.52
order_000690,product_0100,3,4775.03,0.83,11911.77
order_000690,product_0024,2,184.03,0.72,266.04
order_000691,product_0020,3,1829.43,0.86,4740.87
order_000691,product_0015,3,889.71,0.98,2616.8
order_000691,product_0013,3,1762.43,0.83,4382.09
order_000691,product_0031,1,166.64,0.73,122.34
order_000691,product_0081,2,249.67,0.84,418.37
order_000692,product_0013,1,1762.43,0.79,1398.05
order_000692,product_0001,1,1796.91,0.95,1706.22
order_000692,product_0004,3,4896.76,0.98,14398.79
order_000693,product_0006,3,873.64,0.95,2486.03
order_000693,product_0062,3,35.13,0.85,89.76
order_000693,product_0074,3,622.24,0.96,1797.75
order_000693,product_0036,2,3161.33,0.96,6085.96
order_000694,product_0067,2,1068.73,0.98,2090.53
order_000694,product_0099,2,408.72,0.97,795.1
order_000694,product_0033,1,1946.63,0.7,1364.84
order_000695,product_0032,3,4394.58,0.8,10531.5
order_000695,product_0024,3,184.03,0.97,537.32
order_000695,product_0040,2,267.72,0.74,395.29
order_000696,product_0099,1,408.72,0.79,321.83
order_000696,product_0036,2,3161.33,0.84,5282.09
order_000697,product_0012,3,615.3,0.97,1785.15
order_000697,product_0012,3,615.3,0.92,1700.16
order_000697,product_0003,3,810.71,0.93,2255.17
order_000698,product_0042,3,1068.32,0.75,2391.6
order_000698,product_0020,3,1829.43,0.8,4399.37
order_000698,product_0027,1,105.19,0.82,86.71
order_000699,product_0013,2,1762.43,0.91,3206.18
order_000699,product_0086,1,450.93,0.77,347.71
order_000700,product_0037,1,171.25,0.86,147.33
order_000700,product_0091,3,1546.55,0.77,3593.69
order_000700,product_0029,3,2220.92,0.94,6277.37
order_000700,product_0090,2,316.49,0.75,475.19
order_000701,product_0087,1,1093.92,0.85,932.11
order_000702,product_0010,3,408.3,0.75,923.08
order_000702,product_0017,3,361.8,0.79,856.31
order_000702,product_0005,1,169.56,0.74,126.12
order_000703,product_0026,1,165.38,0.93,153.39
order_000703,product_0016,3,578.89,0.72,1255.58
order_000704,product_0004,1,4896.76,0.71,3462.57
order_000705,product_0100,2,4775.03,0.95,9049.6
order_000705,product_0062,1,35.13,0.98,34.44
order_000705,product_0036,1,3161.33,0.88,2792.35
order_000705,product_0044,2,394.62,0.89,700.8
order_000705,product_0013,2,1762.43,0.84,2961.54
order_000706,product_0021,3,163.3,0.9,441.18
order_000707,product_0070,2,429.16,0.86,740.17
order_000707,product_0076,1,827.87,0.78,645.36
order_000707,product_0031,1,166.64,0.95,158.97
order_000707,product_0072,1,522.59,0.75,393.95
order_000707,product_0026,2,165.38,0.92,304.14
order_000708,product_0007,3,87.52,0.78,204.96
order_000709,product_0038,3,833.85,0.87,2167.6
order_000709,product_0042,1,1068.32,0.85,905.83
order_000709,product_0063,1,905.54,0.98,891.29
order_000709,product_0045,3,431.23,0.77,1002.56
order_000709,product_0091,2,1546.55,0.85,2628.09
order_000710,product_0082,3,2909.14,0.75,6586.59
order_000710,product_0081,2,249.67,0.95,475.91
order_000710,product_0050,2,1140.24,0.97,2215.22
order_000710,product_0079,3,129.11,0.81,314.95
order_000710,product_0033,3,1946.63,0.86,5016.67
order_000711,product_0005,1,169.56,0.89,150.88
order_000712,product_0070,2,429.16,0.91,779.85
order_000712,product_0043,1,1552.19,0.97,1498.27
order_000712,product_0009,3,522.7,0.72,1125.09
order_000712,product_0043,3,1552.19,0.93,4310.68
order_000712,product_0001,1,1796.91,0.9,1608.88
order_000713,product_0075,2,36.6,0.77,56.26
order_000713,product_0055,1,258.67,0.79,204.01
order_000713,product_0053,2,380.57,0.85,649.99
order_000714,product_0022,2,1926.05,0.91,3490.12
order_000714,product_0027,3,105.19,0.95,299.5
order_000714,product_0038,1,833.85,0.76,632.22
order_000715,product_0060,3,3260.77,0.94,9203.23
order_000715,product_0066,2,166.29,0.77,257.28
order_000715,product_0096,3,147.09,0.76,334.28
order_000715,product_0077,3,136.92,0.77,317.93
order_000716,product_0051,2,986.1,0.98,1926.42
order_000716,product_0100,3,4775.03,0.7,10078.58
order_000716,product_0027,1,105.19,0.87,91.88
order_000717,product_0071,2,434.99,0.71,621.26
order_000718,product_0010,2,408.3,0.86,706.15
order_000718,product_0053,2,380.57,1.0,760.82
order_000718,product_0087,1,1093.92,0.92,1004.32
order_000719,product_0027,2,105.19,0.84,176.33
order_000720,product_0042,3,1068.32,0.79,2526.15
order_000720,product_0028,3,3202.88,0.79,7593.47
order_000720,product_0010,1,408.3,0.82,335.68
order_000721,product_0021,1,163.3,0.88,143.54
order_000722,product_0089,2,45.03,0.9,81.17
order_000722,product_0049,2,158.53,0.79,250.98
order_000722,product_0048,1,1563.92,0.89,1395.67
order_000722,product_0002,2,1062.63,0.86,1824.08
order_000723,product_0071,1,434.99,0.76,332.3
order_000723,product_0098,3,1899.63,0.81,4630.77
order_000723,product_0013,2,1762.43,0.71,2499.48
order_000723,product_0060,3,3260.77,0.89,8677.77
order_000723,product_0058,2,414.5,0.78,648.28
order_000724,product_0043,1,1552.19,0.9,1394.64
order_000724,product_0054,1,510.54,0.78,397.67
order_000724,product_0086,1,450.93,0.91,409.86
order_000724,product_0054,2,510.54,0.82,832.94
order_000725,product_0013,3,1762.43,0.88,4654.9
order_000725,product_0032,2,4394.58,0.74,6507.62
order_000725,product_0014,1,2890.27,0.83,2412.11
order_000725,product_0040,2,267.72,0.74,398.32
order_000726,product_0060,1,3260.77,0.78,2533.22
order_000726,product_0025,3,418.26,0.96,1206.32
order_000726,product_0081,1,249.67,0.8,200.36
order_000727,product_0090,1,316.49,0.83,264.1
order_000727,product_0004,2,4896.76,0.94,9244.64
order_000728,product_0030,3,851.17,0.92,2340.22
order_000729,product_0023,2,1889.93,0.92,3468.13
order_000729,product_0048,2,1563.92,0.75,2347.79
order_000729,product_0060,2,3260.77,0.88,5726.97
order_000729,product_0005,3,169.56,0.96,490.41
order_000729,product_0009,2,522.7,0.73,765.01
order_000730,product_0024,2,184.03,0.7,258.5
order_000730,product_0048,3,1563.92,0.73,3433.95
order_000730,product_0081,2,249.67,0.76,377.45
order_000731,product_0040,3,267.72,0.79,633.55
order_000731,product_0069,1,251.55,0.75,189.61
order_000731,product_0069,1,251.55,0.85,213.46
order_000731,product_0002,3,1062.63,0.99,3145.83
order_000731,product_0021,1,163.3,0.73,118.97
order_000732,product_0081,1,249.67,0.99,245.93
order_000732,product_0015,3,889.71,0.71,1888.75
order_000732,product_0065,2,343.18,0.88,601.43
order_000732,product_0044,3,394.62,0.99,1169.14
order_000733,product_0081,1,249.67,0.77,191.15
order_000733,product_0084,2,205.17,0.89,366.31
order_000734,product_0081,2,249.67,0.82,408.78
order_000734,product_0013,3,1762.43,0.98,5190.71
order_000735,product_0053,2,380.57,0.84,637.99
order_000735,product_0076,2,827.87,1.0,1650.21
order_000735,product_0057,2,1403.71,0.72,2031.12
order_000736,product_0029,3,2220.92,0.77,5115.06
order_000736,product_0033,3,1946.63,0.88,5146.31
order_000736,product_0078,3,745.58,0.88,1970.03
order_000736,product_0048,3,1563.92,0.72,3381.68
order_000737,product_0096,3,147.09,0.8,354.95
order_000737,product_0044,2,394.62,0.8,631.58
order_000737,product_0063,1,905.54,0.74,673.44
order_000737,product_0086,2,450.93,0.84,758.53
order_000738,product_0047,1,487.4,0.98,479.54
order_000738,product_0018,2,815.05,0.89,1452.83
order_000738,product_0066,1,166.29,0.95,157.65
order_000739,product_0084,2,205.17,0.85,349.67
order_000739,product_0050,1,1140.24,0.96,1099.78
order_000740,product_0008,1,2803.44,0.91,2543.31
order_000740,product_0021,2,163.3,0.81,265.77
order_000740,product_0090,1,316.49,0.83,263.24
order_000740,product_0100,1,4775.03,0.95,4523.94
order_000741,product_0001,3,1796.91,0.75,4025.6
order_000741,product_0065,3,343.18,0.91,932.98
order_000742,product_0018,3,815.05,0.92,2256.5
order_000742,product_0010,3,408.3,0.77,938.69
order_000743,product_0080,2,3202.18,0.8,5130.96
order_000743,product_0043,1,1552.19,0.75,1157.97
order_000743,product_0058,2,414.5,0.72,597.34
order_000743,product_0027,2,105.19,0.84,175.98
order_000743,product_0024,1,184.03,0.85,156.99
order_000744,product_0081,2,249.67,0.78,388.92
order_000744,product_0030,2,851.17,0.72,1224.53
order_000745,product_0013,1,1762.43,0.86,1508.64
order_000745,product_0024,1,184.03,0.77,141.4
order_000746,product_0041,1,416.17,0.95,394.67
order_000746,product_0004,3,4896.76,0.77,11357.83
order_000746,product_0039,2,1878.99,0.96,3599.23
order_000746,product_0045,1,431.23,0.97,418.73
order_000746,product_0027,1,105.19,0.96,100.46
order_000747,product_0062,2,35.13,0.98,68.97
order_000747,product_0024,3,184.03,0.83,456.54
order_000747,product_0094,3,465.33,0.84,1174.41
order_000747,product_0013,1,1762.43,0.82,1438.02
order_000747,product_0035,3,455.76,0.88,1201.3
order_000748,product_0068,1,408.45,0.99,403.13
order_000749,product_0066,3,166.29,0.79,393.34
order_000749,product_0045,3,431.23,0.78,1012.53
order_000749,product_0069,3,251.55,0.98,736.14
order_000749,product_0042,3,1068.32,0.94,3015.6
order_000749,product_0035,1,455.76,0.9,410.36
order_000750,product_0044,3,394.62,0.81,962.38
order_000750,product_0021,3,163.3,0.93,457.92
order_000751,product_0029,3,2220.92,0.8,5299.48
order_000752,product_0023,1,1889.93,0.75,1414.74
order_000752,product_0048,2,1563.92,0.91,2845.5
order_000752,product_0024,2,184.03,0.81,298.87
order_000752,product_0053,3,380.57,0.89,1018.98
order_000752,product_0066,2,166.29,0.87,288.7
order_000753,product_0036,3,3161.33,0.81,7660.68
order_000753,product_0088,2,2877.95,0.74,4232.98
order_000754,product_0045,3,431.23,0.87,1130.26
order_000754,product_0086,1,450.93,0.87,393.81
order_000755,product_0083,1,846.2,0.89,757.23
order_000755,product_0086,1,450.93,0.83,373.14
order_000755,product_0002,3,1062.63,0.85,2722.37
order_000755,product_0027,3,105.19,0.84,266.01
order_000755,product_0095,3,917.2,0.92,2521.83
order_000756,product_0014,1,2890.27,0.99,2857.62
order_000756,product_0090,2,316.49,0.82,521.45
order_000756,product_0047,3,487.4,0.7,1027.96
order_000756,product_0024,1,184.03,0.73,134.86
order_000757,product_0013,3,1762.43,0.95,5043.89
order_000757,product_0085,2,3877.47,0.87,6712.72
order_000757,product_0040,3,267.72,0.86,690.39
order_000758,product_0007,1,87.52,0.85,74.56
order_000759,product_0027,1,105.19,0.85,89.48
order_000759,product_0080,2,3202.18,0.98,6292.22
order_000759,product_0010,1,408.3,0.74,303.07
order_000760,product_0017,2,361.8,0.83,598.07
order_000761,product_0013,2,1762.43,0.85,2994.92
order_000761,product_0085,3,3877.47,0.78,9091.41
order_000762,product_0025,3,418.26,0.94,1176.86
order_000762,product_0029,2,2220.92,0.91,4060.85
order_000762,product_0005,2,169.56,0.75,253.96
order_000762,product_0088,1,2877.95,0.87,2511.25
order_000763,product_0100,3,4775.03,0.92,13242.81
order_000763,product_0064,2,3486.99,0.95,6636.52
order_000763,product_0019,2,2966.75,0.92,5446.81
order_000763,product_0043,1,1552.19,0.89,1376.15
order_000764,product_0072,2,522.59,0.71,741.97
order_000764,product_0044,3,394.62,0.91,1071.64
order_000764,product_0080,3,3202.18,0.91,8707.26
order_000765,product_0071,1,434.99,0.89,388.98
order_000765,product_0002,3,1062.63,0.93,2977.08
order_000765,product_0067,2,1068.73,0.78,1669.03
order_000765,product_0074,2,622.24,1.0,1241.37
order_000765,product_0016,1,578.89,0.87,505.17
order_000766,product_0059,3,51.42,0.92,141.57
order_000767,product_0015,2,889.71,0.81,1435.32
order_000768,product_0020,3,1829.43,0.75,4138.87
order_000768,product_0034,1,143.75,0.76,108.61
order_000768,product_0019,3,2966.75,0.84,7471.36
order_000768,product_0040,2,267.72,1.0,534.66
order_000768,product_0100,1,4775.03,0.97,4640.36
order_000769,product_0058,1,414.5,0.72,296.65
order_000770,product_0020,1,1829.43,0.73,1329.56
order_000770,product_0027,1,105.19,0.71,74.26
order_000771,product_0084,1,205.17,0.88,179.6
order_000772,product_0009,2,522.7,0.91,955.09
order_000772,product_0060,1,3260.77,0.98,3196.24
order_000772,product_0005,3,169.56,0.74,376.8
order_000772,product_0065,2,343.18,0.93,640.27
order_000772,product_0024,2,184.03,0.9,332.26
order_000773,product_0025,2,418.26,0.79,662.06
order_000773,product_0007,2,87.52,0.88,153.71
order_000773,product_0043,1,1552.19,0.73,1139.2
order_000773,product_0014,2,2890.27,0.78,4483.13
order_000774,product_0037,3,171.25,0.93,477.51
order_000774,product_0025,3,418.26,0.85,1067.21
order_000774,product_0100,3,4775.03,0.89,12762.39
order_000775,product_0085,2,3877.47,0.84,6534.51
order_000775,product_0019,1,2966.75,0.94,2781.3
order_000776,product_0058,1,414.5,0.93,386.04
order_000776,product_0002,3,1062.63,0.97,3087.87
order_000777,product_0005,2,169.56,0.97,330.62
order_000778,product_0013,1,1762.43,0.94,1651.0
order_000778,product_0086,3,450.93,0.94,1266.45
order_000778,product_0046,2,258.53,0.91,472.11
order_000778,product_0076,1,827.87,0.94,781.97
order_000779,product_0055,3,258.67,0.7,544.79
order_000780,product_0071,1,434.99,0.99,431.45
order_000780,product_0012,3,615.3,0.95,1756.47
order_000780,product_0079,2,129.11,0.96,248.1
order_000780,product_0002,3,1062.63,0.8,2549.11
order_000781,product_0033,1,1946.63,0.9,1751.29
order_000781,product_0090,2,316.49,0.92,581.4
order_000781,product_0037,2,171.25,0.8,274.18
order_000781,product_0077,1,136.92,0.75,103.02
order_000781,product_0092,2,114.84,0.86,196.39
order_000782,product_0038,2,833.85,0.88,1467.13
order_000782,product_0077,3,136.92,0.72,294.7
order_000782,product_0058,3,414.5,0.92,1139.29
order_000783,product_0030,1,851.17,0.95,805.79
order_000783,product_0086,1,450.93,0.77,345.04
order_000784,product_0080,1,3202.18,0.97,3097.74
order_000784,product_0039,3,1878.99,0.87,4880.21
order_000784,product_0048,1,1563.92,0.76,1188.74
order_000785,product_0027,2,105.19,0.92,193.31
order_000785,product_0016,1,578.89,0.92,529.87
order_000786,product_0026,1,165.38,0.71,117.83
order_000787,product_0009,3,522.7,0.84,1320.45
order_000787,product_0076,1,827.87,0.98,810.47
order_000787,product_0032,2,4394.58,0.99,8692.88
order_000787,product_0057,2,1403.71,0.89,2496.24
order_000788,product_0096,3,147.09,0.97,429.12
order_000788,product_0038,3,833.85,0.84,2104.96
order_000788,product_0058,2,414.5,0.78,645.95
order_000788,product_0017,3,361.8,0.97,1055.34
order_000789,product_0085,1,3877.47,0.88,3417.92
order_000789,product_0057,2,1403.71,0.77,2162.53
order_000789,product_0016,2,578.89,1.0,1157.61
order_000789,product_0041,3,416.17,0.79,990.57
order_000789,product_0033,1,1946.63,0.99,1935.87
order_000790,product_0023,3,1889.93,0.82,4625.65
order_000790,product_0090,2,316.49,0.89,560.8
order_000791,product_0078,1,745.58,0.76,566.4
order_000791,product_0032,1,4394.58,0.79,3457.68
order_000791,product_0079,1,129.11,0.74,95.6
order_000791,product_0034,2,143.75,0.83,239.21
order_000791,product_0094,2,465.33,0.86,799.51
order_000792,product_0084,2,205.17,0.75,307.7
order_000792,product_0084,3,205.17,0.92,567.83
order_000793,product_0023,1,1889.93,0.94,1771.84
order_000793,product_0083,1,846.2,0.94,792.04
order_000793,product_0027,2,105.19,0.96,201.39
order_000793,product_0024,2,184.03,0.81,297.66
order_000793,product_0066,1,166.29,0.79,131.56
order_000794,product_0075,2,36.6,0.99,72.67
order_000794,product_0002,3,1062.63,0.72,2289.32
order_000795,product_0071,2,434.99,0.85,735.66
order_000795,product_0086,3,450.93,0.88,1196.96
order_000795,product_0019,3,2966.75,0.79,7063.24
order_000795,product_0039,1,1878.99,0.96,1805.94
order_000795,product_0048,3,1563.92,0.8,3741.4
order_000796,product_0035,2,455.76,0.98,897.26
order_000797,product_0070,1,429.16,0.96,410.83
order_000797,product_0024,1,184.03,0.98,181.09
order_000797,product_0061,3,433.27,0.81,1055.57
order_000797,product_0036,2,3161.33,0.75,4759.99
order_000797,product_0014,3,2890.27,0.84,7309.38
order_000798,product_0081,3,249.67,0.93,695.74
order_000799,product_0075,2,36.6,0.92,67.25
order_000800,product_0034,3,143.75,0.89,382.68
order_000800,product_0056,2,754.6,0.83,1250.82
order_000800,product_0094,2,465.33,0.75,700.89
order_000801,product_0072,3,522.59,0.92,1443.64
order_000801,product_0016,1,578.89,0.78,453.69
order_000801,product_0076,3,827.87,0.76,1889.24
order_000801,product_0096,1,147.09,0.85,125.23
order_000802,product_0064,2,3486.99,0.97,6754.52
order_000802,product_0097,2,1228.6,0.8,1974.2
order_000802,product_0069,1,251.55,0.93,234.19
order_000803,product_0008,2,2803.44,0.98,5475.6
order_000803,product_0065,3,343.18,0.79,813.21
order_000803,product_0095,3,917.2,0.89,2437.38
order_000803,product_0072,1,522.59,0.7,365.96
order_000803,product_0092,3,114.84,1.0,342.99
order_000804,product_0084,3,205.17,0.97,597.74
order_000804,product_0020,2,1829.43,0.8,2935.52
order_000804,product_0054,2,510.54,0.97,994.97
order_000804,product_0005,1,169.56,0.92,155.71
order_000804,product_0055,1,258.67,0.88,228.29
order_000805,product_0079,1,129.11,0.9,115.7
order_000805,product_0086,1,450.93,0.92,416.15
order_000805,product_0099,3,408.72,0.95,1159.36
order_000806,product_0037,2,171.25,0.89,305.06
order_000806,product_0014,2,2890.27,0.74,4270.09
order_000806,product_0100,2,4775.03,0.83,7951.82
order_000806,product_0003,3,810.71,0.99,2416.44
order_000806,product_0080,1,3202.18,0.8,2575.85
order_000807,product_0018,3,815.05,0.73,1790.72
order_000808,product_0032,1,4394.58,0.99,4366.34
order_000808,product_0052,1,1439.64,0.82,1187.53
order_000808,product_0063,1,905.54,0.79,716.08
order_000808,product_0100,1,4775.03,0.86,4104.97
order_000809,product_0072,1,522.59,0.82,429.78
order_000809,product_0062,2,35.13,0.84,59.35
order_000810,product_0023,1,1889.93,0.9,1705.77
order_000810,product_0034,1,143.75,0.84,120.57
order_000810,product_0045,3,431.23,0.79,1016.14
order_000810,product_0015,3,889.71,0.89,2368.87
order_000811,product_0039,1,1878.99,0.73,1373.09
order_000811,product_0070,3,429.16,0.73,937.62
order_000812,product_0027,2,105.19,0.77,163.01
order_000812,product_0039,2,1878.99,0.92,3440.65
order_000812,product_0013,2,1762.43,0.85,2988.77
order_000812,product_0078,2,745.58,0.89,1332.78
order_000813,product_0064,1,3486.99,0.83,2901.31
order_000813,product_0041,1,416.17,0.74,306.2
order_000814,product_0046,3,258.53,0.87,671.68
order_000814,product_0090,1,316.49,0.84,266.1
order_000814,product_0055,1,258.67,0.82,211.92
order_000814,product_0093,2,845.23,0.97,1636.76
order_000815,product_0027,1,105.19,0.95,100.3
order_000815,product_0021,2,163.3,0.75,246.0
order_000816,product_0038,1,833.85,0.78,648.15
order_000816,product_0016,3,578.89,0.97,1685.3
order_000816,product_0099,1,408.72,0.88,361.65
order_000816,product_0012,3,615.3,0.82,1509.02
order_000816,product_0049,3,158.53,0.8,382.07
order_000817,product_0066,3,166.29,0.77,383.26
order_000818,product_0070,2,429.16,0.76,648.29
order_000818,product_0053,3,380.57,0.93,1060.42
order_000818,product_0075,2,36.6,0.92,67.22
order_000818,product_0039,2,1878.99,0.82,3067.9
order_000818,product_0007,2,87.52,0.89,156.14
order_000819,product_0035,3,455.76,0.73,996.7
order_000819,product_0064,3,3486.99,0.83,8649.72
order_000819,product_0013,2,1762.43,0.71,2490.29
order_000819,product_0065,2,343.18,0.97,663.43
order_000820,product_0043,1,1552.19,1.0,1545.58
order_000820,product_0027,3,105.19,0.77,244.08
order_000820,product_0050,3,1140.24,0.88,3008.11
order_000820,product_0051,2,986.1,0.83,1633.42
order_000820,product_0041,3,416.17,0.89,1115.38
order_000821,product_0085,3,3877.47,0.96,11113.16
order_000821,product_0047,3,487.4,0.87,1273.75
order_000821,product_0077,2,136.92,0.94,256.1
order_000821,product_0038,1,833.85,0.79,662.51
order_000821,product_0033,1,1946.63,0.73,1415.93
order_000822,product_0003,1,810.71,0.99,802.21
order_000822,product_0045,2,431.23,0.89,766.98
order_000823,product_0050,1,1140.24,0.82,940.38
order_000823,product_0020,1,1829.43,0.8,1462.04
order_000824,product_0047,3,487.4,0.84,1221.7
order_000824,product_0060,1,3260.77,0.73,2364.56
order_000824,product_0018,1,815.05,0.71,574.67
order_000825,product_0029,3,2220.92,0.84,5614.43
order_000825,product_0036,3,3161.33,0.78,7397.62
order_000825,product_0031,1,166.64,0.75,124.65
order_000825,product_0037,3,171.25,1.0,511.31
order_000826,product_0085,1,3877.47,0.98,3791.56
order_000826,product_0044,2,394.62,0.98,770.87
order_000827,product_0002,3,1062.63,0.88,2793.76
order_000828,product_0081,1,249.67,0.9,225.71
order_000828,product_0097,1,1228.6,0.98,1207.35
order_000828,product_0070,3,429.16,0.99,1269.86
order_000829,product_0090,2,316.49,0.81,511.51
order_000829,product_0094,3,465.33,0.83,1158.25
order_000829,product_0069,2,251.55,0.73,365.55
order_000829,product_0027,2,105.19,0.88,184.14
order_000829,product_0049,2,158.53,0.88,279.37
order_000830,product_0058,3,414.5,0.84,1040.51
order_000830,product_0026,1,165.38,0.73,121.17
order_000830,product_0089,1,45.03,0.75,33.74
order_000830,product_0030,2,851.17,0.74,1265.02
order_000831,product_0031,2,166.64,0.96,321.59
order_000831,product_0012,2,615.3,0.85,1040.12
order_000831,product_0099,3,408.72,0.96,1179.85
order_000832,product_0092,2,114.84,0.78,178.07
order_000832,product_0015,3,889.71,0.95,2525.5
order_000832,product_0067,2,1068.73,1.0,2136.12
order_000832,product_0066,1,166.29,0.92,152.53
order_000833,product_0051,3,986.1,0.97,2876.88
order_000833,product_0090,2,316.49,0.78,496.5
order_000834,product_0048,1,1563.92,0.82,1277.43
order_000834,product_0040,3,267.72,0.83,665.12
order_000834,product_0072,1,522.59,0.91,476.43
order_000834,product_0023,1,1889.93,0.87,1636.4
order_000834,product_0049,2,158.53,0.99,312.84
order_000835,product_0060,3,3260.77,0.72,7022.6
order_000836,product_0032,1,4394.58,0.85,3723.99
order_000837,product_0018,2,815.05,0.88,1441.06
order_000837,product_0013,2,1762.43,0.91,3201.27
order_000837,product_0025,2,418.26,1.0,836.09
order_000837,product_0076,3,827.87,0.96,2378.41
order_000837,product_0038,2,833.85,0.87,1450.39
order_000838,product_0036,1,3161.33,0.83,2625.11
order_000839,product_0072,2,522.59,0.85,885.92
order_000839,product_0068,1,408.45,0.91,370.37
order_000840,product_0078,1,745.58,0.83,619.32
order_000840,product_0003,1,810.71,0.94,758.71
order_000840,product_0026,2,165.38,0.75,247.08
order_000841,product_0035,1,455.76,0.7,319.32
order_000841,product_0038,2,833.85,0.95,1576.92
order_000841,product_0078,2,745.58,0.94,1405.3
order_000842,product_0092,3,114.84,0.97,334.65
order_000842,product_0041,3,416.17,0.84,1048.04
order_000842,product_0003,3,810.71,0.85,2062.57
order_000842,product_0014,2,2890.27,0.85,4936.12
order_000842,product_0026,3,165.38,0.93,462.93
order_000843,product_0035,2,455.76,0.78,707.58
order_000844,product_0043,1,1552.19,0.71,1095.5
order_000845,product_0085,1,3877.47,0.96,3724.3
order_000845,product_0096,3,147.09,0.97,426.23
order_000845,product_0073,1,2174.6,0.89,1943.92
order_000845,product_0072,2,522.59,0.92,965.38
order_000845,product_0041,1,416.17,0.89,372.19
order_000846,product_0038,1,833.85,0.75,623.43
order_000847,product_0034,3,143.75,0.75,321.68
order_000847,product_0023,2,1889.93,0.71,2693.49
order_000847,product_0040,3,267.72,0.96,770.63
order_000848,product_0077,1,136.92,0.72,98.82
order_000848,product_0068,1,408.45,0.91,371.42
order_000848,product_0026,3,165.38,0.83,409.55
order_000848,product_0091,2,1546.55,0.76,2339.07
order_000849,product_0100,2,4775.03,0.8,7622.98
order_000849,product_0038,1,833.85,0.8,664.65
order_000849,product_0043,3,1552.19,0.73,3404.29
order_000850,product_0068,3,408.45,0.72,888.23
order_000850,product_0025,2,418.26,0.84,704.0
order_000850,product_0034,2,143.75,0.81,232.58
order_000850,product_0024,3,184.03,0.85,469.4
order_000850,product_0043,3,1552.19,0.95,4408.96
order_000851,product_0059,2,51.42,0.99,102.0
order_000851,product_0008,2,2803.44,0.91,5129.33
order_000852,product_0089,2,45.03,0.84,75.9
order_000852,product_0025,2,418.26,0.92,768.49
order_000852,product_0087,3,1093.92,0.95,3119.28
order_000853,product_0010,2,408.3,0.79,642.6
order_000854,product_0054,1,510.54,0.87,446.45
order_000854,product_0009,3,522.7,0.85,1335.26
order_000854,product_0014,1,2890.27,0.99,2867.75
order_000854,product_0039,2,1878.99,0.91,3415.29
order_000854,product_0033,3,1946.63,0.72,4179.18
order_000855,product_0047,2,487.4,0.94,918.05
order_000855,product_0083,2,846.2,0.91,1547.15
order_000856,product_0090,1,316.49,0.8,252.57
order_000856,product_0019,3,2966.75,0.99,8789.62
order_000856,product_0019,1,2966.75,0.91,2695.0
order_000857,product_0043,1,1552.19,0.71,1109.56
order_000857,product_0058,2,414.5,0.94,782.88
order_000857,product_0013,2,1762.43,0.74,2616.68
order_000857,product_0051,1,986.1,0.77,759.93
order_000857,product_0003,2,810.71,0.79,1282.77
order_000858,product_0098,1,1899.63,0.84,1593.35
order_000858,product_0023,3,1889.93,0.94,5312.13
order_000859,product_0054,1,510.54,0.86,438.83
order_000859,product_0060,1,3260.77,0.83,2704.87
order_000859,product_0055,1,258.67,0.91,236.4
order_000859,product_0056,3,754.6,0.74,1667.23
order_000860,product_0049,3,158.53,0.91,432.57
order_000860,product_0079,3,129.11,0.8,309.49
order_000861,product_0056,1,754.6,0.86,651.42
order_000861,product_0028,1,3202.88,0.91,2920.33
order_000861,product_0040,3,267.72,0.9,725.79
order_000861,product_0038,3,833.85,0.74,1846.07
order_000861,product_0030,2,851.17,0.96,1633.27
order_000862,product_0091,1,1546.55,0.96,1485.1
order_000862,product_0038,1,833.85,0.87,727.27
order_000862,product_0015,2,889.71,0.72,1274.49
order_000862,product_0060,1,3260.77,0.8,2605.97
order_000863,product_0018,1,815.05,0.88,715.32
order_000863,product_0060,2,3260.77,0.95,6179.75
order_000863,product_0084,1,205.17,0.97,199.35
order_000864,product_0063,1,905.54,0.96,868.98
order_000864,product_0083,1,846.2,0.81,689.31
order_000864,product_0019,2,2966.75,0.74,4380.04
order_000865,product_0039,3,1878.99,0.73,4123.14
order_000865,product_0034,1,143.75,0.79,113.98
order_000865,product_0096,2,147.09,0.74,216.33
order_000866,product_0095,2,917.2,0.98,1801.9
order_000866,product_0086,1,450.93,1.0,450.55
order_000866,product_0009,3,522.7,0.83,1301.87
order_000867,product_0090,2,316.49,0.84,530.41
order_000867,product_0098,1,1899.63,0.78,1484.49
order_000868,product_0092,2,114.84,0.96,219.77
order_000868,product_0070,3,429.16,0.82,1059.53
order_000868,product_0071,1,434.99,0.7,305.78
order_000869,product_0045,1,431.23,0.8,343.48
order_000869,product_0081,1,249.67,0.97,241.85
order_000869,product_0094,2,465.33,0.87,808.68
order_000869,product_0035,2,455.76,0.78,707.53
order_000870,product_0059,2,51.42,0.86,88.89
order_000870,product_0100,2,4775.03,0.72,6847.5
order_000870,product_0072,1,522.59,0.76,398.84
order_000870,product_0009,2,522.7,0.8,837.01
order_000870,product_0050,3,1140.24,0.98,3342.1
order_000871,product_0095,2,917.2,0.71,1297.38
order_000871,product_0014,3,2890.27,0.86,7465.28
order_000871,product_0063,3,905.54,0.74,2015.78
order_000872,product_0037,3,171.25,0.94,483.08
order_000872,product_0057,2,1403.71,0.75,2110.72
order_000872,product_0068,2,408.45,0.79,643.08
order_000872,product_0008,3,2803.44,0.82,6888.67
order_000872,product_0017,2,361.8,0.86,620.53
order_000873,product_0082,2,2909.14,0.89,5150.27
order_000873,product_0079,1,129.11,0.79,102.17
order_000873,product_0002,1,1062.63,0.83,885.37
order_000873,product_0027,3,105.19,0.93,291.98
order_000874,product_0065,2,343.18,0.97,664.6
order_000874,product_0072,1,522.59,0.98,513.99
order_000874,product_0028,2,3202.88,0.72,4626.55
order_000875,product_0076,3,827.87,0.84,2080.38
order_000876,product_0069,3,251.55,0.98,740.32
order_000876,product_0074,3,622.24,0.97,1807.78
order_000876,product_0052,3,1439.64,0.86,3721.38
order_000877,product_0090,2,316.49,0.84,532.43
order_000877,product_0010,1,408.3,0.96,393.85
order_000878,product_0077,3,136.92,0.74,304.68
order_000878,product_0048,2,1563.92,0.77,2419.66
order_000879,product_0086,3,450.93,0.84,1134.36
order_000880,product_0027,1,105.19,0.72,75.95
order_000881,product_0007,3,87.52,0.91,239.35
order_000881,product_0044,3,394.62,0.99,1166.36
order_000881,product_0070,1,429.16,0.7,302.33
order_000882,product_0086,1,450.93,0.83,375.1
order_000882,product_0086,2,450.93,0.84,754.65
order_000882,product_0045,2,431.23,0.79,683.56
order_000882,product_0060,2,3260.77,0.71,4640.63
order_000882,product_0002,2,1062.63,0.77,1630.91
order_000883,product_0056,3,754.6,0.92,2078.66
order_000883,product_0089,2,45.03,0.71,63.65
order_000883,product_0003,1,810.71,0.78,631.63
order_000883,product_0062,2,35.13,0.88,61.6
order_000883,product_0034,3,143.75,0.9,387.55
order_000884,product_0047,3,487.4,0.79,1149.53
order_000884,product_0050,1,1140.24,0.99,1130.84
order_000885,product_0100,3,4775.03,0.81,11599.48
order_000886,product_0078,2,745.58,0.77,1147.19
order_000886,product_0061,2,433.27,0.78,676.21
order_000887,product_0061,3,433.27,0.84,1087.58
order_000887,product_0033,3,1946.63,0.81,4725.91
order_000888,product_0098,3,1899.63,0.88,5033.0
order_000888,product_0089,1,45.03,0.76,34.36
order_000888,product_0024,3,184.03,0.74,410.5
order_000888,product_0017,1,361.8,0.82,296.02
order_000888,product_0091,1,1546.55,0.77,1188.83
order_000889,product_0083,2,846.2,0.96,1630.03
order_000889,product_0041,1,416.17,0.7,293.24
order_000889,product_0086,2,450.93,0.88,795.31
order_000889,product_0074,1,622.24,0.79,488.75
order_000889,product_0017,2,361.8,0.71,513.16
order_000890,product_0019,1,2966.75,0.71,2116.83
order_000890,product_0046,1,258.53,0.82,212.6
order_000890,product_0064,1,3486.99,0.78,2704.72
order_000890,product_0071,1,434.99,0.88,381.17
order_000890,product_0070,2,429.16,0.77,658.71
order_000891,product_0005,1,169.56,0.7,118.8
order_000892,product_0094,2,465.33,0.9,837.95
order_000892,product_0061,1,433.27,0.83,360.81
order_000892,product_0046,3,258.53,0.79,615.54
order_000893,product_0003,1,810.71,0.91,739.39
order_000893,product_0025,2,418.26,0.73,606.91
order_000893,product_0046,1,258.53,0.7,181.65
order_000893,product_0021,2,163.3,0.8,262.37
order_000893,product_0063,1,905.54,0.8,725.95
order_000894,product_0040,3,267.72,0.9,724.05
order_000894,product_0065,2,343.18,0.82,564.56
order_000894,product_0060,2,3260.77,0.91,5933.05
order_000894,product_0022,2,1926.05,0.82,3171.21
order_000894,product_0032,3,4394.58,0.98,12955.7
order_000895,product_0031,3,166.64,0.81,405.8
order_000895,product_0038,3,833.85,0.88,2198.31
order_000896,product_0011,2,2576.99,0.81,4158.82
order_000896,product_0035,2,455.76,0.78,707.69
order_000896,product_0055,3,258.67,0.89,691.14
order_000896,product_0095,1,917.2,0.92,840.77
order_000896,product_0064,2,3486.99,0.85,5915.42
order_000897,product_0051,2,986.1,0.94,1863.7
order_000897,product_0026,2,165.38,0.85,281.86
order_000898,product_0059,1,51.42,0.96,49.13
order_000899,product_0019,2,2966.75,0.76,4508.83
order_000899,product_0015,3,889.71,0.99,2638.44
order_000899,product_0046,2,258.53,0.71,368.73
order_000899,product_0007,2,87.52,0.82,143.44
order_000899,product_0015,2,889.71,0.82,1460.03
order_000900,product_0069,2,251.55,0.73,366.84
order_000900,product_0080,3,3202.18,0.9,8675.67
order_000901,product_0002,3,1062.63,0.72,2282.81
order_000901,product_0050,1,1140.24,0.81,926.43
order_000902,product_0075,1,36.6,0.78,28.7
order_000902,product_0075,1,36.6,0.91,33.4
order_000902,product_0096,3,147.09,0.87,382.59
order_000902,product_0022,2,1926.05,0.84,3228.45
order_000902,product_0076,1,827.87,0.9,746.64
order_000903,product_0092,3,114.84,0.99,341.37
order_000903,product_0018,1,815.05,0.89,728.43
order_000904,product_0058,2,414.5,0.89,735.03
order_000904,product_0081,3,249.67,0.78,587.42
order_000905,product_0069,1,251.55,0.77,194.77
order_000905,product_0044,3,394.62,0.73,864.3
order_000906,product_0018,1,815.05,0.87,706.45
order_000906,product_0038,3,833.85,0.91,2272.31
order_000906,product_0019,1,2966.75,0.95,2805.86
order_000906,product_0062,2,35.13,0.96,67.21
order_000907,product_0030,3,851.17,0.81,2063.84
order_000907,product_0048,1,1563.92,0.79,1236.79
order_000908,product_0082,3,2909.14,0.99,8611.78
order_000908,product_0019,3,2966.75,0.88,7802.21
order_000909,product_0004,2,4896.76,0.79,7736.8
order_000909,product_0041,3,416.17,0.82,1029.22
order_000909,product_0061,3,433.27,0.75,980.06
order_000909,product_0013,2,1762.43,0.94,3320.66
order_000910,product_0082,3,2909.14,0.72,6310.08
order_000911,product_0010,3,408.3,0.72,887.38
order_000911,product_0044,2,394.62,0.84,662.6
order_000912,product_0030,2,851.17,0.8,1357.53
order_000912,product_0077,1,136.92,0.73,100.23
order_000913,product_0097,2,1228.6,0.77,1889.65
order_000913,product_0100,1,4775.03,0.71,3388.39
order_000914,product_0008,3,2803.44,0.83,6949.05
order_000914,product_0093,3,845.23,0.72,1817.64
order_000914,product_0006,2,873.64,0.84,1475.09
order_000915,product_0042,1,1068.32,0.9,959.89
order_000915,product_0075,3,36.6,0.8,87.4
order_000915,product_0049,2,158.53,0.9,286.64
order_000915,product_0050,3,1140.24,0.98,3347.98
order_000915,product_0015,3,889.71,1.0,2668.87
order_000916,product_0062,1,35.13,0.76,26.56
order_000916,product_0025,3,418.26,0.98,1234.39
order_000916,product_0001,3,1796.91,0.75,4036.56
order_000916,product_0042,2,1068.32,0.95,2028.34
order_000917,product_0018,1,815.05,0.86,698.58
order_000917,product_0020,2,1829.43,0.81,2949.67
order_000918,product_0050,2,1140.24,0.73,1659.66
order_000918,product_0028,2,3202.88,0.74,4754.03
order_000919,product_0022,3,1926.05,0.77,4472.2
order_000920,product_0096,2,147.09,0.83,245.48
order_000920,product_0052,2,1439.64,0.87,2507.28
order_000920,product_0070,2,429.16,0.88,753.31
order_000920,product_0064,1,3486.99,0.82,2859.58
order_000921,product_0031,3,166.64,0.87,435.63
order_000921,product_0025,1,418.26,0.94,393.34
order_000921,product_0091,1,1546.55,0.75,1163.75
order_000921,product_0007,3,87.52,0.93,243.1
order_000922,product_0083,3,846.2,0.87,2206.62
order_000922,product_0083,1,846.2,0.74,627.35
order_000922,product_0019,3,2966.75,0.77,6823.87
order_000922,product_0075,3,36.6,0.74,81.49
order_000922,product_0087,3,1093.92,0.9,2962.67
order_000923,product_0025,3,418.26,0.85,1071.34
order_000923,product_0093,2,845.23,0.99,1670.3
order_000924,product_0021,3,163.3,0.86,419.62
order_000924,product_0029,2,2220.92,0.71,3150.68
order_000925,product_0087,3,1093.92,0.9,2952.78
order_000925,product_0067,1,1068.73,0.71,759.0
order_000926,product_0065,3,343.18,0.84,865.59
order_000926,product_0070,3,429.16,0.7,907.22
order_000926,product_0063,1,905.54,0.7,634.54
order_000926,product_0026,2,165.38,0.73,240.88
order_000927,product_0084,3,205.17,0.99,609.68
order_000927,product_0042,3,1068.32,0.74,2361.1
order_000927,product_0034,3,143.75,0.91,394.12
order_000927,product_0037,1,171.25,0.93,159.57
order_000928,product_0018,1,815.05,0.74,603.15
order_000929,product_0005,2,169.56,0.74,250.83
order_000930,product_0074,2,622.24,0.88,1094.91
order_000930,product_0023,1,1889.93,0.81,1534.03
order_000931,product_0095,3,917.2,0.73,1999.57
order_000932,product_0022,3,1926.05,0.71,4102.61
order_000932,product_0025,1,418.26,0.8,334.78
order_000932,product_0066,3,166.29,0.87,431.83
order_000932,product_0021,3,163.3,0.99,484.54
order_000932,product_0098,2,1899.63,0.94,3565.71
order_000933,product_0036,3,3161.33,0.78,7417.93
order_000933,product_0030,1,851.17,0.95,804.99
order_000934,product_0035,1,455.76,0.83,379.45
order_000934,product_0056,1,754.6,0.81,614.44
order_000934,product_0036,1,3161.33,0.97,3071.17
order_000934,product_0098,3,1899.63,0.84,4759.24
order_000935,product_0007,1,87.52,0.92,80.55
order_000936,product_0015,3,889.71,0.99,2635.48
order_000936,product_0008,1,2803.44,0.92,2577.49
order_000936,product_0063,2,905.54,0.72,1306.85
order_000937,product_0031,2,166.64,0.8,265.16
order_000938,product_0067,3,1068.73,0.86,2756.36
order_000938,product_0074,2,622.24,0.9,1115.97
order_000938,product_0080,3,3202.18,0.76,7328.31
order_000938,product_0100,3,4775.03,0.83,11891.07
order_000938,product_0057,1,1403.71,0.94,1326.1
order_000939,product_0096,1,147.09,0.83,122.35
order_000940,product_0021,3,163.3,0.81,397.05
order_000940,product_0021,3,163.3,0.71,345.6
order_000940,product_0006,1,873.64,0.82,716.16
order_000940,product_0058,2,414.5,0.96,792.01
order_000941,product_0056,3,754.6,0.8,1804.69
order_000941,product_0062,2,35.13,0.87,61.05
order_000942,product_0021,2,163.3,0.78,253.7
order_000942,product_0090,2,316.49,0.94,592.36
order_000942,product_0070,3,429.16,0.73,946.2
order_000942,product_0030,2,851.17,0.71,1201.96
order_000943,product_0034,1,143.75,0.8,115.58
order_000944,product_0021,3,163.3,0.81,396.99
order_000945,product_0019,3,2966.75,0.75,6706.74
order_000945,product_0079,1,129.11,0.71,92.22
order_000946,product_0036,3,3161.33,0.8,7562.77
order_000946,product_0044,3,394.62,0.93,1099.26
order_000946,product_0040,2,267.72,0.86,460.58
order_000946,product_0063,1,905.54,0.76,690.59
order_000947,product_0015,1,889.71,0.92,814.44
order_000947,product_0076,2,827.87,0.87,1438.02
order_000948,product_0095,3,917.2,0.99,2732.59
order_000948,product_0073,3,2174.6,0.8,5203.52
order_000949,product_0100,1,4775.03,0.87,4157.71
order_000950,product_0008,3,2803.44,0.73,6115.97
order_000950,product_0030,2,851.17,0.79,1336.37
order_000951,product_0062,3,35.13,0.76,80.31
order_000952,product_0008,1,2803.44,0.76,2121.09
order_000952,product_0047,1,487.4,0.8,389.01
order_000952,product_0050,3,1140.24,0.85,2920.37
order_000952,product_0028,1,3202.88,0.95,3029.43
order_000952,product_0001,2,1796.91,1.0,3580.86
order_000953,product_0031,2,166.64,0.93,310.95
order_000953,product_0089,1,45.03,0.71,31.86
order_000953,product_0016,2,578.89,0.74,859.61
order_000953,product_0020,2,1829.43,0.9,3286.9
order_000953,product_0053,3,380.57,0.79,899.86
order_000954,product_0017,1,361.8,0.83,299.65
order_000955,product_0017,1,361.8,0.82,296.83
order_000955,product_0090,3,316.49,0.97,925.31
order_000955,product_0072,3,522.59,0.83,1296.66
order_000956,product_0072,3,522.59,0.7,1102.31
order_000956,product_0023,3,1889.93,0.82,4638.83
order_000956,product_0091,1,1546.55,0.9,1387.69
order_000956,product_0029,3,2220.92,0.87,5780.06
order_000956,product_0051,3,986.1,0.84,2480.3
order_000957,product_0086,2,450.93,0.9,812.84
order_000957,product_0006,3,873.64,0.85,2229.36
order_000957,product_0009,3,522.7,0.9,1412.09
order_000958,product_0038,3,833.85,0.99,2473.6
order_000958,product_0091,2,1546.55,0.8,2486.7
order_000958,product_0038,1,833.85,0.99,826.59
order_000958,product_0081,3,249.67,0.8,598.12
order_000958,product_0030,1,851.17,0.71,602.17
order_000959,product_0008,1,2803.44,0.71,1991.04
order_000959,product_0008,1,2803.44,0.86,2421.49
order_000959,product_0059,3,51.42,0.78,119.59
order_000960,product_0055,3,258.67,0.8,618.6
order_000960,product_0054,2,510.54,0.86,877.99
order_000960,product_0013,2,1762.43,0.93,3274.31
order_000960,product_0071,3,434.99,0.74,967.81
order_000961,product_0035,3,455.76,0.77,1057.43
order_000961,product_0007,2,87.52,0.72,126.16
order_000961,product_0051,2,986.1,0.99,1951.96
order_000961,product_0038,1,833.85,0.96,803.76
order_000961,product_0026,2,165.38,0.98,325.53
order_000962,product_0050,3,1140.24,0.88,3023.29
order_000962,product_0022,1,1926.05,0.8,1531.95
order_000963,product_0043,2,1552.19,0.71,2212.49
order_000963,product_0064,3,3486.99,0.84,8760.23
order_000963,product_0007,1,87.52,0.82,72.03
order_000963,product_0002,2,1062.63,0.76,1613.71
order_000963,product_0002,2,1062.63,0.89,1899.01
order_000964,product_0089,2,45.03,0.98,88.57
order_000964,product_0092,3,114.84,0.84,290.1
order_000964,product_0087,3,1093.92,0.79,2589.95
order_000964,product_0040,2,267.72,0.74,397.71
order_000965,product_0018,3,815.05,0.88,2153.27
order_000966,product_0091,1,1546.55,0.93,1440.84
order_000966,product_0031,1,166.64,0.91,150.87
order_000966,product_0098,2,1899.63,0.89,3383.95
order_000966,product_0059,3,51.42,0.93,143.44
order_000966,product_0078,2,745.58,0.95,1413.5
order_000967,product_0029,1,2220.92,0.8,1781.06
order_000968,product_0050,2,1140.24,0.79,1810.24
order_000968,product_0059,2,51.42,0.96,98.5
order_000968,product_0027,2,105.19,0.96,200.96
order_000968,product_0076,2,827.87,0.92,1516.17
order_000969,product_0084,3,205.17,0.99,606.57
order_000969,product_0067,2,1068.73,0.95,2036.45
order_000969,product_0061,2,433.27,0.92,794.91
order_000970,product_0049,3,158.53,0.88,418.18
order_000970,product_0072,3,522.59,0.73,1149.43
order_000971,product_0082,3,2909.14,0.76,6612.87
order_000971,product_0003,3,810.71,0.98,2386.23
order_000972,product_0078,1,745.58,0.8,600.08
order_000973,product_0008,2,2803.44,0.87,4896.65
order_000973,product_0010,2,408.3,0.83,677.99
order_000974,product_0012,1,615.3,0.76,465.92
order_000974,product_0035,1,455.76,0.91,415.84
order_000974,product_0082,2,2909.14,0.83,4815.38
order_000974,product_0017,2,361.8,0.88,637.87
order_000975,product_0058,1,414.5,0.8,333.64
order_000975,product_0061,1,433.27,0.95,409.55
order_000975,product_0031,3,166.64,0.82,410.97
order_000976,product_0053,2,380.57,0.9,681.8
order_000976,product_0022,3,1926.05,0.78,4484.8
order_000976,product_0015,2,889.71,0.91,1612.86
order_000977,product_0040,1,267.72,0.99,265.35
order_000977,product_0072,2,522.59,0.95,993.38
order_000977,product_0027,3,105.19,0.88,276.78
order_000977,product_0005,3,169.56,0.87,444.76
order_000978,product_0084,2,205.17,0.74,301.96
order_000979,product_0024,2,184.03,0.73,268.55
order_000979,product_0017,1,361.8,0.79,286.41
order_000979,product_0007,1,87.52,0.81,71.13
order_000979,product_0012,1,615.3,0.78,479.9
order_000980,product_0010,1,408.3,0.98,401.18
order_000980,product_0052,2,1439.64,0.95,2733.58
order_000980,product_0040,1,267.72,0.88,234.74
order_000980,product_0068,1,408.45,0.84,344.16
order_000980,product_0060,1,3260.77,0.99,3240.64
order_000981,product_0089,1,45.03,0.85,38.38
order_000981,product_0079,3,129.11,0.98,379.25
order_000982,product_0037,3,171.25,0.74,377.67
order_000982,product_0005,2,169.56,0.99,335.03
order_000982,product_0081,2,249.67,0.87,432.56
order_000982,product_0003,1,810.71,0.83,669.03
order_000983,product_0079,1,129.11,0.95,122.38
order_000983,product_0074,3,622.24,0.71,1320.69
order_000983,product_0014,2,2890.27,0.84,4861.1
order_000984,product_0095,1,917.2,0.77,707.45
order_000984,product_0028,1,3202.88,0.82,2619.11
order_000984,product_0028,2,3202.88,0.98,6273.95
order_000984,product_0087,1,1093.92,0.91,990.99
order_000984,product_0080,2,3202.18,0.96,6130.74
order_000985,product_0067,1,1068.73,0.95,1011.91
order_000985,product_0060,1,3260.77,0.77,2500.66
order_000986,product_0081,3,249.67,0.94,700.37
order_000986,product_0013,1,1762.43,0.88,1552.75
order_000986,product_0092,3,114.84,0.87,298.8
order_000986,product_0075,3,36.6,0.97,106.15
order_000986,product_0098,3,1899.63,0.82,4674.63
order_000987,product_0084,1,205.17,0.92,188.12
order_000987,product_0029,3,2220.92,0.99,6599.11
order_000987,product_0021,3,163.3,0.86,423.18
order_000987,product_0076,2,827.87,0.72,1185.51
order_000987,product_0033,2,1946.63,0.78,3041.49
order_000988,product_0001,1,1796.91,0.97,1734.65
order_000988,product_0015,3,889.71,0.86,2303.62
order_000988,product_0032,2,4394.58,0.97,8481.63
order_000988,product_0033,2,1946.63,0.8,3121.9
order_000988,product_0039,3,1878.99,0.71,4016.98
order_000989,product_0066,2,166.29,0.81,268.87
order_000989,product_0029,2,2220.92,0.89,3945.73
order_000990,product_0029,3,2220.92,0.98,6534.43
order_000990,product_0100,3,4775.03,0.71,10104.4
order_000990,product_0031,2,166.64,0.91,304.54
order_000990,product_0082,2,2909.14,0.8,4660.45
order_000991,product_0056,3,754.6,0.99,2239.24
order_000991,product_0081,2,249.67,0.73,362.07
order_000991,product_0008,1,2803.44,0.74,2068.46
order_000992,product_0004,2,4896.76,0.86,8461.96
order_000992,product_0024,3,184.03,0.95,524.39
order_000992,product_0036,3,3161.33,0.94,8943.6
order_000993,product_0001,2,1796.91,0.88,3176.36
order_000993,product_0005,3,169.56,0.74,374.66
order_000993,product_0026,1,165.38,0.87,143.86
order_000993,product_0055,3,258.67,0.95,739.22
order_000994,product_0014,3,2890.27,0.86,7434.14
order_000994,product_0037,2,171.25,0.8,274.44
order_000994,product_0084,3,205.17,0.8,492.81
order_000994,product_0019,1,2966.75,0.96,2850.84
order_000995,product_0043,1,1552.19,0.8,1246.58
order_000995,product_0001,3,1796.91,0.73,3935.6
order_000995,product_0085,2,3877.47,0.78,6070.74
order_000995,product_0071,1,434.99,0.73,315.85
order_000996,product_0003,2,810.71,0.75,1208.73
order_000996,product_0057,1,1403.71,0.98,1368.94
order_000996,product_0052,2,1439.64,0.94,2716.04
order_000996,product_0028,2,3202.88,0.78,4965.87
order_000997,product_0035,2,455.76,0.9,819.57
order_000997,product_0052,2,1439.64,0.71,2053.98
order_000997,product_0036,3,3161.33,0.9,8569.87
order_000997,product_0029,1,2220.92,0.97,2154.13
order_000997,product_0072,3,522.59,0.79,1235.87
order_000998,product_0064,3,3486.99,0.85,8938.84
order_000998,product_0030,3,851.17,0.78,1984.84
order_000998,product_0053,3,380.57,0.95,1085.7
order_000998,product_0034,3,143.75,0.81,350.72
order_000999,product_0073,1,2174.6,0.98,2133.99
order_000999,product_0031,3,166.64,0.73,363.1
order_000999,product_0099,2,408.72,0.96,782.01
order_001000,product_0062,1,35.13,0.81,28.41
order_001000,product_0086,3,450.93,0.8,1077.38
