country,year,production,sales,brand,engine_type,hp_range
Germany,2015,190.0,177.0,BMW,Turbo,<300hp
Germany,2015,1055.0,919.0,BMW,Turbo,300-500hp
Germany,2015,,358.0,BMW,Turbo,>500hp
Germany,2015,692.0,,BMW,Naturally Aspirated,<300hp
Germany,2015,1225.0,1084.0,BMW,Naturally Aspirated,300-500hp
Germany,2015,379.0,340.0,BMW,Naturally Aspirated,>500hp
Germany,2015,382.0,338.0,Mercedes-Benz,Turbo,<300hp
Germany,2015,531.0,466.0,Mercedes-Benz,Turbo,300-500hp
Germany,2015,776.0,717.0,Mercedes-Benz,Turbo,>500hp
Germany,2015,359.0,327.0,Mercedes-Benz,Naturally Aspirated,<300hp
Germany,2015,730.0,624.0,Mercedes-Benz,Naturally Aspirated,300-500hp
Germany,2015,1053.0,981.0,Mercedes-Benz,Naturally Aspirated,>500hp
Germany,2015,508.0,435.0,Toyota,Turbo,<300hp
Germany,2015,1056.0,1016.0,Toyota,Turbo,300-500hp
Germany,2015,614.0,581.0,Toyota,Turbo,>500hp
Germany,2015,498.0,424.0,Toyota,Naturally Aspirated,<300hp
Germany,2015,670.0,588.0,Toyota,Naturally Aspirated,300-500hp
Germany,2015,474.0,437.0,Toyota,Naturally Aspirated,>500hp
Germany,2015,191.0,163.0,Lamborghini,Turbo,<300hp
Germany,2015,1314.0,1157.0,Lamborghini,Turbo,300-500hp
Germany,2015,1066.0,1002.0,Lamborghini,Turbo,>500hp
Germany,2015,228.0,208.0,Lamborghini,Naturally Aspirated,<300hp
Germany,2015,1563.0,1363.0,Lamborghini,Naturally Aspirated,300-500hp
Germany,2015,158.0,141.0,Lamborghini,Naturally Aspirated,>500hp
Japan,2015,161.0,142.0,Audi,Turbo,<300hp
Japan,2015,,980.0,Audi,Turbo,300-500hp
Japan,2015,899.0,847.0,Audi,Turbo,>500hp
Japan,2015,463.0,409.0,Audi,Naturally Aspirated,<300hp
Japan,2015,392.0,367.0,Audi,Naturally Aspirated,300-500hp
Japan,2015,1459.0,1253.0,Audi,Naturally Aspirated,>500hp
Japan,2015,509.0,472.0,BMW,Turbo,<300hp
Japan,2015,1583.0,1509.0,BMW,Turbo,300-500hp
Japan,2015,1057.0,906.0,BMW,Turbo,>500hp
Japan,2015,541.0,503.0,BMW,Naturally Aspirated,<300hp
Japan,2015,573.0,537.0,BMW,Naturally Aspirated,300-500hp
Japan,2015,960.0,918.0,BMW,Naturally Aspirated,>500hp
Japan,2015,584.0,549.0,Lamborghini,Turbo,<300hp
Japan,2015,440.0,414.0,Lamborghini,Turbo,300-500hp
Japan,2015,401.0,342.0,Lamborghini,Turbo,>500hp
Japan,2015,129.0,116.0,Lamborghini,Naturally Aspirated,<300hp
Japan,2015,872.0,762.0,Lamborghini,Naturally Aspirated,300-500hp
Japan,2015,399.0,369.0,Lamborghini,Naturally Aspirated,>500hp
Japan,2015,194.0,178.0,Rolls-Royce,Turbo,<300hp
Japan,2015,993.0,860.0,Rolls-Royce,Turbo,300-500hp
Japan,2015,638.0,600.0,Rolls-Royce,Turbo,>500hp
Japan,2015,285.0,274.0,Rolls-Royce,Naturally Aspirated,<300hp
Japan,2015,977.0,911.0,Rolls-Royce,Naturally Aspirated,300-500hp
Japan,2015,916.0,847.0,Rolls-Royce,Naturally Aspirated,>500hp
USA,2015,687.0,613.0,Lotus,Turbo,<300hp
USA,2015,926.0,787.0,Lotus,Turbo,300-500hp
USA,2015,,1492.0,Lotus,Turbo,>500hp
USA,2015,251.0,241.0,Lotus,Naturally Aspirated,<300hp
USA,2015,2051.0,1797.0,Lotus,Naturally Aspirated,300-500hp
USA,2015,691.0,645.0,Lotus,Naturally Aspirated,>500hp
USA,2015,509.0,492.0,Ferrari,Turbo,<300hp
USA,2015,931.0,819.0,Ferrari,Turbo,300-500hp
USA,2015,1371.0,1282.0,Ferrari,Turbo,>500hp
USA,2015,462.0,408.0,Ferrari,Naturally Aspirated,<300hp
USA,2015,1899.0,1674.0,Ferrari,Naturally Aspirated,300-500hp
USA,2015,1593.0,1450.0,Ferrari,Naturally Aspirated,>500hp
USA,2015,293.0,,Mercedes-Benz,Turbo,<300hp
USA,2015,2066.0,1924.0,Mercedes-Benz,Turbo,300-500hp
USA,2015,765.0,691.0,Mercedes-Benz,Turbo,>500hp
USA,2015,483.0,424.0,Mercedes-Benz,Naturally Aspirated,<300hp
USA,2015,2085.0,1962.0,Mercedes-Benz,Naturally Aspirated,300-500hp
USA,2015,1635.0,1437.0,Mercedes-Benz,Naturally Aspirated,>500hp
USA,2015,1059.0,946.0,Audi,Turbo,<300hp
USA,2015,1784.0,1726.0,Audi,Turbo,300-500hp
USA,2015,842.0,798.0,Audi,Turbo,>500hp
USA,2015,240.0,208.0,Audi,Naturally Aspirated,<300hp
USA,2015,2486.0,2168.0,Audi,Naturally Aspirated,300-500hp
USA,2015,795.0,732.0,Audi,Naturally Aspirated,>500hp
Italy,2015,1140.0,1064.0,Lamborghini,Turbo,<300hp
Italy,2015,457.0,424.0,Lamborghini,Turbo,300-500hp
Italy,2015,449.0,411.0,Lamborghini,Turbo,>500hp
Italy,2015,1035.0,912.0,Lamborghini,Naturally Aspirated,<300hp
Italy,2015,2533.0,2322.0,Lamborghini,Naturally Aspirated,300-500hp
Italy,2015,1836.0,1602.0,Lamborghini,Naturally Aspirated,>500hp
Italy,2015,917.0,856.0,Subaru,Turbo,<300hp
Italy,2015,1653.0,1583.0,Subaru,Turbo,300-500hp
Italy,2015,1476.0,1411.0,Subaru,Turbo,>500hp
Italy,2015,537.0,466.0,Subaru,Naturally Aspirated,<300hp
Italy,2015,1167.0,1085.0,Subaru,Naturally Aspirated,300-500hp
Italy,2015,301.0,256.0,Subaru,Naturally Aspirated,>500hp
Italy,2015,764.0,735.0,Ferrari,Turbo,<300hp
Italy,2015,1620.0,,Ferrari,Turbo,300-500hp
Italy,2015,1973.0,1792.0,Ferrari,Turbo,>500hp
Italy,2015,933.0,866.0,Ferrari,Naturally Aspirated,<300hp
Italy,2015,2740.0,2563.0,Ferrari,Naturally Aspirated,300-500hp
Italy,2015,1997.0,1775.0,Ferrari,Naturally Aspirated,>500hp
Italy,2015,1121.0,1002.0,Aston Martin,Turbo,<300hp
Italy,2015,1030.0,956.0,Aston Martin,Turbo,300-500hp
Italy,2015,1441.0,1318.0,Aston Martin,Turbo,>500hp
Italy,2015,363.0,324.0,Aston Martin,Naturally Aspirated,<300hp
Italy,2015,2367.0,2083.0,Aston Martin,Naturally Aspirated,300-500hp
Italy,2015,877.0,847.0,Aston Martin,Naturally Aspirated,>500hp
UK,2015,444.0,426.0,Chevrolet,Turbo,<300hp
UK,2015,1060.0,1019.0,Chevrolet,Turbo,300-500hp
UK,2015,363.0,350.0,Chevrolet,Turbo,>500hp
UK,2015,1039.0,1005.0,Chevrolet,Naturally Aspirated,<300hp
UK,2015,1114.0,986.0,Chevrolet,Naturally Aspirated,300-500hp
UK,2015,670.0,584.0,Chevrolet,Naturally Aspirated,>500hp
UK,2015,477.0,423.0,Honda,Turbo,<300hp
UK,2015,426.0,381.0,Honda,Turbo,300-500hp
UK,2015,484.0,465.0,Honda,Turbo,>500hp
UK,2015,916.0,789.0,Honda,Naturally Aspirated,<300hp
UK,2015,3069.0,2973.0,Honda,Naturally Aspirated,300-500hp
UK,2015,1590.0,1399.0,Honda,Naturally Aspirated,>500hp
UK,2015,860.0,821.0,Jaguar,Turbo,<300hp
UK,2015,873.0,830.0,Jaguar,Turbo,300-500hp
UK,2015,2194.0,1959.0,Jaguar,Turbo,>500hp
UK,2015,936.0,842.0,Jaguar,Naturally Aspirated,<300hp
UK,2015,1591.0,1517.0,Jaguar,Naturally Aspirated,300-500hp
UK,2015,464.0,398.0,Jaguar,Naturally Aspirated,>500hp
UK,2015,977.0,889.0,Bentley,Turbo,<300hp
UK,2015,3138.0,2912.0,Bentley,Turbo,300-500hp
UK,2015,2264.0,1938.0,Bentley,Turbo,>500hp
UK,2015,472.0,422.0,Bentley,Naturally Aspirated,<300hp
UK,2015,2226.0,2071.0,Bentley,Naturally Aspirated,300-500hp
UK,2015,2106.0,1907.0,Bentley,Naturally Aspirated,>500hp
France,2015,435.0,379.0,Toyota,Turbo,<300hp
France,2015,3527.0,3294.0,Toyota,Turbo,300-500hp
France,2015,2464.0,2381.0,Toyota,Turbo,>500hp
France,2015,694.0,593.0,Toyota,Naturally Aspirated,<300hp
France,2015,470.0,414.0,Toyota,Naturally Aspirated,300-500hp
France,2015,2115.0,1986.0,Toyota,Naturally Aspirated,>500hp
France,2015,591.0,504.0,Mercedes-Benz,Turbo,<300hp
France,2015,468.0,402.0,Mercedes-Benz,Turbo,300-500hp
France,2015,836.0,780.0,Mercedes-Benz,Turbo,>500hp
France,2015,478.0,409.0,Mercedes-Benz,Naturally Aspirated,<300hp
France,2015,769.0,694.0,Mercedes-Benz,Naturally Aspirated,300-500hp
France,2015,536.0,467.0,Mercedes-Benz,Naturally Aspirated,>500hp
France,2015,1216.0,1108.0,Audi,Turbo,<300hp
France,2015,1497.0,1350.0,Audi,Turbo,300-500hp
France,2015,1415.0,1210.0,Audi,Turbo,>500hp
France,2015,1503.0,1341.0,Audi,Naturally Aspirated,<300hp
France,2015,2465.0,2196.0,Audi,Naturally Aspirated,300-500hp
France,2015,883.0,755.0,Audi,Naturally Aspirated,>500hp
France,2015,836.0,796.0,Rolls-Royce,Turbo,<300hp
France,2015,2704.0,2355.0,Rolls-Royce,Turbo,300-500hp
France,2015,1752.0,1509.0,Rolls-Royce,Turbo,>500hp
France,2015,943.0,892.0,Rolls-Royce,Naturally Aspirated,<300hp
France,2015,1622.0,1412.0,Rolls-Royce,Naturally Aspirated,300-500hp
France,2015,1143.0,1060.0,Rolls-Royce,Naturally Aspirated,>500hp
South Korea,2015,488.0,452.0,Toyota,Turbo,<300hp
South Korea,2015,1134.0,1042.0,Toyota,Turbo,300-500hp
South Korea,2015,2377.0,2203.0,Toyota,Turbo,>500hp
South Korea,2015,1575.0,1492.0,Toyota,Naturally Aspirated,<300hp
South Korea,2015,3358.0,3233.0,Toyota,Naturally Aspirated,300-500hp
South Korea,2015,2471.0,2161.0,Toyota,Naturally Aspirated,>500hp
South Korea,2015,1708.0,1466.0,Lotus,Turbo,<300hp
South Korea,2015,3253.0,2772.0,Lotus,Turbo,300-500hp
South Korea,2015,1705.0,1575.0,Lotus,Turbo,>500hp
South Korea,2015,1145.0,983.0,Lotus,Naturally Aspirated,<300hp
South Korea,2015,1071.0,959.0,Lotus,Naturally Aspirated,300-500hp
South Korea,2015,1190.0,1060.0,Lotus,Naturally Aspirated,>500hp
South Korea,2015,214.0,189.0,Nissan,Turbo,<300hp
South Korea,2015,3164.0,2952.0,Nissan,Turbo,300-500hp
South Korea,2015,1128.0,1085.0,Nissan,Turbo,>500hp
South Korea,2015,429.0,406.0,Nissan,Naturally Aspirated,<300hp
South Korea,2015,2778.0,2543.0,Nissan,Naturally Aspirated,300-500hp
South Korea,2015,1682.0,1544.0,Nissan,Naturally Aspirated,>500hp
South Korea,2015,1150.0,1114.0,Lamborghini,Turbo,<300hp
South Korea,2015,3846.0,3328.0,Lamborghini,Turbo,300-500hp
South Korea,2015,,1318.0,Lamborghini,Turbo,>500hp
South Korea,2015,1621.0,1424.0,Lamborghini,Naturally Aspirated,<300hp
South Korea,2015,3583.0,3368.0,Lamborghini,Naturally Aspirated,300-500hp
South Korea,2015,1911.0,1647.0,Lamborghini,Naturally Aspirated,>500hp
China,2015,888.0,856.0,Mercedes-Benz,Turbo,<300hp
China,2015,3750.0,3471.0,Mercedes-Benz,Turbo,300-500hp
China,2015,2232.0,1975.0,Mercedes-Benz,Turbo,>500hp
China,2015,1317.0,1153.0,Mercedes-Benz,Naturally Aspirated,<300hp
China,2015,3805.0,3595.0,Mercedes-Benz,Naturally Aspirated,300-500hp
China,2015,1911.0,1650.0,Mercedes-Benz,Naturally Aspirated,>500hp
China,2015,1334.0,1293.0,Chevrolet,Turbo,<300hp
China,2015,1523.0,1429.0,Chevrolet,Turbo,300-500hp
China,2015,755.0,673.0,Chevrolet,Turbo,>500hp
China,2015,556.0,513.0,Chevrolet,Naturally Aspirated,<300hp
China,2015,3518.0,3344.0,Chevrolet,Naturally Aspirated,300-500hp
China,2015,1037.0,890.0,Chevrolet,Naturally Aspirated,>500hp
China,2015,1338.0,1280.0,Maserati,Turbo,<300hp
China,2015,1579.0,1357.0,Maserati,Turbo,300-500hp
China,2015,2291.0,2011.0,Maserati,Turbo,>500hp
China,2015,1617.0,1447.0,Maserati,Naturally Aspirated,<300hp
China,2015,2167.0,2070.0,Maserati,Naturally Aspirated,300-500hp
China,2015,1337.0,1288.0,Maserati,Naturally Aspirated,>500hp
China,2015,1844.0,1698.0,Ford,Turbo,<300hp
China,2015,2140.0,1915.0,Ford,Turbo,300-500hp
China,2015,2444.0,2218.0,Ford,Turbo,>500hp
China,2015,1312.0,1203.0,Ford,Naturally Aspirated,<300hp
China,2015,4311.0,3793.0,Ford,Naturally Aspirated,300-500hp
China,2015,2515.0,2171.0,Ford,Naturally Aspirated,>500hp
Sweden,2015,846.0,,Lamborghini,Turbo,<300hp
Sweden,2015,1323.0,1208.0,Lamborghini,Turbo,300-500hp
Sweden,2015,422.0,399.0,Lamborghini,Turbo,>500hp
Sweden,2015,979.0,870.0,Lamborghini,Naturally Aspirated,<300hp
Sweden,2015,4674.0,4268.0,Lamborghini,Naturally Aspirated,300-500hp
Sweden,2015,3198.0,3071.0,Lamborghini,Naturally Aspirated,>500hp
Sweden,2015,729.0,680.0,Aston Martin,Turbo,<300hp
Sweden,2015,4011.0,3661.0,Aston Martin,Turbo,300-500hp
Sweden,2015,1170.0,1024.0,Aston Martin,Turbo,>500hp
Sweden,2015,,1609.0,Aston Martin,Naturally Aspirated,<300hp
Sweden,2015,4136.0,3805.0,Aston Martin,Naturally Aspirated,300-500hp
Sweden,2015,2135.0,2003.0,Aston Martin,Naturally Aspirated,>500hp
Sweden,2015,772.0,744.0,Nissan,Turbo,<300hp
Sweden,2015,856.0,774.0,Nissan,Turbo,300-500hp
Sweden,2015,778.0,692.0,Nissan,Turbo,>500hp
Sweden,2015,685.0,597.0,Nissan,Naturally Aspirated,<300hp
Sweden,2015,4685.0,,Nissan,Naturally Aspirated,300-500hp
Sweden,2015,692.0,594.0,Nissan,Naturally Aspirated,>500hp
Sweden,2015,1931.0,1701.0,Lotus,Turbo,<300hp
Sweden,2015,3007.0,2803.0,Lotus,Turbo,300-500hp
Sweden,2015,949.0,821.0,Lotus,Turbo,>500hp
Sweden,2015,1593.0,1533.0,Lotus,Naturally Aspirated,<300hp
Sweden,2015,754.0,693.0,Lotus,Naturally Aspirated,300-500hp
Sweden,2015,1629.0,1466.0,Lotus,Naturally Aspirated,>500hp
Spain,2015,2024.0,1834.0,Porsche,Turbo,<300hp
Spain,2015,1090.0,962.0,Porsche,Turbo,300-500hp
Spain,2015,1800.0,1645.0,Porsche,Turbo,>500hp
Spain,2015,975.0,945.0,Porsche,Naturally Aspirated,<300hp
Spain,2015,2116.0,1947.0,Porsche,Naturally Aspirated,300-500hp
Spain,2015,2977.0,2867.0,Porsche,Naturally Aspirated,>500hp
Spain,2015,2105.0,,Lotus,Turbo,<300hp
Spain,2015,2751.0,2653.0,Lotus,Turbo,300-500hp
Spain,2015,875.0,765.0,Lotus,Turbo,>500hp
Spain,2015,1045.0,894.0,Lotus,Naturally Aspirated,<300hp
Spain,2015,2239.0,2083.0,Lotus,Naturally Aspirated,300-500hp
Spain,2015,844.0,765.0,Lotus,Naturally Aspirated,>500hp
Spain,2015,571.0,520.0,Jaguar,Turbo,<300hp
Spain,2015,5252.0,4978.0,Jaguar,Turbo,300-500hp
Spain,2015,529.0,485.0,Jaguar,Turbo,>500hp
Spain,2015,1056.0,972.0,Jaguar,Naturally Aspirated,<300hp
Spain,2015,3579.0,3054.0,Jaguar,Naturally Aspirated,300-500hp
Spain,2015,2720.0,2568.0,Jaguar,Naturally Aspirated,>500hp
Spain,2015,2016.0,1883.0,Subaru,Turbo,<300hp
Spain,2015,2861.0,2478.0,Subaru,Turbo,300-500hp
Spain,2015,1316.0,1211.0,Subaru,Turbo,>500hp
Spain,2015,836.0,754.0,Subaru,Naturally Aspirated,<300hp
Spain,2015,2718.0,2423.0,Subaru,Naturally Aspirated,300-500hp
Spain,2015,3427.0,3098.0,Subaru,Naturally Aspirated,>500hp
Australia,2015,2319.0,2029.0,Aston Martin,Turbo,<300hp
Australia,2015,5380.0,4728.0,Aston Martin,Turbo,300-500hp
Australia,2015,1860.0,1700.0,Aston Martin,Turbo,>500hp
Australia,2015,1906.0,1779.0,Aston Martin,Naturally Aspirated,<300hp
Australia,2015,1622.0,1414.0,Aston Martin,Naturally Aspirated,300-500hp
Australia,2015,1716.0,1543.0,Aston Martin,Naturally Aspirated,>500hp
Australia,2015,1153.0,1045.0,Nissan,Turbo,<300hp
Australia,2015,5438.0,5257.0,Nissan,Turbo,300-500hp
Australia,2015,3600.0,3143.0,Nissan,Turbo,>500hp
Australia,2015,2126.0,1815.0,Nissan,Naturally Aspirated,<300hp
Australia,2015,1186.0,1037.0,Nissan,Naturally Aspirated,300-500hp
Australia,2015,2391.0,2069.0,Nissan,Naturally Aspirated,>500hp
Australia,2015,1088.0,1014.0,Chevrolet,Turbo,<300hp
Australia,2015,3243.0,2943.0,Chevrolet,Turbo,300-500hp
Australia,2015,2135.0,1835.0,Chevrolet,Turbo,>500hp
Australia,2015,2272.0,2182.0,Chevrolet,Naturally Aspirated,<300hp
Australia,2015,4807.0,,Chevrolet,Naturally Aspirated,300-500hp
Australia,2015,1975.0,1856.0,Chevrolet,Naturally Aspirated,>500hp
Australia,2015,858.0,830.0,Jaguar,Turbo,<300hp
Australia,2015,930.0,831.0,Jaguar,Turbo,300-500hp
Australia,2015,792.0,731.0,Jaguar,Turbo,>500hp
Australia,2015,1268.0,1148.0,Jaguar,Naturally Aspirated,<300hp
Australia,2015,1002.0,859.0,Jaguar,Naturally Aspirated,300-500hp
Australia,2015,1659.0,1578.0,Jaguar,Naturally Aspirated,>500hp
Canada,2015,322.0,278.0,Ford,Turbo,<300hp
Canada,2015,5079.0,4678.0,Ford,Turbo,300-500hp
Canada,2015,1738.0,1551.0,Ford,Turbo,>500hp
Canada,2015,378.0,343.0,Ford,Naturally Aspirated,<300hp
Canada,2015,3295.0,3031.0,Ford,Naturally Aspirated,300-500hp
Canada,2015,1647.0,1515.0,Ford,Naturally Aspirated,>500hp
Canada,2015,,2099.0,Aston Martin,Turbo,<300hp
Canada,2015,3685.0,3281.0,Aston Martin,Turbo,300-500hp
Canada,2015,2677.0,2482.0,Aston Martin,Turbo,>500hp
Canada,2015,1168.0,1027.0,Aston Martin,Naturally Aspirated,<300hp
Canada,2015,3548.0,3435.0,Aston Martin,Naturally Aspirated,300-500hp
Canada,2015,3564.0,3428.0,Aston Martin,Naturally Aspirated,>500hp
Canada,2015,1012.0,872.0,BMW,Turbo,<300hp
Canada,2015,2768.0,2474.0,BMW,Turbo,300-500hp
Canada,2015,2532.0,2410.0,BMW,Turbo,>500hp
Canada,2015,2075.0,1834.0,BMW,Naturally Aspirated,<300hp
Canada,2015,5251.0,5028.0,BMW,Naturally Aspirated,300-500hp
Canada,2015,613.0,522.0,BMW,Naturally Aspirated,>500hp
Canada,2015,2492.0,2411.0,Bentley,Turbo,<300hp
Canada,2015,626.0,561.0,Bentley,Turbo,300-500hp
Canada,2015,3860.0,3681.0,Bentley,Turbo,>500hp
Canada,2015,591.0,571.0,Bentley,Naturally Aspirated,<300hp
Canada,2015,3783.0,3543.0,Bentley,Naturally Aspirated,300-500hp
Canada,2015,3958.0,3628.0,Bentley,Naturally Aspirated,>500hp
Mexico,2015,2703.0,2325.0,Lotus,Turbo,<300hp
Mexico,2015,3190.0,2770.0,Lotus,Turbo,300-500hp
Mexico,2015,2222.0,2047.0,Lotus,Turbo,>500hp
Mexico,2015,770.0,685.0,Lotus,Naturally Aspirated,<300hp
Mexico,2015,671.0,614.0,Lotus,Naturally Aspirated,300-500hp
Mexico,2015,1912.0,1852.0,Lotus,Naturally Aspirated,>500hp
Mexico,2015,1408.0,1312.0,Mercedes-Benz,Turbo,<300hp
Mexico,2015,2797.0,2462.0,Mercedes-Benz,Turbo,300-500hp
Mexico,2015,2530.0,2381.0,Mercedes-Benz,Turbo,>500hp
Mexico,2015,1371.0,1243.0,Mercedes-Benz,Naturally Aspirated,<300hp
Mexico,2015,3350.0,3166.0,Mercedes-Benz,Naturally Aspirated,300-500hp
Mexico,2015,1423.0,1368.0,Mercedes-Benz,Naturally Aspirated,>500hp
Mexico,2015,2489.0,2403.0,Aston Martin,Turbo,<300hp
Mexico,2015,,6258.0,Aston Martin,Turbo,300-500hp
Mexico,2015,3546.0,3413.0,Aston Martin,Turbo,>500hp
Mexico,2015,1724.0,1543.0,Aston Martin,Naturally Aspirated,<300hp
Mexico,2015,,3792.0,Aston Martin,Naturally Aspirated,300-500hp
Mexico,2015,3049.0,2609.0,Aston Martin,Naturally Aspirated,>500hp
Mexico,2015,2392.0,2261.0,Bentley,Turbo,<300hp
Mexico,2015,2394.0,2082.0,Bentley,Turbo,300-500hp
Mexico,2015,2990.0,2780.0,Bentley,Turbo,>500hp
Mexico,2015,1716.0,1532.0,Bentley,Naturally Aspirated,<300hp
Mexico,2015,2065.0,1852.0,Bentley,Naturally Aspirated,300-500hp
Mexico,2015,2501.0,2261.0,Bentley,Naturally Aspirated,>500hp
Brazil,2015,1440.0,1298.0,Bentley,Turbo,<300hp
Brazil,2015,4376.0,4049.0,Bentley,Turbo,300-500hp
Brazil,2015,2366.0,2221.0,Bentley,Turbo,>500hp
Brazil,2015,829.0,783.0,Bentley,Naturally Aspirated,<300hp
Brazil,2015,4335.0,4076.0,Bentley,Naturally Aspirated,300-500hp
Brazil,2015,3330.0,2929.0,Bentley,Naturally Aspirated,>500hp
Brazil,2015,845.0,732.0,Nissan,Turbo,<300hp
Brazil,2015,3840.0,3526.0,Nissan,Turbo,300-500hp
Brazil,2015,2207.0,1966.0,Nissan,Turbo,>500hp
Brazil,2015,1955.0,1787.0,Nissan,Naturally Aspirated,<300hp
Brazil,2015,5219.0,4774.0,Nissan,Naturally Aspirated,300-500hp
Brazil,2015,3479.0,3052.0,Nissan,Naturally Aspirated,>500hp
Brazil,2015,1978.0,1864.0,Lotus,Turbo,<300hp
Brazil,2015,831.0,766.0,Lotus,Turbo,300-500hp
Brazil,2015,2291.0,2096.0,Lotus,Turbo,>500hp
Brazil,2015,1361.0,1254.0,Lotus,Naturally Aspirated,<300hp
Brazil,2015,6448.0,6222.0,Lotus,Naturally Aspirated,300-500hp
Brazil,2015,3191.0,2935.0,Lotus,Naturally Aspirated,>500hp
Brazil,2015,766.0,677.0,Porsche,Turbo,<300hp
Brazil,2015,1206.0,1047.0,Porsche,Turbo,300-500hp
Brazil,2015,2508.0,2173.0,Porsche,Turbo,>500hp
Brazil,2015,2205.0,2036.0,Porsche,Naturally Aspirated,<300hp
Brazil,2015,2994.0,2858.0,Porsche,Naturally Aspirated,300-500hp
Brazil,2015,3762.0,3243.0,Porsche,Naturally Aspirated,>500hp
India,2015,1413.0,1220.0,Bentley,Turbo,<300hp
India,2015,5884.0,5118.0,Bentley,Turbo,300-500hp
India,2015,1682.0,1598.0,Bentley,Turbo,>500hp
India,2015,2202.0,2101.0,Bentley,Naturally Aspirated,<300hp
India,2015,4747.0,4251.0,Bentley,Naturally Aspirated,300-500hp
India,2015,1807.0,1608.0,Bentley,Naturally Aspirated,>500hp
India,2015,2470.0,2333.0,Maserati,Turbo,<300hp
India,2015,1589.0,1429.0,Maserati,Turbo,300-500hp
India,2015,2096.0,2012.0,Maserati,Turbo,>500hp
India,2015,545.0,493.0,Maserati,Naturally Aspirated,<300hp
India,2015,1441.0,1352.0,Maserati,Naturally Aspirated,300-500hp
India,2015,4045.0,3723.0,Maserati,Naturally Aspirated,>500hp
India,2015,896.0,810.0,Chevrolet,Turbo,<300hp
India,2015,2523.0,2197.0,Chevrolet,Turbo,300-500hp
India,2015,2456.0,2136.0,Chevrolet,Turbo,>500hp
India,2015,2511.0,2410.0,Chevrolet,Naturally Aspirated,<300hp
India,2015,7222.0,6641.0,Chevrolet,Naturally Aspirated,300-500hp
India,2015,3170.0,2699.0,Chevrolet,Naturally Aspirated,>500hp
India,2015,2232.0,1944.0,Mercedes-Benz,Turbo,<300hp
India,2015,5819.0,5049.0,Mercedes-Benz,Turbo,300-500hp
India,2015,,3950.0,Mercedes-Benz,Turbo,>500hp
India,2015,1371.0,1195.0,Mercedes-Benz,Naturally Aspirated,<300hp
India,2015,7284.0,6711.0,Mercedes-Benz,Naturally Aspirated,300-500hp
India,2015,3662.0,3287.0,Mercedes-Benz,Naturally Aspirated,>500hp
Germany,2016,234.0,203.0,Ferrari,Turbo,<300hp
Germany,2016,1491.0,1421.0,Ferrari,Turbo,300-500hp
Germany,2016,513.0,491.0,Ferrari,Turbo,>500hp
Germany,2016,640.0,605.0,Ferrari,Naturally Aspirated,<300hp
Germany,2016,215.0,,Ferrari,Naturally Aspirated,300-500hp
Germany,2016,1026.0,953.0,Ferrari,Naturally Aspirated,>500hp
Germany,2016,215.0,196.0,Honda,Turbo,<300hp
Germany,2016,1162.0,1058.0,Honda,Turbo,300-500hp
Germany,2016,214.0,184.0,Honda,Turbo,>500hp
Germany,2016,617.0,566.0,Honda,Naturally Aspirated,<300hp
Germany,2016,1623.0,1425.0,Honda,Naturally Aspirated,300-500hp
Germany,2016,685.0,663.0,Honda,Naturally Aspirated,>500hp
Germany,2016,293.0,279.0,Chevrolet,Turbo,<300hp
Germany,2016,1181.0,1140.0,Chevrolet,Turbo,300-500hp
Germany,2016,172.0,149.0,Chevrolet,Turbo,>500hp
Germany,2016,214.0,204.0,Chevrolet,Naturally Aspirated,<300hp
Germany,2016,1914.0,1646.0,Chevrolet,Naturally Aspirated,300-500hp
Germany,2016,699.0,665.0,Chevrolet,Naturally Aspirated,>500hp
Germany,2016,679.0,591.0,Lotus,Turbo,<300hp
Germany,2016,702.0,632.0,Lotus,Turbo,300-500hp
Germany,2016,262.0,251.0,Lotus,Turbo,>500hp
Germany,2016,663.0,584.0,Lotus,Naturally Aspirated,<300hp
Germany,2016,742.0,663.0,Lotus,Naturally Aspirated,300-500hp
Germany,2016,956.0,843.0,Lotus,Naturally Aspirated,>500hp
Japan,2016,647.0,587.0,Chevrolet,Turbo,<300hp
Japan,2016,1796.0,,Chevrolet,Turbo,300-500hp
Japan,2016,981.0,916.0,Chevrolet,Turbo,>500hp
Japan,2016,357.0,314.0,Chevrolet,Naturally Aspirated,<300hp
Japan,2016,855.0,812.0,Chevrolet,Naturally Aspirated,300-500hp
Japan,2016,808.0,699.0,Chevrolet,Naturally Aspirated,>500hp
Japan,2016,510.0,444.0,Ford,Turbo,<300hp
Japan,2016,2042.0,1903.0,Ford,Turbo,300-500hp
Japan,2016,847.0,731.0,Ford,Turbo,>500hp
Japan,2016,106.0,93.0,Ford,Naturally Aspirated,<300hp
Japan,2016,1008.0,869.0,Ford,Naturally Aspirated,300-500hp
Japan,2016,266.0,230.0,Ford,Naturally Aspirated,>500hp
Japan,2016,226.0,211.0,Subaru,Turbo,<300hp
Japan,2016,526.0,485.0,Subaru,Turbo,300-500hp
Japan,2016,302.0,277.0,Subaru,Turbo,>500hp
Japan,2016,,707.0,Subaru,Naturally Aspirated,<300hp
Japan,2016,1511.0,1360.0,Subaru,Naturally Aspirated,300-500hp
Japan,2016,1496.0,1301.0,Subaru,Naturally Aspirated,>500hp
Japan,2016,373.0,325.0,Lotus,Turbo,<300hp
Japan,2016,1835.0,1729.0,Lotus,Turbo,300-500hp
Japan,2016,1464.0,1312.0,Lotus,Turbo,>500hp
Japan,2016,506.0,,Lotus,Naturally Aspirated,<300hp
Japan,2016,777.0,727.0,Lotus,Naturally Aspirated,300-500hp
Japan,2016,554.0,534.0,Lotus,Naturally Aspirated,>500hp
USA,2016,152.0,137.0,Toyota,Turbo,<300hp
USA,2016,1471.0,1263.0,Toyota,Turbo,300-500hp
USA,2016,651.0,608.0,Toyota,Turbo,>500hp
USA,2016,500.0,451.0,Toyota,Naturally Aspirated,<300hp
USA,2016,2654.0,2280.0,Toyota,Naturally Aspirated,300-500hp
USA,2016,1760.0,1642.0,Toyota,Naturally Aspirated,>500hp
USA,2016,947.0,805.0,Mercedes-Benz,Turbo,<300hp
USA,2016,1584.0,,Mercedes-Benz,Turbo,300-500hp
USA,2016,1718.0,1658.0,Mercedes-Benz,Turbo,>500hp
USA,2016,193.0,180.0,Mercedes-Benz,Naturally Aspirated,<300hp
USA,2016,2587.0,2367.0,Mercedes-Benz,Naturally Aspirated,300-500hp
USA,2016,267.0,251.0,Mercedes-Benz,Naturally Aspirated,>500hp
USA,2016,1067.0,1010.0,Bentley,Turbo,<300hp
USA,2016,1263.0,1183.0,Bentley,Turbo,300-500hp
USA,2016,452.0,437.0,Bentley,Turbo,>500hp
USA,2016,988.0,921.0,Bentley,Naturally Aspirated,<300hp
USA,2016,554.0,533.0,Bentley,Naturally Aspirated,300-500hp
USA,2016,204.0,174.0,Bentley,Naturally Aspirated,>500hp
USA,2016,210.0,183.0,Chevrolet,Turbo,<300hp
USA,2016,2053.0,1970.0,Chevrolet,Turbo,300-500hp
USA,2016,1629.0,1408.0,Chevrolet,Turbo,>500hp
USA,2016,,966.0,Chevrolet,Naturally Aspirated,<300hp
USA,2016,1134.0,1021.0,Chevrolet,Naturally Aspirated,300-500hp
USA,2016,748.0,678.0,Chevrolet,Naturally Aspirated,>500hp
Italy,2016,145.0,128.0,Subaru,Turbo,<300hp
Italy,2016,2648.0,2502.0,Subaru,Turbo,300-500hp
Italy,2016,613.0,575.0,Subaru,Turbo,>500hp
Italy,2016,1244.0,1121.0,Subaru,Naturally Aspirated,<300hp
Italy,2016,1056.0,927.0,Subaru,Naturally Aspirated,300-500hp
Italy,2016,349.0,315.0,Subaru,Naturally Aspirated,>500hp
Italy,2016,282.0,240.0,Maserati,Turbo,<300hp
Italy,2016,1492.0,1362.0,Maserati,Turbo,300-500hp
Italy,2016,1861.0,1597.0,Maserati,Turbo,>500hp
Italy,2016,354.0,315.0,Maserati,Naturally Aspirated,<300hp
Italy,2016,1640.0,1473.0,Maserati,Naturally Aspirated,300-500hp
Italy,2016,321.0,291.0,Maserati,Naturally Aspirated,>500hp
Italy,2016,208.0,198.0,Porsche,Turbo,<300hp
Italy,2016,1141.0,1024.0,Porsche,Turbo,300-500hp
Italy,2016,613.0,545.0,Porsche,Turbo,>500hp
Italy,2016,1332.0,1250.0,Porsche,Naturally Aspirated,<300hp
Italy,2016,2760.0,2382.0,Porsche,Naturally Aspirated,300-500hp
Italy,2016,719.0,636.0,Porsche,Naturally Aspirated,>500hp
Italy,2016,683.0,604.0,Lamborghini,Turbo,<300hp
Italy,2016,3167.0,2707.0,Lamborghini,Turbo,300-500hp
Italy,2016,520.0,498.0,Lamborghini,Turbo,>500hp
Italy,2016,845.0,729.0,Lamborghini,Naturally Aspirated,<300hp
Italy,2016,948.0,830.0,Lamborghini,Naturally Aspirated,300-500hp
Italy,2016,1097.0,1037.0,Lamborghini,Naturally Aspirated,>500hp
UK,2016,423.0,401.0,Honda,Turbo,<300hp
UK,2016,1387.0,1217.0,Honda,Turbo,300-500hp
UK,2016,2360.0,2114.0,Honda,Turbo,>500hp
UK,2016,439.0,382.0,Honda,Naturally Aspirated,<300hp
UK,2016,3190.0,3018.0,Honda,Naturally Aspirated,300-500hp
UK,2016,270.0,260.0,Honda,Naturally Aspirated,>500hp
UK,2016,990.0,903.0,Rolls-Royce,Turbo,<300hp
UK,2016,1772.0,1617.0,Rolls-Royce,Turbo,300-500hp
UK,2016,1181.0,1060.0,Rolls-Royce,Turbo,>500hp
UK,2016,990.0,899.0,Rolls-Royce,Naturally Aspirated,<300hp
UK,2016,368.0,348.0,Rolls-Royce,Naturally Aspirated,300-500hp
UK,2016,2236.0,2067.0,Rolls-Royce,Naturally Aspirated,>500hp
UK,2016,425.0,388.0,BMW,Turbo,<300hp
UK,2016,2112.0,2022.0,BMW,Turbo,300-500hp
UK,2016,920.0,792.0,BMW,Turbo,>500hp
UK,2016,,586.0,BMW,Naturally Aspirated,<300hp
UK,2016,2336.0,2021.0,BMW,Naturally Aspirated,300-500hp
UK,2016,841.0,811.0,BMW,Naturally Aspirated,>500hp
UK,2016,567.0,484.0,Lotus,Turbo,<300hp
UK,2016,3403.0,3272.0,Lotus,Turbo,300-500hp
UK,2016,939.0,807.0,Lotus,Turbo,>500hp
UK,2016,453.0,398.0,Lotus,Naturally Aspirated,<300hp
UK,2016,3402.0,2997.0,Lotus,Naturally Aspirated,300-500hp
UK,2016,2189.0,1873.0,Lotus,Naturally Aspirated,>500hp
France,2016,1234.0,1149.0,Nissan,Turbo,<300hp
France,2016,3636.0,3467.0,Nissan,Turbo,300-500hp
France,2016,991.0,946.0,Nissan,Turbo,>500hp
France,2016,985.0,915.0,Nissan,Naturally Aspirated,<300hp
France,2016,1809.0,1610.0,Nissan,Naturally Aspirated,300-500hp
France,2016,1698.0,1585.0,Nissan,Naturally Aspirated,>500hp
France,2016,1693.0,1564.0,Porsche,Turbo,<300hp
France,2016,2436.0,2125.0,Porsche,Turbo,300-500hp
France,2016,577.0,550.0,Porsche,Turbo,>500hp
France,2016,1100.0,979.0,Porsche,Naturally Aspirated,<300hp
France,2016,3481.0,3338.0,Porsche,Naturally Aspirated,300-500hp
France,2016,1438.0,,Porsche,Naturally Aspirated,>500hp
France,2016,372.0,338.0,Chevrolet,Turbo,<300hp
France,2016,651.0,568.0,Chevrolet,Turbo,300-500hp
France,2016,1979.0,1759.0,Chevrolet,Turbo,>500hp
France,2016,876.0,756.0,Chevrolet,Naturally Aspirated,<300hp
France,2016,1236.0,1066.0,Chevrolet,Naturally Aspirated,300-500hp
France,2016,,2015.0,Chevrolet,Naturally Aspirated,>500hp
France,2016,597.0,567.0,Honda,Turbo,<300hp
France,2016,1588.0,1470.0,Honda,Turbo,300-500hp
France,2016,954.0,897.0,Honda,Turbo,>500hp
France,2016,265.0,255.0,Honda,Naturally Aspirated,<300hp
France,2016,1959.0,1846.0,Honda,Naturally Aspirated,300-500hp
France,2016,842.0,793.0,Honda,Naturally Aspirated,>500hp
South Korea,2016,1106.0,991.0,Toyota,Turbo,<300hp
South Korea,2016,479.0,408.0,Toyota,Turbo,300-500hp
South Korea,2016,,2563.0,Toyota,Turbo,>500hp
South Korea,2016,1553.0,1349.0,Toyota,Naturally Aspirated,<300hp
South Korea,2016,3498.0,3369.0,Toyota,Naturally Aspirated,300-500hp
South Korea,2016,325.0,296.0,Toyota,Naturally Aspirated,>500hp
South Korea,2016,1264.0,1179.0,Lotus,Turbo,<300hp
South Korea,2016,2107.0,1811.0,Lotus,Turbo,300-500hp
South Korea,2016,2210.0,2052.0,Lotus,Turbo,>500hp
South Korea,2016,1617.0,1558.0,Lotus,Naturally Aspirated,<300hp
South Korea,2016,3638.0,3281.0,Lotus,Naturally Aspirated,300-500hp
South Korea,2016,2791.0,2676.0,Lotus,Naturally Aspirated,>500hp
South Korea,2016,1710.0,1651.0,Audi,Turbo,<300hp
South Korea,2016,1979.0,1747.0,Audi,Turbo,300-500hp
South Korea,2016,2699.0,2528.0,Audi,Turbo,>500hp
South Korea,2016,1411.0,1235.0,Audi,Naturally Aspirated,<300hp
South Korea,2016,2136.0,2038.0,Audi,Naturally Aspirated,300-500hp
South Korea,2016,780.0,697.0,Audi,Naturally Aspirated,>500hp
South Korea,2016,1041.0,952.0,Subaru,Turbo,<300hp
South Korea,2016,1346.0,1284.0,Subaru,Turbo,300-500hp
South Korea,2016,2346.0,2037.0,Subaru,Turbo,>500hp
South Korea,2016,585.0,556.0,Subaru,Naturally Aspirated,<300hp
South Korea,2016,4485.0,3882.0,Subaru,Naturally Aspirated,300-500hp
South Korea,2016,720.0,690.0,Subaru,Naturally Aspirated,>500hp
China,2016,448.0,397.0,Ford,Turbo,<300hp
China,2016,4260.0,3697.0,Ford,Turbo,300-500hp
China,2016,2888.0,2479.0,Ford,Turbo,>500hp
China,2016,2042.0,1853.0,Ford,Naturally Aspirated,<300hp
China,2016,660.0,584.0,Ford,Naturally Aspirated,300-500hp
China,2016,813.0,774.0,Ford,Naturally Aspirated,>500hp
China,2016,1944.0,1864.0,Rolls-Royce,Turbo,<300hp
China,2016,1269.0,1151.0,Rolls-Royce,Turbo,300-500hp
China,2016,1375.0,1208.0,Rolls-Royce,Turbo,>500hp
China,2016,1422.0,1306.0,Rolls-Royce,Naturally Aspirated,<300hp
China,2016,1084.0,984.0,Rolls-Royce,Naturally Aspirated,300-500hp
China,2016,2132.0,1955.0,Rolls-Royce,Naturally Aspirated,>500hp
China,2016,2002.0,1780.0,Mercedes-Benz,Turbo,<300hp
China,2016,497.0,454.0,Mercedes-Benz,Turbo,300-500hp
China,2016,3009.0,2587.0,Mercedes-Benz,Turbo,>500hp
China,2016,586.0,520.0,Mercedes-Benz,Naturally Aspirated,<300hp
China,2016,585.0,545.0,Mercedes-Benz,Naturally Aspirated,300-500hp
China,2016,3138.0,2742.0,Mercedes-Benz,Naturally Aspirated,>500hp
China,2016,573.0,533.0,Maserati,Turbo,<300hp
China,2016,2379.0,2203.0,Maserati,Turbo,300-500hp
China,2016,751.0,641.0,Maserati,Turbo,>500hp
China,2016,1508.0,1291.0,Maserati,Naturally Aspirated,<300hp
China,2016,1926.0,1706.0,Maserati,Naturally Aspirated,300-500hp
China,2016,804.0,767.0,Maserati,Naturally Aspirated,>500hp
Sweden,2016,1185.0,1099.0,Ferrari,Turbo,<300hp
Sweden,2016,2224.0,2123.0,Ferrari,Turbo,300-500hp
Sweden,2016,1921.0,1708.0,Ferrari,Turbo,>500hp
Sweden,2016,562.0,500.0,Ferrari,Naturally Aspirated,<300hp
Sweden,2016,2621.0,2502.0,Ferrari,Naturally Aspirated,300-500hp
Sweden,2016,2056.0,1910.0,Ferrari,Naturally Aspirated,>500hp
Sweden,2016,362.0,314.0,Toyota,Turbo,<300hp
Sweden,2016,2688.0,2516.0,Toyota,Turbo,300-500hp
Sweden,2016,835.0,743.0,Toyota,Turbo,>500hp
Sweden,2016,364.0,351.0,Toyota,Naturally Aspirated,<300hp
Sweden,2016,3748.0,3275.0,Toyota,Naturally Aspirated,300-500hp
Sweden,2016,3333.0,2921.0,Toyota,Naturally Aspirated,>500hp
Sweden,2016,383.0,364.0,Ford,Turbo,<300hp
Sweden,2016,4739.0,4521.0,Ford,Turbo,300-500hp
Sweden,2016,473.0,425.0,Ford,Turbo,>500hp
Sweden,2016,1156.0,1041.0,Ford,Naturally Aspirated,<300hp
Sweden,2016,3541.0,3167.0,Ford,Naturally Aspirated,300-500hp
Sweden,2016,1047.0,894.0,Ford,Naturally Aspirated,>500hp
Sweden,2016,995.0,907.0,Maserati,Turbo,<300hp
Sweden,2016,1914.0,1793.0,Maserati,Turbo,300-500hp
Sweden,2016,3103.0,2962.0,Maserati,Turbo,>500hp
Sweden,2016,873.0,825.0,Maserati,Naturally Aspirated,<300hp
Sweden,2016,5281.0,4664.0,Maserati,Naturally Aspirated,300-500hp
Sweden,2016,1363.0,1204.0,Maserati,Naturally Aspirated,>500hp
Spain,2016,424.0,381.0,Rolls-Royce,Turbo,<300hp
Spain,2016,5254.0,4776.0,Rolls-Royce,Turbo,300-500hp
Spain,2016,2227.0,1918.0,Rolls-Royce,Turbo,>500hp
Spain,2016,,2184.0,Rolls-Royce,Naturally Aspirated,<300hp
Spain,2016,,2893.0,Rolls-Royce,Naturally Aspirated,300-500hp
Spain,2016,489.0,421.0,Rolls-Royce,Naturally Aspirated,>500hp
Spain,2016,1805.0,,Nissan,Turbo,<300hp
Spain,2016,2962.0,2659.0,Nissan,Turbo,300-500hp
Spain,2016,1362.0,1159.0,Nissan,Turbo,>500hp
Spain,2016,2198.0,1972.0,Nissan,Naturally Aspirated,<300hp
Spain,2016,4518.0,3967.0,Nissan,Naturally Aspirated,300-500hp
Spain,2016,,2390.0,Nissan,Naturally Aspirated,>500hp
Spain,2016,373.0,331.0,Aston Martin,Turbo,<300hp
Spain,2016,3955.0,3755.0,Aston Martin,Turbo,300-500hp
Spain,2016,1384.0,,Aston Martin,Turbo,>500hp
Spain,2016,1389.0,1208.0,Aston Martin,Naturally Aspirated,<300hp
Spain,2016,2107.0,1800.0,Aston Martin,Naturally Aspirated,300-500hp
Spain,2016,2514.0,2337.0,Aston Martin,Naturally Aspirated,>500hp
Spain,2016,,1243.0,Chevrolet,Turbo,<300hp
Spain,2016,2513.0,2379.0,Chevrolet,Turbo,300-500hp
Spain,2016,2101.0,2003.0,Chevrolet,Turbo,>500hp
Spain,2016,1178.0,1030.0,Chevrolet,Naturally Aspirated,<300hp
Spain,2016,1698.0,1450.0,Chevrolet,Naturally Aspirated,300-500hp
Spain,2016,2240.0,1919.0,Chevrolet,Naturally Aspirated,>500hp
Australia,2016,907.0,845.0,Aston Martin,Turbo,<300hp
Australia,2016,783.0,754.0,Aston Martin,Turbo,300-500hp
Australia,2016,3648.0,3480.0,Aston Martin,Turbo,>500hp
Australia,2016,1956.0,1743.0,Aston Martin,Naturally Aspirated,<300hp
Australia,2016,5541.0,4793.0,Aston Martin,Naturally Aspirated,300-500hp
Australia,2016,4094.0,3826.0,Aston Martin,Naturally Aspirated,>500hp
Australia,2016,1718.0,1611.0,Honda,Turbo,<300hp
Australia,2016,3173.0,2768.0,Honda,Turbo,300-500hp
Australia,2016,1264.0,1176.0,Honda,Turbo,>500hp
Australia,2016,1053.0,917.0,Honda,Naturally Aspirated,<300hp
Australia,2016,5478.0,5091.0,Honda,Naturally Aspirated,300-500hp
Australia,2016,,2314.0,Honda,Naturally Aspirated,>500hp
Australia,2016,2374.0,2193.0,Ford,Turbo,<300hp
Australia,2016,5285.0,5040.0,Ford,Turbo,300-500hp
Australia,2016,3718.0,3173.0,Ford,Turbo,>500hp
Australia,2016,1233.0,1165.0,Ford,Naturally Aspirated,<300hp
Australia,2016,4475.0,3919.0,Ford,Naturally Aspirated,300-500hp
Australia,2016,3026.0,2814.0,Ford,Naturally Aspirated,>500hp
Australia,2016,1517.0,1308.0,Mercedes-Benz,Turbo,<300hp
Australia,2016,4749.0,4127.0,Mercedes-Benz,Turbo,300-500hp
Australia,2016,1004.0,859.0,Mercedes-Benz,Turbo,>500hp
Australia,2016,1948.0,,Mercedes-Benz,Naturally Aspirated,<300hp
Australia,2016,3923.0,3377.0,Mercedes-Benz,Naturally Aspirated,300-500hp
Australia,2016,3115.0,2923.0,Mercedes-Benz,Naturally Aspirated,>500hp
Canada,2016,1041.0,921.0,Ford,Turbo,<300hp
Canada,2016,1277.0,1086.0,Ford,Turbo,300-500hp
Canada,2016,3772.0,3491.0,Ford,Turbo,>500hp
Canada,2016,2560.0,2297.0,Ford,Naturally Aspirated,<300hp
Canada,2016,1896.0,1698.0,Ford,Naturally Aspirated,300-500hp
Canada,2016,1732.0,1521.0,Ford,Naturally Aspirated,>500hp
Canada,2016,2269.0,2049.0,Aston Martin,Turbo,<300hp
Canada,2016,5139.0,,Aston Martin,Turbo,300-500hp
Canada,2016,3025.0,2846.0,Aston Martin,Turbo,>500hp
Canada,2016,2426.0,2172.0,Aston Martin,Naturally Aspirated,<300hp
Canada,2016,5845.0,5635.0,Aston Martin,Naturally Aspirated,300-500hp
Canada,2016,2679.0,2571.0,Aston Martin,Naturally Aspirated,>500hp
Canada,2016,935.0,806.0,Chevrolet,Turbo,<300hp
Canada,2016,6560.0,6032.0,Chevrolet,Turbo,300-500hp
Canada,2016,3456.0,3135.0,Chevrolet,Turbo,>500hp
Canada,2016,302.0,284.0,Chevrolet,Naturally Aspirated,<300hp
Canada,2016,4077.0,3815.0,Chevrolet,Naturally Aspirated,300-500hp
Canada,2016,1342.0,1273.0,Chevrolet,Naturally Aspirated,>500hp
Canada,2016,844.0,808.0,Honda,Turbo,<300hp
Canada,2016,4938.0,4729.0,Honda,Turbo,300-500hp
Canada,2016,1083.0,969.0,Honda,Turbo,>500hp
Canada,2016,2744.0,2640.0,Honda,Naturally Aspirated,<300hp
Canada,2016,1959.0,1725.0,Honda,Naturally Aspirated,300-500hp
Canada,2016,3691.0,3434.0,Honda,Naturally Aspirated,>500hp
Mexico,2016,2467.0,2184.0,Ferrari,Turbo,<300hp
Mexico,2016,1345.0,1184.0,Ferrari,Turbo,300-500hp
Mexico,2016,508.0,457.0,Ferrari,Turbo,>500hp
Mexico,2016,2647.0,2505.0,Ferrari,Naturally Aspirated,<300hp
Mexico,2016,2720.0,2433.0,Ferrari,Naturally Aspirated,300-500hp
Mexico,2016,2098.0,,Ferrari,Naturally Aspirated,>500hp
Mexico,2016,2042.0,1736.0,Aston Martin,Turbo,<300hp
Mexico,2016,2566.0,2453.0,Aston Martin,Turbo,300-500hp
Mexico,2016,4253.0,4020.0,Aston Martin,Turbo,>500hp
Mexico,2016,302.0,263.0,Aston Martin,Naturally Aspirated,<300hp
Mexico,2016,3079.0,2951.0,Aston Martin,Naturally Aspirated,300-500hp
Mexico,2016,1494.0,1312.0,Aston Martin,Naturally Aspirated,>500hp
Mexico,2016,1078.0,955.0,Nissan,Turbo,<300hp
Mexico,2016,5963.0,5371.0,Nissan,Turbo,300-500hp
Mexico,2016,3585.0,3395.0,Nissan,Turbo,>500hp
Mexico,2016,2102.0,1893.0,Nissan,Naturally Aspirated,<300hp
Mexico,2016,2970.0,2787.0,Nissan,Naturally Aspirated,300-500hp
Mexico,2016,1662.0,1507.0,Nissan,Naturally Aspirated,>500hp
Mexico,2016,689.0,587.0,Chevrolet,Turbo,<300hp
Mexico,2016,4228.0,3901.0,Chevrolet,Turbo,300-500hp
Mexico,2016,1944.0,1706.0,Chevrolet,Turbo,>500hp
Mexico,2016,1863.0,1724.0,Chevrolet,Naturally Aspirated,<300hp
Mexico,2016,1340.0,1218.0,Chevrolet,Naturally Aspirated,300-500hp
Mexico,2016,1206.0,1064.0,Chevrolet,Naturally Aspirated,>500hp
Brazil,2016,1064.0,1003.0,Nissan,Turbo,<300hp
Brazil,2016,7002.0,6023.0,Nissan,Turbo,300-500hp
Brazil,2016,4987.0,4595.0,Nissan,Turbo,>500hp
Brazil,2016,360.0,319.0,Nissan,Naturally Aspirated,<300hp
Brazil,2016,3649.0,3252.0,Nissan,Naturally Aspirated,300-500hp
Brazil,2016,3574.0,3067.0,Nissan,Naturally Aspirated,>500hp
Brazil,2016,2654.0,2469.0,Aston Martin,Turbo,<300hp
Brazil,2016,4498.0,3949.0,Aston Martin,Turbo,300-500hp
Brazil,2016,3349.0,3200.0,Aston Martin,Turbo,>500hp
Brazil,2016,1313.0,1223.0,Aston Martin,Naturally Aspirated,<300hp
Brazil,2016,4427.0,4005.0,Aston Martin,Naturally Aspirated,300-500hp
Brazil,2016,847.0,787.0,Aston Martin,Naturally Aspirated,>500hp
Brazil,2016,2062.0,1846.0,Ferrari,Turbo,<300hp
Brazil,2016,4779.0,4382.0,Ferrari,Turbo,300-500hp
Brazil,2016,2924.0,2642.0,Ferrari,Turbo,>500hp
Brazil,2016,2967.0,2543.0,Ferrari,Naturally Aspirated,<300hp
Brazil,2016,6627.0,5703.0,Ferrari,Naturally Aspirated,300-500hp
Brazil,2016,2386.0,2209.0,Ferrari,Naturally Aspirated,>500hp
Brazil,2016,2440.0,2132.0,Mercedes-Benz,Turbo,<300hp
Brazil,2016,1068.0,960.0,Mercedes-Benz,Turbo,300-500hp
Brazil,2016,1141.0,,Mercedes-Benz,Turbo,>500hp
Brazil,2016,2257.0,2012.0,Mercedes-Benz,Naturally Aspirated,<300hp
Brazil,2016,3675.0,3556.0,Mercedes-Benz,Naturally Aspirated,300-500hp
Brazil,2016,3086.0,2966.0,Mercedes-Benz,Naturally Aspirated,>500hp
India,2016,1006.0,954.0,Nissan,Turbo,<300hp
India,2016,3233.0,3023.0,Nissan,Turbo,300-500hp
India,2016,4502.0,3890.0,Nissan,Turbo,>500hp
India,2016,,1253.0,Nissan,Naturally Aspirated,<300hp
India,2016,5301.0,5101.0,Nissan,Naturally Aspirated,300-500hp
India,2016,3192.0,2830.0,Nissan,Naturally Aspirated,>500hp
India,2016,1481.0,1338.0,Honda,Turbo,<300hp
India,2016,6021.0,5748.0,Honda,Turbo,300-500hp
India,2016,810.0,777.0,Honda,Turbo,>500hp
India,2016,1791.0,1735.0,Honda,Naturally Aspirated,<300hp
India,2016,1187.0,1038.0,Honda,Naturally Aspirated,300-500hp
India,2016,1129.0,975.0,Honda,Naturally Aspirated,>500hp
India,2016,727.0,672.0,Audi,Turbo,<300hp
India,2016,5960.0,5693.0,Audi,Turbo,300-500hp
India,2016,674.0,584.0,Audi,Turbo,>500hp
India,2016,380.0,337.0,Audi,Naturally Aspirated,<300hp
India,2016,7552.0,6621.0,Audi,Naturally Aspirated,300-500hp
India,2016,5179.0,4913.0,Audi,Naturally Aspirated,>500hp
India,2016,860.0,780.0,Subaru,Turbo,<300hp
India,2016,7606.0,7018.0,Subaru,Turbo,300-500hp
India,2016,1740.0,1666.0,Subaru,Turbo,>500hp
India,2016,490.0,426.0,Subaru,Naturally Aspirated,<300hp
India,2016,5508.0,5311.0,Subaru,Naturally Aspirated,300-500hp
India,2016,1649.0,1533.0,Subaru,Naturally Aspirated,>500hp
Germany,2017,426.0,385.0,Chevrolet,Turbo,<300hp
Germany,2017,1816.0,1707.0,Chevrolet,Turbo,300-500hp
Germany,2017,682.0,636.0,Chevrolet,Turbo,>500hp
Germany,2017,166.0,149.0,Chevrolet,Naturally Aspirated,<300hp
Germany,2017,1869.0,1620.0,Chevrolet,Naturally Aspirated,300-500hp
Germany,2017,467.0,413.0,Chevrolet,Naturally Aspirated,>500hp
Germany,2017,240.0,209.0,BMW,Turbo,<300hp
Germany,2017,375.0,321.0,BMW,Turbo,300-500hp
Germany,2017,595.0,522.0,BMW,Turbo,>500hp
Germany,2017,460.0,424.0,BMW,Naturally Aspirated,<300hp
Germany,2017,550.0,478.0,BMW,Naturally Aspirated,300-500hp
Germany,2017,255.0,232.0,BMW,Naturally Aspirated,>500hp
Germany,2017,661.0,619.0,Maserati,Turbo,<300hp
Germany,2017,838.0,801.0,Maserati,Turbo,300-500hp
Germany,2017,352.0,307.0,Maserati,Turbo,>500hp
Germany,2017,459.0,416.0,Maserati,Naturally Aspirated,<300hp
Germany,2017,945.0,847.0,Maserati,Naturally Aspirated,300-500hp
Germany,2017,1173.0,998.0,Maserati,Naturally Aspirated,>500hp
Germany,2017,866.0,750.0,Nissan,Turbo,<300hp
Germany,2017,1166.0,1101.0,Nissan,Turbo,300-500hp
Germany,2017,893.0,840.0,Nissan,Turbo,>500hp
Germany,2017,243.0,212.0,Nissan,Naturally Aspirated,<300hp
Germany,2017,1047.0,920.0,Nissan,Naturally Aspirated,300-500hp
Germany,2017,803.0,688.0,Nissan,Naturally Aspirated,>500hp
Japan,2017,915.0,821.0,Lotus,Turbo,<300hp
Japan,2017,2038.0,1828.0,Lotus,Turbo,300-500hp
Japan,2017,1001.0,866.0,Lotus,Turbo,>500hp
Japan,2017,109.0,101.0,Lotus,Naturally Aspirated,<300hp
Japan,2017,471.0,439.0,Lotus,Naturally Aspirated,300-500hp
Japan,2017,364.0,312.0,Lotus,Naturally Aspirated,>500hp
Japan,2017,344.0,327.0,Aston Martin,Turbo,<300hp
Japan,2017,2244.0,1975.0,Aston Martin,Turbo,300-500hp
Japan,2017,945.0,855.0,Aston Martin,Turbo,>500hp
Japan,2017,258.0,234.0,Aston Martin,Naturally Aspirated,<300hp
Japan,2017,650.0,622.0,Aston Martin,Naturally Aspirated,300-500hp
Japan,2017,934.0,819.0,Aston Martin,Naturally Aspirated,>500hp
Japan,2017,,858.0,Toyota,Turbo,<300hp
Japan,2017,1351.0,1156.0,Toyota,Turbo,300-500hp
Japan,2017,1283.0,1103.0,Toyota,Turbo,>500hp
Japan,2017,841.0,722.0,Toyota,Naturally Aspirated,<300hp
Japan,2017,462.0,398.0,Toyota,Naturally Aspirated,300-500hp
Japan,2017,1220.0,1177.0,Toyota,Naturally Aspirated,>500hp
Japan,2017,1026.0,915.0,Honda,Turbo,<300hp
Japan,2017,441.0,,Honda,Turbo,300-500hp
Japan,2017,1699.0,1636.0,Honda,Turbo,>500hp
Japan,2017,647.0,564.0,Honda,Naturally Aspirated,<300hp
Japan,2017,2073.0,1864.0,Honda,Naturally Aspirated,300-500hp
Japan,2017,432.0,401.0,Honda,Naturally Aspirated,>500hp
USA,2017,531.0,455.0,Porsche,Turbo,<300hp
USA,2017,2902.0,2651.0,Porsche,Turbo,300-500hp
USA,2017,1924.0,1842.0,Porsche,Turbo,>500hp
USA,2017,677.0,585.0,Porsche,Naturally Aspirated,<300hp
USA,2017,765.0,705.0,Porsche,Naturally Aspirated,300-500hp
USA,2017,891.0,855.0,Porsche,Naturally Aspirated,>500hp
USA,2017,1126.0,1066.0,Ferrari,Turbo,<300hp
USA,2017,616.0,526.0,Ferrari,Turbo,300-500hp
USA,2017,1134.0,1090.0,Ferrari,Turbo,>500hp
USA,2017,686.0,590.0,Ferrari,Naturally Aspirated,<300hp
USA,2017,2531.0,2437.0,Ferrari,Naturally Aspirated,300-500hp
USA,2017,1190.0,1144.0,Ferrari,Naturally Aspirated,>500hp
USA,2017,940.0,821.0,Aston Martin,Turbo,<300hp
USA,2017,714.0,607.0,Aston Martin,Turbo,300-500hp
USA,2017,1804.0,1595.0,Aston Martin,Turbo,>500hp
USA,2017,519.0,460.0,Aston Martin,Naturally Aspirated,<300hp
USA,2017,324.0,308.0,Aston Martin,Naturally Aspirated,300-500hp
USA,2017,706.0,646.0,Aston Martin,Naturally Aspirated,>500hp
USA,2017,677.0,636.0,Maserati,Turbo,<300hp
USA,2017,1935.0,1871.0,Maserati,Turbo,300-500hp
USA,2017,,301.0,Maserati,Turbo,>500hp
USA,2017,288.0,251.0,Maserati,Naturally Aspirated,<300hp
USA,2017,1362.0,1186.0,Maserati,Naturally Aspirated,300-500hp
USA,2017,441.0,414.0,Maserati,Naturally Aspirated,>500hp
Italy,2017,940.0,868.0,Subaru,Turbo,<300hp
Italy,2017,1498.0,1374.0,Subaru,Turbo,300-500hp
Italy,2017,1373.0,1182.0,Subaru,Turbo,>500hp
Italy,2017,523.0,492.0,Subaru,Naturally Aspirated,<300hp
Italy,2017,599.0,549.0,Subaru,Naturally Aspirated,300-500hp
Italy,2017,827.0,790.0,Subaru,Naturally Aspirated,>500hp
Italy,2017,682.0,645.0,Honda,Turbo,<300hp
Italy,2017,2827.0,2508.0,Honda,Turbo,300-500hp
Italy,2017,894.0,838.0,Honda,Turbo,>500hp
Italy,2017,412.0,384.0,Honda,Naturally Aspirated,<300hp
Italy,2017,1850.0,1746.0,Honda,Naturally Aspirated,300-500hp
Italy,2017,1413.0,1289.0,Honda,Naturally Aspirated,>500hp
Italy,2017,806.0,758.0,Toyota,Turbo,<300hp
Italy,2017,2166.0,2057.0,Toyota,Turbo,300-500hp
Italy,2017,713.0,670.0,Toyota,Turbo,>500hp
Italy,2017,908.0,854.0,Toyota,Naturally Aspirated,<300hp
Italy,2017,3058.0,2783.0,Toyota,Naturally Aspirated,300-500hp
Italy,2017,555.0,496.0,Toyota,Naturally Aspirated,>500hp
Italy,2017,552.0,511.0,BMW,Turbo,<300hp
Italy,2017,1690.0,1616.0,BMW,Turbo,300-500hp
Italy,2017,336.0,291.0,BMW,Turbo,>500hp
Italy,2017,,636.0,BMW,Naturally Aspirated,<300hp
Italy,2017,1799.0,1565.0,BMW,Naturally Aspirated,300-500hp
Italy,2017,2219.0,2097.0,BMW,Naturally Aspirated,>500hp
UK,2017,1235.0,1172.0,Lotus,Turbo,<300hp
UK,2017,3461.0,3206.0,Lotus,Turbo,300-500hp
UK,2017,611.0,543.0,Lotus,Turbo,>500hp
UK,2017,,331.0,Lotus,Naturally Aspirated,<300hp
UK,2017,2740.0,2600.0,Lotus,Naturally Aspirated,300-500hp
UK,2017,1349.0,1217.0,Lotus,Naturally Aspirated,>500hp
UK,2017,1570.0,1473.0,BMW,Turbo,<300hp
UK,2017,2388.0,2055.0,BMW,Turbo,300-500hp
UK,2017,1131.0,969.0,BMW,Turbo,>500hp
UK,2017,320.0,300.0,BMW,Naturally Aspirated,<300hp
UK,2017,1198.0,1061.0,BMW,Naturally Aspirated,300-500hp
UK,2017,2501.0,2252.0,BMW,Naturally Aspirated,>500hp
UK,2017,586.0,532.0,Toyota,Turbo,<300hp
UK,2017,1979.0,1845.0,Toyota,Turbo,300-500hp
UK,2017,1380.0,1296.0,Toyota,Turbo,>500hp
UK,2017,1305.0,,Toyota,Naturally Aspirated,<300hp
UK,2017,788.0,,Toyota,Naturally Aspirated,300-500hp
UK,2017,1365.0,1187.0,Toyota,Naturally Aspirated,>500hp
UK,2017,1379.0,1269.0,Nissan,Turbo,<300hp
UK,2017,2569.0,2343.0,Nissan,Turbo,300-500hp
UK,2017,1262.0,1191.0,Nissan,Turbo,>500hp
UK,2017,1474.0,1298.0,Nissan,Naturally Aspirated,<300hp
UK,2017,1974.0,1868.0,Nissan,Naturally Aspirated,300-500hp
UK,2017,632.0,573.0,Nissan,Naturally Aspirated,>500hp
France,2017,778.0,722.0,Maserati,Turbo,<300hp
France,2017,1702.0,1458.0,Maserati,Turbo,300-500hp
France,2017,1740.0,1486.0,Maserati,Turbo,>500hp
France,2017,243.0,214.0,Maserati,Naturally Aspirated,<300hp
France,2017,677.0,595.0,Maserati,Naturally Aspirated,300-500hp
France,2017,2333.0,2195.0,Maserati,Naturally Aspirated,>500hp
France,2017,786.0,747.0,Subaru,Turbo,<300hp
France,2017,953.0,817.0,Subaru,Turbo,300-500hp
France,2017,1304.0,1115.0,Subaru,Turbo,>500hp
France,2017,1027.0,942.0,Subaru,Naturally Aspirated,<300hp
France,2017,1048.0,942.0,Subaru,Naturally Aspirated,300-500hp
France,2017,2139.0,2049.0,Subaru,Naturally Aspirated,>500hp
France,2017,430.0,399.0,Aston Martin,Turbo,<300hp
France,2017,1473.0,1274.0,Aston Martin,Turbo,300-500hp
France,2017,848.0,816.0,Aston Martin,Turbo,>500hp
France,2017,,678.0,Aston Martin,Naturally Aspirated,<300hp
France,2017,3931.0,3464.0,Aston Martin,Naturally Aspirated,300-500hp
France,2017,2797.0,2706.0,Aston Martin,Naturally Aspirated,>500hp
France,2017,1525.0,1415.0,Ferrari,Turbo,<300hp
France,2017,1986.0,1733.0,Ferrari,Turbo,300-500hp
France,2017,1676.0,1517.0,Ferrari,Turbo,>500hp
France,2017,1828.0,1765.0,Ferrari,Naturally Aspirated,<300hp
France,2017,814.0,694.0,Ferrari,Naturally Aspirated,300-500hp
France,2017,819.0,720.0,Ferrari,Naturally Aspirated,>500hp
South Korea,2017,1281.0,1163.0,Lotus,Turbo,<300hp
South Korea,2017,3983.0,3837.0,Lotus,Turbo,300-500hp
South Korea,2017,2362.0,2035.0,Lotus,Turbo,>500hp
South Korea,2017,1508.0,1356.0,Lotus,Naturally Aspirated,<300hp
South Korea,2017,4141.0,3790.0,Lotus,Naturally Aspirated,300-500hp
South Korea,2017,547.0,516.0,Lotus,Naturally Aspirated,>500hp
South Korea,2017,450.0,385.0,Audi,Turbo,<300hp
South Korea,2017,2293.0,2085.0,Audi,Turbo,300-500hp
South Korea,2017,1675.0,1475.0,Audi,Turbo,>500hp
South Korea,2017,680.0,604.0,Audi,Naturally Aspirated,<300hp
South Korea,2017,3206.0,3062.0,Audi,Naturally Aspirated,300-500hp
South Korea,2017,1460.0,1269.0,Audi,Naturally Aspirated,>500hp
South Korea,2017,520.0,456.0,Porsche,Turbo,<300hp
South Korea,2017,3457.0,3170.0,Porsche,Turbo,300-500hp
South Korea,2017,2836.0,2673.0,Porsche,Turbo,>500hp
South Korea,2017,1060.0,909.0,Porsche,Naturally Aspirated,<300hp
South Korea,2017,4355.0,4176.0,Porsche,Naturally Aspirated,300-500hp
South Korea,2017,1349.0,1227.0,Porsche,Naturally Aspirated,>500hp
South Korea,2017,939.0,890.0,Ferrari,Turbo,<300hp
South Korea,2017,4776.0,4171.0,Ferrari,Turbo,300-500hp
South Korea,2017,2700.0,2325.0,Ferrari,Turbo,>500hp
South Korea,2017,1240.0,1171.0,Ferrari,Naturally Aspirated,<300hp
South Korea,2017,2641.0,2332.0,Ferrari,Naturally Aspirated,300-500hp
South Korea,2017,1809.0,1653.0,Ferrari,Naturally Aspirated,>500hp
China,2017,527.0,457.0,Toyota,Turbo,<300hp
China,2017,2995.0,2832.0,Toyota,Turbo,300-500hp
China,2017,1622.0,1545.0,Toyota,Turbo,>500hp
China,2017,1421.0,1344.0,Toyota,Naturally Aspirated,<300hp
China,2017,4757.0,4595.0,Toyota,Naturally Aspirated,300-500hp
China,2017,764.0,693.0,Toyota,Naturally Aspirated,>500hp
China,2017,1824.0,1709.0,Rolls-Royce,Turbo,<300hp
China,2017,1902.0,,Rolls-Royce,Turbo,300-500hp
China,2017,1443.0,1300.0,Rolls-Royce,Turbo,>500hp
China,2017,331.0,286.0,Rolls-Royce,Naturally Aspirated,<300hp
China,2017,2198.0,1892.0,Rolls-Royce,Naturally Aspirated,300-500hp
China,2017,1951.0,1826.0,Rolls-Royce,Naturally Aspirated,>500hp
China,2017,1587.0,1488.0,Ferrari,Turbo,<300hp
China,2017,4318.0,,Ferrari,Turbo,300-500hp
China,2017,1348.0,1294.0,Ferrari,Turbo,>500hp
China,2017,509.0,476.0,Ferrari,Naturally Aspirated,<300hp
China,2017,3724.0,3456.0,Ferrari,Naturally Aspirated,300-500hp
China,2017,2137.0,1908.0,Ferrari,Naturally Aspirated,>500hp
China,2017,735.0,702.0,Aston Martin,Turbo,<300hp
China,2017,2476.0,2156.0,Aston Martin,Turbo,300-500hp
China,2017,2737.0,2363.0,Aston Martin,Turbo,>500hp
China,2017,774.0,667.0,Aston Martin,Naturally Aspirated,<300hp
China,2017,1579.0,1421.0,Aston Martin,Naturally Aspirated,300-500hp
China,2017,2200.0,1961.0,Aston Martin,Naturally Aspirated,>500hp
Sweden,2017,1450.0,1381.0,Rolls-Royce,Turbo,<300hp
Sweden,2017,5474.0,5304.0,Rolls-Royce,Turbo,300-500hp
Sweden,2017,3348.0,2958.0,Rolls-Royce,Turbo,>500hp
Sweden,2017,1323.0,1178.0,Rolls-Royce,Naturally Aspirated,<300hp
Sweden,2017,1091.0,994.0,Rolls-Royce,Naturally Aspirated,300-500hp
Sweden,2017,1419.0,1257.0,Rolls-Royce,Naturally Aspirated,>500hp
Sweden,2017,1871.0,1760.0,Aston Martin,Turbo,<300hp
Sweden,2017,1112.0,976.0,Aston Martin,Turbo,300-500hp
Sweden,2017,689.0,650.0,Aston Martin,Turbo,>500hp
Sweden,2017,1332.0,1236.0,Aston Martin,Naturally Aspirated,<300hp
Sweden,2017,3426.0,2981.0,Aston Martin,Naturally Aspirated,300-500hp
Sweden,2017,1451.0,1311.0,Aston Martin,Naturally Aspirated,>500hp
Sweden,2017,1496.0,1312.0,Ford,Turbo,<300hp
Sweden,2017,1553.0,1344.0,Ford,Turbo,300-500hp
Sweden,2017,3415.0,3099.0,Ford,Turbo,>500hp
Sweden,2017,1161.0,992.0,Ford,Naturally Aspirated,<300hp
Sweden,2017,,5418.0,Ford,Naturally Aspirated,300-500hp
Sweden,2017,1739.0,1504.0,Ford,Naturally Aspirated,>500hp
Sweden,2017,2217.0,1962.0,Honda,Turbo,<300hp
Sweden,2017,3997.0,3759.0,Honda,Turbo,300-500hp
Sweden,2017,2189.0,1865.0,Honda,Turbo,>500hp
Sweden,2017,2073.0,1942.0,Honda,Naturally Aspirated,<300hp
Sweden,2017,3839.0,3552.0,Honda,Naturally Aspirated,300-500hp
Sweden,2017,1570.0,1454.0,Honda,Naturally Aspirated,>500hp
Spain,2017,1503.0,1411.0,Mercedes-Benz,Turbo,<300hp
Spain,2017,710.0,678.0,Mercedes-Benz,Turbo,300-500hp
Spain,2017,3765.0,3647.0,Mercedes-Benz,Turbo,>500hp
Spain,2017,1578.0,1500.0,Mercedes-Benz,Naturally Aspirated,<300hp
Spain,2017,3732.0,3187.0,Mercedes-Benz,Naturally Aspirated,300-500hp
Spain,2017,1067.0,1034.0,Mercedes-Benz,Naturally Aspirated,>500hp
Spain,2017,1088.0,999.0,Nissan,Turbo,<300hp
Spain,2017,1453.0,1246.0,Nissan,Turbo,300-500hp
Spain,2017,1502.0,1316.0,Nissan,Turbo,>500hp
Spain,2017,1327.0,1211.0,Nissan,Naturally Aspirated,<300hp
Spain,2017,1951.0,1852.0,Nissan,Naturally Aspirated,300-500hp
Spain,2017,1024.0,987.0,Nissan,Naturally Aspirated,>500hp
Spain,2017,439.0,395.0,Aston Martin,Turbo,<300hp
Spain,2017,3606.0,3459.0,Aston Martin,Turbo,300-500hp
Spain,2017,856.0,789.0,Aston Martin,Turbo,>500hp
Spain,2017,1343.0,1168.0,Aston Martin,Naturally Aspirated,<300hp
Spain,2017,1133.0,1045.0,Aston Martin,Naturally Aspirated,300-500hp
Spain,2017,1731.0,1594.0,Aston Martin,Naturally Aspirated,>500hp
Spain,2017,2213.0,2050.0,Chevrolet,Turbo,<300hp
Spain,2017,2939.0,2678.0,Chevrolet,Turbo,300-500hp
Spain,2017,1061.0,950.0,Chevrolet,Turbo,>500hp
Spain,2017,562.0,521.0,Chevrolet,Naturally Aspirated,<300hp
Spain,2017,868.0,766.0,Chevrolet,Naturally Aspirated,300-500hp
Spain,2017,2417.0,2270.0,Chevrolet,Naturally Aspirated,>500hp
Australia,2017,1480.0,1341.0,Ferrari,Turbo,<300hp
Australia,2017,862.0,795.0,Ferrari,Turbo,300-500hp
Australia,2017,2328.0,1980.0,Ferrari,Turbo,>500hp
Australia,2017,960.0,911.0,Ferrari,Naturally Aspirated,<300hp
Australia,2017,6726.0,5804.0,Ferrari,Naturally Aspirated,300-500hp
Australia,2017,753.0,679.0,Ferrari,Naturally Aspirated,>500hp
Australia,2017,674.0,614.0,Subaru,Turbo,<300hp
Australia,2017,3941.0,3481.0,Subaru,Turbo,300-500hp
Australia,2017,1215.0,1110.0,Subaru,Turbo,>500hp
Australia,2017,2322.0,2115.0,Subaru,Naturally Aspirated,<300hp
Australia,2017,4860.0,4148.0,Subaru,Naturally Aspirated,300-500hp
Australia,2017,1809.0,1753.0,Subaru,Naturally Aspirated,>500hp
Australia,2017,1040.0,999.0,Honda,Turbo,<300hp
Australia,2017,5554.0,4983.0,Honda,Turbo,300-500hp
Australia,2017,3759.0,3524.0,Honda,Turbo,>500hp
Australia,2017,1964.0,1837.0,Honda,Naturally Aspirated,<300hp
Australia,2017,5165.0,4808.0,Honda,Naturally Aspirated,300-500hp
Australia,2017,3473.0,3251.0,Honda,Naturally Aspirated,>500hp
Australia,2017,833.0,790.0,Bentley,Turbo,<300hp
Australia,2017,905.0,774.0,Bentley,Turbo,300-500hp
Australia,2017,3186.0,3025.0,Bentley,Turbo,>500hp
Australia,2017,2388.0,2202.0,Bentley,Naturally Aspirated,<300hp
Australia,2017,6099.0,5671.0,Bentley,Naturally Aspirated,300-500hp
Australia,2017,3807.0,3444.0,Bentley,Naturally Aspirated,>500hp
Canada,2017,1403.0,1292.0,Jaguar,Turbo,<300hp
Canada,2017,2026.0,1876.0,Jaguar,Turbo,300-500hp
Canada,2017,3537.0,3055.0,Jaguar,Turbo,>500hp
Canada,2017,761.0,712.0,Jaguar,Naturally Aspirated,<300hp
Canada,2017,4623.0,4340.0,Jaguar,Naturally Aspirated,300-500hp
Canada,2017,2040.0,1750.0,Jaguar,Naturally Aspirated,>500hp
Canada,2017,2349.0,2036.0,Toyota,Turbo,<300hp
Canada,2017,6484.0,5839.0,Toyota,Turbo,300-500hp
Canada,2017,2844.0,2570.0,Toyota,Turbo,>500hp
Canada,2017,1497.0,1280.0,Toyota,Naturally Aspirated,<300hp
Canada,2017,2497.0,,Toyota,Naturally Aspirated,300-500hp
Canada,2017,1582.0,1409.0,Toyota,Naturally Aspirated,>500hp
Canada,2017,1157.0,1074.0,Lamborghini,Turbo,<300hp
Canada,2017,3335.0,2989.0,Lamborghini,Turbo,300-500hp
Canada,2017,1563.0,1409.0,Lamborghini,Turbo,>500hp
Canada,2017,1892.0,1625.0,Lamborghini,Naturally Aspirated,<300hp
Canada,2017,3768.0,3341.0,Lamborghini,Naturally Aspirated,300-500hp
Canada,2017,4032.0,3712.0,Lamborghini,Naturally Aspirated,>500hp
Canada,2017,2358.0,2230.0,Maserati,Turbo,<300hp
Canada,2017,2839.0,2566.0,Maserati,Turbo,300-500hp
Canada,2017,3589.0,3445.0,Maserati,Turbo,>500hp
Canada,2017,2177.0,1876.0,Maserati,Naturally Aspirated,<300hp
Canada,2017,3654.0,3268.0,Maserati,Naturally Aspirated,300-500hp
Canada,2017,1573.0,1470.0,Maserati,Naturally Aspirated,>500hp
Mexico,2017,901.0,834.0,Lamborghini,Turbo,<300hp
Mexico,2017,5441.0,4671.0,Lamborghini,Turbo,300-500hp
Mexico,2017,4819.0,4440.0,Lamborghini,Turbo,>500hp
Mexico,2017,2187.0,2036.0,Lamborghini,Naturally Aspirated,<300hp
Mexico,2017,2188.0,2080.0,Lamborghini,Naturally Aspirated,300-500hp
Mexico,2017,2003.0,1940.0,Lamborghini,Naturally Aspirated,>500hp
Mexico,2017,991.0,924.0,Honda,Turbo,<300hp
Mexico,2017,3674.0,3551.0,Honda,Turbo,300-500hp
Mexico,2017,1938.0,1874.0,Honda,Turbo,>500hp
Mexico,2017,2647.0,2556.0,Honda,Naturally Aspirated,<300hp
Mexico,2017,2569.0,2248.0,Honda,Naturally Aspirated,300-500hp
Mexico,2017,5061.0,4537.0,Honda,Naturally Aspirated,>500hp
Mexico,2017,1120.0,1005.0,Aston Martin,Turbo,<300hp
Mexico,2017,4301.0,4046.0,Aston Martin,Turbo,300-500hp
Mexico,2017,1439.0,1307.0,Aston Martin,Turbo,>500hp
Mexico,2017,2876.0,2755.0,Aston Martin,Naturally Aspirated,<300hp
Mexico,2017,4091.0,3659.0,Aston Martin,Naturally Aspirated,300-500hp
Mexico,2017,635.0,563.0,Aston Martin,Naturally Aspirated,>500hp
Mexico,2017,2333.0,2107.0,Jaguar,Turbo,<300hp
Mexico,2017,1967.0,1867.0,Jaguar,Turbo,300-500hp
Mexico,2017,2976.0,2561.0,Jaguar,Turbo,>500hp
Mexico,2017,2969.0,2866.0,Jaguar,Naturally Aspirated,<300hp
Mexico,2017,3730.0,3343.0,Jaguar,Naturally Aspirated,300-500hp
Mexico,2017,1838.0,1681.0,Jaguar,Naturally Aspirated,>500hp
Brazil,2017,568.0,506.0,Porsche,Turbo,<300hp
Brazil,2017,3338.0,3224.0,Porsche,Turbo,300-500hp
Brazil,2017,928.0,849.0,Porsche,Turbo,>500hp
Brazil,2017,2676.0,2460.0,Porsche,Naturally Aspirated,<300hp
Brazil,2017,2928.0,2840.0,Porsche,Naturally Aspirated,300-500hp
Brazil,2017,1769.0,1677.0,Porsche,Naturally Aspirated,>500hp
Brazil,2017,2483.0,2372.0,Aston Martin,Turbo,<300hp
Brazil,2017,4305.0,3827.0,Aston Martin,Turbo,300-500hp
Brazil,2017,4585.0,4238.0,Aston Martin,Turbo,>500hp
Brazil,2017,3220.0,3019.0,Aston Martin,Naturally Aspirated,<300hp
Brazil,2017,4980.0,4256.0,Aston Martin,Naturally Aspirated,300-500hp
Brazil,2017,1251.0,1170.0,Aston Martin,Naturally Aspirated,>500hp
Brazil,2017,1630.0,1430.0,Subaru,Turbo,<300hp
Brazil,2017,5947.0,5703.0,Subaru,Turbo,300-500hp
Brazil,2017,829.0,739.0,Subaru,Turbo,>500hp
Brazil,2017,2794.0,2666.0,Subaru,Naturally Aspirated,<300hp
Brazil,2017,6872.0,6456.0,Subaru,Naturally Aspirated,300-500hp
Brazil,2017,2176.0,1882.0,Subaru,Naturally Aspirated,>500hp
Brazil,2017,,929.0,Ford,Turbo,<300hp
Brazil,2017,3995.0,3816.0,Ford,Turbo,300-500hp
Brazil,2017,1496.0,1354.0,Ford,Turbo,>500hp
Brazil,2017,2143.0,1945.0,Ford,Naturally Aspirated,<300hp
Brazil,2017,3426.0,2995.0,Ford,Naturally Aspirated,300-500hp
Brazil,2017,,2866.0,Ford,Naturally Aspirated,>500hp
India,2017,3172.0,2787.0,Subaru,Turbo,<300hp
India,2017,5133.0,4382.0,Subaru,Turbo,300-500hp
India,2017,1650.0,1526.0,Subaru,Turbo,>500hp
India,2017,2027.0,1901.0,Subaru,Naturally Aspirated,<300hp
India,2017,2810.0,2549.0,Subaru,Naturally Aspirated,300-500hp
India,2017,4486.0,3829.0,Subaru,Naturally Aspirated,>500hp
India,2017,3151.0,2940.0,Toyota,Turbo,<300hp
India,2017,4922.0,4360.0,Toyota,Turbo,300-500hp
India,2017,2860.0,2712.0,Toyota,Turbo,>500hp
India,2017,3041.0,2686.0,Toyota,Naturally Aspirated,<300hp
India,2017,2051.0,1873.0,Toyota,Naturally Aspirated,300-500hp
India,2017,4273.0,4143.0,Toyota,Naturally Aspirated,>500hp
India,2017,2010.0,1948.0,Ford,Turbo,<300hp
India,2017,6968.0,6169.0,Ford,Turbo,300-500hp
India,2017,3655.0,3126.0,Ford,Turbo,>500hp
India,2017,2763.0,2625.0,Ford,Naturally Aspirated,<300hp
India,2017,5936.0,5147.0,Ford,Naturally Aspirated,300-500hp
India,2017,2594.0,2496.0,Ford,Naturally Aspirated,>500hp
India,2017,1956.0,1817.0,Lamborghini,Turbo,<300hp
India,2017,6348.0,6069.0,Lamborghini,Turbo,300-500hp
India,2017,3137.0,2705.0,Lamborghini,Turbo,>500hp
India,2017,2937.0,2668.0,Lamborghini,Naturally Aspirated,<300hp
India,2017,1567.0,1336.0,Lamborghini,Naturally Aspirated,300-500hp
India,2017,1828.0,1630.0,Lamborghini,Naturally Aspirated,>500hp
Germany,2018,371.0,333.0,Chevrolet,Turbo,<300hp
Germany,2018,1186.0,1038.0,Chevrolet,Turbo,300-500hp
Germany,2018,845.0,758.0,Chevrolet,Turbo,>500hp
Germany,2018,323.0,310.0,Chevrolet,Naturally Aspirated,<300hp
Germany,2018,1993.0,1757.0,Chevrolet,Naturally Aspirated,300-500hp
Germany,2018,1250.0,1110.0,Chevrolet,Naturally Aspirated,>500hp
Germany,2018,388.0,,Aston Martin,Turbo,<300hp
Germany,2018,417.0,356.0,Aston Martin,Turbo,300-500hp
Germany,2018,1296.0,1202.0,Aston Martin,Turbo,>500hp
Germany,2018,536.0,501.0,Aston Martin,Naturally Aspirated,<300hp
Germany,2018,932.0,800.0,Aston Martin,Naturally Aspirated,300-500hp
Germany,2018,196.0,178.0,Aston Martin,Naturally Aspirated,>500hp
Germany,2018,281.0,249.0,Ferrari,Turbo,<300hp
Germany,2018,1253.0,1086.0,Ferrari,Turbo,300-500hp
Germany,2018,456.0,414.0,Ferrari,Turbo,>500hp
Germany,2018,845.0,807.0,Ferrari,Naturally Aspirated,<300hp
Germany,2018,2209.0,2068.0,Ferrari,Naturally Aspirated,300-500hp
Germany,2018,524.0,477.0,Ferrari,Naturally Aspirated,>500hp
Germany,2018,429.0,378.0,Porsche,Turbo,<300hp
Germany,2018,1268.0,1214.0,Porsche,Turbo,300-500hp
Germany,2018,391.0,354.0,Porsche,Turbo,>500hp
Germany,2018,546.0,480.0,Porsche,Naturally Aspirated,<300hp
Germany,2018,619.0,532.0,Porsche,Naturally Aspirated,300-500hp
Germany,2018,347.0,299.0,Porsche,Naturally Aspirated,>500hp
Japan,2018,907.0,783.0,Honda,Turbo,<300hp
Japan,2018,529.0,480.0,Honda,Turbo,300-500hp
Japan,2018,1600.0,1481.0,Honda,Turbo,>500hp
Japan,2018,1049.0,923.0,Honda,Naturally Aspirated,<300hp
Japan,2018,400.0,371.0,Honda,Naturally Aspirated,300-500hp
Japan,2018,519.0,458.0,Honda,Naturally Aspirated,>500hp
Japan,2018,232.0,223.0,Lamborghini,Turbo,<300hp
Japan,2018,1161.0,1024.0,Lamborghini,Turbo,300-500hp
Japan,2018,660.0,564.0,Lamborghini,Turbo,>500hp
Japan,2018,369.0,335.0,Lamborghini,Naturally Aspirated,<300hp
Japan,2018,1684.0,1606.0,Lamborghini,Naturally Aspirated,300-500hp
Japan,2018,683.0,618.0,Lamborghini,Naturally Aspirated,>500hp
Japan,2018,165.0,147.0,Lotus,Turbo,<300hp
Japan,2018,758.0,722.0,Lotus,Turbo,300-500hp
Japan,2018,1002.0,918.0,Lotus,Turbo,>500hp
Japan,2018,586.0,548.0,Lotus,Naturally Aspirated,<300hp
Japan,2018,2686.0,2563.0,Lotus,Naturally Aspirated,300-500hp
Japan,2018,1597.0,1526.0,Lotus,Naturally Aspirated,>500hp
Japan,2018,571.0,539.0,Rolls-Royce,Turbo,<300hp
Japan,2018,1297.0,1197.0,Rolls-Royce,Turbo,300-500hp
Japan,2018,240.0,215.0,Rolls-Royce,Turbo,>500hp
Japan,2018,289.0,268.0,Rolls-Royce,Naturally Aspirated,<300hp
Japan,2018,785.0,704.0,Rolls-Royce,Naturally Aspirated,300-500hp
Japan,2018,713.0,655.0,Rolls-Royce,Naturally Aspirated,>500hp
USA,2018,1341.0,1206.0,Jaguar,Turbo,<300hp
USA,2018,571.0,513.0,Jaguar,Turbo,300-500hp
USA,2018,1102.0,1056.0,Jaguar,Turbo,>500hp
USA,2018,1280.0,1222.0,Jaguar,Naturally Aspirated,<300hp
USA,2018,1225.0,1117.0,Jaguar,Naturally Aspirated,300-500hp
USA,2018,1193.0,1123.0,Jaguar,Naturally Aspirated,>500hp
USA,2018,1266.0,1193.0,Bentley,Turbo,<300hp
USA,2018,2745.0,2405.0,Bentley,Turbo,300-500hp
USA,2018,1794.0,1735.0,Bentley,Turbo,>500hp
USA,2018,1172.0,1077.0,Bentley,Naturally Aspirated,<300hp
USA,2018,1755.0,1661.0,Bentley,Naturally Aspirated,300-500hp
USA,2018,944.0,822.0,Bentley,Naturally Aspirated,>500hp
USA,2018,1064.0,906.0,Porsche,Turbo,<300hp
USA,2018,1305.0,1162.0,Porsche,Turbo,300-500hp
USA,2018,1945.0,1705.0,Porsche,Turbo,>500hp
USA,2018,1181.0,1056.0,Porsche,Naturally Aspirated,<300hp
USA,2018,786.0,696.0,Porsche,Naturally Aspirated,300-500hp
USA,2018,632.0,611.0,Porsche,Naturally Aspirated,>500hp
USA,2018,1317.0,1123.0,Ford,Turbo,<300hp
USA,2018,3176.0,3015.0,Ford,Turbo,300-500hp
USA,2018,1517.0,1431.0,Ford,Turbo,>500hp
USA,2018,971.0,871.0,Ford,Naturally Aspirated,<300hp
USA,2018,737.0,705.0,Ford,Naturally Aspirated,300-500hp
USA,2018,1932.0,1695.0,Ford,Naturally Aspirated,>500hp
Italy,2018,1355.0,1164.0,Lamborghini,Turbo,<300hp
Italy,2018,544.0,475.0,Lamborghini,Turbo,300-500hp
Italy,2018,1869.0,1620.0,Lamborghini,Turbo,>500hp
Italy,2018,162.0,154.0,Lamborghini,Naturally Aspirated,<300hp
Italy,2018,714.0,676.0,Lamborghini,Naturally Aspirated,300-500hp
Italy,2018,1949.0,1868.0,Lamborghini,Naturally Aspirated,>500hp
Italy,2018,1234.0,1144.0,Toyota,Turbo,<300hp
Italy,2018,1169.0,1126.0,Toyota,Turbo,300-500hp
Italy,2018,1821.0,1611.0,Toyota,Turbo,>500hp
Italy,2018,689.0,630.0,Toyota,Naturally Aspirated,<300hp
Italy,2018,489.0,457.0,Toyota,Naturally Aspirated,300-500hp
Italy,2018,1891.0,1763.0,Toyota,Naturally Aspirated,>500hp
Italy,2018,791.0,719.0,Audi,Turbo,<300hp
Italy,2018,2079.0,1800.0,Audi,Turbo,300-500hp
Italy,2018,1732.0,1534.0,Audi,Turbo,>500hp
Italy,2018,1335.0,1173.0,Audi,Naturally Aspirated,<300hp
Italy,2018,3083.0,2971.0,Audi,Naturally Aspirated,300-500hp
Italy,2018,1488.0,1375.0,Audi,Naturally Aspirated,>500hp
Italy,2018,1284.0,1215.0,Bentley,Turbo,<300hp
Italy,2018,2119.0,1911.0,Bentley,Turbo,300-500hp
Italy,2018,1119.0,1026.0,Bentley,Turbo,>500hp
Italy,2018,500.0,453.0,Bentley,Naturally Aspirated,<300hp
Italy,2018,738.0,631.0,Bentley,Naturally Aspirated,300-500hp
Italy,2018,1851.0,1603.0,Bentley,Naturally Aspirated,>500hp
UK,2018,480.0,443.0,Bentley,Turbo,<300hp
UK,2018,1503.0,1427.0,Bentley,Turbo,300-500hp
UK,2018,728.0,698.0,Bentley,Turbo,>500hp
UK,2018,1378.0,1286.0,Bentley,Naturally Aspirated,<300hp
UK,2018,627.0,604.0,Bentley,Naturally Aspirated,300-500hp
UK,2018,803.0,755.0,Bentley,Naturally Aspirated,>500hp
UK,2018,1304.0,1242.0,Ferrari,Turbo,<300hp
UK,2018,2550.0,2387.0,Ferrari,Turbo,300-500hp
UK,2018,2688.0,2594.0,Ferrari,Turbo,>500hp
UK,2018,1159.0,1092.0,Ferrari,Naturally Aspirated,<300hp
UK,2018,493.0,454.0,Ferrari,Naturally Aspirated,300-500hp
UK,2018,1668.0,1419.0,Ferrari,Naturally Aspirated,>500hp
UK,2018,750.0,671.0,Chevrolet,Turbo,<300hp
UK,2018,3801.0,3597.0,Chevrolet,Turbo,300-500hp
UK,2018,1527.0,1356.0,Chevrolet,Turbo,>500hp
UK,2018,1007.0,918.0,Chevrolet,Naturally Aspirated,<300hp
UK,2018,1216.0,1047.0,Chevrolet,Naturally Aspirated,300-500hp
UK,2018,1776.0,1561.0,Chevrolet,Naturally Aspirated,>500hp
UK,2018,1736.0,1575.0,Ford,Turbo,<300hp
UK,2018,1834.0,1558.0,Ford,Turbo,300-500hp
UK,2018,1847.0,1633.0,Ford,Turbo,>500hp
UK,2018,1341.0,1287.0,Ford,Naturally Aspirated,<300hp
UK,2018,2256.0,1929.0,Ford,Naturally Aspirated,300-500hp
UK,2018,1771.0,1607.0,Ford,Naturally Aspirated,>500hp
France,2018,256.0,245.0,Lamborghini,Turbo,<300hp
France,2018,3957.0,3376.0,Lamborghini,Turbo,300-500hp
France,2018,3084.0,2703.0,Lamborghini,Turbo,>500hp
France,2018,1845.0,1618.0,Lamborghini,Naturally Aspirated,<300hp
France,2018,1617.0,1408.0,Lamborghini,Naturally Aspirated,300-500hp
France,2018,1822.0,1697.0,Lamborghini,Naturally Aspirated,>500hp
France,2018,965.0,930.0,Jaguar,Turbo,<300hp
France,2018,3176.0,2920.0,Jaguar,Turbo,300-500hp
France,2018,1969.0,1852.0,Jaguar,Turbo,>500hp
France,2018,1158.0,1004.0,Jaguar,Naturally Aspirated,<300hp
France,2018,2391.0,2303.0,Jaguar,Naturally Aspirated,300-500hp
France,2018,1683.0,1596.0,Jaguar,Naturally Aspirated,>500hp
France,2018,228.0,207.0,Maserati,Turbo,<300hp
France,2018,2992.0,2616.0,Maserati,Turbo,300-500hp
France,2018,2811.0,2452.0,Maserati,Turbo,>500hp
France,2018,1459.0,1344.0,Maserati,Naturally Aspirated,<300hp
France,2018,3271.0,3030.0,Maserati,Naturally Aspirated,300-500hp
France,2018,483.0,461.0,Maserati,Naturally Aspirated,>500hp
France,2018,742.0,702.0,Subaru,Turbo,<300hp
France,2018,4368.0,3737.0,Subaru,Turbo,300-500hp
France,2018,2580.0,2302.0,Subaru,Turbo,>500hp
France,2018,1403.0,1218.0,Subaru,Naturally Aspirated,<300hp
France,2018,2808.0,2568.0,Subaru,Naturally Aspirated,300-500hp
France,2018,488.0,469.0,Subaru,Naturally Aspirated,>500hp
South Korea,2018,1978.0,1754.0,BMW,Turbo,<300hp
South Korea,2018,4772.0,4435.0,BMW,Turbo,300-500hp
South Korea,2018,2290.0,2060.0,BMW,Turbo,>500hp
South Korea,2018,1698.0,1567.0,BMW,Naturally Aspirated,<300hp
South Korea,2018,4284.0,3808.0,BMW,Naturally Aspirated,300-500hp
South Korea,2018,1135.0,1075.0,BMW,Naturally Aspirated,>500hp
South Korea,2018,,263.0,Nissan,Turbo,<300hp
South Korea,2018,4114.0,3990.0,Nissan,Turbo,300-500hp
South Korea,2018,2993.0,2897.0,Nissan,Turbo,>500hp
South Korea,2018,1324.0,1246.0,Nissan,Naturally Aspirated,<300hp
South Korea,2018,842.0,775.0,Nissan,Naturally Aspirated,300-500hp
South Korea,2018,535.0,459.0,Nissan,Naturally Aspirated,>500hp
South Korea,2018,1007.0,947.0,Maserati,Turbo,<300hp
South Korea,2018,5050.0,4646.0,Maserati,Turbo,300-500hp
South Korea,2018,,2712.0,Maserati,Turbo,>500hp
South Korea,2018,1420.0,1252.0,Maserati,Naturally Aspirated,<300hp
South Korea,2018,4590.0,4424.0,Maserati,Naturally Aspirated,300-500hp
South Korea,2018,452.0,391.0,Maserati,Naturally Aspirated,>500hp
South Korea,2018,1482.0,1277.0,Mercedes-Benz,Turbo,<300hp
South Korea,2018,2345.0,2041.0,Mercedes-Benz,Turbo,300-500hp
South Korea,2018,1113.0,1070.0,Mercedes-Benz,Turbo,>500hp
South Korea,2018,2039.0,1777.0,Mercedes-Benz,Naturally Aspirated,<300hp
South Korea,2018,4160.0,3766.0,Mercedes-Benz,Naturally Aspirated,300-500hp
South Korea,2018,2480.0,2144.0,Mercedes-Benz,Naturally Aspirated,>500hp
China,2018,1142.0,1047.0,Ford,Turbo,<300hp
China,2018,3114.0,2852.0,Ford,Turbo,300-500hp
China,2018,3361.0,3010.0,Ford,Turbo,>500hp
China,2018,2069.0,1884.0,Ford,Naturally Aspirated,<300hp
China,2018,1883.0,1805.0,Ford,Naturally Aspirated,300-500hp
China,2018,660.0,562.0,Ford,Naturally Aspirated,>500hp
China,2018,1144.0,989.0,Aston Martin,Turbo,<300hp
China,2018,5330.0,4980.0,Aston Martin,Turbo,300-500hp
China,2018,1363.0,1296.0,Aston Martin,Turbo,>500hp
China,2018,1847.0,1681.0,Aston Martin,Naturally Aspirated,<300hp
China,2018,1702.0,1644.0,Aston Martin,Naturally Aspirated,300-500hp
China,2018,2194.0,1978.0,Aston Martin,Naturally Aspirated,>500hp
China,2018,939.0,879.0,Rolls-Royce,Turbo,<300hp
China,2018,1014.0,876.0,Rolls-Royce,Turbo,300-500hp
China,2018,1791.0,1675.0,Rolls-Royce,Turbo,>500hp
China,2018,550.0,493.0,Rolls-Royce,Naturally Aspirated,<300hp
China,2018,2259.0,2139.0,Rolls-Royce,Naturally Aspirated,300-500hp
China,2018,723.0,668.0,Rolls-Royce,Naturally Aspirated,>500hp
China,2018,968.0,924.0,Honda,Turbo,<300hp
China,2018,1576.0,1434.0,Honda,Turbo,300-500hp
China,2018,2331.0,2068.0,Honda,Turbo,>500hp
China,2018,415.0,381.0,Honda,Naturally Aspirated,<300hp
China,2018,4063.0,3895.0,Honda,Naturally Aspirated,300-500hp
China,2018,465.0,396.0,Honda,Naturally Aspirated,>500hp
Sweden,2018,1019.0,891.0,Honda,Turbo,<300hp
Sweden,2018,1179.0,1141.0,Honda,Turbo,300-500hp
Sweden,2018,3525.0,3306.0,Honda,Turbo,>500hp
Sweden,2018,2485.0,2171.0,Honda,Naturally Aspirated,<300hp
Sweden,2018,4927.0,4652.0,Honda,Naturally Aspirated,300-500hp
Sweden,2018,2695.0,2586.0,Honda,Naturally Aspirated,>500hp
Sweden,2018,989.0,848.0,Chevrolet,Turbo,<300hp
Sweden,2018,869.0,757.0,Chevrolet,Turbo,300-500hp
Sweden,2018,840.0,769.0,Chevrolet,Turbo,>500hp
Sweden,2018,951.0,871.0,Chevrolet,Naturally Aspirated,<300hp
Sweden,2018,,4613.0,Chevrolet,Naturally Aspirated,300-500hp
Sweden,2018,3556.0,3244.0,Chevrolet,Naturally Aspirated,>500hp
Sweden,2018,2146.0,1892.0,Ford,Turbo,<300hp
Sweden,2018,876.0,810.0,Ford,Turbo,300-500hp
Sweden,2018,2589.0,2414.0,Ford,Turbo,>500hp
Sweden,2018,337.0,310.0,Ford,Naturally Aspirated,<300hp
Sweden,2018,4793.0,4173.0,Ford,Naturally Aspirated,300-500hp
Sweden,2018,1668.0,1608.0,Ford,Naturally Aspirated,>500hp
Sweden,2018,1601.0,1378.0,Porsche,Turbo,<300hp
Sweden,2018,6197.0,5731.0,Porsche,Turbo,300-500hp
Sweden,2018,2408.0,2206.0,Porsche,Turbo,>500hp
Sweden,2018,1730.0,1616.0,Porsche,Naturally Aspirated,<300hp
Sweden,2018,2780.0,2551.0,Porsche,Naturally Aspirated,300-500hp
Sweden,2018,3858.0,3606.0,Porsche,Naturally Aspirated,>500hp
Spain,2018,1949.0,1863.0,Ferrari,Turbo,<300hp
Spain,2018,2371.0,2182.0,Ferrari,Turbo,300-500hp
Spain,2018,990.0,885.0,Ferrari,Turbo,>500hp
Spain,2018,436.0,403.0,Ferrari,Naturally Aspirated,<300hp
Spain,2018,6556.0,6031.0,Ferrari,Naturally Aspirated,300-500hp
Spain,2018,1174.0,1074.0,Ferrari,Naturally Aspirated,>500hp
Spain,2018,324.0,312.0,Honda,Turbo,<300hp
Spain,2018,5344.0,5007.0,Honda,Turbo,300-500hp
Spain,2018,2315.0,2020.0,Honda,Turbo,>500hp
Spain,2018,376.0,,Honda,Naturally Aspirated,<300hp
Spain,2018,1163.0,1092.0,Honda,Naturally Aspirated,300-500hp
Spain,2018,3562.0,3408.0,Honda,Naturally Aspirated,>500hp
Spain,2018,1040.0,998.0,Ford,Turbo,<300hp
Spain,2018,6645.0,5854.0,Ford,Turbo,300-500hp
Spain,2018,3728.0,3398.0,Ford,Turbo,>500hp
Spain,2018,1931.0,1777.0,Ford,Naturally Aspirated,<300hp
Spain,2018,5833.0,5340.0,Ford,Naturally Aspirated,300-500hp
Spain,2018,,1227.0,Ford,Naturally Aspirated,>500hp
Spain,2018,1539.0,1345.0,Bentley,Turbo,<300hp
Spain,2018,3463.0,3026.0,Bentley,Turbo,300-500hp
Spain,2018,580.0,496.0,Bentley,Turbo,>500hp
Spain,2018,1832.0,1604.0,Bentley,Naturally Aspirated,<300hp
Spain,2018,6246.0,5366.0,Bentley,Naturally Aspirated,300-500hp
Spain,2018,2455.0,2221.0,Bentley,Naturally Aspirated,>500hp
Australia,2018,907.0,851.0,Subaru,Turbo,<300hp
Australia,2018,6215.0,5500.0,Subaru,Turbo,300-500hp
Australia,2018,952.0,851.0,Subaru,Turbo,>500hp
Australia,2018,1831.0,1684.0,Subaru,Naturally Aspirated,<300hp
Australia,2018,1142.0,1007.0,Subaru,Naturally Aspirated,300-500hp
Australia,2018,3205.0,3076.0,Subaru,Naturally Aspirated,>500hp
Australia,2018,1855.0,1725.0,Bentley,Turbo,<300hp
Australia,2018,5405.0,4888.0,Bentley,Turbo,300-500hp
Australia,2018,905.0,864.0,Bentley,Turbo,>500hp
Australia,2018,743.0,669.0,Bentley,Naturally Aspirated,<300hp
Australia,2018,4267.0,3900.0,Bentley,Naturally Aspirated,300-500hp
Australia,2018,1781.0,1527.0,Bentley,Naturally Aspirated,>500hp
Australia,2018,336.0,297.0,Ford,Turbo,<300hp
Australia,2018,6140.0,5235.0,Ford,Turbo,300-500hp
Australia,2018,4651.0,4180.0,Ford,Turbo,>500hp
Australia,2018,1579.0,1517.0,Ford,Naturally Aspirated,<300hp
Australia,2018,5434.0,4802.0,Ford,Naturally Aspirated,300-500hp
Australia,2018,3427.0,3081.0,Ford,Naturally Aspirated,>500hp
Australia,2018,371.0,326.0,Aston Martin,Turbo,<300hp
Australia,2018,,,Aston Martin,Turbo,300-500hp
Australia,2018,3127.0,3011.0,Aston Martin,Turbo,>500hp
Australia,2018,444.0,424.0,Aston Martin,Naturally Aspirated,<300hp
Australia,2018,4556.0,4324.0,Aston Martin,Naturally Aspirated,300-500hp
Australia,2018,1248.0,1181.0,Aston Martin,Naturally Aspirated,>500hp
Canada,2018,1980.0,1875.0,Lamborghini,Turbo,<300hp
Canada,2018,3184.0,2947.0,Lamborghini,Turbo,300-500hp
Canada,2018,1742.0,1586.0,Lamborghini,Turbo,>500hp
Canada,2018,2148.0,1885.0,Lamborghini,Naturally Aspirated,<300hp
Canada,2018,2669.0,2558.0,Lamborghini,Naturally Aspirated,300-500hp
Canada,2018,1567.0,1436.0,Lamborghini,Naturally Aspirated,>500hp
Canada,2018,1982.0,1767.0,Audi,Turbo,<300hp
Canada,2018,,4354.0,Audi,Turbo,300-500hp
Canada,2018,600.0,570.0,Audi,Turbo,>500hp
Canada,2018,2205.0,2035.0,Audi,Naturally Aspirated,<300hp
Canada,2018,5858.0,5452.0,Audi,Naturally Aspirated,300-500hp
Canada,2018,3280.0,3072.0,Audi,Naturally Aspirated,>500hp
Canada,2018,1375.0,1188.0,Rolls-Royce,Turbo,<300hp
Canada,2018,5870.0,4990.0,Rolls-Royce,Turbo,300-500hp
Canada,2018,1008.0,945.0,Rolls-Royce,Turbo,>500hp
Canada,2018,2299.0,2036.0,Rolls-Royce,Naturally Aspirated,<300hp
Canada,2018,7509.0,6693.0,Rolls-Royce,Naturally Aspirated,300-500hp
Canada,2018,1023.0,899.0,Rolls-Royce,Naturally Aspirated,>500hp
Canada,2018,1392.0,1289.0,Maserati,Turbo,<300hp
Canada,2018,944.0,827.0,Maserati,Turbo,300-500hp
Canada,2018,2292.0,2006.0,Maserati,Turbo,>500hp
Canada,2018,1763.0,1533.0,Maserati,Naturally Aspirated,<300hp
Canada,2018,6350.0,,Maserati,Naturally Aspirated,300-500hp
Canada,2018,662.0,589.0,Maserati,Naturally Aspirated,>500hp
Mexico,2018,3229.0,3081.0,Bentley,Turbo,<300hp
Mexico,2018,5691.0,4852.0,Bentley,Turbo,300-500hp
Mexico,2018,805.0,695.0,Bentley,Turbo,>500hp
Mexico,2018,3300.0,2851.0,Bentley,Naturally Aspirated,<300hp
Mexico,2018,5682.0,5129.0,Bentley,Naturally Aspirated,300-500hp
Mexico,2018,5091.0,4397.0,Bentley,Naturally Aspirated,>500hp
Mexico,2018,3341.0,3112.0,Lamborghini,Turbo,<300hp
Mexico,2018,2154.0,2076.0,Lamborghini,Turbo,300-500hp
Mexico,2018,755.0,643.0,Lamborghini,Turbo,>500hp
Mexico,2018,511.0,463.0,Lamborghini,Naturally Aspirated,<300hp
Mexico,2018,6874.0,6025.0,Lamborghini,Naturally Aspirated,300-500hp
Mexico,2018,1819.0,1548.0,Lamborghini,Naturally Aspirated,>500hp
Mexico,2018,1088.0,994.0,Porsche,Turbo,<300hp
Mexico,2018,7208.0,,Porsche,Turbo,300-500hp
Mexico,2018,2314.0,2201.0,Porsche,Turbo,>500hp
Mexico,2018,2077.0,1797.0,Porsche,Naturally Aspirated,<300hp
Mexico,2018,7064.0,6455.0,Porsche,Naturally Aspirated,300-500hp
Mexico,2018,4347.0,3790.0,Porsche,Naturally Aspirated,>500hp
Mexico,2018,3074.0,2938.0,Lotus,Turbo,<300hp
Mexico,2018,7748.0,6656.0,Lotus,Turbo,300-500hp
Mexico,2018,2841.0,2688.0,Lotus,Turbo,>500hp
Mexico,2018,2033.0,1796.0,Lotus,Naturally Aspirated,<300hp
Mexico,2018,1134.0,973.0,Lotus,Naturally Aspirated,300-500hp
Mexico,2018,3361.0,3050.0,Lotus,Naturally Aspirated,>500hp
Brazil,2018,1641.0,1458.0,Jaguar,Turbo,<300hp
Brazil,2018,871.0,776.0,Jaguar,Turbo,300-500hp
Brazil,2018,5364.0,4603.0,Jaguar,Turbo,>500hp
Brazil,2018,2257.0,2019.0,Jaguar,Naturally Aspirated,<300hp
Brazil,2018,5885.0,5466.0,Jaguar,Naturally Aspirated,300-500hp
Brazil,2018,3664.0,3522.0,Jaguar,Naturally Aspirated,>500hp
Brazil,2018,2753.0,2614.0,Audi,Turbo,<300hp
Brazil,2018,3088.0,2804.0,Audi,Turbo,300-500hp
Brazil,2018,1354.0,1281.0,Audi,Turbo,>500hp
Brazil,2018,2947.0,2698.0,Audi,Naturally Aspirated,<300hp
Brazil,2018,4261.0,4013.0,Audi,Naturally Aspirated,300-500hp
Brazil,2018,866.0,793.0,Audi,Naturally Aspirated,>500hp
Brazil,2018,2849.0,2678.0,Nissan,Turbo,<300hp
Brazil,2018,5822.0,5422.0,Nissan,Turbo,300-500hp
Brazil,2018,4711.0,4083.0,Nissan,Turbo,>500hp
Brazil,2018,392.0,368.0,Nissan,Naturally Aspirated,<300hp
Brazil,2018,6358.0,5553.0,Nissan,Naturally Aspirated,300-500hp
Brazil,2018,832.0,746.0,Nissan,Naturally Aspirated,>500hp
Brazil,2018,2902.0,2782.0,Chevrolet,Turbo,<300hp
Brazil,2018,5683.0,5243.0,Chevrolet,Turbo,300-500hp
Brazil,2018,2675.0,2483.0,Chevrolet,Turbo,>500hp
Brazil,2018,942.0,897.0,Chevrolet,Naturally Aspirated,<300hp
Brazil,2018,3459.0,3254.0,Chevrolet,Naturally Aspirated,300-500hp
Brazil,2018,3924.0,3558.0,Chevrolet,Naturally Aspirated,>500hp
India,2018,675.0,618.0,Ferrari,Turbo,<300hp
India,2018,5601.0,4938.0,Ferrari,Turbo,300-500hp
India,2018,3945.0,3707.0,Ferrari,Turbo,>500hp
India,2018,3632.0,3289.0,Ferrari,Naturally Aspirated,<300hp
India,2018,2609.0,2404.0,Ferrari,Naturally Aspirated,300-500hp
India,2018,4338.0,4091.0,Ferrari,Naturally Aspirated,>500hp
India,2018,1322.0,,Subaru,Turbo,<300hp
India,2018,4246.0,4110.0,Subaru,Turbo,300-500hp
India,2018,2279.0,2148.0,Subaru,Turbo,>500hp
India,2018,537.0,,Subaru,Naturally Aspirated,<300hp
India,2018,9152.0,7813.0,Subaru,Naturally Aspirated,300-500hp
India,2018,3769.0,3218.0,Subaru,Naturally Aspirated,>500hp
India,2018,846.0,743.0,Aston Martin,Turbo,<300hp
India,2018,3743.0,3464.0,Aston Martin,Turbo,300-500hp
India,2018,2859.0,2658.0,Aston Martin,Turbo,>500hp
India,2018,2637.0,2377.0,Aston Martin,Naturally Aspirated,<300hp
India,2018,1587.0,1518.0,Aston Martin,Naturally Aspirated,300-500hp
India,2018,5749.0,5346.0,Aston Martin,Naturally Aspirated,>500hp
India,2018,2200.0,2084.0,Audi,Turbo,<300hp
India,2018,7962.0,7691.0,Audi,Turbo,300-500hp
India,2018,4706.0,4510.0,Audi,Turbo,>500hp
India,2018,1113.0,1045.0,Audi,Naturally Aspirated,<300hp
India,2018,5514.0,4690.0,Audi,Naturally Aspirated,300-500hp
India,2018,6051.0,5172.0,Audi,Naturally Aspirated,>500hp
Germany,2019,859.0,794.0,Toyota,Turbo,<300hp
Germany,2019,1865.0,1795.0,Toyota,Turbo,300-500hp
Germany,2019,1170.0,1076.0,Toyota,Turbo,>500hp
Germany,2019,610.0,523.0,Toyota,Naturally Aspirated,<300hp
Germany,2019,2365.0,2218.0,Toyota,Naturally Aspirated,300-500hp
Germany,2019,1273.0,1190.0,Toyota,Naturally Aspirated,>500hp
Germany,2019,546.0,520.0,Lotus,Turbo,<300hp
Germany,2019,546.0,524.0,Lotus,Turbo,300-500hp
Germany,2019,977.0,892.0,Lotus,Turbo,>500hp
Germany,2019,363.0,328.0,Lotus,Naturally Aspirated,<300hp
Germany,2019,1580.0,1436.0,Lotus,Naturally Aspirated,300-500hp
Germany,2019,860.0,804.0,Lotus,Naturally Aspirated,>500hp
Germany,2019,304.0,260.0,Ford,Turbo,<300hp
Germany,2019,2127.0,2020.0,Ford,Turbo,300-500hp
Germany,2019,1180.0,1098.0,Ford,Turbo,>500hp
Germany,2019,316.0,274.0,Ford,Naturally Aspirated,<300hp
Germany,2019,2003.0,1715.0,Ford,Naturally Aspirated,300-500hp
Germany,2019,338.0,315.0,Ford,Naturally Aspirated,>500hp
Germany,2019,594.0,544.0,BMW,Turbo,<300hp
Germany,2019,1034.0,904.0,BMW,Turbo,300-500hp
Germany,2019,712.0,654.0,BMW,Turbo,>500hp
Germany,2019,928.0,894.0,BMW,Naturally Aspirated,<300hp
Germany,2019,1903.0,1621.0,BMW,Naturally Aspirated,300-500hp
Germany,2019,517.0,440.0,BMW,Naturally Aspirated,>500hp
Japan,2019,510.0,469.0,Chevrolet,Turbo,<300hp
Japan,2019,2545.0,2179.0,Chevrolet,Turbo,300-500hp
Japan,2019,1893.0,1661.0,Chevrolet,Turbo,>500hp
Japan,2019,698.0,667.0,Chevrolet,Naturally Aspirated,<300hp
Japan,2019,836.0,776.0,Chevrolet,Naturally Aspirated,300-500hp
Japan,2019,1187.0,1080.0,Chevrolet,Naturally Aspirated,>500hp
Japan,2019,351.0,335.0,Rolls-Royce,Turbo,<300hp
Japan,2019,838.0,750.0,Rolls-Royce,Turbo,300-500hp
Japan,2019,1481.0,1401.0,Rolls-Royce,Turbo,>500hp
Japan,2019,1155.0,985.0,Rolls-Royce,Naturally Aspirated,<300hp
Japan,2019,,951.0,Rolls-Royce,Naturally Aspirated,300-500hp
Japan,2019,1469.0,1420.0,Rolls-Royce,Naturally Aspirated,>500hp
Japan,2019,418.0,397.0,Honda,Turbo,<300hp
Japan,2019,2500.0,2163.0,Honda,Turbo,300-500hp
Japan,2019,1686.0,1605.0,Honda,Turbo,>500hp
Japan,2019,344.0,295.0,Honda,Naturally Aspirated,<300hp
Japan,2019,1188.0,1122.0,Honda,Naturally Aspirated,300-500hp
Japan,2019,617.0,540.0,Honda,Naturally Aspirated,>500hp
Japan,2019,305.0,276.0,Maserati,Turbo,<300hp
Japan,2019,1902.0,1639.0,Maserati,Turbo,300-500hp
Japan,2019,1415.0,1367.0,Maserati,Turbo,>500hp
Japan,2019,614.0,593.0,Maserati,Naturally Aspirated,<300hp
Japan,2019,2805.0,2477.0,Maserati,Naturally Aspirated,300-500hp
Japan,2019,1918.0,1678.0,Maserati,Naturally Aspirated,>500hp
USA,2019,718.0,663.0,Nissan,Turbo,<300hp
USA,2019,2059.0,1868.0,Nissan,Turbo,300-500hp
USA,2019,818.0,744.0,Nissan,Turbo,>500hp
USA,2019,698.0,645.0,Nissan,Naturally Aspirated,<300hp
USA,2019,2528.0,2201.0,Nissan,Naturally Aspirated,300-500hp
USA,2019,1700.0,1535.0,Nissan,Naturally Aspirated,>500hp
USA,2019,938.0,831.0,Jaguar,Turbo,<300hp
USA,2019,1821.0,1609.0,Jaguar,Turbo,300-500hp
USA,2019,331.0,299.0,Jaguar,Turbo,>500hp
USA,2019,339.0,310.0,Jaguar,Naturally Aspirated,<300hp
USA,2019,1821.0,1616.0,Jaguar,Naturally Aspirated,300-500hp
USA,2019,927.0,881.0,Jaguar,Naturally Aspirated,>500hp
USA,2019,971.0,914.0,Rolls-Royce,Turbo,<300hp
USA,2019,3181.0,2845.0,Rolls-Royce,Turbo,300-500hp
USA,2019,1968.0,,Rolls-Royce,Turbo,>500hp
USA,2019,384.0,360.0,Rolls-Royce,Naturally Aspirated,<300hp
USA,2019,649.0,595.0,Rolls-Royce,Naturally Aspirated,300-500hp
USA,2019,1651.0,1569.0,Rolls-Royce,Naturally Aspirated,>500hp
USA,2019,207.0,195.0,Audi,Turbo,<300hp
USA,2019,2374.0,2111.0,Audi,Turbo,300-500hp
USA,2019,1958.0,1762.0,Audi,Turbo,>500hp
USA,2019,965.0,924.0,Audi,Naturally Aspirated,<300hp
USA,2019,2350.0,2265.0,Audi,Naturally Aspirated,300-500hp
USA,2019,801.0,729.0,Audi,Naturally Aspirated,>500hp
Italy,2019,714.0,622.0,BMW,Turbo,<300hp
Italy,2019,2601.0,2492.0,BMW,Turbo,300-500hp
Italy,2019,1475.0,1354.0,BMW,Turbo,>500hp
Italy,2019,842.0,753.0,BMW,Naturally Aspirated,<300hp
Italy,2019,3312.0,3188.0,BMW,Naturally Aspirated,300-500hp
Italy,2019,632.0,562.0,BMW,Naturally Aspirated,>500hp
Italy,2019,437.0,415.0,Nissan,Turbo,<300hp
Italy,2019,3491.0,3040.0,Nissan,Turbo,300-500hp
Italy,2019,2067.0,1763.0,Nissan,Turbo,>500hp
Italy,2019,935.0,819.0,Nissan,Naturally Aspirated,<300hp
Italy,2019,2620.0,2391.0,Nissan,Naturally Aspirated,300-500hp
Italy,2019,2628.0,2316.0,Nissan,Naturally Aspirated,>500hp
Italy,2019,1051.0,969.0,Audi,Turbo,<300hp
Italy,2019,613.0,548.0,Audi,Turbo,300-500hp
Italy,2019,441.0,382.0,Audi,Turbo,>500hp
Italy,2019,1474.0,1315.0,Audi,Naturally Aspirated,<300hp
Italy,2019,2874.0,2524.0,Audi,Naturally Aspirated,300-500hp
Italy,2019,2483.0,2392.0,Audi,Naturally Aspirated,>500hp
Italy,2019,272.0,237.0,Mercedes-Benz,Turbo,<300hp
Italy,2019,3203.0,3024.0,Mercedes-Benz,Turbo,300-500hp
Italy,2019,1066.0,1004.0,Mercedes-Benz,Turbo,>500hp
Italy,2019,733.0,636.0,Mercedes-Benz,Naturally Aspirated,<300hp
Italy,2019,2829.0,2662.0,Mercedes-Benz,Naturally Aspirated,300-500hp
Italy,2019,745.0,696.0,Mercedes-Benz,Naturally Aspirated,>500hp
UK,2019,1096.0,936.0,Aston Martin,Turbo,<300hp
UK,2019,2107.0,1901.0,Aston Martin,Turbo,300-500hp
UK,2019,1326.0,1285.0,Aston Martin,Turbo,>500hp
UK,2019,586.0,499.0,Aston Martin,Naturally Aspirated,<300hp
UK,2019,3851.0,3383.0,Aston Martin,Naturally Aspirated,300-500hp
UK,2019,1379.0,1249.0,Aston Martin,Naturally Aspirated,>500hp
UK,2019,1424.0,1229.0,Honda,Turbo,<300hp
UK,2019,3097.0,2736.0,Honda,Turbo,300-500hp
UK,2019,1103.0,1018.0,Honda,Turbo,>500hp
UK,2019,1351.0,1211.0,Honda,Naturally Aspirated,<300hp
UK,2019,4249.0,3901.0,Honda,Naturally Aspirated,300-500hp
UK,2019,1199.0,1053.0,Honda,Naturally Aspirated,>500hp
UK,2019,460.0,438.0,Lotus,Turbo,<300hp
UK,2019,828.0,796.0,Lotus,Turbo,300-500hp
UK,2019,2983.0,2666.0,Lotus,Turbo,>500hp
UK,2019,371.0,352.0,Lotus,Naturally Aspirated,<300hp
UK,2019,1576.0,1393.0,Lotus,Naturally Aspirated,300-500hp
UK,2019,1607.0,1422.0,Lotus,Naturally Aspirated,>500hp
UK,2019,1391.0,1342.0,Lamborghini,Turbo,<300hp
UK,2019,1423.0,1216.0,Lamborghini,Turbo,300-500hp
UK,2019,819.0,722.0,Lamborghini,Turbo,>500hp
UK,2019,288.0,267.0,Lamborghini,Naturally Aspirated,<300hp
UK,2019,4101.0,3631.0,Lamborghini,Naturally Aspirated,300-500hp
UK,2019,1240.0,1194.0,Lamborghini,Naturally Aspirated,>500hp
France,2019,1028.0,916.0,Aston Martin,Turbo,<300hp
France,2019,3166.0,3046.0,Aston Martin,Turbo,300-500hp
France,2019,3012.0,2582.0,Aston Martin,Turbo,>500hp
France,2019,1977.0,1737.0,Aston Martin,Naturally Aspirated,<300hp
France,2019,685.0,631.0,Aston Martin,Naturally Aspirated,300-500hp
France,2019,1269.0,1226.0,Aston Martin,Naturally Aspirated,>500hp
France,2019,433.0,415.0,Lamborghini,Turbo,<300hp
France,2019,1778.0,1512.0,Lamborghini,Turbo,300-500hp
France,2019,2373.0,2274.0,Lamborghini,Turbo,>500hp
France,2019,591.0,555.0,Lamborghini,Naturally Aspirated,<300hp
France,2019,3592.0,3129.0,Lamborghini,Naturally Aspirated,300-500hp
France,2019,3174.0,3009.0,Lamborghini,Naturally Aspirated,>500hp
France,2019,1035.0,996.0,Ferrari,Turbo,<300hp
France,2019,772.0,699.0,Ferrari,Turbo,300-500hp
France,2019,3143.0,2921.0,Ferrari,Turbo,>500hp
France,2019,1211.0,1081.0,Ferrari,Naturally Aspirated,<300hp
France,2019,4750.0,4555.0,Ferrari,Naturally Aspirated,300-500hp
France,2019,3131.0,2773.0,Ferrari,Naturally Aspirated,>500hp
France,2019,262.0,236.0,Mercedes-Benz,Turbo,<300hp
France,2019,2107.0,1837.0,Mercedes-Benz,Turbo,300-500hp
France,2019,3172.0,2859.0,Mercedes-Benz,Turbo,>500hp
France,2019,471.0,407.0,Mercedes-Benz,Naturally Aspirated,<300hp
France,2019,2552.0,2331.0,Mercedes-Benz,Naturally Aspirated,300-500hp
France,2019,1900.0,1770.0,Mercedes-Benz,Naturally Aspirated,>500hp
South Korea,2019,2106.0,2010.0,Nissan,Turbo,<300hp
South Korea,2019,2423.0,2262.0,Nissan,Turbo,300-500hp
South Korea,2019,3047.0,2736.0,Nissan,Turbo,>500hp
South Korea,2019,2282.0,2197.0,Nissan,Naturally Aspirated,<300hp
South Korea,2019,4748.0,4506.0,Nissan,Naturally Aspirated,300-500hp
South Korea,2019,3538.0,3051.0,Nissan,Naturally Aspirated,>500hp
South Korea,2019,1759.0,1511.0,Maserati,Turbo,<300hp
South Korea,2019,1951.0,1795.0,Maserati,Turbo,300-500hp
South Korea,2019,2785.0,2389.0,Maserati,Turbo,>500hp
South Korea,2019,,1438.0,Maserati,Naturally Aspirated,<300hp
South Korea,2019,952.0,812.0,Maserati,Naturally Aspirated,300-500hp
South Korea,2019,,1627.0,Maserati,Naturally Aspirated,>500hp
South Korea,2019,2081.0,1811.0,Mercedes-Benz,Turbo,<300hp
South Korea,2019,1541.0,1448.0,Mercedes-Benz,Turbo,300-500hp
South Korea,2019,909.0,879.0,Mercedes-Benz,Turbo,>500hp
South Korea,2019,1387.0,1184.0,Mercedes-Benz,Naturally Aspirated,<300hp
South Korea,2019,2460.0,2193.0,Mercedes-Benz,Naturally Aspirated,300-500hp
South Korea,2019,1542.0,1315.0,Mercedes-Benz,Naturally Aspirated,>500hp
South Korea,2019,644.0,582.0,Chevrolet,Turbo,<300hp
South Korea,2019,2368.0,2187.0,Chevrolet,Turbo,300-500hp
South Korea,2019,3255.0,2820.0,Chevrolet,Turbo,>500hp
South Korea,2019,900.0,853.0,Chevrolet,Naturally Aspirated,<300hp
South Korea,2019,1920.0,1649.0,Chevrolet,Naturally Aspirated,300-500hp
South Korea,2019,2334.0,2082.0,Chevrolet,Naturally Aspirated,>500hp
China,2019,388.0,351.0,Porsche,Turbo,<300hp
China,2019,2147.0,1877.0,Porsche,Turbo,300-500hp
China,2019,1281.0,1107.0,Porsche,Turbo,>500hp
China,2019,458.0,418.0,Porsche,Naturally Aspirated,<300hp
China,2019,4342.0,3853.0,Porsche,Naturally Aspirated,300-500hp
China,2019,4035.0,3507.0,Porsche,Naturally Aspirated,>500hp
China,2019,966.0,886.0,Maserati,Turbo,<300hp
China,2019,2410.0,2068.0,Maserati,Turbo,300-500hp
China,2019,2780.0,2533.0,Maserati,Turbo,>500hp
China,2019,760.0,709.0,Maserati,Naturally Aspirated,<300hp
China,2019,3601.0,3214.0,Maserati,Naturally Aspirated,300-500hp
China,2019,1728.0,1610.0,Maserati,Naturally Aspirated,>500hp
China,2019,1311.0,1242.0,Mercedes-Benz,Turbo,<300hp
China,2019,5756.0,5513.0,Mercedes-Benz,Turbo,300-500hp
China,2019,1273.0,1098.0,Mercedes-Benz,Turbo,>500hp
China,2019,1878.0,1716.0,Mercedes-Benz,Naturally Aspirated,<300hp
China,2019,2004.0,1861.0,Mercedes-Benz,Naturally Aspirated,300-500hp
China,2019,3567.0,3270.0,Mercedes-Benz,Naturally Aspirated,>500hp
China,2019,914.0,833.0,Rolls-Royce,Turbo,<300hp
China,2019,1526.0,1355.0,Rolls-Royce,Turbo,300-500hp
China,2019,3524.0,3304.0,Rolls-Royce,Turbo,>500hp
China,2019,2053.0,1799.0,Rolls-Royce,Naturally Aspirated,<300hp
China,2019,5278.0,4518.0,Rolls-Royce,Naturally Aspirated,300-500hp
China,2019,1113.0,1068.0,Rolls-Royce,Naturally Aspirated,>500hp
Sweden,2019,1765.0,1676.0,Maserati,Turbo,<300hp
Sweden,2019,3267.0,3108.0,Maserati,Turbo,300-500hp
Sweden,2019,2676.0,2309.0,Maserati,Turbo,>500hp
Sweden,2019,2015.0,1934.0,Maserati,Naturally Aspirated,<300hp
Sweden,2019,1038.0,936.0,Maserati,Naturally Aspirated,300-500hp
Sweden,2019,3831.0,3478.0,Maserati,Naturally Aspirated,>500hp
Sweden,2019,608.0,536.0,BMW,Turbo,<300hp
Sweden,2019,2276.0,2091.0,BMW,Turbo,300-500hp
Sweden,2019,2790.0,2667.0,BMW,Turbo,>500hp
Sweden,2019,2022.0,1720.0,BMW,Naturally Aspirated,<300hp
Sweden,2019,2607.0,2289.0,BMW,Naturally Aspirated,300-500hp
Sweden,2019,1300.0,1158.0,BMW,Naturally Aspirated,>500hp
Sweden,2019,673.0,638.0,Ford,Turbo,<300hp
Sweden,2019,5097.0,4911.0,Ford,Turbo,300-500hp
Sweden,2019,4004.0,3587.0,Ford,Turbo,>500hp
Sweden,2019,1818.0,1603.0,Ford,Naturally Aspirated,<300hp
Sweden,2019,4369.0,4122.0,Ford,Naturally Aspirated,300-500hp
Sweden,2019,2308.0,2144.0,Ford,Naturally Aspirated,>500hp
Sweden,2019,398.0,358.0,Bentley,Turbo,<300hp
Sweden,2019,1768.0,1541.0,Bentley,Turbo,300-500hp
Sweden,2019,1413.0,1351.0,Bentley,Turbo,>500hp
Sweden,2019,1887.0,1727.0,Bentley,Naturally Aspirated,<300hp
Sweden,2019,6105.0,5757.0,Bentley,Naturally Aspirated,300-500hp
Sweden,2019,2214.0,1927.0,Bentley,Naturally Aspirated,>500hp
Spain,2019,1571.0,1379.0,Ford,Turbo,<300hp
Spain,2019,3022.0,2871.0,Ford,Turbo,300-500hp
Spain,2019,3278.0,2839.0,Ford,Turbo,>500hp
Spain,2019,2043.0,1949.0,Ford,Naturally Aspirated,<300hp
Spain,2019,2105.0,1802.0,Ford,Naturally Aspirated,300-500hp
Spain,2019,1219.0,1120.0,Ford,Naturally Aspirated,>500hp
Spain,2019,1219.0,1161.0,Nissan,Turbo,<300hp
Spain,2019,977.0,898.0,Nissan,Turbo,300-500hp
Spain,2019,883.0,,Nissan,Turbo,>500hp
Spain,2019,1689.0,1554.0,Nissan,Naturally Aspirated,<300hp
Spain,2019,2645.0,2427.0,Nissan,Naturally Aspirated,300-500hp
Spain,2019,2689.0,2468.0,Nissan,Naturally Aspirated,>500hp
Spain,2019,1426.0,1299.0,Mercedes-Benz,Turbo,<300hp
Spain,2019,3648.0,3280.0,Mercedes-Benz,Turbo,300-500hp
Spain,2019,3921.0,3711.0,Mercedes-Benz,Turbo,>500hp
Spain,2019,2879.0,2556.0,Mercedes-Benz,Naturally Aspirated,<300hp
Spain,2019,3317.0,3144.0,Mercedes-Benz,Naturally Aspirated,300-500hp
Spain,2019,559.0,481.0,Mercedes-Benz,Naturally Aspirated,>500hp
Spain,2019,1985.0,1699.0,Ferrari,Turbo,<300hp
Spain,2019,6658.0,5888.0,Ferrari,Turbo,300-500hp
Spain,2019,4023.0,3521.0,Ferrari,Turbo,>500hp
Spain,2019,872.0,810.0,Ferrari,Naturally Aspirated,<300hp
Spain,2019,5267.0,4956.0,Ferrari,Naturally Aspirated,300-500hp
Spain,2019,4552.0,4133.0,Ferrari,Naturally Aspirated,>500hp
Australia,2019,818.0,712.0,Lamborghini,Turbo,<300hp
Australia,2019,2218.0,1894.0,Lamborghini,Turbo,300-500hp
Australia,2019,555.0,494.0,Lamborghini,Turbo,>500hp
Australia,2019,1646.0,1437.0,Lamborghini,Naturally Aspirated,<300hp
Australia,2019,2034.0,1967.0,Lamborghini,Naturally Aspirated,300-500hp
Australia,2019,3145.0,2800.0,Lamborghini,Naturally Aspirated,>500hp
Australia,2019,912.0,788.0,Rolls-Royce,Turbo,<300hp
Australia,2019,5980.0,5675.0,Rolls-Royce,Turbo,300-500hp
Australia,2019,,1430.0,Rolls-Royce,Turbo,>500hp
Australia,2019,2310.0,2073.0,Rolls-Royce,Naturally Aspirated,<300hp
Australia,2019,2166.0,2011.0,Rolls-Royce,Naturally Aspirated,300-500hp
Australia,2019,4336.0,3728.0,Rolls-Royce,Naturally Aspirated,>500hp
Australia,2019,1505.0,1328.0,Ford,Turbo,<300hp
Australia,2019,4106.0,3547.0,Ford,Turbo,300-500hp
Australia,2019,1009.0,953.0,Ford,Turbo,>500hp
Australia,2019,3176.0,2989.0,Ford,Naturally Aspirated,<300hp
Australia,2019,3638.0,3470.0,Ford,Naturally Aspirated,300-500hp
Australia,2019,2174.0,1969.0,Ford,Naturally Aspirated,>500hp
Australia,2019,3050.0,2742.0,Mercedes-Benz,Turbo,<300hp
Australia,2019,963.0,890.0,Mercedes-Benz,Turbo,300-500hp
Australia,2019,656.0,608.0,Mercedes-Benz,Turbo,>500hp
Australia,2019,474.0,427.0,Mercedes-Benz,Naturally Aspirated,<300hp
Australia,2019,4097.0,3545.0,Mercedes-Benz,Naturally Aspirated,300-500hp
Australia,2019,857.0,808.0,Mercedes-Benz,Naturally Aspirated,>500hp
Canada,2019,2637.0,2270.0,Honda,Turbo,<300hp
Canada,2019,836.0,725.0,Honda,Turbo,300-500hp
Canada,2019,3646.0,3359.0,Honda,Turbo,>500hp
Canada,2019,2393.0,2253.0,Honda,Naturally Aspirated,<300hp
Canada,2019,4218.0,3776.0,Honda,Naturally Aspirated,300-500hp
Canada,2019,4765.0,4489.0,Honda,Naturally Aspirated,>500hp
Canada,2019,643.0,619.0,Maserati,Turbo,<300hp
Canada,2019,2199.0,2043.0,Maserati,Turbo,300-500hp
Canada,2019,2070.0,1813.0,Maserati,Turbo,>500hp
Canada,2019,1206.0,1044.0,Maserati,Naturally Aspirated,<300hp
Canada,2019,1119.0,1065.0,Maserati,Naturally Aspirated,300-500hp
Canada,2019,3175.0,2741.0,Maserati,Naturally Aspirated,>500hp
Canada,2019,3362.0,2995.0,Toyota,Turbo,<300hp
Canada,2019,6828.0,,Toyota,Turbo,300-500hp
Canada,2019,2598.0,2212.0,Toyota,Turbo,>500hp
Canada,2019,1627.0,1540.0,Toyota,Naturally Aspirated,<300hp
Canada,2019,7619.0,7186.0,Toyota,Naturally Aspirated,300-500hp
Canada,2019,4341.0,3946.0,Toyota,Naturally Aspirated,>500hp
Canada,2019,1301.0,1209.0,Audi,Turbo,<300hp
Canada,2019,1679.0,1606.0,Audi,Turbo,300-500hp
Canada,2019,2915.0,2486.0,Audi,Turbo,>500hp
Canada,2019,2362.0,2027.0,Audi,Naturally Aspirated,<300hp
Canada,2019,5553.0,5279.0,Audi,Naturally Aspirated,300-500hp
Canada,2019,2456.0,2188.0,Audi,Naturally Aspirated,>500hp
Mexico,2019,710.0,667.0,Lotus,Turbo,<300hp
Mexico,2019,3350.0,2935.0,Lotus,Turbo,300-500hp
Mexico,2019,3726.0,3450.0,Lotus,Turbo,>500hp
Mexico,2019,3131.0,2667.0,Lotus,Naturally Aspirated,<300hp
Mexico,2019,5127.0,4556.0,Lotus,Naturally Aspirated,300-500hp
Mexico,2019,4313.0,3731.0,Lotus,Naturally Aspirated,>500hp
Mexico,2019,2997.0,2595.0,Honda,Turbo,<300hp
Mexico,2019,6920.0,6572.0,Honda,Turbo,300-500hp
Mexico,2019,1288.0,1143.0,Honda,Turbo,>500hp
Mexico,2019,3169.0,2846.0,Honda,Naturally Aspirated,<300hp
Mexico,2019,1942.0,1717.0,Honda,Naturally Aspirated,300-500hp
Mexico,2019,3197.0,2762.0,Honda,Naturally Aspirated,>500hp
Mexico,2019,990.0,843.0,Audi,Turbo,<300hp
Mexico,2019,2237.0,2050.0,Audi,Turbo,300-500hp
Mexico,2019,3179.0,2908.0,Audi,Turbo,>500hp
Mexico,2019,1041.0,996.0,Audi,Naturally Aspirated,<300hp
Mexico,2019,4944.0,4735.0,Audi,Naturally Aspirated,300-500hp
Mexico,2019,958.0,907.0,Audi,Naturally Aspirated,>500hp
Mexico,2019,3166.0,2944.0,Nissan,Turbo,<300hp
Mexico,2019,5711.0,5019.0,Nissan,Turbo,300-500hp
Mexico,2019,2056.0,1866.0,Nissan,Turbo,>500hp
Mexico,2019,3323.0,3214.0,Nissan,Naturally Aspirated,<300hp
Mexico,2019,7913.0,7231.0,Nissan,Naturally Aspirated,300-500hp
Mexico,2019,3571.0,3461.0,Nissan,Naturally Aspirated,>500hp
Brazil,2019,1650.0,1453.0,Rolls-Royce,Turbo,<300hp
Brazil,2019,1371.0,1247.0,Rolls-Royce,Turbo,300-500hp
Brazil,2019,825.0,719.0,Rolls-Royce,Turbo,>500hp
Brazil,2019,3089.0,2731.0,Rolls-Royce,Naturally Aspirated,<300hp
Brazil,2019,4802.0,4365.0,Rolls-Royce,Naturally Aspirated,300-500hp
Brazil,2019,5451.0,4785.0,Rolls-Royce,Naturally Aspirated,>500hp
Brazil,2019,3495.0,3023.0,Chevrolet,Turbo,<300hp
Brazil,2019,2507.0,2163.0,Chevrolet,Turbo,300-500hp
Brazil,2019,1908.0,1690.0,Chevrolet,Turbo,>500hp
Brazil,2019,1095.0,1032.0,Chevrolet,Naturally Aspirated,<300hp
Brazil,2019,8881.0,8435.0,Chevrolet,Naturally Aspirated,300-500hp
Brazil,2019,5620.0,4821.0,Chevrolet,Naturally Aspirated,>500hp
Brazil,2019,1772.0,1641.0,Toyota,Turbo,<300hp
Brazil,2019,6196.0,5655.0,Toyota,Turbo,300-500hp
Brazil,2019,4738.0,4419.0,Toyota,Turbo,>500hp
Brazil,2019,1109.0,1022.0,Toyota,Naturally Aspirated,<300hp
Brazil,2019,3221.0,3084.0,Toyota,Naturally Aspirated,300-500hp
Brazil,2019,6065.0,5579.0,Toyota,Naturally Aspirated,>500hp
Brazil,2019,3431.0,3284.0,Ford,Turbo,<300hp
Brazil,2019,1408.0,1305.0,Ford,Turbo,300-500hp
Brazil,2019,4790.0,4644.0,Ford,Turbo,>500hp
Brazil,2019,1842.0,1688.0,Ford,Naturally Aspirated,<300hp
Brazil,2019,7639.0,7328.0,Ford,Naturally Aspirated,300-500hp
Brazil,2019,5717.0,5361.0,Ford,Naturally Aspirated,>500hp
India,2019,2422.0,2093.0,Subaru,Turbo,<300hp
India,2019,2434.0,2352.0,Subaru,Turbo,300-500hp
India,2019,1849.0,1585.0,Subaru,Turbo,>500hp
India,2019,2709.0,2355.0,Subaru,Naturally Aspirated,<300hp
India,2019,2533.0,2304.0,Subaru,Naturally Aspirated,300-500hp
India,2019,4571.0,4133.0,Subaru,Naturally Aspirated,>500hp
India,2019,2480.0,2227.0,Chevrolet,Turbo,<300hp
India,2019,2824.0,2400.0,Chevrolet,Turbo,300-500hp
India,2019,1310.0,1217.0,Chevrolet,Turbo,>500hp
India,2019,604.0,542.0,Chevrolet,Naturally Aspirated,<300hp
India,2019,7146.0,6429.0,Chevrolet,Naturally Aspirated,300-500hp
India,2019,5326.0,4941.0,Chevrolet,Naturally Aspirated,>500hp
India,2019,3494.0,,Ferrari,Turbo,<300hp
India,2019,9621.0,8729.0,Ferrari,Turbo,300-500hp
India,2019,1159.0,1058.0,Ferrari,Turbo,>500hp
India,2019,3155.0,2833.0,Ferrari,Naturally Aspirated,<300hp
India,2019,2289.0,1980.0,Ferrari,Naturally Aspirated,300-500hp
India,2019,2228.0,1937.0,Ferrari,Naturally Aspirated,>500hp
India,2019,1149.0,1062.0,Ford,Turbo,<300hp
India,2019,1955.0,1675.0,Ford,Turbo,300-500hp
India,2019,3409.0,3141.0,Ford,Turbo,>500hp
India,2019,3977.0,3436.0,Ford,Naturally Aspirated,<300hp
India,2019,2772.0,2623.0,Ford,Naturally Aspirated,300-500hp
India,2019,1634.0,1404.0,Ford,Naturally Aspirated,>500hp
Germany,2020,378.0,342.0,Maserati,Turbo,<300hp
Germany,2020,1338.0,1284.0,Maserati,Turbo,300-500hp
Germany,2020,400.0,349.0,Maserati,Turbo,>500hp
Germany,2020,158.0,140.0,Maserati,Naturally Aspirated,<300hp
Germany,2020,1200.0,1159.0,Maserati,Naturally Aspirated,300-500hp
Germany,2020,1451.0,1301.0,Maserati,Naturally Aspirated,>500hp
Germany,2020,469.0,443.0,Bentley,Turbo,<300hp
Germany,2020,261.0,238.0,Bentley,Turbo,300-500hp
Germany,2020,1059.0,1026.0,Bentley,Turbo,>500hp
Germany,2020,541.0,469.0,Bentley,Naturally Aspirated,<300hp
Germany,2020,1031.0,993.0,Bentley,Naturally Aspirated,300-500hp
Germany,2020,219.0,195.0,Bentley,Naturally Aspirated,>500hp
Germany,2020,371.0,319.0,Toyota,Turbo,<300hp
Germany,2020,1150.0,1008.0,Toyota,Turbo,300-500hp
Germany,2020,418.0,361.0,Toyota,Turbo,>500hp
Germany,2020,161.0,148.0,Toyota,Naturally Aspirated,<300hp
Germany,2020,2245.0,1939.0,Toyota,Naturally Aspirated,300-500hp
Germany,2020,259.0,238.0,Toyota,Naturally Aspirated,>500hp
Germany,2020,463.0,419.0,Subaru,Turbo,<300hp
Germany,2020,464.0,406.0,Subaru,Turbo,300-500hp
Germany,2020,467.0,429.0,Subaru,Turbo,>500hp
Germany,2020,414.0,392.0,Subaru,Naturally Aspirated,<300hp
Germany,2020,1351.0,1223.0,Subaru,Naturally Aspirated,300-500hp
Germany,2020,1262.0,1074.0,Subaru,Naturally Aspirated,>500hp
Japan,2020,980.0,911.0,Porsche,Turbo,<300hp
Japan,2020,2682.0,2480.0,Porsche,Turbo,300-500hp
Japan,2020,1096.0,953.0,Porsche,Turbo,>500hp
Japan,2020,743.0,653.0,Porsche,Naturally Aspirated,<300hp
Japan,2020,328.0,,Porsche,Naturally Aspirated,300-500hp
Japan,2020,1301.0,1239.0,Porsche,Naturally Aspirated,>500hp
Japan,2020,954.0,912.0,Honda,Turbo,<300hp
Japan,2020,2824.0,2466.0,Honda,Turbo,300-500hp
Japan,2020,1958.0,1783.0,Honda,Turbo,>500hp
Japan,2020,271.0,248.0,Honda,Naturally Aspirated,<300hp
Japan,2020,2209.0,2027.0,Honda,Naturally Aspirated,300-500hp
Japan,2020,1670.0,1459.0,Honda,Naturally Aspirated,>500hp
Japan,2020,389.0,373.0,Maserati,Turbo,<300hp
Japan,2020,824.0,704.0,Maserati,Turbo,300-500hp
Japan,2020,1641.0,1572.0,Maserati,Turbo,>500hp
Japan,2020,500.0,427.0,Maserati,Naturally Aspirated,<300hp
Japan,2020,1240.0,1141.0,Maserati,Naturally Aspirated,300-500hp
Japan,2020,1436.0,1298.0,Maserati,Naturally Aspirated,>500hp
Japan,2020,206.0,179.0,Nissan,Turbo,<300hp
Japan,2020,2486.0,,Nissan,Turbo,300-500hp
Japan,2020,828.0,755.0,Nissan,Turbo,>500hp
Japan,2020,235.0,209.0,Nissan,Naturally Aspirated,<300hp
Japan,2020,2913.0,2715.0,Nissan,Naturally Aspirated,300-500hp
Japan,2020,,684.0,Nissan,Naturally Aspirated,>500hp
USA,2020,398.0,385.0,Rolls-Royce,Turbo,<300hp
USA,2020,1842.0,1777.0,Rolls-Royce,Turbo,300-500hp
USA,2020,680.0,622.0,Rolls-Royce,Turbo,>500hp
USA,2020,1214.0,1048.0,Rolls-Royce,Naturally Aspirated,<300hp
USA,2020,2166.0,1902.0,Rolls-Royce,Naturally Aspirated,300-500hp
USA,2020,2301.0,2005.0,Rolls-Royce,Naturally Aspirated,>500hp
USA,2020,262.0,229.0,Aston Martin,Turbo,<300hp
USA,2020,3305.0,3026.0,Aston Martin,Turbo,300-500hp
USA,2020,2315.0,2224.0,Aston Martin,Turbo,>500hp
USA,2020,301.0,271.0,Aston Martin,Naturally Aspirated,<300hp
USA,2020,2680.0,2390.0,Aston Martin,Naturally Aspirated,300-500hp
USA,2020,,1978.0,Aston Martin,Naturally Aspirated,>500hp
USA,2020,454.0,399.0,Lamborghini,Turbo,<300hp
USA,2020,3617.0,3391.0,Lamborghini,Turbo,300-500hp
USA,2020,1092.0,980.0,Lamborghini,Turbo,>500hp
USA,2020,1041.0,961.0,Lamborghini,Naturally Aspirated,<300hp
USA,2020,2799.0,2491.0,Lamborghini,Naturally Aspirated,300-500hp
USA,2020,2088.0,1880.0,Lamborghini,Naturally Aspirated,>500hp
USA,2020,363.0,324.0,Ferrari,Turbo,<300hp
USA,2020,2502.0,2147.0,Ferrari,Turbo,300-500hp
USA,2020,1794.0,1537.0,Ferrari,Turbo,>500hp
USA,2020,189.0,170.0,Ferrari,Naturally Aspirated,<300hp
USA,2020,2285.0,2127.0,Ferrari,Naturally Aspirated,300-500hp
USA,2020,905.0,830.0,Ferrari,Naturally Aspirated,>500hp
Italy,2020,394.0,366.0,Bentley,Turbo,<300hp
Italy,2020,1575.0,1406.0,Bentley,Turbo,300-500hp
Italy,2020,554.0,,Bentley,Turbo,>500hp
Italy,2020,1411.0,1226.0,Bentley,Naturally Aspirated,<300hp
Italy,2020,4122.0,3602.0,Bentley,Naturally Aspirated,300-500hp
Italy,2020,1333.0,1224.0,Bentley,Naturally Aspirated,>500hp
Italy,2020,1280.0,1202.0,Honda,Turbo,<300hp
Italy,2020,992.0,899.0,Honda,Turbo,300-500hp
Italy,2020,1616.0,1509.0,Honda,Turbo,>500hp
Italy,2020,654.0,610.0,Honda,Naturally Aspirated,<300hp
Italy,2020,2231.0,2006.0,Honda,Naturally Aspirated,300-500hp
Italy,2020,1724.0,1617.0,Honda,Naturally Aspirated,>500hp
Italy,2020,930.0,805.0,Porsche,Turbo,<300hp
Italy,2020,3148.0,2726.0,Porsche,Turbo,300-500hp
Italy,2020,2424.0,2182.0,Porsche,Turbo,>500hp
Italy,2020,1390.0,1297.0,Porsche,Naturally Aspirated,<300hp
Italy,2020,2087.0,1846.0,Porsche,Naturally Aspirated,300-500hp
Italy,2020,1131.0,1017.0,Porsche,Naturally Aspirated,>500hp
Italy,2020,1365.0,1207.0,Toyota,Turbo,<300hp
Italy,2020,2601.0,2239.0,Toyota,Turbo,300-500hp
Italy,2020,894.0,822.0,Toyota,Turbo,>500hp
Italy,2020,657.0,563.0,Toyota,Naturally Aspirated,<300hp
Italy,2020,3982.0,3726.0,Toyota,Naturally Aspirated,300-500hp
Italy,2020,1347.0,1210.0,Toyota,Naturally Aspirated,>500hp
UK,2020,1343.0,1233.0,Chevrolet,Turbo,<300hp
UK,2020,4270.0,3713.0,Chevrolet,Turbo,300-500hp
UK,2020,1504.0,1314.0,Chevrolet,Turbo,>500hp
UK,2020,778.0,697.0,Chevrolet,Naturally Aspirated,<300hp
UK,2020,803.0,736.0,Chevrolet,Naturally Aspirated,300-500hp
UK,2020,1629.0,1468.0,Chevrolet,Naturally Aspirated,>500hp
UK,2020,798.0,686.0,Subaru,Turbo,<300hp
UK,2020,1428.0,1346.0,Subaru,Turbo,300-500hp
UK,2020,1612.0,1411.0,Subaru,Turbo,>500hp
UK,2020,1248.0,1120.0,Subaru,Naturally Aspirated,<300hp
UK,2020,931.0,792.0,Subaru,Naturally Aspirated,300-500hp
UK,2020,3037.0,2896.0,Subaru,Naturally Aspirated,>500hp
UK,2020,1256.0,1187.0,Aston Martin,Turbo,<300hp
UK,2020,1819.0,1604.0,Aston Martin,Turbo,300-500hp
UK,2020,407.0,353.0,Aston Martin,Turbo,>500hp
UK,2020,1520.0,1394.0,Aston Martin,Naturally Aspirated,<300hp
UK,2020,2076.0,1985.0,Aston Martin,Naturally Aspirated,300-500hp
UK,2020,2650.0,2548.0,Aston Martin,Naturally Aspirated,>500hp
UK,2020,1491.0,1318.0,Lamborghini,Turbo,<300hp
UK,2020,,460.0,Lamborghini,Turbo,300-500hp
UK,2020,1040.0,884.0,Lamborghini,Turbo,>500hp
UK,2020,1202.0,,Lamborghini,Naturally Aspirated,<300hp
UK,2020,1606.0,1461.0,Lamborghini,Naturally Aspirated,300-500hp
UK,2020,2436.0,2174.0,Lamborghini,Naturally Aspirated,>500hp
France,2020,547.0,510.0,Lotus,Turbo,<300hp
France,2020,1369.0,1228.0,Lotus,Turbo,300-500hp
France,2020,3407.0,2970.0,Lotus,Turbo,>500hp
France,2020,1588.0,1431.0,Lotus,Naturally Aspirated,<300hp
France,2020,1309.0,1145.0,Lotus,Naturally Aspirated,300-500hp
France,2020,1493.0,1334.0,Lotus,Naturally Aspirated,>500hp
France,2020,1627.0,1466.0,Porsche,Turbo,<300hp
France,2020,3652.0,3241.0,Porsche,Turbo,300-500hp
France,2020,584.0,512.0,Porsche,Turbo,>500hp
France,2020,1041.0,885.0,Porsche,Naturally Aspirated,<300hp
France,2020,1482.0,1295.0,Porsche,Naturally Aspirated,300-500hp
France,2020,3361.0,3184.0,Porsche,Naturally Aspirated,>500hp
France,2020,1743.0,1558.0,BMW,Turbo,<300hp
France,2020,5119.0,4550.0,BMW,Turbo,300-500hp
France,2020,2423.0,2246.0,BMW,Turbo,>500hp
France,2020,1264.0,1083.0,BMW,Naturally Aspirated,<300hp
France,2020,649.0,572.0,BMW,Naturally Aspirated,300-500hp
France,2020,2947.0,2534.0,BMW,Naturally Aspirated,>500hp
France,2020,920.0,842.0,Audi,Turbo,<300hp
France,2020,2894.0,2758.0,Audi,Turbo,300-500hp
France,2020,2193.0,1936.0,Audi,Turbo,>500hp
France,2020,626.0,603.0,Audi,Naturally Aspirated,<300hp
France,2020,3933.0,3499.0,Audi,Naturally Aspirated,300-500hp
France,2020,2041.0,1859.0,Audi,Naturally Aspirated,>500hp
South Korea,2020,1050.0,981.0,Aston Martin,Turbo,<300hp
South Korea,2020,811.0,697.0,Aston Martin,Turbo,300-500hp
South Korea,2020,2827.0,2699.0,Aston Martin,Turbo,>500hp
South Korea,2020,2121.0,,Aston Martin,Naturally Aspirated,<300hp
South Korea,2020,3328.0,3211.0,Aston Martin,Naturally Aspirated,300-500hp
South Korea,2020,754.0,717.0,Aston Martin,Naturally Aspirated,>500hp
South Korea,2020,2335.0,2039.0,BMW,Turbo,<300hp
South Korea,2020,1398.0,1255.0,BMW,Turbo,300-500hp
South Korea,2020,2126.0,1937.0,BMW,Turbo,>500hp
South Korea,2020,432.0,391.0,BMW,Naturally Aspirated,<300hp
South Korea,2020,,,BMW,Naturally Aspirated,300-500hp
South Korea,2020,682.0,656.0,BMW,Naturally Aspirated,>500hp
South Korea,2020,543.0,516.0,Rolls-Royce,Turbo,<300hp
South Korea,2020,1112.0,1039.0,Rolls-Royce,Turbo,300-500hp
South Korea,2020,1442.0,1288.0,Rolls-Royce,Turbo,>500hp
South Korea,2020,1685.0,1578.0,Rolls-Royce,Naturally Aspirated,<300hp
South Korea,2020,1849.0,1639.0,Rolls-Royce,Naturally Aspirated,300-500hp
South Korea,2020,3190.0,2729.0,Rolls-Royce,Naturally Aspirated,>500hp
South Korea,2020,1031.0,919.0,Porsche,Turbo,<300hp
South Korea,2020,3285.0,2898.0,Porsche,Turbo,300-500hp
South Korea,2020,3905.0,3614.0,Porsche,Turbo,>500hp
South Korea,2020,726.0,702.0,Porsche,Naturally Aspirated,<300hp
South Korea,2020,2615.0,2266.0,Porsche,Naturally Aspirated,300-500hp
South Korea,2020,1887.0,1727.0,Porsche,Naturally Aspirated,>500hp
China,2020,2221.0,2029.0,Honda,Turbo,<300hp
China,2020,6356.0,,Honda,Turbo,300-500hp
China,2020,1326.0,1158.0,Honda,Turbo,>500hp
China,2020,1707.0,1588.0,Honda,Naturally Aspirated,<300hp
China,2020,1852.0,,Honda,Naturally Aspirated,300-500hp
China,2020,808.0,691.0,Honda,Naturally Aspirated,>500hp
China,2020,588.0,546.0,Audi,Turbo,<300hp
China,2020,1752.0,1614.0,Audi,Turbo,300-500hp
China,2020,3633.0,3088.0,Audi,Turbo,>500hp
China,2020,2004.0,1752.0,Audi,Naturally Aspirated,<300hp
China,2020,2510.0,2199.0,Audi,Naturally Aspirated,300-500hp
China,2020,656.0,601.0,Audi,Naturally Aspirated,>500hp
China,2020,1728.0,1503.0,Porsche,Turbo,<300hp
China,2020,2505.0,2349.0,Porsche,Turbo,300-500hp
China,2020,1830.0,1714.0,Porsche,Turbo,>500hp
China,2020,543.0,469.0,Porsche,Naturally Aspirated,<300hp
China,2020,4934.0,4337.0,Porsche,Naturally Aspirated,300-500hp
China,2020,1894.0,1779.0,Porsche,Naturally Aspirated,>500hp
China,2020,1453.0,,Nissan,Turbo,<300hp
China,2020,2096.0,1970.0,Nissan,Turbo,300-500hp
China,2020,3566.0,3077.0,Nissan,Turbo,>500hp
China,2020,1835.0,1620.0,Nissan,Naturally Aspirated,<300hp
China,2020,5166.0,4888.0,Nissan,Naturally Aspirated,300-500hp
China,2020,3022.0,2836.0,Nissan,Naturally Aspirated,>500hp
Sweden,2020,,2174.0,Jaguar,Turbo,<300hp
Sweden,2020,6143.0,5853.0,Jaguar,Turbo,300-500hp
Sweden,2020,2716.0,2395.0,Jaguar,Turbo,>500hp
Sweden,2020,1762.0,1570.0,Jaguar,Naturally Aspirated,<300hp
Sweden,2020,3313.0,3195.0,Jaguar,Naturally Aspirated,300-500hp
Sweden,2020,3022.0,2575.0,Jaguar,Naturally Aspirated,>500hp
Sweden,2020,1796.0,1704.0,Subaru,Turbo,<300hp
Sweden,2020,6306.0,6110.0,Subaru,Turbo,300-500hp
Sweden,2020,690.0,597.0,Subaru,Turbo,>500hp
Sweden,2020,1112.0,954.0,Subaru,Naturally Aspirated,<300hp
Sweden,2020,814.0,733.0,Subaru,Naturally Aspirated,300-500hp
Sweden,2020,3983.0,3524.0,Subaru,Naturally Aspirated,>500hp
Sweden,2020,647.0,578.0,Rolls-Royce,Turbo,<300hp
Sweden,2020,5746.0,5558.0,Rolls-Royce,Turbo,300-500hp
Sweden,2020,2494.0,2267.0,Rolls-Royce,Turbo,>500hp
Sweden,2020,1808.0,1559.0,Rolls-Royce,Naturally Aspirated,<300hp
Sweden,2020,3722.0,3480.0,Rolls-Royce,Naturally Aspirated,300-500hp
Sweden,2020,579.0,512.0,Rolls-Royce,Naturally Aspirated,>500hp
Sweden,2020,2912.0,2710.0,Ferrari,Turbo,<300hp
Sweden,2020,2421.0,2285.0,Ferrari,Turbo,300-500hp
Sweden,2020,,1572.0,Ferrari,Turbo,>500hp
Sweden,2020,1405.0,1215.0,Ferrari,Naturally Aspirated,<300hp
Sweden,2020,2806.0,2691.0,Ferrari,Naturally Aspirated,300-500hp
Sweden,2020,2254.0,1927.0,Ferrari,Naturally Aspirated,>500hp
Spain,2020,2809.0,2658.0,Maserati,Turbo,<300hp
Spain,2020,5990.0,5234.0,Maserati,Turbo,300-500hp
Spain,2020,3929.0,3577.0,Maserati,Turbo,>500hp
Spain,2020,947.0,849.0,Maserati,Naturally Aspirated,<300hp
Spain,2020,1248.0,1149.0,Maserati,Naturally Aspirated,300-500hp
Spain,2020,505.0,439.0,Maserati,Naturally Aspirated,>500hp
Spain,2020,393.0,355.0,Honda,Turbo,<300hp
Spain,2020,4836.0,4572.0,Honda,Turbo,300-500hp
Spain,2020,3447.0,3196.0,Honda,Turbo,>500hp
Spain,2020,590.0,509.0,Honda,Naturally Aspirated,<300hp
Spain,2020,5487.0,4721.0,Honda,Naturally Aspirated,300-500hp
Spain,2020,1412.0,1270.0,Honda,Naturally Aspirated,>500hp
Spain,2020,3141.0,2768.0,Lotus,Turbo,<300hp
Spain,2020,795.0,709.0,Lotus,Turbo,300-500hp
Spain,2020,1055.0,919.0,Lotus,Turbo,>500hp
Spain,2020,757.0,653.0,Lotus,Naturally Aspirated,<300hp
Spain,2020,5503.0,4770.0,Lotus,Naturally Aspirated,300-500hp
Spain,2020,2106.0,1999.0,Lotus,Naturally Aspirated,>500hp
Spain,2020,822.0,736.0,Toyota,Turbo,<300hp
Spain,2020,2807.0,2547.0,Toyota,Turbo,300-500hp
Spain,2020,4150.0,3840.0,Toyota,Turbo,>500hp
Spain,2020,1864.0,1617.0,Toyota,Naturally Aspirated,<300hp
Spain,2020,4880.0,4685.0,Toyota,Naturally Aspirated,300-500hp
Spain,2020,3086.0,2928.0,Toyota,Naturally Aspirated,>500hp
Australia,2020,2482.0,2168.0,Ferrari,Turbo,<300hp
Australia,2020,7434.0,6586.0,Ferrari,Turbo,300-500hp
Australia,2020,5035.0,4634.0,Ferrari,Turbo,>500hp
Australia,2020,2772.0,2608.0,Ferrari,Naturally Aspirated,<300hp
Australia,2020,1271.0,1111.0,Ferrari,Naturally Aspirated,300-500hp
Australia,2020,4401.0,3989.0,Ferrari,Naturally Aspirated,>500hp
Australia,2020,1329.0,1158.0,Audi,Turbo,<300hp
Australia,2020,4157.0,3704.0,Audi,Turbo,300-500hp
Australia,2020,3241.0,2978.0,Audi,Turbo,>500hp
Australia,2020,1773.0,1661.0,Audi,Naturally Aspirated,<300hp
Australia,2020,4422.0,3886.0,Audi,Naturally Aspirated,300-500hp
Australia,2020,4045.0,3536.0,Audi,Naturally Aspirated,>500hp
Australia,2020,570.0,494.0,Lotus,Turbo,<300hp
Australia,2020,4508.0,4291.0,Lotus,Turbo,300-500hp
Australia,2020,1502.0,1320.0,Lotus,Turbo,>500hp
Australia,2020,2855.0,2544.0,Lotus,Naturally Aspirated,<300hp
Australia,2020,7652.0,7027.0,Lotus,Naturally Aspirated,300-500hp
Australia,2020,1750.0,1530.0,Lotus,Naturally Aspirated,>500hp
Australia,2020,1514.0,1330.0,Jaguar,Turbo,<300hp
Australia,2020,2312.0,2118.0,Jaguar,Turbo,300-500hp
Australia,2020,1528.0,1334.0,Jaguar,Turbo,>500hp
Australia,2020,673.0,596.0,Jaguar,Naturally Aspirated,<300hp
Australia,2020,1714.0,1524.0,Jaguar,Naturally Aspirated,300-500hp
Australia,2020,2836.0,2713.0,Jaguar,Naturally Aspirated,>500hp
Canada,2020,3390.0,3135.0,Bentley,Turbo,<300hp
Canada,2020,3846.0,3356.0,Bentley,Turbo,300-500hp
Canada,2020,3885.0,3560.0,Bentley,Turbo,>500hp
Canada,2020,3451.0,3062.0,Bentley,Naturally Aspirated,<300hp
Canada,2020,1982.0,1787.0,Bentley,Naturally Aspirated,300-500hp
Canada,2020,1348.0,1204.0,Bentley,Naturally Aspirated,>500hp
Canada,2020,3038.0,2809.0,Jaguar,Turbo,<300hp
Canada,2020,4945.0,4526.0,Jaguar,Turbo,300-500hp
Canada,2020,1981.0,1860.0,Jaguar,Turbo,>500hp
Canada,2020,1194.0,1022.0,Jaguar,Naturally Aspirated,<300hp
Canada,2020,5227.0,4685.0,Jaguar,Naturally Aspirated,300-500hp
Canada,2020,4314.0,3907.0,Jaguar,Naturally Aspirated,>500hp
Canada,2020,2679.0,2481.0,Honda,Turbo,<300hp
Canada,2020,6322.0,5942.0,Honda,Turbo,300-500hp
Canada,2020,3718.0,3251.0,Honda,Turbo,>500hp
Canada,2020,3467.0,3148.0,Honda,Naturally Aspirated,<300hp
Canada,2020,6409.0,5818.0,Honda,Naturally Aspirated,300-500hp
Canada,2020,4062.0,3924.0,Honda,Naturally Aspirated,>500hp
Canada,2020,3136.0,2814.0,Lamborghini,Turbo,<300hp
Canada,2020,3536.0,3186.0,Lamborghini,Turbo,300-500hp
Canada,2020,4463.0,3954.0,Lamborghini,Turbo,>500hp
Canada,2020,,697.0,Lamborghini,Naturally Aspirated,<300hp
Canada,2020,7223.0,6358.0,Lamborghini,Naturally Aspirated,300-500hp
Canada,2020,3653.0,3397.0,Lamborghini,Naturally Aspirated,>500hp
Mexico,2020,444.0,407.0,Jaguar,Turbo,<300hp
Mexico,2020,5952.0,5728.0,Jaguar,Turbo,300-500hp
Mexico,2020,907.0,778.0,Jaguar,Turbo,>500hp
Mexico,2020,3023.0,2612.0,Jaguar,Naturally Aspirated,<300hp
Mexico,2020,1890.0,1797.0,Jaguar,Naturally Aspirated,300-500hp
Mexico,2020,4462.0,3895.0,Jaguar,Naturally Aspirated,>500hp
Mexico,2020,1768.0,1546.0,Nissan,Turbo,<300hp
Mexico,2020,2430.0,2169.0,Nissan,Turbo,300-500hp
Mexico,2020,4484.0,3909.0,Nissan,Turbo,>500hp
Mexico,2020,3685.0,3498.0,Nissan,Naturally Aspirated,<300hp
Mexico,2020,1910.0,1804.0,Nissan,Naturally Aspirated,300-500hp
Mexico,2020,1887.0,1747.0,Nissan,Naturally Aspirated,>500hp
Mexico,2020,1287.0,1223.0,Maserati,Turbo,<300hp
Mexico,2020,3956.0,3679.0,Maserati,Turbo,300-500hp
Mexico,2020,1288.0,1142.0,Maserati,Turbo,>500hp
Mexico,2020,2560.0,2461.0,Maserati,Naturally Aspirated,<300hp
Mexico,2020,1594.0,1372.0,Maserati,Naturally Aspirated,300-500hp
Mexico,2020,1287.0,1102.0,Maserati,Naturally Aspirated,>500hp
Mexico,2020,1875.0,1621.0,Ferrari,Turbo,<300hp
Mexico,2020,6477.0,6136.0,Ferrari,Turbo,300-500hp
Mexico,2020,5346.0,4906.0,Ferrari,Turbo,>500hp
Mexico,2020,2683.0,2334.0,Ferrari,Naturally Aspirated,<300hp
Mexico,2020,8887.0,8511.0,Ferrari,Naturally Aspirated,300-500hp
Mexico,2020,4185.0,3922.0,Ferrari,Naturally Aspirated,>500hp
Brazil,2020,2253.0,1984.0,Maserati,Turbo,<300hp
Brazil,2020,2691.0,2428.0,Maserati,Turbo,300-500hp
Brazil,2020,1634.0,1474.0,Maserati,Turbo,>500hp
Brazil,2020,1104.0,1012.0,Maserati,Naturally Aspirated,<300hp
Brazil,2020,3584.0,3076.0,Maserati,Naturally Aspirated,300-500hp
Brazil,2020,4692.0,4507.0,Maserati,Naturally Aspirated,>500hp
Brazil,2020,3862.0,3416.0,Ferrari,Turbo,<300hp
Brazil,2020,3467.0,3305.0,Ferrari,Turbo,300-500hp
Brazil,2020,6116.0,5445.0,Ferrari,Turbo,>500hp
Brazil,2020,1608.0,1369.0,Ferrari,Naturally Aspirated,<300hp
Brazil,2020,4272.0,3950.0,Ferrari,Naturally Aspirated,300-500hp
Brazil,2020,1854.0,1648.0,Ferrari,Naturally Aspirated,>500hp
Brazil,2020,464.0,,Chevrolet,Turbo,<300hp
Brazil,2020,5068.0,4601.0,Chevrolet,Turbo,300-500hp
Brazil,2020,4284.0,3695.0,Chevrolet,Turbo,>500hp
Brazil,2020,2037.0,1790.0,Chevrolet,Naturally Aspirated,<300hp
Brazil,2020,5546.0,4884.0,Chevrolet,Naturally Aspirated,300-500hp
Brazil,2020,1980.0,1865.0,Chevrolet,Naturally Aspirated,>500hp
Brazil,2020,,3228.0,Aston Martin,Turbo,<300hp
Brazil,2020,6542.0,5589.0,Aston Martin,Turbo,300-500hp
Brazil,2020,887.0,799.0,Aston Martin,Turbo,>500hp
Brazil,2020,687.0,593.0,Aston Martin,Naturally Aspirated,<300hp
Brazil,2020,6121.0,5605.0,Aston Martin,Naturally Aspirated,300-500hp
Brazil,2020,6381.0,6070.0,Aston Martin,Naturally Aspirated,>500hp
India,2020,726.0,683.0,Nissan,Turbo,<300hp
India,2020,1321.0,1260.0,Nissan,Turbo,300-500hp
India,2020,5159.0,4704.0,Nissan,Turbo,>500hp
India,2020,3780.0,3447.0,Nissan,Naturally Aspirated,<300hp
India,2020,7486.0,6929.0,Nissan,Naturally Aspirated,300-500hp
India,2020,2007.0,1888.0,Nissan,Naturally Aspirated,>500hp
India,2020,3350.0,2915.0,Maserati,Turbo,<300hp
India,2020,5567.0,5349.0,Maserati,Turbo,300-500hp
India,2020,3352.0,2918.0,Maserati,Turbo,>500hp
India,2020,435.0,378.0,Maserati,Naturally Aspirated,<300hp
India,2020,7776.0,6842.0,Maserati,Naturally Aspirated,300-500hp
India,2020,3204.0,2808.0,Maserati,Naturally Aspirated,>500hp
India,2020,2730.0,2503.0,Aston Martin,Turbo,<300hp
India,2020,3673.0,3453.0,Aston Martin,Turbo,300-500hp
India,2020,4758.0,4053.0,Aston Martin,Turbo,>500hp
India,2020,2707.0,2580.0,Aston Martin,Naturally Aspirated,<300hp
India,2020,7291.0,6267.0,Aston Martin,Naturally Aspirated,300-500hp
India,2020,6736.0,6413.0,Aston Martin,Naturally Aspirated,>500hp
India,2020,650.0,612.0,Ford,Turbo,<300hp
India,2020,6404.0,5566.0,Ford,Turbo,300-500hp
India,2020,2652.0,2460.0,Ford,Turbo,>500hp
India,2020,3367.0,3152.0,Ford,Naturally Aspirated,<300hp
India,2020,2391.0,2090.0,Ford,Naturally Aspirated,300-500hp
India,2020,3174.0,2987.0,Ford,Naturally Aspirated,>500hp
Germany,2021,446.0,390.0,Mercedes-Benz,Turbo,<300hp
Germany,2021,1695.0,1482.0,Mercedes-Benz,Turbo,300-500hp
Germany,2021,1699.0,1645.0,Mercedes-Benz,Turbo,>500hp
Germany,2021,1099.0,973.0,Mercedes-Benz,Naturally Aspirated,<300hp
Germany,2021,1201.0,1093.0,Mercedes-Benz,Naturally Aspirated,300-500hp
Germany,2021,1565.0,1501.0,Mercedes-Benz,Naturally Aspirated,>500hp
Germany,2021,946.0,874.0,Rolls-Royce,Turbo,<300hp
Germany,2021,318.0,275.0,Rolls-Royce,Turbo,300-500hp
Germany,2021,489.0,426.0,Rolls-Royce,Turbo,>500hp
Germany,2021,702.0,637.0,Rolls-Royce,Naturally Aspirated,<300hp
Germany,2021,569.0,508.0,Rolls-Royce,Naturally Aspirated,300-500hp
Germany,2021,555.0,500.0,Rolls-Royce,Naturally Aspirated,>500hp
Germany,2021,378.0,336.0,Nissan,Turbo,<300hp
Germany,2021,2205.0,2040.0,Nissan,Turbo,300-500hp
Germany,2021,1304.0,1253.0,Nissan,Turbo,>500hp
Germany,2021,922.0,787.0,Nissan,Naturally Aspirated,<300hp
Germany,2021,614.0,576.0,Nissan,Naturally Aspirated,300-500hp
Germany,2021,255.0,228.0,Nissan,Naturally Aspirated,>500hp
Germany,2021,1088.0,951.0,Subaru,Turbo,<300hp
Germany,2021,806.0,780.0,Subaru,Turbo,300-500hp
Germany,2021,1593.0,1363.0,Subaru,Turbo,>500hp
Germany,2021,1067.0,955.0,Subaru,Naturally Aspirated,<300hp
Germany,2021,1035.0,957.0,Subaru,Naturally Aspirated,300-500hp
Germany,2021,380.0,361.0,Subaru,Naturally Aspirated,>500hp
Japan,2021,893.0,798.0,Bentley,Turbo,<300hp
Japan,2021,2221.0,1982.0,Bentley,Turbo,300-500hp
Japan,2021,1265.0,1220.0,Bentley,Turbo,>500hp
Japan,2021,1155.0,1104.0,Bentley,Naturally Aspirated,<300hp
Japan,2021,923.0,830.0,Bentley,Naturally Aspirated,300-500hp
Japan,2021,404.0,357.0,Bentley,Naturally Aspirated,>500hp
Japan,2021,362.0,329.0,Ford,Turbo,<300hp
Japan,2021,909.0,874.0,Ford,Turbo,300-500hp
Japan,2021,1873.0,1740.0,Ford,Turbo,>500hp
Japan,2021,404.0,368.0,Ford,Naturally Aspirated,<300hp
Japan,2021,2564.0,2480.0,Ford,Naturally Aspirated,300-500hp
Japan,2021,683.0,622.0,Ford,Naturally Aspirated,>500hp
Japan,2021,1226.0,1175.0,BMW,Turbo,<300hp
Japan,2021,2377.0,2173.0,BMW,Turbo,300-500hp
Japan,2021,1732.0,1629.0,BMW,Turbo,>500hp
Japan,2021,967.0,937.0,BMW,Naturally Aspirated,<300hp
Japan,2021,707.0,647.0,BMW,Naturally Aspirated,300-500hp
Japan,2021,1018.0,954.0,BMW,Naturally Aspirated,>500hp
Japan,2021,1200.0,1042.0,Lamborghini,Turbo,<300hp
Japan,2021,2380.0,2038.0,Lamborghini,Turbo,300-500hp
Japan,2021,288.0,258.0,Lamborghini,Turbo,>500hp
Japan,2021,965.0,917.0,Lamborghini,Naturally Aspirated,<300hp
Japan,2021,587.0,520.0,Lamborghini,Naturally Aspirated,300-500hp
Japan,2021,2021.0,1842.0,Lamborghini,Naturally Aspirated,>500hp
USA,2021,305.0,275.0,Ford,Turbo,<300hp
USA,2021,1447.0,1291.0,Ford,Turbo,300-500hp
USA,2021,1661.0,1515.0,Ford,Turbo,>500hp
USA,2021,550.0,515.0,Ford,Naturally Aspirated,<300hp
USA,2021,,3075.0,Ford,Naturally Aspirated,300-500hp
USA,2021,2382.0,2030.0,Ford,Naturally Aspirated,>500hp
USA,2021,1495.0,1274.0,Audi,Turbo,<300hp
USA,2021,3189.0,2889.0,Audi,Turbo,300-500hp
USA,2021,2060.0,1982.0,Audi,Turbo,>500hp
USA,2021,863.0,814.0,Audi,Naturally Aspirated,<300hp
USA,2021,727.0,655.0,Audi,Naturally Aspirated,300-500hp
USA,2021,2317.0,2243.0,Audi,Naturally Aspirated,>500hp
USA,2021,1230.0,1120.0,Jaguar,Turbo,<300hp
USA,2021,1807.0,1729.0,Jaguar,Turbo,300-500hp
USA,2021,2321.0,2108.0,Jaguar,Turbo,>500hp
USA,2021,189.0,181.0,Jaguar,Naturally Aspirated,<300hp
USA,2021,2931.0,2670.0,Jaguar,Naturally Aspirated,300-500hp
USA,2021,1556.0,1374.0,Jaguar,Naturally Aspirated,>500hp
USA,2021,210.0,185.0,BMW,Turbo,<300hp
USA,2021,1779.0,1635.0,BMW,Turbo,300-500hp
USA,2021,2367.0,2126.0,BMW,Turbo,>500hp
USA,2021,550.0,506.0,BMW,Naturally Aspirated,<300hp
USA,2021,3076.0,2828.0,BMW,Naturally Aspirated,300-500hp
USA,2021,539.0,468.0,BMW,Naturally Aspirated,>500hp
Italy,2021,1016.0,864.0,Nissan,Turbo,<300hp
Italy,2021,2505.0,2414.0,Nissan,Turbo,300-500hp
Italy,2021,2183.0,1897.0,Nissan,Turbo,>500hp
Italy,2021,301.0,275.0,Nissan,Naturally Aspirated,<300hp
Italy,2021,1367.0,1165.0,Nissan,Naturally Aspirated,300-500hp
Italy,2021,448.0,404.0,Nissan,Naturally Aspirated,>500hp
Italy,2021,759.0,664.0,Honda,Turbo,<300hp
Italy,2021,1116.0,1020.0,Honda,Turbo,300-500hp
Italy,2021,949.0,907.0,Honda,Turbo,>500hp
Italy,2021,1464.0,1416.0,Honda,Naturally Aspirated,<300hp
Italy,2021,624.0,593.0,Honda,Naturally Aspirated,300-500hp
Italy,2021,1676.0,1470.0,Honda,Naturally Aspirated,>500hp
Italy,2021,298.0,257.0,Aston Martin,Turbo,<300hp
Italy,2021,2095.0,1910.0,Aston Martin,Turbo,300-500hp
Italy,2021,723.0,667.0,Aston Martin,Turbo,>500hp
Italy,2021,380.0,361.0,Aston Martin,Naturally Aspirated,<300hp
Italy,2021,3805.0,3312.0,Aston Martin,Naturally Aspirated,300-500hp
Italy,2021,419.0,401.0,Aston Martin,Naturally Aspirated,>500hp
Italy,2021,670.0,604.0,BMW,Turbo,<300hp
Italy,2021,2172.0,1972.0,BMW,Turbo,300-500hp
Italy,2021,1506.0,1372.0,BMW,Turbo,>500hp
Italy,2021,1236.0,1101.0,BMW,Naturally Aspirated,<300hp
Italy,2021,1419.0,1326.0,BMW,Naturally Aspirated,300-500hp
Italy,2021,1937.0,1698.0,BMW,Naturally Aspirated,>500hp
UK,2021,959.0,891.0,Ford,Turbo,<300hp
UK,2021,1937.0,1676.0,Ford,Turbo,300-500hp
UK,2021,1972.0,1881.0,Ford,Turbo,>500hp
UK,2021,745.0,686.0,Ford,Naturally Aspirated,<300hp
UK,2021,2954.0,2693.0,Ford,Naturally Aspirated,300-500hp
UK,2021,1814.0,1736.0,Ford,Naturally Aspirated,>500hp
UK,2021,1693.0,1504.0,Jaguar,Turbo,<300hp
UK,2021,4008.0,3561.0,Jaguar,Turbo,300-500hp
UK,2021,2190.0,2042.0,Jaguar,Turbo,>500hp
UK,2021,1614.0,1395.0,Jaguar,Naturally Aspirated,<300hp
UK,2021,3245.0,2799.0,Jaguar,Naturally Aspirated,300-500hp
UK,2021,393.0,340.0,Jaguar,Naturally Aspirated,>500hp
UK,2021,695.0,617.0,Porsche,Turbo,<300hp
UK,2021,4803.0,4086.0,Porsche,Turbo,300-500hp
UK,2021,1720.0,1511.0,Porsche,Turbo,>500hp
UK,2021,342.0,290.0,Porsche,Naturally Aspirated,<300hp
UK,2021,2558.0,2201.0,Porsche,Naturally Aspirated,300-500hp
UK,2021,414.0,352.0,Porsche,Naturally Aspirated,>500hp
UK,2021,1701.0,1647.0,Toyota,Turbo,<300hp
UK,2021,3774.0,3303.0,Toyota,Turbo,300-500hp
UK,2021,2081.0,1940.0,Toyota,Turbo,>500hp
UK,2021,2063.0,1962.0,Toyota,Naturally Aspirated,<300hp
UK,2021,2778.0,2587.0,Toyota,Naturally Aspirated,300-500hp
UK,2021,2773.0,2381.0,Toyota,Naturally Aspirated,>500hp
France,2021,1532.0,1327.0,Ferrari,Turbo,<300hp
France,2021,4563.0,4413.0,Ferrari,Turbo,300-500hp
France,2021,1090.0,981.0,Ferrari,Turbo,>500hp
France,2021,1345.0,1182.0,Ferrari,Naturally Aspirated,<300hp
France,2021,1902.0,1780.0,Ferrari,Naturally Aspirated,300-500hp
France,2021,1501.0,,Ferrari,Naturally Aspirated,>500hp
France,2021,1812.0,,Lamborghini,Turbo,<300hp
France,2021,1476.0,1404.0,Lamborghini,Turbo,300-500hp
France,2021,1699.0,1491.0,Lamborghini,Turbo,>500hp
France,2021,1111.0,1037.0,Lamborghini,Naturally Aspirated,<300hp
France,2021,4872.0,4595.0,Lamborghini,Naturally Aspirated,300-500hp
France,2021,423.0,376.0,Lamborghini,Naturally Aspirated,>500hp
France,2021,2233.0,2130.0,Rolls-Royce,Turbo,<300hp
France,2021,3465.0,3071.0,Rolls-Royce,Turbo,300-500hp
France,2021,2239.0,2134.0,Rolls-Royce,Turbo,>500hp
France,2021,1881.0,1699.0,Rolls-Royce,Naturally Aspirated,<300hp
France,2021,1380.0,1323.0,Rolls-Royce,Naturally Aspirated,300-500hp
France,2021,3138.0,3039.0,Rolls-Royce,Naturally Aspirated,>500hp
France,2021,1092.0,941.0,Toyota,Turbo,<300hp
France,2021,1115.0,1029.0,Toyota,Turbo,300-500hp
France,2021,1232.0,1114.0,Toyota,Turbo,>500hp
France,2021,2088.0,1917.0,Toyota,Naturally Aspirated,<300hp
France,2021,755.0,641.0,Toyota,Naturally Aspirated,300-500hp
France,2021,3343.0,2975.0,Toyota,Naturally Aspirated,>500hp
South Korea,2021,1550.0,1411.0,Toyota,Turbo,<300hp
South Korea,2021,3714.0,3180.0,Toyota,Turbo,300-500hp
South Korea,2021,2700.0,2391.0,Toyota,Turbo,>500hp
South Korea,2021,1488.0,1391.0,Toyota,Naturally Aspirated,<300hp
South Korea,2021,1980.0,1754.0,Toyota,Naturally Aspirated,300-500hp
South Korea,2021,3808.0,3587.0,Toyota,Naturally Aspirated,>500hp
South Korea,2021,,1875.0,BMW,Turbo,<300hp
South Korea,2021,5509.0,5012.0,BMW,Turbo,300-500hp
South Korea,2021,454.0,421.0,BMW,Turbo,>500hp
South Korea,2021,2258.0,2137.0,BMW,Naturally Aspirated,<300hp
South Korea,2021,3331.0,2845.0,BMW,Naturally Aspirated,300-500hp
South Korea,2021,1572.0,1351.0,BMW,Naturally Aspirated,>500hp
South Korea,2021,2240.0,1982.0,Subaru,Turbo,<300hp
South Korea,2021,3974.0,3504.0,Subaru,Turbo,300-500hp
South Korea,2021,2681.0,,Subaru,Turbo,>500hp
South Korea,2021,303.0,263.0,Subaru,Naturally Aspirated,<300hp
South Korea,2021,1642.0,,Subaru,Naturally Aspirated,300-500hp
South Korea,2021,3513.0,3207.0,Subaru,Naturally Aspirated,>500hp
South Korea,2021,1259.0,1140.0,Rolls-Royce,Turbo,<300hp
South Korea,2021,4905.0,4425.0,Rolls-Royce,Turbo,300-500hp
South Korea,2021,2726.0,2588.0,Rolls-Royce,Turbo,>500hp
South Korea,2021,2296.0,1982.0,Rolls-Royce,Naturally Aspirated,<300hp
South Korea,2021,1767.0,1548.0,Rolls-Royce,Naturally Aspirated,300-500hp
South Korea,2021,1725.0,1520.0,Rolls-Royce,Naturally Aspirated,>500hp
China,2021,2623.0,2522.0,BMW,Turbo,<300hp
China,2021,3258.0,3041.0,BMW,Turbo,300-500hp
China,2021,3213.0,3053.0,BMW,Turbo,>500hp
China,2021,921.0,890.0,BMW,Naturally Aspirated,<300hp
China,2021,,5761.0,BMW,Naturally Aspirated,300-500hp
China,2021,2423.0,2247.0,BMW,Naturally Aspirated,>500hp
China,2021,,1638.0,Ford,Turbo,<300hp
China,2021,5423.0,5248.0,Ford,Turbo,300-500hp
China,2021,4426.0,4161.0,Ford,Turbo,>500hp
China,2021,621.0,530.0,Ford,Naturally Aspirated,<300hp
China,2021,2143.0,1846.0,Ford,Naturally Aspirated,300-500hp
China,2021,4285.0,4002.0,Ford,Naturally Aspirated,>500hp
China,2021,1989.0,1887.0,Lotus,Turbo,<300hp
China,2021,4525.0,4078.0,Lotus,Turbo,300-500hp
China,2021,1553.0,1466.0,Lotus,Turbo,>500hp
China,2021,2090.0,1854.0,Lotus,Naturally Aspirated,<300hp
China,2021,1362.0,1309.0,Lotus,Naturally Aspirated,300-500hp
China,2021,3690.0,3567.0,Lotus,Naturally Aspirated,>500hp
China,2021,673.0,651.0,Aston Martin,Turbo,<300hp
China,2021,5391.0,4812.0,Aston Martin,Turbo,300-500hp
China,2021,3224.0,3011.0,Aston Martin,Turbo,>500hp
China,2021,1589.0,1401.0,Aston Martin,Naturally Aspirated,<300hp
China,2021,2868.0,2555.0,Aston Martin,Naturally Aspirated,300-500hp
China,2021,4417.0,4101.0,Aston Martin,Naturally Aspirated,>500hp
Sweden,2021,3054.0,2903.0,Nissan,Turbo,<300hp
Sweden,2021,4918.0,4443.0,Nissan,Turbo,300-500hp
Sweden,2021,3719.0,3247.0,Nissan,Turbo,>500hp
Sweden,2021,,413.0,Nissan,Naturally Aspirated,<300hp
Sweden,2021,3673.0,3133.0,Nissan,Naturally Aspirated,300-500hp
Sweden,2021,4778.0,4089.0,Nissan,Naturally Aspirated,>500hp
Sweden,2021,2388.0,2155.0,Rolls-Royce,Turbo,<300hp
Sweden,2021,1633.0,1495.0,Rolls-Royce,Turbo,300-500hp
Sweden,2021,3790.0,3532.0,Rolls-Royce,Turbo,>500hp
Sweden,2021,1182.0,1087.0,Rolls-Royce,Naturally Aspirated,<300hp
Sweden,2021,6474.0,5649.0,Rolls-Royce,Naturally Aspirated,300-500hp
Sweden,2021,3387.0,,Rolls-Royce,Naturally Aspirated,>500hp
Sweden,2021,825.0,759.0,Jaguar,Turbo,<300hp
Sweden,2021,6386.0,5523.0,Jaguar,Turbo,300-500hp
Sweden,2021,4690.0,4447.0,Jaguar,Turbo,>500hp
Sweden,2021,1709.0,1563.0,Jaguar,Naturally Aspirated,<300hp
Sweden,2021,5653.0,5209.0,Jaguar,Naturally Aspirated,300-500hp
Sweden,2021,4746.0,4584.0,Jaguar,Naturally Aspirated,>500hp
Sweden,2021,1272.0,1193.0,Honda,Turbo,<300hp
Sweden,2021,5610.0,5250.0,Honda,Turbo,300-500hp
Sweden,2021,1720.0,1601.0,Honda,Turbo,>500hp
Sweden,2021,2601.0,2426.0,Honda,Naturally Aspirated,<300hp
Sweden,2021,1157.0,1079.0,Honda,Naturally Aspirated,300-500hp
Sweden,2021,3335.0,3105.0,Honda,Naturally Aspirated,>500hp
Spain,2021,1832.0,1705.0,Rolls-Royce,Turbo,<300hp
Spain,2021,4716.0,4490.0,Rolls-Royce,Turbo,300-500hp
Spain,2021,2015.0,1785.0,Rolls-Royce,Turbo,>500hp
Spain,2021,3018.0,2679.0,Rolls-Royce,Naturally Aspirated,<300hp
Spain,2021,6471.0,5663.0,Rolls-Royce,Naturally Aspirated,300-500hp
Spain,2021,4945.0,4662.0,Rolls-Royce,Naturally Aspirated,>500hp
Spain,2021,1555.0,1492.0,Lotus,Turbo,<300hp
Spain,2021,4788.0,4078.0,Lotus,Turbo,300-500hp
Spain,2021,4388.0,4243.0,Lotus,Turbo,>500hp
Spain,2021,1336.0,1281.0,Lotus,Naturally Aspirated,<300hp
Spain,2021,4096.0,3852.0,Lotus,Naturally Aspirated,300-500hp
Spain,2021,1911.0,1781.0,Lotus,Naturally Aspirated,>500hp
Spain,2021,2165.0,2036.0,Subaru,Turbo,<300hp
Spain,2021,7528.0,7222.0,Subaru,Turbo,300-500hp
Spain,2021,3133.0,2663.0,Subaru,Turbo,>500hp
Spain,2021,1335.0,1181.0,Subaru,Naturally Aspirated,<300hp
Spain,2021,5672.0,4858.0,Subaru,Naturally Aspirated,300-500hp
Spain,2021,5172.0,4556.0,Subaru,Naturally Aspirated,>500hp
Spain,2021,1728.0,1654.0,Ford,Turbo,<300hp
Spain,2021,1078.0,1001.0,Ford,Turbo,300-500hp
Spain,2021,3198.0,2803.0,Ford,Turbo,>500hp
Spain,2021,3244.0,2933.0,Ford,Naturally Aspirated,<300hp
Spain,2021,1878.0,1639.0,Ford,Naturally Aspirated,300-500hp
Spain,2021,1977.0,1751.0,Ford,Naturally Aspirated,>500hp
Australia,2021,1870.0,1796.0,Mercedes-Benz,Turbo,<300hp
Australia,2021,8199.0,7131.0,Mercedes-Benz,Turbo,300-500hp
Australia,2021,2274.0,2111.0,Mercedes-Benz,Turbo,>500hp
Australia,2021,1471.0,1290.0,Mercedes-Benz,Naturally Aspirated,<300hp
Australia,2021,,4309.0,Mercedes-Benz,Naturally Aspirated,300-500hp
Australia,2021,2382.0,2100.0,Mercedes-Benz,Naturally Aspirated,>500hp
Australia,2021,787.0,711.0,Subaru,Turbo,<300hp
Australia,2021,1030.0,898.0,Subaru,Turbo,300-500hp
Australia,2021,5460.0,5082.0,Subaru,Turbo,>500hp
Australia,2021,3236.0,3017.0,Subaru,Naturally Aspirated,<300hp
Australia,2021,5222.0,4994.0,Subaru,Naturally Aspirated,300-500hp
Australia,2021,2331.0,2011.0,Subaru,Naturally Aspirated,>500hp
Australia,2021,1972.0,1879.0,Bentley,Turbo,<300hp
Australia,2021,7150.0,6405.0,Bentley,Turbo,300-500hp
Australia,2021,5419.0,4924.0,Bentley,Turbo,>500hp
Australia,2021,550.0,496.0,Bentley,Naturally Aspirated,<300hp
Australia,2021,6798.0,6400.0,Bentley,Naturally Aspirated,300-500hp
Australia,2021,1864.0,1684.0,Bentley,Naturally Aspirated,>500hp
Australia,2021,2676.0,2330.0,Ford,Turbo,<300hp
Australia,2021,1478.0,1387.0,Ford,Turbo,300-500hp
Australia,2021,5227.0,4485.0,Ford,Turbo,>500hp
Australia,2021,1110.0,1027.0,Ford,Naturally Aspirated,<300hp
Australia,2021,5165.0,4606.0,Ford,Naturally Aspirated,300-500hp
Australia,2021,1351.0,1152.0,Ford,Naturally Aspirated,>500hp
Canada,2021,2700.0,2555.0,BMW,Turbo,<300hp
Canada,2021,,1552.0,BMW,Turbo,300-500hp
Canada,2021,4934.0,4595.0,BMW,Turbo,>500hp
Canada,2021,1204.0,1155.0,BMW,Naturally Aspirated,<300hp
Canada,2021,4448.0,3853.0,BMW,Naturally Aspirated,300-500hp
Canada,2021,1744.0,1554.0,BMW,Naturally Aspirated,>500hp
Canada,2021,2126.0,1848.0,Rolls-Royce,Turbo,<300hp
Canada,2021,1910.0,1672.0,Rolls-Royce,Turbo,300-500hp
Canada,2021,1898.0,1799.0,Rolls-Royce,Turbo,>500hp
Canada,2021,2480.0,2185.0,Rolls-Royce,Naturally Aspirated,<300hp
Canada,2021,9141.0,8846.0,Rolls-Royce,Naturally Aspirated,300-500hp
Canada,2021,2520.0,2356.0,Rolls-Royce,Naturally Aspirated,>500hp
Canada,2021,2463.0,2336.0,Ford,Turbo,<300hp
Canada,2021,3516.0,2996.0,Ford,Turbo,300-500hp
Canada,2021,1600.0,1486.0,Ford,Turbo,>500hp
Canada,2021,3537.0,3252.0,Ford,Naturally Aspirated,<300hp
Canada,2021,8671.0,7623.0,Ford,Naturally Aspirated,300-500hp
Canada,2021,2624.0,2382.0,Ford,Naturally Aspirated,>500hp
Canada,2021,1245.0,1164.0,Aston Martin,Turbo,<300hp
Canada,2021,2325.0,2250.0,Aston Martin,Turbo,300-500hp
Canada,2021,4837.0,4321.0,Aston Martin,Turbo,>500hp
Canada,2021,2784.0,2409.0,Aston Martin,Naturally Aspirated,<300hp
Canada,2021,2541.0,2322.0,Aston Martin,Naturally Aspirated,300-500hp
Canada,2021,,5216.0,Aston Martin,Naturally Aspirated,>500hp
Mexico,2021,907.0,774.0,Ford,Turbo,<300hp
Mexico,2021,9519.0,8407.0,Ford,Turbo,300-500hp
Mexico,2021,3272.0,2864.0,Ford,Turbo,>500hp
Mexico,2021,3947.0,3436.0,Ford,Naturally Aspirated,<300hp
Mexico,2021,2033.0,1851.0,Ford,Naturally Aspirated,300-500hp
Mexico,2021,4462.0,4306.0,Ford,Naturally Aspirated,>500hp
Mexico,2021,3969.0,3690.0,Maserati,Turbo,<300hp
Mexico,2021,8726.0,7567.0,Maserati,Turbo,300-500hp
Mexico,2021,3351.0,3023.0,Maserati,Turbo,>500hp
Mexico,2021,1969.0,1720.0,Maserati,Naturally Aspirated,<300hp
Mexico,2021,5782.0,5207.0,Maserati,Naturally Aspirated,300-500hp
Mexico,2021,6204.0,5381.0,Maserati,Naturally Aspirated,>500hp
Mexico,2021,3926.0,3682.0,Bentley,Turbo,<300hp
Mexico,2021,1691.0,1636.0,Bentley,Turbo,300-500hp
Mexico,2021,5493.0,5056.0,Bentley,Turbo,>500hp
Mexico,2021,2159.0,1997.0,Bentley,Naturally Aspirated,<300hp
Mexico,2021,6861.0,6307.0,Bentley,Naturally Aspirated,300-500hp
Mexico,2021,6157.0,5424.0,Bentley,Naturally Aspirated,>500hp
Mexico,2021,3242.0,3016.0,Ferrari,Turbo,<300hp
Mexico,2021,4434.0,4141.0,Ferrari,Turbo,300-500hp
Mexico,2021,6136.0,5677.0,Ferrari,Turbo,>500hp
Mexico,2021,3024.0,2825.0,Ferrari,Naturally Aspirated,<300hp
Mexico,2021,6790.0,6162.0,Ferrari,Naturally Aspirated,300-500hp
Mexico,2021,1630.0,1496.0,Ferrari,Naturally Aspirated,>500hp
Brazil,2021,1779.0,1625.0,Aston Martin,Turbo,<300hp
Brazil,2021,,3112.0,Aston Martin,Turbo,300-500hp
Brazil,2021,1993.0,1783.0,Aston Martin,Turbo,>500hp
Brazil,2021,1247.0,1199.0,Aston Martin,Naturally Aspirated,<300hp
Brazil,2021,3972.0,3747.0,Aston Martin,Naturally Aspirated,300-500hp
Brazil,2021,1036.0,886.0,Aston Martin,Naturally Aspirated,>500hp
Brazil,2021,3127.0,2810.0,Audi,Turbo,<300hp
Brazil,2021,1502.0,1404.0,Audi,Turbo,300-500hp
Brazil,2021,3699.0,3181.0,Audi,Turbo,>500hp
Brazil,2021,2744.0,,Audi,Naturally Aspirated,<300hp
Brazil,2021,6850.0,6057.0,Audi,Naturally Aspirated,300-500hp
Brazil,2021,4204.0,3934.0,Audi,Naturally Aspirated,>500hp
Brazil,2021,3264.0,3152.0,Maserati,Turbo,<300hp
Brazil,2021,9796.0,9460.0,Maserati,Turbo,300-500hp
Brazil,2021,856.0,801.0,Maserati,Turbo,>500hp
Brazil,2021,1263.0,1220.0,Maserati,Naturally Aspirated,<300hp
Brazil,2021,8650.0,7990.0,Maserati,Naturally Aspirated,300-500hp
Brazil,2021,1149.0,1046.0,Maserati,Naturally Aspirated,>500hp
Brazil,2021,,1378.0,Chevrolet,Turbo,<300hp
Brazil,2021,7604.0,6950.0,Chevrolet,Turbo,300-500hp
Brazil,2021,6539.0,6095.0,Chevrolet,Turbo,>500hp
Brazil,2021,455.0,399.0,Chevrolet,Naturally Aspirated,<300hp
Brazil,2021,3134.0,2679.0,Chevrolet,Naturally Aspirated,300-500hp
Brazil,2021,6832.0,5999.0,Chevrolet,Naturally Aspirated,>500hp
India,2021,3960.0,3658.0,Lotus,Turbo,<300hp
India,2021,4293.0,3969.0,Lotus,Turbo,300-500hp
India,2021,6549.0,5856.0,Lotus,Turbo,>500hp
India,2021,1759.0,1673.0,Lotus,Naturally Aspirated,<300hp
India,2021,10895.0,9792.0,Lotus,Naturally Aspirated,300-500hp
India,2021,5214.0,4455.0,Lotus,Naturally Aspirated,>500hp
India,2021,1882.0,1802.0,Porsche,Turbo,<300hp
India,2021,6978.0,6508.0,Porsche,Turbo,300-500hp
India,2021,4458.0,4290.0,Porsche,Turbo,>500hp
India,2021,524.0,496.0,Porsche,Naturally Aspirated,<300hp
India,2021,8365.0,7654.0,Porsche,Naturally Aspirated,300-500hp
India,2021,4033.0,3839.0,Porsche,Naturally Aspirated,>500hp
India,2021,814.0,783.0,Toyota,Turbo,<300hp
India,2021,2431.0,2231.0,Toyota,Turbo,300-500hp
India,2021,4782.0,4618.0,Toyota,Turbo,>500hp
India,2021,3812.0,3423.0,Toyota,Naturally Aspirated,<300hp
India,2021,1160.0,1055.0,Toyota,Naturally Aspirated,300-500hp
India,2021,2774.0,2362.0,Toyota,Naturally Aspirated,>500hp
India,2021,1018.0,867.0,Subaru,Turbo,<300hp
India,2021,3000.0,2765.0,Subaru,Turbo,300-500hp
India,2021,2792.0,2692.0,Subaru,Turbo,>500hp
India,2021,766.0,693.0,Subaru,Naturally Aspirated,<300hp
India,2021,10148.0,9438.0,Subaru,Naturally Aspirated,300-500hp
India,2021,3008.0,2738.0,Subaru,Naturally Aspirated,>500hp
Germany,2022,404.0,344.0,Rolls-Royce,Turbo,<300hp
Germany,2022,1647.0,1522.0,Rolls-Royce,Turbo,300-500hp
Germany,2022,1128.0,1026.0,Rolls-Royce,Turbo,>500hp
Germany,2022,946.0,887.0,Rolls-Royce,Naturally Aspirated,<300hp
Germany,2022,1551.0,1420.0,Rolls-Royce,Naturally Aspirated,300-500hp
Germany,2022,377.0,357.0,Rolls-Royce,Naturally Aspirated,>500hp
Germany,2022,194.0,171.0,Nissan,Turbo,<300hp
Germany,2022,589.0,568.0,Nissan,Turbo,300-500hp
Germany,2022,459.0,,Nissan,Turbo,>500hp
Germany,2022,875.0,757.0,Nissan,Naturally Aspirated,<300hp
Germany,2022,1817.0,1680.0,Nissan,Naturally Aspirated,300-500hp
Germany,2022,564.0,526.0,Nissan,Naturally Aspirated,>500hp
Germany,2022,1071.0,992.0,Ford,Turbo,<300hp
Germany,2022,2700.0,2398.0,Ford,Turbo,300-500hp
Germany,2022,1460.0,1394.0,Ford,Turbo,>500hp
Germany,2022,1109.0,1057.0,Ford,Naturally Aspirated,<300hp
Germany,2022,2056.0,1758.0,Ford,Naturally Aspirated,300-500hp
Germany,2022,384.0,347.0,Ford,Naturally Aspirated,>500hp
Germany,2022,990.0,942.0,Mercedes-Benz,Turbo,<300hp
Germany,2022,523.0,449.0,Mercedes-Benz,Turbo,300-500hp
Germany,2022,336.0,304.0,Mercedes-Benz,Turbo,>500hp
Germany,2022,830.0,800.0,Mercedes-Benz,Naturally Aspirated,<300hp
Germany,2022,1653.0,1510.0,Mercedes-Benz,Naturally Aspirated,300-500hp
Germany,2022,1128.0,1025.0,Mercedes-Benz,Naturally Aspirated,>500hp
Japan,2022,383.0,336.0,Aston Martin,Turbo,<300hp
Japan,2022,,879.0,Aston Martin,Turbo,300-500hp
Japan,2022,431.0,390.0,Aston Martin,Turbo,>500hp
Japan,2022,1130.0,989.0,Aston Martin,Naturally Aspirated,<300hp
Japan,2022,1050.0,933.0,Aston Martin,Naturally Aspirated,300-500hp
Japan,2022,1172.0,1073.0,Aston Martin,Naturally Aspirated,>500hp
Japan,2022,958.0,865.0,Porsche,Turbo,<300hp
Japan,2022,2924.0,2600.0,Porsche,Turbo,300-500hp
Japan,2022,1056.0,920.0,Porsche,Turbo,>500hp
Japan,2022,1302.0,1149.0,Porsche,Naturally Aspirated,<300hp
Japan,2022,1090.0,936.0,Porsche,Naturally Aspirated,300-500hp
Japan,2022,2221.0,2018.0,Porsche,Naturally Aspirated,>500hp
Japan,2022,1343.0,1196.0,Honda,Turbo,<300hp
Japan,2022,1114.0,974.0,Honda,Turbo,300-500hp
Japan,2022,1268.0,1166.0,Honda,Turbo,>500hp
Japan,2022,,199.0,Honda,Naturally Aspirated,<300hp
Japan,2022,2576.0,2246.0,Honda,Naturally Aspirated,300-500hp
Japan,2022,579.0,542.0,Honda,Naturally Aspirated,>500hp
Japan,2022,905.0,798.0,Rolls-Royce,Turbo,<300hp
Japan,2022,2739.0,2355.0,Rolls-Royce,Turbo,300-500hp
Japan,2022,455.0,393.0,Rolls-Royce,Turbo,>500hp
Japan,2022,1266.0,1133.0,Rolls-Royce,Naturally Aspirated,<300hp
Japan,2022,574.0,496.0,Rolls-Royce,Naturally Aspirated,300-500hp
Japan,2022,1651.0,1542.0,Rolls-Royce,Naturally Aspirated,>500hp
USA,2022,486.0,435.0,Mercedes-Benz,Turbo,<300hp
USA,2022,2441.0,2332.0,Mercedes-Benz,Turbo,300-500hp
USA,2022,2265.0,1946.0,Mercedes-Benz,Turbo,>500hp
USA,2022,1250.0,1155.0,Mercedes-Benz,Naturally Aspirated,<300hp
USA,2022,2264.0,2035.0,Mercedes-Benz,Naturally Aspirated,300-500hp
USA,2022,2020.0,1871.0,Mercedes-Benz,Naturally Aspirated,>500hp
USA,2022,1159.0,1050.0,Toyota,Turbo,<300hp
USA,2022,1644.0,,Toyota,Turbo,300-500hp
USA,2022,2281.0,2178.0,Toyota,Turbo,>500hp
USA,2022,1284.0,1207.0,Toyota,Naturally Aspirated,<300hp
USA,2022,860.0,733.0,Toyota,Naturally Aspirated,300-500hp
USA,2022,1209.0,1118.0,Toyota,Naturally Aspirated,>500hp
USA,2022,1370.0,1193.0,Nissan,Turbo,<300hp
USA,2022,2776.0,2539.0,Nissan,Turbo,300-500hp
USA,2022,775.0,664.0,Nissan,Turbo,>500hp
USA,2022,194.0,165.0,Nissan,Naturally Aspirated,<300hp
USA,2022,421.0,395.0,Nissan,Naturally Aspirated,300-500hp
USA,2022,831.0,719.0,Nissan,Naturally Aspirated,>500hp
USA,2022,543.0,493.0,Maserati,Turbo,<300hp
USA,2022,706.0,625.0,Maserati,Turbo,300-500hp
USA,2022,905.0,809.0,Maserati,Turbo,>500hp
USA,2022,602.0,516.0,Maserati,Naturally Aspirated,<300hp
USA,2022,2020.0,1815.0,Maserati,Naturally Aspirated,300-500hp
USA,2022,2685.0,2464.0,Maserati,Naturally Aspirated,>500hp
Italy,2022,494.0,462.0,Chevrolet,Turbo,<300hp
Italy,2022,3249.0,2843.0,Chevrolet,Turbo,300-500hp
Italy,2022,1993.0,1720.0,Chevrolet,Turbo,>500hp
Italy,2022,655.0,619.0,Chevrolet,Naturally Aspirated,<300hp
Italy,2022,3325.0,2969.0,Chevrolet,Naturally Aspirated,300-500hp
Italy,2022,2391.0,2106.0,Chevrolet,Naturally Aspirated,>500hp
Italy,2022,1327.0,1239.0,Subaru,Turbo,<300hp
Italy,2022,2239.0,,Subaru,Turbo,300-500hp
Italy,2022,979.0,832.0,Subaru,Turbo,>500hp
Italy,2022,1476.0,1282.0,Subaru,Naturally Aspirated,<300hp
Italy,2022,767.0,736.0,Subaru,Naturally Aspirated,300-500hp
Italy,2022,1176.0,1009.0,Subaru,Naturally Aspirated,>500hp
Italy,2022,1141.0,,Maserati,Turbo,<300hp
Italy,2022,2343.0,,Maserati,Turbo,300-500hp
Italy,2022,1661.0,1600.0,Maserati,Turbo,>500hp
Italy,2022,1703.0,1546.0,Maserati,Naturally Aspirated,<300hp
Italy,2022,2820.0,2663.0,Maserati,Naturally Aspirated,300-500hp
Italy,2022,697.0,666.0,Maserati,Naturally Aspirated,>500hp
Italy,2022,581.0,549.0,Ferrari,Turbo,<300hp
Italy,2022,4568.0,4167.0,Ferrari,Turbo,300-500hp
Italy,2022,1126.0,977.0,Ferrari,Turbo,>500hp
Italy,2022,1395.0,1304.0,Ferrari,Naturally Aspirated,<300hp
Italy,2022,2829.0,2420.0,Ferrari,Naturally Aspirated,300-500hp
Italy,2022,1622.0,1402.0,Ferrari,Naturally Aspirated,>500hp
UK,2022,983.0,860.0,Aston Martin,Turbo,<300hp
UK,2022,1923.0,1760.0,Aston Martin,Turbo,300-500hp
UK,2022,1842.0,1676.0,Aston Martin,Turbo,>500hp
UK,2022,723.0,667.0,Aston Martin,Naturally Aspirated,<300hp
UK,2022,2885.0,2728.0,Aston Martin,Naturally Aspirated,300-500hp
UK,2022,2552.0,2222.0,Aston Martin,Naturally Aspirated,>500hp
UK,2022,821.0,730.0,BMW,Turbo,<300hp
UK,2022,1818.0,1630.0,BMW,Turbo,300-500hp
UK,2022,553.0,514.0,BMW,Turbo,>500hp
UK,2022,2023.0,1960.0,BMW,Naturally Aspirated,<300hp
UK,2022,2033.0,1843.0,BMW,Naturally Aspirated,300-500hp
UK,2022,1622.0,1415.0,BMW,Naturally Aspirated,>500hp
UK,2022,1941.0,1850.0,Maserati,Turbo,<300hp
UK,2022,4022.0,3872.0,Maserati,Turbo,300-500hp
UK,2022,2707.0,2602.0,Maserati,Turbo,>500hp
UK,2022,320.0,304.0,Maserati,Naturally Aspirated,<300hp
UK,2022,779.0,723.0,Maserati,Naturally Aspirated,300-500hp
UK,2022,1688.0,1605.0,Maserati,Naturally Aspirated,>500hp
UK,2022,777.0,710.0,Nissan,Turbo,<300hp
UK,2022,1323.0,1213.0,Nissan,Turbo,300-500hp
UK,2022,713.0,654.0,Nissan,Turbo,>500hp
UK,2022,1520.0,1389.0,Nissan,Naturally Aspirated,<300hp
UK,2022,5019.0,4352.0,Nissan,Naturally Aspirated,300-500hp
UK,2022,1610.0,1552.0,Nissan,Naturally Aspirated,>500hp
France,2022,1194.0,1066.0,Nissan,Turbo,<300hp
France,2022,5048.0,4583.0,Nissan,Turbo,300-500hp
France,2022,1499.0,1322.0,Nissan,Turbo,>500hp
France,2022,1148.0,1104.0,Nissan,Naturally Aspirated,<300hp
France,2022,5406.0,4959.0,Nissan,Naturally Aspirated,300-500hp
France,2022,1755.0,1628.0,Nissan,Naturally Aspirated,>500hp
France,2022,1642.0,1530.0,Porsche,Turbo,<300hp
France,2022,5584.0,5087.0,Porsche,Turbo,300-500hp
France,2022,445.0,382.0,Porsche,Turbo,>500hp
France,2022,946.0,826.0,Porsche,Naturally Aspirated,<300hp
France,2022,1029.0,913.0,Porsche,Naturally Aspirated,300-500hp
France,2022,2832.0,2703.0,Porsche,Naturally Aspirated,>500hp
France,2022,586.0,500.0,Aston Martin,Turbo,<300hp
France,2022,2334.0,2134.0,Aston Martin,Turbo,300-500hp
France,2022,3258.0,2934.0,Aston Martin,Turbo,>500hp
France,2022,2118.0,1989.0,Aston Martin,Naturally Aspirated,<300hp
France,2022,4660.0,4192.0,Aston Martin,Naturally Aspirated,300-500hp
France,2022,3725.0,3372.0,Aston Martin,Naturally Aspirated,>500hp
France,2022,640.0,595.0,Toyota,Turbo,<300hp
France,2022,3971.0,3682.0,Toyota,Turbo,300-500hp
France,2022,1891.0,1794.0,Toyota,Turbo,>500hp
France,2022,2083.0,1838.0,Toyota,Naturally Aspirated,<300hp
France,2022,1591.0,1485.0,Toyota,Naturally Aspirated,300-500hp
France,2022,3273.0,3060.0,Toyota,Naturally Aspirated,>500hp
South Korea,2022,460.0,416.0,Lotus,Turbo,<300hp
South Korea,2022,3881.0,3510.0,Lotus,Turbo,300-500hp
South Korea,2022,4262.0,4032.0,Lotus,Turbo,>500hp
South Korea,2022,1189.0,1034.0,Lotus,Naturally Aspirated,<300hp
South Korea,2022,1260.0,1080.0,Lotus,Naturally Aspirated,300-500hp
South Korea,2022,1953.0,1705.0,Lotus,Naturally Aspirated,>500hp
South Korea,2022,2430.0,2263.0,Maserati,Turbo,<300hp
South Korea,2022,1525.0,1303.0,Maserati,Turbo,300-500hp
South Korea,2022,2299.0,2114.0,Maserati,Turbo,>500hp
South Korea,2022,1236.0,1194.0,Maserati,Naturally Aspirated,<300hp
South Korea,2022,6496.0,5604.0,Maserati,Naturally Aspirated,300-500hp
South Korea,2022,1019.0,950.0,Maserati,Naturally Aspirated,>500hp
South Korea,2022,1034.0,909.0,Porsche,Turbo,<300hp
South Korea,2022,5988.0,5616.0,Porsche,Turbo,300-500hp
South Korea,2022,3625.0,3512.0,Porsche,Turbo,>500hp
South Korea,2022,1202.0,1062.0,Porsche,Naturally Aspirated,<300hp
South Korea,2022,1437.0,1236.0,Porsche,Naturally Aspirated,300-500hp
South Korea,2022,1375.0,1292.0,Porsche,Naturally Aspirated,>500hp
South Korea,2022,1574.0,1525.0,Audi,Turbo,<300hp
South Korea,2022,4991.0,4540.0,Audi,Turbo,300-500hp
South Korea,2022,1449.0,1308.0,Audi,Turbo,>500hp
South Korea,2022,1737.0,1642.0,Audi,Naturally Aspirated,<300hp
South Korea,2022,4828.0,4609.0,Audi,Naturally Aspirated,300-500hp
South Korea,2022,1512.0,1446.0,Audi,Naturally Aspirated,>500hp
China,2022,538.0,508.0,Aston Martin,Turbo,<300hp
China,2022,1054.0,954.0,Aston Martin,Turbo,300-500hp
China,2022,3572.0,3180.0,Aston Martin,Turbo,>500hp
China,2022,2856.0,2462.0,Aston Martin,Naturally Aspirated,<300hp
China,2022,6510.0,6273.0,Aston Martin,Naturally Aspirated,300-500hp
China,2022,4236.0,3736.0,Aston Martin,Naturally Aspirated,>500hp
China,2022,1975.0,1849.0,Audi,Turbo,<300hp
China,2022,3625.0,3190.0,Audi,Turbo,300-500hp
China,2022,1284.0,1103.0,Audi,Turbo,>500hp
China,2022,646.0,592.0,Audi,Naturally Aspirated,<300hp
China,2022,907.0,812.0,Audi,Naturally Aspirated,300-500hp
China,2022,3717.0,3215.0,Audi,Naturally Aspirated,>500hp
China,2022,882.0,824.0,Rolls-Royce,Turbo,<300hp
China,2022,3319.0,2829.0,Rolls-Royce,Turbo,300-500hp
China,2022,3190.0,2723.0,Rolls-Royce,Turbo,>500hp
China,2022,2771.0,2403.0,Rolls-Royce,Naturally Aspirated,<300hp
China,2022,948.0,916.0,Rolls-Royce,Naturally Aspirated,300-500hp
China,2022,1556.0,1403.0,Rolls-Royce,Naturally Aspirated,>500hp
China,2022,1290.0,1181.0,Lotus,Turbo,<300hp
China,2022,4002.0,,Lotus,Turbo,300-500hp
China,2022,3407.0,3026.0,Lotus,Turbo,>500hp
China,2022,2469.0,2276.0,Lotus,Naturally Aspirated,<300hp
China,2022,5294.0,4890.0,Lotus,Naturally Aspirated,300-500hp
China,2022,,1818.0,Lotus,Naturally Aspirated,>500hp
Sweden,2022,1860.0,1792.0,Maserati,Turbo,<300hp
Sweden,2022,3472.0,3225.0,Maserati,Turbo,300-500hp
Sweden,2022,796.0,738.0,Maserati,Turbo,>500hp
Sweden,2022,770.0,739.0,Maserati,Naturally Aspirated,<300hp
Sweden,2022,1335.0,1234.0,Maserati,Naturally Aspirated,300-500hp
Sweden,2022,1425.0,1301.0,Maserati,Naturally Aspirated,>500hp
Sweden,2022,1501.0,1389.0,Chevrolet,Turbo,<300hp
Sweden,2022,4255.0,3934.0,Chevrolet,Turbo,300-500hp
Sweden,2022,,4701.0,Chevrolet,Turbo,>500hp
Sweden,2022,2105.0,1886.0,Chevrolet,Naturally Aspirated,<300hp
Sweden,2022,2836.0,2466.0,Chevrolet,Naturally Aspirated,300-500hp
Sweden,2022,3060.0,2625.0,Chevrolet,Naturally Aspirated,>500hp
Sweden,2022,895.0,786.0,Lamborghini,Turbo,<300hp
Sweden,2022,7244.0,6997.0,Lamborghini,Turbo,300-500hp
Sweden,2022,823.0,787.0,Lamborghini,Turbo,>500hp
Sweden,2022,3188.0,2719.0,Lamborghini,Naturally Aspirated,<300hp
Sweden,2022,4970.0,4537.0,Lamborghini,Naturally Aspirated,300-500hp
Sweden,2022,3278.0,2865.0,Lamborghini,Naturally Aspirated,>500hp
Sweden,2022,1801.0,1743.0,Lotus,Turbo,<300hp
Sweden,2022,6806.0,5793.0,Lotus,Turbo,300-500hp
Sweden,2022,555.0,525.0,Lotus,Turbo,>500hp
Sweden,2022,1470.0,1348.0,Lotus,Naturally Aspirated,<300hp
Sweden,2022,4992.0,4755.0,Lotus,Naturally Aspirated,300-500hp
Sweden,2022,2887.0,2472.0,Lotus,Naturally Aspirated,>500hp
Spain,2022,1366.0,1172.0,Lamborghini,Turbo,<300hp
Spain,2022,7015.0,6577.0,Lamborghini,Turbo,300-500hp
Spain,2022,4607.0,3960.0,Lamborghini,Turbo,>500hp
Spain,2022,2715.0,2601.0,Lamborghini,Naturally Aspirated,<300hp
Spain,2022,7643.0,6504.0,Lamborghini,Naturally Aspirated,300-500hp
Spain,2022,5153.0,4534.0,Lamborghini,Naturally Aspirated,>500hp
Spain,2022,579.0,526.0,Ford,Turbo,<300hp
Spain,2022,1445.0,1352.0,Ford,Turbo,300-500hp
Spain,2022,3224.0,2813.0,Ford,Turbo,>500hp
Spain,2022,2945.0,2700.0,Ford,Naturally Aspirated,<300hp
Spain,2022,3531.0,3115.0,Ford,Naturally Aspirated,300-500hp
Spain,2022,3371.0,3261.0,Ford,Naturally Aspirated,>500hp
Spain,2022,3024.0,2773.0,Bentley,Turbo,<300hp
Spain,2022,5347.0,4699.0,Bentley,Turbo,300-500hp
Spain,2022,663.0,623.0,Bentley,Turbo,>500hp
Spain,2022,2398.0,2206.0,Bentley,Naturally Aspirated,<300hp
Spain,2022,2653.0,2337.0,Bentley,Naturally Aspirated,300-500hp
Spain,2022,1457.0,1302.0,Bentley,Naturally Aspirated,>500hp
Spain,2022,3123.0,2937.0,Honda,Turbo,<300hp
Spain,2022,1848.0,1705.0,Honda,Turbo,300-500hp
Spain,2022,1137.0,1045.0,Honda,Turbo,>500hp
Spain,2022,3139.0,2739.0,Honda,Naturally Aspirated,<300hp
Spain,2022,2576.0,2405.0,Honda,Naturally Aspirated,300-500hp
Spain,2022,1365.0,1267.0,Honda,Naturally Aspirated,>500hp
Australia,2022,827.0,711.0,Subaru,Turbo,<300hp
Australia,2022,8231.0,7428.0,Subaru,Turbo,300-500hp
Australia,2022,3242.0,2774.0,Subaru,Turbo,>500hp
Australia,2022,820.0,774.0,Subaru,Naturally Aspirated,<300hp
Australia,2022,3450.0,3005.0,Subaru,Naturally Aspirated,300-500hp
Australia,2022,4692.0,4260.0,Subaru,Naturally Aspirated,>500hp
Australia,2022,1126.0,993.0,Honda,Turbo,<300hp
Australia,2022,4630.0,4075.0,Honda,Turbo,300-500hp
Australia,2022,4205.0,3867.0,Honda,Turbo,>500hp
Australia,2022,,1880.0,Honda,Naturally Aspirated,<300hp
Australia,2022,4297.0,3761.0,Honda,Naturally Aspirated,300-500hp
Australia,2022,5148.0,4699.0,Honda,Naturally Aspirated,>500hp
Australia,2022,3616.0,3185.0,Mercedes-Benz,Turbo,<300hp
Australia,2022,8705.0,8216.0,Mercedes-Benz,Turbo,300-500hp
Australia,2022,4142.0,3952.0,Mercedes-Benz,Turbo,>500hp
Australia,2022,1288.0,1188.0,Mercedes-Benz,Naturally Aspirated,<300hp
Australia,2022,2359.0,2015.0,Mercedes-Benz,Naturally Aspirated,300-500hp
Australia,2022,3543.0,3237.0,Mercedes-Benz,Naturally Aspirated,>500hp
Australia,2022,3144.0,2895.0,Lamborghini,Turbo,<300hp
Australia,2022,8213.0,7696.0,Lamborghini,Turbo,300-500hp
Australia,2022,4122.0,3704.0,Lamborghini,Turbo,>500hp
Australia,2022,1228.0,1156.0,Lamborghini,Naturally Aspirated,<300hp
Australia,2022,1449.0,1261.0,Lamborghini,Naturally Aspirated,300-500hp
Australia,2022,3936.0,3379.0,Lamborghini,Naturally Aspirated,>500hp
Canada,2022,2363.0,2223.0,Maserati,Turbo,<300hp
Canada,2022,4437.0,4091.0,Maserati,Turbo,300-500hp
Canada,2022,6181.0,5917.0,Maserati,Turbo,>500hp
Canada,2022,2722.0,2476.0,Maserati,Naturally Aspirated,<300hp
Canada,2022,2133.0,2042.0,Maserati,Naturally Aspirated,300-500hp
Canada,2022,2688.0,2423.0,Maserati,Naturally Aspirated,>500hp
Canada,2022,3614.0,3261.0,Audi,Turbo,<300hp
Canada,2022,8101.0,7059.0,Audi,Turbo,300-500hp
Canada,2022,2019.0,1777.0,Audi,Turbo,>500hp
Canada,2022,2541.0,2201.0,Audi,Naturally Aspirated,<300hp
Canada,2022,3071.0,2821.0,Audi,Naturally Aspirated,300-500hp
Canada,2022,3886.0,3464.0,Audi,Naturally Aspirated,>500hp
Canada,2022,2172.0,2043.0,Jaguar,Turbo,<300hp
Canada,2022,2493.0,2237.0,Jaguar,Turbo,300-500hp
Canada,2022,2790.0,2415.0,Jaguar,Turbo,>500hp
Canada,2022,1099.0,1019.0,Jaguar,Naturally Aspirated,<300hp
Canada,2022,7472.0,6572.0,Jaguar,Naturally Aspirated,300-500hp
Canada,2022,674.0,640.0,Jaguar,Naturally Aspirated,>500hp
Canada,2022,652.0,621.0,Lamborghini,Turbo,<300hp
Canada,2022,8294.0,7301.0,Lamborghini,Turbo,300-500hp
Canada,2022,1187.0,1102.0,Lamborghini,Turbo,>500hp
Canada,2022,3278.0,3082.0,Lamborghini,Naturally Aspirated,<300hp
Canada,2022,3261.0,2892.0,Lamborghini,Naturally Aspirated,300-500hp
Canada,2022,3155.0,2939.0,Lamborghini,Naturally Aspirated,>500hp
Mexico,2022,4265.0,4006.0,Toyota,Turbo,<300hp
Mexico,2022,1661.0,1457.0,Toyota,Turbo,300-500hp
Mexico,2022,836.0,792.0,Toyota,Turbo,>500hp
Mexico,2022,4234.0,3875.0,Toyota,Naturally Aspirated,<300hp
Mexico,2022,4972.0,4765.0,Toyota,Naturally Aspirated,300-500hp
Mexico,2022,829.0,748.0,Toyota,Naturally Aspirated,>500hp
Mexico,2022,553.0,524.0,Porsche,Turbo,<300hp
Mexico,2022,1643.0,1399.0,Porsche,Turbo,300-500hp
Mexico,2022,1571.0,1352.0,Porsche,Turbo,>500hp
Mexico,2022,3069.0,2781.0,Porsche,Naturally Aspirated,<300hp
Mexico,2022,2641.0,2489.0,Porsche,Naturally Aspirated,300-500hp
Mexico,2022,1353.0,1284.0,Porsche,Naturally Aspirated,>500hp
Mexico,2022,3171.0,2922.0,Ford,Turbo,<300hp
Mexico,2022,5685.0,5062.0,Ford,Turbo,300-500hp
Mexico,2022,1998.0,1830.0,Ford,Turbo,>500hp
Mexico,2022,3559.0,3369.0,Ford,Naturally Aspirated,<300hp
Mexico,2022,3305.0,2813.0,Ford,Naturally Aspirated,300-500hp
Mexico,2022,3773.0,3363.0,Ford,Naturally Aspirated,>500hp
Mexico,2022,1859.0,1728.0,Chevrolet,Turbo,<300hp
Mexico,2022,8590.0,7484.0,Chevrolet,Turbo,300-500hp
Mexico,2022,4546.0,3994.0,Chevrolet,Turbo,>500hp
Mexico,2022,3214.0,2797.0,Chevrolet,Naturally Aspirated,<300hp
Mexico,2022,4097.0,3870.0,Chevrolet,Naturally Aspirated,300-500hp
Mexico,2022,4892.0,4659.0,Chevrolet,Naturally Aspirated,>500hp
Brazil,2022,4070.0,3739.0,Ford,Turbo,<300hp
Brazil,2022,8216.0,7442.0,Ford,Turbo,300-500hp
Brazil,2022,3407.0,3140.0,Ford,Turbo,>500hp
Brazil,2022,2954.0,2569.0,Ford,Naturally Aspirated,<300hp
Brazil,2022,10404.0,9522.0,Ford,Naturally Aspirated,300-500hp
Brazil,2022,2861.0,2766.0,Ford,Naturally Aspirated,>500hp
Brazil,2022,3006.0,2873.0,Aston Martin,Turbo,<300hp
Brazil,2022,4780.0,4227.0,Aston Martin,Turbo,300-500hp
Brazil,2022,5502.0,4785.0,Aston Martin,Turbo,>500hp
Brazil,2022,3205.0,3034.0,Aston Martin,Naturally Aspirated,<300hp
Brazil,2022,3546.0,3207.0,Aston Martin,Naturally Aspirated,300-500hp
Brazil,2022,2371.0,2054.0,Aston Martin,Naturally Aspirated,>500hp
Brazil,2022,3983.0,3649.0,Maserati,Turbo,<300hp
Brazil,2022,5036.0,4471.0,Maserati,Turbo,300-500hp
Brazil,2022,5400.0,5094.0,Maserati,Turbo,>500hp
Brazil,2022,4281.0,4075.0,Maserati,Naturally Aspirated,<300hp
Brazil,2022,6335.0,5696.0,Maserati,Naturally Aspirated,300-500hp
Brazil,2022,2604.0,2308.0,Maserati,Naturally Aspirated,>500hp
Brazil,2022,4484.0,3981.0,Chevrolet,Turbo,<300hp
Brazil,2022,2799.0,2475.0,Chevrolet,Turbo,300-500hp
Brazil,2022,4778.0,4633.0,Chevrolet,Turbo,>500hp
Brazil,2022,,2483.0,Chevrolet,Naturally Aspirated,<300hp
Brazil,2022,9690.0,8302.0,Chevrolet,Naturally Aspirated,300-500hp
Brazil,2022,6147.0,5688.0,Chevrolet,Naturally Aspirated,>500hp
India,2022,3717.0,3183.0,Aston Martin,Turbo,<300hp
India,2022,3206.0,3055.0,Aston Martin,Turbo,300-500hp
India,2022,2279.0,2069.0,Aston Martin,Turbo,>500hp
India,2022,3875.0,3727.0,Aston Martin,Naturally Aspirated,<300hp
India,2022,8886.0,7782.0,Aston Martin,Naturally Aspirated,300-500hp
India,2022,5696.0,4882.0,Aston Martin,Naturally Aspirated,>500hp
India,2022,1988.0,1740.0,Jaguar,Turbo,<300hp
India,2022,9897.0,9555.0,Jaguar,Turbo,300-500hp
India,2022,1666.0,1602.0,Jaguar,Turbo,>500hp
India,2022,3752.0,3596.0,Jaguar,Naturally Aspirated,<300hp
India,2022,8507.0,7629.0,Jaguar,Naturally Aspirated,300-500hp
India,2022,2558.0,2223.0,Jaguar,Naturally Aspirated,>500hp
India,2022,3700.0,3405.0,Chevrolet,Turbo,<300hp
India,2022,7824.0,7350.0,Chevrolet,Turbo,300-500hp
India,2022,3769.0,3614.0,Chevrolet,Turbo,>500hp
India,2022,4080.0,3671.0,Chevrolet,Naturally Aspirated,<300hp
India,2022,8401.0,7652.0,Chevrolet,Naturally Aspirated,300-500hp
India,2022,5010.0,4394.0,Chevrolet,Naturally Aspirated,>500hp
India,2022,2311.0,2071.0,Porsche,Turbo,<300hp
India,2022,6515.0,6148.0,Porsche,Turbo,300-500hp
India,2022,3634.0,3231.0,Porsche,Turbo,>500hp
India,2022,2276.0,2135.0,Porsche,Naturally Aspirated,<300hp
India,2022,8484.0,7851.0,Porsche,Naturally Aspirated,300-500hp
India,2022,3438.0,2951.0,Porsche,Naturally Aspirated,>500hp
Germany,2023,906.0,791.0,Lamborghini,Turbo,<300hp
Germany,2023,2164.0,1965.0,Lamborghini,Turbo,300-500hp
Germany,2023,,1251.0,Lamborghini,Turbo,>500hp
Germany,2023,548.0,479.0,Lamborghini,Naturally Aspirated,<300hp
Germany,2023,1762.0,1610.0,Lamborghini,Naturally Aspirated,300-500hp
Germany,2023,1958.0,1885.0,Lamborghini,Naturally Aspirated,>500hp
Germany,2023,692.0,605.0,Ford,Turbo,<300hp
Germany,2023,1777.0,1613.0,Ford,Turbo,300-500hp
Germany,2023,729.0,659.0,Ford,Turbo,>500hp
Germany,2023,441.0,400.0,Ford,Naturally Aspirated,<300hp
Germany,2023,2126.0,2012.0,Ford,Naturally Aspirated,300-500hp
Germany,2023,1881.0,1671.0,Ford,Naturally Aspirated,>500hp
Germany,2023,476.0,432.0,Rolls-Royce,Turbo,<300hp
Germany,2023,443.0,,Rolls-Royce,Turbo,300-500hp
Germany,2023,284.0,267.0,Rolls-Royce,Turbo,>500hp
Germany,2023,432.0,369.0,Rolls-Royce,Naturally Aspirated,<300hp
Germany,2023,2847.0,2693.0,Rolls-Royce,Naturally Aspirated,300-500hp
Germany,2023,1207.0,1095.0,Rolls-Royce,Naturally Aspirated,>500hp
Germany,2023,442.0,387.0,Aston Martin,Turbo,<300hp
Germany,2023,2513.0,2250.0,Aston Martin,Turbo,300-500hp
Germany,2023,569.0,509.0,Aston Martin,Turbo,>500hp
Germany,2023,1042.0,952.0,Aston Martin,Naturally Aspirated,<300hp
Germany,2023,808.0,726.0,Aston Martin,Naturally Aspirated,300-500hp
Germany,2023,1372.0,1308.0,Aston Martin,Naturally Aspirated,>500hp
Japan,2023,1096.0,938.0,Chevrolet,Turbo,<300hp
Japan,2023,2227.0,2097.0,Chevrolet,Turbo,300-500hp
Japan,2023,2092.0,1968.0,Chevrolet,Turbo,>500hp
Japan,2023,1295.0,1184.0,Chevrolet,Naturally Aspirated,<300hp
Japan,2023,2091.0,1850.0,Chevrolet,Naturally Aspirated,300-500hp
Japan,2023,1298.0,1124.0,Chevrolet,Naturally Aspirated,>500hp
Japan,2023,962.0,899.0,BMW,Turbo,<300hp
Japan,2023,2795.0,2382.0,BMW,Turbo,300-500hp
Japan,2023,1572.0,1425.0,BMW,Turbo,>500hp
Japan,2023,845.0,727.0,BMW,Naturally Aspirated,<300hp
Japan,2023,1558.0,1477.0,BMW,Naturally Aspirated,300-500hp
Japan,2023,1310.0,1223.0,BMW,Naturally Aspirated,>500hp
Japan,2023,318.0,290.0,Bentley,Turbo,<300hp
Japan,2023,1307.0,1262.0,Bentley,Turbo,300-500hp
Japan,2023,1877.0,1740.0,Bentley,Turbo,>500hp
Japan,2023,947.0,819.0,Bentley,Naturally Aspirated,<300hp
Japan,2023,1617.0,1549.0,Bentley,Naturally Aspirated,300-500hp
Japan,2023,1624.0,1461.0,Bentley,Naturally Aspirated,>500hp
Japan,2023,1377.0,1182.0,Audi,Turbo,<300hp
Japan,2023,2742.0,2542.0,Audi,Turbo,300-500hp
Japan,2023,1345.0,1231.0,Audi,Turbo,>500hp
Japan,2023,634.0,551.0,Audi,Naturally Aspirated,<300hp
Japan,2023,1605.0,1523.0,Audi,Naturally Aspirated,300-500hp
Japan,2023,2174.0,1882.0,Audi,Naturally Aspirated,>500hp
USA,2023,1155.0,1015.0,Subaru,Turbo,<300hp
USA,2023,4182.0,4020.0,Subaru,Turbo,300-500hp
USA,2023,1276.0,1146.0,Subaru,Turbo,>500hp
USA,2023,297.0,,Subaru,Naturally Aspirated,<300hp
USA,2023,3960.0,3756.0,Subaru,Naturally Aspirated,300-500hp
USA,2023,699.0,649.0,Subaru,Naturally Aspirated,>500hp
USA,2023,763.0,682.0,Audi,Turbo,<300hp
USA,2023,2242.0,2000.0,Audi,Turbo,300-500hp
USA,2023,1646.0,1467.0,Audi,Turbo,>500hp
USA,2023,944.0,802.0,Audi,Naturally Aspirated,<300hp
USA,2023,3983.0,3708.0,Audi,Naturally Aspirated,300-500hp
USA,2023,1231.0,1048.0,Audi,Naturally Aspirated,>500hp
USA,2023,1647.0,1455.0,Lamborghini,Turbo,<300hp
USA,2023,2719.0,2542.0,Lamborghini,Turbo,300-500hp
USA,2023,1881.0,1794.0,Lamborghini,Turbo,>500hp
USA,2023,181.0,155.0,Lamborghini,Naturally Aspirated,<300hp
USA,2023,3514.0,,Lamborghini,Naturally Aspirated,300-500hp
USA,2023,2258.0,2179.0,Lamborghini,Naturally Aspirated,>500hp
USA,2023,1408.0,1315.0,Porsche,Turbo,<300hp
USA,2023,955.0,820.0,Porsche,Turbo,300-500hp
USA,2023,1219.0,1126.0,Porsche,Turbo,>500hp
USA,2023,1418.0,1206.0,Porsche,Naturally Aspirated,<300hp
USA,2023,3571.0,3157.0,Porsche,Naturally Aspirated,300-500hp
USA,2023,2696.0,,Porsche,Naturally Aspirated,>500hp
Italy,2023,912.0,783.0,Chevrolet,Turbo,<300hp
Italy,2023,3124.0,2949.0,Chevrolet,Turbo,300-500hp
Italy,2023,1167.0,1010.0,Chevrolet,Turbo,>500hp
Italy,2023,968.0,919.0,Chevrolet,Naturally Aspirated,<300hp
Italy,2023,1098.0,,Chevrolet,Naturally Aspirated,300-500hp
Italy,2023,2740.0,2368.0,Chevrolet,Naturally Aspirated,>500hp
Italy,2023,323.0,292.0,Rolls-Royce,Turbo,<300hp
Italy,2023,743.0,667.0,Rolls-Royce,Turbo,300-500hp
Italy,2023,1261.0,1074.0,Rolls-Royce,Turbo,>500hp
Italy,2023,1430.0,1331.0,Rolls-Royce,Naturally Aspirated,<300hp
Italy,2023,4787.0,4433.0,Rolls-Royce,Naturally Aspirated,300-500hp
Italy,2023,2604.0,2224.0,Rolls-Royce,Naturally Aspirated,>500hp
Italy,2023,1832.0,1591.0,Lamborghini,Turbo,<300hp
Italy,2023,2855.0,2605.0,Lamborghini,Turbo,300-500hp
Italy,2023,2557.0,2306.0,Lamborghini,Turbo,>500hp
Italy,2023,577.0,495.0,Lamborghini,Naturally Aspirated,<300hp
Italy,2023,4877.0,,Lamborghini,Naturally Aspirated,300-500hp
Italy,2023,539.0,495.0,Lamborghini,Naturally Aspirated,>500hp
Italy,2023,1346.0,1234.0,Ford,Turbo,<300hp
Italy,2023,4349.0,3701.0,Ford,Turbo,300-500hp
Italy,2023,1125.0,1059.0,Ford,Turbo,>500hp
Italy,2023,524.0,475.0,Ford,Naturally Aspirated,<300hp
Italy,2023,1872.0,1598.0,Ford,Naturally Aspirated,300-500hp
Italy,2023,2064.0,1884.0,Ford,Naturally Aspirated,>500hp
UK,2023,1098.0,958.0,Audi,Turbo,<300hp
UK,2023,4355.0,3736.0,Audi,Turbo,300-500hp
UK,2023,2698.0,2508.0,Audi,Turbo,>500hp
UK,2023,1889.0,1825.0,Audi,Naturally Aspirated,<300hp
UK,2023,1874.0,1640.0,Audi,Naturally Aspirated,300-500hp
UK,2023,2704.0,2430.0,Audi,Naturally Aspirated,>500hp
UK,2023,1874.0,1628.0,Jaguar,Turbo,<300hp
UK,2023,5236.0,5021.0,Jaguar,Turbo,300-500hp
UK,2023,1690.0,1449.0,Jaguar,Turbo,>500hp
UK,2023,274.0,236.0,Jaguar,Naturally Aspirated,<300hp
UK,2023,678.0,586.0,Jaguar,Naturally Aspirated,300-500hp
UK,2023,3385.0,3234.0,Jaguar,Naturally Aspirated,>500hp
UK,2023,810.0,762.0,Chevrolet,Turbo,<300hp
UK,2023,866.0,765.0,Chevrolet,Turbo,300-500hp
UK,2023,2544.0,2392.0,Chevrolet,Turbo,>500hp
UK,2023,1533.0,1387.0,Chevrolet,Naturally Aspirated,<300hp
UK,2023,589.0,512.0,Chevrolet,Naturally Aspirated,300-500hp
UK,2023,1306.0,,Chevrolet,Naturally Aspirated,>500hp
UK,2023,401.0,370.0,Ford,Turbo,<300hp
UK,2023,1565.0,1353.0,Ford,Turbo,300-500hp
UK,2023,1991.0,1849.0,Ford,Turbo,>500hp
UK,2023,1550.0,1461.0,Ford,Naturally Aspirated,<300hp
UK,2023,757.0,647.0,Ford,Naturally Aspirated,300-500hp
UK,2023,3315.0,3104.0,Ford,Naturally Aspirated,>500hp
France,2023,385.0,340.0,Jaguar,Turbo,<300hp
France,2023,1701.0,1460.0,Jaguar,Turbo,300-500hp
France,2023,916.0,833.0,Jaguar,Turbo,>500hp
France,2023,2346.0,2194.0,Jaguar,Naturally Aspirated,<300hp
France,2023,2689.0,2487.0,Jaguar,Naturally Aspirated,300-500hp
France,2023,3548.0,3210.0,Jaguar,Naturally Aspirated,>500hp
France,2023,1235.0,1183.0,Subaru,Turbo,<300hp
France,2023,3547.0,3392.0,Subaru,Turbo,300-500hp
France,2023,1068.0,1011.0,Subaru,Turbo,>500hp
France,2023,,1194.0,Subaru,Naturally Aspirated,<300hp
France,2023,5304.0,5139.0,Subaru,Naturally Aspirated,300-500hp
France,2023,2428.0,2196.0,Subaru,Naturally Aspirated,>500hp
France,2023,739.0,648.0,Toyota,Turbo,<300hp
France,2023,4427.0,4177.0,Toyota,Turbo,300-500hp
France,2023,2390.0,2168.0,Toyota,Turbo,>500hp
France,2023,1912.0,1665.0,Toyota,Naturally Aspirated,<300hp
France,2023,,4151.0,Toyota,Naturally Aspirated,300-500hp
France,2023,1006.0,922.0,Toyota,Naturally Aspirated,>500hp
France,2023,1634.0,1537.0,Nissan,Turbo,<300hp
France,2023,6047.0,5267.0,Nissan,Turbo,300-500hp
France,2023,1138.0,1088.0,Nissan,Turbo,>500hp
France,2023,399.0,383.0,Nissan,Naturally Aspirated,<300hp
France,2023,5626.0,4873.0,Nissan,Naturally Aspirated,300-500hp
France,2023,1838.0,1768.0,Nissan,Naturally Aspirated,>500hp
South Korea,2023,472.0,441.0,Maserati,Turbo,<300hp
South Korea,2023,3844.0,3272.0,Maserati,Turbo,300-500hp
South Korea,2023,3322.0,3200.0,Maserati,Turbo,>500hp
South Korea,2023,2406.0,2171.0,Maserati,Naturally Aspirated,<300hp
South Korea,2023,1190.0,1149.0,Maserati,Naturally Aspirated,300-500hp
South Korea,2023,1440.0,1283.0,Maserati,Naturally Aspirated,>500hp
South Korea,2023,1581.0,1357.0,Nissan,Turbo,<300hp
South Korea,2023,5766.0,4932.0,Nissan,Turbo,300-500hp
South Korea,2023,3451.0,3073.0,Nissan,Turbo,>500hp
South Korea,2023,1496.0,1297.0,Nissan,Naturally Aspirated,<300hp
South Korea,2023,4729.0,4512.0,Nissan,Naturally Aspirated,300-500hp
South Korea,2023,864.0,812.0,Nissan,Naturally Aspirated,>500hp
South Korea,2023,1181.0,1114.0,Aston Martin,Turbo,<300hp
South Korea,2023,1549.0,1445.0,Aston Martin,Turbo,300-500hp
South Korea,2023,3013.0,2802.0,Aston Martin,Turbo,>500hp
South Korea,2023,2012.0,1839.0,Aston Martin,Naturally Aspirated,<300hp
South Korea,2023,2187.0,2072.0,Aston Martin,Naturally Aspirated,300-500hp
South Korea,2023,1542.0,1392.0,Aston Martin,Naturally Aspirated,>500hp
South Korea,2023,1378.0,1320.0,Jaguar,Turbo,<300hp
South Korea,2023,945.0,865.0,Jaguar,Turbo,300-500hp
South Korea,2023,3900.0,3774.0,Jaguar,Turbo,>500hp
South Korea,2023,424.0,407.0,Jaguar,Naturally Aspirated,<300hp
South Korea,2023,878.0,780.0,Jaguar,Naturally Aspirated,300-500hp
South Korea,2023,4573.0,4254.0,Jaguar,Naturally Aspirated,>500hp
China,2023,2821.0,2429.0,Audi,Turbo,<300hp
China,2023,1140.0,1104.0,Audi,Turbo,300-500hp
China,2023,540.0,462.0,Audi,Turbo,>500hp
China,2023,603.0,522.0,Audi,Naturally Aspirated,<300hp
China,2023,2927.0,2673.0,Audi,Naturally Aspirated,300-500hp
China,2023,2345.0,2135.0,Audi,Naturally Aspirated,>500hp
China,2023,2451.0,2362.0,Toyota,Turbo,<300hp
China,2023,7017.0,6673.0,Toyota,Turbo,300-500hp
China,2023,2264.0,1945.0,Toyota,Turbo,>500hp
China,2023,2099.0,1946.0,Toyota,Naturally Aspirated,<300hp
China,2023,1492.0,1443.0,Toyota,Naturally Aspirated,300-500hp
China,2023,2611.0,2424.0,Toyota,Naturally Aspirated,>500hp
China,2023,1860.0,1796.0,BMW,Turbo,<300hp
China,2023,6656.0,5760.0,BMW,Turbo,300-500hp
China,2023,1900.0,1677.0,BMW,Turbo,>500hp
China,2023,2738.0,2547.0,BMW,Naturally Aspirated,<300hp
China,2023,5224.0,4601.0,BMW,Naturally Aspirated,300-500hp
China,2023,,1266.0,BMW,Naturally Aspirated,>500hp
China,2023,342.0,308.0,Aston Martin,Turbo,<300hp
China,2023,1125.0,956.0,Aston Martin,Turbo,300-500hp
China,2023,1298.0,1257.0,Aston Martin,Turbo,>500hp
China,2023,1836.0,1694.0,Aston Martin,Naturally Aspirated,<300hp
China,2023,2395.0,2127.0,Aston Martin,Naturally Aspirated,300-500hp
China,2023,1219.0,1072.0,Aston Martin,Naturally Aspirated,>500hp
Sweden,2023,2414.0,2108.0,BMW,Turbo,<300hp
Sweden,2023,7719.0,7032.0,BMW,Turbo,300-500hp
Sweden,2023,4942.0,4612.0,BMW,Turbo,>500hp
Sweden,2023,602.0,542.0,BMW,Naturally Aspirated,<300hp
Sweden,2023,7068.0,6393.0,BMW,Naturally Aspirated,300-500hp
Sweden,2023,5151.0,4815.0,BMW,Naturally Aspirated,>500hp
Sweden,2023,1819.0,1667.0,Porsche,Turbo,<300hp
Sweden,2023,3522.0,2999.0,Porsche,Turbo,300-500hp
Sweden,2023,2032.0,1859.0,Porsche,Turbo,>500hp
Sweden,2023,2370.0,2036.0,Porsche,Naturally Aspirated,<300hp
Sweden,2023,7776.0,7528.0,Porsche,Naturally Aspirated,300-500hp
Sweden,2023,3533.0,3306.0,Porsche,Naturally Aspirated,>500hp
Sweden,2023,1996.0,1906.0,Aston Martin,Turbo,<300hp
Sweden,2023,1913.0,1730.0,Aston Martin,Turbo,300-500hp
Sweden,2023,4371.0,4160.0,Aston Martin,Turbo,>500hp
Sweden,2023,1154.0,1002.0,Aston Martin,Naturally Aspirated,<300hp
Sweden,2023,,1370.0,Aston Martin,Naturally Aspirated,300-500hp
Sweden,2023,1542.0,1439.0,Aston Martin,Naturally Aspirated,>500hp
Sweden,2023,,1761.0,Mercedes-Benz,Turbo,<300hp
Sweden,2023,,4818.0,Mercedes-Benz,Turbo,300-500hp
Sweden,2023,2567.0,2262.0,Mercedes-Benz,Turbo,>500hp
Sweden,2023,2898.0,2603.0,Mercedes-Benz,Naturally Aspirated,<300hp
Sweden,2023,2948.0,2747.0,Mercedes-Benz,Naturally Aspirated,300-500hp
Sweden,2023,3855.0,3476.0,Mercedes-Benz,Naturally Aspirated,>500hp
Spain,2023,3238.0,2869.0,Toyota,Turbo,<300hp
Spain,2023,5586.0,4849.0,Toyota,Turbo,300-500hp
Spain,2023,1257.0,1129.0,Toyota,Turbo,>500hp
Spain,2023,1080.0,993.0,Toyota,Naturally Aspirated,<300hp
Spain,2023,2988.0,2717.0,Toyota,Naturally Aspirated,300-500hp
Spain,2023,5680.0,4947.0,Toyota,Naturally Aspirated,>500hp
Spain,2023,853.0,734.0,Lamborghini,Turbo,<300hp
Spain,2023,8689.0,7756.0,Lamborghini,Turbo,300-500hp
Spain,2023,3310.0,3141.0,Lamborghini,Turbo,>500hp
Spain,2023,406.0,371.0,Lamborghini,Naturally Aspirated,<300hp
Spain,2023,8004.0,7090.0,Lamborghini,Naturally Aspirated,300-500hp
Spain,2023,2536.0,2181.0,Lamborghini,Naturally Aspirated,>500hp
Spain,2023,942.0,870.0,Porsche,Turbo,<300hp
Spain,2023,6238.0,5818.0,Porsche,Turbo,300-500hp
Spain,2023,1858.0,1702.0,Porsche,Turbo,>500hp
Spain,2023,1834.0,1571.0,Porsche,Naturally Aspirated,<300hp
Spain,2023,2658.0,2471.0,Porsche,Naturally Aspirated,300-500hp
Spain,2023,3159.0,2859.0,Porsche,Naturally Aspirated,>500hp
Spain,2023,738.0,665.0,Lotus,Turbo,<300hp
Spain,2023,5382.0,5119.0,Lotus,Turbo,300-500hp
Spain,2023,3344.0,2844.0,Lotus,Turbo,>500hp
Spain,2023,3530.0,3386.0,Lotus,Naturally Aspirated,<300hp
Spain,2023,4217.0,3622.0,Lotus,Naturally Aspirated,300-500hp
Spain,2023,2661.0,2567.0,Lotus,Naturally Aspirated,>500hp
Australia,2023,2447.0,2373.0,Subaru,Turbo,<300hp
Australia,2023,7647.0,7381.0,Subaru,Turbo,300-500hp
Australia,2023,5165.0,4549.0,Subaru,Turbo,>500hp
Australia,2023,3579.0,3405.0,Subaru,Naturally Aspirated,<300hp
Australia,2023,9015.0,8265.0,Subaru,Naturally Aspirated,300-500hp
Australia,2023,2433.0,2258.0,Subaru,Naturally Aspirated,>500hp
Australia,2023,2708.0,2528.0,Maserati,Turbo,<300hp
Australia,2023,8073.0,7654.0,Maserati,Turbo,300-500hp
Australia,2023,5929.0,5053.0,Maserati,Turbo,>500hp
Australia,2023,1081.0,983.0,Maserati,Naturally Aspirated,<300hp
Australia,2023,1847.0,1572.0,Maserati,Naturally Aspirated,300-500hp
Australia,2023,2539.0,2160.0,Maserati,Naturally Aspirated,>500hp
Australia,2023,3384.0,3015.0,Jaguar,Turbo,<300hp
Australia,2023,8562.0,8023.0,Jaguar,Turbo,300-500hp
Australia,2023,1392.0,1302.0,Jaguar,Turbo,>500hp
Australia,2023,1927.0,1794.0,Jaguar,Naturally Aspirated,<300hp
Australia,2023,1076.0,1028.0,Jaguar,Naturally Aspirated,300-500hp
Australia,2023,4943.0,4266.0,Jaguar,Naturally Aspirated,>500hp
Australia,2023,768.0,716.0,Lamborghini,Turbo,<300hp
Australia,2023,8532.0,7469.0,Lamborghini,Turbo,300-500hp
Australia,2023,1615.0,1470.0,Lamborghini,Turbo,>500hp
Australia,2023,2380.0,2138.0,Lamborghini,Naturally Aspirated,<300hp
Australia,2023,8992.0,8541.0,Lamborghini,Naturally Aspirated,300-500hp
Australia,2023,2542.0,2229.0,Lamborghini,Naturally Aspirated,>500hp
Canada,2023,3903.0,3668.0,Subaru,Turbo,<300hp
Canada,2023,6889.0,5902.0,Subaru,Turbo,300-500hp
Canada,2023,2360.0,2149.0,Subaru,Turbo,>500hp
Canada,2023,1008.0,972.0,Subaru,Naturally Aspirated,<300hp
Canada,2023,8795.0,7850.0,Subaru,Naturally Aspirated,300-500hp
Canada,2023,1201.0,1125.0,Subaru,Naturally Aspirated,>500hp
Canada,2023,3413.0,3163.0,Jaguar,Turbo,<300hp
Canada,2023,2460.0,2171.0,Jaguar,Turbo,300-500hp
Canada,2023,1240.0,1127.0,Jaguar,Turbo,>500hp
Canada,2023,3965.0,3745.0,Jaguar,Naturally Aspirated,<300hp
Canada,2023,6131.0,5819.0,Jaguar,Naturally Aspirated,300-500hp
Canada,2023,4804.0,4310.0,Jaguar,Naturally Aspirated,>500hp
Canada,2023,1264.0,1083.0,Audi,Turbo,<300hp
Canada,2023,4622.0,4160.0,Audi,Turbo,300-500hp
Canada,2023,5851.0,5090.0,Audi,Turbo,>500hp
Canada,2023,2434.0,2202.0,Audi,Naturally Aspirated,<300hp
Canada,2023,9525.0,8384.0,Audi,Naturally Aspirated,300-500hp
Canada,2023,3927.0,3622.0,Audi,Naturally Aspirated,>500hp
Canada,2023,2231.0,2149.0,Nissan,Turbo,<300hp
Canada,2023,3001.0,2777.0,Nissan,Turbo,300-500hp
Canada,2023,4121.0,,Nissan,Turbo,>500hp
Canada,2023,4040.0,3546.0,Nissan,Naturally Aspirated,<300hp
Canada,2023,4398.0,4166.0,Nissan,Naturally Aspirated,300-500hp
Canada,2023,4990.0,4638.0,Nissan,Naturally Aspirated,>500hp
Mexico,2023,3230.0,2861.0,Aston Martin,Turbo,<300hp
Mexico,2023,6206.0,5400.0,Aston Martin,Turbo,300-500hp
Mexico,2023,6394.0,5983.0,Aston Martin,Turbo,>500hp
Mexico,2023,3274.0,3060.0,Aston Martin,Naturally Aspirated,<300hp
Mexico,2023,9434.0,8465.0,Aston Martin,Naturally Aspirated,300-500hp
Mexico,2023,5536.0,5154.0,Aston Martin,Naturally Aspirated,>500hp
Mexico,2023,4390.0,3989.0,Bentley,Turbo,<300hp
Mexico,2023,9490.0,8541.0,Bentley,Turbo,300-500hp
Mexico,2023,3517.0,3337.0,Bentley,Turbo,>500hp
Mexico,2023,4328.0,3778.0,Bentley,Naturally Aspirated,<300hp
Mexico,2023,6632.0,6214.0,Bentley,Naturally Aspirated,300-500hp
Mexico,2023,1922.0,1862.0,Bentley,Naturally Aspirated,>500hp
Mexico,2023,3622.0,3241.0,Ferrari,Turbo,<300hp
Mexico,2023,5500.0,5333.0,Ferrari,Turbo,300-500hp
Mexico,2023,3201.0,2977.0,Ferrari,Turbo,>500hp
Mexico,2023,3525.0,3328.0,Ferrari,Naturally Aspirated,<300hp
Mexico,2023,3613.0,3435.0,Ferrari,Naturally Aspirated,300-500hp
Mexico,2023,5767.0,5048.0,Ferrari,Naturally Aspirated,>500hp
Mexico,2023,2691.0,2345.0,Audi,Turbo,<300hp
Mexico,2023,8076.0,7249.0,Audi,Turbo,300-500hp
Mexico,2023,6469.0,5846.0,Audi,Turbo,>500hp
Mexico,2023,2427.0,2077.0,Audi,Naturally Aspirated,<300hp
Mexico,2023,9334.0,9021.0,Audi,Naturally Aspirated,300-500hp
Mexico,2023,5541.0,5282.0,Audi,Naturally Aspirated,>500hp
Brazil,2023,3581.0,3303.0,Bentley,Turbo,<300hp
Brazil,2023,6366.0,6088.0,Bentley,Turbo,300-500hp
Brazil,2023,3332.0,3185.0,Bentley,Turbo,>500hp
Brazil,2023,1433.0,1274.0,Bentley,Naturally Aspirated,<300hp
Brazil,2023,6392.0,5531.0,Bentley,Naturally Aspirated,300-500hp
Brazil,2023,3197.0,3060.0,Bentley,Naturally Aspirated,>500hp
Brazil,2023,4166.0,3564.0,Jaguar,Turbo,<300hp
Brazil,2023,2741.0,2416.0,Jaguar,Turbo,300-500hp
Brazil,2023,7518.0,7072.0,Jaguar,Turbo,>500hp
Brazil,2023,4111.0,3553.0,Jaguar,Naturally Aspirated,<300hp
Brazil,2023,5673.0,5224.0,Jaguar,Naturally Aspirated,300-500hp
Brazil,2023,5738.0,4978.0,Jaguar,Naturally Aspirated,>500hp
Brazil,2023,3579.0,3391.0,Nissan,Turbo,<300hp
Brazil,2023,3632.0,3439.0,Nissan,Turbo,300-500hp
Brazil,2023,6659.0,6232.0,Nissan,Turbo,>500hp
Brazil,2023,2527.0,2292.0,Nissan,Naturally Aspirated,<300hp
Brazil,2023,1728.0,1476.0,Nissan,Naturally Aspirated,300-500hp
Brazil,2023,5012.0,4766.0,Nissan,Naturally Aspirated,>500hp
Brazil,2023,3666.0,3238.0,Rolls-Royce,Turbo,<300hp
Brazil,2023,8676.0,8130.0,Rolls-Royce,Turbo,300-500hp
Brazil,2023,1170.0,1116.0,Rolls-Royce,Turbo,>500hp
Brazil,2023,3489.0,3038.0,Rolls-Royce,Naturally Aspirated,<300hp
Brazil,2023,5955.0,5692.0,Rolls-Royce,Naturally Aspirated,300-500hp
Brazil,2023,1085.0,989.0,Rolls-Royce,Naturally Aspirated,>500hp
India,2023,1364.0,1281.0,Lotus,Turbo,<300hp
India,2023,7388.0,6830.0,Lotus,Turbo,300-500hp
India,2023,3771.0,3584.0,Lotus,Turbo,>500hp
India,2023,838.0,786.0,Lotus,Naturally Aspirated,<300hp
India,2023,11781.0,10852.0,Lotus,Naturally Aspirated,300-500hp
India,2023,,6632.0,Lotus,Naturally Aspirated,>500hp
India,2023,1909.0,1780.0,Nissan,Turbo,<300hp
India,2023,9065.0,7993.0,Nissan,Turbo,300-500hp
India,2023,2589.0,2510.0,Nissan,Turbo,>500hp
India,2023,3066.0,2618.0,Nissan,Naturally Aspirated,<300hp
India,2023,10121.0,9034.0,Nissan,Naturally Aspirated,300-500hp
India,2023,6509.0,6154.0,Nissan,Naturally Aspirated,>500hp
India,2023,2918.0,2674.0,Mercedes-Benz,Turbo,<300hp
India,2023,4856.0,4440.0,Mercedes-Benz,Turbo,300-500hp
India,2023,7796.0,6712.0,Mercedes-Benz,Turbo,>500hp
India,2023,1618.0,1446.0,Mercedes-Benz,Naturally Aspirated,<300hp
India,2023,4463.0,3943.0,Mercedes-Benz,Naturally Aspirated,300-500hp
India,2023,1817.0,1556.0,Mercedes-Benz,Naturally Aspirated,>500hp
India,2023,3893.0,3413.0,Jaguar,Turbo,<300hp
India,2023,10368.0,10038.0,Jaguar,Turbo,300-500hp
India,2023,2959.0,2659.0,Jaguar,Turbo,>500hp
India,2023,3910.0,3374.0,Jaguar,Naturally Aspirated,<300hp
India,2023,10803.0,10353.0,Jaguar,Naturally Aspirated,300-500hp
India,2023,3354.0,2889.0,Jaguar,Naturally Aspirated,>500hp
Germany,2024,411.0,353.0,Lotus,Turbo,<300hp
Germany,2024,2511.0,2174.0,Lotus,Turbo,300-500hp
Germany,2024,1988.0,1761.0,Lotus,Turbo,>500hp
Germany,2024,863.0,772.0,Lotus,Naturally Aspirated,<300hp
Germany,2024,1221.0,1062.0,Lotus,Naturally Aspirated,300-500hp
Germany,2024,706.0,625.0,Lotus,Naturally Aspirated,>500hp
Germany,2024,237.0,205.0,Honda,Turbo,<300hp
Germany,2024,2672.0,2556.0,Honda,Turbo,300-500hp
Germany,2024,800.0,734.0,Honda,Turbo,>500hp
Germany,2024,702.0,618.0,Honda,Naturally Aspirated,<300hp
Germany,2024,1152.0,1006.0,Honda,Naturally Aspirated,300-500hp
Germany,2024,423.0,363.0,Honda,Naturally Aspirated,>500hp
Germany,2024,462.0,414.0,Jaguar,Turbo,<300hp
Germany,2024,425.0,405.0,Jaguar,Turbo,300-500hp
Germany,2024,1344.0,1243.0,Jaguar,Turbo,>500hp
Germany,2024,1035.0,960.0,Jaguar,Naturally Aspirated,<300hp
Germany,2024,2899.0,2639.0,Jaguar,Naturally Aspirated,300-500hp
Germany,2024,1274.0,1214.0,Jaguar,Naturally Aspirated,>500hp
Germany,2024,334.0,296.0,Toyota,Turbo,<300hp
Germany,2024,780.0,684.0,Toyota,Turbo,300-500hp
Germany,2024,1768.0,1575.0,Toyota,Turbo,>500hp
Germany,2024,305.0,,Toyota,Naturally Aspirated,<300hp
Germany,2024,666.0,616.0,Toyota,Naturally Aspirated,300-500hp
Germany,2024,300.0,286.0,Toyota,Naturally Aspirated,>500hp
Japan,2024,577.0,504.0,Bentley,Turbo,<300hp
Japan,2024,430.0,409.0,Bentley,Turbo,300-500hp
Japan,2024,1985.0,1731.0,Bentley,Turbo,>500hp
Japan,2024,309.0,264.0,Bentley,Naturally Aspirated,<300hp
Japan,2024,3024.0,2813.0,Bentley,Naturally Aspirated,300-500hp
Japan,2024,856.0,739.0,Bentley,Naturally Aspirated,>500hp
Japan,2024,754.0,730.0,Subaru,Turbo,<300hp
Japan,2024,981.0,893.0,Subaru,Turbo,300-500hp
Japan,2024,329.0,280.0,Subaru,Turbo,>500hp
Japan,2024,1244.0,1119.0,Subaru,Naturally Aspirated,<300hp
Japan,2024,1456.0,1312.0,Subaru,Naturally Aspirated,300-500hp
Japan,2024,2088.0,1865.0,Subaru,Naturally Aspirated,>500hp
Japan,2024,440.0,423.0,Toyota,Turbo,<300hp
Japan,2024,1330.0,1220.0,Toyota,Turbo,300-500hp
Japan,2024,1268.0,1222.0,Toyota,Turbo,>500hp
Japan,2024,694.0,649.0,Toyota,Naturally Aspirated,<300hp
Japan,2024,805.0,727.0,Toyota,Naturally Aspirated,300-500hp
Japan,2024,1203.0,1156.0,Toyota,Naturally Aspirated,>500hp
Japan,2024,887.0,789.0,Mercedes-Benz,Turbo,<300hp
Japan,2024,2794.0,2506.0,Mercedes-Benz,Turbo,300-500hp
Japan,2024,2019.0,1764.0,Mercedes-Benz,Turbo,>500hp
Japan,2024,516.0,488.0,Mercedes-Benz,Naturally Aspirated,<300hp
Japan,2024,1278.0,1167.0,Mercedes-Benz,Naturally Aspirated,300-500hp
Japan,2024,2318.0,2028.0,Mercedes-Benz,Naturally Aspirated,>500hp
USA,2024,1318.0,1222.0,Porsche,Turbo,<300hp
USA,2024,2169.0,2049.0,Porsche,Turbo,300-500hp
USA,2024,2269.0,1965.0,Porsche,Turbo,>500hp
USA,2024,273.0,245.0,Porsche,Naturally Aspirated,<300hp
USA,2024,3033.0,2818.0,Porsche,Naturally Aspirated,300-500hp
USA,2024,1811.0,1582.0,Porsche,Naturally Aspirated,>500hp
USA,2024,517.0,457.0,Aston Martin,Turbo,<300hp
USA,2024,1113.0,947.0,Aston Martin,Turbo,300-500hp
USA,2024,552.0,495.0,Aston Martin,Turbo,>500hp
USA,2024,458.0,442.0,Aston Martin,Naturally Aspirated,<300hp
USA,2024,4290.0,3867.0,Aston Martin,Naturally Aspirated,300-500hp
USA,2024,796.0,710.0,Aston Martin,Naturally Aspirated,>500hp
USA,2024,236.0,217.0,BMW,Turbo,<300hp
USA,2024,2717.0,2553.0,BMW,Turbo,300-500hp
USA,2024,2305.0,2205.0,BMW,Turbo,>500hp
USA,2024,1086.0,973.0,BMW,Naturally Aspirated,<300hp
USA,2024,2271.0,1942.0,BMW,Naturally Aspirated,300-500hp
USA,2024,2838.0,2666.0,BMW,Naturally Aspirated,>500hp
USA,2024,1337.0,1218.0,Lamborghini,Turbo,<300hp
USA,2024,2763.0,2512.0,Lamborghini,Turbo,300-500hp
USA,2024,2073.0,1814.0,Lamborghini,Turbo,>500hp
USA,2024,1179.0,1135.0,Lamborghini,Naturally Aspirated,<300hp
USA,2024,4255.0,3842.0,Lamborghini,Naturally Aspirated,300-500hp
USA,2024,1844.0,1755.0,Lamborghini,Naturally Aspirated,>500hp
Italy,2024,830.0,786.0,Mercedes-Benz,Turbo,<300hp
Italy,2024,827.0,782.0,Mercedes-Benz,Turbo,300-500hp
Italy,2024,2482.0,2327.0,Mercedes-Benz,Turbo,>500hp
Italy,2024,881.0,754.0,Mercedes-Benz,Naturally Aspirated,<300hp
Italy,2024,1250.0,1164.0,Mercedes-Benz,Naturally Aspirated,300-500hp
Italy,2024,504.0,467.0,Mercedes-Benz,Naturally Aspirated,>500hp
Italy,2024,861.0,776.0,Rolls-Royce,Turbo,<300hp
Italy,2024,1933.0,1684.0,Rolls-Royce,Turbo,300-500hp
Italy,2024,973.0,863.0,Rolls-Royce,Turbo,>500hp
Italy,2024,249.0,219.0,Rolls-Royce,Naturally Aspirated,<300hp
Italy,2024,3290.0,2838.0,Rolls-Royce,Naturally Aspirated,300-500hp
Italy,2024,864.0,814.0,Rolls-Royce,Naturally Aspirated,>500hp
Italy,2024,1742.0,1500.0,Ford,Turbo,<300hp
Italy,2024,2057.0,1895.0,Ford,Turbo,300-500hp
Italy,2024,963.0,869.0,Ford,Turbo,>500hp
Italy,2024,2030.0,1811.0,Ford,Naturally Aspirated,<300hp
Italy,2024,974.0,869.0,Ford,Naturally Aspirated,300-500hp
Italy,2024,662.0,566.0,Ford,Naturally Aspirated,>500hp
Italy,2024,1198.0,1110.0,Nissan,Turbo,<300hp
Italy,2024,3793.0,3319.0,Nissan,Turbo,300-500hp
Italy,2024,971.0,869.0,Nissan,Turbo,>500hp
Italy,2024,2043.0,1979.0,Nissan,Naturally Aspirated,<300hp
Italy,2024,1987.0,1755.0,Nissan,Naturally Aspirated,300-500hp
Italy,2024,2217.0,1930.0,Nissan,Naturally Aspirated,>500hp
UK,2024,2304.0,1965.0,Jaguar,Turbo,<300hp
UK,2024,4809.0,4330.0,Jaguar,Turbo,300-500hp
UK,2024,1706.0,1498.0,Jaguar,Turbo,>500hp
UK,2024,1796.0,1582.0,Jaguar,Naturally Aspirated,<300hp
UK,2024,5677.0,5442.0,Jaguar,Naturally Aspirated,300-500hp
UK,2024,3816.0,3662.0,Jaguar,Naturally Aspirated,>500hp
UK,2024,516.0,495.0,Subaru,Turbo,<300hp
UK,2024,931.0,873.0,Subaru,Turbo,300-500hp
UK,2024,1529.0,1336.0,Subaru,Turbo,>500hp
UK,2024,1348.0,1267.0,Subaru,Naturally Aspirated,<300hp
UK,2024,592.0,525.0,Subaru,Naturally Aspirated,300-500hp
UK,2024,3832.0,3616.0,Subaru,Naturally Aspirated,>500hp
UK,2024,2159.0,1952.0,BMW,Turbo,<300hp
UK,2024,2090.0,1986.0,BMW,Turbo,300-500hp
UK,2024,820.0,764.0,BMW,Turbo,>500hp
UK,2024,565.0,498.0,BMW,Naturally Aspirated,<300hp
UK,2024,4777.0,4381.0,BMW,Naturally Aspirated,300-500hp
UK,2024,2361.0,2184.0,BMW,Naturally Aspirated,>500hp
UK,2024,954.0,863.0,Toyota,Turbo,<300hp
UK,2024,4721.0,4402.0,Toyota,Turbo,300-500hp
UK,2024,601.0,577.0,Toyota,Turbo,>500hp
UK,2024,863.0,775.0,Toyota,Naturally Aspirated,<300hp
UK,2024,5285.0,4972.0,Toyota,Naturally Aspirated,300-500hp
UK,2024,1108.0,949.0,Toyota,Naturally Aspirated,>500hp
France,2024,1818.0,1728.0,Lotus,Turbo,<300hp
France,2024,3522.0,3242.0,Lotus,Turbo,300-500hp
France,2024,1641.0,1440.0,Lotus,Turbo,>500hp
France,2024,1851.0,1623.0,Lotus,Naturally Aspirated,<300hp
France,2024,5813.0,5389.0,Lotus,Naturally Aspirated,300-500hp
France,2024,847.0,800.0,Lotus,Naturally Aspirated,>500hp
France,2024,540.0,509.0,Ferrari,Turbo,<300hp
France,2024,4535.0,4384.0,Ferrari,Turbo,300-500hp
France,2024,1098.0,938.0,Ferrari,Turbo,>500hp
France,2024,1256.0,1083.0,Ferrari,Naturally Aspirated,<300hp
France,2024,6087.0,5762.0,Ferrari,Naturally Aspirated,300-500hp
France,2024,3624.0,3140.0,Ferrari,Naturally Aspirated,>500hp
France,2024,686.0,592.0,Aston Martin,Turbo,<300hp
France,2024,2032.0,1949.0,Aston Martin,Turbo,300-500hp
France,2024,3848.0,3628.0,Aston Martin,Turbo,>500hp
France,2024,1066.0,949.0,Aston Martin,Naturally Aspirated,<300hp
France,2024,2247.0,2083.0,Aston Martin,Naturally Aspirated,300-500hp
France,2024,4079.0,3737.0,Aston Martin,Naturally Aspirated,>500hp
France,2024,,1868.0,Rolls-Royce,Turbo,<300hp
France,2024,6235.0,5426.0,Rolls-Royce,Turbo,300-500hp
France,2024,3088.0,2681.0,Rolls-Royce,Turbo,>500hp
France,2024,2186.0,1920.0,Rolls-Royce,Naturally Aspirated,<300hp
France,2024,4019.0,3632.0,Rolls-Royce,Naturally Aspirated,300-500hp
France,2024,3857.0,3480.0,Rolls-Royce,Naturally Aspirated,>500hp
South Korea,2024,1851.0,1746.0,Ferrari,Turbo,<300hp
South Korea,2024,7060.0,6757.0,Ferrari,Turbo,300-500hp
South Korea,2024,4214.0,3916.0,Ferrari,Turbo,>500hp
South Korea,2024,2824.0,2541.0,Ferrari,Naturally Aspirated,<300hp
South Korea,2024,5630.0,4820.0,Ferrari,Naturally Aspirated,300-500hp
South Korea,2024,1532.0,1346.0,Ferrari,Naturally Aspirated,>500hp
South Korea,2024,2196.0,1983.0,Audi,Turbo,<300hp
South Korea,2024,2519.0,2436.0,Audi,Turbo,300-500hp
South Korea,2024,3405.0,3267.0,Audi,Turbo,>500hp
South Korea,2024,344.0,300.0,Audi,Naturally Aspirated,<300hp
South Korea,2024,7005.0,6049.0,Audi,Naturally Aspirated,300-500hp
South Korea,2024,1270.0,1203.0,Audi,Naturally Aspirated,>500hp
South Korea,2024,500.0,448.0,Ford,Turbo,<300hp
South Korea,2024,6003.0,5790.0,Ford,Turbo,300-500hp
South Korea,2024,2110.0,1946.0,Ford,Turbo,>500hp
South Korea,2024,2954.0,2686.0,Ford,Naturally Aspirated,<300hp
South Korea,2024,4884.0,4518.0,Ford,Naturally Aspirated,300-500hp
South Korea,2024,3241.0,2949.0,Ford,Naturally Aspirated,>500hp
South Korea,2024,1851.0,1748.0,Bentley,Turbo,<300hp
South Korea,2024,1392.0,1263.0,Bentley,Turbo,300-500hp
South Korea,2024,4444.0,4172.0,Bentley,Turbo,>500hp
South Korea,2024,543.0,472.0,Bentley,Naturally Aspirated,<300hp
South Korea,2024,5747.0,5318.0,Bentley,Naturally Aspirated,300-500hp
South Korea,2024,4737.0,4187.0,Bentley,Naturally Aspirated,>500hp
China,2024,3090.0,2826.0,Rolls-Royce,Turbo,<300hp
China,2024,3417.0,3192.0,Rolls-Royce,Turbo,300-500hp
China,2024,3010.0,2571.0,Rolls-Royce,Turbo,>500hp
China,2024,1078.0,1007.0,Rolls-Royce,Naturally Aspirated,<300hp
China,2024,2990.0,2632.0,Rolls-Royce,Naturally Aspirated,300-500hp
China,2024,3550.0,3303.0,Rolls-Royce,Naturally Aspirated,>500hp
China,2024,1766.0,1522.0,Chevrolet,Turbo,<300hp
China,2024,6536.0,5638.0,Chevrolet,Turbo,300-500hp
China,2024,3416.0,3108.0,Chevrolet,Turbo,>500hp
China,2024,1618.0,1399.0,Chevrolet,Naturally Aspirated,<300hp
China,2024,2989.0,2821.0,Chevrolet,Naturally Aspirated,300-500hp
China,2024,5038.0,,Chevrolet,Naturally Aspirated,>500hp
China,2024,2417.0,2263.0,BMW,Turbo,<300hp
China,2024,2761.0,2467.0,BMW,Turbo,300-500hp
China,2024,3597.0,3353.0,BMW,Turbo,>500hp
China,2024,1909.0,1667.0,BMW,Naturally Aspirated,<300hp
China,2024,6505.0,6155.0,BMW,Naturally Aspirated,300-500hp
China,2024,3066.0,2694.0,BMW,Naturally Aspirated,>500hp
China,2024,2770.0,2566.0,Ford,Turbo,<300hp
China,2024,2422.0,2116.0,Ford,Turbo,300-500hp
China,2024,3204.0,2738.0,Ford,Turbo,>500hp
China,2024,2818.0,2447.0,Ford,Naturally Aspirated,<300hp
China,2024,2557.0,2479.0,Ford,Naturally Aspirated,300-500hp
China,2024,1889.0,1639.0,Ford,Naturally Aspirated,>500hp
Sweden,2024,2335.0,2174.0,Porsche,Turbo,<300hp
Sweden,2024,6857.0,6303.0,Porsche,Turbo,300-500hp
Sweden,2024,4988.0,4648.0,Porsche,Turbo,>500hp
Sweden,2024,996.0,895.0,Porsche,Naturally Aspirated,<300hp
Sweden,2024,4411.0,3808.0,Porsche,Naturally Aspirated,300-500hp
Sweden,2024,5500.0,5113.0,Porsche,Naturally Aspirated,>500hp
Sweden,2024,1353.0,1220.0,Audi,Turbo,<300hp
Sweden,2024,3501.0,3000.0,Audi,Turbo,300-500hp
Sweden,2024,2745.0,2385.0,Audi,Turbo,>500hp
Sweden,2024,2380.0,2240.0,Audi,Naturally Aspirated,<300hp
Sweden,2024,3052.0,2862.0,Audi,Naturally Aspirated,300-500hp
Sweden,2024,1402.0,1209.0,Audi,Naturally Aspirated,>500hp
Sweden,2024,2343.0,2079.0,Ford,Turbo,<300hp
Sweden,2024,1319.0,1236.0,Ford,Turbo,300-500hp
Sweden,2024,1225.0,1159.0,Ford,Turbo,>500hp
Sweden,2024,748.0,644.0,Ford,Naturally Aspirated,<300hp
Sweden,2024,1324.0,1180.0,Ford,Naturally Aspirated,300-500hp
Sweden,2024,1419.0,1305.0,Ford,Naturally Aspirated,>500hp
Sweden,2024,399.0,345.0,Lotus,Turbo,<300hp
Sweden,2024,8051.0,7252.0,Lotus,Turbo,300-500hp
Sweden,2024,1396.0,1239.0,Lotus,Turbo,>500hp
Sweden,2024,444.0,394.0,Lotus,Naturally Aspirated,<300hp
Sweden,2024,4821.0,4153.0,Lotus,Naturally Aspirated,300-500hp
Sweden,2024,1489.0,,Lotus,Naturally Aspirated,>500hp
Spain,2024,761.0,650.0,Toyota,Turbo,<300hp
Spain,2024,2418.0,2286.0,Toyota,Turbo,300-500hp
Spain,2024,2990.0,2829.0,Toyota,Turbo,>500hp
Spain,2024,1746.0,1486.0,Toyota,Naturally Aspirated,<300hp
Spain,2024,6514.0,6209.0,Toyota,Naturally Aspirated,300-500hp
Spain,2024,4947.0,4312.0,Toyota,Naturally Aspirated,>500hp
Spain,2024,1679.0,1550.0,Bentley,Turbo,<300hp
Spain,2024,,2683.0,Bentley,Turbo,300-500hp
Spain,2024,3372.0,2880.0,Bentley,Turbo,>500hp
Spain,2024,549.0,467.0,Bentley,Naturally Aspirated,<300hp
Spain,2024,8845.0,8160.0,Bentley,Naturally Aspirated,300-500hp
Spain,2024,4864.0,4491.0,Bentley,Naturally Aspirated,>500hp
Spain,2024,3448.0,3072.0,Maserati,Turbo,<300hp
Spain,2024,7253.0,6595.0,Maserati,Turbo,300-500hp
Spain,2024,1921.0,1768.0,Maserati,Turbo,>500hp
Spain,2024,2622.0,2432.0,Maserati,Naturally Aspirated,<300hp
Spain,2024,1539.0,1402.0,Maserati,Naturally Aspirated,300-500hp
Spain,2024,3271.0,2835.0,Maserati,Naturally Aspirated,>500hp
Spain,2024,3343.0,2852.0,Jaguar,Turbo,<300hp
Spain,2024,7835.0,7481.0,Jaguar,Turbo,300-500hp
Spain,2024,3954.0,,Jaguar,Turbo,>500hp
Spain,2024,3664.0,3170.0,Jaguar,Naturally Aspirated,<300hp
Spain,2024,2342.0,2179.0,Jaguar,Naturally Aspirated,300-500hp
Spain,2024,5546.0,5053.0,Jaguar,Naturally Aspirated,>500hp
Australia,2024,528.0,481.0,Bentley,Turbo,<300hp
Australia,2024,7134.0,6098.0,Bentley,Turbo,300-500hp
Australia,2024,5829.0,5489.0,Bentley,Turbo,>500hp
Australia,2024,1920.0,1806.0,Bentley,Naturally Aspirated,<300hp
Australia,2024,1679.0,1523.0,Bentley,Naturally Aspirated,300-500hp
Australia,2024,5540.0,5134.0,Bentley,Naturally Aspirated,>500hp
Australia,2024,3655.0,3372.0,Toyota,Turbo,<300hp
Australia,2024,5325.0,5120.0,Toyota,Turbo,300-500hp
Australia,2024,5945.0,5671.0,Toyota,Turbo,>500hp
Australia,2024,2591.0,2469.0,Toyota,Naturally Aspirated,<300hp
Australia,2024,9860.0,8505.0,Toyota,Naturally Aspirated,300-500hp
Australia,2024,5379.0,5021.0,Toyota,Naturally Aspirated,>500hp
Australia,2024,474.0,433.0,Nissan,Turbo,<300hp
Australia,2024,6943.0,5955.0,Nissan,Turbo,300-500hp
Australia,2024,3838.0,3572.0,Nissan,Turbo,>500hp
Australia,2024,1675.0,1536.0,Nissan,Naturally Aspirated,<300hp
Australia,2024,1075.0,,Nissan,Naturally Aspirated,300-500hp
Australia,2024,4151.0,3616.0,Nissan,Naturally Aspirated,>500hp
Australia,2024,1995.0,1831.0,Maserati,Turbo,<300hp
Australia,2024,3557.0,3425.0,Maserati,Turbo,300-500hp
Australia,2024,1274.0,1134.0,Maserati,Turbo,>500hp
Australia,2024,2298.0,2179.0,Maserati,Naturally Aspirated,<300hp
Australia,2024,6007.0,5443.0,Maserati,Naturally Aspirated,300-500hp
Australia,2024,1218.0,1145.0,Maserati,Naturally Aspirated,>500hp
Canada,2024,4222.0,3614.0,Rolls-Royce,Turbo,<300hp
Canada,2024,4749.0,4517.0,Rolls-Royce,Turbo,300-500hp
Canada,2024,,1402.0,Rolls-Royce,Turbo,>500hp
Canada,2024,2452.0,2291.0,Rolls-Royce,Naturally Aspirated,<300hp
Canada,2024,1806.0,1632.0,Rolls-Royce,Naturally Aspirated,300-500hp
Canada,2024,7028.0,6701.0,Rolls-Royce,Naturally Aspirated,>500hp
Canada,2024,961.0,829.0,Bentley,Turbo,<300hp
Canada,2024,10457.0,9753.0,Bentley,Turbo,300-500hp
Canada,2024,4643.0,4246.0,Bentley,Turbo,>500hp
Canada,2024,1568.0,1405.0,Bentley,Naturally Aspirated,<300hp
Canada,2024,7394.0,6795.0,Bentley,Naturally Aspirated,300-500hp
Canada,2024,3967.0,3617.0,Bentley,Naturally Aspirated,>500hp
Canada,2024,1393.0,1282.0,Jaguar,Turbo,<300hp
Canada,2024,6901.0,6079.0,Jaguar,Turbo,300-500hp
Canada,2024,840.0,781.0,Jaguar,Turbo,>500hp
Canada,2024,1676.0,1442.0,Jaguar,Naturally Aspirated,<300hp
Canada,2024,7904.0,7445.0,Jaguar,Naturally Aspirated,300-500hp
Canada,2024,1107.0,1068.0,Jaguar,Naturally Aspirated,>500hp
Canada,2024,2921.0,2544.0,Nissan,Turbo,<300hp
Canada,2024,7855.0,7340.0,Nissan,Turbo,300-500hp
Canada,2024,,2831.0,Nissan,Turbo,>500hp
Canada,2024,713.0,687.0,Nissan,Naturally Aspirated,<300hp
Canada,2024,6232.0,5733.0,Nissan,Naturally Aspirated,300-500hp
Canada,2024,5023.0,4484.0,Nissan,Naturally Aspirated,>500hp
Mexico,2024,2408.0,2270.0,Honda,Turbo,<300hp
Mexico,2024,7526.0,6547.0,Honda,Turbo,300-500hp
Mexico,2024,5273.0,4576.0,Honda,Turbo,>500hp
Mexico,2024,1047.0,1004.0,Honda,Naturally Aspirated,<300hp
Mexico,2024,2574.0,2429.0,Honda,Naturally Aspirated,300-500hp
Mexico,2024,4884.0,4219.0,Honda,Naturally Aspirated,>500hp
Mexico,2024,1029.0,912.0,Lotus,Turbo,<300hp
Mexico,2024,6366.0,5434.0,Lotus,Turbo,300-500hp
Mexico,2024,3743.0,3445.0,Lotus,Turbo,>500hp
Mexico,2024,2417.0,2131.0,Lotus,Naturally Aspirated,<300hp
Mexico,2024,5855.0,5652.0,Lotus,Naturally Aspirated,300-500hp
Mexico,2024,5376.0,4859.0,Lotus,Naturally Aspirated,>500hp
Mexico,2024,4063.0,3655.0,Jaguar,Turbo,<300hp
Mexico,2024,8829.0,8296.0,Jaguar,Turbo,300-500hp
Mexico,2024,4698.0,4362.0,Jaguar,Turbo,>500hp
Mexico,2024,2103.0,1935.0,Jaguar,Naturally Aspirated,<300hp
Mexico,2024,7455.0,6842.0,Jaguar,Naturally Aspirated,300-500hp
Mexico,2024,6385.0,5664.0,Jaguar,Naturally Aspirated,>500hp
Mexico,2024,896.0,846.0,Maserati,Turbo,<300hp
Mexico,2024,4327.0,4057.0,Maserati,Turbo,300-500hp
Mexico,2024,2996.0,2874.0,Maserati,Turbo,>500hp
Mexico,2024,3876.0,3593.0,Maserati,Naturally Aspirated,<300hp
Mexico,2024,10632.0,10257.0,Maserati,Naturally Aspirated,300-500hp
Mexico,2024,,6786.0,Maserati,Naturally Aspirated,>500hp
Brazil,2024,4189.0,3901.0,Toyota,Turbo,<300hp
Brazil,2024,8584.0,7969.0,Toyota,Turbo,300-500hp
Brazil,2024,4575.0,4103.0,Toyota,Turbo,>500hp
Brazil,2024,3371.0,2965.0,Toyota,Naturally Aspirated,<300hp
Brazil,2024,1259.0,1210.0,Toyota,Naturally Aspirated,300-500hp
Brazil,2024,4645.0,4375.0,Toyota,Naturally Aspirated,>500hp
Brazil,2024,3910.0,3681.0,Maserati,Turbo,<300hp
Brazil,2024,2379.0,2088.0,Maserati,Turbo,300-500hp
Brazil,2024,6676.0,5743.0,Maserati,Turbo,>500hp
Brazil,2024,4008.0,3859.0,Maserati,Naturally Aspirated,<300hp
Brazil,2024,11438.0,10116.0,Maserati,Naturally Aspirated,300-500hp
Brazil,2024,4197.0,3782.0,Maserati,Naturally Aspirated,>500hp
Brazil,2024,1978.0,1756.0,Rolls-Royce,Turbo,<300hp
Brazil,2024,,10096.0,Rolls-Royce,Turbo,300-500hp
Brazil,2024,2597.0,2294.0,Rolls-Royce,Turbo,>500hp
Brazil,2024,3528.0,3280.0,Rolls-Royce,Naturally Aspirated,<300hp
Brazil,2024,,4873.0,Rolls-Royce,Naturally Aspirated,300-500hp
Brazil,2024,2285.0,1974.0,Rolls-Royce,Naturally Aspirated,>500hp
Brazil,2024,3708.0,3562.0,Mercedes-Benz,Turbo,<300hp
Brazil,2024,2557.0,2373.0,Mercedes-Benz,Turbo,300-500hp
Brazil,2024,5617.0,5352.0,Mercedes-Benz,Turbo,>500hp
Brazil,2024,3622.0,3217.0,Mercedes-Benz,Naturally Aspirated,<300hp
Brazil,2024,7050.0,6801.0,Mercedes-Benz,Naturally Aspirated,300-500hp
Brazil,2024,6578.0,6259.0,Mercedes-Benz,Naturally Aspirated,>500hp
India,2024,840.0,768.0,Mercedes-Benz,Turbo,<300hp
India,2024,12503.0,11055.0,Mercedes-Benz,Turbo,300-500hp
India,2024,3543.0,3211.0,Mercedes-Benz,Turbo,>500hp
India,2024,2782.0,2585.0,Mercedes-Benz,Naturally Aspirated,<300hp
India,2024,3602.0,3353.0,Mercedes-Benz,Naturally Aspirated,300-500hp
India,2024,7414.0,7066.0,Mercedes-Benz,Naturally Aspirated,>500hp
India,2024,3795.0,3378.0,Maserati,Turbo,<300hp
India,2024,3754.0,3552.0,Maserati,Turbo,300-500hp
India,2024,5921.0,5633.0,Maserati,Turbo,>500hp
India,2024,2069.0,1999.0,Maserati,Naturally Aspirated,<300hp
India,2024,11282.0,9712.0,Maserati,Naturally Aspirated,300-500hp
India,2024,4970.0,4263.0,Maserati,Naturally Aspirated,>500hp
India,2024,2988.0,2685.0,Aston Martin,Turbo,<300hp
India,2024,,,Aston Martin,Turbo,300-500hp
India,2024,3786.0,3568.0,Aston Martin,Turbo,>500hp
India,2024,627.0,582.0,Aston Martin,Naturally Aspirated,<300hp
India,2024,1402.0,1342.0,Aston Martin,Naturally Aspirated,300-500hp
India,2024,8105.0,7554.0,Aston Martin,Naturally Aspirated,>500hp
India,2024,4657.0,4229.0,Audi,Turbo,<300hp
India,2024,11343.0,10892.0,Audi,Turbo,300-500hp
India,2024,5417.0,4895.0,Audi,Turbo,>500hp
India,2024,2677.0,2581.0,Audi,Naturally Aspirated,<300hp
India,2024,5154.0,4488.0,Audi,Naturally Aspirated,300-500hp
India,2024,3017.0,2661.0,Audi,Naturally Aspirated,>500hp
Germany,2025,704.0,610.0,Aston Martin,Turbo,<300hp
Germany,2025,2170.0,2043.0,Aston Martin,Turbo,300-500hp
Germany,2025,1019.0,931.0,Aston Martin,Turbo,>500hp
Germany,2025,1310.0,1246.0,Aston Martin,Naturally Aspirated,<300hp
Germany,2025,1154.0,1082.0,Aston Martin,Naturally Aspirated,300-500hp
Germany,2025,1562.0,1466.0,Aston Martin,Naturally Aspirated,>500hp
Germany,2025,617.0,593.0,Bentley,Turbo,<300hp
Germany,2025,1111.0,990.0,Bentley,Turbo,300-500hp
Germany,2025,2152.0,1829.0,Bentley,Turbo,>500hp
Germany,2025,1035.0,988.0,Bentley,Naturally Aspirated,<300hp
Germany,2025,1127.0,1013.0,Bentley,Naturally Aspirated,300-500hp
Germany,2025,2157.0,1854.0,Bentley,Naturally Aspirated,>500hp
Germany,2025,223.0,213.0,Chevrolet,Turbo,<300hp
Germany,2025,2344.0,2085.0,Chevrolet,Turbo,300-500hp
Germany,2025,1067.0,1034.0,Chevrolet,Turbo,>500hp
Germany,2025,1003.0,880.0,Chevrolet,Naturally Aspirated,<300hp
Germany,2025,1965.0,1896.0,Chevrolet,Naturally Aspirated,300-500hp
Germany,2025,1555.0,1324.0,Chevrolet,Naturally Aspirated,>500hp
Germany,2025,1344.0,1278.0,Maserati,Turbo,<300hp
Germany,2025,465.0,423.0,Maserati,Turbo,300-500hp
Germany,2025,1039.0,962.0,Maserati,Turbo,>500hp
Germany,2025,835.0,789.0,Maserati,Naturally Aspirated,<300hp
Germany,2025,1044.0,995.0,Maserati,Naturally Aspirated,300-500hp
Germany,2025,1200.0,1081.0,Maserati,Naturally Aspirated,>500hp
Japan,2025,1211.0,1108.0,Porsche,Turbo,<300hp
Japan,2025,2379.0,2175.0,Porsche,Turbo,300-500hp
Japan,2025,315.0,279.0,Porsche,Turbo,>500hp
Japan,2025,771.0,663.0,Porsche,Naturally Aspirated,<300hp
Japan,2025,2470.0,2220.0,Porsche,Naturally Aspirated,300-500hp
Japan,2025,1423.0,1243.0,Porsche,Naturally Aspirated,>500hp
Japan,2025,793.0,765.0,Ferrari,Turbo,<300hp
Japan,2025,1834.0,1657.0,Ferrari,Turbo,300-500hp
Japan,2025,2122.0,2032.0,Ferrari,Turbo,>500hp
Japan,2025,996.0,865.0,Ferrari,Naturally Aspirated,<300hp
Japan,2025,1233.0,1192.0,Ferrari,Naturally Aspirated,300-500hp
Japan,2025,1490.0,1272.0,Ferrari,Naturally Aspirated,>500hp
Japan,2025,920.0,843.0,Jaguar,Turbo,<300hp
Japan,2025,561.0,531.0,Jaguar,Turbo,300-500hp
Japan,2025,1089.0,954.0,Jaguar,Turbo,>500hp
Japan,2025,222.0,201.0,Jaguar,Naturally Aspirated,<300hp
Japan,2025,650.0,555.0,Jaguar,Naturally Aspirated,300-500hp
Japan,2025,2455.0,2182.0,Jaguar,Naturally Aspirated,>500hp
Japan,2025,1229.0,1066.0,Rolls-Royce,Turbo,<300hp
Japan,2025,2033.0,1971.0,Rolls-Royce,Turbo,300-500hp
Japan,2025,1843.0,1700.0,Rolls-Royce,Turbo,>500hp
Japan,2025,478.0,445.0,Rolls-Royce,Naturally Aspirated,<300hp
Japan,2025,2387.0,2119.0,Rolls-Royce,Naturally Aspirated,300-500hp
Japan,2025,1863.0,1652.0,Rolls-Royce,Naturally Aspirated,>500hp
USA,2025,729.0,650.0,Rolls-Royce,Turbo,<300hp
USA,2025,,517.0,Rolls-Royce,Turbo,300-500hp
USA,2025,1326.0,1264.0,Rolls-Royce,Turbo,>500hp
USA,2025,535.0,501.0,Rolls-Royce,Naturally Aspirated,<300hp
USA,2025,4033.0,3672.0,Rolls-Royce,Naturally Aspirated,300-500hp
USA,2025,2529.0,2351.0,Rolls-Royce,Naturally Aspirated,>500hp
USA,2025,240.0,225.0,Maserati,Turbo,<300hp
USA,2025,3319.0,3030.0,Maserati,Turbo,300-500hp
USA,2025,628.0,553.0,Maserati,Turbo,>500hp
USA,2025,1536.0,1396.0,Maserati,Naturally Aspirated,<300hp
USA,2025,1325.0,1237.0,Maserati,Naturally Aspirated,300-500hp
USA,2025,1410.0,1357.0,Maserati,Naturally Aspirated,>500hp
USA,2025,514.0,461.0,Toyota,Turbo,<300hp
USA,2025,3963.0,3537.0,Toyota,Turbo,300-500hp
USA,2025,2345.0,2112.0,Toyota,Turbo,>500hp
USA,2025,429.0,402.0,Toyota,Naturally Aspirated,<300hp
USA,2025,2144.0,1953.0,Toyota,Naturally Aspirated,300-500hp
USA,2025,1442.0,1292.0,Toyota,Naturally Aspirated,>500hp
USA,2025,1420.0,1288.0,Ferrari,Turbo,<300hp
USA,2025,2424.0,2086.0,Ferrari,Turbo,300-500hp
USA,2025,763.0,674.0,Ferrari,Turbo,>500hp
USA,2025,507.0,456.0,Ferrari,Naturally Aspirated,<300hp
USA,2025,4059.0,3563.0,Ferrari,Naturally Aspirated,300-500hp
USA,2025,1022.0,872.0,Ferrari,Naturally Aspirated,>500hp
Italy,2025,1330.0,1197.0,Jaguar,Turbo,<300hp
Italy,2025,5202.0,4840.0,Jaguar,Turbo,300-500hp
Italy,2025,3558.0,3132.0,Jaguar,Turbo,>500hp
Italy,2025,2004.0,1742.0,Jaguar,Naturally Aspirated,<300hp
Italy,2025,976.0,922.0,Jaguar,Naturally Aspirated,300-500hp
Italy,2025,1526.0,1370.0,Jaguar,Naturally Aspirated,>500hp
Italy,2025,1628.0,1433.0,Chevrolet,Turbo,<300hp
Italy,2025,2261.0,2072.0,Chevrolet,Turbo,300-500hp
Italy,2025,2424.0,2159.0,Chevrolet,Turbo,>500hp
Italy,2025,802.0,703.0,Chevrolet,Naturally Aspirated,<300hp
Italy,2025,5213.0,4913.0,Chevrolet,Naturally Aspirated,300-500hp
Italy,2025,1256.0,1196.0,Chevrolet,Naturally Aspirated,>500hp
Italy,2025,466.0,405.0,Nissan,Turbo,<300hp
Italy,2025,1123.0,1030.0,Nissan,Turbo,300-500hp
Italy,2025,1378.0,1173.0,Nissan,Turbo,>500hp
Italy,2025,1424.0,1335.0,Nissan,Naturally Aspirated,<300hp
Italy,2025,3084.0,2663.0,Nissan,Naturally Aspirated,300-500hp
Italy,2025,493.0,472.0,Nissan,Naturally Aspirated,>500hp
Italy,2025,1218.0,1055.0,Ford,Turbo,<300hp
Italy,2025,5204.0,4645.0,Ford,Turbo,300-500hp
Italy,2025,3019.0,2741.0,Ford,Turbo,>500hp
Italy,2025,1648.0,1551.0,Ford,Naturally Aspirated,<300hp
Italy,2025,2660.0,2343.0,Ford,Naturally Aspirated,300-500hp
Italy,2025,2833.0,2457.0,Ford,Naturally Aspirated,>500hp
UK,2025,2223.0,2045.0,Rolls-Royce,Turbo,<300hp
UK,2025,5632.0,5177.0,Rolls-Royce,Turbo,300-500hp
UK,2025,1587.0,1364.0,Rolls-Royce,Turbo,>500hp
UK,2025,1146.0,1015.0,Rolls-Royce,Naturally Aspirated,<300hp
UK,2025,4498.0,4202.0,Rolls-Royce,Naturally Aspirated,300-500hp
UK,2025,,2112.0,Rolls-Royce,Naturally Aspirated,>500hp
UK,2025,1721.0,1543.0,Honda,Turbo,<300hp
UK,2025,2242.0,1997.0,Honda,Turbo,300-500hp
UK,2025,2349.0,2181.0,Honda,Turbo,>500hp
UK,2025,1905.0,1736.0,Honda,Naturally Aspirated,<300hp
UK,2025,3564.0,3047.0,Honda,Naturally Aspirated,300-500hp
UK,2025,711.0,672.0,Honda,Naturally Aspirated,>500hp
UK,2025,379.0,324.0,Maserati,Turbo,<300hp
UK,2025,4806.0,4224.0,Maserati,Turbo,300-500hp
UK,2025,2654.0,2261.0,Maserati,Turbo,>500hp
UK,2025,981.0,855.0,Maserati,Naturally Aspirated,<300hp
UK,2025,5935.0,5357.0,Maserati,Naturally Aspirated,300-500hp
UK,2025,1877.0,1802.0,Maserati,Naturally Aspirated,>500hp
UK,2025,783.0,668.0,BMW,Turbo,<300hp
UK,2025,5521.0,4984.0,BMW,Turbo,300-500hp
UK,2025,,2831.0,BMW,Turbo,>500hp
UK,2025,1150.0,991.0,BMW,Naturally Aspirated,<300hp
UK,2025,2605.0,2372.0,BMW,Naturally Aspirated,300-500hp
UK,2025,3636.0,3450.0,BMW,Naturally Aspirated,>500hp
France,2025,2177.0,1879.0,Bentley,Turbo,<300hp
France,2025,3811.0,3391.0,Bentley,Turbo,300-500hp
France,2025,2876.0,2503.0,Bentley,Turbo,>500hp
France,2025,2809.0,2584.0,Bentley,Naturally Aspirated,<300hp
France,2025,6781.0,6527.0,Bentley,Naturally Aspirated,300-500hp
France,2025,2411.0,2141.0,Bentley,Naturally Aspirated,>500hp
France,2025,1460.0,1303.0,Lamborghini,Turbo,<300hp
France,2025,1197.0,1121.0,Lamborghini,Turbo,300-500hp
France,2025,2888.0,2603.0,Lamborghini,Turbo,>500hp
France,2025,1634.0,1442.0,Lamborghini,Naturally Aspirated,<300hp
France,2025,1254.0,1092.0,Lamborghini,Naturally Aspirated,300-500hp
France,2025,973.0,884.0,Lamborghini,Naturally Aspirated,>500hp
France,2025,788.0,683.0,Toyota,Turbo,<300hp
France,2025,2357.0,2167.0,Toyota,Turbo,300-500hp
France,2025,2342.0,2255.0,Toyota,Turbo,>500hp
France,2025,2399.0,2263.0,Toyota,Naturally Aspirated,<300hp
France,2025,2677.0,2470.0,Toyota,Naturally Aspirated,300-500hp
France,2025,2201.0,2101.0,Toyota,Naturally Aspirated,>500hp
France,2025,1030.0,953.0,BMW,Turbo,<300hp
France,2025,1439.0,1248.0,BMW,Turbo,300-500hp
France,2025,1624.0,1418.0,BMW,Turbo,>500hp
France,2025,1702.0,1624.0,BMW,Naturally Aspirated,<300hp
France,2025,4504.0,3838.0,BMW,Naturally Aspirated,300-500hp
France,2025,2987.0,2888.0,BMW,Naturally Aspirated,>500hp
South Korea,2025,2748.0,2453.0,Ford,Turbo,<300hp
South Korea,2025,3675.0,3309.0,Ford,Turbo,300-500hp
South Korea,2025,1639.0,1426.0,Ford,Turbo,>500hp
South Korea,2025,1072.0,922.0,Ford,Naturally Aspirated,<300hp
South Korea,2025,6459.0,6022.0,Ford,Naturally Aspirated,300-500hp
South Korea,2025,2805.0,2539.0,Ford,Naturally Aspirated,>500hp
South Korea,2025,618.0,548.0,Porsche,Turbo,<300hp
South Korea,2025,1273.0,1128.0,Porsche,Turbo,300-500hp
South Korea,2025,1977.0,1731.0,Porsche,Turbo,>500hp
South Korea,2025,1825.0,1767.0,Porsche,Naturally Aspirated,<300hp
South Korea,2025,6100.0,5476.0,Porsche,Naturally Aspirated,300-500hp
South Korea,2025,2913.0,2477.0,Porsche,Naturally Aspirated,>500hp
South Korea,2025,1064.0,947.0,Jaguar,Turbo,<300hp
South Korea,2025,3179.0,2712.0,Jaguar,Turbo,300-500hp
South Korea,2025,1105.0,1052.0,Jaguar,Turbo,>500hp
South Korea,2025,2143.0,2023.0,Jaguar,Naturally Aspirated,<300hp
South Korea,2025,3238.0,2756.0,Jaguar,Naturally Aspirated,300-500hp
South Korea,2025,2693.0,2548.0,Jaguar,Naturally Aspirated,>500hp
South Korea,2025,2676.0,2411.0,Chevrolet,Turbo,<300hp
South Korea,2025,1631.0,1503.0,Chevrolet,Turbo,300-500hp
South Korea,2025,,2593.0,Chevrolet,Turbo,>500hp
South Korea,2025,2792.0,2517.0,Chevrolet,Naturally Aspirated,<300hp
South Korea,2025,2419.0,2243.0,Chevrolet,Naturally Aspirated,300-500hp
South Korea,2025,2741.0,2578.0,Chevrolet,Naturally Aspirated,>500hp
China,2025,1977.0,1802.0,Lamborghini,Turbo,<300hp
China,2025,2126.0,1902.0,Lamborghini,Turbo,300-500hp
China,2025,1745.0,1493.0,Lamborghini,Turbo,>500hp
China,2025,1747.0,1595.0,Lamborghini,Naturally Aspirated,<300hp
China,2025,4828.0,4356.0,Lamborghini,Naturally Aspirated,300-500hp
China,2025,4584.0,4083.0,Lamborghini,Naturally Aspirated,>500hp
China,2025,687.0,617.0,Rolls-Royce,Turbo,<300hp
China,2025,6435.0,5561.0,Rolls-Royce,Turbo,300-500hp
China,2025,2989.0,,Rolls-Royce,Turbo,>500hp
China,2025,2564.0,2205.0,Rolls-Royce,Naturally Aspirated,<300hp
China,2025,3159.0,,Rolls-Royce,Naturally Aspirated,300-500hp
China,2025,2182.0,1881.0,Rolls-Royce,Naturally Aspirated,>500hp
China,2025,1998.0,1707.0,Chevrolet,Turbo,<300hp
China,2025,1902.0,1678.0,Chevrolet,Turbo,300-500hp
China,2025,2206.0,2003.0,Chevrolet,Turbo,>500hp
China,2025,755.0,650.0,Chevrolet,Naturally Aspirated,<300hp
China,2025,2036.0,1823.0,Chevrolet,Naturally Aspirated,300-500hp
China,2025,3028.0,2867.0,Chevrolet,Naturally Aspirated,>500hp
China,2025,1232.0,1065.0,Porsche,Turbo,<300hp
China,2025,2816.0,2488.0,Porsche,Turbo,300-500hp
China,2025,1387.0,1272.0,Porsche,Turbo,>500hp
China,2025,2682.0,2425.0,Porsche,Naturally Aspirated,<300hp
China,2025,3876.0,3344.0,Porsche,Naturally Aspirated,300-500hp
China,2025,1770.0,1653.0,Porsche,Naturally Aspirated,>500hp
Sweden,2025,2108.0,,Aston Martin,Turbo,<300hp
Sweden,2025,7678.0,6629.0,Aston Martin,Turbo,300-500hp
Sweden,2025,1153.0,1118.0,Aston Martin,Turbo,>500hp
Sweden,2025,2401.0,2314.0,Aston Martin,Naturally Aspirated,<300hp
Sweden,2025,2464.0,2304.0,Aston Martin,Naturally Aspirated,300-500hp
Sweden,2025,1567.0,1509.0,Aston Martin,Naturally Aspirated,>500hp
Sweden,2025,902.0,846.0,Lotus,Turbo,<300hp
Sweden,2025,5650.0,5144.0,Lotus,Turbo,300-500hp
Sweden,2025,5290.0,4657.0,Lotus,Turbo,>500hp
Sweden,2025,1248.0,1200.0,Lotus,Naturally Aspirated,<300hp
Sweden,2025,6418.0,5556.0,Lotus,Naturally Aspirated,300-500hp
Sweden,2025,3404.0,3002.0,Lotus,Naturally Aspirated,>500hp
Sweden,2025,2220.0,1999.0,Porsche,Turbo,<300hp
Sweden,2025,7095.0,6345.0,Porsche,Turbo,300-500hp
Sweden,2025,3404.0,3213.0,Porsche,Turbo,>500hp
Sweden,2025,2023.0,1730.0,Porsche,Naturally Aspirated,<300hp
Sweden,2025,3420.0,3196.0,Porsche,Naturally Aspirated,300-500hp
Sweden,2025,3786.0,3579.0,Porsche,Naturally Aspirated,>500hp
Sweden,2025,903.0,815.0,Chevrolet,Turbo,<300hp
Sweden,2025,2707.0,2345.0,Chevrolet,Turbo,300-500hp
Sweden,2025,1766.0,1682.0,Chevrolet,Turbo,>500hp
Sweden,2025,707.0,620.0,Chevrolet,Naturally Aspirated,<300hp
Sweden,2025,7387.0,6614.0,Chevrolet,Naturally Aspirated,300-500hp
Sweden,2025,3205.0,2751.0,Chevrolet,Naturally Aspirated,>500hp
Spain,2025,3548.0,3095.0,Rolls-Royce,Turbo,<300hp
Spain,2025,4858.0,4299.0,Rolls-Royce,Turbo,300-500hp
Spain,2025,1166.0,1102.0,Rolls-Royce,Turbo,>500hp
Spain,2025,2533.0,2302.0,Rolls-Royce,Naturally Aspirated,<300hp
Spain,2025,1450.0,1355.0,Rolls-Royce,Naturally Aspirated,300-500hp
Spain,2025,4975.0,4551.0,Rolls-Royce,Naturally Aspirated,>500hp
Spain,2025,2843.0,2430.0,BMW,Turbo,<300hp
Spain,2025,8736.0,7924.0,BMW,Turbo,300-500hp
Spain,2025,6343.0,6142.0,BMW,Turbo,>500hp
Spain,2025,3394.0,2986.0,BMW,Naturally Aspirated,<300hp
Spain,2025,9424.0,8539.0,BMW,Naturally Aspirated,300-500hp
Spain,2025,2452.0,2343.0,BMW,Naturally Aspirated,>500hp
Spain,2025,3851.0,3454.0,Aston Martin,Turbo,<300hp
Spain,2025,9331.0,8736.0,Aston Martin,Turbo,300-500hp
Spain,2025,5202.0,4851.0,Aston Martin,Turbo,>500hp
Spain,2025,2647.0,2327.0,Aston Martin,Naturally Aspirated,<300hp
Spain,2025,9191.0,8572.0,Aston Martin,Naturally Aspirated,300-500hp
Spain,2025,1203.0,1061.0,Aston Martin,Naturally Aspirated,>500hp
Spain,2025,2396.0,2195.0,Audi,Turbo,<300hp
Spain,2025,4311.0,3831.0,Audi,Turbo,300-500hp
Spain,2025,2343.0,2092.0,Audi,Turbo,>500hp
Spain,2025,2226.0,1945.0,Audi,Naturally Aspirated,<300hp
Spain,2025,8827.0,8044.0,Audi,Naturally Aspirated,300-500hp
Spain,2025,1811.0,1630.0,Audi,Naturally Aspirated,>500hp
Australia,2025,661.0,587.0,Lamborghini,Turbo,<300hp
Australia,2025,3518.0,3374.0,Lamborghini,Turbo,300-500hp
Australia,2025,4105.0,3948.0,Lamborghini,Turbo,>500hp
Australia,2025,4176.0,3734.0,Lamborghini,Naturally Aspirated,<300hp
Australia,2025,2852.0,2704.0,Lamborghini,Naturally Aspirated,300-500hp
Australia,2025,5119.0,4565.0,Lamborghini,Naturally Aspirated,>500hp
Australia,2025,751.0,664.0,Nissan,Turbo,<300hp
Australia,2025,8807.0,7949.0,Nissan,Turbo,300-500hp
Australia,2025,5004.0,4272.0,Nissan,Turbo,>500hp
Australia,2025,2643.0,2443.0,Nissan,Naturally Aspirated,<300hp
Australia,2025,1048.0,,Nissan,Naturally Aspirated,300-500hp
Australia,2025,1962.0,1855.0,Nissan,Naturally Aspirated,>500hp
Australia,2025,4115.0,3501.0,Ford,Turbo,<300hp
Australia,2025,4046.0,3520.0,Ford,Turbo,300-500hp
Australia,2025,1621.0,1509.0,Ford,Turbo,>500hp
Australia,2025,1354.0,1225.0,Ford,Naturally Aspirated,<300hp
Australia,2025,9412.0,9077.0,Ford,Naturally Aspirated,300-500hp
Australia,2025,,1506.0,Ford,Naturally Aspirated,>500hp
Australia,2025,888.0,841.0,Audi,Turbo,<300hp
Australia,2025,8848.0,8400.0,Audi,Turbo,300-500hp
Australia,2025,5215.0,4857.0,Audi,Turbo,>500hp
Australia,2025,3970.0,3571.0,Audi,Naturally Aspirated,<300hp
Australia,2025,1340.0,1210.0,Audi,Naturally Aspirated,300-500hp
Australia,2025,5524.0,5275.0,Audi,Naturally Aspirated,>500hp
Canada,2025,3201.0,2875.0,Chevrolet,Turbo,<300hp
Canada,2025,6327.0,5830.0,Chevrolet,Turbo,300-500hp
Canada,2025,5274.0,4822.0,Chevrolet,Turbo,>500hp
Canada,2025,2524.0,2384.0,Chevrolet,Naturally Aspirated,<300hp
Canada,2025,2069.0,1781.0,Chevrolet,Naturally Aspirated,300-500hp
Canada,2025,1553.0,1374.0,Chevrolet,Naturally Aspirated,>500hp
Canada,2025,3966.0,3585.0,Toyota,Turbo,<300hp
Canada,2025,7425.0,6775.0,Toyota,Turbo,300-500hp
Canada,2025,5694.0,5102.0,Toyota,Turbo,>500hp
Canada,2025,2168.0,1874.0,Toyota,Naturally Aspirated,<300hp
Canada,2025,10443.0,10039.0,Toyota,Naturally Aspirated,300-500hp
Canada,2025,5575.0,4775.0,Toyota,Naturally Aspirated,>500hp
Canada,2025,588.0,543.0,Ford,Turbo,<300hp
Canada,2025,2602.0,2427.0,Ford,Turbo,300-500hp
Canada,2025,2054.0,1917.0,Ford,Turbo,>500hp
Canada,2025,2401.0,2188.0,Ford,Naturally Aspirated,<300hp
Canada,2025,6588.0,5787.0,Ford,Naturally Aspirated,300-500hp
Canada,2025,979.0,889.0,Ford,Naturally Aspirated,>500hp
Canada,2025,2879.0,2516.0,Aston Martin,Turbo,<300hp
Canada,2025,9631.0,8650.0,Aston Martin,Turbo,300-500hp
Canada,2025,7252.0,6380.0,Aston Martin,Turbo,>500hp
Canada,2025,968.0,860.0,Aston Martin,Naturally Aspirated,<300hp
Canada,2025,8443.0,7538.0,Aston Martin,Naturally Aspirated,300-500hp
Canada,2025,6115.0,5766.0,Aston Martin,Naturally Aspirated,>500hp
Mexico,2025,2900.0,2543.0,Porsche,Turbo,<300hp
Mexico,2025,3195.0,2991.0,Porsche,Turbo,300-500hp
Mexico,2025,6633.0,6415.0,Porsche,Turbo,>500hp
Mexico,2025,3780.0,3339.0,Porsche,Naturally Aspirated,<300hp
Mexico,2025,10699.0,9196.0,Porsche,Naturally Aspirated,300-500hp
Mexico,2025,6209.0,5660.0,Porsche,Naturally Aspirated,>500hp
Mexico,2025,847.0,793.0,Aston Martin,Turbo,<300hp
Mexico,2025,8508.0,8090.0,Aston Martin,Turbo,300-500hp
Mexico,2025,4688.0,4328.0,Aston Martin,Turbo,>500hp
Mexico,2025,3254.0,3076.0,Aston Martin,Naturally Aspirated,<300hp
Mexico,2025,4032.0,3653.0,Aston Martin,Naturally Aspirated,300-500hp
Mexico,2025,7128.0,6542.0,Aston Martin,Naturally Aspirated,>500hp
Mexico,2025,816.0,772.0,Subaru,Turbo,<300hp
Mexico,2025,1907.0,1641.0,Subaru,Turbo,300-500hp
Mexico,2025,3072.0,2793.0,Subaru,Turbo,>500hp
Mexico,2025,3498.0,3185.0,Subaru,Naturally Aspirated,<300hp
Mexico,2025,1413.0,1330.0,Subaru,Naturally Aspirated,300-500hp
Mexico,2025,4544.0,4261.0,Subaru,Naturally Aspirated,>500hp
Mexico,2025,1017.0,912.0,Toyota,Turbo,<300hp
Mexico,2025,5139.0,4582.0,Toyota,Turbo,300-500hp
Mexico,2025,1888.0,1716.0,Toyota,Turbo,>500hp
Mexico,2025,1841.0,1774.0,Toyota,Naturally Aspirated,<300hp
Mexico,2025,2466.0,2170.0,Toyota,Naturally Aspirated,300-500hp
Mexico,2025,5800.0,5545.0,Toyota,Naturally Aspirated,>500hp
Brazil,2025,4421.0,,Ford,Turbo,<300hp
Brazil,2025,1814.0,1679.0,Ford,Turbo,300-500hp
Brazil,2025,6195.0,5704.0,Ford,Turbo,>500hp
Brazil,2025,3122.0,2906.0,Ford,Naturally Aspirated,<300hp
Brazil,2025,6330.0,6052.0,Ford,Naturally Aspirated,300-500hp
Brazil,2025,2788.0,2624.0,Ford,Naturally Aspirated,>500hp
Brazil,2025,5053.0,4447.0,Bentley,Turbo,<300hp
Brazil,2025,4163.0,3700.0,Bentley,Turbo,300-500hp
Brazil,2025,8132.0,7747.0,Bentley,Turbo,>500hp
Brazil,2025,910.0,834.0,Bentley,Naturally Aspirated,<300hp
Brazil,2025,2809.0,2683.0,Bentley,Naturally Aspirated,300-500hp
Brazil,2025,6431.0,5694.0,Bentley,Naturally Aspirated,>500hp
Brazil,2025,2192.0,2070.0,Porsche,Turbo,<300hp
Brazil,2025,8827.0,,Porsche,Turbo,300-500hp
Brazil,2025,5582.0,5237.0,Porsche,Turbo,>500hp
Brazil,2025,4600.0,4197.0,Porsche,Naturally Aspirated,<300hp
Brazil,2025,5659.0,5181.0,Porsche,Naturally Aspirated,300-500hp
Brazil,2025,3459.0,3058.0,Porsche,Naturally Aspirated,>500hp
Brazil,2025,4239.0,4011.0,Honda,Turbo,<300hp
Brazil,2025,4004.0,3790.0,Honda,Turbo,300-500hp
Brazil,2025,7880.0,7117.0,Honda,Turbo,>500hp
Brazil,2025,5001.0,4768.0,Honda,Naturally Aspirated,<300hp
Brazil,2025,7728.0,7026.0,Honda,Naturally Aspirated,300-500hp
Brazil,2025,6071.0,5636.0,Honda,Naturally Aspirated,>500hp
India,2025,,2314.0,Lamborghini,Turbo,<300hp
India,2025,7267.0,6682.0,Lamborghini,Turbo,300-500hp
India,2025,4237.0,3721.0,Lamborghini,Turbo,>500hp
India,2025,1928.0,1705.0,Lamborghini,Naturally Aspirated,<300hp
India,2025,3028.0,,Lamborghini,Naturally Aspirated,300-500hp
India,2025,4269.0,3694.0,Lamborghini,Naturally Aspirated,>500hp
India,2025,749.0,672.0,Ford,Turbo,<300hp
India,2025,11567.0,,Ford,Turbo,300-500hp
India,2025,4345.0,3699.0,Ford,Turbo,>500hp
India,2025,1582.0,1376.0,Ford,Naturally Aspirated,<300hp
India,2025,8037.0,6924.0,Ford,Naturally Aspirated,300-500hp
India,2025,6890.0,6349.0,Ford,Naturally Aspirated,>500hp
India,2025,2201.0,1912.0,Ferrari,Turbo,<300hp
India,2025,11860.0,10165.0,Ferrari,Turbo,300-500hp
India,2025,3665.0,3509.0,Ferrari,Turbo,>500hp
India,2025,571.0,495.0,Ferrari,Naturally Aspirated,<300hp
India,2025,10344.0,9473.0,Ferrari,Naturally Aspirated,300-500hp
India,2025,2475.0,2215.0,Ferrari,Naturally Aspirated,>500hp
India,2025,1013.0,864.0,Bentley,Turbo,<300hp
India,2025,2171.0,1919.0,Bentley,Turbo,300-500hp
India,2025,6313.0,5693.0,Bentley,Turbo,>500hp
India,2025,2722.0,2402.0,Bentley,Naturally Aspirated,<300hp
India,2025,9446.0,8430.0,Bentley,Naturally Aspirated,300-500hp
India,2025,5177.0,4584.0,Bentley,Naturally Aspirated,>500hp
