用户ID,课程ID,课程类别,观看时长(分钟),测验分数,是否完成课程
1102,219,市场营销,124.1,66.96,1
1435,481,产品设计,222.03,95.86,1
1860,154,数据科学,10.0,61.69,0
1270,126,数据科学,35.19,74.21,1
1106,217,编程开发,173.73,78.94,1
1071,320,编程开发,15.58,58.75,0
1700,330,产品设计,108.16,65.8,0
1020,152,职业发展,190.03,68.35,0
1614,394,金融理财,150.07,85.56,1
1121,420,人工智能,120.67,67.45,0
1466,332,语言学习,93.05,74.27,1
1214,257,人工智能,132.13,67.59,0
1330,368,人工智能,154.63,64.2,1
1458,120,数据科学,80.35,73.36,1
1087,152,语言学习,142.3,66.37,0
1372,374,数据科学,184.71,73.95,0
1099,412,金融理财,106.65,57.88,1
1871,380,语言学习,124.09,67.13,0
1663,313,市场营销,149.03,74.73,0
1130,130,数据科学,153.08,72.01,1
1661,436,数据科学,172.71,84.97,1
1308,282,数据科学,59.14,67.2,1
1769,122,职业发展,88.26,99.45,1
1343,131,产品设计,90.49,73.04,1
1491,173,数据科学,65.77,49.04,0
1413,109,金融理财,12.1,59.05,0
1805,153,编程开发,10.0,59.71,0
1385,151,编程开发,191.73,72.5,1
1191,247,语言学习,26.77,63.33,0
1955,259,市场营销,213.99,74.37,0
1276,469,产品设计,164.36,79.31,1
1160,113,职业发展,95.66,50.21,0
1459,277,语言学习,156.99,86.7,1
1313,465,编程开发,145.51,58.36,0
1021,152,产品设计,53.89,62.6,0
1252,434,产品设计,119.1,64.25,1
1747,121,市场营销,61.21,69.01,0
1856,129,金融理财,159.25,73.65,1
1560,290,产品设计,77.09,70.01,0
1474,359,数据科学,114.2,82.21,1
1058,304,产品设计,111.61,78.54,1
1510,158,市场营销,,72.74,0
1681,363,语言学习,219.75,85.96,1
1475,111,市场营销,105.54,89.86,1
1699,218,职业发展,193.08,86.81,1
1975,389,市场营销,148.8,71.53,0
1782,437,编程开发,205.1,92.72,1
1189,347,数据科学,99.69,73.61,0
1957,453,金融理财,161.77,66.1,0
1686,226,编程开发,116.44,69.51,0
1957,174,语言学习,10.0,46.25,0
1562,460,人工智能,54.61,42.46,0
1875,303,语言学习,154.94,65.57,1
1566,148,数据科学,150.98,75.9,1
1243,178,产品设计,42.3,65.37,1
1831,340,市场营销,133.22,58.84,0
1504,448,人工智能,150.2,50.81,0
1130,253,数据科学,117.92,86.17,1
1484,373,编程开发,163.73,76.87,0
1818,195,市场营销,155.55,90.68,1
1646,313,语言学习,117.89,86.45,0
1020,393,编程开发,89.35,76.03,1
1840,308,数据科学,182.55,78.34,0
1166,442,数据科学,147.79,70.39,1
1273,187,语言学习,37.11,70.79,0
1387,405,人工智能,133.25,71.36,0
1600,363,语言学习,50.94,59.06,0
1315,489,产品设计,62.13,45.06,0
1013,424,编程开发,80.89,67.03,1
1241,476,人工智能,122.69,82.9,1
1776,419,市场营销,142.47,86.44,1
1345,256,职业发展,95.46,69.81,1
1564,255,产品设计,98.09,60.65,0
1897,238,人工智能,89.81,77.76,1
1339,220,职业发展,182.85,77.62,1
1091,164,职业发展,10.0,57.32,1
1366,206,编程开发,101.48,55.31,0
1955,246,数据科学,212.7,100.0,1
1454,236,市场营销,151.03,82.07,1
1427,261,语言学习,196.01,87.52,1
1508,199,编程开发,10.0,52.34,0
1775,437,产品设计,45.47,65.22,0
1942,498,金融理财,150.84,73.85,0
1034,406,职业发展,213.04,88.53,0
1205,240,产品设计,51.53,78.61,1
1080,182,职业发展,96.73,55.06,0
1931,276,数据科学,144.09,63.26,1
1561,297,金融理财,32.85,69.65,1
1871,211,数据科学,151.3,69.63,1
1387,155,市场营销,10.0,69.12,0
1001,278,语言学习,149.53,70.81,0
1389,285,市场营销,60.29,53.37,0
1565,317,数据科学,93.14,51.46,0
1105,415,数据科学,159.11,80.31,0
1771,316,产品设计,146.84,79.36,1
1821,219,数据科学,119.52,81.32,1
1476,493,金融理财,178.14,80.6,1
1702,274,金融理财,17.99,24.17,0
1401,122,人工智能,132.26,77.89,1
1729,312,职业发展,72.59,52.48,0
1555,334,编程开发,175.08,58.34,0
1161,112,数据科学,161.22,55.79,0
1201,200,市场营销,163.4,55.08,0
1957,123,语言学习,218.72,84.05,0
1995,463,职业发展,187.58,70.93,0
1269,110,职业发展,110.55,55.56,1
1862,372,语言学习,119.92,71.89,0
1815,380,语言学习,156.06,64.11,0
1270,193,职业发展,128.17,82.27,1
1455,300,人工智能,162.31,90.28,0
1461,120,市场营销,10.0,58.8,0
1726,439,人工智能,232.85,96.41,1
1251,310,数据科学,123.66,85.78,1
1701,239,编程开发,22.65,63.05,0
1295,392,语言学习,65.17,83.67,1
1724,397,金融理财,10.0,54.76,0
1719,200,市场营销,54.59,45.75,0
1748,403,语言学习,111.47,55.29,0
1337,458,人工智能,210.88,73.83,1
1878,127,产品设计,144.64,79.41,1
1052,140,数据科学,133.97,61.48,0
1791,454,编程开发,51.89,58.29,0
1921,402,数据科学,70.53,54.36,0
1216,245,产品设计,75.18,60.78,0
1763,355,编程开发,77.63,80.97,0
1187,326,产品设计,98.91,73.19,1
1379,335,数据科学,517.2,64.29,0
1492,460,人工智能,99.66,81.89,1
1040,479,职业发展,79.72,68.01,1
1156,112,数据科学,128.1,73.79,0
1014,309,数据科学,101.14,81.26,1
1812,328,数据科学,24.27,58.93,1
1064,496,市场营销,122.06,81.03,0
1856,199,产品设计,112.99,79.43,0
1838,130,金融理财,25.22,61.0,0
1520,485,产品设计,84.52,54.26,0
1343,115,语言学习,155.82,75.28,1
1128,236,产品设计,51.81,76.41,0
1647,428,语言学习,45.47,72.62,0
1471,265,市场营销,100.51,86.87,1
1062,409,人工智能,157.38,70.4,1
1138,199,语言学习,228.62,90.02,1
1498,208,数据科学,159.54,65.45,1
1592,442,人工智能,185.09,80.01,1
1391,272,职业发展,140.8,84.74,1
1674,336,市场营销,78.89,76.73,1
1418,261,产品设计,159.1,76.5,1
1288,492,语言学习,114.86,68.49,1
1378,315,金融理财,,63.92,1
1772,363,数据科学,63.24,63.89,0
1489,362,编程开发,147.99,61.29,0
1230,391,职业发展,112.77,67.53,1
1040,373,编程开发,133.88,54.95,1
1027,102,人工智能,114.9,57.98,1
1134,127,产品设计,103.37,78.58,0
1200,425,金融理财,149.08,81.91,1
1839,248,编程开发,95.63,66.41,1
1779,127,人工智能,24.68,63.05,1
1929,409,市场营销,10.0,62.96,1
1032,164,人工智能,131.06,77.35,1
1047,455,职业发展,93.17,72.59,0
1502,120,金融理财,16.25,48.21,0
1406,351,金融理财,126.39,47.86,0
1573,334,人工智能,114.37,60.95,0
1727,326,职业发展,90.02,67.21,1
1804,112,人工智能,134.81,82.71,1
1098,412,金融理财,198.91,81.68,1
1683,148,金融理财,197.08,84.5,1
1871,217,数据科学,128.63,63.54,1
1725,153,人工智能,114.92,70.47,0
1986,237,语言学习,129.46,73.24,1
1546,152,人工智能,,65.91,1
1960,143,金融理财,103.9,59.41,0
1738,402,数据科学,130.47,70.42,1
1612,152,数据科学,25.58,69.1,0
1942,173,市场营销,124.88,63.09,1
1461,145,职业发展,148.61,72.37,1
1642,112,产品设计,453.05,82.36,1
1768,264,编程开发,114.27,65.92,0
1004,201,编程开发,53.31,65.26,0
1217,379,人工智能,44.98,63.32,1
1502,357,市场营销,132.65,71.02,0
1766,436,人工智能,76.23,84.1,1
1397,455,编程开发,,64.36,0
1870,497,职业发展,53.29,49.48,0
1794,237,金融理财,62.02,81.31,0
1392,262,职业发展,166.47,78.93,1
1206,486,职业发展,130.75,68.98,0
1014,210,数据科学,67.7,80.08,1
1857,201,金融理财,84.73,60.45,0
1553,116,产品设计,198.73,96.48,1
1891,367,金融理财,176.17,78.06,1
1460,281,市场营销,52.92,75.2,1
1690,471,数据科学,189.81,100.0,1
1574,123,产品设计,115.16,73.0,0
1863,128,市场营销,167.98,75.36,1
1742,270,市场营销,110.2,60.04,0
1240,327,编程开发,191.15,77.38,0
1563,477,数据科学,50.42,54.54,1
1095,287,市场营销,104.67,68.31,0
1899,445,语言学习,192.99,100.0,1
1733,329,职业发展,10.0,62.17,0
1484,420,市场营销,117.24,65.86,1
1406,439,产品设计,96.39,67.27,1
1230,218,编程开发,161.08,71.54,1
1748,255,人工智能,184.19,88.39,1
1654,371,职业发展,163.82,75.02,1
1170,274,编程开发,134.46,89.16,1
1540,203,人工智能,122.43,68.74,1
1035,191,数据科学,99.44,67.15,1
1524,285,数据科学,132.6,63.92,0
1159,382,市场营销,207.58,76.35,1
1838,280,语言学习,70.17,49.49,0
1698,269,数据科学,95.88,48.02,0
1242,286,金融理财,115.47,77.47,1
1085,274,市场营销,180.06,60.05,0
1795,321,职业发展,133.4,77.03,0
1577,332,编程开发,179.01,72.4,0
1681,261,数据科学,182.05,87.09,1
1556,233,金融理财,155.52,57.89,0
1573,490,编程开发,56.16,71.44,0
1952,323,编程开发,219.67,84.67,1
1645,252,语言学习,204.74,83.53,1
1795,132,数据科学,123.81,83.28,1
1027,154,编程开发,37.09,64.31,0
1619,106,语言学习,26.37,38.09,0
1555,343,语言学习,135.26,77.64,1
1339,412,数据科学,77.89,70.77,1
1797,225,语言学习,16.97,59.2,0
1957,111,数据科学,126.19,54.04,0
1330,115,金融理财,91.8,65.32,0
1639,307,数据科学,131.7,87.38,1
1505,142,人工智能,204.34,70.67,1
1347,472,编程开发,149.05,57.09,0
1472,234,金融理财,97.12,54.76,0
1230,327,产品设计,142.8,73.53,1
1189,210,数据科学,137.43,90.07,1
1224,406,编程开发,164.37,98.03,1
1384,259,职业发展,117.6,77.94,0
1376,430,语言学习,182.17,67.9,0
1282,363,市场营销,169.47,67.73,1
1957,324,数据科学,124.96,80.91,1
1632,316,语言学习,112.85,84.29,1
1627,144,语言学习,175.18,70.61,0
1972,313,语言学习,77.19,81.75,0
1744,158,语言学习,29.6,60.58,0
1258,231,语言学习,29.26,69.99,1
1358,203,数据科学,72.22,78.48,0
1709,294,职业发展,159.58,60.7,0
1455,256,产品设计,94.63,73.71,0
1410,197,人工智能,132.27,87.15,1
1648,325,语言学习,90.28,63.17,0
1317,304,语言学习,90.76,58.26,0
1676,178,人工智能,58.47,70.63,0
1224,223,职业发展,114.49,72.47,1
1818,317,金融理财,109.49,67.37,0
1233,103,职业发展,144.76,74.05,1
1683,189,金融理财,137.26,56.64,0
1663,203,数据科学,108.17,74.56,0
1974,492,编程开发,29.63,78.81,1
1826,218,市场营销,184.23,70.76,0
1373,232,市场营销,114.9,62.89,1
1671,411,编程开发,124.78,73.86,0
1607,195,数据科学,216.03,100.0,1
1471,430,市场营销,174.49,87.96,0
1232,242,职业发展,146.79,73.33,1
1691,387,人工智能,119.86,72.05,1
1112,127,编程开发,119.3,83.59,1
1829,377,职业发展,134.41,63.97,1
1496,332,产品设计,144.41,80.16,1
1441,116,数据科学,222.68,70.48,0
1563,158,编程开发,268.4,95.34,1
1267,189,市场营销,137.42,70.42,1
1509,298,数据科学,10.0,62.98,0
1806,461,人工智能,62.9,62.53,0
1385,125,数据科学,228.69,89.22,1
1386,124,数据科学,163.12,74.11,0
1112,493,人工智能,145.56,95.73,1
1612,400,语言学习,109.99,84.88,1
1624,438,人工智能,48.66,51.69,0
1951,366,职业发展,220.67,83.37,1
1080,280,数据科学,70.61,74.22,0
1698,459,金融理财,163.76,71.34,0
1112,167,人工智能,41.96,76.2,0
1001,450,语言学习,107.08,81.36,1
1641,420,职业发展,179.58,76.62,1
1219,148,金融理财,105.02,80.02,1
1565,274,金融理财,97.89,45.41,1
1854,151,编程开发,120.64,85.3,1
1996,201,人工智能,39.84,72.74,1
1735,315,人工智能,28.55,51.9,0
1224,287,数据科学,162.85,78.35,0
1384,156,职业发展,94.67,48.94,0
1402,146,编程开发,162.39,68.15,0
1637,258,产品设计,187.09,89.15,0
1129,273,产品设计,191.92,78.53,1
1052,341,市场营销,22.74,61.53,0
1683,381,人工智能,78.13,68.05,0
1729,340,人工智能,152.26,74.09,1
1671,469,编程开发,153.18,84.77,1
1709,104,语言学习,254.97,78.6,1
1415,183,产品设计,65.54,70.57,0
1246,407,市场营销,190.09,67.03,1
1835,460,编程开发,142.34,81.25,1
1438,347,人工智能,21.59,58.88,0
1202,153,产品设计,87.13,68.06,0
1183,260,职业发展,135.75,69.58,1
1122,325,市场营销,17.74,59.37,0
1400,114,数据科学,10.0,50.92,0
1766,323,产品设计,14.33,64.69,0
1293,160,市场营销,135.55,78.72,1
1279,221,编程开发,90.92,55.53,0
1836,376,数据科学,82.8,62.09,1
1883,145,市场营销,84.86,68.55,1
1609,489,市场营销,34.55,57.37,1
1197,393,金融理财,92.62,66.78,0
1981,161,金融理财,10.78,77.21,0
1906,185,金融理财,191.26,68.41,0
1510,309,人工智能,221.54,58.42,0
1751,177,语言学习,10.0,54.98,0
1143,301,产品设计,91.85,65.65,0
1608,401,人工智能,95.76,64.41,1
1200,496,职业发展,109.53,73.34,1
1123,322,数据科学,180.09,67.23,0
1186,321,语言学习,92.03,57.19,0
1325,102,市场营销,114.7,64.41,1
1463,105,人工智能,298.74,82.51,1
1348,192,金融理财,113.32,92.23,1
1770,107,语言学习,225.97,97.49,1
1659,334,职业发展,150.12,57.9,1
1763,207,产品设计,86.78,49.14,0
1954,260,职业发展,76.76,66.6,1
1931,308,数据科学,119.56,90.74,1
1402,339,编程开发,52.41,71.76,0
1345,430,人工智能,68.17,66.3,1
1962,432,金融理财,94.62,64.64,0
1510,149,数据科学,137.6,84.15,1
1146,110,编程开发,229.56,84.1,1
1147,450,金融理财,90.9,86.16,1
1863,255,金融理财,147.69,57.48,0
1710,169,金融理财,22.33,66.41,1
1819,268,人工智能,183.62,72.22,0
1488,371,数据科学,16.7,65.77,1
1928,167,金融理财,167.9,78.83,0
1935,454,职业发展,115.14,76.29,1
1639,351,数据科学,112.76,80.74,0
1550,147,语言学习,101.98,83.81,1
1337,283,职业发展,41.92,83.59,1
1871,419,人工智能,45.1,64.54,1
1640,286,金融理财,170.19,71.12,1
1778,189,数据科学,120.72,59.48,0
1987,431,市场营销,101.55,74.22,1
1952,238,人工智能,146.6,82.6,0
1472,456,数据科学,126.08,58.77,0
1945,188,语言学习,72.42,78.49,1
1150,373,金融理财,267.66,85.01,1
1414,118,编程开发,164.45,63.43,0
1989,410,金融理财,127.62,63.93,0
1297,457,编程开发,89.18,59.24,0
1610,473,市场营销,177.17,67.97,0
1262,253,人工智能,72.75,72.77,0
1763,489,语言学习,67.69,75.22,1
1143,359,数据科学,221.6,98.54,1
1345,207,数据科学,121.84,64.86,0
1623,470,编程开发,74.2,70.64,1
1571,384,语言学习,120.34,65.23,1
1880,158,职业发展,171.01,76.83,0
1001,224,市场营销,157.28,60.49,0
1896,453,编程开发,178.46,66.12,0
1303,372,编程开发,45.03,72.41,1
1253,206,市场营销,176.95,62.37,0
1651,398,人工智能,546.28,76.77,1
1452,344,数据科学,125.35,65.42,1
1036,435,人工智能,192.57,59.47,0
1159,346,语言学习,162.16,50.38,0
1008,107,职业发展,141.06,88.35,1
1232,240,金融理财,10.0,41.92,0
1098,461,产品设计,117.27,70.76,0
1658,107,产品设计,72.92,70.63,0
1815,451,产品设计,162.66,62.68,0
1207,193,市场营销,179.46,71.91,1
1130,420,编程开发,101.88,74.69,0
1403,138,职业发展,79.98,70.71,1
1151,180,人工智能,213.38,76.14,0
1053,286,金融理财,83.81,70.52,1
1119,183,数据科学,48.33,63.68,1
1672,187,产品设计,70.04,57.11,0
1919,341,人工智能,86.7,80.43,1
1627,441,产品设计,68.32,68.72,1
1586,192,职业发展,170.72,58.18,0
1624,185,产品设计,10.0,66.19,0
1967,143,数据科学,67.05,60.36,0
1419,236,金融理财,117.15,68.5,1
1421,173,语言学习,132.61,72.98,0
1103,135,语言学习,221.51,73.61,0
1851,200,职业发展,212.71,98.71,1
1253,255,语言学习,,47.4,0
1226,354,市场营销,10.0,61.54,1
1111,270,编程开发,121.5,75.63,1
1509,315,市场营销,79.61,68.15,0
1472,269,人工智能,48.48,62.8,1
1098,351,市场营销,120.97,67.99,0
1152,459,人工智能,133.84,64.98,0
1860,421,人工智能,69.66,58.56,0
1913,154,编程开发,82.55,79.61,1
1895,190,数据科学,74.28,62.8,0
1877,377,金融理财,95.31,90.59,1
1337,200,职业发展,152.49,81.51,1
1705,254,编程开发,55.33,38.7,1
1821,476,职业发展,81.56,76.76,1
1162,448,语言学习,96.04,68.81,0
1719,463,语言学习,119.59,57.73,0
1956,240,市场营销,136.56,86.32,1
1680,272,人工智能,242.54,79.22,1
1995,109,产品设计,154.33,69.79,0
1160,327,产品设计,155.76,78.89,1
1579,364,职业发展,104.0,81.54,1
1800,347,人工智能,61.21,67.08,0
1397,346,职业发展,88.31,69.0,1
1276,254,编程开发,77.38,60.55,1
1815,133,数据科学,143.53,85.21,0
1915,228,金融理财,20.92,63.26,0
1503,259,编程开发,155.55,72.87,1
1895,188,人工智能,112.97,67.49,1
1391,192,人工智能,164.0,86.21,1
1134,426,数据科学,76.57,64.82,1
1194,340,职业发展,65.92,76.7,0
1400,422,市场营销,95.6,64.58,1
1639,216,市场营销,94.16,76.38,0
1032,193,数据科学,168.38,78.44,0
1687,262,市场营销,167.81,66.81,1
1459,198,产品设计,234.3,81.91,1
1954,212,市场营销,90.27,46.87,1
1882,458,市场营销,10.0,53.53,0
1469,190,市场营销,95.43,53.5,1
1374,445,产品设计,133.84,92.99,1
1021,305,职业发展,162.87,60.17,0
1749,116,市场营销,138.22,99.3,1
1669,373,语言学习,90.22,73.91,1
1037,272,产品设计,222.85,76.48,0
1229,215,数据科学,57.98,73.7,1
1364,448,编程开发,103.52,63.62,1
1562,280,数据科学,55.21,51.27,0
1437,190,编程开发,121.17,72.57,0
1775,181,金融理财,215.34,87.94,1
1282,423,数据科学,111.54,83.63,1
1026,213,语言学习,111.91,75.86,0
1225,356,编程开发,18.24,56.48,0
1276,157,编程开发,102.78,83.86,1
1797,253,人工智能,189.03,90.01,1
1608,464,编程开发,104.99,72.9,1
1283,215,编程开发,100.93,81.92,1
1878,442,人工智能,186.34,99.96,1
1959,365,市场营销,101.19,64.4,0
1480,414,市场营销,197.52,70.21,0
1452,302,人工智能,42.92,58.45,0
1828,140,产品设计,160.67,62.12,1
1815,204,金融理财,218.78,87.18,1
1658,488,编程开发,180.47,61.45,0
1515,477,编程开发,10.0,73.62,1
1546,292,人工智能,81.7,61.22,0
1191,377,人工智能,105.48,83.84,1
1048,453,产品设计,180.6,51.99,0
1511,336,语言学习,40.1,60.05,0
1016,320,市场营销,58.86,52.79,0
1171,167,数据科学,23.69,75.84,1
1219,296,语言学习,70.45,83.64,1
1157,355,职业发展,44.9,40.92,0
1476,238,市场营销,215.87,89.65,0
1045,411,编程开发,81.16,78.58,1
1372,248,职业发展,161.46,78.95,0
1517,198,语言学习,121.08,77.65,1
1098,175,人工智能,120.24,76.85,1
1891,381,产品设计,84.51,76.91,1
1744,470,市场营销,166.2,65.23,1
1036,208,产品设计,129.26,84.57,1
1279,287,职业发展,125.8,74.32,1
1348,298,市场营销,84.39,69.7,1
1496,402,金融理财,94.21,74.83,1
1301,426,金融理财,155.33,62.39,1
1180,253,语言学习,133.8,57.47,1
1606,139,编程开发,127.41,71.18,0
1098,232,金融理财,74.76,82.7,0
1699,231,金融理财,236.65,71.15,0
1992,378,数据科学,91.22,70.62,0
1115,461,产品设计,118.18,64.32,0
1190,183,产品设计,108.78,62.07,0
1252,498,金融理财,237.28,88.08,1
1980,341,数据科学,102.55,77.56,1
1927,215,产品设计,97.06,61.56,0
1982,208,产品设计,127.1,86.23,1
1160,320,市场营销,78.39,71.85,1
1255,491,市场营销,126.7,69.9,0
1322,140,数据科学,262.3,88.98,1
1127,467,职业发展,137.98,93.78,1
1017,246,编程开发,135.79,80.74,0
1792,211,语言学习,76.93,60.49,0
1734,202,金融理财,222.55,81.45,1
1565,145,金融理财,236.34,84.29,1
1569,423,语言学习,171.16,83.29,1
1322,477,金融理财,159.23,77.88,1
1871,370,金融理财,105.91,89.25,1
1685,484,职业发展,143.48,71.68,1
1791,294,产品设计,69.89,49.5,0
1625,466,编程开发,52.43,67.24,1
1287,379,金融理财,30.76,58.58,0
1942,382,数据科学,144.64,59.02,0
1853,139,职业发展,37.3,56.59,0
1662,288,金融理财,90.02,65.17,0
1961,263,数据科学,116.33,82.71,0
1638,123,市场营销,179.72,62.64,0
1154,123,产品设计,85.31,71.79,1
1489,103,人工智能,186.8,100.0,1
1385,422,金融理财,176.35,75.4,1
1985,389,数据科学,55.72,63.37,0
1784,280,职业发展,187.37,85.41,0
1103,347,产品设计,102.99,75.23,1
1928,215,编程开发,90.06,82.93,1
1392,378,职业发展,103.24,68.37,1
1810,464,市场营销,119.79,78.67,1
1245,168,语言学习,475.49,76.43,1
1175,450,金融理财,69.62,63.41,0
1038,353,编程开发,74.92,66.14,1
1476,280,数据科学,128.34,72.37,0
1681,417,金融理财,110.37,58.35,0
1758,268,数据科学,151.64,70.86,0
1537,412,编程开发,123.14,86.93,1
1866,348,数据科学,124.62,82.49,1
1817,287,职业发展,155.57,69.33,1
1920,153,产品设计,,79.79,1
1407,425,数据科学,207.54,89.89,0
1524,456,市场营销,200.42,83.92,0
1827,412,产品设计,172.23,84.74,0
1505,237,职业发展,245.12,89.17,0
1902,267,金融理财,146.27,76.37,0
1824,490,人工智能,139.53,71.91,0
1035,202,金融理财,254.64,72.81,0
1684,184,数据科学,10.0,67.89,1
1019,416,数据科学,107.17,68.2,0
1320,311,市场营销,195.15,62.49,0
1775,102,职业发展,178.82,71.93,0
1511,483,市场营销,273.94,95.16,1
1399,278,语言学习,126.45,53.13,0
1653,441,职业发展,94.15,58.86,0
1971,402,编程开发,100.07,71.1,1
1882,431,编程开发,139.08,87.58,1
1470,137,编程开发,217.3,91.13,0
1142,338,市场营销,218.05,96.22,1
1091,268,编程开发,116.64,73.42,0
1353,496,职业发展,135.18,71.05,0
1833,442,编程开发,83.3,76.53,1
1799,413,人工智能,89.57,59.71,0
1726,405,编程开发,182.78,68.0,0
1958,129,数据科学,216.13,69.46,0
1853,289,语言学习,78.16,78.49,1
1050,456,市场营销,134.58,64.74,0
1664,124,产品设计,105.42,80.25,1
1697,211,语言学习,171.83,78.19,0
1574,305,人工智能,96.69,80.42,1
1189,284,市场营销,10.0,49.92,0
1124,481,职业发展,180.22,71.27,1
1149,478,金融理财,101.79,74.44,0
1313,146,市场营销,108.03,66.19,1
1569,473,数据科学,146.14,49.27,0
1341,327,职业发展,,60.0,1
1304,138,语言学习,736.84,63.19,1
1691,115,语言学习,22.22,51.77,0
1681,121,编程开发,153.38,81.73,1
1837,312,职业发展,10.0,64.34,0
1782,409,金融理财,166.17,77.78,1
1053,248,数据科学,187.1,98.28,1
1443,340,编程开发,37.89,75.44,1
1612,371,编程开发,,81.6,1
1992,158,金融理财,183.43,62.88,1
1263,386,市场营销,93.06,69.64,0
1052,301,语言学习,160.42,78.58,0
1571,131,编程开发,10.0,56.82,0
1619,261,人工智能,185.89,95.14,1
1004,354,人工智能,121.8,72.35,1
1102,353,语言学习,104.53,57.88,0
1195,108,人工智能,179.04,67.43,1
1773,238,金融理财,223.76,100.0,1
1876,109,市场营销,149.14,70.3,1
1991,313,数据科学,216.52,60.27,1
1883,372,产品设计,26.8,56.61,0
1349,423,编程开发,159.96,57.29,0
1046,147,产品设计,112.08,80.07,1
1866,210,数据科学,72.71,47.52,0
1822,252,数据科学,10.0,46.95,0
1935,222,金融理财,156.71,75.28,0
1819,456,市场营销,172.52,87.87,1
1655,201,人工智能,200.52,78.8,1
1268,340,人工智能,190.59,65.95,0
1369,420,金融理财,73.7,68.99,1
1635,290,数据科学,197.44,74.52,0
1105,316,市场营销,203.78,91.14,1
1669,150,市场营销,104.4,78.7,1
1658,391,语言学习,121.71,66.46,0
1656,180,职业发展,63.95,74.02,0
1119,482,编程开发,208.85,83.02,1
1830,187,金融理财,29.29,76.52,0
1786,293,职业发展,152.1,82.16,0
1603,203,金融理财,84.19,73.66,0
1057,370,人工智能,53.53,78.48,1
1950,195,数据科学,10.0,61.13,0
1345,478,金融理财,,62.68,0
1740,297,金融理财,44.12,66.3,1
1473,100,语言学习,123.39,68.44,1
1116,477,产品设计,226.16,88.03,1
1829,266,人工智能,131.97,73.45,1
1790,225,编程开发,239.84,87.35,0
1126,412,市场营销,61.06,53.9,0
1392,180,数据科学,43.14,69.28,0
1907,350,人工智能,58.38,52.82,0
1640,268,产品设计,116.09,80.9,1
1057,172,金融理财,283.38,97.18,1
1633,240,编程开发,20.27,65.45,1
1512,169,金融理财,157.18,78.38,1
1750,361,编程开发,78.0,65.35,0
1801,439,语言学习,532.86,64.33,0
1095,407,金融理财,44.52,64.18,0
1637,344,人工智能,172.75,96.62,1
1117,102,产品设计,117.36,73.7,0
1559,436,编程开发,185.25,64.55,1
1600,162,数据科学,130.51,55.61,0
1487,148,编程开发,10.0,46.59,1
1236,175,产品设计,185.79,74.29,0
1884,467,市场营销,10.0,73.63,1
1896,274,市场营销,10.0,50.74,0
1271,208,语言学习,64.97,80.53,1
1188,282,人工智能,65.77,68.19,1
1998,291,产品设计,203.76,84.64,1
1703,164,语言学习,109.73,75.23,0
1446,436,职业发展,194.84,84.85,1
1580,370,编程开发,85.92,64.24,1
1789,199,职业发展,139.06,50.18,0
1860,131,编程开发,148.44,68.55,1
1246,451,市场营销,161.76,66.85,1
1962,227,语言学习,92.1,72.06,1
1075,468,市场营销,,71.65,0
1153,438,数据科学,102.11,67.2,1
1655,142,职业发展,20.86,79.58,0
1434,471,职业发展,114.97,64.77,0
1996,177,市场营销,96.98,47.17,0
1085,413,数据科学,154.8,76.24,0
1696,388,编程开发,125.48,84.09,1
1284,369,语言学习,200.18,82.33,1
1973,261,数据科学,124.21,68.51,1
1219,288,语言学习,86.27,70.79,1
1068,346,职业发展,123.46,90.39,1
1046,487,语言学习,163.45,67.14,0
1093,315,职业发展,13.61,61.63,0
1749,414,数据科学,77.09,74.19,1
1957,438,职业发展,78.35,70.16,1
1452,489,金融理财,144.66,71.59,1
1203,476,人工智能,151.64,70.48,0
1911,267,职业发展,126.07,69.41,0
1217,438,市场营销,10.0,66.29,0
1473,292,数据科学,20.88,66.77,1
1431,382,金融理财,105.66,91.22,1
1340,435,编程开发,89.91,53.37,0
1550,489,语言学习,120.32,89.28,1
1611,112,金融理财,91.84,66.88,1
1288,339,产品设计,211.9,79.7,1
1253,419,金融理财,10.0,69.56,0
1733,246,数据科学,138.16,81.96,0
1356,303,金融理财,169.68,88.06,0
1022,179,金融理财,162.09,89.51,1
1761,478,市场营销,167.24,75.86,0
1521,142,职业发展,175.87,90.97,1
1757,188,语言学习,83.76,61.85,0
1836,247,人工智能,53.91,62.19,0
1099,194,编程开发,10.0,59.15,0
1801,250,人工智能,98.24,64.29,0
1179,101,金融理财,73.35,67.73,0
1222,475,产品设计,189.7,87.41,1
1905,121,数据科学,,76.5,1
1761,470,语言学习,58.18,59.52,0
1658,412,数据科学,48.69,57.78,0
1441,427,市场营销,239.33,74.71,1
1607,106,数据科学,118.67,72.43,0
1768,305,编程开发,73.11,51.3,0
1324,474,产品设计,127.44,63.48,0
1515,213,人工智能,233.81,78.14,1
1015,371,金融理财,96.62,79.95,1
1791,182,金融理财,161.22,74.35,1
1335,278,产品设计,191.19,88.65,1
1758,309,语言学习,10.0,62.85,1
1257,427,数据科学,81.7,63.2,0
1496,223,语言学习,183.67,73.52,1
1987,212,人工智能,78.04,55.93,0
1895,111,语言学习,144.88,98.12,1
1159,225,市场营销,74.49,78.35,0
1474,152,产品设计,93.27,75.1,1
1851,430,人工智能,85.96,55.32,0
1663,488,人工智能,158.2,70.86,0
1907,382,职业发展,132.09,63.09,0
1689,239,人工智能,125.93,73.52,1
1674,489,职业发展,270.45,77.02,1
1379,196,编程开发,224.38,75.11,1
1544,104,金融理财,10.0,51.96,1
1928,156,职业发展,93.4,66.68,1
1956,433,产品设计,265.59,86.54,1
1690,168,语言学习,85.52,66.18,0
1426,217,职业发展,245.26,99.17,1
1612,475,人工智能,94.42,77.29,1
1267,158,产品设计,105.96,62.47,1
1834,132,职业发展,171.81,79.96,1
1576,417,职业发展,114.59,64.13,0
1416,149,人工智能,149.68,70.6,1
1167,467,市场营销,214.5,85.65,1
1841,118,市场营销,165.53,82.75,0
1042,313,职业发展,128.49,66.62,0
1555,296,市场营销,220.41,70.38,1
1284,478,数据科学,172.6,77.66,1
1396,146,人工智能,75.99,71.73,1
1011,266,数据科学,238.8,76.83,0
1606,388,产品设计,158.54,83.58,0
1301,240,数据科学,107.18,76.81,0
1897,183,产品设计,10.0,54.44,0
1252,281,职业发展,37.35,74.93,1
1498,490,产品设计,222.01,93.19,1
1753,178,产品设计,224.38,100.0,1
1034,314,语言学习,125.12,89.28,1
1726,113,数据科学,13.79,52.31,0
1848,314,语言学习,54.78,74.58,0
1089,227,职业发展,22.57,70.99,1
1775,409,人工智能,20.39,58.5,0
1604,347,数据科学,241.61,88.04,1
1921,128,人工智能,243.6,64.91,1
1969,379,人工智能,52.75,46.07,0
1601,437,产品设计,119.48,54.47,0
1417,418,金融理财,42.91,68.06,1
1114,301,数据科学,119.09,75.94,0
1616,460,人工智能,218.36,78.49,1
1902,156,金融理财,184.72,95.17,1
1195,491,市场营销,168.52,86.25,1
1825,317,人工智能,108.35,54.55,0
1500,161,市场营销,195.72,77.31,0
1625,256,数据科学,158.8,66.04,0
1492,301,职业发展,144.23,78.16,1
1074,116,语言学习,113.08,70.69,1
1412,421,数据科学,139.1,64.69,0
1375,105,语言学习,137.3,90.29,1
1419,157,语言学习,87.51,69.08,0
1728,424,数据科学,73.51,62.99,0
1276,417,人工智能,60.19,63.32,0
1760,268,编程开发,64.03,82.41,1
1675,181,人工智能,108.71,79.68,1
1393,318,人工智能,98.84,67.99,1
1868,276,职业发展,82.76,58.12,0
1456,303,产品设计,78.31,59.25,0
1919,170,产品设计,137.51,68.55,1
1191,486,人工智能,202.66,84.77,0
1738,365,市场营销,119.35,79.17,0
1688,197,职业发展,115.42,63.97,0
1098,444,语言学习,63.91,74.22,0
1547,390,金融理财,106.62,61.28,0
1977,307,产品设计,191.42,72.49,1
1998,101,人工智能,182.25,63.22,0
1095,223,职业发展,178.08,62.52,0
1663,379,编程开发,176.15,67.93,0
1662,173,市场营销,146.2,73.96,0
1189,265,数据科学,144.07,64.07,1
1735,121,人工智能,134.69,88.08,1
1036,253,职业发展,94.99,59.91,0
1779,394,人工智能,125.02,73.99,1
1368,318,金融理财,132.94,86.13,1
1694,256,语言学习,157.99,76.29,0
1524,329,市场营销,126.02,68.61,1
1278,119,产品设计,246.31,85.42,0
1216,140,产品设计,47.41,58.99,0
1866,247,产品设计,165.27,66.06,0
1872,207,金融理财,117.53,77.55,1
1797,183,数据科学,120.13,65.85,0
1272,466,职业发展,71.25,76.29,1
1880,421,市场营销,181.16,85.58,0
1061,408,市场营销,159.17,77.14,1
1595,389,产品设计,170.02,86.24,1
1879,422,产品设计,130.15,67.21,1
1728,233,语言学习,100.51,77.61,0
1341,306,金融理财,116.01,79.06,1
1396,382,编程开发,146.01,71.18,0
1698,365,编程开发,10.0,56.68,0
1018,172,人工智能,172.38,80.05,1
1176,451,人工智能,265.57,100.0,1
1611,147,市场营销,148.82,72.15,1
1395,425,市场营销,103.14,65.52,1
1444,332,数据科学,110.33,82.51,1
1232,199,数据科学,162.45,76.48,0
1914,158,编程开发,104.5,78.82,0
1075,357,金融理财,172.12,91.48,1
1264,164,人工智能,109.55,51.58,0
1454,182,编程开发,222.85,81.29,1
1795,253,金融理财,221.2,79.21,1
1717,365,编程开发,100.19,60.12,0
1734,408,人工智能,115.14,52.01,0
1383,178,职业发展,118.66,55.62,0
1563,414,数据科学,,72.66,0
1850,249,语言学习,63.15,60.8,0
1505,147,语言学习,54.76,57.31,1
1366,478,语言学习,194.99,79.9,1
1143,347,人工智能,185.39,71.1,1
1884,377,产品设计,184.35,90.82,1
1068,455,产品设计,115.84,65.05,0
1098,197,产品设计,233.52,97.76,1
1395,124,市场营销,118.65,71.24,0
1024,383,数据科学,171.77,70.18,1
1947,468,数据科学,36.68,56.32,0
1890,400,职业发展,531.08,85.46,1
1468,167,职业发展,110.65,77.72,1
1483,106,市场营销,116.07,63.69,1
1564,404,编程开发,40.47,65.13,1
1150,236,金融理财,162.23,52.19,1
1143,263,职业发展,181.72,64.35,0
1568,182,语言学习,75.37,59.82,0
1038,484,产品设计,51.16,57.23,0
1108,237,语言学习,73.86,79.31,0
1692,172,产品设计,,55.42,0
1041,336,语言学习,84.2,53.91,0
1185,145,编程开发,111.96,75.41,1
1934,205,金融理财,55.59,67.71,1
1397,387,语言学习,238.76,79.71,1
1222,361,语言学习,124.39,92.62,1
1633,275,人工智能,188.98,84.55,1
1132,265,金融理财,149.59,86.77,0
1162,244,语言学习,117.49,70.91,1
1214,429,人工智能,114.38,65.68,1
1732,469,数据科学,76.49,62.11,1
1234,382,金融理财,92.97,78.32,1
1842,153,市场营销,59.53,73.52,0
1657,277,金融理财,52.99,62.97,0
1750,343,金融理财,245.18,88.55,1
1587,440,语言学习,136.73,82.92,1
1008,226,数据科学,207.94,74.58,1
1073,466,金融理财,72.36,63.6,0
1953,370,职业发展,44.9,68.83,0
1491,231,职业发展,61.33,48.08,0
1912,192,人工智能,94.68,73.86,1
1252,478,语言学习,122.19,60.63,0
1229,172,语言学习,110.94,80.2,1
1518,347,金融理财,73.61,88.63,1
1173,447,编程开发,125.26,65.21,0
1652,372,数据科学,130.52,59.19,0
1167,142,产品设计,162.14,73.96,0
1169,476,产品设计,208.23,77.59,1
1392,140,编程开发,98.17,76.15,1
1945,269,人工智能,192.93,81.1,0
1794,311,产品设计,123.96,69.09,0
1633,267,金融理财,28.36,63.66,1
1193,138,产品设计,227.0,70.85,1
1516,468,职业发展,256.35,93.22,1
1028,344,职业发展,157.15,91.46,0
1164,250,市场营销,125.39,60.21,1
1421,210,数据科学,103.72,54.29,0
1338,146,人工智能,92.16,64.94,0
1647,162,语言学习,192.64,66.51,1
1495,324,数据科学,118.96,58.8,0
1364,465,人工智能,220.44,67.41,0
1832,168,产品设计,122.09,69.93,1
1341,398,市场营销,95.26,65.15,0
1499,389,数据科学,83.92,71.89,1
1656,395,产品设计,75.38,61.7,1
1510,302,人工智能,150.85,62.5,0
1326,160,数据科学,42.33,63.95,0
1216,417,语言学习,70.9,56.31,0
1300,413,数据科学,199.47,84.51,0
1131,260,产品设计,62.73,49.44,0
1803,430,金融理财,171.76,55.05,0
1069,115,金融理财,10.0,44.87,0
1251,437,数据科学,207.01,75.94,1
1414,193,语言学习,43.79,61.39,0
1786,403,市场营销,67.42,67.92,0
1444,237,市场营销,160.82,69.99,1
1875,437,金融理财,136.22,64.78,1
1181,137,产品设计,173.7,91.22,1
1166,226,人工智能,43.3,75.9,0
1090,374,产品设计,102.79,79.86,0
1713,263,市场营销,82.98,71.16,1
1857,418,编程开发,53.39,69.08,1
1530,176,编程开发,155.75,67.09,0
1038,273,数据科学,176.58,78.61,0
1125,486,语言学习,99.79,60.3,0
1450,457,金融理财,211.36,70.02,0
1172,420,职业发展,72.86,50.91,0
1652,475,职业发展,,84.47,1
1753,190,职业发展,153.73,76.58,0
1219,337,数据科学,46.59,61.5,0
1637,363,编程开发,238.89,78.89,0
1057,278,市场营销,93.33,50.77,0
1659,308,数据科学,192.31,81.26,1
1475,172,职业发展,128.74,69.36,1
1455,489,职业发展,142.47,82.81,1
1828,206,金融理财,174.07,78.39,0
1894,444,产品设计,170.75,83.66,0
1360,394,职业发展,99.47,69.6,0
1934,468,语言学习,151.9,76.58,1
1000,383,职业发展,147.4,83.64,1
1386,452,产品设计,132.81,70.99,0
1972,281,职业发展,107.8,75.2,0
1347,136,语言学习,132.69,68.47,1
1189,236,市场营销,238.05,81.83,1
1504,437,数据科学,102.3,85.88,1
1190,155,语言学习,192.4,85.11,0
1507,286,产品设计,82.82,62.64,1
1368,440,数据科学,67.12,70.75,1
1408,357,数据科学,316.58,77.98,1
1823,157,产品设计,152.4,72.6,0
1928,462,金融理财,154.05,65.44,1
1933,222,编程开发,155.71,79.66,1
1116,287,职业发展,204.44,77.99,0
1133,329,语言学习,144.47,76.88,1
1057,267,产品设计,168.97,84.17,1
1555,213,市场营销,56.49,60.89,1
1684,351,人工智能,179.04,73.16,1
1671,206,产品设计,105.79,69.92,0
1172,136,职业发展,160.3,66.98,0
1828,434,职业发展,17.09,61.55,0
1814,191,数据科学,157.81,75.76,1
1148,117,数据科学,10.0,63.26,0
1079,453,产品设计,103.45,74.25,0
1885,162,人工智能,17.67,45.69,0
1212,249,金融理财,157.98,62.51,0
1202,238,产品设计,124.16,60.4,0
1763,285,人工智能,73.75,68.1,1
1228,284,金融理财,206.06,77.19,1
1675,304,人工智能,66.2,43.76,0
1226,359,职业发展,10.0,80.44,1
1658,313,职业发展,150.82,54.77,0
1531,355,职业发展,14.0,61.67,0
1440,234,市场营销,68.1,72.25,1
1401,160,职业发展,88.96,61.45,0
1046,462,语言学习,34.56,69.76,1
1232,409,数据科学,90.38,58.7,1
1304,187,数据科学,35.68,65.18,0
1525,423,人工智能,129.74,50.81,0
1142,306,数据科学,231.38,76.23,1
1414,228,编程开发,121.81,71.85,1
1512,410,金融理财,189.72,62.5,1
1372,102,人工智能,166.94,82.52,1
1565,341,数据科学,115.1,87.51,1
1885,220,编程开发,60.68,56.63,0
1258,484,金融理财,129.55,70.49,0
1655,201,市场营销,78.26,62.46,0
1470,137,数据科学,132.07,65.14,1
1952,440,编程开发,17.08,52.91,1
1970,232,产品设计,168.44,69.91,1
1011,301,语言学习,121.99,65.94,0
1329,447,产品设计,252.51,80.99,1
1735,120,编程开发,198.36,74.99,1
1783,341,人工智能,153.97,82.58,1
1967,208,职业发展,112.56,77.66,0
1357,402,职业发展,76.22,52.08,0
1971,183,职业发展,176.54,71.23,0
1407,182,金融理财,531.16,82.83,1
1667,390,人工智能,190.1,81.42,1
1372,168,金融理财,144.05,77.35,1
1007,228,数据科学,144.48,76.44,1
1121,295,职业发展,155.67,72.52,0
1347,239,产品设计,64.82,65.89,0
1675,382,人工智能,58.67,61.67,0
1089,411,人工智能,56.6,74.06,1
1647,333,职业发展,182.85,73.83,1
1697,122,产品设计,63.26,65.02,1
1315,252,市场营销,70.73,74.23,0
1177,376,人工智能,152.25,71.52,1
1539,160,职业发展,104.88,69.49,1
1731,418,语言学习,97.21,65.87,1
1868,477,编程开发,92.01,68.05,1
1040,151,金融理财,10.0,57.73,1
1739,443,数据科学,61.99,60.67,0
1703,252,人工智能,190.89,71.48,1
1922,336,语言学习,87.64,66.8,0
1501,410,语言学习,10.0,71.15,1
1958,401,人工智能,59.52,72.02,0
1144,131,市场营销,141.59,57.97,0
1200,154,编程开发,140.4,69.36,1
1928,451,数据科学,102.34,63.57,1
1723,488,人工智能,78.65,52.02,0
1460,135,金融理财,35.87,66.24,1
1731,209,数据科学,142.09,72.85,1
1751,276,产品设计,170.27,96.78,1
1924,461,语言学习,197.33,75.84,1
1908,413,语言学习,53.36,57.43,1
1557,394,人工智能,201.93,70.9,1
1546,435,人工智能,116.6,66.82,1
1252,196,金融理财,121.59,77.72,1
1389,468,产品设计,173.62,83.93,1
1593,312,市场营销,87.54,97.77,1
1882,416,人工智能,10.0,48.91,0
1255,236,语言学习,162.29,76.64,1
1708,105,数据科学,140.91,66.86,0
1814,208,编程开发,98.38,73.07,0
1920,134,职业发展,157.35,89.13,1
1449,138,数据科学,169.62,85.11,1
1009,249,市场营销,29.28,50.77,0
1823,217,编程开发,121.35,78.64,1
1797,360,数据科学,10.0,39.84,0
1241,186,数据科学,112.58,47.15,0
1250,175,产品设计,97.64,67.0,1
1876,412,职业发展,149.51,80.64,1
1004,482,金融理财,55.62,68.89,1
1118,313,市场营销,94.71,88.27,1
1800,384,语言学习,10.0,62.07,1
1373,338,产品设计,153.45,73.85,1
1064,264,编程开发,114.7,82.7,1
1145,186,职业发展,125.23,68.43,1
1223,240,语言学习,30.39,66.84,0
1238,259,产品设计,143.88,78.48,1
1176,145,职业发展,219.16,71.59,0
1778,471,金融理财,108.91,74.46,1
1852,211,市场营销,159.01,97.31,1
1281,144,人工智能,67.76,77.95,1
1062,346,金融理财,115.39,62.83,1
1216,203,人工智能,28.12,86.12,1
1853,184,编程开发,167.29,83.16,0
1826,233,人工智能,129.59,76.84,1
1794,207,产品设计,46.84,63.58,0
1688,117,编程开发,71.89,73.82,1
1460,193,语言学习,123.67,73.14,1
1928,249,金融理财,175.43,77.25,1
1609,345,金融理财,208.77,78.97,1
1104,388,市场营销,111.95,80.62,0
1098,308,编程开发,38.12,72.34,1
1510,225,语言学习,134.31,71.56,1
1384,334,金融理财,227.09,66.89,0
1404,221,编程开发,22.64,62.56,1
1822,237,数据科学,62.72,58.92,0
1517,214,数据科学,156.66,70.49,1
1475,261,编程开发,129.22,71.31,0
1976,300,金融理财,87.3,57.88,0
1708,333,职业发展,133.21,56.85,0
1862,127,人工智能,178.65,80.29,1
1644,110,数据科学,114.1,71.36,0
1869,305,职业发展,108.84,70.47,1
1770,266,职业发展,155.34,80.21,1
1436,346,市场营销,103.77,63.49,1
1022,146,语言学习,188.55,81.66,1
1996,345,产品设计,241.6,96.86,1
1564,226,数据科学,66.42,63.91,0
1676,246,编程开发,45.0,83.37,1
1713,217,人工智能,142.3,74.33,1
1457,498,产品设计,42.87,55.64,0
1082,481,语言学习,41.85,72.57,0
1144,251,职业发展,10.0,59.85,0
1084,171,语言学习,97.06,79.96,1
1077,462,金融理财,118.02,75.61,0
1456,236,数据科学,88.96,65.37,0
1877,274,语言学习,203.42,94.99,1
1000,388,语言学习,198.95,74.35,0
1050,118,人工智能,235.73,61.26,1
1684,294,金融理财,122.79,80.74,0
1716,429,金融理财,191.03,82.07,1
1771,274,职业发展,138.53,86.31,0
1445,453,人工智能,132.5,64.07,1
1448,240,人工智能,91.96,66.47,1
1880,345,编程开发,10.0,57.37,0
1487,484,语言学习,158.24,84.72,0
1799,192,语言学习,189.25,84.91,1
1033,338,金融理财,28.46,64.92,1
1347,304,语言学习,119.42,73.82,1
1094,147,市场营销,179.5,65.94,0
1071,344,人工智能,98.43,77.26,0
1550,419,产品设计,191.59,86.52,1
1153,416,金融理财,111.58,93.76,1
1249,394,数据科学,88.49,73.31,0
1673,227,金融理财,195.02,85.28,1
1437,443,职业发展,63.97,71.0,1
1117,381,产品设计,76.51,60.47,0
1770,116,职业发展,66.27,78.94,1
1890,170,编程开发,51.44,64.44,0
1305,368,编程开发,129.18,70.63,1
1267,424,职业发展,89.22,67.33,0
1960,381,语言学习,149.32,73.86,0
1053,404,产品设计,15.92,56.68,1
1235,106,语言学习,52.65,67.27,0
1388,413,金融理财,123.09,71.0,1
1989,404,市场营销,208.18,78.42,1
1733,202,编程开发,142.71,78.77,0
1762,408,编程开发,84.64,68.99,1
1824,292,产品设计,30.63,57.44,0
1400,340,编程开发,81.13,60.25,0
1623,161,市场营销,117.45,72.4,0
1766,116,市场营销,10.0,53.51,0
1302,270,市场营销,47.2,56.4,0
1918,124,数据科学,75.75,59.32,0
1206,350,市场营销,104.56,72.71,0
1228,352,市场营销,116.74,83.29,0
1852,486,数据科学,83.35,71.58,1
1909,306,语言学习,150.35,83.49,0
1577,128,金融理财,127.48,71.7,1
1074,216,人工智能,97.8,70.93,0
1434,381,编程开发,158.63,91.95,1
1102,479,市场营销,153.72,83.23,1
1421,243,编程开发,32.77,72.56,0
1703,124,产品设计,118.08,68.84,0
1763,409,编程开发,173.42,76.81,1
1737,255,职业发展,183.45,81.89,1
1805,172,语言学习,142.25,67.77,0
1305,219,金融理财,106.0,46.67,0
1097,411,数据科学,145.28,78.09,0
1849,420,编程开发,168.47,85.99,1
1797,192,编程开发,126.95,72.89,1
1334,185,编程开发,133.72,67.04,0
1858,435,人工智能,105.01,66.9,0
1434,463,人工智能,39.79,43.59,0
1446,217,产品设计,109.54,67.32,0
1993,332,数据科学,79.37,56.57,0
1307,298,编程开发,79.56,60.74,0
1248,305,编程开发,206.03,68.37,1
1165,438,编程开发,177.09,64.41,1
1480,246,编程开发,18.39,51.75,0
1983,370,人工智能,54.91,71.67,1
1334,486,语言学习,98.19,64.45,1
1541,238,语言学习,81.56,56.85,0
1758,280,产品设计,139.05,81.06,0
1105,129,职业发展,45.38,65.7,0
1562,156,市场营销,177.51,53.62,0
1080,331,数据科学,117.36,81.37,1
1132,245,语言学习,99.57,70.4,0
1796,483,职业发展,119.14,79.29,1
1899,147,金融理财,94.95,66.98,0
1137,293,金融理财,10.0,77.02,1
1183,323,编程开发,120.72,67.92,1
1400,235,金融理财,100.76,43.44,0
1329,121,语言学习,62.73,57.21,0
1784,105,产品设计,185.85,83.09,1
1507,303,市场营销,160.17,77.16,1
1851,338,语言学习,266.33,84.67,1
1983,284,产品设计,170.09,66.67,0
1068,459,金融理财,81.39,68.1,1
1545,391,人工智能,65.65,66.24,0
1773,434,市场营销,90.34,68.54,0
1052,319,产品设计,80.0,73.15,0
1449,215,职业发展,126.53,74.12,1
1204,412,语言学习,27.67,60.17,0
1125,148,人工智能,158.84,65.42,0
1746,272,职业发展,125.47,85.8,1
1042,181,产品设计,151.95,94.59,1
1751,421,产品设计,,82.43,1
1970,432,金融理财,134.8,80.1,1
1882,144,职业发展,197.95,62.49,0
1110,434,语言学习,68.37,48.67,0
1760,119,市场营销,66.73,61.0,0
1662,320,人工智能,162.72,75.27,1
1182,222,金融理财,61.86,65.06,0
1847,333,编程开发,106.0,72.24,1
1094,320,数据科学,208.54,66.35,0
1970,422,市场营销,67.58,82.64,1
1373,438,金融理财,212.67,95.73,1
1911,102,人工智能,99.85,56.59,1
1519,281,职业发展,52.73,46.51,0
1899,305,产品设计,156.22,74.29,0
1359,419,职业发展,126.46,84.92,1
1899,139,金融理财,120.79,71.42,0
1695,158,人工智能,73.88,69.78,0
1280,161,职业发展,126.03,67.86,1
1194,231,职业发展,10.0,62.44,0
1863,159,数据科学,133.13,82.39,1
1194,471,语言学习,197.83,83.36,1
1666,430,金融理财,,67.12,1
1092,221,数据科学,95.59,52.66,1
1671,206,金融理财,67.52,87.95,1
1945,195,编程开发,29.34,46.34,0
1060,446,编程开发,10.0,62.54,0
1633,334,数据科学,49.15,63.27,0
1050,485,市场营销,105.46,69.18,0
1402,161,市场营销,188.95,87.07,1
1788,355,职业发展,28.64,55.71,1
1004,148,职业发展,137.66,69.06,0
1465,492,产品设计,133.18,61.48,0
1603,447,编程开发,220.32,92.64,1
1681,258,金融理财,154.26,77.66,0
1828,223,产品设计,157.72,81.71,0
1533,416,编程开发,161.96,83.87,1
1404,306,数据科学,,86.19,1
1837,147,市场营销,85.63,86.49,1
1512,235,职业发展,187.01,81.41,0
1644,300,市场营销,10.0,62.55,1
1232,349,数据科学,79.06,62.37,1
1523,413,产品设计,40.15,71.35,1
1345,456,产品设计,134.05,80.1,1
1045,467,人工智能,94.7,61.91,1
1545,417,职业发展,157.56,82.52,0
1944,394,职业发展,113.46,81.11,1
1077,413,金融理财,27.23,51.43,1
1729,308,职业发展,30.01,64.82,0
1812,454,编程开发,119.64,70.97,0
1922,310,产品设计,73.73,67.11,1
1072,291,数据科学,88.04,59.03,0
1793,143,产品设计,176.3,58.88,0
1248,128,市场营销,165.54,68.54,1
1046,158,编程开发,227.86,73.2,1
1120,170,职业发展,101.02,73.35,1
1213,191,金融理财,81.53,71.62,0
1238,364,金融理财,145.09,77.23,0
1055,482,金融理财,86.35,54.43,0
1349,319,语言学习,88.32,57.39,0
1106,489,人工智能,107.87,64.32,0
1830,499,编程开发,219.16,81.54,1
1047,314,市场营销,162.24,72.42,1
1572,486,职业发展,168.53,79.49,1
1336,376,市场营销,216.47,90.8,1
1025,163,市场营销,174.15,66.94,0
1803,445,职业发展,52.12,55.45,0
1256,391,市场营销,173.24,78.2,0
1007,344,金融理财,180.86,76.76,1
1624,161,数据科学,159.11,82.9,1
1866,431,人工智能,,70.6,0
1252,269,语言学习,152.78,92.26,0
1691,368,市场营销,118.79,55.67,0
1718,366,市场营销,61.31,74.36,1
1302,153,产品设计,76.22,69.4,1
1638,115,人工智能,162.22,61.74,0
1055,107,编程开发,65.65,45.7,0
1725,203,人工智能,71.31,55.68,0
1525,158,人工智能,165.2,88.15,1
1473,412,职业发展,128.03,83.4,0
1027,139,职业发展,154.63,73.75,1
1982,336,职业发展,231.29,60.87,1
1077,485,语言学习,152.97,66.31,1
1215,193,金融理财,80.4,65.94,1
1385,321,人工智能,58.99,60.99,1
1364,303,语言学习,89.68,85.82,0
1665,237,市场营销,201.72,67.25,0
1525,399,职业发展,98.13,73.47,1
1698,494,市场营销,252.08,100.0,1
1311,306,职业发展,10.0,68.72,0
1882,435,数据科学,27.22,51.4,0
1006,180,语言学习,199.45,63.97,0
1002,317,语言学习,214.54,83.6,1
1622,101,金融理财,68.19,68.14,1
1918,277,编程开发,124.13,84.39,1
1749,495,产品设计,162.73,81.31,1
1362,470,人工智能,106.24,65.48,1
1750,445,编程开发,128.99,67.01,0
1507,378,语言学习,120.66,58.67,1
1273,245,编程开发,31.11,64.32,0
1505,417,数据科学,99.32,55.61,0
1805,323,产品设计,120.74,80.84,1
1738,468,金融理财,126.19,78.16,1
1882,483,语言学习,16.17,67.15,1
1014,161,语言学习,165.22,62.84,0
1191,393,人工智能,127.77,70.92,0
1984,338,金融理财,56.68,61.62,0
1630,294,金融理财,227.94,83.19,1
1484,265,职业发展,99.2,74.93,0
1027,321,产品设计,103.1,64.89,0
1713,160,数据科学,158.5,70.65,1
1038,228,市场营销,1165.2,89.46,0
1952,272,编程开发,160.86,64.34,0
1272,255,金融理财,169.57,69.02,1
1230,477,人工智能,59.9,65.88,0
1085,209,语言学习,125.22,81.17,1
1473,368,市场营销,88.06,58.87,0
1125,455,数据科学,162.25,93.67,1
1811,490,产品设计,167.82,62.81,1
1536,377,金融理财,217.99,96.7,1
1144,173,编程开发,10.0,72.97,0
1524,306,金融理财,82.17,53.69,0
1211,487,人工智能,198.01,62.93,0
1024,378,金融理财,35.91,70.69,0
1579,474,金融理财,168.34,72.59,1
1393,425,金融理财,188.04,68.21,0
1066,439,语言学习,118.3,89.62,0
1232,456,语言学习,34.71,51.44,0
1108,439,市场营销,112.71,63.69,0
1145,303,市场营销,207.52,74.09,1
1110,260,编程开发,212.34,52.65,0
1227,127,产品设计,132.47,73.79,0
1110,491,数据科学,61.37,56.85,1
1469,356,职业发展,224.3,89.91,0
1033,264,产品设计,169.26,85.87,1
1622,162,产品设计,65.31,68.67,1
1775,121,产品设计,140.55,76.1,0
1935,169,职业发展,137.8,75.03,1
1368,480,编程开发,81.79,60.95,0
1747,195,职业发展,140.89,67.55,0
1594,262,编程开发,186.37,91.35,1
1553,178,职业发展,102.23,77.29,1
1424,104,数据科学,192.5,80.78,1
1612,415,金融理财,14.68,67.43,0
1517,219,产品设计,253.1,84.0,1
1691,401,金融理财,123.44,73.85,1
1281,277,编程开发,184.38,83.87,1
1319,275,职业发展,133.12,52.2,0
1737,489,数据科学,70.59,75.92,0
1442,316,职业发展,117.82,79.8,0
1951,155,金融理财,10.0,53.17,1
1314,465,语言学习,161.3,88.12,1
1876,286,数据科学,131.63,50.62,0
1965,331,产品设计,108.51,74.08,1
1740,354,人工智能,,76.46,1
1376,203,产品设计,122.25,68.79,1
1288,176,人工智能,156.41,75.4,1
1436,329,数据科学,177.74,83.11,1
1661,357,语言学习,87.05,50.41,0
1276,363,金融理财,69.88,76.8,0
1709,430,语言学习,16.65,57.52,0
1581,281,编程开发,127.35,82.54,1
1502,480,语言学习,147.13,80.74,1
1623,355,市场营销,40.58,59.63,0
1515,137,数据科学,205.22,79.16,1
1349,275,金融理财,70.66,66.66,1
1842,126,金融理财,10.0,77.03,1
1445,375,编程开发,209.69,68.98,0
1829,239,金融理财,10.0,56.59,1
1349,398,语言学习,177.85,61.47,0
1606,386,数据科学,163.27,77.11,0
1663,190,产品设计,139.17,67.3,1
1822,160,语言学习,88.63,63.6,1
1136,464,职业发展,150.17,89.45,1
1758,446,人工智能,182.91,69.55,0
1898,262,数据科学,60.85,64.32,1
1242,450,金融理财,178.58,72.78,0
1542,242,编程开发,175.85,73.14,1
1039,499,产品设计,137.58,100.0,1
1228,352,市场营销,87.72,51.18,0
1547,368,产品设计,176.13,83.56,0
1919,468,语言学习,150.5,98.91,1
1222,390,人工智能,59.04,76.53,1
1005,286,产品设计,97.96,69.99,1
1321,403,市场营销,169.14,64.72,0
1467,390,职业发展,126.87,85.38,0
1731,185,编程开发,185.16,87.38,1
1074,265,数据科学,99.5,54.38,0
1003,213,人工智能,60.01,62.63,0
1846,455,市场营销,251.62,72.4,1
1645,282,金融理财,19.15,33.27,0
1117,306,语言学习,90.01,56.46,0
1880,355,语言学习,136.78,74.35,1
1605,334,语言学习,,83.22,0
1503,454,金融理财,158.79,72.2,1
1997,102,金融理财,258.68,98.89,0
1946,307,人工智能,112.94,81.28,1
1573,296,产品设计,67.62,65.32,0
1440,440,人工智能,106.82,67.86,0
1193,224,语言学习,100.8,73.63,1
1846,237,职业发展,115.9,71.09,1
1714,438,市场营销,61.05,51.68,0
1391,124,数据科学,167.04,73.29,1
1025,167,数据科学,142.25,80.49,1
1434,160,人工智能,44.17,77.44,1
1172,128,语言学习,178.08,86.92,1
1299,482,金融理财,71.31,70.28,0
1644,118,编程开发,49.03,79.34,0
1325,270,职业发展,125.24,76.42,1
1409,173,人工智能,14.53,60.53,1
1117,160,语言学习,155.37,89.89,1
1835,252,产品设计,10.0,68.17,1
1786,375,数据科学,58.24,78.68,1
1723,147,数据科学,214.51,68.98,1
1224,310,职业发展,78.8,59.06,0
1531,442,数据科学,89.3,60.51,0
1112,238,编程开发,196.42,80.91,1
1139,209,语言学习,72.43,85.29,1
1558,282,语言学习,165.81,64.73,1
1000,127,职业发展,190.45,87.57,1
1089,296,语言学习,148.71,62.43,0
1653,290,金融理财,33.31,84.41,1
1319,414,职业发展,83.76,52.18,0
1549,488,语言学习,282.82,94.9,1
1804,150,编程开发,90.57,77.61,1
1893,248,市场营销,299.18,95.29,1
1138,367,人工智能,222.54,72.86,1
1510,149,人工智能,151.14,64.13,0
1867,487,语言学习,137.83,86.12,1
1844,345,产品设计,92.11,79.44,1
1258,212,数据科学,114.67,81.5,1
1672,269,编程开发,78.68,79.21,1
1901,265,产品设计,116.18,55.93,1
1689,113,金融理财,38.27,48.06,0
1009,302,产品设计,35.05,56.69,1
1260,387,语言学习,198.06,74.46,1
1918,494,编程开发,23.26,56.4,1
1649,288,人工智能,173.17,79.61,1
1171,254,数据科学,10.0,72.12,1
1897,154,人工智能,157.78,72.4,1
1012,281,产品设计,107.54,62.3,1
1167,309,金融理财,199.28,87.5,0
1641,475,数据科学,100.08,66.91,0
1595,174,市场营销,10.0,62.05,0
1320,376,产品设计,108.72,67.25,1
1318,232,人工智能,,76.0,0
1612,442,人工智能,112.08,60.76,1
1328,158,语言学习,154.51,82.28,1
1784,444,人工智能,86.14,68.05,0
1776,281,编程开发,44.2,56.65,0
1970,438,产品设计,60.02,71.14,0
1910,420,职业发展,89.05,61.01,1
1919,163,职业发展,442.7,61.4,0
1549,426,金融理财,264.37,73.69,1
1418,359,数据科学,195.31,61.95,1
1605,292,人工智能,161.2,81.02,1
1094,242,语言学习,146.76,85.92,0
1816,203,语言学习,137.99,68.91,1
1580,313,人工智能,138.3,65.46,1
1317,341,编程开发,129.8,54.5,0
1955,308,语言学习,122.41,50.17,0
1235,192,职业发展,10.0,68.24,1
1945,241,数据科学,97.85,49.77,0
1333,211,产品设计,105.58,58.83,1
1884,474,市场营销,75.06,70.13,0
1375,158,编程开发,86.63,69.32,0
1458,142,金融理财,138.04,76.67,1
1136,306,金融理财,166.06,76.21,1
1929,367,语言学习,137.95,69.84,1
1587,395,产品设计,164.55,64.62,1
1994,217,市场营销,165.61,69.76,1
1546,119,金融理财,,67.03,1
1512,321,人工智能,151.52,55.83,0
1295,265,人工智能,15.22,53.62,0
1319,230,数据科学,96.94,65.7,0
1917,255,市场营销,89.89,61.85,0
1571,283,人工智能,211.88,77.17,1
1831,189,金融理财,701.13,80.32,1
1348,193,人工智能,39.93,71.8,1
1839,112,职业发展,155.68,90.25,1
1778,421,语言学习,174.59,61.89,0
1872,392,金融理财,114.62,66.94,1
1228,329,金融理财,161.42,87.97,1
1269,421,金融理财,10.0,43.51,1
1827,391,数据科学,10.0,49.21,0
1797,125,产品设计,49.28,58.63,1
1290,174,金融理财,128.94,92.98,1
1724,463,人工智能,211.93,70.86,0
1164,398,职业发展,52.41,75.93,1
1004,249,金融理财,68.78,66.41,1
1850,247,编程开发,125.32,60.72,1
1378,107,编程开发,90.46,96.79,1
1077,128,产品设计,87.05,70.41,0
1409,395,市场营销,94.71,72.97,0
1573,308,数据科学,198.89,84.68,0
1131,227,职业发展,186.97,82.75,0
1600,439,语言学习,121.41,93.32,1
1748,215,职业发展,219.27,99.18,1
1041,243,编程开发,150.54,65.32,0
1088,417,编程开发,189.23,98.58,1
1401,334,产品设计,68.37,59.65,1
1295,106,市场营销,,71.08,1
1839,144,市场营销,80.14,53.28,0
1294,338,产品设计,114.8,81.53,1
1615,254,金融理财,123.59,68.94,1
1525,280,职业发展,139.45,62.06,0
1799,314,编程开发,238.39,95.06,1
1690,187,职业发展,163.28,90.24,1
1636,355,职业发展,89.11,83.36,1
1421,172,数据科学,119.8,56.42,1
1864,278,编程开发,210.3,96.18,1
1022,311,市场营销,166.91,73.22,1
1574,392,语言学习,209.51,100.0,1
1142,333,职业发展,91.04,75.1,1
1992,338,编程开发,77.3,70.03,0
1664,322,职业发展,78.18,67.69,0
1144,218,数据科学,95.88,69.19,1
1224,412,金融理财,56.2,58.67,0
1502,363,人工智能,137.71,62.71,0
1961,306,编程开发,138.74,69.86,0
1973,194,产品设计,200.33,91.39,1
1820,472,人工智能,14.38,47.43,0
1615,321,职业发展,63.35,79.57,1
1103,465,产品设计,168.33,77.8,1
1946,375,产品设计,131.01,80.55,1
1038,479,产品设计,122.69,80.26,1
1946,330,编程开发,195.83,88.32,1
1197,408,市场营销,59.4,66.0,0
1645,218,职业发展,76.28,67.94,1
1578,367,人工智能,69.21,75.67,0
1390,372,数据科学,10.0,50.56,0
1178,163,市场营销,127.97,60.5,0
1967,397,职业发展,88.63,63.97,1
1553,449,金融理财,76.03,70.27,1
1447,110,金融理财,65.19,85.55,1
1499,197,编程开发,118.94,72.04,0
1014,170,产品设计,72.09,87.01,1
1622,463,数据科学,133.29,78.11,0
1668,157,职业发展,147.55,69.81,0
1288,389,人工智能,102.33,81.42,1
1477,350,职业发展,98.25,67.12,1
1230,375,市场营销,131.13,75.26,0
1922,149,金融理财,118.27,58.13,1
1419,457,语言学习,199.81,64.34,1
1156,315,市场营销,139.1,79.06,1
1549,493,职业发展,185.74,89.09,1
1440,151,数据科学,156.63,94.68,1
1096,370,职业发展,40.89,55.88,0
1996,183,职业发展,86.5,83.05,1
1410,486,编程开发,117.11,84.53,1
1950,392,人工智能,,71.82,1
1288,225,数据科学,235.67,96.79,1
1253,395,职业发展,90.95,78.28,0
1195,171,产品设计,123.32,83.41,1
1597,395,人工智能,167.99,98.01,1
1833,335,市场营销,116.53,82.34,1
1521,155,数据科学,218.65,59.89,0
1516,459,市场营销,39.13,67.03,1
1634,494,金融理财,160.68,59.95,0
1841,209,职业发展,160.09,77.08,0
1864,291,市场营销,189.12,79.32,1
1117,491,市场营销,123.72,66.19,0
1805,192,编程开发,173.49,66.59,1
1908,449,市场营销,105.05,64.91,0
1158,155,产品设计,71.92,63.62,0
1814,159,产品设计,63.17,64.82,0
1227,237,人工智能,33.52,64.31,0
1876,138,职业发展,93.52,74.94,1
1215,127,语言学习,138.69,70.36,0
1947,148,金融理财,107.51,83.25,1
1695,224,市场营销,131.88,72.44,0
1014,112,市场营销,194.09,88.12,1
1156,135,数据科学,444.75,65.6,0
1647,200,编程开发,260.42,100.0,1
1260,381,语言学习,165.31,80.74,1
1156,185,人工智能,108.18,86.87,1
1046,103,金融理财,,63.45,0
1323,322,语言学习,59.51,61.31,0
1843,437,市场营销,118.46,69.0,1
1684,265,数据科学,10.0,85.7,1
1129,482,职业发展,195.35,76.86,0
1410,443,编程开发,10.0,52.74,0
1094,482,职业发展,122.51,84.92,1
1626,475,人工智能,51.36,65.58,0
1754,377,语言学习,77.93,65.4,0
1931,229,人工智能,85.67,62.23,0
1291,130,市场营销,235.54,87.79,0
1793,474,人工智能,53.8,75.86,1
1810,110,职业发展,174.86,84.88,0
1282,401,数据科学,189.62,73.64,1
1068,195,人工智能,10.0,51.1,0
1659,289,产品设计,83.08,27.89,0
1010,291,数据科学,209.07,70.87,1
1253,365,语言学习,41.11,60.28,1
1841,227,编程开发,191.9,78.07,0
1871,337,编程开发,118.93,68.85,1
1549,454,市场营销,116.33,99.32,1
1133,211,市场营销,124.17,76.99,1
1711,415,产品设计,,61.29,1
1022,442,语言学习,62.66,72.65,1
1814,244,职业发展,104.37,74.06,0
1345,164,编程开发,142.24,63.33,0
1301,346,编程开发,130.61,75.59,0
1362,322,编程开发,140.95,79.01,0
1395,412,职业发展,76.88,77.72,0
1217,205,编程开发,157.94,57.6,0
1140,280,人工智能,127.59,78.89,1
1615,283,语言学习,25.16,76.54,1
1957,325,数据科学,88.12,87.44,1
1209,364,数据科学,66.27,54.18,0
1984,377,产品设计,65.5,64.91,0
1992,496,人工智能,91.41,68.4,0
1622,188,编程开发,156.81,82.0,1
1615,275,编程开发,82.39,66.36,1
1827,117,市场营销,133.5,65.83,0
1682,470,市场营销,123.67,74.2,0
1459,498,产品设计,73.26,63.75,0
1355,205,编程开发,99.31,75.28,1
1323,370,产品设计,171.89,68.62,1
1132,418,人工智能,128.99,62.32,0
1887,266,数据科学,152.93,88.02,1
1804,112,编程开发,196.35,100.0,1
1839,436,语言学习,146.1,92.43,1
1126,131,职业发展,10.0,60.25,0
1105,492,人工智能,136.24,83.8,1
1603,139,编程开发,,61.2,0
1798,247,职业发展,228.62,87.31,1
1377,317,语言学习,143.96,68.16,1
1904,318,市场营销,84.15,80.75,0
1050,181,产品设计,153.99,86.21,0
1028,432,市场营销,125.45,92.96,0
1461,307,数据科学,16.92,59.35,0
1295,300,市场营销,171.78,92.49,1
1296,431,编程开发,95.67,74.37,0
1725,137,语言学习,205.24,80.71,1
1778,310,市场营销,112.53,74.31,1
1406,426,编程开发,206.36,97.04,1
1768,348,数据科学,145.49,72.83,1
1813,326,职业发展,892.24,76.54,1
1612,147,语言学习,90.49,48.14,0
1404,117,市场营销,141.18,72.26,1
1345,499,产品设计,16.43,64.24,1
1621,394,产品设计,112.38,63.3,0
1419,295,语言学习,30.93,52.93,1
1181,286,产品设计,51.42,46.49,0
1982,444,市场营销,66.55,60.62,0
1824,323,市场营销,159.63,89.73,1
1000,417,语言学习,111.16,55.99,0
1830,496,市场营销,121.89,79.74,1
1949,464,职业发展,109.52,79.44,1
1566,436,编程开发,184.84,100.0,1
1370,328,数据科学,120.24,82.07,1
1935,489,职业发展,134.93,82.66,1
1910,176,职业发展,85.78,72.02,1
1660,287,产品设计,188.96,78.38,1
1430,445,编程开发,193.46,87.33,1
1968,369,语言学习,117.79,83.94,1
1308,194,金融理财,84.94,69.96,1
1136,409,产品设计,23.04,75.16,1
1201,231,编程开发,67.88,95.43,1
1435,138,市场营销,10.0,61.68,0
1312,171,语言学习,65.36,67.34,1
1116,380,金融理财,141.42,72.83,1
1665,432,语言学习,116.98,72.71,0
1936,259,金融理财,259.4,97.45,1
1802,286,金融理财,97.74,70.37,1
1574,290,产品设计,93.05,70.94,1
1243,219,市场营销,183.77,75.37,0
1536,319,产品设计,10.0,65.86,1
1601,152,金融理财,31.09,57.99,0
1074,321,金融理财,159.83,63.28,0
1805,230,人工智能,108.27,75.0,1
1385,336,编程开发,109.65,90.45,1
1902,345,人工智能,63.77,63.3,0
1209,325,编程开发,134.39,62.65,0
1474,307,数据科学,71.52,86.11,1
1417,195,职业发展,124.36,72.55,0
1346,299,语言学习,50.49,74.35,0
1528,346,产品设计,109.06,63.31,0
1639,171,数据科学,241.49,83.58,0
1938,417,数据科学,94.5,83.19,1
1954,284,语言学习,112.09,72.21,1
1875,105,语言学习,107.85,71.92,0
1762,305,编程开发,130.47,57.8,0
1178,131,人工智能,148.09,82.27,1
1181,198,市场营销,135.43,65.31,0
1663,493,编程开发,136.76,84.49,1
1024,486,市场营销,109.15,72.64,0
1966,355,数据科学,126.02,75.16,0
1179,286,市场营销,107.16,78.14,0
1709,175,人工智能,11.26,64.85,1
1500,276,编程开发,277.84,100.0,1
1855,414,金融理财,163.69,91.51,1
1160,386,语言学习,61.24,53.78,0
1176,448,金融理财,133.8,71.3,0
1284,354,人工智能,39.23,72.18,1
1062,424,职业发展,90.35,59.36,1
1661,289,人工智能,31.08,47.34,0
1665,407,职业发展,116.93,63.77,1
1155,444,编程开发,25.12,61.29,1
1881,226,语言学习,143.31,33.29,1
1468,386,人工智能,160.93,64.51,1
1048,353,金融理财,70.38,49.06,0
1966,312,职业发展,129.65,84.07,1
1848,349,语言学习,67.2,75.85,1
1083,183,产品设计,150.7,77.44,1
1360,482,产品设计,78.68,68.65,0
1688,487,产品设计,167.34,81.72,1
1147,112,市场营销,11.3,51.12,0
1629,144,人工智能,59.7,78.33,0
1341,226,编程开发,53.47,66.13,1
1475,213,金融理财,132.2,82.03,1
1062,375,编程开发,153.31,83.67,1
1700,304,市场营销,136.84,78.64,1
1359,436,编程开发,89.46,71.83,1
1560,484,职业发展,10.0,63.36,0
1326,498,产品设计,122.32,71.26,1
1768,372,金融理财,167.28,81.09,1
1735,157,人工智能,280.83,89.37,1
1140,427,编程开发,94.54,64.32,0
1989,318,编程开发,80.08,73.88,1
1214,208,数据科学,139.22,76.34,0
1434,378,数据科学,104.63,82.27,0
1890,273,数据科学,196.52,61.0,0
1951,427,人工智能,71.51,67.31,0
1722,363,产品设计,,62.97,0
1317,414,语言学习,172.57,71.6,1
1031,210,产品设计,138.5,79.06,1
1669,286,金融理财,189.67,64.08,0
1284,368,产品设计,93.81,70.45,1
1304,328,人工智能,195.8,79.34,1
1428,255,职业发展,20.17,51.46,0
1476,288,职业发展,22.57,63.78,0
1285,371,人工智能,196.74,71.51,0
1143,474,数据科学,120.44,93.68,1
1423,101,编程开发,175.25,89.06,1
1018,345,市场营销,125.97,72.92,0
1017,309,市场营销,119.58,67.31,1
1768,385,语言学习,40.32,68.96,0
1589,458,编程开发,118.39,79.18,1
1370,112,语言学习,201.7,82.15,1
1174,195,数据科学,123.4,61.85,0
1193,320,语言学习,160.92,73.55,1
1501,337,编程开发,159.26,76.26,0
1987,193,金融理财,59.24,68.66,0
1112,437,编程开发,171.43,79.8,1
1113,368,市场营销,101.18,77.14,1
1221,270,职业发展,104.42,83.57,1
1677,193,数据科学,245.86,94.03,1
1946,248,金融理财,155.84,81.05,0
1830,211,人工智能,81.69,55.37,0
1643,154,金融理财,123.87,83.91,0
1896,436,金融理财,,80.07,1
1263,215,语言学习,221.17,78.94,0
1924,242,市场营销,122.37,72.19,0
1054,300,语言学习,252.48,85.2,1
1870,279,语言学习,42.2,59.72,0
1642,301,人工智能,118.06,54.0,0
1799,463,数据科学,74.23,56.05,1
1777,152,编程开发,90.31,59.72,1
1457,483,产品设计,91.61,49.23,0
1978,279,语言学习,77.32,56.38,1
1877,412,产品设计,223.81,93.17,1
1161,407,数据科学,205.35,84.82,1
1379,236,产品设计,144.16,64.31,0
1992,281,语言学习,,62.02,0
1086,466,人工智能,79.01,79.97,1
1054,100,产品设计,164.51,88.04,1
1475,143,数据科学,138.01,74.12,1
1799,326,数据科学,111.31,82.57,0
1177,430,职业发展,152.47,67.16,0
1390,197,职业发展,173.46,79.14,0
1348,307,人工智能,110.76,56.02,1
1007,364,产品设计,72.76,63.43,0
1832,387,产品设计,40.73,64.24,0
1312,370,职业发展,135.04,56.28,0
1758,239,编程开发,250.03,90.24,1
1834,336,市场营销,53.36,72.79,1
1983,491,数据科学,185.97,88.19,1
1982,171,编程开发,79.47,91.07,1
1442,254,数据科学,91.56,73.07,1
1766,289,金融理财,174.9,76.36,1
1327,367,金融理财,104.68,54.16,0
1053,420,编程开发,134.9,77.03,1
1760,206,金融理财,133.75,78.6,0
1238,331,职业发展,79.56,54.18,0
1228,141,职业发展,173.71,74.49,0
1578,289,市场营销,581.53,71.42,0
1050,470,编程开发,36.69,68.86,1
1608,238,数据科学,66.45,75.02,1
1603,202,产品设计,10.0,55.61,0
1263,270,数据科学,123.12,73.98,0
1417,450,语言学习,198.24,85.01,0
1802,372,职业发展,57.17,63.74,0
1095,320,人工智能,155.13,70.87,1
1087,312,人工智能,145.83,81.3,0
1077,440,职业发展,74.89,65.5,0
1287,155,语言学习,212.19,68.66,0
1119,489,人工智能,103.64,83.81,0
1813,441,金融理财,240.62,72.53,1
1490,201,职业发展,21.86,61.18,0
1911,291,人工智能,103.85,73.31,0
1451,409,职业发展,110.98,75.34,1
1499,299,市场营销,117.56,73.13,1
1164,332,产品设计,162.98,46.42,0
1181,326,产品设计,323.89,84.46,1
1468,470,数据科学,,77.28,0
1909,238,语言学习,121.45,70.72,1
1734,443,职业发展,54.23,70.39,1
1822,404,编程开发,10.0,71.19,1
1943,248,数据科学,190.22,83.56,1
1977,214,数据科学,87.19,61.19,0
1006,162,职业发展,276.25,81.47,1
1329,203,职业发展,172.09,93.05,1
1774,438,数据科学,140.49,71.87,1
1672,458,数据科学,143.65,73.01,1
1150,255,产品设计,144.24,79.12,0
1084,372,编程开发,78.33,79.99,1
1146,105,金融理财,14.91,52.44,0
1623,246,数据科学,86.96,63.49,0
1380,283,金融理财,118.9,55.52,0
1914,127,产品设计,81.13,64.92,0
1547,137,数据科学,42.83,69.84,1
1284,218,人工智能,75.11,63.66,0
1699,392,数据科学,182.14,95.31,1
1081,470,职业发展,164.89,77.19,1
1513,343,语言学习,130.28,71.64,0
1896,167,语言学习,155.23,71.57,0
1814,313,数据科学,52.08,51.47,0
1708,317,市场营销,72.27,66.12,0
1915,276,人工智能,138.66,77.06,1
1522,398,编程开发,59.73,64.63,0
1745,263,数据科学,126.5,74.61,0
1385,157,金融理财,44.25,57.6,0
1706,368,编程开发,21.02,49.6,0
1470,407,人工智能,164.16,74.9,0
1118,157,数据科学,181.62,79.86,1
1395,387,市场营销,82.15,66.3,1
1531,204,产品设计,28.77,64.83,1
1260,327,市场营销,10.0,68.74,1
1804,346,职业发展,230.52,90.14,1
1933,287,市场营销,126.68,80.89,0
1255,182,金融理财,83.52,78.17,1
1733,285,产品设计,98.17,74.51,0
1904,351,职业发展,10.0,64.54,0
1225,454,产品设计,157.19,94.71,1
1052,337,语言学习,240.01,91.17,1
1939,459,产品设计,73.03,58.65,0
1866,283,数据科学,263.01,66.94,0
1499,383,编程开发,113.02,68.58,0
1505,484,语言学习,220.01,87.64,1
1853,309,语言学习,138.43,83.05,1
1363,403,编程开发,138.37,60.95,1
1279,395,金融理财,230.64,89.72,1
1592,196,语言学习,166.96,87.58,1
1713,307,产品设计,142.49,79.94,1
1157,469,市场营销,10.0,65.13,1
1631,487,人工智能,29.57,61.55,0
1058,236,金融理财,147.51,69.74,0
1726,466,产品设计,208.07,88.08,1
1127,499,职业发展,127.71,78.25,1
1735,283,职业发展,84.52,64.95,0
1720,175,市场营销,10.0,86.39,1
1881,386,金融理财,72.98,52.0,0
1114,474,金融理财,127.86,70.11,0
1208,241,市场营销,68.61,58.96,1
1525,336,金融理财,62.13,69.88,0
1520,124,语言学习,584.66,51.88,0
1551,389,数据科学,206.9,92.81,1
1961,166,数据科学,161.08,85.72,1
1236,349,金融理财,137.15,76.01,0
1280,217,语言学习,131.31,69.66,1
1358,172,语言学习,153.07,82.04,1
1200,381,编程开发,113.39,74.31,1
1757,459,编程开发,95.34,78.79,1
1277,109,人工智能,164.29,74.75,0
1234,310,人工智能,106.48,68.54,1
1493,422,人工智能,48.68,75.51,0
1003,251,人工智能,206.6,86.42,1
1665,104,市场营销,10.0,59.23,0
1441,294,市场营销,211.1,84.2,0
1028,382,编程开发,150.39,76.47,0
1108,212,数据科学,61.85,70.69,0
1609,370,语言学习,121.46,84.5,1
1726,262,职业发展,94.27,65.67,0
1804,204,数据科学,168.46,69.93,1
1074,280,产品设计,167.28,79.0,1
1837,143,市场营销,147.68,68.99,1
1145,381,人工智能,164.78,66.91,0
1127,274,人工智能,113.11,80.93,1
1852,261,产品设计,225.7,79.07,1
1041,450,数据科学,193.42,60.12,1
1355,439,人工智能,91.38,77.36,1
1040,239,数据科学,168.65,72.02,0
1933,231,语言学习,163.41,81.67,1
1033,186,产品设计,104.41,80.99,1
1016,275,职业发展,99.7,71.59,0
1676,282,数据科学,192.87,58.4,0
1152,467,语言学习,119.12,51.94,0
1997,228,金融理财,135.61,66.46,1
1377,345,金融理财,204.07,79.27,0
1587,188,数据科学,272.0,98.45,1
1598,165,金融理财,88.4,71.51,0
1628,257,数据科学,106.75,96.55,1
1873,486,人工智能,124.44,57.18,1
1341,477,编程开发,125.8,73.44,0
1980,248,金融理财,142.58,69.41,0
1026,439,市场营销,90.59,71.15,1
1824,215,数据科学,44.03,81.8,1
1286,313,数据科学,225.23,100.0,1
1645,471,数据科学,156.72,75.78,1
1730,393,编程开发,94.89,77.84,1
1167,352,语言学习,146.23,76.37,1
1609,242,金融理财,229.98,71.61,0
1267,349,职业发展,72.72,67.21,1
1748,465,职业发展,132.67,67.85,0
1820,401,产品设计,36.61,62.93,1
1454,124,人工智能,112.9,62.46,1
1905,376,编程开发,157.0,76.81,0
1684,476,语言学习,53.12,68.22,0
1400,477,数据科学,108.77,77.62,1
1921,488,语言学习,168.0,79.43,1
1980,169,编程开发,155.35,91.45,1
1475,212,编程开发,50.54,86.84,1
1701,462,编程开发,142.43,69.8,0
1633,211,产品设计,153.52,84.63,1
1557,463,市场营销,126.48,93.44,1
1575,402,人工智能,185.36,87.98,1
1129,190,产品设计,84.63,75.4,1
1821,117,产品设计,144.75,55.85,1
1362,248,金融理财,50.09,59.29,1
1704,326,市场营销,23.96,58.21,0
1818,313,产品设计,166.86,90.09,1
1692,459,编程开发,121.23,64.48,0
1291,250,编程开发,92.19,68.11,1
1370,291,金融理财,56.09,73.86,1
1793,139,语言学习,169.63,68.73,0
1028,341,数据科学,29.52,65.66,0
1148,237,产品设计,179.57,78.95,1
1778,444,数据科学,147.06,83.07,1
1295,279,人工智能,32.53,69.75,1
1010,299,职业发展,127.56,78.67,1
1511,302,编程开发,279.22,89.15,1
1675,160,语言学习,191.37,61.85,0
1112,291,人工智能,70.32,68.23,0
1186,104,金融理财,163.0,76.4,1
1806,477,语言学习,35.05,71.07,0
1743,336,职业发展,37.72,59.44,0
1226,280,职业发展,115.96,71.69,1
1309,410,金融理财,153.1,75.62,0
1097,136,市场营销,168.68,69.27,0
1054,155,金融理财,169.51,64.95,0
1622,336,编程开发,149.69,78.38,1
1663,457,人工智能,23.16,72.33,1
1757,448,市场营销,116.34,65.06,0
1405,296,职业发展,178.12,75.14,1
1068,172,人工智能,146.6,82.55,1
1311,158,语言学习,130.93,82.0,1
1288,339,市场营销,139.75,75.9,0
1761,101,市场营销,,77.63,1
1547,459,编程开发,10.0,66.29,1
1750,287,金融理财,189.29,85.51,1
1147,406,数据科学,113.37,60.31,0
1466,129,语言学习,162.46,94.97,1
1738,366,语言学习,10.0,63.71,0
1243,207,金融理财,219.66,88.65,1
1490,431,市场营销,50.62,57.3,0
1848,189,市场营销,272.48,84.63,1
1957,304,编程开发,247.15,87.8,1
1506,478,数据科学,40.51,45.89,0
1364,480,语言学习,169.02,67.42,1
1481,319,职业发展,58.97,58.48,0
1200,477,产品设计,81.64,55.15,1
1153,193,产品设计,82.99,69.13,1
1449,202,数据科学,146.88,73.54,1
1500,322,人工智能,139.48,87.8,1
1072,285,编程开发,47.9,53.45,0
1712,283,数据科学,146.4,76.58,0
1295,261,金融理财,107.75,61.68,1
1016,346,金融理财,10.77,43.88,0
1640,130,产品设计,93.96,75.01,1
1216,151,市场营销,219.63,88.06,1
1060,444,产品设计,95.98,74.85,0
1938,175,市场营销,10.0,47.81,0
1615,484,编程开发,168.87,77.25,1
1041,377,市场营销,64.35,72.23,1
1024,139,数据科学,132.87,82.44,0
1038,200,市场营销,109.68,76.95,1
1802,210,人工智能,225.7,91.59,1
1130,484,金融理财,109.72,81.34,1
1497,420,数据科学,51.32,66.04,0
1228,348,金融理财,91.87,73.92,1
1107,290,编程开发,46.27,74.5,1
1171,281,数据科学,107.44,74.35,0
1434,434,人工智能,226.19,93.98,1
1477,308,编程开发,194.91,87.69,1
1101,121,产品设计,242.47,77.25,1
1865,265,人工智能,148.76,61.4,0
1523,198,编程开发,128.59,72.69,1
1274,307,职业发展,60.1,54.03,0
1612,107,市场营销,136.18,74.07,1
1043,289,数据科学,112.18,70.83,0
1954,274,编程开发,166.72,89.22,1
1816,372,数据科学,52.66,70.17,1
1956,116,市场营销,123.16,81.75,0
1016,189,编程开发,25.59,57.59,0
1329,240,产品设计,140.26,88.93,0
1568,244,职业发展,160.55,84.55,0
1822,265,职业发展,22.71,66.48,0
1496,436,人工智能,39.61,45.79,0
1814,177,编程开发,42.24,75.89,0
1011,361,市场营销,109.34,88.36,1
1317,262,编程开发,36.15,63.63,0
1591,465,数据科学,202.71,80.03,0
1215,113,语言学习,146.17,69.04,0
1338,338,金融理财,155.94,58.84,0
1775,171,编程开发,24.66,56.78,0
1990,242,职业发展,197.59,95.8,1
1660,409,职业发展,158.98,86.25,1
1080,382,金融理财,79.06,59.96,0
1726,368,职业发展,27.49,56.89,0
1484,340,产品设计,115.43,92.57,1
1373,344,编程开发,92.01,58.74,1
1975,262,人工智能,94.5,62.03,1
1709,159,编程开发,77.67,63.26,1
1199,105,语言学习,163.29,62.29,0
1536,296,职业发展,10.0,55.6,0
1465,157,数据科学,205.8,74.78,1
1088,404,职业发展,179.89,68.47,0
1267,316,编程开发,132.64,86.18,1
1654,125,产品设计,,59.16,0
1570,402,市场营销,184.98,76.57,1
1921,104,编程开发,117.46,62.65,1
1488,119,编程开发,103.29,67.94,1
1876,489,人工智能,188.32,69.07,1
1537,297,产品设计,245.6,84.64,1
1046,158,语言学习,61.74,69.22,1
1287,341,市场营销,145.49,88.17,0
1777,245,职业发展,54.82,59.44,0
1015,487,数据科学,150.1,90.77,1
1710,372,编程开发,73.31,59.06,1
1400,348,语言学习,192.69,76.35,1
1918,113,市场营销,,88.73,1
1793,112,数据科学,122.79,100.0,1
1980,490,语言学习,217.87,98.04,1
1085,483,产品设计,76.02,65.15,0
1249,143,产品设计,161.09,80.81,0
1390,474,市场营销,81.99,74.8,0
1781,498,职业发展,191.78,82.1,1
1334,118,金融理财,227.21,72.01,0
1628,162,数据科学,104.23,72.48,0
1518,338,产品设计,10.0,55.91,0
1136,436,金融理财,78.71,57.97,0
1882,199,市场营销,265.96,82.74,0
1687,262,产品设计,84.47,71.37,0
1839,221,产品设计,226.26,92.01,1
1497,143,语言学习,83.62,65.59,0
1826,459,金融理财,82.14,67.2,0
1726,416,语言学习,166.75,84.25,1
1476,480,产品设计,159.56,76.22,1
1593,244,金融理财,171.13,80.45,1
1222,426,人工智能,120.29,72.47,1
1989,462,金融理财,182.06,79.73,1
1371,149,语言学习,177.69,66.49,0
1934,164,数据科学,188.94,79.59,1
1994,454,市场营销,82.59,82.31,0
1401,387,市场营销,182.02,79.39,1
1442,263,职业发展,88.72,60.29,0
1489,240,数据科学,110.57,85.52,1
1614,413,数据科学,109.34,77.84,1
1272,227,数据科学,60.11,73.52,0
1525,497,职业发展,15.87,68.95,0
1158,467,数据科学,193.42,67.54,1
1151,338,编程开发,77.87,74.05,1
1994,423,职业发展,103.82,83.94,1
1619,395,市场营销,76.16,62.6,1
1187,286,编程开发,104.6,50.88,0
1812,307,职业发展,89.65,72.37,0
1097,319,产品设计,196.75,79.46,0
1130,499,产品设计,84.57,52.75,1
1804,289,市场营销,222.87,87.72,1
1170,487,产品设计,188.36,83.62,1
1935,445,数据科学,91.53,54.24,0
1985,383,职业发展,139.19,92.43,1
1182,451,编程开发,151.16,82.21,1
1982,336,数据科学,170.5,57.67,1
1363,293,产品设计,176.43,85.34,1
1038,386,语言学习,131.2,80.65,1
1526,358,金融理财,62.73,80.25,1
1887,345,编程开发,158.45,69.17,0
1496,235,数据科学,105.81,78.62,0
1515,379,职业发展,10.0,58.61,0
1348,370,市场营销,143.42,68.38,0
1981,270,数据科学,75.95,58.73,0
1920,258,语言学习,92.5,49.96,0
1396,300,产品设计,120.36,77.11,1
1721,144,编程开发,26.78,59.87,0
1160,363,市场营销,128.34,45.18,0
1015,170,编程开发,101.0,70.57,1
1492,463,市场营销,67.37,78.13,0
1425,470,金融理财,122.77,58.87,0
1107,202,职业发展,18.59,54.68,0
1893,224,编程开发,124.54,76.52,1
1449,412,产品设计,148.24,48.82,0
1310,385,职业发展,138.31,68.11,1
1738,329,职业发展,167.33,79.73,1
1169,245,金融理财,189.92,72.85,1
1545,469,市场营销,115.12,58.21,0
1413,296,人工智能,185.73,65.56,0
1250,472,编程开发,114.89,55.05,1
1758,320,编程开发,78.03,61.26,1
1780,159,数据科学,96.43,79.94,0
1140,197,市场营销,136.02,96.84,1
1273,270,语言学习,185.11,78.36,1
1415,481,人工智能,120.09,79.36,1
1607,272,产品设计,79.58,58.33,0
1738,250,数据科学,206.66,59.17,0
1890,449,金融理财,33.91,81.81,0
1038,489,人工智能,79.97,61.82,0
1813,221,市场营销,173.57,84.06,1
1028,207,人工智能,225.99,83.56,1
1957,103,金融理财,148.84,84.42,1
1476,192,职业发展,134.99,82.67,1
1317,105,编程开发,,72.75,1
1244,387,职业发展,152.88,78.74,1
1747,205,编程开发,127.76,84.55,1
1696,245,数据科学,74.73,63.17,1
1271,370,金融理财,101.46,85.42,0
1439,477,市场营销,67.95,59.53,0
1747,195,市场营销,604.08,72.51,1
1238,328,人工智能,129.71,78.9,1
1376,301,数据科学,218.06,64.91,1
1265,311,市场营销,84.16,82.0,1
1925,105,语言学习,109.15,75.37,1
1920,211,语言学习,195.55,100.0,1
1358,475,职业发展,228.31,100.0,1
1339,478,编程开发,148.48,74.33,0
1388,422,人工智能,104.79,88.04,1
1576,205,产品设计,91.62,77.38,1
1989,238,金融理财,10.0,63.28,0
1688,398,编程开发,64.33,49.66,1
1002,195,数据科学,126.09,58.02,1
1428,487,市场营销,545.7,70.65,0
1141,436,编程开发,157.4,70.35,1
1375,396,产品设计,108.29,72.78,1
1669,488,产品设计,76.44,81.16,0
1323,313,语言学习,140.48,82.31,1
1145,390,数据科学,270.32,79.32,0
1957,121,编程开发,100.96,79.07,1
1292,292,人工智能,128.33,63.34,0
1664,249,编程开发,170.82,65.18,0
1431,467,语言学习,85.7,72.15,0
1704,346,职业发展,196.37,70.95,0
1948,366,产品设计,25.26,56.04,0
1974,350,数据科学,95.54,79.23,1
1584,102,数据科学,101.33,76.43,1
1398,492,人工智能,129.07,68.83,0
1816,415,数据科学,10.0,44.72,1
1888,175,语言学习,201.16,72.21,1
1343,186,语言学习,144.85,93.5,1
1963,369,语言学习,187.37,87.88,1
1139,324,数据科学,216.78,95.31,1
1186,117,数据科学,75.57,69.91,1
1804,212,语言学习,10.0,57.46,0
1060,350,数据科学,188.78,87.41,0
1996,332,金融理财,102.82,82.81,1
1938,428,数据科学,52.01,60.26,0
1379,378,金融理财,154.58,67.9,1
1709,301,产品设计,267.81,70.82,1
1806,182,编程开发,113.47,63.65,1
1439,224,市场营销,177.07,83.9,1
1318,274,金融理财,60.75,59.94,1
1301,168,金融理财,18.79,71.14,1
1343,146,数据科学,174.84,96.67,1
1010,471,市场营销,152.76,75.1,1
1061,355,职业发展,92.06,68.79,1
1844,314,市场营销,,87.11,1
1225,129,产品设计,14.13,55.63,0
1152,380,金融理财,46.2,58.02,0
1710,336,数据科学,87.43,62.32,0
1563,347,语言学习,98.62,58.13,0
1771,467,市场营销,207.92,89.21,1
1570,124,数据科学,122.95,66.99,1
1583,173,人工智能,108.42,81.65,0
1659,305,职业发展,43.8,69.55,0
1860,413,语言学习,185.2,77.78,1
1574,193,人工智能,51.8,73.13,1
1309,474,人工智能,43.52,54.8,0
1884,226,市场营销,95.98,61.53,0
1242,124,人工智能,129.79,79.75,1
1492,433,产品设计,76.79,45.51,0
1365,454,产品设计,162.42,75.94,1
1329,215,市场营销,103.02,75.92,1
1106,147,数据科学,183.17,90.92,1
1225,325,编程开发,751.53,89.77,1
1824,365,数据科学,227.49,80.81,1
1217,198,数据科学,93.47,76.79,1
1936,110,数据科学,170.64,68.55,1
1752,184,数据科学,12.79,56.81,0
1505,313,语言学习,,100.0,1
1258,272,编程开发,167.64,75.9,1
1887,490,语言学习,511.11,71.53,0
1773,308,人工智能,104.45,59.82,0
1516,481,职业发展,105.18,74.45,1
1772,163,数据科学,,89.94,0
1053,357,职业发展,173.91,84.14,1
1046,431,产品设计,93.4,56.97,0
1726,220,市场营销,45.67,74.44,1
1688,397,市场营销,191.77,68.66,0
1520,153,语言学习,170.31,76.29,1
1098,430,语言学习,162.38,59.61,0
1019,371,产品设计,114.98,69.38,0
1889,340,数据科学,102.02,59.88,0
1752,342,职业发展,221.11,77.01,1
1572,117,金融理财,226.7,82.64,1
1890,286,职业发展,158.41,83.67,1
1489,445,编程开发,178.19,85.25,1
1418,243,人工智能,134.17,49.67,0
1689,361,市场营销,37.8,70.46,1
1849,463,人工智能,61.22,68.01,0
1061,338,编程开发,188.77,72.75,1
1144,403,语言学习,196.42,70.29,1
1215,397,职业发展,183.25,77.19,0
1002,175,市场营销,140.76,75.99,1
1159,287,人工智能,185.48,81.81,1
1738,432,金融理财,116.51,69.35,0
1997,487,语言学习,157.28,50.05,0
1780,345,编程开发,107.72,65.52,0
1119,229,金融理财,56.59,53.67,0
1892,414,人工智能,171.87,97.26,1
1088,382,金融理财,196.51,79.7,1
1328,178,职业发展,268.44,93.51,1
1579,171,数据科学,135.84,79.56,1
1909,362,金融理财,57.13,68.66,0
1356,290,语言学习,100.29,65.59,1
1609,466,编程开发,111.85,65.44,0
1266,474,人工智能,128.91,52.33,0
1616,162,职业发展,148.25,75.84,0
1951,479,数据科学,141.78,76.79,1
1322,111,数据科学,166.62,75.72,1
1634,240,编程开发,131.85,74.25,0
1987,353,产品设计,10.0,48.91,0
1540,142,职业发展,133.63,70.05,0
1648,116,职业发展,125.2,65.67,0
1194,162,市场营销,153.02,81.53,1
1920,352,编程开发,98.31,69.97,1
1737,475,数据科学,133.41,66.57,0
1331,391,数据科学,153.37,73.31,0
1169,107,金融理财,110.4,60.34,0
1520,424,编程开发,160.55,72.33,0
1462,189,产品设计,124.21,77.9,1
1039,307,市场营销,129.4,59.26,0
1536,391,人工智能,10.0,60.36,1
1260,383,编程开发,51.37,57.49,0
1394,217,市场营销,51.53,51.69,0
1954,448,职业发展,132.98,91.58,1
1225,274,市场营销,196.3,91.62,1
1983,175,金融理财,112.9,65.0,1
1123,200,语言学习,170.9,73.72,1
1974,250,数据科学,158.9,55.23,0
1037,499,金融理财,128.39,56.56,0
1327,369,人工智能,154.44,63.73,1
1250,170,编程开发,134.76,72.77,1
1900,279,金融理财,111.46,69.69,0
1175,223,数据科学,143.46,77.27,1
1601,480,语言学习,206.8,86.89,1
1913,392,金融理财,148.36,77.2,0
1453,384,语言学习,133.08,62.12,0
1036,294,金融理财,67.35,69.79,0
1315,498,数据科学,204.95,86.28,1
1687,327,产品设计,35.58,59.19,1
1972,374,市场营销,17.64,43.25,0
1795,205,编程开发,142.29,85.67,1
1964,120,编程开发,67.15,67.41,0
1972,163,编程开发,185.35,50.29,0
1592,264,数据科学,18.98,82.55,1
1113,126,职业发展,177.71,72.49,1
1039,410,产品设计,169.26,100.0,1
1300,384,人工智能,127.08,76.13,1
1223,247,语言学习,10.0,58.95,1
1317,380,数据科学,16.6,63.45,0
1348,425,职业发展,134.4,65.97,1
1114,418,人工智能,106.03,70.92,0
1697,263,语言学习,163.64,96.02,1
1322,485,语言学习,115.91,62.28,0
1567,323,产品设计,110.69,76.1,0
1039,371,市场营销,10.0,53.77,0
1865,245,编程开发,169.35,74.78,0
1039,455,金融理财,81.05,87.65,1
1858,129,人工智能,96.11,74.61,1
1972,144,数据科学,55.81,72.88,0
1748,374,人工智能,27.58,63.39,1
1288,133,市场营销,208.33,100.0,1
1261,240,编程开发,167.73,66.81,1
1215,417,人工智能,168.72,60.61,0
1146,473,市场营销,107.01,87.26,1
1335,320,数据科学,15.72,57.71,0
1167,455,产品设计,246.12,88.03,1
1091,121,职业发展,726.69,91.29,1
1352,279,语言学习,128.21,76.7,1
1570,466,数据科学,98.45,91.88,0
1570,428,编程开发,10.0,62.33,0
1815,330,语言学习,188.49,71.24,1
1680,137,职业发展,56.54,41.96,1
1780,169,数据科学,152.79,77.86,1
1362,215,金融理财,166.25,53.8,0
1556,338,数据科学,140.05,76.86,1
1344,434,数据科学,,89.0,1
1692,247,金融理财,200.77,79.35,1
1169,108,数据科学,72.46,68.95,0
1355,387,语言学习,129.87,81.78,1
1190,487,编程开发,106.49,77.05,1
1666,149,职业发展,10.0,72.58,0
1421,437,市场营销,137.18,73.15,0
1699,104,人工智能,195.08,56.45,0
1006,442,金融理财,202.58,91.46,1
1132,225,产品设计,231.45,80.11,1
1746,174,金融理财,13.58,52.53,0
1556,264,职业发展,217.72,84.53,1
1825,377,人工智能,131.09,74.61,1
1760,423,人工智能,216.03,73.51,0
1030,399,产品设计,96.31,56.51,0
1534,389,职业发展,88.15,73.25,1
1425,176,语言学习,47.08,56.08,1
1393,397,编程开发,166.56,77.34,1
1671,236,产品设计,150.87,78.4,1
1362,205,编程开发,52.98,74.83,1
1436,194,语言学习,10.0,82.16,1
1669,234,人工智能,144.91,76.46,0
1550,167,编程开发,151.75,70.5,0
1926,246,语言学习,60.78,82.49,1
1081,258,语言学习,48.73,75.22,0
1355,483,市场营销,159.35,77.18,0
1257,262,产品设计,231.38,84.86,1
1717,440,市场营销,90.3,69.05,1
1588,288,金融理财,67.22,68.16,0
1988,438,人工智能,137.93,72.39,1
1523,194,产品设计,158.12,65.62,0
1294,280,人工智能,98.14,69.63,1
1961,387,市场营销,241.51,100.0,1
1223,421,职业发展,174.1,68.77,1
1524,286,语言学习,97.12,66.73,1
1045,471,人工智能,24.45,53.46,0
1666,237,产品设计,199.17,90.94,1
1112,229,金融理财,191.52,86.92,1
1232,293,产品设计,,57.12,0
1016,415,人工智能,141.03,53.53,0
1359,372,产品设计,110.97,79.45,1
1222,451,金融理财,151.24,61.31,0
1865,243,语言学习,58.5,73.97,1
1699,115,职业发展,49.95,58.48,0
1447,401,语言学习,168.65,83.35,1
1855,344,产品设计,176.26,81.58,0
1364,206,金融理财,90.55,63.44,0
1674,187,金融理财,75.05,58.51,0
1325,228,人工智能,188.85,84.12,0
1466,494,市场营销,77.08,60.57,1
1413,474,产品设计,123.32,83.08,1
1454,440,产品设计,115.72,62.93,0
1585,103,产品设计,31.99,66.61,0
1232,426,产品设计,131.53,68.89,1
1223,466,人工智能,,72.27,0
1993,405,市场营销,141.61,66.76,0
1830,495,市场营销,129.49,70.8,1
1411,194,编程开发,248.14,58.51,0
1571,308,产品设计,189.7,70.31,1
1334,324,产品设计,122.33,66.02,1
1221,447,编程开发,127.81,71.71,1
1036,420,市场营销,225.82,94.89,0
1988,146,金融理财,171.79,69.72,0
1277,280,金融理财,46.26,78.64,0
1195,205,数据科学,176.94,68.59,0
1915,298,语言学习,194.57,67.84,0
1863,485,数据科学,217.06,62.26,0
1483,205,市场营销,95.91,75.39,0
1241,379,职业发展,91.53,69.76,1
1323,359,产品设计,63.49,71.65,1
1730,207,数据科学,138.49,74.78,0
1191,118,人工智能,163.97,75.85,1
1016,395,金融理财,89.2,71.52,0
1523,405,人工智能,111.49,92.36,0
1917,270,编程开发,10.0,56.23,1
1400,430,市场营销,210.57,100.0,1
1905,294,市场营销,26.1,71.06,1
1885,111,数据科学,142.49,77.5,0
1704,294,产品设计,134.3,78.6,1
1021,382,市场营销,122.75,39.98,0
1473,468,数据科学,124.13,69.45,1
1119,281,数据科学,,59.06,0
1209,404,语言学习,100.32,90.88,1
1305,243,语言学习,178.14,73.9,0
1269,485,市场营销,195.91,78.75,0
1703,415,数据科学,94.75,68.75,0
1686,281,编程开发,26.37,49.5,0
1284,129,编程开发,73.28,61.52,0
1715,183,语言学习,231.16,90.64,1
1675,265,市场营销,76.85,46.15,0
1762,383,金融理财,114.17,74.21,1
1226,380,产品设计,204.95,70.91,1
1947,195,职业发展,88.39,81.59,1
1380,480,金融理财,110.07,74.65,0
1459,365,编程开发,167.67,61.1,0
1006,397,编程开发,222.71,77.49,1
1028,395,金融理财,81.27,72.44,0
1906,324,语言学习,203.53,76.75,0
1032,432,语言学习,103.11,71.48,1
1645,460,市场营销,66.84,66.31,1
1878,473,语言学习,134.97,81.79,1
1078,141,人工智能,50.55,69.31,0
1927,402,职业发展,148.32,73.94,0
1946,345,金融理财,308.98,90.22,0
1458,307,金融理财,186.34,67.29,1
1569,336,数据科学,113.71,85.73,1
1982,121,编程开发,183.13,100.0,1
1537,284,金融理财,64.11,62.93,1
1481,341,人工智能,74.18,67.69,0
1429,462,金融理财,115.37,81.37,1
1737,382,产品设计,125.27,82.27,1
1284,140,人工智能,42.4,65.91,0
1515,435,市场营销,101.61,60.12,0
1976,261,产品设计,111.32,89.0,1
1098,259,产品设计,212.52,87.47,1
1396,188,金融理财,42.4,66.33,1
1488,421,语言学习,36.84,56.35,0
1038,111,金融理财,130.54,73.27,1
1270,172,人工智能,189.05,60.24,0
1886,175,市场营销,153.1,82.29,1
1796,445,编程开发,138.16,83.28,0
1156,300,职业发展,102.68,72.28,1
1074,109,语言学习,160.57,66.01,1
1883,451,人工智能,169.61,81.01,1
1799,325,编程开发,104.56,78.04,1
1129,275,人工智能,63.08,58.7,0
1686,375,语言学习,63.47,75.51,1
1973,138,编程开发,172.72,82.04,1
1083,159,语言学习,27.34,59.92,0
1021,165,人工智能,220.62,75.87,0
1458,420,产品设计,92.63,67.22,1
1538,223,职业发展,138.57,63.77,1
1706,263,数据科学,162.1,78.36,0
1848,485,职业发展,78.98,73.26,0
1381,258,产品设计,92.41,80.67,0
1747,156,语言学习,127.92,75.41,1
1439,177,职业发展,68.78,70.6,0
1603,293,语言学习,55.94,62.76,0
1988,384,语言学习,61.33,57.22,1
1020,114,编程开发,192.55,74.42,1
1302,111,市场营销,143.88,88.27,1
1975,200,语言学习,72.41,73.38,0
1868,255,职业发展,172.37,80.83,1
1954,439,职业发展,75.73,49.21,1
1083,224,职业发展,10.0,64.1,1
1773,458,产品设计,161.81,62.43,0
1658,379,数据科学,218.77,68.69,1
1952,493,语言学习,153.48,63.46,1
1452,209,金融理财,10.0,53.24,0
1386,433,语言学习,118.59,79.86,0
1506,456,语言学习,103.53,72.33,0
1256,245,金融理财,142.69,64.44,0
1569,315,编程开发,69.16,60.92,0
1891,497,语言学习,,74.7,1
1933,261,产品设计,34.8,70.36,1
1526,227,人工智能,133.31,74.3,1
1161,413,市场营销,37.03,52.12,0
1956,431,职业发展,146.25,70.09,1
1162,249,语言学习,74.97,91.1,1
1831,135,编程开发,10.0,48.86,0
1792,272,产品设计,167.63,80.05,1
1791,121,语言学习,149.64,95.76,1
1523,305,金融理财,201.18,76.82,0
1785,226,编程开发,10.0,79.31,1
1270,435,人工智能,80.73,60.97,0
1491,455,数据科学,127.9,52.69,1
1207,316,语言学习,154.3,69.21,0
1538,195,产品设计,32.23,55.56,0
1583,263,编程开发,145.89,57.48,0
1059,247,金融理财,85.69,64.16,1
1429,117,编程开发,10.0,70.88,1
1984,393,语言学习,74.96,61.35,0
1656,294,编程开发,150.86,70.91,0
1604,250,数据科学,11.2,74.79,0
1308,464,编程开发,158.22,67.9,0
1519,222,职业发展,137.0,79.51,1
1590,499,市场营销,104.77,53.11,0
1026,286,职业发展,21.89,52.47,0
1685,248,市场营销,26.7,60.46,1
1561,203,编程开发,96.09,81.43,1
1198,342,金融理财,262.52,55.98,0
1386,330,金融理财,99.97,60.47,1
1348,305,语言学习,174.37,79.68,0
1959,297,金融理财,103.62,74.4,1
1939,495,市场营销,101.97,59.56,1
1692,499,产品设计,102.02,64.7,0
1535,436,市场营销,180.8,88.44,1
1827,186,职业发展,197.6,67.41,0
1377,241,编程开发,145.32,77.54,0
1898,416,语言学习,128.2,67.29,0
1915,298,人工智能,133.77,87.03,1
1557,145,语言学习,205.68,85.8,0
1526,387,语言学习,148.58,83.25,1
1152,114,语言学习,211.35,75.17,0
1733,143,产品设计,94.85,77.47,1
1205,268,数据科学,39.87,71.86,1
1454,409,职业发展,79.86,72.96,0
1272,143,编程开发,86.23,65.56,1
1893,197,数据科学,216.27,82.65,1
1235,360,人工智能,164.18,57.44,0
1851,208,数据科学,81.75,85.54,1
1739,382,编程开发,168.5,70.34,1
1520,471,职业发展,112.23,67.56,0
1677,442,职业发展,218.07,68.02,0
1943,203,编程开发,99.98,76.45,1
1955,355,人工智能,27.67,67.98,0
1830,478,编程开发,108.79,67.62,1
1725,305,人工智能,100.01,46.38,0
1500,434,人工智能,39.41,56.72,0
1116,142,编程开发,155.15,79.68,0
1385,452,市场营销,205.48,82.49,1
1343,344,职业发展,52.65,64.66,1
1583,386,人工智能,178.36,73.1,0
1394,454,编程开发,83.6,52.34,0
1063,372,金融理财,118.52,81.16,1
1716,182,市场营销,112.21,56.51,0
1720,209,职业发展,118.52,69.48,1
1071,289,人工智能,148.38,64.08,0
1788,387,职业发展,58.55,75.63,1
1273,496,市场营销,197.6,85.03,1
1989,350,职业发展,150.21,71.03,1
1319,311,产品设计,170.13,83.45,0
1337,390,语言学习,73.2,52.2,0
1365,232,产品设计,53.11,64.37,1
1494,300,市场营销,190.96,68.02,0
1606,384,人工智能,50.54,75.16,1
1165,425,编程开发,128.96,76.28,1
1543,194,数据科学,181.14,84.11,0
1010,377,编程开发,112.39,65.39,0
1300,424,职业发展,190.2,85.94,1
1728,318,数据科学,103.71,58.91,1
1800,188,数据科学,43.35,54.48,0
1101,171,职业发展,142.45,72.1,1
1424,346,职业发展,131.9,63.48,1
1391,228,人工智能,281.28,94.44,1
1778,311,市场营销,63.29,61.42,0
1213,442,金融理财,104.89,59.39,0
1690,195,编程开发,76.15,55.3,1
1087,174,市场营销,111.45,77.81,0
1552,153,产品设计,109.03,45.16,0
1400,443,人工智能,67.66,56.47,1
1587,153,人工智能,148.09,88.43,1
1888,317,金融理财,107.15,66.97,0
1045,115,产品设计,200.73,86.68,1
1671,198,编程开发,81.09,72.16,1
1462,119,语言学习,231.68,80.62,1
1591,145,产品设计,136.55,56.69,0
1309,292,编程开发,196.28,65.82,0
1085,482,数据科学,126.93,58.91,0
1091,157,职业发展,73.16,71.93,1
1659,210,人工智能,104.19,76.83,0
1672,228,编程开发,36.79,54.79,1
1713,436,市场营销,113.31,70.23,1
1935,293,金融理财,130.33,72.75,0
1927,439,职业发展,122.74,72.72,1
1241,425,市场营销,199.81,71.81,0
1864,107,职业发展,111.05,87.18,0
1001,128,人工智能,10.0,67.75,0
1224,211,产品设计,332.64,93.07,1
1800,260,语言学习,78.56,62.45,0
1744,230,产品设计,178.12,68.98,0
1972,287,编程开发,29.75,66.87,0
1925,262,金融理财,134.71,68.36,1
1928,296,产品设计,72.33,68.37,0
1588,463,人工智能,10.0,41.98,0
1115,303,金融理财,103.03,64.72,1
1665,311,编程开发,117.0,70.28,1
1917,208,数据科学,106.87,80.07,1
1102,375,产品设计,134.59,63.86,0
1193,172,产品设计,103.83,55.24,0
1165,266,语言学习,124.15,76.52,1
1870,359,编程开发,130.21,72.02,0
1089,342,市场营销,117.89,54.24,0
1685,374,产品设计,109.75,53.95,0
1121,201,人工智能,66.38,59.98,0
1142,272,产品设计,155.67,74.3,1
1993,270,语言学习,103.02,83.91,1
1105,240,数据科学,98.17,58.73,1
1886,496,语言学习,150.74,80.04,0
1427,287,产品设计,132.72,53.29,0
1304,185,金融理财,78.11,71.2,0
1871,151,市场营销,195.04,94.03,1
1970,210,职业发展,48.65,66.15,0
1316,464,产品设计,58.11,58.97,0
1962,441,编程开发,160.1,87.89,1
1634,142,产品设计,225.07,85.37,1
1901,310,市场营销,85.36,69.83,0
1008,299,编程开发,144.77,63.9,0
1773,397,人工智能,48.46,68.35,0
1072,445,金融理财,64.26,59.4,0
1358,339,编程开发,187.93,81.39,1
1222,214,语言学习,141.95,74.29,1
1415,125,数据科学,189.79,89.29,1
1552,398,语言学习,185.18,72.24,0
1369,176,职业发展,10.0,59.48,0
1715,236,编程开发,48.24,72.67,1
1263,119,人工智能,136.47,70.91,0
1839,310,产品设计,18.17,61.55,0
1689,339,金融理财,56.74,61.45,1
1859,138,编程开发,205.62,78.35,1
1317,367,语言学习,87.51,75.22,1
1083,306,编程开发,162.62,94.17,1
1317,366,编程开发,118.31,54.72,0
1110,253,编程开发,79.2,55.05,0
1250,141,人工智能,20.15,60.54,0
1382,110,金融理财,134.0,73.52,0
1006,393,市场营销,207.28,77.98,1
1458,197,市场营销,80.91,62.33,0
1083,374,编程开发,124.12,59.74,0
1207,489,人工智能,28.81,56.69,1
1899,471,人工智能,79.67,75.92,0
1389,329,职业发展,140.45,74.59,0
1313,468,编程开发,823.11,82.76,1
1021,319,语言学习,153.36,62.88,0
1409,164,语言学习,10.0,75.41,1
1894,454,数据科学,92.58,63.38,1
1514,331,金融理财,61.96,70.78,0
1126,427,编程开发,101.46,68.61,1
1808,151,数据科学,113.33,65.62,0
1699,473,语言学习,183.98,82.22,1
1873,475,语言学习,688.57,79.39,1
1013,362,编程开发,205.07,100.0,1
1970,366,数据科学,78.03,73.98,1
1977,458,数据科学,34.98,69.64,1
1011,416,编程开发,207.31,91.6,0
1086,423,金融理财,146.01,79.51,1
1523,495,职业发展,75.4,66.94,1
1908,253,数据科学,146.27,77.48,1
1536,457,职业发展,170.12,85.09,1
1300,465,产品设计,127.15,86.27,1
1242,239,金融理财,76.26,52.31,0
1121,150,语言学习,93.52,50.19,0
1146,216,市场营销,137.44,86.85,1
1566,145,金融理财,131.93,64.85,0
1749,408,职业发展,192.74,62.16,1
1355,187,职业发展,103.45,52.54,0
1684,307,职业发展,62.17,84.06,1
1903,476,人工智能,274.62,95.48,1
1732,368,金融理财,130.47,64.73,0
1630,188,数据科学,170.06,69.0,0
1308,480,数据科学,151.31,75.26,0
1694,217,人工智能,131.19,81.35,1
1287,153,数据科学,106.34,67.4,0
1306,215,人工智能,10.0,53.11,0
1811,217,职业发展,56.21,76.82,1
1593,359,编程开发,139.75,73.33,0
1965,174,金融理财,10.0,59.06,0
1913,404,产品设计,124.3,78.01,1
1722,106,职业发展,159.67,54.16,0
1661,465,产品设计,170.0,81.27,1
1548,221,语言学习,155.89,79.27,1
1351,110,职业发展,177.5,63.47,0
1311,447,市场营销,216.34,61.62,1
1872,314,数据科学,185.77,72.42,0
1058,378,市场营销,131.81,74.64,0
1642,127,编程开发,111.92,73.73,0
1923,334,产品设计,126.88,89.38,1
1713,466,金融理财,103.47,71.89,1
1754,412,职业发展,187.05,64.2,0
1034,125,金融理财,154.33,72.49,0
1444,153,编程开发,97.14,56.46,0
1092,128,编程开发,199.45,77.6,0
1949,452,数据科学,102.49,84.05,1
1958,263,编程开发,63.25,70.74,0
1206,369,职业发展,119.36,64.4,0
1352,433,职业发展,70.55,72.78,1
1902,134,金融理财,176.17,69.35,0
1331,385,金融理财,69.27,39.1,0
1816,447,产品设计,113.08,58.66,1
1861,372,职业发展,176.38,81.73,1
1724,307,市场营销,77.27,75.24,0
1158,337,产品设计,144.67,91.24,0
1953,192,数据科学,61.6,69.4,1
1956,272,产品设计,134.66,86.56,1
1023,178,人工智能,154.03,81.28,1
1403,209,金融理财,117.47,80.79,1
1804,316,市场营销,122.01,82.88,1
1515,457,金融理财,146.64,79.13,1
1731,205,人工智能,103.17,80.78,1
1363,146,人工智能,173.37,69.87,1
1381,280,语言学习,202.27,55.4,0
1531,163,职业发展,64.45,72.77,1
1955,345,数据科学,226.02,85.72,1
1151,343,编程开发,101.79,61.14,1
1561,419,人工智能,239.66,70.68,0
1688,186,产品设计,102.6,71.28,1
1946,316,编程开发,162.44,82.96,1
1607,106,产品设计,162.12,80.96,1
1616,377,金融理财,96.76,59.21,1
1419,436,产品设计,124.36,64.14,0
1249,309,编程开发,206.39,86.76,0
1116,268,编程开发,100.67,70.51,1
1865,429,职业发展,94.95,79.83,0
1511,237,产品设计,50.79,61.71,0
1739,490,数据科学,214.05,88.21,0
1577,480,职业发展,91.15,68.47,1
1334,405,市场营销,192.0,71.44,1
1417,329,语言学习,83.92,77.44,0
1931,407,市场营销,190.12,68.56,0
1773,260,数据科学,168.4,77.11,1
1294,100,职业发展,106.29,72.11,1
1937,335,语言学习,75.94,66.18,1
1754,287,职业发展,80.82,77.77,1
1370,103,编程开发,80.05,73.51,1
1185,231,语言学习,183.91,82.41,1
1245,317,金融理财,129.61,73.29,0
1636,359,产品设计,53.09,83.73,1
1267,100,市场营销,104.87,84.84,1
1642,170,语言学习,112.14,80.1,1
1236,277,产品设计,10.0,68.52,0
1529,288,职业发展,108.21,64.5,1
1551,390,数据科学,163.39,75.39,1
1020,107,语言学习,111.74,77.22,1
1910,352,产品设计,135.26,83.67,0
1736,391,职业发展,149.07,83.41,1
1866,343,职业发展,99.44,75.48,1
1793,222,职业发展,819.23,95.94,1
1519,398,数据科学,207.45,78.81,1
1099,382,编程开发,28.57,72.91,1
1751,131,数据科学,99.31,78.57,1
1477,433,数据科学,259.78,89.7,0
1598,476,金融理财,,77.47,1
1297,245,市场营销,117.91,76.07,1
1939,255,职业发展,104.52,63.08,1
1525,115,产品设计,196.47,83.11,1
1333,454,语言学习,63.66,73.67,0
1001,146,市场营销,175.57,80.29,0
1374,350,职业发展,103.39,51.63,0
1292,286,人工智能,75.01,51.43,0
1836,130,数据科学,106.13,62.14,1
1933,359,人工智能,117.22,70.28,0
1552,116,职业发展,90.14,61.12,0
1317,138,市场营销,186.77,84.62,1
1501,403,产品设计,75.47,79.26,1
1827,138,市场营销,128.4,85.82,1
1380,231,金融理财,152.25,78.17,1
1622,129,产品设计,127.78,83.26,1
1013,257,产品设计,166.33,70.55,0
1503,377,职业发展,93.99,67.62,1
1230,302,编程开发,157.36,63.63,0
1984,165,职业发展,159.13,87.54,1
1083,207,数据科学,178.09,96.97,1
1129,367,市场营销,10.0,57.49,1
1742,321,产品设计,150.54,52.93,0
1837,391,职业发展,174.08,67.37,0
1144,117,职业发展,95.31,62.76,0
1890,189,市场营销,87.13,55.21,0
1856,280,市场营销,77.92,57.27,0
1027,354,金融理财,58.08,67.69,0
1065,352,产品设计,159.95,82.15,1
1162,356,语言学习,256.91,64.33,0
1228,482,金融理财,86.64,63.1,0
1260,445,人工智能,92.01,69.32,1
1448,186,数据科学,120.92,61.09,0
1423,189,数据科学,23.88,64.68,0
1459,336,语言学习,78.27,66.43,1
1951,489,编程开发,116.58,66.85,1
1675,169,金融理财,66.36,57.81,0
1300,143,语言学习,191.85,81.39,0
1918,299,编程开发,42.37,56.48,0
1302,251,编程开发,174.06,59.59,0
1286,185,语言学习,208.11,80.45,1
1394,118,数据科学,142.9,61.5,0
1009,200,人工智能,111.75,54.4,0
1706,194,数据科学,134.78,74.4,0
1629,353,职业发展,93.57,67.47,0
1269,456,数据科学,10.0,52.31,0
1591,129,数据科学,61.24,68.24,0
1969,348,金融理财,119.33,75.84,1
1604,132,语言学习,63.56,68.58,1
1777,328,语言学习,95.21,71.29,0
1843,111,职业发展,148.75,58.41,0
1861,217,职业发展,128.7,85.45,0
1360,449,金融理财,183.51,83.42,1
1256,254,语言学习,137.65,63.87,0
1132,492,数据科学,141.18,73.61,0
1275,345,人工智能,77.26,69.29,1
1775,431,编程开发,40.13,63.51,0
1682,346,市场营销,95.22,87.19,1
1971,128,编程开发,76.37,47.97,0
1512,260,职业发展,109.99,55.93,0
1312,334,职业发展,56.04,42.46,0
1575,289,编程开发,170.55,77.38,1
1885,216,市场营销,76.15,72.84,0
1979,370,数据科学,98.17,73.16,1
1283,357,人工智能,118.79,68.66,1
1120,279,人工智能,187.39,82.28,1
1106,472,编程开发,225.52,78.96,1
1932,271,市场营销,229.65,89.73,1
1686,373,金融理财,43.09,75.26,1
1996,358,职业发展,97.61,60.18,0
1203,234,产品设计,86.2,65.5,0
1164,270,数据科学,142.22,72.57,1
1304,309,金融理财,138.56,87.73,1
1496,335,编程开发,85.02,60.13,0
1631,285,人工智能,80.28,78.78,0
1555,463,职业发展,60.15,51.19,0
1823,194,金融理财,10.0,73.41,1
1155,477,金融理财,42.11,72.61,1
1366,110,语言学习,172.01,75.17,1
1718,167,语言学习,207.88,89.38,1
1901,478,市场营销,200.87,74.52,1
1619,309,市场营销,174.55,67.74,0
1250,295,编程开发,59.28,82.83,1
1956,468,金融理财,49.13,59.36,0
1915,197,产品设计,11.34,67.87,1
1881,192,人工智能,85.01,79.35,1
1333,121,编程开发,125.23,80.24,1
1641,271,产品设计,59.53,71.78,0
1968,482,职业发展,145.87,80.98,0
1510,233,市场营销,159.11,86.04,1
1292,124,语言学习,91.53,72.08,0
1019,284,数据科学,39.6,63.45,1
1281,184,金融理财,202.86,66.03,1
1796,154,职业发展,122.11,75.05,1
1000,350,语言学习,236.47,93.27,1
1118,243,人工智能,125.54,61.2,1
1034,450,人工智能,129.73,70.32,0
1197,497,语言学习,62.13,70.29,0
1484,266,职业发展,94.59,84.32,0
1756,323,语言学习,26.47,50.99,0
1058,319,产品设计,39.38,71.76,1
1836,278,编程开发,164.47,72.41,1
1160,218,市场营销,103.04,63.28,0
1690,364,产品设计,94.64,60.02,0
1205,249,数据科学,75.57,60.79,0
1011,314,语言学习,96.87,74.41,1
1489,296,数据科学,187.98,76.0,0
1275,141,数据科学,128.65,79.65,0
1692,152,产品设计,49.2,53.56,0
1241,429,市场营销,181.82,84.65,0
1215,350,职业发展,223.5,86.07,1
1250,394,人工智能,149.68,59.47,1
1810,477,编程开发,173.48,91.93,1
1125,370,金融理财,193.25,82.19,1
1993,222,人工智能,20.6,69.66,0
1216,466,市场营销,231.86,94.1,1
1305,486,金融理财,185.93,87.76,1
1796,438,人工智能,149.33,73.26,0
1184,365,语言学习,112.47,78.19,1
1038,447,语言学习,39.77,45.77,0
1222,128,产品设计,100.12,73.67,1
1183,134,数据科学,146.9,91.61,1
1494,105,金融理财,53.74,58.27,1
1426,495,市场营销,115.82,80.41,1
1177,210,市场营销,48.99,82.49,0
1918,393,人工智能,96.92,76.32,0
1427,176,产品设计,38.84,74.03,0
1293,448,人工智能,32.53,47.47,0
1851,246,人工智能,140.41,64.3,0
1150,166,市场营销,85.21,82.58,1
1383,491,人工智能,90.85,78.44,0
1637,107,数据科学,81.99,72.93,0
1812,221,人工智能,283.39,84.91,1
1307,439,金融理财,156.44,78.06,0
1335,274,数据科学,162.88,93.22,1
1945,487,市场营销,73.48,66.12,0
1745,278,产品设计,150.29,81.6,1
1891,184,语言学习,106.34,77.07,1
1374,144,金融理财,72.99,60.44,0
1007,235,数据科学,235.75,77.03,1
1340,442,产品设计,154.37,90.28,1
1128,115,产品设计,151.34,80.41,0
1775,432,数据科学,61.7,59.19,0
1668,294,市场营销,43.79,61.14,1
1351,108,编程开发,116.55,61.48,0
1357,415,产品设计,85.59,78.99,1
1516,433,产品设计,156.76,72.72,0
1494,432,市场营销,160.76,73.24,0
1085,426,市场营销,123.93,80.46,1
1174,114,人工智能,169.66,59.7,0
1801,426,市场营销,131.6,72.43,0
1192,201,产品设计,67.7,66.47,0
1310,325,数据科学,108.1,67.65,1
1118,377,编程开发,128.14,66.96,0
1217,212,职业发展,,69.98,1
1426,100,人工智能,133.5,75.8,1
1969,365,职业发展,85.71,58.23,0
1413,307,数据科学,177.97,78.91,1
1113,209,编程开发,142.85,68.36,0
1977,299,编程开发,212.74,75.82,0
1144,468,编程开发,125.24,74.15,1
1537,405,语言学习,57.76,60.64,0
1647,111,数据科学,190.62,91.2,1
1302,444,金融理财,85.39,66.9,0
1743,287,人工智能,137.73,83.86,1
1880,253,人工智能,131.14,65.13,0
1587,467,编程开发,122.74,64.09,1
1986,433,数据科学,109.81,54.05,0
1839,476,语言学习,20.87,57.11,1
1344,378,编程开发,,63.5,1
1813,270,市场营销,187.33,78.98,0
1963,233,金融理财,145.73,81.14,1
1800,124,职业发展,234.56,89.05,1
1000,117,人工智能,57.74,76.97,1
1146,289,职业发展,118.16,62.61,0
1286,240,产品设计,189.79,78.76,1
1975,142,编程开发,86.05,58.36,0
1653,433,市场营销,90.88,72.98,0
1052,383,人工智能,102.4,88.0,1
1303,245,职业发展,93.28,57.1,1
1068,414,金融理财,151.91,81.64,0
1360,418,语言学习,13.19,71.77,1
1601,191,数据科学,218.56,72.32,1
1957,278,人工智能,62.42,70.43,1
1219,155,金融理财,10.0,57.37,0
1961,254,职业发展,119.39,70.4,0
1703,259,数据科学,97.36,65.53,0
1965,210,职业发展,109.32,68.38,0
1574,236,数据科学,138.75,85.05,1
1584,331,语言学习,158.69,74.64,0
1160,319,语言学习,221.2,75.49,1
1680,167,编程开发,78.59,68.33,0
1088,401,编程开发,166.46,54.96,1
1687,348,人工智能,162.54,67.63,0
1780,422,语言学习,10.0,73.46,1
1584,491,市场营销,70.01,65.35,0
1756,105,职业发展,42.78,59.38,0
1588,379,职业发展,146.87,76.01,1
1158,193,职业发展,140.27,81.0,0
1488,368,人工智能,141.48,87.04,1
1970,296,职业发展,101.66,65.37,0
1323,124,产品设计,107.71,66.19,0
1609,247,数据科学,,69.27,1
1380,217,职业发展,95.93,79.62,1
1101,437,金融理财,166.63,76.77,1
1493,466,数据科学,55.82,87.09,1
1643,437,编程开发,73.09,65.5,0
1613,165,职业发展,127.28,90.01,1
1018,400,金融理财,97.92,60.59,0
1453,469,市场营销,53.47,51.3,0
1481,274,金融理财,151.92,73.76,0
1593,418,语言学习,85.66,79.72,1
1396,175,语言学习,69.32,61.97,0
1278,213,编程开发,109.54,64.48,0
1850,210,产品设计,66.41,76.71,0
1364,348,人工智能,117.95,78.52,1
1330,302,人工智能,98.42,61.64,1
1640,246,市场营销,89.25,60.17,0
1343,134,编程开发,89.62,77.01,0
1821,408,编程开发,179.74,61.16,1
1454,125,产品设计,142.15,84.62,1
1600,337,职业发展,17.45,68.61,0
1724,113,人工智能,172.98,54.01,0
1654,473,职业发展,150.99,74.84,1
1064,144,编程开发,147.45,54.55,0
1075,315,职业发展,173.27,64.8,0
1710,332,语言学习,120.9,66.72,0
1142,292,市场营销,157.21,62.61,0
1916,150,人工智能,92.13,91.14,1
1914,474,产品设计,170.85,85.25,1
1827,313,市场营销,133.09,86.61,1
1604,250,数据科学,37.38,62.23,0
1472,374,语言学习,182.18,78.02,1
1416,437,产品设计,112.27,86.72,0
1304,175,金融理财,103.91,74.44,1
1735,319,市场营销,93.44,75.21,1
1496,447,编程开发,97.84,60.4,0
1290,286,数据科学,133.78,63.85,1
1939,388,产品设计,60.75,68.52,0
1101,127,编程开发,25.88,66.25,1
1985,478,语言学习,56.13,55.49,0
1266,279,金融理财,142.9,77.48,1
1866,352,数据科学,110.28,58.51,0
1967,225,人工智能,186.79,78.3,1
1621,276,金融理财,116.11,56.91,1
1973,136,编程开发,170.55,89.86,1
1841,198,市场营销,78.43,64.51,1
1961,197,职业发展,93.89,62.19,0
1941,226,产品设计,120.57,60.26,1
1776,267,数据科学,111.18,58.39,0
1002,179,编程开发,105.58,74.63,1
1084,393,人工智能,67.67,76.62,0
1793,432,职业发展,,71.45,0
1327,225,产品设计,157.86,89.31,1
1815,442,产品设计,151.16,92.18,1
1449,409,编程开发,83.17,77.67,1
1453,249,人工智能,142.73,68.85,1
1923,115,语言学习,,72.39,1
1628,127,职业发展,186.37,55.55,0
1220,272,语言学习,41.26,70.39,1
1153,145,数据科学,112.4,72.42,1
1664,427,编程开发,107.61,86.41,1
1011,335,职业发展,129.67,65.17,1
1132,313,数据科学,212.23,85.79,1
1993,184,金融理财,112.58,60.91,1
1303,381,语言学习,164.59,74.9,1
1292,331,金融理财,111.13,54.45,0
1974,184,金融理财,184.25,91.47,1
1299,164,职业发展,165.17,86.58,1
1739,233,产品设计,100.0,65.0,1
1782,250,数据科学,95.68,71.92,1
1042,214,金融理财,149.22,74.89,1
1943,163,人工智能,80.68,61.72,1
1342,442,市场营销,131.44,74.01,0
1325,462,语言学习,98.65,65.16,0
1813,451,语言学习,142.09,83.62,1
1497,257,人工智能,110.34,68.62,0
1363,176,职业发展,78.45,91.53,1
1890,245,职业发展,186.32,77.34,1
1426,442,职业发展,134.37,74.19,1
1020,324,数据科学,116.78,76.64,0
1406,412,编程开发,145.2,82.49,1
1618,202,金融理财,19.73,62.7,0
1335,446,产品设计,245.41,88.92,0
1814,400,市场营销,121.48,73.64,1
1116,187,编程开发,10.0,53.19,0
1123,470,编程开发,191.83,68.17,1
1398,402,人工智能,74.92,74.28,1
1792,267,数据科学,182.62,92.93,1
1803,269,语言学习,127.29,56.07,0
1714,234,语言学习,25.78,48.16,0
1050,149,人工智能,135.68,58.75,1
1782,439,数据科学,131.26,80.51,1
1323,446,人工智能,189.11,86.97,1
1788,233,语言学习,151.33,64.95,0
1140,446,编程开发,45.64,86.49,0
1469,236,产品设计,180.14,73.66,1
1786,344,金融理财,95.16,83.61,1
1801,208,职业发展,223.22,89.79,0
1333,412,数据科学,98.71,60.02,1
1892,386,金融理财,107.32,66.25,0
1963,120,市场营销,70.68,58.15,0
1372,189,市场营销,450.42,55.31,0
1563,395,编程开发,74.22,64.68,0
1493,211,人工智能,190.59,66.54,1
1538,400,人工智能,40.11,62.15,0
1668,176,语言学习,168.27,95.69,1
1750,276,编程开发,169.72,83.47,1
1155,442,语言学习,202.65,74.13,0
1290,247,语言学习,122.63,65.53,0
1647,200,市场营销,58.4,61.67,0
1143,345,语言学习,109.69,91.38,0
1105,216,金融理财,155.68,64.25,0
1419,191,职业发展,125.08,72.14,1
1669,127,语言学习,142.0,78.46,1
1657,124,市场营销,201.92,91.79,1
1001,157,职业发展,154.92,71.73,1
1944,396,人工智能,659.53,63.2,0
1588,233,数据科学,10.0,63.87,0
1643,430,产品设计,72.97,80.24,1
1089,348,语言学习,95.72,66.58,0
1344,137,金融理财,10.0,52.58,0
1349,489,职业发展,53.44,66.3,0
1458,174,数据科学,103.89,53.86,0
1262,241,市场营销,113.66,68.86,1
1350,421,数据科学,150.35,86.4,1
1107,267,产品设计,107.68,79.22,1
1585,358,金融理财,134.88,71.67,0
1038,472,数据科学,94.93,85.82,1
1908,454,金融理财,122.52,91.01,1
1158,324,职业发展,147.06,80.94,0
1582,251,数据科学,208.36,65.58,1
1958,118,金融理财,89.12,49.87,0
1311,245,数据科学,128.65,86.34,1
1240,340,数据科学,172.15,79.18,0
1937,471,编程开发,33.62,79.62,1
1444,480,语言学习,239.87,69.93,0
1297,443,市场营销,190.74,76.93,0
1951,336,产品设计,17.31,71.97,1
1035,134,市场营销,142.28,66.54,1
1083,289,编程开发,86.13,78.52,1
1451,100,编程开发,96.16,68.12,0
1885,252,职业发展,,73.99,1
1774,225,编程开发,183.02,65.96,1
1821,444,语言学习,92.05,71.46,1
1384,499,编程开发,92.85,90.96,1
1171,325,数据科学,142.33,77.72,1
1375,320,市场营销,154.32,67.09,1
1684,310,人工智能,59.57,79.75,1
1361,124,产品设计,223.42,74.11,0
1558,115,编程开发,81.4,85.13,1
1890,281,市场营销,177.88,64.54,0
1140,428,职业发展,147.1,77.03,1
1886,228,编程开发,156.38,90.47,0
1917,141,语言学习,82.56,59.36,0
1117,435,编程开发,16.57,62.44,0
1276,335,编程开发,118.72,83.11,1
1725,459,金融理财,118.96,49.01,0
1219,133,金融理财,62.52,75.35,0
1904,444,编程开发,175.08,76.14,1
1025,480,职业发展,116.91,85.79,1
1520,144,金融理财,71.46,58.67,0
1782,233,编程开发,155.1,61.21,0
1009,120,产品设计,156.7,69.8,1
1983,221,市场营销,77.02,61.85,1
1377,169,金融理财,194.0,76.8,1
1632,451,金融理财,254.59,80.07,0
1636,460,语言学习,54.6,45.23,0
1681,147,编程开发,108.98,69.65,0
1583,138,编程开发,140.22,75.95,1
1151,386,编程开发,256.82,83.04,1
1719,109,编程开发,75.97,70.25,1
1048,129,金融理财,63.62,67.04,1
1153,343,数据科学,63.21,52.33,0
1858,373,数据科学,193.29,75.78,0
1292,187,人工智能,77.53,68.68,1
1579,343,编程开发,68.99,64.34,0
1049,480,人工智能,133.86,58.09,0
1663,428,产品设计,138.49,85.7,1
1530,114,人工智能,184.26,68.19,1
1611,103,市场营销,125.52,59.78,0
1059,290,数据科学,134.94,73.53,1
1166,267,数据科学,113.68,67.9,1
1201,108,编程开发,41.74,70.07,1
1856,208,金融理财,108.02,79.23,1
1145,236,编程开发,123.77,79.24,1
1914,253,产品设计,93.37,69.06,1
1675,487,语言学习,26.13,68.07,1
1969,308,产品设计,51.9,49.45,0
1992,371,市场营销,117.64,82.38,1
1438,242,编程开发,,73.06,0
1241,198,编程开发,220.94,100.0,1
1580,476,产品设计,108.97,81.84,1
1686,407,产品设计,76.99,65.51,0
1560,168,产品设计,97.65,69.71,1
1482,346,数据科学,57.22,77.4,1
1107,360,人工智能,167.26,53.66,0
1225,375,人工智能,248.26,82.53,1
1672,178,编程开发,78.45,84.64,0
1630,245,数据科学,48.48,73.16,1
1660,210,产品设计,180.39,69.16,1
1976,357,编程开发,139.08,76.67,1
1661,192,数据科学,140.1,63.85,1
1431,112,市场营销,215.29,77.52,1
1804,359,语言学习,38.01,67.03,0
1654,208,数据科学,36.34,68.63,1
1418,429,职业发展,110.3,78.02,1
1987,288,编程开发,123.8,84.37,1
1454,194,金融理财,98.7,57.66,0
1159,204,人工智能,267.65,86.26,1
1522,107,职业发展,101.39,61.35,1
1649,166,产品设计,86.96,64.47,0
1968,290,语言学习,127.46,64.85,0
1589,465,金融理财,178.25,82.32,1
1076,355,市场营销,382.37,77.97,1
1508,108,金融理财,111.18,81.88,1
1440,216,语言学习,179.96,66.44,0
1253,366,金融理财,183.29,76.59,1
1920,198,语言学习,133.06,61.61,0
1769,397,数据科学,265.1,74.11,1
1319,496,编程开发,238.84,76.6,1
1802,263,金融理财,35.63,66.9,0
1262,475,金融理财,18.48,66.99,1
1596,240,编程开发,,82.85,1
1657,367,语言学习,201.92,85.55,1
1834,136,产品设计,106.51,61.88,0
1553,173,编程开发,89.87,80.56,1
1373,172,语言学习,70.78,74.91,0
1636,407,编程开发,49.92,60.73,0
1166,298,产品设计,188.18,74.55,0
1936,229,市场营销,97.12,62.87,1
1752,345,职业发展,138.11,60.51,1
1458,411,语言学习,10.45,67.68,0
1998,159,人工智能,180.14,85.73,1
1279,378,人工智能,155.27,65.83,0
1699,202,语言学习,39.32,51.5,1
1301,395,数据科学,135.54,63.81,1
1530,419,市场营销,120.28,72.8,0
1579,440,数据科学,92.99,55.22,0
1217,250,职业发展,10.0,72.25,1
1101,256,人工智能,80.38,78.49,1
1553,305,产品设计,138.15,77.67,1
1287,278,语言学习,87.09,76.56,1
1166,296,职业发展,106.7,70.96,0
1620,322,金融理财,209.81,85.05,0
1035,188,金融理财,115.35,58.21,0
1743,386,编程开发,10.0,74.88,0
1740,375,人工智能,108.91,65.71,1
1352,335,市场营销,125.96,70.96,1
1675,282,人工智能,70.48,91.72,1
1898,308,市场营销,164.08,73.75,0
1072,229,市场营销,32.27,70.53,1
1647,252,语言学习,111.74,76.01,1
1352,112,市场营销,31.57,49.74,0
1890,221,数据科学,102.26,59.94,1
1069,458,金融理财,162.49,96.16,1
1424,319,职业发展,110.3,76.52,0
1998,205,产品设计,106.8,70.21,0
1707,474,人工智能,121.67,66.47,1
1780,169,产品设计,124.67,75.32,1
1560,294,职业发展,161.63,79.87,1
1827,285,编程开发,161.99,78.01,1
1641,198,职业发展,205.3,90.65,1
1955,181,人工智能,130.06,63.98,1
1516,174,金融理财,20.36,51.97,0
1427,473,产品设计,171.48,87.1,1
1538,439,产品设计,200.99,100.0,1
1159,291,语言学习,267.7,94.45,1
1148,424,语言学习,207.1,93.11,0
1775,313,职业发展,90.58,68.06,1
1229,414,职业发展,131.23,75.42,1
1711,481,编程开发,103.76,72.61,0
1561,466,市场营销,95.61,68.74,1
1066,417,人工智能,113.19,85.12,1
1811,243,语言学习,197.14,90.33,1
1380,483,人工智能,24.65,58.4,0
1057,315,编程开发,59.85,49.36,0
1258,460,语言学习,,78.14,1
1341,423,语言学习,207.22,68.6,1
1837,114,市场营销,80.43,68.06,1
1129,316,人工智能,219.04,70.54,0
1726,134,金融理财,178.55,89.92,1
1171,282,人工智能,103.93,76.95,1
1769,369,人工智能,10.0,67.57,1
1613,457,市场营销,19.92,72.66,0
1208,199,语言学习,80.51,71.74,0
1802,106,编程开发,165.6,81.57,1
1353,129,人工智能,165.79,90.47,1
1470,404,产品设计,92.01,67.6,1
1797,243,金融理财,106.12,76.37,0
1115,210,金融理财,118.05,60.95,1
1263,331,市场营销,106.88,71.18,1
1661,278,数据科学,129.82,95.21,1
1811,171,编程开发,118.2,79.64,1
1441,309,产品设计,19.55,61.04,0
1547,319,人工智能,107.55,73.1,0
1452,179,数据科学,118.64,71.32,0
1844,182,编程开发,179.39,79.76,1
1476,141,市场营销,70.12,62.83,0
1286,372,数据科学,132.23,77.8,1
1302,290,语言学习,153.77,80.25,1
1310,272,职业发展,111.1,70.87,1
1207,106,数据科学,14.71,62.83,0
1617,254,职业发展,180.6,80.97,1
1445,109,金融理财,164.83,70.75,0
1669,133,产品设计,133.73,77.85,0
1632,135,编程开发,122.42,79.7,1
1054,105,产品设计,13.11,75.92,0
1911,314,产品设计,166.48,79.37,1
1011,233,人工智能,209.18,74.78,1
1656,384,市场营销,53.18,64.14,0
1399,225,数据科学,200.7,68.08,0
1907,436,编程开发,187.89,85.54,1
1647,273,金融理财,51.41,44.4,0
1979,251,语言学习,96.35,79.61,1
1514,430,市场营销,36.27,74.98,1
1655,125,市场营销,116.09,41.98,0
1541,482,编程开发,146.9,87.03,1
1236,214,市场营销,40.77,74.24,0
1278,481,人工智能,143.15,71.02,0
1347,383,市场营销,158.35,63.48,1
1626,486,金融理财,159.21,67.1,0
1103,174,金融理财,147.27,66.73,1
1629,265,人工智能,46.29,77.66,0
1516,288,数据科学,112.71,66.47,1
1979,177,数据科学,141.14,82.78,1
1871,189,产品设计,207.66,78.95,1
1247,275,金融理财,120.15,72.23,0
1363,120,人工智能,145.53,58.44,0
1320,153,语言学习,64.08,54.76,0
1632,283,数据科学,50.71,77.86,1
1285,458,市场营销,43.02,62.62,0
1148,321,编程开发,94.78,72.22,0
1083,414,编程开发,243.72,100.0,1
1965,427,职业发展,95.88,68.04,0
1405,278,金融理财,141.88,71.95,0
1977,375,人工智能,153.43,86.98,1
1455,211,语言学习,54.51,65.42,0
1742,323,产品设计,93.89,72.33,1
1799,313,市场营销,157.46,85.28,1
1160,158,人工智能,145.7,74.17,1
1783,426,职业发展,,68.85,0
1459,492,编程开发,155.66,73.98,1
1549,208,人工智能,86.94,78.26,1
1499,484,市场营销,88.51,72.82,0
1737,256,语言学习,144.29,71.77,1
1508,290,金融理财,211.38,81.29,1
1653,299,语言学习,107.97,46.05,0
1803,411,数据科学,190.74,90.48,1
1480,295,市场营销,33.54,50.71,0
1662,134,职业发展,127.84,61.74,0
1113,478,数据科学,87.54,64.13,0
1748,486,数据科学,,55.38,0
1577,345,数据科学,102.22,74.61,1
1360,336,人工智能,39.54,67.45,0
1340,203,职业发展,66.76,61.62,0
1769,106,编程开发,21.41,55.3,0
1986,382,语言学习,41.59,57.11,0
1760,100,金融理财,148.82,80.62,1
1968,318,人工智能,104.94,54.27,0
1448,329,编程开发,133.85,68.92,0
1842,271,语言学习,228.93,66.96,1
1834,186,金融理财,102.24,77.63,1
1179,140,职业发展,158.06,72.0,1
1701,222,金融理财,121.69,77.3,0
1406,430,职业发展,285.76,100.0,1
1665,397,市场营销,,73.64,1
1195,472,金融理财,76.94,57.26,0
1465,277,语言学习,159.24,78.58,0
1310,162,语言学习,74.83,78.49,0
1261,264,职业发展,153.96,81.93,1
1418,286,语言学习,116.4,79.27,0
1405,482,产品设计,171.9,58.88,0
1938,308,市场营销,52.07,71.87,1
1142,326,人工智能,130.37,64.75,0
1341,488,金融理财,147.96,81.03,1
1315,147,人工智能,127.91,78.86,1
1100,323,编程开发,128.96,78.44,0
1243,102,人工智能,192.15,77.57,1
1489,471,数据科学,19.21,75.03,0
1011,274,语言学习,127.5,77.5,1
1238,198,人工智能,47.45,67.83,0
1560,215,编程开发,165.46,66.74,0
1041,369,编程开发,69.72,70.74,1
1677,467,数据科学,10.0,80.76,1
1593,352,编程开发,166.89,62.32,0
1428,416,职业发展,103.9,77.4,1
1802,194,产品设计,141.4,82.31,1
1157,372,职业发展,205.62,97.25,1
1215,479,语言学习,142.28,81.09,1
1669,123,语言学习,650.83,72.76,1
1461,215,语言学习,117.16,75.62,1
1133,250,市场营销,51.16,62.29,0
1066,437,人工智能,107.09,82.6,0
1847,149,产品设计,238.43,67.69,1
1006,305,人工智能,97.49,64.6,1
1947,434,产品设计,110.64,75.22,1
1525,178,人工智能,195.43,90.71,1
1072,169,数据科学,27.52,62.54,0
1398,126,金融理财,157.21,67.46,0
1404,370,职业发展,24.67,60.29,0
1674,149,编程开发,143.95,70.33,0
1577,391,编程开发,118.66,68.33,1
1858,346,职业发展,156.74,70.89,0
1129,363,数据科学,59.25,61.41,0
1930,178,产品设计,87.9,51.39,0
1465,486,职业发展,159.84,78.54,1
1205,289,市场营销,89.41,75.44,0
1787,146,产品设计,165.33,91.06,1
1977,460,编程开发,662.75,81.49,0
1767,453,市场营销,93.25,77.16,1
1265,451,人工智能,101.08,72.79,0
1536,288,市场营销,120.21,54.06,0
1961,355,产品设计,106.79,73.18,0
1792,321,数据科学,163.81,77.05,1
1252,471,人工智能,97.72,79.8,0
1821,340,产品设计,85.62,74.0,1
1288,368,人工智能,174.62,75.68,0
1163,100,市场营销,94.67,88.79,1
1094,133,编程开发,87.58,77.0,1
1781,178,产品设计,10.0,64.37,0
1832,335,金融理财,57.63,70.16,0
1109,433,数据科学,348.41,67.39,0
1335,476,金融理财,87.59,68.68,0
1821,448,金融理财,76.67,45.75,1
1237,197,职业发展,178.98,68.25,1
1380,181,市场营销,73.49,61.74,0
1435,291,产品设计,77.96,72.09,0
1898,352,数据科学,129.34,56.06,0
1482,137,产品设计,53.9,60.03,1
1936,113,市场营销,213.84,74.3,0
1901,491,产品设计,168.13,77.51,0
1024,446,人工智能,49.91,69.38,0
1652,409,市场营销,180.82,71.12,0
1116,485,产品设计,193.3,73.05,1
1481,308,职业发展,51.47,58.2,0
1391,456,编程开发,50.09,60.97,1
1916,188,产品设计,83.38,67.59,0
1993,155,人工智能,35.09,76.56,1
1963,193,数据科学,73.18,56.99,1
1536,192,职业发展,95.99,86.84,1
1078,439,数据科学,150.25,62.27,0
1579,184,金融理财,124.87,81.69,1
1172,344,职业发展,111.12,66.05,1
1955,121,数据科学,91.01,59.74,0
1011,390,编程开发,41.52,77.21,1
1799,371,人工智能,155.5,75.94,1
1127,405,金融理财,154.16,75.42,1
1607,221,市场营销,82.99,65.3,1
1091,227,数据科学,53.93,59.43,0
1652,212,职业发展,213.37,78.98,0
1542,372,人工智能,134.8,40.84,0
1845,435,产品设计,143.82,55.45,0
1531,229,编程开发,146.41,78.16,0
1657,231,人工智能,47.85,76.48,0
1988,184,人工智能,209.96,94.05,1
1827,449,市场营销,95.79,59.74,1
1446,489,人工智能,169.32,78.39,0
1389,180,市场营销,207.51,58.24,1
1671,424,编程开发,124.88,68.63,1
1860,168,编程开发,49.11,73.01,0
1042,247,产品设计,10.0,60.8,0
1253,115,市场营销,117.7,68.13,0
1129,406,市场营销,135.01,72.99,1
1059,204,数据科学,85.15,81.11,1
1662,264,数据科学,128.14,70.01,1
1466,300,产品设计,145.82,74.9,1
1286,296,编程开发,179.64,92.66,1
1516,284,语言学习,106.29,68.05,1
1466,421,数据科学,117.28,55.04,0
1929,364,人工智能,109.28,84.31,1
1777,462,编程开发,122.02,82.02,1
1344,199,语言学习,89.21,46.51,0
1641,441,金融理财,88.92,67.34,1
1381,419,人工智能,92.7,68.79,1
1778,313,职业发展,129.38,86.26,0
1689,377,市场营销,69.16,66.58,1
1252,261,编程开发,92.94,70.7,1
1926,256,职业发展,228.52,84.19,1
1055,350,产品设计,,72.23,0
1462,465,市场营销,62.58,79.06,1
1456,196,市场营销,171.88,68.79,1
1982,117,人工智能,157.64,70.47,0
1082,426,职业发展,113.76,71.0,0
1904,482,市场营销,77.52,54.16,0
1098,196,数据科学,70.71,84.53,1
1148,100,编程开发,133.43,72.96,1
1328,315,数据科学,,74.98,0
1155,231,人工智能,185.83,68.49,0
1189,359,语言学习,202.85,86.84,0
1493,224,金融理财,117.43,79.38,0
1882,181,人工智能,188.33,87.72,1
1262,382,编程开发,95.31,88.32,1
1079,270,市场营销,77.14,61.92,0
1399,158,职业发展,186.02,76.22,1
1763,131,职业发展,214.79,72.43,1
1608,260,产品设计,237.79,82.16,0
1259,383,人工智能,139.96,80.25,1
1771,205,编程开发,171.73,82.8,1
1614,204,产品设计,138.64,89.89,1
1551,327,市场营销,204.2,84.76,1
1784,287,语言学习,146.0,74.2,1
1100,169,人工智能,168.31,65.45,0
1358,417,语言学习,51.87,73.71,1
1379,389,编程开发,106.13,68.75,0
1819,186,语言学习,168.82,85.3,1
1220,469,语言学习,163.44,71.64,0
1819,461,编程开发,173.93,88.92,1
1419,155,编程开发,127.24,76.23,1
1123,212,人工智能,80.88,77.79,1
1421,112,语言学习,116.46,75.18,1
1230,117,产品设计,122.82,62.69,0
1689,281,金融理财,134.5,69.42,0
1062,212,编程开发,61.93,53.22,0
1484,328,市场营销,104.05,71.96,0
1627,270,语言学习,114.68,56.52,0
1702,394,编程开发,10.0,63.91,0
1573,288,产品设计,169.95,40.33,0
1767,178,职业发展,,80.72,1
1482,245,人工智能,135.92,62.18,1
1518,281,语言学习,89.07,59.12,0
1154,385,职业发展,155.18,88.81,1
1091,349,编程开发,70.08,70.01,1
1981,453,编程开发,79.51,76.19,1
1525,413,市场营销,157.7,65.28,0
1454,295,市场营销,141.43,83.37,1
1740,422,语言学习,43.34,62.84,0
1597,170,职业发展,214.64,82.04,1
1644,347,金融理财,74.49,82.15,1
1509,245,职业发展,112.04,59.26,0
1182,205,编程开发,224.81,90.99,1
1385,362,金融理财,10.0,64.83,0
1573,395,语言学习,17.62,59.58,0
1730,169,编程开发,146.52,63.3,0
1404,292,市场营销,10.0,58.73,0
1245,167,产品设计,10.0,52.79,0
1741,404,数据科学,190.51,90.39,1
1590,151,金融理财,95.47,70.2,0
1660,469,数据科学,251.77,77.71,0
1649,462,编程开发,57.91,51.25,0
1470,384,职业发展,100.89,65.18,1
1825,433,市场营销,,87.18,1
1887,108,人工智能,148.29,75.53,1
1422,350,人工智能,104.71,68.38,1
1900,431,数据科学,81.09,84.87,1
1064,397,产品设计,133.88,68.87,1
1012,283,数据科学,202.61,71.62,0
1212,278,编程开发,165.77,80.16,1
1985,297,产品设计,82.05,72.17,1
1241,227,人工智能,60.49,60.01,1
1492,119,职业发展,78.43,59.65,0
1212,427,市场营销,43.58,78.71,1
1692,164,金融理财,128.84,68.2,0
1337,281,市场营销,168.83,61.9,1
1996,340,编程开发,115.72,73.18,0
1172,468,数据科学,223.19,90.64,1
1671,123,编程开发,226.52,80.12,0
1163,483,金融理财,138.46,78.83,1
1464,182,市场营销,162.12,65.29,1
1994,418,金融理财,65.97,72.7,0
1496,284,人工智能,98.35,60.01,0
1699,415,市场营销,196.34,82.14,1
1394,198,产品设计,85.24,75.96,1
1702,161,职业发展,209.24,81.33,1
1916,385,金融理财,186.75,65.8,1
1307,121,职业发展,165.1,64.13,0
1767,311,语言学习,49.64,80.76,0
1182,225,市场营销,101.28,62.17,0
1628,141,市场营销,158.65,83.08,1
1793,197,职业发展,60.86,67.1,0
1509,130,语言学习,108.6,60.52,1
1707,257,产品设计,165.13,70.73,0
1545,211,数据科学,85.91,85.35,0
1563,346,金融理财,69.21,100.0,0
1623,221,金融理财,11.95,57.99,0
1763,372,市场营销,96.8,65.55,0
1593,393,职业发展,166.39,59.79,1
1743,497,编程开发,67.63,50.08,0
1226,306,市场营销,121.07,63.2,0
1744,209,编程开发,106.55,65.91,0
1732,377,产品设计,,67.52,1
1435,155,市场营销,170.26,83.45,1
1924,474,金融理财,218.54,83.46,1
1421,156,职业发展,180.26,84.59,1
1553,390,产品设计,78.24,61.47,0
1020,213,产品设计,239.54,82.58,1
1553,480,数据科学,180.08,73.87,0
1396,484,市场营销,92.56,56.33,1
1624,407,编程开发,73.48,47.4,1
1104,440,编程开发,187.26,71.51,0
1191,297,市场营销,130.43,47.87,0
1016,420,语言学习,68.95,55.38,1
1119,278,数据科学,111.11,76.25,0
1392,484,数据科学,95.57,71.09,0
1424,318,数据科学,70.56,67.07,1
1128,376,编程开发,180.88,89.39,1
1129,115,产品设计,166.9,68.94,0
1571,478,职业发展,170.31,83.38,1
1559,160,语言学习,169.48,68.41,1
1028,153,金融理财,65.04,69.1,0
1096,267,数据科学,83.78,69.68,1
1009,125,编程开发,207.52,82.25,1
1241,435,编程开发,126.48,68.43,1
1825,164,金融理财,31.77,66.28,0
1955,199,产品设计,133.02,76.91,1
1231,173,金融理财,159.29,61.18,0
1788,291,市场营销,151.44,83.21,1
1283,270,市场营销,63.73,53.84,0
1714,372,职业发展,233.2,73.9,0
1758,476,金融理财,29.96,65.33,0
1801,286,职业发展,126.65,78.29,0
1775,122,数据科学,224.19,84.0,1
1954,490,职业发展,155.5,78.37,1
1725,280,数据科学,170.17,65.18,0
1199,426,语言学习,56.81,60.29,1
1944,207,职业发展,140.82,53.19,0
1078,434,产品设计,117.8,62.27,0
1912,261,数据科学,52.2,51.66,1
1955,401,产品设计,171.9,76.85,1
1854,305,编程开发,70.83,90.45,1
1855,177,数据科学,77.94,75.18,0
1172,115,编程开发,145.95,51.74,0
1466,426,人工智能,111.41,55.65,0
1580,195,产品设计,130.16,59.67,0
1415,246,人工智能,107.73,52.92,0
1939,101,数据科学,204.78,77.08,1
1448,109,编程开发,64.5,68.56,0
1086,224,数据科学,92.11,56.03,1
1100,180,人工智能,148.87,72.24,1
1007,239,金融理财,60.72,68.11,1
1844,425,金融理财,58.07,72.64,0
1199,249,数据科学,128.26,74.03,1
1504,387,语言学习,172.04,80.03,1
1086,460,市场营销,179.87,77.11,0
1042,439,人工智能,125.5,62.06,0
1384,228,数据科学,79.67,59.79,0
1620,338,编程开发,136.54,60.05,1
1434,157,数据科学,153.97,89.96,0
1407,297,金融理财,135.71,58.5,0
1482,310,编程开发,194.05,88.39,1
1663,489,市场营销,59.15,51.16,0
1016,144,数据科学,78.18,75.28,1
1644,196,职业发展,185.72,87.78,1
1147,378,金融理财,31.62,74.59,0
1276,122,职业发展,87.64,58.11,1
1231,490,市场营销,76.11,69.04,0
1825,434,人工智能,26.15,56.54,1
1926,143,编程开发,108.77,61.71,0
1365,126,职业发展,164.78,76.46,1
1227,381,语言学习,129.38,80.72,1
1650,196,人工智能,167.98,70.38,1
1435,135,编程开发,191.52,81.91,1
1398,208,金融理财,96.86,60.34,1
1210,154,金融理财,278.81,76.67,1
1390,291,金融理财,99.28,66.41,1
1498,318,市场营销,107.25,67.78,0
1539,284,职业发展,77.54,74.22,1
1562,168,金融理财,152.72,62.33,0
1490,416,产品设计,102.57,91.56,1
1441,229,金融理财,115.27,53.28,0
1260,154,数据科学,107.69,72.75,0
1772,477,市场营销,106.33,67.49,1
1349,196,编程开发,129.5,66.11,1
1351,435,编程开发,92.99,67.29,0
1519,186,编程开发,95.8,76.04,0
1319,393,编程开发,184.37,86.2,1
1137,218,数据科学,102.39,67.78,1
1549,307,人工智能,143.01,77.22,1
1622,433,语言学习,66.63,53.18,0
1991,253,产品设计,93.32,67.23,1
1367,134,数据科学,46.05,68.42,0
1219,178,编程开发,231.27,59.65,0
1336,166,数据科学,202.53,80.5,0
1222,442,市场营销,155.73,73.46,0
1647,133,语言学习,249.07,96.91,1
1767,196,编程开发,166.22,77.83,1
1359,268,产品设计,109.68,75.46,1
1920,268,编程开发,142.35,71.12,1
1328,250,语言学习,201.65,85.93,0
1961,170,产品设计,67.18,72.15,0
1462,102,语言学习,49.63,51.76,0
1945,413,产品设计,144.36,77.15,1
1962,131,人工智能,84.79,80.07,1
1560,386,职业发展,10.0,70.81,0
1803,181,人工智能,45.42,64.69,0
1381,142,数据科学,101.31,73.07,1
1835,490,数据科学,122.89,81.1,1
1589,204,金融理财,124.68,60.73,0
1616,100,产品设计,240.31,88.11,1
1168,160,金融理财,107.54,50.75,0
1216,369,金融理财,136.69,81.91,0
1377,279,编程开发,22.45,58.33,0
1118,323,职业发展,118.13,70.62,0
1189,105,市场营销,140.05,68.06,0
1766,202,市场营销,37.48,63.23,0
1369,109,编程开发,63.96,68.77,0
1777,170,编程开发,149.35,82.06,1
1148,189,人工智能,87.22,81.47,0
1675,325,市场营销,113.85,71.55,1
1651,257,产品设计,152.45,58.21,0
1858,327,语言学习,242.21,96.6,1
1487,225,金融理财,106.69,55.65,0
1769,308,数据科学,226.15,77.76,1
1373,196,金融理财,10.0,56.07,0
1780,173,金融理财,128.9,72.65,1
1692,214,语言学习,99.95,57.08,0
1159,290,人工智能,88.05,55.44,0
1350,269,市场营销,159.48,75.29,0
1911,406,金融理财,107.12,62.44,1
1287,303,职业发展,10.0,74.43,1
1287,155,编程开发,24.7,56.89,0
1891,307,职业发展,163.32,65.6,0
1225,140,职业发展,21.77,78.83,1
1522,131,市场营销,164.93,80.73,1
1521,114,产品设计,127.49,99.56,1
1782,161,人工智能,109.78,51.45,0
1272,254,金融理财,115.11,73.27,1
1935,383,金融理财,150.89,79.53,1
1401,308,金融理财,49.35,65.08,0
1182,419,编程开发,122.54,68.29,0
1968,286,语言学习,51.63,77.48,1
1664,229,产品设计,129.82,77.29,1
1487,226,语言学习,158.79,58.55,0
1826,391,数据科学,129.96,63.94,0
1845,213,人工智能,156.52,63.58,0
1123,298,产品设计,78.0,66.37,1
1984,112,产品设计,116.27,80.79,1
1625,370,金融理财,105.72,66.49,0
1789,188,语言学习,101.79,67.37,0
1413,314,编程开发,71.96,57.21,0
1979,377,数据科学,94.09,76.76,0
1724,302,金融理财,53.24,77.5,1
1171,173,金融理财,18.35,61.46,1
1287,124,金融理财,77.96,83.38,1
1434,200,语言学习,157.56,69.88,0
1685,275,产品设计,134.04,59.06,0
1112,216,人工智能,44.6,72.38,0
1887,265,产品设计,95.64,68.34,0
1916,140,市场营销,161.55,69.89,1
1994,443,人工智能,93.09,69.82,0
1121,465,金融理财,34.93,47.55,0
1543,219,人工智能,255.46,67.36,0
1221,196,产品设计,549.91,71.62,0
1630,244,编程开发,50.19,69.22,0
1038,315,金融理财,130.28,86.6,1
1496,328,人工智能,114.86,80.03,1
1779,412,市场营销,27.51,69.03,1
1232,229,语言学习,125.6,84.92,1
1942,451,编程开发,179.02,82.3,1
1529,476,编程开发,106.03,66.87,0
1148,417,编程开发,10.0,70.1,0
1396,236,人工智能,140.52,82.42,0
1660,423,编程开发,156.17,75.11,1
1637,436,产品设计,84.82,56.25,0
1903,372,编程开发,85.26,50.44,0
1301,216,市场营销,255.47,93.26,1
1359,405,金融理财,80.51,72.61,0
1237,467,金融理财,52.69,71.31,0
1646,193,数据科学,121.51,80.61,0
1662,267,市场营销,154.49,66.03,0
1235,302,人工智能,151.95,56.01,0
1735,440,编程开发,10.0,66.13,0
1202,248,编程开发,80.36,79.79,1
1255,282,产品设计,189.17,81.91,1
1597,251,语言学习,139.6,58.71,0
1661,173,编程开发,45.85,66.86,1
1234,464,职业发展,194.54,67.67,1
1344,373,市场营销,177.89,61.87,1
1533,141,人工智能,102.2,69.86,0
1859,311,金融理财,863.84,78.42,0
1796,200,数据科学,239.99,82.35,0
1780,144,编程开发,56.74,69.9,1
1465,181,数据科学,153.33,67.0,1
1769,116,编程开发,239.16,84.11,1
1540,172,人工智能,159.18,70.62,1
1212,113,语言学习,74.74,64.75,1
1462,256,市场营销,134.33,75.74,0
1435,322,金融理财,202.19,90.25,1
1282,231,人工智能,59.05,68.66,1
1561,437,数据科学,118.19,77.73,1
1606,475,编程开发,105.39,70.35,1
1462,475,数据科学,82.12,72.86,1
1406,146,市场营销,134.49,83.41,1
1087,206,职业发展,113.96,89.87,1
1043,207,金融理财,158.6,87.53,1
1460,364,人工智能,188.46,77.77,1
1277,304,数据科学,43.63,75.69,0
1682,178,数据科学,124.05,77.55,1
1420,254,市场营销,116.81,65.28,0
1700,370,职业发展,132.2,78.48,1
1352,346,编程开发,119.07,60.29,0
1695,118,职业发展,61.16,71.59,1
1514,445,数据科学,207.28,97.67,1
1702,125,市场营销,232.85,90.86,0
1629,316,编程开发,152.81,86.82,1
1018,253,职业发展,155.89,71.37,0
1022,253,金融理财,,77.24,0
1412,273,职业发展,178.15,84.3,0
1029,191,金融理财,10.0,57.92,0
1806,437,职业发展,119.77,78.48,1
1107,280,语言学习,85.64,72.87,1
1366,230,编程开发,128.75,79.47,1
1280,397,职业发展,185.56,67.74,0
1127,374,语言学习,121.14,84.54,0
1228,372,人工智能,98.37,74.07,1
1110,175,市场营销,179.02,62.3,0
1135,276,职业发展,113.44,70.09,0
1361,283,金融理财,160.34,75.2,0
1185,418,编程开发,69.53,58.47,0
1655,230,金融理财,10.0,72.86,1
1583,462,语言学习,256.45,94.56,1
1128,148,语言学习,140.11,83.93,1
1875,154,人工智能,106.71,85.51,1
1260,253,金融理财,203.46,81.68,1
1514,454,产品设计,128.49,55.93,0
1448,299,市场营销,199.92,85.73,1
1899,407,金融理财,194.78,84.85,1
1103,455,产品设计,43.53,79.77,1
1482,472,编程开发,147.6,85.17,0
1223,217,市场营销,223.52,83.07,1
1831,362,金融理财,60.08,64.4,0
1873,145,人工智能,60.82,75.95,1
1865,401,编程开发,70.97,40.35,0
1490,455,市场营销,173.43,79.27,0
1472,499,金融理财,137.06,82.78,1
1009,288,金融理财,10.0,59.76,0
1404,409,市场营销,140.46,69.83,0
1895,417,产品设计,104.89,73.15,1
1301,228,编程开发,113.26,84.51,0
1230,148,人工智能,69.78,71.29,1
1730,124,人工智能,140.9,66.93,0
1922,365,编程开发,183.03,89.96,1
1065,217,编程开发,81.48,82.04,1
1936,243,语言学习,19.05,53.78,0
1111,299,数据科学,101.81,97.88,1
1012,256,金融理财,165.38,76.07,1
1392,447,产品设计,94.74,78.69,1
1499,233,编程开发,30.15,70.21,1
1931,499,编程开发,165.79,69.14,1
1597,247,数据科学,204.92,75.41,1
1233,435,数据科学,121.2,72.46,1
1601,170,市场营销,23.65,43.6,0
1313,332,职业发展,100.93,78.02,1
1565,433,人工智能,129.09,53.59,0
1011,398,产品设计,71.42,67.09,1
1208,253,市场营销,155.0,68.35,1
1973,189,编程开发,65.55,72.16,1
1013,433,金融理财,121.54,49.77,0
1632,298,数据科学,106.3,53.71,0
1417,260,语言学习,156.95,69.29,1
1436,125,人工智能,119.14,76.77,1
1376,220,市场营销,108.21,72.74,0
1019,400,语言学习,359.14,77.49,1
1586,311,人工智能,122.09,72.95,1
1911,162,职业发展,104.39,69.97,0
1754,167,职业发展,67.77,55.87,0
1734,352,语言学习,129.57,70.36,0
1069,101,数据科学,141.84,73.59,1
1823,497,市场营销,99.7,49.15,0
1210,207,市场营销,175.89,68.2,0
1100,385,职业发展,135.84,77.84,1
1697,148,人工智能,42.97,65.97,1
1131,239,语言学习,200.24,76.94,1
1622,317,数据科学,166.02,70.07,0
1380,143,编程开发,900.55,60.08,0
1131,368,市场营销,144.03,52.25,1
1019,177,金融理财,10.0,57.91,1
1905,315,编程开发,185.56,92.93,1
1535,481,数据科学,123.65,72.39,0
1226,197,职业发展,141.19,83.94,1
1153,335,金融理财,152.42,63.05,1
1804,381,市场营销,,85.79,0
1741,248,市场营销,87.23,61.44,1
1468,403,语言学习,88.78,61.21,0
1821,165,金融理财,68.94,74.15,0
1999,333,编程开发,55.8,64.22,0
1870,186,职业发展,56.91,51.68,0
1404,178,语言学习,10.0,61.95,0
1201,304,产品设计,145.6,66.99,1
1037,378,编程开发,239.27,68.82,0
1941,436,编程开发,243.09,73.68,0
1771,353,产品设计,68.86,87.15,1
1187,403,数据科学,103.67,82.2,1
1056,479,金融理财,194.0,58.72,1
1940,229,金融理财,145.94,72.31,0
1019,183,数据科学,128.07,71.3,0
1272,375,市场营销,104.6,67.51,0
1118,286,人工智能,190.7,71.9,1
1582,145,语言学习,55.62,72.88,1
1515,486,人工智能,148.85,83.9,1
1220,282,市场营销,140.7,84.17,1
1525,367,金融理财,122.6,75.22,1
1514,395,人工智能,167.26,82.35,1
1727,421,编程开发,,68.42,1
1740,199,编程开发,87.93,52.78,0
1335,177,产品设计,125.55,56.18,0
1697,371,产品设计,24.47,53.86,0
1054,438,市场营销,156.76,73.24,0
1499,261,市场营销,172.09,63.9,0
1899,143,职业发展,80.6,56.54,0
1887,337,市场营销,66.33,62.66,0
1765,233,编程开发,82.81,76.69,0
1535,291,人工智能,116.22,74.64,0
1161,455,语言学习,132.95,64.29,1
1669,377,职业发展,216.93,81.55,1
1593,117,职业发展,209.35,67.07,1
1914,111,金融理财,169.89,67.88,1
1158,279,职业发展,127.28,55.8,0
1187,222,市场营销,64.38,70.55,0
1059,345,市场营销,220.78,78.64,1
1914,321,编程开发,105.14,68.64,0
1816,472,语言学习,136.88,81.37,0
1318,150,编程开发,157.64,65.35,1
1877,170,语言学习,123.7,76.69,1
1210,147,编程开发,189.07,98.23,1
1405,118,人工智能,147.32,64.5,1
1663,361,金融理财,179.32,61.8,0
1108,183,市场营销,146.84,61.7,0
1075,254,数据科学,117.73,75.33,1
1541,152,数据科学,124.45,89.56,0
1313,206,金融理财,116.27,88.36,0
1997,456,市场营销,42.94,72.62,1
1116,403,职业发展,59.95,74.62,1
1926,234,市场营销,164.43,80.63,1
1867,168,市场营销,44.44,71.57,1
1703,110,金融理财,95.75,72.35,0
1018,242,市场营销,56.99,57.54,0
1431,291,职业发展,92.54,86.13,1
1684,486,语言学习,110.68,84.12,1
1739,477,金融理财,95.63,61.53,0
1349,168,人工智能,34.3,69.82,1
1182,122,数据科学,108.87,85.2,1
1112,280,金融理财,62.47,70.26,0
1182,392,产品设计,81.81,65.9,0
1480,108,数据科学,164.43,90.28,1
1145,370,数据科学,,79.79,1
1830,486,职业发展,41.34,57.74,1
1627,192,编程开发,214.12,69.32,0
1112,116,市场营销,89.39,39.38,1
1762,253,市场营销,83.94,87.89,1
1475,427,市场营销,66.5,58.1,1
1762,248,编程开发,123.35,81.63,1
1302,476,职业发展,238.89,74.02,1
1970,366,金融理财,27.62,64.35,0
1824,427,人工智能,10.0,65.47,0
1117,205,人工智能,136.11,60.84,1
1812,480,职业发展,154.16,84.56,1
1160,134,产品设计,123.16,69.99,1
1400,218,人工智能,,80.67,1
1197,113,职业发展,52.12,79.61,1
1259,113,金融理财,63.31,73.55,1
1659,365,人工智能,127.44,71.44,1
1751,239,市场营销,225.48,100.0,1
1046,393,语言学习,153.64,74.49,0
1986,463,职业发展,156.43,76.14,1
1398,218,数据科学,55.58,63.77,0
1709,337,人工智能,145.34,61.87,0
1558,133,人工智能,49.07,51.41,1
1077,268,编程开发,226.07,76.44,1
1123,109,产品设计,59.28,55.63,0
1074,221,语言学习,72.21,64.24,1
1870,244,金融理财,31.62,71.34,1
1136,322,编程开发,125.15,68.08,1
1601,470,市场营销,122.63,74.12,1
1399,356,数据科学,1053.97,75.43,1
1836,367,产品设计,166.58,100.0,1
1504,458,编程开发,72.55,82.14,1
1499,103,职业发展,172.4,74.29,1
1572,496,人工智能,45.39,67.13,0
1137,453,人工智能,76.9,54.07,0
1049,205,产品设计,127.11,70.21,0
1770,184,人工智能,52.09,59.06,0
1972,313,职业发展,183.88,85.31,1
1618,220,编程开发,256.76,75.66,0
1624,231,编程开发,102.33,86.53,1
1861,437,人工智能,80.9,67.21,1
1253,296,人工智能,112.22,62.22,0
1629,118,市场营销,86.56,68.74,0
1709,229,数据科学,135.7,80.56,1
1848,111,金融理财,40.66,69.16,1
1876,180,产品设计,139.11,75.09,1
1562,429,编程开发,234.72,91.6,1
1756,453,产品设计,10.0,69.14,0
1914,361,市场营销,49.88,73.06,0
1425,491,编程开发,93.3,66.31,0
1546,224,市场营销,152.51,72.0,0
1301,406,市场营销,173.42,74.79,0
1921,366,语言学习,168.6,71.45,0
1580,482,人工智能,18.5,62.86,0
1348,239,职业发展,79.54,67.68,1
1831,428,语言学习,65.98,82.97,1
1932,101,金融理财,116.09,66.24,0
1979,107,产品设计,121.1,61.91,1
1048,349,职业发展,37.85,70.14,1
1916,238,产品设计,93.63,69.82,1
1073,223,人工智能,154.83,68.19,0
1703,408,职业发展,82.3,75.82,1
1260,327,语言学习,107.99,67.71,1
1355,109,产品设计,221.81,96.81,1
1581,311,语言学习,239.4,73.77,1
1601,211,人工智能,10.0,55.16,0
1259,107,职业发展,126.83,73.61,1
1637,391,职业发展,295.02,100.0,1
1742,461,编程开发,,67.32,0
1294,352,市场营销,121.11,75.54,0
1930,113,市场营销,198.76,67.68,1
1640,339,语言学习,133.09,82.11,0
1791,341,职业发展,162.55,69.29,0
1312,441,产品设计,107.38,76.63,1
1611,248,语言学习,132.21,79.56,1
1837,335,语言学习,145.6,56.0,0
1808,405,数据科学,171.93,78.81,1
1181,266,金融理财,94.1,64.09,1
1685,119,职业发展,92.47,73.97,1
1827,315,市场营销,10.0,52.23,1
1363,442,职业发展,96.77,63.59,0
1187,234,人工智能,177.18,89.21,0
1568,492,语言学习,147.79,85.58,1
1542,228,数据科学,60.19,55.91,1
1595,393,数据科学,10.0,78.94,1
1663,345,市场营销,111.45,45.02,1
1984,288,市场营销,175.43,79.2,1
1547,143,市场营销,91.27,56.03,0
1724,185,人工智能,33.3,66.95,0
1925,143,数据科学,84.63,65.61,0
1407,429,产品设计,139.57,63.39,1
1875,474,人工智能,194.55,71.54,0
1617,477,编程开发,104.6,62.3,0
1413,489,金融理财,183.29,78.58,0
1341,244,金融理财,176.64,86.92,1
1219,150,语言学习,49.4,84.39,1
1902,341,金融理财,,77.25,1
1162,393,市场营销,137.71,76.38,0
1950,150,数据科学,47.6,76.49,1
1219,365,金融理财,225.65,77.45,0
1269,219,语言学习,112.47,63.1,0
1631,299,金融理财,10.0,80.46,1
1905,347,职业发展,77.62,65.75,0
1847,169,人工智能,62.85,68.28,0
1399,440,编程开发,79.1,51.65,0
1181,156,职业发展,93.29,63.83,0
1990,481,人工智能,104.56,89.04,1
1617,138,人工智能,102.3,74.57,1
1728,388,产品设计,114.15,70.81,0
1204,117,金融理财,155.24,89.03,1
1581,319,语言学习,75.21,50.86,0
1555,412,产品设计,190.86,74.41,1
1840,343,人工智能,46.49,87.27,1
1812,451,金融理财,156.91,74.76,1
1227,403,编程开发,218.6,80.68,1
1695,397,数据科学,109.36,82.42,1
1618,382,数据科学,131.61,85.28,1
1595,173,金融理财,61.92,53.0,0
1849,209,职业发展,89.29,72.96,1
1249,279,语言学习,214.06,98.37,1
1874,131,市场营销,164.91,69.6,1
1440,333,市场营销,145.11,70.38,1
1532,381,数据科学,10.0,61.26,1
1195,124,人工智能,77.01,74.43,0
1689,430,人工智能,224.34,67.53,0
1928,378,产品设计,144.65,42.94,0
1986,325,金融理财,152.14,76.95,0
1518,156,语言学习,130.23,84.32,1
1069,279,金融理财,83.22,64.97,0
1638,331,金融理财,139.95,67.5,0
1398,481,产品设计,28.19,61.07,1
1977,442,市场营销,,78.28,0
1671,386,金融理财,75.88,60.73,0
1759,163,数据科学,131.53,78.49,0
1202,331,职业发展,25.82,50.97,0
1147,388,金融理财,127.62,61.35,0
1471,312,人工智能,60.33,74.32,1
1654,357,金融理财,68.41,82.99,0
1943,117,数据科学,197.98,88.14,1
1198,274,编程开发,122.24,51.35,0
1916,328,数据科学,65.77,62.2,0
1425,325,编程开发,131.21,75.15,1
1665,183,产品设计,31.82,63.69,0
1491,390,产品设计,142.94,54.7,0
1887,469,市场营销,186.44,65.15,1
1895,345,数据科学,159.7,67.51,0
1141,209,数据科学,249.46,83.58,1
1312,353,编程开发,10.0,41.63,0
1164,187,产品设计,127.62,78.41,1
1313,171,编程开发,39.39,62.9,0
1020,480,产品设计,109.61,60.22,1
1081,129,编程开发,120.09,73.61,1
1580,271,产品设计,256.79,70.57,0
1130,408,编程开发,116.41,70.8,0
1598,493,职业发展,115.29,53.2,0
1729,442,产品设计,180.31,60.98,0
1932,276,语言学习,116.83,66.82,1
1983,238,编程开发,229.87,75.19,1
1304,293,数据科学,160.18,79.42,1
1914,285,市场营销,169.71,76.31,1
1370,317,语言学习,10.0,81.98,1
1856,263,语言学习,239.11,80.6,0
1852,260,编程开发,80.61,34.84,0
1383,112,市场营销,119.42,51.27,0
1907,395,数据科学,80.84,55.9,0
1444,188,语言学习,58.54,99.54,1
1424,423,数据科学,47.87,64.29,0
1160,141,产品设计,126.19,83.35,0
1177,309,金融理财,10.0,71.04,0
1628,328,职业发展,105.43,57.58,0
1707,449,金融理财,183.47,59.91,0
1894,374,金融理财,157.92,81.78,1
1489,378,市场营销,145.95,51.98,0
1326,350,职业发展,66.28,76.22,0
1597,409,人工智能,24.83,61.24,1
1288,307,产品设计,182.51,83.9,1
1592,420,市场营销,93.06,72.08,1
1663,239,编程开发,115.02,74.75,1
1572,379,职业发展,108.14,71.56,1
1572,133,编程开发,160.34,78.4,1
1353,408,数据科学,230.6,82.88,1
1027,491,金融理财,207.74,66.43,0
1953,117,语言学习,10.0,57.03,0
1042,156,职业发展,101.49,91.56,1
1680,211,人工智能,39.2,66.95,0
1422,104,编程开发,176.31,88.57,1
1597,281,市场营销,120.24,61.86,0
1176,112,职业发展,156.37,65.2,0
1528,438,职业发展,96.35,57.33,1
1609,384,语言学习,57.64,52.29,0
1965,358,语言学习,67.9,50.38,1
1493,189,市场营销,28.02,65.06,0
1197,203,语言学习,44.18,60.74,0
1609,478,编程开发,31.54,71.82,1
1576,285,市场营销,57.86,62.52,0
1841,349,金融理财,54.46,41.26,0
1852,354,市场营销,143.65,78.4,0
1516,175,数据科学,141.29,53.43,0
1513,485,人工智能,143.58,76.1,1
1021,207,职业发展,190.5,70.81,1
1111,255,数据科学,115.3,73.53,1
1056,181,人工智能,73.15,52.68,1
1065,176,市场营销,252.68,92.35,1
1841,357,职业发展,174.34,77.33,1
1097,226,语言学习,129.14,69.11,0
1143,490,人工智能,124.97,55.2,0
1879,381,市场营销,137.38,91.46,0
1434,187,市场营销,107.87,61.42,0
1636,303,数据科学,127.69,75.04,0
1678,115,数据科学,149.96,65.09,0
1085,250,语言学习,76.41,100.0,0
1587,353,金融理财,21.95,63.63,0
1343,287,产品设计,10.0,54.83,0
1935,428,编程开发,173.27,82.9,1
1293,131,产品设计,25.02,69.93,1
1955,370,产品设计,147.92,78.33,0
1570,496,职业发展,50.74,61.7,1
1649,104,金融理财,51.71,69.43,1
1610,429,职业发展,76.91,65.92,0
1703,407,语言学习,131.65,72.55,0
1242,432,职业发展,42.68,56.3,1
1830,268,人工智能,82.98,53.43,0
1560,280,语言学习,118.46,77.15,1
1959,465,语言学习,47.38,70.67,0
1031,277,市场营销,205.69,92.96,1
1390,242,市场营销,16.65,62.1,1
1276,461,市场营销,106.91,68.24,0
1531,347,编程开发,196.35,64.99,0
1153,226,人工智能,40.53,63.55,0
1382,362,人工智能,113.42,74.63,1
1067,139,市场营销,127.97,54.24,0
1877,454,产品设计,71.59,77.65,0
1883,354,编程开发,115.35,64.09,0
1213,242,产品设计,153.69,72.98,0
1654,339,数据科学,91.97,74.92,1
1375,327,人工智能,165.86,76.05,0
1743,440,人工智能,143.56,87.99,1
1212,297,产品设计,85.03,74.55,1
1078,164,编程开发,187.65,76.76,1
1725,487,人工智能,75.54,36.14,0
1627,110,产品设计,171.35,86.62,1
1603,207,语言学习,76.62,55.65,0
1781,125,语言学习,101.04,78.34,0
1922,250,职业发展,110.24,75.62,1
1380,320,编程开发,140.31,71.65,0
1679,440,产品设计,10.0,70.51,1
1057,336,职业发展,147.48,79.55,1
1795,336,语言学习,113.85,74.35,0
1025,318,编程开发,137.14,56.17,0
1880,250,金融理财,150.15,75.0,0
1446,222,职业发展,143.63,61.54,0
1065,243,金融理财,10.0,50.01,0
1920,288,市场营销,56.34,61.87,0
1759,354,编程开发,139.97,88.24,1
1253,167,数据科学,131.98,76.49,1
1898,203,市场营销,72.63,71.37,0
1967,435,职业发展,164.26,83.67,0
1043,258,产品设计,104.61,61.42,1
1096,408,市场营销,173.14,61.07,0
1553,461,市场营销,192.6,61.19,1
1226,399,职业发展,136.7,75.6,0
1773,495,产品设计,153.33,84.77,1
1678,189,产品设计,83.49,77.24,1
1435,456,语言学习,173.53,68.56,0
1790,355,数据科学,133.09,86.49,1
1600,452,产品设计,102.32,90.38,0
1378,319,人工智能,46.87,70.63,0
1177,108,人工智能,90.87,83.71,1
1426,111,数据科学,53.43,73.93,1
1914,424,编程开发,165.69,73.81,1
1708,343,职业发展,193.23,72.14,1
1306,281,编程开发,174.98,60.88,1
1778,383,人工智能,269.16,81.72,1
1503,411,产品设计,92.38,66.61,1
1267,198,数据科学,778.97,73.0,1
1585,296,编程开发,49.12,63.65,0
1007,465,编程开发,108.16,47.58,0
1919,325,金融理财,31.36,70.84,0
1507,432,职业发展,154.09,83.93,1
1475,202,市场营销,98.67,73.3,1
1296,205,人工智能,10.0,49.28,0
1163,464,产品设计,78.9,71.34,0
1484,467,数据科学,227.59,82.35,1
1596,157,编程开发,144.63,78.81,1
1071,177,职业发展,166.15,91.66,1
1566,174,市场营销,127.53,70.61,0
1904,141,人工智能,109.11,72.42,0
1558,423,人工智能,120.93,63.11,1
1910,280,职业发展,134.73,82.32,1
1943,132,金融理财,54.2,72.3,0
1237,170,数据科学,165.78,78.28,0
1103,155,编程开发,187.31,67.68,0
1209,204,数据科学,108.2,63.69,1
1553,299,职业发展,88.62,50.3,0
1827,200,职业发展,,60.39,0
1467,355,数据科学,225.55,89.02,1
1453,406,语言学习,92.86,72.99,1
1267,173,市场营销,159.2,77.07,1
1385,270,人工智能,108.63,85.4,1
1774,476,语言学习,105.38,73.29,0
1847,242,产品设计,74.12,61.43,1
1386,265,人工智能,61.78,59.01,0
1876,498,人工智能,164.4,73.67,0
1258,360,市场营销,60.42,61.37,0
1282,320,产品设计,147.75,83.89,1
1625,182,编程开发,125.44,76.41,1
1874,281,产品设计,165.16,72.86,1
1039,406,编程开发,83.4,65.29,0
1485,109,金融理财,184.81,85.0,1
1928,495,金融理财,111.53,80.95,0
1219,103,产品设计,275.5,68.35,1
1128,450,数据科学,23.15,60.54,1
1519,435,职业发展,265.74,86.75,1
1612,391,产品设计,112.42,76.41,0
1927,380,语言学习,133.37,74.1,0
1891,314,语言学习,83.74,72.21,1
1687,197,市场营销,25.87,60.15,1
1618,200,职业发展,88.3,60.53,0
1612,108,职业发展,98.06,77.38,1
1259,160,编程开发,130.97,80.89,1
1989,408,人工智能,187.27,84.72,1
1965,245,市场营销,131.44,81.08,1
1365,162,语言学习,132.49,63.16,0
1757,220,语言学习,143.06,68.83,1
1786,325,金融理财,14.7,72.63,0
1543,204,编程开发,20.25,65.53,1
1648,359,语言学习,30.18,63.5,0
1523,448,语言学习,97.6,66.97,0
1906,354,编程开发,10.0,73.65,0
1813,306,语言学习,78.61,49.94,0
1886,127,人工智能,37.91,66.63,0
1015,269,数据科学,149.26,73.85,1
1128,435,市场营销,146.26,61.69,1
1574,175,人工智能,101.96,86.08,1
1108,215,人工智能,10.0,34.07,0
1886,168,数据科学,105.77,71.5,1
1532,453,金融理财,139.72,78.87,1
1669,333,职业发展,168.64,66.65,0
1268,100,市场营销,225.2,84.67,1
1161,266,金融理财,187.11,75.95,1
1259,451,金融理财,129.89,82.51,1
1923,317,人工智能,102.89,100.0,1
1101,372,语言学习,75.42,70.72,0
1505,467,金融理财,201.34,85.62,1
1734,350,数据科学,130.0,62.89,0
1570,446,职业发展,157.83,77.49,1
1246,443,市场营销,84.59,64.49,0
1639,273,产品设计,45.55,72.22,0
1794,269,编程开发,95.98,55.07,0
1836,345,语言学习,101.82,59.16,0
1536,189,数据科学,131.51,84.59,1
1130,148,编程开发,75.75,69.46,1
1352,393,职业发展,121.5,85.05,1
1195,249,职业发展,190.66,82.17,1
1792,231,产品设计,19.62,67.01,1
1915,158,金融理财,10.0,57.88,1
1929,423,人工智能,194.75,77.0,1
1665,298,人工智能,32.18,72.77,0
1381,314,市场营销,97.2,68.02,1
1644,485,数据科学,156.51,87.05,0
1226,148,数据科学,116.45,70.22,1
1700,331,金融理财,115.6,59.44,1
1475,346,职业发展,124.34,59.38,1
1476,481,市场营销,271.12,84.64,1
1264,338,金融理财,226.84,91.21,1
1371,466,编程开发,78.38,60.97,0
1485,267,人工智能,183.05,85.11,1
1433,147,人工智能,150.33,75.62,1
1645,150,职业发展,118.83,77.61,0
1210,398,数据科学,65.53,63.47,0
1571,197,职业发展,147.08,76.13,1
1939,315,金融理财,101.64,79.27,1
1376,276,数据科学,,69.28,0
1394,479,市场营销,73.98,61.94,0
1449,179,金融理财,179.99,59.32,0
1942,284,产品设计,73.94,72.6,0
1363,466,编程开发,74.3,59.51,0
1875,498,语言学习,166.68,71.0,1
1456,126,产品设计,111.34,60.12,0
1724,294,金融理财,112.95,68.68,0
1727,313,产品设计,181.97,98.67,1
1225,468,数据科学,198.82,82.85,1
1981,441,数据科学,10.0,54.53,0
1130,213,数据科学,112.27,66.35,0
1587,341,产品设计,35.38,49.05,0
1475,223,职业发展,96.79,58.1,1
1797,404,编程开发,119.6,58.73,0
1985,175,职业发展,98.71,72.3,0
1276,410,数据科学,58.48,70.15,1
1155,411,金融理财,55.44,66.17,1
1759,295,金融理财,163.68,79.61,1
1217,450,人工智能,212.09,72.96,0
1189,143,职业发展,10.0,49.49,0
1416,285,编程开发,100.34,58.21,0
1980,442,金融理财,163.92,63.95,0
1674,345,人工智能,118.04,75.06,1
1691,183,编程开发,53.18,85.31,1
1545,306,数据科学,91.33,58.41,0
1040,250,职业发展,138.13,70.01,0
1306,255,语言学习,101.57,71.9,1
1942,115,市场营销,117.12,68.6,1
1337,264,数据科学,118.85,74.88,1
1313,244,金融理财,88.54,62.85,0
1074,136,产品设计,168.99,69.63,1
1952,432,语言学习,91.35,67.06,0
1278,144,产品设计,59.67,69.07,0
1175,305,编程开发,253.78,97.5,1
1895,161,产品设计,115.33,74.98,0
1661,455,语言学习,10.0,58.45,0
1272,407,语言学习,195.28,87.29,0
1836,118,数据科学,195.09,88.97,1
1619,464,人工智能,147.43,71.3,0
1650,399,数据科学,157.9,73.89,1
1861,106,编程开发,249.58,79.99,1
1782,348,金融理财,62.23,74.26,1
1858,216,产品设计,127.99,73.19,1
1930,167,人工智能,238.18,69.1,0
1288,133,职业发展,250.89,88.45,1
1723,293,市场营销,98.03,84.43,1
1892,424,语言学习,240.61,99.08,1
1271,154,人工智能,168.16,71.56,0
1929,365,金融理财,209.71,73.42,0
1065,141,职业发展,166.19,95.14,1
1482,396,人工智能,138.33,89.12,1
1935,330,数据科学,252.56,89.23,1
1247,477,职业发展,88.28,51.46,0
1155,493,市场营销,234.14,76.7,0
1046,109,金融理财,243.64,72.75,0
1934,457,语言学习,201.78,97.74,1
1453,227,金融理财,115.7,55.99,0
1200,278,编程开发,134.67,91.13,1
1659,491,编程开发,43.51,63.18,0
1123,292,人工智能,92.85,57.05,0
1000,191,职业发展,157.24,85.16,1
1967,468,人工智能,34.4,69.64,1
1758,330,产品设计,102.13,57.27,0
1854,177,市场营销,236.69,82.76,0
1639,184,语言学习,110.74,84.52,1
1190,129,人工智能,182.02,73.6,0
1578,312,产品设计,153.99,91.77,1
1515,148,职业发展,101.54,62.42,0
1441,364,市场营销,110.7,54.54,1
1920,244,语言学习,130.01,73.09,1
1814,168,编程开发,10.0,46.37,0
1805,157,产品设计,176.82,78.44,0
1142,284,职业发展,112.9,71.03,1
1190,161,市场营销,178.92,69.81,1
1532,407,产品设计,143.29,92.72,0
1226,395,人工智能,110.25,70.68,0
1312,265,数据科学,131.85,81.46,1
1628,270,编程开发,132.05,82.13,1
1948,162,人工智能,208.57,97.89,1
1301,246,人工智能,123.76,59.94,0
1653,405,职业发展,137.29,55.77,0
1995,260,职业发展,44.29,81.55,1
1459,240,市场营销,117.18,77.2,1
1400,433,职业发展,207.26,81.41,1
1550,196,产品设计,,72.84,1
1392,320,编程开发,55.14,62.25,0
1866,142,人工智能,61.57,74.6,0
1763,391,市场营销,75.51,52.9,0
1844,477,金融理财,179.98,82.27,1
1206,207,金融理财,172.59,87.09,1
1209,365,编程开发,10.0,68.4,0
1114,194,职业发展,115.12,70.48,1
1736,361,职业发展,128.86,72.5,0
1645,412,产品设计,62.27,78.91,1
1250,484,职业发展,96.57,75.21,0
1218,170,金融理财,199.86,96.98,1
1406,318,人工智能,144.53,56.62,0
1442,120,金融理财,90.03,77.82,0
1602,191,语言学习,108.76,62.46,1
1353,226,人工智能,106.33,69.61,1
1887,179,人工智能,136.92,87.07,0
1557,411,职业发展,34.22,53.3,0
1549,337,编程开发,79.81,88.92,1
1141,471,职业发展,182.12,88.76,1
1611,281,编程开发,115.65,77.04,0
1500,124,编程开发,69.01,57.39,0
1839,255,金融理财,71.48,65.15,0
1701,104,编程开发,163.25,72.29,0
1546,219,市场营销,88.93,56.32,0
1658,376,数据科学,150.65,85.58,1
1541,117,职业发展,82.39,63.97,0
1845,297,市场营销,52.2,63.32,1
1506,156,人工智能,134.67,71.84,0
1595,192,市场营销,114.16,68.96,1
1880,118,产品设计,161.11,80.97,0
1280,483,语言学习,173.05,70.6,0
1423,452,编程开发,98.52,79.76,1
1855,292,职业发展,140.94,67.74,0
1269,336,产品设计,96.67,69.11,1
1153,486,职业发展,158.02,62.3,0
1613,376,金融理财,134.0,83.74,1
1726,326,语言学习,82.57,81.29,1
1661,332,产品设计,77.55,74.7,0
1943,139,职业发展,,74.94,1
1082,422,人工智能,189.73,78.08,0
1621,252,编程开发,174.08,61.3,1
1946,226,产品设计,63.42,52.62,0
1898,336,人工智能,69.73,74.28,0
1425,154,编程开发,78.57,65.83,0
1274,271,数据科学,84.21,54.59,0
1712,208,人工智能,11.0,47.02,0
1283,453,市场营销,167.4,82.62,1
1979,283,职业发展,92.65,77.75,0
1172,467,金融理财,147.72,59.02,0
1326,297,编程开发,101.05,71.35,0
1717,470,产品设计,118.62,75.41,1
1062,472,语言学习,78.89,61.83,1
1072,186,产品设计,118.3,83.9,1
1762,300,市场营销,67.73,63.14,1
1635,436,职业发展,118.75,54.38,0
1374,421,市场营销,207.43,78.22,1
1632,374,产品设计,151.24,88.38,1
1507,310,金融理财,137.46,69.91,1
1786,490,职业发展,40.82,53.5,0
1942,217,语言学习,154.04,81.26,1
1397,290,编程开发,159.87,78.13,1
1119,141,职业发展,136.1,73.2,1
1933,141,人工智能,664.28,77.69,1
1436,414,职业发展,111.59,63.93,0
1828,375,市场营销,158.96,69.45,1
1675,428,市场营销,203.82,87.09,0
1935,116,市场营销,139.83,63.93,0
1464,382,语言学习,61.7,82.15,1
1285,357,职业发展,66.29,78.74,1
1264,162,金融理财,163.57,64.46,1
1319,161,金融理财,62.18,80.8,1
1672,199,职业发展,132.06,74.36,1
1375,118,金融理财,99.27,83.5,1
1819,116,数据科学,55.67,66.75,0
1088,424,语言学习,169.94,74.75,0
1653,472,编程开发,162.41,72.97,0
1202,345,编程开发,38.66,39.26,0
1820,350,编程开发,148.89,83.75,1
1738,180,编程开发,,66.55,0
1954,138,编程开发,170.25,86.15,1
1333,135,金融理财,130.01,89.38,1
1221,487,产品设计,205.61,74.21,1
1040,296,市场营销,112.4,64.56,0
1707,257,语言学习,103.67,80.16,0
1067,303,产品设计,61.51,61.3,0
1987,295,语言学习,63.96,79.39,1
1775,315,数据科学,58.53,58.78,0
1513,384,职业发展,133.1,87.32,1
1872,295,人工智能,103.85,67.04,1
1636,406,市场营销,139.84,76.9,1
1621,251,数据科学,47.45,74.44,1
1597,113,产品设计,68.66,71.79,1
1936,424,人工智能,67.65,77.28,1
1631,245,职业发展,250.16,69.76,1
1126,156,数据科学,110.06,66.63,0
1254,310,职业发展,116.02,71.91,0
1694,367,职业发展,115.35,63.56,1
1015,309,金融理财,213.17,90.43,0
1476,116,语言学习,23.2,57.13,1
1061,385,人工智能,116.41,63.68,0
1880,443,语言学习,22.64,71.61,0
1431,302,职业发展,10.0,50.52,0
1669,198,金融理财,75.95,57.42,0
1267,378,数据科学,144.73,79.15,1
1034,308,职业发展,72.13,80.45,1
1778,228,产品设计,143.75,75.59,1
1575,434,职业发展,126.39,56.13,0
1493,387,语言学习,111.66,77.7,1
1561,351,人工智能,195.9,73.12,1
1468,364,数据科学,84.24,79.4,1
1766,370,语言学习,142.84,70.09,0
1660,287,职业发展,11.81,72.59,1
1324,313,产品设计,125.93,68.06,0
1303,382,市场营销,104.57,63.28,0
1275,310,金融理财,49.07,45.59,0
1868,464,产品设计,143.91,67.4,1
1962,175,职业发展,75.66,69.13,0
1683,247,产品设计,223.93,82.78,1
1928,420,金融理财,,67.09,0
1200,312,市场营销,134.9,85.56,1
1444,208,产品设计,122.56,72.2,0
1904,228,市场营销,103.15,70.71,1
1323,109,职业发展,88.25,79.71,0
1034,146,市场营销,124.12,74.38,0
1976,478,语言学习,183.73,68.63,0
1481,414,语言学习,19.67,56.69,1
1727,195,市场营销,71.64,45.67,0
1479,202,数据科学,56.98,56.17,0
1064,479,人工智能,54.16,48.36,0
1007,441,数据科学,140.56,77.18,1
1300,245,市场营销,155.36,87.22,1
1342,467,人工智能,183.91,68.47,0
1430,126,语言学习,156.31,66.16,1
1423,319,人工智能,161.17,85.1,0
1331,117,市场营销,35.29,58.92,0
1437,266,语言学习,209.01,82.89,0
1587,181,人工智能,107.41,77.87,0
1173,171,人工智能,181.98,70.61,1
1558,409,数据科学,37.43,56.75,0
1526,353,人工智能,105.51,65.19,0
1872,261,职业发展,176.58,61.63,1
1658,426,市场营销,121.68,76.7,0
1025,137,编程开发,74.76,73.28,1
1819,492,编程开发,198.59,80.1,1
1604,300,编程开发,49.72,78.43,0
1405,299,市场营销,118.77,68.94,1
1231,354,编程开发,158.41,81.58,1
1532,278,数据科学,245.74,88.75,1
1818,134,市场营销,92.5,61.0,1
1549,181,职业发展,103.41,81.6,1
1787,488,语言学习,93.32,70.35,1
1504,497,职业发展,134.31,82.8,0
1668,319,市场营销,155.28,62.09,0
1178,257,市场营销,185.6,79.14,0
1131,103,人工智能,165.36,71.47,1
1822,266,人工智能,90.16,60.25,0
1454,303,人工智能,168.8,90.51,1
1347,293,金融理财,125.49,74.15,1
1539,334,金融理财,164.72,61.24,0
1771,305,产品设计,168.14,71.37,0
1405,249,金融理财,217.81,90.57,1
1075,258,数据科学,98.72,61.07,1
1940,378,市场营销,87.27,58.93,0
1578,403,职业发展,146.83,72.8,1
1853,480,市场营销,,83.26,1
1491,265,人工智能,123.48,64.72,1
1193,410,市场营销,194.86,82.85,1
1983,167,语言学习,161.4,76.04,1
1161,187,金融理财,107.93,72.06,0
1346,316,市场营销,153.8,50.91,0
1950,100,职业发展,93.91,69.29,0
1360,234,编程开发,134.32,70.55,0
1768,284,语言学习,55.61,69.31,1
1583,450,语言学习,115.91,64.73,0
1086,239,市场营销,179.98,73.79,0
1933,205,产品设计,166.03,81.47,1
1261,232,人工智能,157.25,89.75,1
1213,207,数据科学,137.25,60.1,0
1664,277,数据科学,129.59,77.73,0
1721,397,编程开发,43.98,76.47,1
1912,457,数据科学,107.63,77.41,1
1572,479,数据科学,130.96,84.26,1
1779,495,人工智能,52.54,59.67,1
1261,458,金融理财,14.89,73.82,1
1729,245,人工智能,187.73,71.01,1
1282,173,产品设计,123.05,72.51,0
1647,207,职业发展,132.6,67.87,0
1466,221,编程开发,153.34,70.29,1
1379,116,数据科学,61.07,48.72,0
1361,295,产品设计,95.79,49.59,0
1448,426,编程开发,210.24,92.21,1
1440,417,语言学习,90.68,50.83,0
1092,396,数据科学,104.05,72.62,0
1620,351,数据科学,79.83,54.77,0
1752,218,人工智能,75.55,58.86,0
1866,261,市场营销,,84.96,1
1423,297,编程开发,10.0,62.59,0
1141,144,数据科学,92.58,67.73,0
1290,413,金融理财,133.52,84.43,1
1431,278,编程开发,221.81,78.67,1
1748,481,职业发展,51.89,77.34,0
1851,143,金融理财,41.66,53.36,0
1823,370,产品设计,68.39,54.75,0
1688,177,金融理财,162.1,74.38,0
1652,425,产品设计,127.52,72.43,1
1700,277,市场营销,33.44,54.67,0
1997,456,数据科学,125.97,69.49,0
1048,102,金融理财,213.09,94.36,1
1301,313,职业发展,135.87,69.27,0
1880,441,人工智能,129.87,53.26,0
1189,173,数据科学,133.48,55.54,0
1135,150,编程开发,144.87,94.95,1
1554,166,语言学习,43.97,78.78,1
1403,431,产品设计,106.08,65.95,1
1891,192,编程开发,109.21,78.72,1
1864,275,市场营销,90.99,71.45,1
1601,244,产品设计,161.17,88.37,1
1806,106,人工智能,81.96,57.26,0
1340,368,产品设计,98.4,59.14,0
1756,475,语言学习,44.39,77.51,1
1944,421,金融理财,142.7,58.94,0
1703,103,职业发展,176.51,77.86,1
1317,237,金融理财,98.34,69.11,0
1617,330,数据科学,168.44,84.22,0
1362,187,语言学习,111.18,72.21,0
1821,116,职业发展,10.0,59.65,0
1381,151,语言学习,116.91,67.56,0
1232,233,数据科学,109.47,60.69,0
1776,310,产品设计,126.18,70.61,0
1343,424,市场营销,135.19,84.79,0
1548,492,数据科学,,64.82,0
1816,318,数据科学,208.28,94.31,1
1552,304,职业发展,116.03,78.59,1
1528,310,人工智能,540.1,75.27,1
1855,376,金融理财,164.67,74.39,0
1788,123,产品设计,121.11,65.49,1
1818,103,数据科学,273.95,100.0,1
1570,251,市场营销,107.41,78.38,1
1934,358,编程开发,141.11,72.33,1
1182,423,产品设计,75.05,84.29,1
1040,456,人工智能,172.23,83.04,1
1550,267,语言学习,138.52,59.26,0
1396,275,数据科学,99.66,65.42,0
1703,409,市场营销,67.65,73.85,1
1778,390,产品设计,41.43,79.1,1
1493,155,市场营销,145.12,97.72,1
1658,207,市场营销,36.79,63.83,0
1906,395,金融理财,198.51,85.46,1
1332,423,职业发展,44.23,58.18,0
1126,401,语言学习,109.3,61.75,0
1557,433,人工智能,67.11,49.67,0
1556,240,金融理财,121.96,75.76,1
1000,254,产品设计,121.59,84.47,1
1167,361,数据科学,,82.02,1
1619,372,人工智能,28.42,63.63,0
1018,331,数据科学,74.18,79.45,0
1331,340,编程开发,178.23,100.0,1
1583,454,市场营销,159.51,67.19,1
1455,436,编程开发,10.0,36.74,0
1956,357,职业发展,142.63,77.29,1
1108,348,市场营销,58.05,76.47,1
1267,176,语言学习,84.49,52.74,1
1444,279,人工智能,106.36,78.67,1
1239,165,数据科学,213.44,77.38,1
1928,407,金融理财,57.44,68.95,0
1300,447,职业发展,35.77,54.29,0
1601,270,语言学习,147.02,64.49,1
1102,121,数据科学,118.32,60.46,1
1987,466,人工智能,192.42,85.38,1
1249,206,产品设计,98.83,63.37,0
1452,422,职业发展,192.65,81.43,0
1519,326,编程开发,120.98,72.06,1
1152,495,编程开发,151.75,62.95,0
1858,315,金融理财,217.44,81.9,0
1173,168,数据科学,109.97,73.06,1
1342,183,数据科学,182.68,88.39,1
1669,202,数据科学,83.18,83.03,1
1430,138,职业发展,133.65,62.8,0
1726,112,人工智能,33.32,66.79,1
1688,396,产品设计,89.74,46.55,0
1686,412,编程开发,56.52,74.01,0
1851,280,语言学习,193.25,89.76,1
1849,367,市场营销,224.33,55.09,1
1657,112,职业发展,98.72,66.21,0
1961,219,职业发展,73.62,58.19,1
1323,452,人工智能,41.16,60.58,1
1989,156,编程开发,135.87,67.81,0
1672,139,金融理财,83.86,67.72,0
1638,473,产品设计,87.08,78.34,1
1419,435,人工智能,217.78,78.04,1
1593,227,语言学习,102.22,60.06,0
1484,272,编程开发,155.2,73.11,1
1658,134,人工智能,123.18,69.44,0
1750,358,编程开发,38.69,62.9,0
1411,475,编程开发,10.0,54.69,0
1935,104,金融理财,746.26,78.14,0
1083,317,职业发展,222.25,94.54,1
1112,110,产品设计,138.9,60.81,0
1736,481,职业发展,157.45,79.81,1
1331,426,市场营销,328.59,75.99,1
1377,216,产品设计,180.89,73.25,1
1754,283,编程开发,180.15,90.04,1
1654,493,人工智能,78.23,67.0,1
1040,461,语言学习,152.72,63.59,0
1934,215,金融理财,14.01,48.65,0
1769,261,产品设计,163.43,83.74,1
1958,166,市场营销,85.65,75.26,1
1796,299,编程开发,46.37,80.15,1
1104,130,语言学习,144.16,80.72,1
1201,174,产品设计,13.7,60.34,0
1449,336,职业发展,140.54,78.49,1
1818,426,职业发展,52.06,65.78,1
1842,165,产品设计,39.22,60.49,1
1972,169,产品设计,617.96,66.52,1
1265,396,产品设计,109.65,53.43,0
1909,119,语言学习,207.41,72.74,1
1209,325,职业发展,42.91,63.98,0
1562,495,人工智能,202.5,52.63,0
1117,298,市场营销,51.74,59.88,0
1712,138,市场营销,175.17,86.24,1
1376,244,金融理财,186.37,91.55,1
1550,144,编程开发,139.29,68.27,1
1539,494,数据科学,72.54,61.4,1
1770,425,人工智能,28.62,55.58,0
1083,480,职业发展,10.0,55.39,1
1453,190,编程开发,231.14,93.9,1
1666,337,金融理财,102.19,86.23,1
1628,169,编程开发,53.72,48.34,0
1513,265,产品设计,51.41,56.88,0
1604,229,数据科学,130.07,54.01,1
1677,313,职业发展,96.31,69.08,1
1386,439,数据科学,10.0,56.09,1
1911,188,人工智能,171.87,80.3,0
1349,434,数据科学,140.1,80.25,1
1295,351,编程开发,1151.97,87.92,1
1257,468,数据科学,188.45,61.86,0
1080,448,数据科学,10.0,60.72,0
1936,171,市场营销,205.02,62.98,0
1267,264,职业发展,192.45,96.08,1
1418,148,职业发展,75.82,63.82,0
1234,151,编程开发,94.05,55.48,1
1832,388,语言学习,144.7,68.63,1
1310,377,数据科学,59.15,67.83,0
1812,213,数据科学,105.44,77.58,1
1974,338,产品设计,180.0,90.5,1
1985,232,职业发展,151.06,75.32,1
1356,373,数据科学,79.99,64.44,0
1212,265,职业发展,181.37,84.48,1
1573,473,数据科学,138.17,80.01,1
1048,472,市场营销,136.12,74.42,1
1126,392,编程开发,89.1,76.76,0
1222,342,职业发展,119.61,65.53,1
1920,419,人工智能,73.55,66.91,0
1278,237,编程开发,10.0,40.64,0
1407,178,产品设计,103.21,83.93,1
1504,269,编程开发,112.67,66.04,1
1293,222,数据科学,128.24,86.42,1
1795,275,产品设计,192.73,72.18,1
1276,399,编程开发,80.86,70.88,1
1437,181,金融理财,97.93,70.07,1
1106,186,产品设计,165.97,70.12,1
1657,324,金融理财,74.85,72.07,1
1419,115,人工智能,129.22,85.33,1
1610,409,编程开发,95.5,87.18,1
1428,457,职业发展,,77.67,1
1374,262,职业发展,165.49,63.99,0
1072,197,语言学习,97.59,55.43,1
1948,255,数据科学,167.44,87.67,1
1997,101,金融理财,10.0,51.0,1
1633,449,产品设计,34.22,69.49,0
1029,496,语言学习,10.0,62.31,0
1187,268,语言学习,50.05,78.05,1
1363,414,市场营销,231.41,87.6,1
1865,424,金融理财,118.95,71.26,0
1799,474,产品设计,76.72,88.07,1
1450,191,语言学习,166.97,84.47,1
1194,280,市场营销,175.44,82.6,1
1155,330,语言学习,46.75,57.72,0
1171,400,数据科学,269.89,74.77,0
1846,247,人工智能,136.58,70.68,0
1040,379,金融理财,144.14,59.03,0
1062,288,市场营销,149.83,71.35,0
1022,446,人工智能,149.71,82.56,1
1359,449,产品设计,82.71,77.86,1
1074,413,数据科学,246.75,80.57,1
1559,227,市场营销,102.89,99.36,1
1671,106,产品设计,177.45,89.99,1
1824,146,语言学习,91.5,68.6,0
1117,152,职业发展,80.86,79.28,1
1611,286,编程开发,234.11,76.97,1
1379,137,产品设计,113.5,73.57,1
1928,325,人工智能,117.95,67.86,1
1919,152,数据科学,137.02,61.2,0
1678,498,数据科学,276.11,92.17,1
1289,323,产品设计,250.13,84.26,1
1439,253,语言学习,197.03,79.84,0
1667,147,编程开发,291.22,88.04,1
1932,450,金融理财,63.33,57.18,0
1006,246,人工智能,159.35,91.38,1
1195,492,产品设计,124.55,74.6,0
1420,163,产品设计,13.85,58.68,0
1567,448,职业发展,147.79,61.28,0
1832,281,数据科学,90.55,82.84,1
1192,224,人工智能,212.01,89.79,1
1558,278,编程开发,96.3,69.38,0
1147,138,数据科学,92.89,56.19,0
1786,359,产品设计,211.98,97.2,1
1668,481,数据科学,116.07,67.64,1
1201,102,数据科学,189.77,71.74,1
1443,163,市场营销,145.46,73.65,1
1913,128,数据科学,146.27,77.97,1
1987,471,语言学习,105.36,68.56,0
1418,110,数据科学,150.13,40.72,0
1426,196,金融理财,112.11,73.4,1
1478,457,语言学习,71.77,76.2,1
1474,302,人工智能,113.74,62.15,1
1125,120,数据科学,197.27,94.78,1
1394,138,编程开发,152.16,83.54,0
1816,322,语言学习,166.11,80.84,1
1880,201,语言学习,120.09,61.53,0
1805,145,产品设计,50.0,63.76,0
1575,165,人工智能,46.71,68.09,1
1324,190,数据科学,102.66,69.16,0
1391,263,职业发展,51.9,73.96,0
1929,210,编程开发,88.54,65.0,1
1687,437,产品设计,86.37,65.68,0
1627,222,人工智能,88.18,61.91,1
1439,292,金融理财,206.23,75.54,1
1203,198,语言学习,116.82,69.86,1
1485,390,编程开发,176.08,75.26,1
1832,258,金融理财,129.84,70.31,0
1030,202,数据科学,204.94,89.17,1
1387,484,职业发展,181.26,92.65,1
1624,380,市场营销,84.51,55.4,0
1876,142,市场营销,237.7,97.9,1
1433,183,人工智能,92.73,75.76,1
1836,290,职业发展,132.0,63.9,1
1925,150,编程开发,,70.57,0
1375,485,产品设计,149.3,77.36,1
1343,309,编程开发,167.77,59.76,0
1442,225,职业发展,74.59,66.38,1
1578,168,金融理财,162.74,81.08,1
1074,364,语言学习,154.87,67.61,0
1556,357,市场营销,120.03,56.87,1
1771,287,人工智能,108.62,72.55,1
1665,329,数据科学,71.51,89.04,1
1154,288,编程开发,148.82,67.34,0
1429,109,市场营销,80.37,60.94,1
1362,213,产品设计,134.27,71.05,1
1447,175,人工智能,113.92,86.77,1
1986,263,数据科学,39.95,47.36,0
1233,184,编程开发,63.99,73.92,1
1562,148,产品设计,144.29,69.32,1
1817,425,数据科学,88.54,64.76,0
1261,276,语言学习,86.49,58.31,0
1826,486,市场营销,74.16,64.72,0
1124,488,语言学习,76.2,57.6,0
1910,317,市场营销,218.56,75.83,1
1244,288,产品设计,52.8,40.48,0
1541,445,金融理财,208.37,62.92,1
1937,329,语言学习,100.16,73.1,1
1484,354,市场营销,80.77,80.48,0
1121,335,人工智能,143.03,100.0,1
1124,125,产品设计,123.18,81.22,1
1548,171,市场营销,108.15,65.37,1
1169,360,编程开发,133.19,53.11,0
1123,353,市场营销,122.23,77.28,0
1868,370,语言学习,107.06,55.88,0
1034,222,人工智能,176.14,69.05,0
1086,243,数据科学,33.18,72.09,0
1645,356,金融理财,65.12,69.27,0
1707,243,数据科学,72.71,57.78,0
1785,358,市场营销,56.52,48.43,0
1200,146,数据科学,125.16,74.29,1
1368,450,市场营销,150.33,77.97,1
1796,112,人工智能,10.0,76.01,0
1076,475,数据科学,91.56,43.98,0
1058,307,语言学习,100.7,70.97,1
1430,410,语言学习,102.85,79.17,1
1637,334,编程开发,42.89,59.97,0
1499,248,市场营销,101.2,53.87,0
1912,421,数据科学,65.33,57.1,0
1108,254,语言学习,99.94,70.09,0
1735,265,职业发展,,56.77,0
1277,189,人工智能,100.35,72.79,0
1067,285,金融理财,76.86,80.27,0
1068,417,人工智能,104.25,66.14,1
1164,457,职业发展,138.05,85.62,0
1488,273,职业发展,117.32,70.25,1
1304,316,编程开发,167.6,79.68,1
1908,494,人工智能,98.35,68.39,1
1673,363,人工智能,157.13,78.93,1
1364,196,数据科学,187.5,83.62,1
1853,216,市场营销,136.43,79.68,1
1820,298,产品设计,118.75,71.58,0
1378,419,金融理财,144.86,40.78,0
1342,120,人工智能,138.55,79.43,1
1946,299,金融理财,180.07,57.8,0
1898,470,金融理财,167.63,70.23,0
1553,440,金融理财,168.35,52.45,0
1353,347,人工智能,122.64,88.91,1
1415,375,产品设计,140.47,77.83,1
1108,363,人工智能,139.35,70.29,1
1562,157,数据科学,47.56,78.81,0
1761,401,数据科学,184.13,83.22,1
1496,130,产品设计,99.21,63.18,0
1340,348,语言学习,162.73,79.77,1
1941,192,人工智能,136.02,69.4,1
1382,364,语言学习,102.94,57.61,1
1532,370,金融理财,143.47,83.56,1
1299,193,人工智能,145.11,73.4,1
1138,253,市场营销,41.53,46.45,0
1358,493,人工智能,204.97,85.0,1
1835,384,数据科学,124.33,72.5,1
1498,179,编程开发,258.88,100.0,1
1384,391,职业发展,167.39,78.96,1
1603,183,编程开发,122.96,60.14,1
1958,464,编程开发,78.6,49.74,0
1279,473,编程开发,113.35,83.66,0
1636,136,职业发展,128.99,71.9,1
1482,441,语言学习,207.93,71.56,1
1908,426,职业发展,193.6,71.63,0
1110,331,语言学习,147.09,87.28,1
1865,192,职业发展,226.15,86.71,1
1138,435,职业发展,10.0,71.94,0
1995,201,人工智能,147.77,76.82,1
1434,265,语言学习,195.34,70.63,1
1508,258,人工智能,,92.73,1
1272,113,市场营销,40.03,59.98,0
1098,472,人工智能,,87.82,1
1763,324,编程开发,165.68,86.95,1
1849,172,产品设计,140.58,73.73,1
1103,348,产品设计,125.3,61.05,0
1213,190,数据科学,239.62,76.52,1
1760,315,数据科学,146.67,81.03,0
1663,189,金融理财,105.48,75.59,0
1761,128,人工智能,71.32,79.94,1
1786,404,职业发展,165.45,87.48,1
1164,319,职业发展,179.17,67.89,1
1998,427,产品设计,123.39,86.43,1
1852,314,编程开发,,58.15,0
1519,320,语言学习,199.8,85.37,1
1283,488,编程开发,66.76,90.7,1
1516,141,金融理财,238.17,86.28,1
1656,234,编程开发,75.93,49.59,0
1612,141,人工智能,43.3,60.95,1
1163,263,人工智能,50.98,86.7,1
1885,460,市场营销,53.42,63.12,0
1658,382,金融理财,105.8,83.56,0
1063,157,编程开发,91.91,59.37,1
1090,401,职业发展,181.48,74.09,0
1116,421,职业发展,172.92,74.66,1
1865,124,金融理财,106.59,89.87,1
1266,172,编程开发,306.2,86.71,1
1821,472,人工智能,105.79,51.43,0
1684,228,人工智能,113.79,94.88,1
1558,186,市场营销,43.35,66.49,1
1139,429,市场营销,115.17,77.74,0
1245,252,数据科学,137.84,57.33,0
1660,281,金融理财,48.95,67.34,0
1757,224,产品设计,90.08,68.95,0
1394,166,编程开发,139.62,63.91,1
1486,105,金融理财,88.51,75.28,1
1475,224,职业发展,75.95,50.32,0
1516,413,编程开发,166.93,66.5,0
1976,425,市场营销,43.07,76.31,1
1183,152,市场营销,54.72,58.06,1
1019,165,数据科学,130.64,67.77,0
1936,413,产品设计,170.77,77.5,1
1557,181,数据科学,138.33,69.73,1
1523,186,职业发展,106.57,77.27,1
1581,101,产品设计,101.68,71.65,0
1528,303,语言学习,180.63,62.49,0
1882,249,编程开发,171.54,69.33,1
1146,392,数据科学,122.99,63.53,0
1665,202,市场营销,103.34,65.41,0
1303,123,数据科学,122.12,72.99,1
1619,467,语言学习,76.37,70.49,1
1747,311,数据科学,110.99,47.11,0
1819,164,编程开发,453.14,79.06,1
1863,308,语言学习,113.95,70.17,0
1581,350,金融理财,92.78,57.82,0
1694,484,金融理财,757.19,84.25,0
1761,216,金融理财,169.1,55.38,0
1227,215,市场营销,97.22,53.69,0
1101,336,市场营销,71.29,88.22,1
1586,204,金融理财,162.7,77.28,1
1416,358,金融理财,131.09,65.37,0
1957,145,金融理财,98.0,70.61,1
1215,410,人工智能,202.53,77.88,1
1406,430,金融理财,86.1,68.73,1
1398,315,语言学习,10.0,65.86,1
1922,400,人工智能,77.52,65.56,0
1714,432,人工智能,217.1,84.65,1
1703,123,编程开发,100.94,68.23,1
1760,134,数据科学,89.07,60.45,0
1498,123,市场营销,121.6,60.76,0
1753,127,市场营销,180.66,90.76,0
1464,115,数据科学,115.03,77.66,1
1690,158,市场营销,155.48,85.49,1
1948,342,数据科学,108.64,70.6,0
1973,306,语言学习,155.95,77.42,1
1730,499,编程开发,130.82,70.93,1
1081,370,金融理财,96.12,80.92,1
1603,348,编程开发,135.49,69.72,1
1946,366,职业发展,87.45,58.66,1
1686,292,编程开发,37.31,68.84,0
1750,434,数据科学,118.81,70.03,1
1771,317,职业发展,42.64,66.64,0
1902,214,数据科学,155.85,82.26,1
1364,167,金融理财,117.75,65.66,1
1162,398,产品设计,205.4,77.78,1
1047,424,职业发展,,66.64,0
1510,496,金融理财,118.8,84.42,1
1328,493,金融理财,31.82,63.24,0
1839,174,市场营销,53.75,66.79,0
1115,202,市场营销,19.28,50.31,0
1940,396,产品设计,184.65,85.26,1
1848,277,产品设计,92.43,73.27,0
1336,314,编程开发,199.62,71.06,0
1880,414,金融理财,10.0,80.2,1
1736,138,产品设计,212.88,84.07,0
1863,358,数据科学,115.92,65.03,1
1839,303,金融理财,140.39,73.62,0
1146,106,人工智能,56.22,61.78,0
1574,148,数据科学,151.64,90.18,1
1805,125,职业发展,97.57,78.82,0
1322,260,产品设计,48.36,69.24,1
1442,456,市场营销,47.54,81.79,1
1836,275,数据科学,46.48,54.14,0
1012,178,市场营销,142.81,81.64,1
1942,101,数据科学,409.31,73.43,1
1493,482,市场营销,21.59,59.79,0
1700,231,语言学习,142.16,71.56,1
1286,375,数据科学,10.0,70.2,0
1719,216,职业发展,199.74,87.92,1
1113,263,市场营销,239.18,69.03,1
1479,387,人工智能,41.25,82.18,0
1021,127,职业发展,183.15,89.23,1
1348,432,编程开发,140.95,70.89,1
1725,100,数据科学,90.0,60.84,0
1682,287,人工智能,92.8,80.13,0
1834,155,编程开发,159.27,80.45,1
1565,134,数据科学,117.6,78.6,0
1905,211,人工智能,10.0,66.68,0
1809,385,人工智能,244.38,95.9,0
1319,409,职业发展,145.99,82.75,1
1125,135,语言学习,116.88,66.02,1
1276,316,人工智能,76.89,61.55,0
1975,179,语言学习,108.66,74.12,1
1203,413,产品设计,196.15,100.0,1
1193,182,职业发展,135.7,71.69,0
1680,164,金融理财,142.52,77.49,1
1663,424,市场营销,45.05,73.33,0
1546,227,职业发展,99.02,65.44,1
1695,406,编程开发,123.06,79.94,0
1285,121,市场营销,161.79,75.87,1
1056,315,市场营销,95.05,81.74,1
1733,206,金融理财,175.67,67.63,0
1302,208,语言学习,51.34,88.13,0
1162,471,金融理财,124.17,68.95,1
1018,456,金融理财,114.14,76.31,0
1369,280,市场营销,29.07,62.87,0
1263,455,人工智能,117.14,60.6,0
1793,263,语言学习,85.04,76.6,0
1112,167,市场营销,204.83,77.27,1
1487,391,语言学习,95.38,74.53,0
1326,279,产品设计,141.05,65.66,0
1541,280,语言学习,46.14,61.89,0
1646,268,数据科学,134.19,70.1,0
1578,121,人工智能,95.1,74.75,1
1064,165,编程开发,73.42,70.22,1
1291,120,数据科学,290.03,86.43,0
1024,199,数据科学,98.79,65.91,1
1548,483,金融理财,107.28,73.58,0
1000,399,金融理财,174.12,78.91,0
1910,202,数据科学,73.89,68.47,0
1548,146,市场营销,144.2,93.71,1
1140,138,语言学习,753.1,80.16,1
1743,384,语言学习,134.68,92.33,1
1647,409,职业发展,257.78,84.37,1
1900,189,市场营销,71.74,66.49,1
1187,184,人工智能,212.26,75.58,1
1127,372,市场营销,148.33,77.44,1
1200,435,市场营销,174.57,73.72,1
1126,287,市场营销,140.47,68.98,0
1256,258,人工智能,232.7,63.62,0
1675,342,职业发展,100.8,84.46,0
1546,172,人工智能,149.83,70.73,1
1193,148,产品设计,198.33,94.03,1
1702,200,职业发展,86.47,67.44,1
1103,101,产品设计,180.03,83.95,1
1534,343,产品设计,118.88,72.3,1
1264,275,产品设计,45.91,68.61,1
1801,337,语言学习,32.9,53.11,0
1941,497,数据科学,114.55,82.96,1
1973,158,数据科学,179.45,73.78,0
1383,452,产品设计,10.0,70.23,0
1259,198,产品设计,132.03,58.23,0
1413,458,编程开发,173.54,69.33,0
1990,101,金融理财,43.32,67.93,0
1357,342,数据科学,81.96,66.33,0
1074,396,金融理财,154.34,79.57,1
1354,310,金融理财,170.91,78.69,1
1583,222,编程开发,216.25,99.3,1
1770,328,金融理财,84.82,73.65,0
1909,181,职业发展,71.07,62.58,0
1187,243,编程开发,219.16,77.37,0
1972,487,金融理财,373.52,79.3,1
1684,239,金融理财,150.44,59.34,0
1991,128,市场营销,250.99,89.99,1
1289,490,金融理财,165.16,64.9,1
1044,369,语言学习,167.0,87.33,1
1572,346,职业发展,196.68,74.8,1
1082,111,人工智能,151.49,79.99,1
1122,454,数据科学,167.28,76.64,1
1357,488,产品设计,99.44,55.8,0
1527,436,金融理财,189.6,84.84,1
1065,205,职业发展,144.81,66.87,0
1935,131,产品设计,31.32,71.06,0
1656,173,人工智能,134.58,63.06,0
1374,270,职业发展,10.0,63.39,0
1161,436,数据科学,162.83,76.22,1
1745,168,职业发展,105.99,64.28,0
1379,400,产品设计,234.33,96.58,1
1655,461,产品设计,149.38,74.86,1
1357,236,市场营销,175.45,72.84,1
1187,199,金融理财,57.05,68.53,0
1321,245,编程开发,161.07,61.1,0
1449,108,职业发展,81.56,92.45,1
1473,161,产品设计,185.43,67.17,0
1012,284,语言学习,52.9,70.66,1
1183,128,数据科学,126.59,72.92,1
1110,480,语言学习,50.53,76.72,1
1926,213,人工智能,127.55,74.18,0
1507,242,职业发展,241.35,77.08,1
1289,489,市场营销,163.28,57.29,0
1294,219,数据科学,118.04,53.68,0
1450,269,市场营销,10.0,58.59,0
1903,256,编程开发,87.86,82.25,0
1214,434,产品设计,148.48,57.71,1
