user_id,course_id,course_category,watch_duration_minutes,quiz_score,is_completed,registration_date,last_activity_date
USER_000861,COURSE_00095,产品设计,105.98,67.92,0,2024-10-11,2026-04-07
USER_003773,COURSE_00092,商业管理,119.83,93.53,1,2024-09-08,2026-03-24
USER_003093,COURSE_00065,人工智能,203.92,97.87,1,2024-12-21,2026-04-05
USER_000467,COURSE_00047,商业管理,111.7,72.65,1,2024-08-16,2026-04-11
USER_004427,COURSE_00181,编程开发,185.82,67.22,1,2024-11-24,2026-04-14
USER_003445,COURSE_00106,商业管理,56.06,93.31,0,2024-06-30,2026-04-03
USER_003172,COURSE_00199,语言学习,55.11,93.19,1,2024-08-14,2026-03-22
USER_002920,COURSE_00130,市场营销,41.76,95.56,1,2024-11-13,2026-04-16
USER_000131,COURSE_00106,人工智能,127.84,65.97,0,2024-02-28,2026-03-25
USER_001686,COURSE_00024,产品设计,116.49,99.04,1,2024-11-26,2026-04-06
USER_000770,COURSE_00004,市场营销,39.53,98.47,1,2024-04-22,2026-04-06
USER_002392,COURSE_00108,数据科学,87.58,66.17,0,2024-11-22,2026-03-30
USER_002434,COURSE_00019,语言学习,64.13,85.19,1,2024-12-21,2026-03-31
USER_001185,COURSE_00154,产品设计,71.35,78.58,1,2024-04-14,2026-04-13
USER_004556,COURSE_00040,职业技能,53.08,86.31,1,2024-05-16,2026-03-28
USER_003386,COURSE_00050,市场营销,51.38,85.19,1,2024-01-30,2026-03-28
USER_004118,COURSE_00171,编程开发,150.15,76.94,1,2024-03-03,2026-04-14
USER_004844,COURSE_00075,数据科学,106.14,70.78,0,2024-07-14,2026-03-23
USER_002905,COURSE_00195,产品设计,110.43,92.39,1,2024-07-14,2026-03-30
USER_000475,COURSE_00012,编程开发,79.94,76.3,0,2024-03-12,2026-03-21
USER_001083,COURSE_00195,语言学习,76.96,79.44,0,2024-06-01,2026-04-14
USER_002559,COURSE_00027,职业技能,15.36,85.2,0,2024-12-14,2026-04-07
USER_002048,COURSE_00113,数据科学,116.95,91.89,0,2024-06-05,2026-03-28
USER_002748,COURSE_00182,人工智能,127.69,89.72,1,2024-08-27,2026-04-15
USER_000976,COURSE_00194,职业技能,82.28,81.93,1,2024-04-15,2026-03-26
USER_001807,COURSE_00049,编程开发,108.38,81.66,0,2024-02-01,2026-04-01
USER_000190,COURSE_00144,市场营销,86.0,69.72,1,2024-11-16,2026-03-27
USER_002735,COURSE_00130,商业管理,78.42,95.23,1,2024-08-07,2026-04-10
USER_003006,COURSE_00060,产品设计,91.88,93.75,0,2024-02-15,2026-04-02
USER_004659,COURSE_00182,数据科学,36.17,71.8,1,2024-12-22,2026-03-23
USER_001900,COURSE_00030,编程开发,150.11,75.56,0,2024-04-12,2026-04-08
USER_001268,COURSE_00084,人工智能,65.17,92.92,1,2024-10-22,2026-04-06
USER_001529,COURSE_00166,商业管理,94.33,52.49,1,2024-10-14,2026-03-26
USER_003203,COURSE_00028,产品设计,66.12,82.88,1,2024-10-15,2026-03-24
USER_003557,COURSE_00025,产品设计,26.89,100.0,1,2024-05-06,2026-03-26
USER_003891,COURSE_00096,编程开发,148.84,79.79,0,2024-03-03,2026-04-01
USER_000647,COURSE_00125,人工智能,161.94,60.21,1,2024-09-30,2026-03-21
USER_002889,COURSE_00010,语言学习,84.41,98.96,1,2024-08-08,2026-04-08
USER_002436,COURSE_00188,商业管理,104.12,74.55,0,2024-01-09,2026-04-02
USER_000601,COURSE_00042,语言学习,5.0,73.88,0,2024-02-01,2026-04-11
USER_002364,COURSE_00040,数据科学,165.42,100.0,1,2024-10-05,2026-03-31
USER_002062,COURSE_00077,编程开发,134.5,67.03,1,2024-07-04,2026-04-15
USER_000242,COURSE_00105,商业管理,112.36,76.36,1,2024-07-23,2026-03-27
USER_002042,COURSE_00118,数据科学,120.74,68.95,1,2024-12-12,2026-04-14
USER_002825,COURSE_00042,职业技能,106.14,99.85,1,2024-02-17,2026-04-13
USER_002613,COURSE_00047,语言学习,43.73,80.1,1,2024-02-14,2026-04-01
USER_001364,COURSE_00165,职业技能,69.01,93.12,0,2024-12-14,2026-03-24
USER_001479,COURSE_00022,职业技能,56.23,72.25,1,2024-02-03,2026-03-20
USER_002557,COURSE_00185,商业管理,165.86,63.7,0,2024-06-27,2026-04-02
USER_000776,COURSE_00107,产品设计,124.53,71.49,1,2024-03-15,2026-03-22
USER_004015,COURSE_00027,数据科学,154.45,84.56,0,2024-07-29,2026-04-04
USER_000035,COURSE_00041,职业技能,76.75,95.67,0,2024-10-06,2026-04-11
USER_003153,COURSE_00080,人工智能,173.6,63.36,1,2024-11-12,2026-04-03
USER_001956,COURSE_00162,市场营销,57.78,74.67,1,2024-02-04,2026-04-15
USER_001586,COURSE_00160,语言学习,24.61,100.0,1,2024-12-13,2026-03-26
USER_003944,COURSE_00089,语言学习,12.64,94.44,1,2024-09-12,2026-04-03
USER_003074,COURSE_00066,人工智能,126.12,63.45,0,2024-01-29,2026-04-11
USER_001022,COURSE_00012,商业管理,49.8,72.71,1,2024-02-05,2026-03-30
USER_003462,COURSE_00168,商业管理,101.66,62.39,1,2024-06-07,2026-04-03
USER_002614,COURSE_00073,商业管理,92.57,75.82,0,2024-02-17,2026-03-23
USER_003844,COURSE_00076,数据科学,133.4,83.47,0,2024-09-23,2026-04-06
USER_001501,COURSE_00090,编程开发,179.03,44.43,1,2024-04-19,2026-03-18
USER_004799,COURSE_00010,职业技能,96.2,94.07,0,2024-11-23,2026-03-25
USER_000162,COURSE_00096,产品设计,69.33,87.02,0,2024-03-27,2026-04-05
USER_004298,COURSE_00176,市场营销,92.77,100.0,1,2024-08-28,2026-03-21
USER_001982,COURSE_00020,编程开发,69.74,94.34,0,2024-04-06,2026-03-28
USER_000996,COURSE_00039,编程开发,83.75,77.13,0,2024-04-17,2026-04-16
USER_004912,COURSE_00060,人工智能,132.55,52.73,0,2024-07-05,2026-04-03
USER_003343,COURSE_00066,数据科学,113.01,95.4,0,2024-08-16,2026-03-28
USER_004552,COURSE_00065,语言学习,5.0,100.0,1,2024-08-27,2026-03-26
USER_003799,COURSE_00179,语言学习,10.7,89.32,1,2024-09-08,2026-03-25
USER_001276,COURSE_00124,人工智能,62.24,81.67,1,2024-05-20,2026-04-01
USER_001017,COURSE_00164,数据科学,164.84,87.08,1,2024-10-29,2026-03-25
USER_000338,COURSE_00152,人工智能,63.38,89.67,0,2024-08-18,2026-04-13
USER_000879,COURSE_00155,语言学习,87.49,100.0,1,2024-09-14,2026-04-07
USER_001077,COURSE_00130,编程开发,157.64,86.58,1,2024-03-21,2026-03-30
USER_004888,COURSE_00159,产品设计,49.92,96.06,1,2024-12-29,2026-04-08
USER_003994,COURSE_00057,职业技能,20.68,76.58,1,2024-12-02,2026-03-30
USER_004860,COURSE_00078,商业管理,92.4,84.81,0,2024-11-08,2026-03-18
USER_000380,COURSE_00194,数据科学,80.49,85.85,1,2024-04-14,2026-04-14
USER_000493,COURSE_00029,职业技能,36.78,77.44,1,2024-05-26,2026-03-18
USER_002063,COURSE_00015,市场营销,58.18,100.0,1,2024-10-21,2026-03-31
USER_003885,COURSE_00012,市场营销,65.95,72.39,1,2024-01-27,2026-04-15
USER_000065,COURSE_00101,编程开发,138.37,70.58,0,2024-08-26,2026-04-04
USER_002569,COURSE_00156,人工智能,128.09,71.81,1,2024-01-28,2026-04-10
USER_002028,COURSE_00084,人工智能,112.73,72.92,1,2024-02-10,2026-04-13
USER_002696,COURSE_00125,语言学习,118.37,81.21,0,2024-02-15,2026-03-24
USER_001496,COURSE_00103,编程开发,112.74,68.86,1,2024-05-15,2026-03-25
USER_000392,COURSE_00024,语言学习,51.7,99.1,1,2024-06-26,2026-03-21
USER_004515,COURSE_00149,语言学习,63.53,87.18,1,2024-10-21,2026-04-02
USER_004475,COURSE_00138,市场营销,39.55,33.87,0,2024-01-28,2026-03-27
USER_003562,COURSE_00110,语言学习,41.42,64.8,1,2024-07-19,2026-03-23
USER_002279,COURSE_00078,职业技能,93.8,82.08,0,2024-03-23,2026-04-01
USER_003100,COURSE_00101,商业管理,74.27,80.32,0,2024-03-19,2026-04-16
USER_000201,COURSE_00146,语言学习,86.21,82.71,1,2024-09-12,2026-03-29
USER_004876,COURSE_00142,市场营销,56.54,61.8,1,2024-01-15,2026-03-30
USER_003105,COURSE_00162,商业管理,80.63,100.0,1,2024-04-24,2026-04-01
USER_004599,COURSE_00128,人工智能,26.46,65.77,1,2024-08-19,2026-04-10
USER_002455,COURSE_00058,数据科学,167.93,74.73,0,2024-04-04,2026-03-23
USER_003646,COURSE_00076,产品设计,100.28,65.67,1,2024-08-15,2026-03-30
USER_000805,COURSE_00150,语言学习,53.49,90.56,0,2024-06-29,2026-03-27
USER_002732,COURSE_00198,职业技能,42.03,94.48,1,2024-10-25,2026-04-14
USER_002774,COURSE_00036,商业管理,104.37,74.1,1,2024-08-31,2026-04-08
USER_001571,COURSE_00173,数据科学,154.62,95.01,1,2024-09-09,2026-03-27
USER_002691,COURSE_00164,市场营销,89.71,85.27,0,2024-09-19,2026-04-15
USER_003841,COURSE_00022,数据科学,120.88,100.0,1,2024-01-29,2026-03-30
USER_001029,COURSE_00127,产品设计,59.16,65.19,1,2024-06-21,2026-04-09
USER_000503,COURSE_00080,职业技能,60.86,79.56,0,2024-09-07,2026-03-30
USER_004494,COURSE_00189,数据科学,95.27,63.08,1,2024-10-19,2026-04-09
USER_000871,COURSE_00100,职业技能,57.93,100.0,0,2024-10-27,2026-04-05
USER_004489,COURSE_00184,商业管理,69.08,97.07,0,2024-10-09,2026-04-10
USER_000207,COURSE_00096,数据科学,61.65,78.53,1,2024-02-05,2026-03-29
USER_001485,COURSE_00161,职业技能,71.01,77.19,0,2024-11-17,2026-03-30
USER_000864,COURSE_00173,数据科学,140.86,71.74,0,2024-12-19,2026-03-20
USER_002791,COURSE_00164,数据科学,73.54,85.96,0,2024-08-25,2026-04-06
USER_000564,COURSE_00148,编程开发,92.26,61.96,1,2024-01-16,2026-04-16
USER_004192,COURSE_00018,语言学习,69.77,87.94,1,2024-08-23,2026-04-12
USER_001758,COURSE_00038,市场营销,19.6,71.97,1,2024-08-07,2026-03-21
USER_001679,COURSE_00195,产品设计,100.71,79.24,1,2024-06-03,2026-03-20
USER_003243,COURSE_00151,市场营销,118.08,79.43,0,2024-01-01,2026-03-26
USER_004637,COURSE_00109,编程开发,42.92,52.77,1,2024-12-02,2026-03-22
USER_001060,COURSE_00123,编程开发,113.1,60.94,1,2024-06-06,2026-04-03
USER_001723,COURSE_00144,商业管理,92.18,62.62,1,2024-11-28,2026-04-05
USER_003315,COURSE_00187,编程开发,163.04,67.66,0,2024-01-28,2026-03-20
USER_003158,COURSE_00197,语言学习,81.98,70.8,0,2024-12-16,2026-04-04
USER_002626,COURSE_00196,编程开发,124.01,71.79,1,2024-08-13,2026-04-09
USER_002730,COURSE_00149,数据科学,149.13,60.31,1,2024-02-23,2026-03-27
USER_001598,COURSE_00104,市场营销,47.64,62.77,1,2024-08-31,2026-03-27
USER_003061,COURSE_00198,人工智能,152.72,52.3,1,2024-10-12,2026-04-15
USER_002694,COURSE_00140,产品设计,68.52,94.13,1,2024-11-09,2026-03-18
USER_004892,COURSE_00144,编程开发,118.14,82.35,0,2024-04-07,2026-04-01
USER_003628,COURSE_00081,市场营销,79.77,84.67,1,2024-03-06,2026-04-01
USER_001364,COURSE_00087,商业管理,142.38,90.84,1,2024-06-16,2026-03-23
USER_001982,COURSE_00142,编程开发,89.87,73.3,0,2024-10-08,2026-04-09
USER_001664,COURSE_00061,语言学习,66.56,73.24,0,2024-04-29,2026-03-29
USER_001530,COURSE_00199,编程开发,101.17,91.82,1,2024-05-03,2026-03-27
USER_002039,COURSE_00046,编程开发,150.28,71.21,1,2024-09-27,2026-04-05
USER_003303,COURSE_00032,职业技能,59.95,87.1,1,2024-06-05,2026-04-13
USER_002238,COURSE_00015,职业技能,73.94,94.48,0,2024-01-10,2026-04-01
USER_001307,COURSE_00044,编程开发,42.95,62.66,1,2024-05-05,2026-03-27
USER_004030,COURSE_00145,商业管理,152.93,88.96,1,2024-08-13,2026-04-07
USER_002676,COURSE_00169,职业技能,35.04,60.0,1,2024-08-11,2026-03-24
USER_001283,COURSE_00054,编程开发,98.38,62.98,1,2024-08-28,2026-04-15
USER_000710,COURSE_00044,产品设计,126.13,74.06,1,2024-02-12,2026-03-30
USER_004745,COURSE_00098,市场营销,65.94,81.84,1,2024-04-18,2026-04-16
USER_004414,COURSE_00005,职业技能,67.5,82.83,0,2024-01-28,2026-03-22
USER_003749,COURSE_00109,职业技能,70.49,69.89,1,2024-12-24,2026-04-11
USER_004780,COURSE_00027,语言学习,101.9,82.93,1,2024-09-10,2026-04-11
USER_000664,COURSE_00116,编程开发,169.97,63.31,0,2024-09-16,2026-04-12
USER_001999,COURSE_00087,编程开发,145.5,70.01,0,2024-09-23,2026-03-19
USER_003446,COURSE_00104,编程开发,110.14,86.03,1,2024-01-26,2026-04-06
USER_003744,COURSE_00123,编程开发,130.74,70.56,0,2024-02-28,2026-04-11
USER_001496,COURSE_00079,职业技能,41.2,100.0,0,2024-01-25,2026-03-26
USER_003305,COURSE_00043,数据科学,113.05,95.08,1,2024-04-11,2026-04-08
USER_003764,COURSE_00097,数据科学,109.0,56.85,1,2024-12-22,2026-04-08
USER_001854,COURSE_00031,人工智能,120.61,69.53,0,2024-04-20,2026-04-09
USER_004660,COURSE_00099,编程开发,166.81,66.8,1,2024-02-19,2026-03-18
USER_001292,COURSE_00017,人工智能,133.66,,1,2024-11-02,2026-03-26
USER_003582,COURSE_00083,产品设计,37.45,71.74,1,2024-10-09,2026-04-01
USER_003458,COURSE_00110,人工智能,68.56,63.78,0,2024-06-05,2026-03-25
USER_001637,COURSE_00182,市场营销,64.29,93.81,1,2024-10-24,2026-03-29
USER_003697,COURSE_00190,数据科学,132.44,59.93,1,2024-09-12,2026-04-15
USER_003000,COURSE_00032,数据科学,54.02,86.04,1,2024-04-22,2026-04-13
USER_003153,COURSE_00168,编程开发,161.08,65.54,1,2024-08-20,2026-04-03
USER_000699,COURSE_00141,职业技能,106.05,86.67,1,2024-11-06,2026-03-23
USER_002161,COURSE_00035,编程开发,43.47,84.3,1,2024-06-15,2026-04-16
USER_004098,COURSE_00133,产品设计,161.5,78.25,1,2024-06-21,2026-03-22
USER_004738,COURSE_00029,语言学习,63.47,94.27,0,2024-07-14,2026-04-06
USER_000855,COURSE_00070,产品设计,93.48,78.01,0,2024-07-08,2026-04-05
USER_003475,COURSE_00153,市场营销,77.37,91.07,1,2024-02-29,2026-04-11
USER_001708,COURSE_00095,编程开发,107.73,90.97,1,2024-08-17,2026-03-20
USER_002778,COURSE_00022,编程开发,124.0,82.48,0,2024-05-19,2026-04-06
USER_001734,COURSE_00194,产品设计,56.64,62.43,0,2024-01-23,2026-04-08
USER_004932,COURSE_00173,产品设计,65.24,72.61,1,2024-11-13,2026-03-25
USER_003511,COURSE_00069,产品设计,135.55,87.6,1,2024-01-27,2026-04-03
USER_000203,COURSE_00089,数据科学,500.0,87.12,0,2024-05-27,2026-04-09
USER_003256,COURSE_00072,人工智能,151.52,81.92,1,2024-10-04,2026-04-01
USER_004219,COURSE_00129,人工智能,88.89,56.49,1,2024-04-07,2026-04-09
USER_004497,COURSE_00172,编程开发,90.41,61.64,1,2024-08-07,2026-04-03
USER_000767,COURSE_00087,数据科学,102.27,86.12,1,2024-03-11,2026-04-09
USER_004390,COURSE_00096,产品设计,167.51,60.05,1,2024-10-26,2026-03-31
USER_002328,COURSE_00075,编程开发,76.49,64.38,0,2024-09-18,2026-04-13
USER_002932,COURSE_00167,数据科学,69.35,100.0,1,2024-01-13,2026-03-21
USER_000198,COURSE_00054,市场营销,34.25,76.92,0,2024-02-27,2026-04-13
USER_001931,COURSE_00088,语言学习,24.68,89.67,0,2024-07-11,2026-04-04
USER_003583,COURSE_00157,数据科学,141.89,71.61,1,2024-12-16,2026-04-03
USER_000609,COURSE_00054,商业管理,112.3,84.74,1,2024-04-10,2026-04-12
USER_003273,COURSE_00016,编程开发,129.98,38.39,0,2024-02-05,2026-03-28
USER_001148,COURSE_00099,职业技能,55.39,81.91,1,2024-06-15,2026-03-22
USER_004283,COURSE_00020,人工智能,152.39,78.46,0,2024-09-29,2026-03-26
USER_003398,COURSE_00046,商业管理,46.27,81.89,1,2024-06-22,2026-04-02
USER_002512,COURSE_00195,产品设计,65.16,90.75,1,2024-08-31,2026-03-20
USER_001795,COURSE_00193,语言学习,70.65,87.86,0,2024-02-16,2026-04-06
USER_000660,COURSE_00127,职业技能,83.13,87.53,1,2024-05-23,2026-03-22
USER_002812,COURSE_00058,市场营销,65.85,100.0,1,2024-06-28,2026-03-20
USER_001370,COURSE_00181,职业技能,93.81,49.53,1,2024-08-05,2026-04-03
USER_001987,COURSE_00111,语言学习,44.32,84.39,0,2024-09-14,2026-04-01
USER_000147,COURSE_00129,职业技能,33.55,88.91,1,2024-09-04,2026-03-26
USER_003220,COURSE_00081,语言学习,45.54,89.43,0,2024-01-27,2026-03-24
USER_002912,COURSE_00194,数据科学,,67.35,1,2024-09-19,2026-03-20
USER_001735,COURSE_00157,编程开发,131.49,89.16,1,2024-05-14,2026-04-11
USER_001844,COURSE_00084,职业技能,75.34,84.51,1,2024-12-07,2026-03-31
USER_000489,COURSE_00070,职业技能,15.51,77.0,1,2024-04-22,2026-04-04
USER_002977,COURSE_00008,编程开发,94.53,86.12,0,2024-12-27,2026-04-15
USER_001960,COURSE_00029,语言学习,63.94,87.92,0,2024-08-07,2026-03-25
USER_002386,COURSE_00112,产品设计,66.13,100.0,1,2024-06-26,2026-04-14
USER_002920,COURSE_00179,编程开发,127.52,62.23,1,2024-06-10,2026-04-14
USER_004737,COURSE_00161,语言学习,40.34,89.99,1,2024-12-12,2026-04-08
USER_001803,COURSE_00131,编程开发,84.57,65.63,1,2024-10-14,2026-03-30
USER_004062,COURSE_00188,产品设计,56.96,90.98,1,2024-03-14,2026-04-07
USER_003370,COURSE_00163,市场营销,38.39,100.0,1,2024-02-09,2026-04-16
USER_000263,COURSE_00197,商业管理,103.75,63.43,1,2024-12-19,2026-03-20
USER_000624,COURSE_00108,语言学习,68.85,78.69,0,2024-09-25,2026-03-24
USER_001017,COURSE_00109,人工智能,58.33,73.86,1,2024-07-08,2026-03-21
USER_003644,COURSE_00020,人工智能,91.78,85.82,1,2024-08-08,2026-04-09
USER_004977,COURSE_00073,语言学习,84.95,88.16,0,2024-06-17,2026-03-27
USER_002050,COURSE_00167,数据科学,118.31,70.82,1,2024-08-31,2026-03-19
USER_003724,COURSE_00004,市场营销,84.38,72.54,1,2024-08-25,2026-03-29
USER_004549,COURSE_00019,数据科学,170.67,60.43,1,2024-12-26,2026-04-09
USER_003109,COURSE_00102,商业管理,63.71,92.72,1,2024-03-21,2026-04-16
USER_004091,COURSE_00173,人工智能,182.51,74.63,1,2024-04-08,2026-03-18
USER_002057,COURSE_00171,产品设计,116.55,61.82,0,2024-01-20,2026-04-04
USER_003171,COURSE_00141,语言学习,52.17,41.19,1,2024-05-10,2026-04-08
USER_001683,COURSE_00141,商业管理,121.03,94.42,1,2024-06-22,2026-04-08
USER_002256,COURSE_00188,职业技能,88.73,75.65,1,2024-11-20,2026-04-09
USER_001155,COURSE_00185,职业技能,56.07,82.34,1,2024-11-13,2026-03-26
USER_004500,COURSE_00086,编程开发,168.95,64.47,1,2024-03-10,2026-04-01
USER_003192,COURSE_00052,人工智能,124.98,83.78,1,2024-01-31,2026-04-05
USER_001697,COURSE_00111,市场营销,47.16,72.08,1,2024-11-03,2026-04-12
USER_003992,COURSE_00181,人工智能,75.76,54.35,1,2024-07-21,2026-04-14
USER_004724,COURSE_00109,市场营销,72.11,73.75,0,2024-04-15,2026-04-15
USER_004683,COURSE_00086,市场营销,53.5,69.52,1,2024-05-16,2026-04-01
USER_001649,COURSE_00043,语言学习,62.51,100.0,1,2024-10-27,2026-04-08
USER_001446,COURSE_00200,市场营销,61.44,93.12,0,2024-09-21,2026-04-02
USER_004200,COURSE_00200,数据科学,40.58,94.59,0,2024-11-23,2026-04-15
USER_003924,COURSE_00042,职业技能,92.31,78.63,1,2024-07-15,2026-03-18
USER_000254,COURSE_00090,商业管理,125.23,97.81,0,2024-10-13,2026-03-30
USER_003184,COURSE_00115,产品设计,124.76,79.67,1,2024-09-17,2026-03-19
USER_002558,COURSE_00026,人工智能,190.66,82.21,1,2024-03-19,2026-03-29
USER_000099,COURSE_00151,产品设计,106.44,81.94,1,2024-01-17,2026-04-07
USER_002201,COURSE_00043,商业管理,22.33,,1,2024-07-26,2026-03-31
USER_002962,COURSE_00077,编程开发,85.07,87.43,0,2024-05-11,2026-04-04
USER_004974,COURSE_00156,商业管理,69.01,76.86,1,2024-05-27,2026-03-24
USER_004434,COURSE_00137,人工智能,178.62,82.99,1,2024-08-12,2026-04-15
USER_003778,COURSE_00020,职业技能,37.16,98.06,1,2024-04-07,2026-03-18
USER_002870,COURSE_00184,产品设计,88.02,98.37,1,2024-12-26,2026-03-31
USER_003235,COURSE_00039,产品设计,56.79,79.76,0,2024-08-03,2026-04-02
USER_003792,COURSE_00179,语言学习,93.82,91.21,1,2024-09-16,2026-04-12
USER_000957,COURSE_00012,语言学习,1.0,69.92,0,2024-11-26,2026-03-25
USER_004068,COURSE_00183,商业管理,96.56,77.5,0,2024-08-23,2026-03-30
USER_000161,COURSE_00011,商业管理,74.28,100.0,0,2024-01-30,2026-03-30
USER_004494,COURSE_00154,编程开发,119.57,70.8,1,2024-02-04,2026-03-25
USER_001301,COURSE_00042,市场营销,102.66,58.53,0,2024-02-24,2026-04-14
USER_004912,COURSE_00155,人工智能,145.88,64.73,1,2024-01-07,2026-04-15
USER_003988,COURSE_00011,语言学习,97.89,100.0,1,2024-11-26,2026-03-31
USER_001528,COURSE_00038,人工智能,148.7,71.07,0,2024-01-31,2026-03-20
USER_001219,COURSE_00098,编程开发,133.03,50.06,1,2024-11-26,2026-03-29
USER_004497,COURSE_00171,语言学习,52.93,100.0,0,2024-08-15,2026-04-15
USER_004736,COURSE_00019,语言学习,66.3,55.45,1,2024-05-06,2026-04-06
USER_003105,COURSE_00192,市场营销,66.17,68.12,0,2024-11-25,2026-03-26
USER_002736,COURSE_00134,人工智能,142.51,72.93,1,2024-04-05,2026-03-22
USER_004556,COURSE_00174,职业技能,77.66,83.74,0,2024-11-29,2026-03-22
USER_000955,COURSE_00116,人工智能,153.45,63.02,1,2024-11-27,2026-03-19
USER_004566,COURSE_00113,人工智能,185.15,62.16,0,2024-10-13,2026-03-21
USER_003447,COURSE_00170,市场营销,20.75,91.82,0,2024-04-24,2026-03-21
USER_001046,COURSE_00065,语言学习,36.92,93.05,1,2024-09-19,2026-04-09
USER_001694,COURSE_00099,编程开发,128.3,81.69,1,2024-05-13,2026-03-21
USER_003437,COURSE_00072,人工智能,75.04,76.54,1,2024-05-06,2026-04-06
USER_000563,COURSE_00187,产品设计,94.45,87.06,0,2024-05-25,2026-03-23
USER_002486,COURSE_00052,职业技能,55.06,80.34,0,2024-11-30,2026-04-10
USER_003355,COURSE_00118,职业技能,72.76,88.03,1,2024-02-16,2026-03-25
USER_000226,COURSE_00175,市场营销,59.14,98.59,1,2024-05-09,2026-04-13
USER_004894,COURSE_00120,数据科学,,57.29,0,2024-05-26,2026-04-05
USER_000960,COURSE_00007,编程开发,183.68,66.18,0,2024-08-07,2026-04-03
USER_004549,COURSE_00011,产品设计,46.7,89.57,0,2024-06-14,2026-03-21
USER_003068,COURSE_00103,人工智能,107.17,82.74,1,2024-04-14,2026-04-15
USER_000816,COURSE_00061,数据科学,43.51,69.1,1,2024-11-30,2026-04-09
USER_004755,COURSE_00068,编程开发,150.51,87.27,1,2024-09-17,2026-03-30
USER_004643,COURSE_00153,市场营销,66.58,69.79,1,2024-01-05,2026-04-15
USER_003121,COURSE_00140,数据科学,158.47,87.31,1,2024-08-17,2026-03-19
USER_000017,COURSE_00154,语言学习,62.95,53.51,1,2024-10-14,2026-03-27
USER_001244,COURSE_00102,商业管理,83.02,90.91,1,2024-09-26,2026-04-02
USER_002206,COURSE_00110,数据科学,22.95,87.34,1,2024-06-06,2026-04-04
USER_002525,COURSE_00140,商业管理,57.91,56.89,0,2024-09-02,2026-04-13
USER_001070,COURSE_00171,职业技能,98.89,82.42,1,2024-01-23,2026-04-09
USER_003445,COURSE_00051,产品设计,123.08,92.91,1,2024-05-21,2026-04-03
USER_002566,COURSE_00117,编程开发,127.41,53.1,0,2024-04-19,2026-04-09
USER_001061,COURSE_00165,产品设计,86.0,73.83,0,2024-07-25,2026-03-19
USER_002328,COURSE_00046,产品设计,,100.0,1,2024-12-18,2026-04-01
USER_003421,COURSE_00053,人工智能,72.5,83.68,1,2024-05-19,2026-03-23
USER_000302,COURSE_00088,市场营销,70.66,78.36,1,2024-04-18,2026-04-12
USER_004277,COURSE_00121,数据科学,177.39,55.61,1,2024-12-28,2026-03-18
USER_000607,COURSE_00013,编程开发,174.28,95.08,0,2024-03-18,2026-04-11
USER_003171,COURSE_00089,职业技能,85.82,81.21,0,2024-07-08,2026-04-11
USER_000700,COURSE_00125,语言学习,29.9,88.38,1,2024-03-30,2026-03-24
USER_001140,COURSE_00118,市场营销,90.55,76.32,1,2024-04-22,2026-03-18
USER_000191,COURSE_00054,市场营销,50.89,100.0,1,2024-01-22,2026-04-10
USER_002301,COURSE_00185,编程开发,103.07,80.87,0,2024-02-16,2026-03-30
USER_000981,COURSE_00116,市场营销,75.72,64.76,1,2024-08-29,2026-04-04
USER_002976,COURSE_00118,人工智能,154.97,77.59,1,2024-07-20,2026-04-09
USER_001185,COURSE_00004,市场营销,84.51,57.54,1,2024-02-20,2026-04-01
USER_003328,COURSE_00075,职业技能,29.85,100.0,1,2024-07-01,2026-03-25
USER_003395,COURSE_00049,职业技能,78.42,56.11,0,2024-12-16,2026-04-06
USER_000128,COURSE_00007,人工智能,121.55,76.95,1,2024-09-02,2026-03-22
USER_002066,COURSE_00110,数据科学,130.61,65.27,1,2024-07-19,2026-03-22
USER_001817,COURSE_00122,数据科学,76.74,80.04,1,2024-07-16,2026-04-02
USER_000570,COURSE_00011,产品设计,75.4,94.15,1,2024-06-23,2026-03-30
USER_001896,COURSE_00092,职业技能,46.35,64.76,0,2024-03-26,2026-03-30
USER_002734,COURSE_00182,人工智能,91.73,85.79,1,2024-01-16,2026-03-26
USER_003864,COURSE_00173,语言学习,70.88,73.88,0,2024-07-10,2026-03-25
USER_004722,COURSE_00023,数据科学,109.03,73.09,1,2024-06-26,2026-04-09
USER_004015,COURSE_00028,市场营销,55.75,90.15,1,2024-03-30,2026-03-25
USER_002902,COURSE_00111,编程开发,113.38,86.92,1,2024-06-21,2026-04-09
USER_001687,COURSE_00057,编程开发,175.68,70.78,1,2024-08-18,2026-03-19
USER_003010,COURSE_00026,商业管理,55.27,87.08,1,2024-09-23,2026-03-26
USER_000155,COURSE_00153,职业技能,15.8,80.49,1,2024-05-12,2026-04-08
USER_002538,COURSE_00054,人工智能,108.96,56.63,1,2024-09-09,2026-04-11
USER_001410,COURSE_00029,语言学习,6.09,79.43,1,2024-06-14,2026-03-31
USER_004058,COURSE_00097,产品设计,94.71,93.42,1,2024-09-05,2026-04-09
USER_000785,COURSE_00164,市场营销,36.28,70.87,1,2024-11-10,2026-03-25
USER_003176,COURSE_00014,人工智能,142.38,52.71,1,2024-03-17,2026-04-03
USER_004342,COURSE_00078,商业管理,115.9,84.63,1,2024-01-13,2026-03-22
USER_002807,COURSE_00035,编程开发,149.29,92.58,1,2024-02-14,2026-03-19
USER_000538,COURSE_00030,人工智能,149.36,51.93,0,2024-08-29,2026-04-03
USER_001842,COURSE_00092,市场营销,71.23,72.77,0,2024-07-07,2026-04-09
USER_002456,COURSE_00017,语言学习,47.34,86.93,1,2024-05-29,2026-03-27
USER_000525,COURSE_00195,职业技能,73.95,56.69,0,2024-05-30,2026-04-04
USER_002951,COURSE_00158,语言学习,59.41,80.88,1,2024-02-23,2026-04-16
USER_004132,COURSE_00093,数据科学,87.44,70.15,1,2024-12-25,2026-03-30
USER_004781,COURSE_00173,市场营销,26.52,98.4,1,2024-02-18,2026-04-09
USER_004116,COURSE_00079,商业管理,89.5,84.59,0,2024-01-08,2026-04-12
USER_002369,COURSE_00110,数据科学,145.08,74.27,0,2024-05-25,2026-04-14
USER_003848,COURSE_00179,数据科学,80.46,100.0,1,2024-03-21,2026-04-09
USER_004496,COURSE_00102,数据科学,176.61,100.0,1,2024-12-22,2026-04-08
USER_002702,COURSE_00106,人工智能,114.19,80.21,1,2024-09-15,2026-03-31
USER_000972,COURSE_00047,商业管理,84.03,82.77,0,2024-11-12,2026-04-16
USER_001167,COURSE_00181,编程开发,129.51,56.84,1,2024-11-10,2026-03-30
USER_004930,COURSE_00064,语言学习,52.94,100.0,1,2024-12-25,2026-04-05
USER_002775,COURSE_00166,职业技能,83.83,80.5,1,2024-05-08,2026-03-21
USER_001983,COURSE_00064,人工智能,130.27,71.57,1,2024-10-31,2026-04-13
USER_000854,COURSE_00087,编程开发,146.68,51.82,0,2024-08-02,2026-04-02
USER_004147,COURSE_00007,语言学习,56.13,84.1,1,2024-05-11,2026-04-02
USER_003737,COURSE_00022,职业技能,75.15,73.92,0,2024-02-07,2026-04-16
USER_003770,COURSE_00081,商业管理,41.77,85.67,1,2024-05-15,2026-03-30
USER_000575,COURSE_00169,职业技能,42.68,86.86,1,2024-08-07,2026-04-05
USER_003262,COURSE_00074,商业管理,65.14,70.86,0,2024-09-24,2026-03-28
USER_001149,COURSE_00138,市场营销,52.35,99.52,1,2024-09-30,2026-03-26
USER_001716,COURSE_00185,职业技能,31.94,,1,2024-08-15,2026-03-23
USER_004778,COURSE_00135,语言学习,56.76,84.63,1,2024-04-04,2026-04-04
USER_004934,COURSE_00125,语言学习,92.33,92.55,1,2024-05-10,2026-03-25
USER_003855,COURSE_00050,商业管理,104.96,50.86,1,2024-04-29,2026-04-09
USER_002492,COURSE_00052,语言学习,54.93,99.7,0,2024-02-06,2026-03-22
USER_002661,COURSE_00161,产品设计,100.25,60.53,1,2024-01-10,2026-03-18
USER_003125,COURSE_00001,市场营销,56.09,86.71,0,2024-07-11,2026-03-31
USER_003052,COURSE_00181,人工智能,130.43,66.19,1,2024-12-20,2026-03-22
USER_000005,COURSE_00188,职业技能,34.55,71.32,0,2024-10-15,2026-04-03
USER_004870,COURSE_00162,人工智能,193.41,67.41,1,2024-06-16,2026-04-16
USER_000877,COURSE_00004,编程开发,188.01,87.37,1,2024-07-08,2026-03-20
USER_000992,COURSE_00145,人工智能,161.5,66.41,1,2024-04-22,2026-03-23
USER_004143,COURSE_00132,数据科学,153.71,79.41,1,2024-02-06,2026-03-21
USER_004365,COURSE_00171,语言学习,51.15,74.86,0,2024-07-27,2026-03-18
USER_004466,COURSE_00004,人工智能,191.57,82.08,1,2024-09-04,2026-04-14
USER_000636,COURSE_00001,编程开发,166.61,69.28,1,2024-03-27,2026-04-10
USER_001694,COURSE_00071,编程开发,14.32,87.81,0,2024-07-10,2026-03-28
USER_001683,COURSE_00178,数据科学,113.03,51.68,1,2024-06-15,2026-03-20
USER_004753,COURSE_00189,编程开发,81.93,51.01,1,2024-04-04,2026-03-31
USER_000120,COURSE_00035,商业管理,56.06,93.1,1,2024-05-13,2026-04-01
USER_000831,COURSE_00008,产品设计,125.12,74.76,1,2024-06-17,2026-04-02
USER_003676,COURSE_00152,商业管理,44.78,83.29,1,2024-03-11,2026-03-20
USER_001370,COURSE_00036,语言学习,83.07,77.19,1,2024-08-07,2026-04-02
USER_000741,COURSE_00178,语言学习,111.36,100.0,1,2024-08-13,2026-03-28
USER_000117,COURSE_00123,语言学习,71.37,61.79,0,2024-11-04,2026-03-19
USER_002839,COURSE_00043,市场营销,43.0,60.04,0,2024-05-17,2026-04-08
USER_001151,COURSE_00027,人工智能,93.94,76.03,1,2024-03-18,2026-03-26
USER_001932,COURSE_00032,产品设计,100.23,91.16,1,2024-08-01,2026-03-22
USER_001013,COURSE_00078,人工智能,69.49,56.56,1,2024-01-02,2026-04-15
USER_001665,COURSE_00121,产品设计,79.77,95.33,0,2024-11-18,2026-04-10
USER_001082,COURSE_00146,人工智能,142.32,83.48,0,2024-08-15,2026-03-25
USER_004730,COURSE_00156,数据科学,124.77,64.06,0,2024-08-19,2026-04-06
USER_000513,COURSE_00157,职业技能,64.97,100.0,0,2024-06-20,2026-04-07
USER_002850,COURSE_00016,商业管理,,65.54,0,2024-09-16,2026-04-05
USER_000560,COURSE_00099,编程开发,223.08,77.62,1,2024-01-26,2026-03-23
USER_003673,COURSE_00047,编程开发,127.46,71.58,1,2024-05-08,2026-03-28
USER_004584,COURSE_00187,商业管理,99.87,39.22,0,2024-09-18,2026-03-22
USER_004993,COURSE_00031,数据科学,153.33,83.97,1,2024-02-24,2026-04-08
USER_003344,COURSE_00004,产品设计,122.88,82.95,0,2024-03-12,2026-04-02
USER_004071,COURSE_00165,商业管理,52.96,61.27,1,2024-12-16,2026-03-26
USER_004800,COURSE_00017,市场营销,85.86,59.17,1,2024-02-16,2026-03-27
USER_001471,COURSE_00039,产品设计,92.76,100.0,0,2024-07-29,2026-04-10
USER_000581,COURSE_00048,编程开发,49.59,84.76,1,2024-01-30,2026-03-22
USER_002295,COURSE_00174,市场营销,67.82,93.61,1,2024-02-21,2026-04-03
USER_003148,COURSE_00176,人工智能,107.86,100.0,0,2024-11-23,2026-04-02
USER_004250,COURSE_00039,市场营销,77.55,79.19,0,2024-10-24,2026-03-31
USER_001680,COURSE_00132,产品设计,58.55,93.02,0,2024-04-20,2026-04-09
USER_003507,COURSE_00030,数据科学,105.37,72.76,0,2024-06-03,2026-04-08
USER_002745,COURSE_00158,人工智能,78.93,68.13,1,2024-05-28,2026-04-14
USER_003357,COURSE_00022,产品设计,83.52,85.01,1,2024-08-04,2026-04-14
USER_004046,COURSE_00066,人工智能,86.06,50.82,0,2024-03-27,2026-04-09
USER_001244,COURSE_00108,市场营销,71.47,100.0,1,2024-05-17,2026-03-25
USER_003119,COURSE_00012,编程开发,108.65,48.59,1,2024-01-16,2026-03-30
USER_002142,COURSE_00036,产品设计,78.06,76.91,1,2024-07-16,2026-04-16
USER_003060,COURSE_00018,职业技能,85.98,96.3,0,2024-02-01,2026-04-09
USER_004549,COURSE_00090,数据科学,109.68,94.12,1,2024-08-03,2026-04-07
USER_002960,COURSE_00181,职业技能,53.08,73.75,1,2024-09-08,2026-03-30
USER_002266,COURSE_00199,职业技能,47.56,100.0,1,2024-03-19,2026-04-01
USER_002480,COURSE_00001,商业管理,106.12,81.95,0,2024-08-20,2026-04-02
USER_004647,COURSE_00127,市场营销,78.06,51.42,0,2024-11-09,2026-04-08
USER_001636,COURSE_00186,产品设计,122.8,63.7,0,2024-05-10,2026-03-19
USER_001758,COURSE_00090,数据科学,61.91,48.22,1,2024-07-05,2026-03-31
USER_004453,COURSE_00087,产品设计,34.12,96.2,1,2024-12-16,2026-04-08
USER_002071,COURSE_00090,市场营销,38.8,99.52,0,2024-12-23,2026-03-22
USER_002850,COURSE_00134,产品设计,78.91,83.53,1,2024-11-08,2026-04-12
USER_003252,COURSE_00070,人工智能,178.74,80.73,0,2024-05-16,2026-03-25
USER_003731,COURSE_00044,市场营销,48.99,54.46,0,2024-10-09,2026-03-18
USER_002490,COURSE_00200,产品设计,44.23,100.0,0,2024-11-25,2026-03-25
USER_001632,COURSE_00152,商业管理,101.5,65.13,0,2024-11-07,2026-03-25
USER_002817,COURSE_00086,编程开发,88.82,65.59,1,2024-06-04,2026-04-03
USER_001016,COURSE_00019,产品设计,28.57,96.16,1,2024-02-24,2026-04-15
USER_001349,COURSE_00101,人工智能,77.36,87.64,1,2024-10-08,2026-03-22
USER_004612,COURSE_00146,数据科学,119.19,91.85,1,2024-09-30,2026-03-27
USER_003088,COURSE_00095,商业管理,51.55,74.4,0,2024-04-15,2026-04-16
USER_002840,COURSE_00101,数据科学,132.37,66.25,1,2024-06-29,2026-03-27
USER_000336,COURSE_00030,职业技能,5.0,65.53,0,2024-04-25,2026-03-19
USER_004593,COURSE_00170,商业管理,136.31,76.44,1,2024-12-04,2026-03-28
USER_000896,COURSE_00033,数据科学,103.02,80.96,1,2024-02-19,2026-04-10
USER_003547,COURSE_00012,编程开发,101.49,70.39,1,2024-10-27,2026-04-13
USER_000852,COURSE_00118,人工智能,139.63,97.54,0,2024-12-01,2026-03-30
USER_001688,COURSE_00094,职业技能,44.6,81.28,0,2024-12-30,2026-03-25
USER_001932,COURSE_00155,市场营销,64.06,70.53,1,2024-12-24,2026-03-23
USER_003747,COURSE_00167,数据科学,66.26,86.12,1,2024-12-02,2026-04-06
USER_002428,COURSE_00137,商业管理,67.21,69.35,0,2024-05-17,2026-03-18
USER_001569,COURSE_00149,人工智能,125.2,59.05,0,2024-12-29,2026-03-25
USER_004001,COURSE_00076,产品设计,106.03,53.47,0,2024-04-01,2026-04-05
USER_002739,COURSE_00029,编程开发,153.21,80.59,0,2024-06-24,2026-03-18
USER_003499,COURSE_00161,人工智能,163.95,82.33,1,2024-01-14,2026-03-29
USER_003914,COURSE_00190,人工智能,114.98,54.94,0,2024-01-11,2026-04-07
USER_001067,COURSE_00117,市场营销,42.11,99.36,1,2024-06-22,2026-03-24
USER_004381,COURSE_00015,人工智能,127.16,88.63,1,2024-12-12,2026-03-19
USER_002445,COURSE_00002,市场营销,84.82,100.0,0,2024-10-05,2026-04-10
USER_004108,COURSE_00180,编程开发,104.12,98.17,1,2024-07-01,2026-04-15
USER_003374,COURSE_00117,编程开发,93.64,57.51,0,2024-04-09,2026-03-19
USER_003970,COURSE_00172,产品设计,96.76,89.1,1,2024-03-27,2026-03-25
USER_002547,COURSE_00182,市场营销,45.64,98.08,1,2024-08-25,2026-04-10
USER_000754,COURSE_00018,市场营销,54.17,89.39,0,2024-04-15,2026-03-30
USER_002083,COURSE_00003,数据科学,122.62,87.42,1,2024-01-07,2026-04-12
USER_002775,COURSE_00135,数据科学,112.07,77.04,1,2024-09-20,2026-04-07
USER_002897,COURSE_00171,产品设计,117.87,83.37,1,2024-06-24,2026-04-09
USER_004186,COURSE_00166,编程开发,107.01,76.31,0,2024-04-30,2026-04-09
USER_000776,COURSE_00165,语言学习,75.23,80.02,0,2024-06-28,2026-04-02
USER_001626,COURSE_00186,数据科学,102.87,95.11,1,2024-03-10,2026-03-18
USER_003070,COURSE_00161,人工智能,131.82,77.79,1,2024-02-01,2026-04-04
USER_000418,COURSE_00108,编程开发,127.11,75.46,1,2024-08-03,2026-03-25
USER_000115,COURSE_00187,语言学习,83.5,100.0,0,2024-05-23,2026-04-14
USER_000617,COURSE_00095,职业技能,5.0,55.31,1,2024-10-05,2026-04-05
USER_003975,COURSE_00122,人工智能,92.79,68.65,1,2024-06-17,2026-04-05
USER_003268,COURSE_00011,商业管理,89.64,76.92,1,2024-01-09,2026-03-25
USER_000826,COURSE_00068,市场营销,110.11,72.93,1,2024-03-28,2026-04-02
USER_001517,COURSE_00123,编程开发,91.44,73.63,0,2024-05-28,2026-03-20
USER_003147,COURSE_00196,商业管理,48.77,38.01,0,2024-09-19,2026-03-22
USER_000413,COURSE_00113,产品设计,122.18,98.93,1,2024-05-04,2026-04-05
USER_000729,COURSE_00098,市场营销,72.63,83.38,0,2024-11-03,2026-03-26
USER_003349,COURSE_00093,市场营销,52.2,81.8,1,2024-05-28,2026-04-06
USER_002809,COURSE_00022,人工智能,145.48,67.87,0,2024-03-27,2026-03-27
USER_000676,COURSE_00194,商业管理,111.46,74.1,1,2024-06-23,2026-04-09
USER_003466,COURSE_00172,市场营销,72.16,100.0,0,2024-06-08,2026-03-24
USER_002505,COURSE_00127,数据科学,96.21,100.0,1,2024-11-20,2026-04-13
USER_002968,COURSE_00134,编程开发,195.22,77.47,0,2024-10-08,2026-03-26
USER_002787,COURSE_00170,数据科学,86.38,66.02,1,2024-05-05,2026-03-28
USER_001123,COURSE_00025,人工智能,75.88,68.42,1,2024-01-14,2026-04-05
USER_004080,COURSE_00185,语言学习,48.65,98.75,1,2024-12-17,2026-04-15
USER_001572,COURSE_00085,职业技能,66.44,69.27,0,2024-07-31,2026-03-24
USER_002144,COURSE_00055,人工智能,30.27,95.11,1,2024-02-22,2026-04-07
USER_001688,COURSE_00144,编程开发,151.81,58.1,0,2024-01-25,2026-04-13
USER_004133,COURSE_00095,市场营销,54.06,100.0,1,2024-11-20,2026-03-28
USER_003852,COURSE_00142,商业管理,37.25,76.23,1,2024-03-12,2026-03-28
USER_003441,COURSE_00167,商业管理,32.8,100.0,1,2024-09-15,2026-04-12
USER_003767,COURSE_00156,产品设计,81.17,79.19,1,2024-05-04,2026-04-02
USER_002327,COURSE_00179,人工智能,104.73,86.1,0,2024-06-04,2026-03-26
USER_002915,COURSE_00119,编程开发,132.79,85.45,1,2024-12-11,2026-04-14
USER_004969,COURSE_00177,产品设计,91.75,93.73,0,2024-03-17,2026-04-06
USER_003953,COURSE_00009,市场营销,70.93,80.18,1,2024-09-12,2026-03-25
USER_000596,COURSE_00186,语言学习,51.11,90.52,1,2024-02-09,2026-03-30
USER_000729,COURSE_00173,人工智能,160.89,83.79,1,2024-05-13,2026-04-14
USER_001366,COURSE_00150,语言学习,97.14,70.98,1,2024-06-09,2026-03-18
USER_004493,COURSE_00160,编程开发,158.13,64.64,0,2024-08-02,2026-04-15
USER_000699,COURSE_00197,语言学习,73.46,67.82,1,2024-07-24,2026-04-14
USER_000396,COURSE_00197,语言学习,96.93,95.61,0,2024-09-15,2026-03-23
USER_004172,COURSE_00042,编程开发,104.98,71.15,1,2024-11-18,2026-04-10
USER_004361,COURSE_00053,编程开发,131.56,82.63,1,2024-11-26,2026-03-20
USER_002503,COURSE_00187,人工智能,78.93,72.42,1,2024-01-26,2026-03-26
USER_001820,COURSE_00074,语言学习,69.17,100.0,1,2024-02-20,2026-03-31
USER_000718,COURSE_00039,产品设计,34.67,68.24,0,2024-12-03,2026-04-04
USER_002783,COURSE_00122,职业技能,32.27,80.97,0,2024-08-14,2026-03-25
USER_004947,COURSE_00015,编程开发,111.79,78.72,1,2024-11-24,2026-04-04
USER_003578,COURSE_00199,市场营销,71.27,100.0,1,2024-04-28,2026-03-18
USER_000144,COURSE_00157,语言学习,81.73,63.41,1,2024-02-22,2026-04-03
USER_004981,COURSE_00123,编程开发,,95.06,1,2024-08-21,2026-03-25
USER_003141,COURSE_00111,产品设计,108.67,86.2,1,2024-07-20,2026-03-31
USER_004492,COURSE_00131,商业管理,114.28,98.48,1,2024-07-06,2026-03-30
USER_002939,COURSE_00083,人工智能,152.81,67.98,0,2024-05-08,2026-03-29
USER_003637,COURSE_00010,语言学习,27.76,80.48,1,2024-06-23,2026-04-13
USER_003223,COURSE_00092,商业管理,113.49,71.47,0,2024-10-27,2026-04-07
USER_001168,COURSE_00029,编程开发,176.34,73.11,0,2024-05-02,2026-03-28
USER_002617,COURSE_00035,编程开发,94.9,44.2,0,2024-04-12,2026-03-24
USER_001063,COURSE_00006,市场营销,21.32,86.52,1,2024-03-23,2026-03-27
USER_002157,COURSE_00140,市场营销,75.2,75.96,0,2024-07-03,2026-04-07
USER_002983,COURSE_00111,语言学习,71.18,80.26,0,2024-05-02,2026-03-18
USER_003295,COURSE_00038,商业管理,65.2,83.59,1,2024-05-19,2026-03-30
USER_004730,COURSE_00077,职业技能,42.82,94.73,1,2024-12-10,2026-03-22
USER_001157,COURSE_00093,商业管理,116.54,96.51,1,2024-05-14,2026-04-10
USER_000733,COURSE_00147,编程开发,93.36,58.83,1,2024-02-16,2026-03-30
USER_004331,COURSE_00067,职业技能,67.21,100.0,1,2024-05-10,2026-04-03
USER_004847,COURSE_00136,语言学习,42.69,67.12,0,2024-07-26,2026-03-26
USER_000954,COURSE_00008,编程开发,133.4,98.82,1,2024-02-07,2026-04-10
USER_002540,COURSE_00122,市场营销,55.96,85.95,1,2024-02-24,2026-04-16
USER_003325,COURSE_00084,产品设计,80.69,71.74,0,2024-04-24,2026-03-27
USER_003302,COURSE_00175,数据科学,90.98,72.8,0,2024-01-29,2026-03-25
USER_001543,COURSE_00132,职业技能,65.44,100.0,1,2024-11-22,2026-03-23
USER_001192,COURSE_00179,数据科学,52.32,86.94,1,2024-06-13,2026-04-12
USER_002994,COURSE_00085,编程开发,160.62,57.42,1,2024-08-24,2026-03-19
USER_002682,COURSE_00195,商业管理,112.03,93.94,1,2024-01-03,2026-03-29
USER_001218,COURSE_00045,市场营销,48.75,41.46,0,2024-01-01,2026-03-18
USER_001541,COURSE_00136,人工智能,98.06,71.67,1,2024-12-03,2026-04-16
USER_003237,COURSE_00087,人工智能,179.87,73.84,1,2024-11-11,2026-03-31
USER_002387,COURSE_00016,数据科学,146.26,68.17,1,2024-04-24,2026-04-13
USER_003720,COURSE_00077,产品设计,75.59,77.04,1,2024-11-19,2026-04-03
USER_001389,COURSE_00195,数据科学,142.85,100.0,1,2024-10-18,2026-04-07
USER_001857,COURSE_00009,编程开发,86.98,80.88,0,2024-11-07,2026-04-11
USER_001366,COURSE_00060,产品设计,96.09,69.1,1,2024-11-08,2026-04-14
USER_000500,COURSE_00078,人工智能,147.75,85.5,1,2024-08-11,2026-04-16
USER_001681,COURSE_00077,商业管理,40.18,92.87,1,2024-08-02,2026-03-25
USER_000511,COURSE_00071,市场营销,96.29,77.65,1,2024-04-02,2026-04-05
USER_004313,COURSE_00015,职业技能,74.79,100.0,1,2024-01-26,2026-03-22
USER_001325,COURSE_00071,市场营销,62.21,86.62,1,2024-08-02,2026-04-01
USER_001156,COURSE_00102,编程开发,131.36,74.89,1,2024-06-15,2026-04-05
USER_001828,COURSE_00169,数据科学,150.4,86.45,1,2024-09-02,2026-04-03
USER_003142,COURSE_00022,编程开发,118.7,71.72,1,2024-04-26,2026-04-07
USER_003487,COURSE_00152,职业技能,59.09,100.0,1,2024-11-27,2026-03-24
USER_001811,COURSE_00113,市场营销,43.86,69.87,1,2024-12-19,2026-03-21
USER_002924,COURSE_00172,职业技能,74.68,85.1,1,2024-11-04,2026-03-22
USER_002215,COURSE_00001,人工智能,182.32,89.89,1,2024-01-30,2026-03-18
USER_004187,COURSE_00010,市场营销,33.83,95.17,1,2024-07-07,2026-04-07
USER_000714,COURSE_00110,产品设计,,79.01,1,2024-11-23,2026-03-25
USER_003603,COURSE_00200,商业管理,107.85,70.8,0,2024-05-07,2026-03-25
USER_004135,COURSE_00184,职业技能,62.58,85.36,0,2024-12-18,2026-04-10
USER_003523,COURSE_00113,商业管理,117.21,87.75,1,2024-08-13,2026-04-10
USER_004269,COURSE_00050,语言学习,84.38,78.66,0,2024-09-11,2026-03-21
USER_004749,COURSE_00012,市场营销,64.84,76.63,1,2024-12-22,2026-04-08
USER_004850,COURSE_00089,市场营销,56.45,88.17,1,2024-12-19,2026-04-10
USER_001244,COURSE_00188,商业管理,15.42,78.85,1,2024-05-17,2026-04-08
USER_003710,COURSE_00154,语言学习,97.46,83.2,1,2024-05-06,2026-04-08
USER_001082,COURSE_00112,产品设计,57.73,85.05,0,2024-04-14,2026-04-08
USER_000456,COURSE_00078,数据科学,150.94,67.56,1,2024-12-06,2026-04-13
USER_004925,COURSE_00169,职业技能,72.01,81.23,0,2024-07-08,2026-03-28
USER_000895,COURSE_00164,职业技能,65.77,100.0,0,2024-02-08,2026-04-15
USER_001385,COURSE_00121,市场营销,60.7,,1,2024-08-03,2026-03-24
USER_001959,COURSE_00023,商业管理,109.62,68.71,1,2024-05-27,2026-04-01
USER_003073,COURSE_00171,编程开发,154.6,58.02,0,2024-03-14,2026-04-05
USER_001997,COURSE_00134,市场营销,52.45,70.75,0,2024-12-25,2026-03-31
USER_004286,COURSE_00197,编程开发,199.05,100.0,1,2024-11-10,2026-03-30
USER_000505,COURSE_00171,产品设计,49.26,82.66,1,2024-02-11,2026-04-12
USER_001215,COURSE_00025,市场营销,41.56,90.41,1,2024-12-04,2026-04-02
USER_001532,COURSE_00018,职业技能,42.55,62.63,1,2024-11-02,2026-04-01
USER_003441,COURSE_00190,商业管理,95.41,65.66,0,2024-05-04,2026-03-19
USER_000824,COURSE_00141,产品设计,88.45,85.63,1,2024-08-08,2026-03-21
USER_000929,COURSE_00043,产品设计,40.46,100.0,1,2024-08-02,2026-03-22
USER_000134,COURSE_00078,数据科学,135.57,88.8,1,2024-01-21,2026-03-28
USER_002106,COURSE_00028,市场营销,53.07,84.35,1,2024-08-19,2026-04-09
USER_003628,COURSE_00146,编程开发,97.47,64.47,0,2024-10-05,2026-04-04
USER_004781,COURSE_00059,编程开发,102.17,70.27,1,2024-09-13,2026-04-02
USER_001853,COURSE_00188,市场营销,78.26,150.0,0,2024-04-17,2026-03-19
USER_004911,COURSE_00063,语言学习,67.25,100.0,1,2024-04-06,2026-04-02
USER_004176,COURSE_00185,数据科学,145.05,80.82,0,2024-03-31,2026-04-12
USER_002934,COURSE_00092,数据科学,142.39,92.4,0,2024-07-16,2026-03-22
USER_003285,COURSE_00179,数据科学,101.79,69.69,1,2024-07-30,2026-03-25
USER_004299,COURSE_00056,编程开发,160.99,92.53,1,2024-09-30,2026-04-08
USER_002812,COURSE_00155,产品设计,56.79,100.0,1,2024-05-22,2026-03-26
USER_001251,COURSE_00160,商业管理,77.07,76.42,0,2024-01-22,2026-03-30
USER_003513,COURSE_00111,语言学习,39.3,95.28,1,2024-08-14,2026-03-22
USER_001257,COURSE_00137,职业技能,77.17,75.37,0,2024-07-30,2026-03-18
USER_003377,COURSE_00068,数据科学,85.69,69.23,1,2024-11-01,2026-03-23
USER_003487,COURSE_00046,编程开发,142.23,100.0,1,2024-07-22,2026-04-01
USER_003585,COURSE_00067,编程开发,169.38,90.11,0,2024-12-15,2026-04-02
USER_001397,COURSE_00154,职业技能,18.88,81.86,1,2024-10-06,2026-03-29
USER_003638,COURSE_00136,产品设计,133.75,81.22,1,2024-12-01,2026-03-30
USER_003331,COURSE_00006,职业技能,68.16,98.67,0,2024-11-12,2026-04-02
USER_002704,COURSE_00024,市场营销,83.81,83.72,1,2024-06-20,2026-03-25
USER_000471,COURSE_00176,市场营销,47.17,77.23,0,2024-11-25,2026-03-21
USER_001354,COURSE_00094,商业管理,64.58,73.24,1,2024-09-01,2026-04-09
USER_002784,COURSE_00173,职业技能,36.07,97.97,1,2024-07-01,2026-03-21
USER_002832,COURSE_00013,商业管理,108.82,78.44,1,2024-12-15,2026-03-22
USER_000358,COURSE_00197,数据科学,128.95,62.31,0,2024-08-10,2026-03-28
USER_003020,COURSE_00025,商业管理,73.29,100.0,1,2024-07-07,2026-03-28
USER_000668,COURSE_00148,数据科学,145.46,100.0,1,2024-01-11,2026-03-21
USER_004469,COURSE_00118,语言学习,95.08,91.5,1,2024-11-16,2026-04-14
USER_001146,COURSE_00082,商业管理,109.6,96.7,0,2024-06-30,2026-04-12
USER_004186,COURSE_00111,产品设计,108.0,100.0,1,2024-03-12,2026-03-29
USER_003720,COURSE_00082,数据科学,69.99,75.21,1,2024-09-25,2026-03-21
USER_002746,COURSE_00066,产品设计,63.78,82.33,1,2024-08-27,2026-04-08
USER_000540,COURSE_00045,编程开发,162.96,69.41,0,2024-08-30,2026-04-12
USER_002780,COURSE_00114,数据科学,146.28,64.16,0,2024-06-19,2026-03-19
USER_004965,COURSE_00175,编程开发,132.48,87.87,1,2024-06-02,2026-03-30
USER_004137,COURSE_00063,人工智能,97.3,100.0,1,2024-11-11,2026-04-16
USER_004836,COURSE_00076,产品设计,84.21,53.27,1,2024-12-21,2026-04-13
USER_003776,COURSE_00114,人工智能,112.08,94.51,1,2024-04-06,2026-03-28
USER_002509,COURSE_00111,数据科学,84.41,60.59,0,2024-09-02,2026-04-16
USER_002780,COURSE_00183,编程开发,175.08,86.44,0,2024-05-27,2026-03-24
USER_000925,COURSE_00147,数据科学,94.7,60.12,1,2024-03-13,2026-03-26
USER_002957,COURSE_00035,人工智能,125.9,87.21,0,2024-03-12,2026-04-07
USER_001582,COURSE_00053,职业技能,104.39,89.62,1,2024-08-10,2026-03-23
USER_003325,COURSE_00026,职业技能,50.98,100.0,0,2024-02-11,2026-04-15
USER_004486,COURSE_00014,数据科学,90.37,67.61,1,2024-03-17,2026-03-27
USER_000256,COURSE_00118,语言学习,48.86,77.44,0,2024-06-08,2026-04-05
USER_004805,COURSE_00045,市场营销,45.8,72.3,1,2024-12-16,2026-03-30
USER_001839,COURSE_00172,人工智能,150.93,61.91,1,2024-09-22,2026-04-02
USER_001945,COURSE_00193,数据科学,93.34,87.57,1,2024-05-04,2026-04-06
USER_000010,COURSE_00051,编程开发,40.07,,0,2024-01-29,2026-04-07
USER_002872,COURSE_00171,数据科学,59.56,73.7,0,2024-09-11,2026-04-11
USER_000798,COURSE_00119,职业技能,84.56,80.13,0,2024-02-04,2026-04-11
USER_004973,COURSE_00151,编程开发,100.62,66.27,1,2024-03-11,2026-04-02
USER_001016,COURSE_00184,市场营销,62.7,62.94,0,2024-02-01,2026-03-21
USER_001825,COURSE_00019,数据科学,140.96,60.93,1,2024-04-24,2026-03-26
USER_004470,COURSE_00082,商业管理,93.33,100.0,0,2024-02-03,2026-04-13
USER_003137,COURSE_00076,职业技能,33.67,90.21,0,2024-02-27,2026-03-20
USER_002194,COURSE_00183,商业管理,88.9,63.05,1,2024-05-15,2026-04-16
USER_000224,COURSE_00092,市场营销,42.48,91.49,0,2024-02-19,2026-04-14
USER_004949,COURSE_00188,人工智能,111.82,96.2,1,2024-03-10,2026-04-02
USER_004159,COURSE_00187,编程开发,139.25,60.18,1,2024-12-27,2026-03-26
USER_003926,COURSE_00033,商业管理,116.02,94.97,1,2024-01-25,2026-03-19
USER_004785,COURSE_00147,语言学习,66.89,93.49,0,2024-07-13,2026-03-22
USER_004001,COURSE_00028,人工智能,130.47,93.51,1,2024-07-21,2026-03-24
USER_001634,COURSE_00123,编程开发,163.81,52.9,1,2024-10-01,2026-04-15
USER_002153,COURSE_00180,职业技能,20.89,82.19,0,2024-07-15,2026-04-06
USER_000511,COURSE_00126,职业技能,98.11,90.51,1,2024-02-11,2026-03-18
USER_000385,COURSE_00177,职业技能,65.39,79.71,1,2024-11-30,2026-03-23
USER_000405,COURSE_00037,市场营销,54.87,81.58,1,2024-08-15,2026-03-31
USER_004614,COURSE_00154,商业管理,126.12,98.18,1,2024-08-13,2026-04-09
USER_004572,COURSE_00099,职业技能,93.98,72.9,1,2024-03-09,2026-03-27
USER_002001,COURSE_00098,产品设计,39.77,72.51,0,2024-02-21,2026-04-16
USER_002757,COURSE_00127,职业技能,38.11,77.6,0,2024-09-29,2026-03-21
USER_001669,COURSE_00168,数据科学,166.87,81.2,1,2024-09-02,2026-04-07
USER_001461,COURSE_00080,市场营销,61.2,86.17,1,2024-08-05,2026-03-26
USER_003637,COURSE_00038,编程开发,131.13,50.61,0,2024-02-20,2026-04-03
USER_002725,COURSE_00077,编程开发,191.24,65.23,1,2024-12-30,2026-03-31
USER_004810,COURSE_00126,编程开发,133.53,57.98,1,2024-05-08,2026-04-04
USER_004179,COURSE_00087,编程开发,201.47,71.67,1,2024-12-10,2026-04-16
USER_002049,COURSE_00054,数据科学,125.93,69.99,1,2024-07-02,2026-03-26
USER_004147,COURSE_00150,人工智能,98.7,84.87,1,2024-02-23,2026-03-21
USER_004781,COURSE_00016,语言学习,20.29,95.83,1,2024-01-31,2026-04-13
USER_000717,COURSE_00028,产品设计,93.74,77.45,0,2024-02-18,2026-04-11
USER_004545,COURSE_00163,数据科学,72.9,75.63,1,2024-05-24,2026-04-03
USER_004977,COURSE_00188,编程开发,145.86,77.49,1,2024-07-04,2026-03-26
USER_004584,COURSE_00173,数据科学,117.51,71.43,1,2024-05-30,2026-04-05
USER_001824,COURSE_00046,市场营销,49.2,68.31,1,2024-02-13,2026-03-28
USER_002082,COURSE_00072,语言学习,75.65,88.51,1,2024-06-27,2026-03-19
USER_003420,COURSE_00183,编程开发,147.7,68.27,1,2024-03-13,2026-04-13
USER_001575,COURSE_00085,产品设计,84.99,62.55,1,2024-11-04,2026-03-30
USER_000250,COURSE_00026,编程开发,93.07,100.0,0,2024-01-07,2026-03-20
USER_000674,COURSE_00085,语言学习,51.2,72.17,1,2024-12-23,2026-04-02
USER_004534,COURSE_00153,产品设计,70.48,74.68,0,2024-05-25,2026-03-26
USER_002166,COURSE_00065,语言学习,48.18,90.53,0,2024-05-15,2026-03-27
USER_000771,COURSE_00134,产品设计,97.08,100.0,0,2024-01-27,2026-04-08
USER_003963,COURSE_00151,人工智能,69.85,78.25,0,2024-10-25,2026-03-27
USER_004364,COURSE_00115,商业管理,135.27,96.78,1,2024-12-01,2026-04-13
USER_001985,COURSE_00064,人工智能,164.56,75.07,0,2024-07-19,2026-04-15
USER_001078,COURSE_00087,数据科学,113.77,70.68,1,2024-03-28,2026-03-18
USER_000236,COURSE_00171,数据科学,145.73,92.11,1,2024-11-06,2026-03-20
USER_000389,COURSE_00107,职业技能,58.67,88.05,1,2024-06-26,2026-04-16
USER_003038,COURSE_00151,产品设计,133.64,100.0,0,2024-11-15,2026-04-09
USER_004859,COURSE_00096,职业技能,63.28,99.54,0,2024-05-17,2026-04-01
USER_001849,COURSE_00158,职业技能,5.0,84.94,0,2024-02-07,2026-04-11
USER_004720,COURSE_00077,编程开发,163.71,75.29,1,2024-11-29,2026-03-27
USER_002815,COURSE_00146,商业管理,86.72,90.08,1,2024-05-26,2026-03-24
USER_003375,COURSE_00087,市场营销,116.86,90.03,0,2024-03-29,2026-04-03
USER_003279,COURSE_00149,市场营销,63.54,100.0,1,2024-11-15,2026-03-20
USER_001253,COURSE_00057,编程开发,138.4,100.0,1,2024-08-07,2026-03-23
USER_003982,COURSE_00103,编程开发,87.31,88.36,1,2024-11-04,2026-04-15
USER_004674,COURSE_00151,人工智能,133.64,71.22,1,2024-08-15,2026-04-11
USER_002123,COURSE_00091,市场营销,68.71,100.0,1,2024-09-07,2026-04-10
USER_004531,COURSE_00045,产品设计,80.91,91.34,0,2024-04-21,2026-03-27
USER_002151,COURSE_00172,语言学习,49.47,62.54,0,2024-04-20,2026-03-31
USER_004860,COURSE_00088,职业技能,79.98,85.09,0,2024-08-07,2026-03-27
USER_001330,COURSE_00115,数据科学,141.12,63.47,1,2024-01-20,2026-03-25
USER_001359,COURSE_00047,职业技能,77.15,81.07,0,2024-11-08,2026-04-02
USER_002483,COURSE_00168,职业技能,86.0,74.39,1,2024-09-02,2026-03-18
USER_004543,COURSE_00179,语言学习,127.05,75.09,1,2024-03-07,2026-03-28
USER_002018,COURSE_00170,人工智能,99.45,82.86,1,2024-10-04,2026-04-01
USER_001332,COURSE_00135,市场营销,70.71,100.0,0,2024-05-22,2026-03-27
USER_004345,COURSE_00050,职业技能,53.07,100.0,1,2024-02-10,2026-03-23
USER_004262,COURSE_00176,商业管理,61.88,67.58,1,2024-01-31,2026-04-07
USER_001359,COURSE_00084,编程开发,135.57,99.01,1,2024-05-18,2026-03-26
USER_004638,COURSE_00091,商业管理,42.36,73.44,0,2024-12-08,2026-04-16
USER_004855,COURSE_00134,商业管理,55.65,92.88,1,2024-08-18,2026-03-31
USER_003178,COURSE_00091,市场营销,31.03,72.18,0,2024-11-03,2026-03-30
USER_002129,COURSE_00137,产品设计,122.59,86.69,1,2024-09-21,2026-03-18
USER_002181,COURSE_00109,人工智能,109.73,92.67,1,2024-09-27,2026-03-23
USER_004893,COURSE_00057,职业技能,68.62,85.65,1,2024-01-26,2026-03-19
USER_000138,COURSE_00031,职业技能,46.64,86.39,1,2024-02-29,2026-04-10
USER_003473,COURSE_00021,职业技能,71.6,62.17,1,2024-10-08,2026-04-04
USER_002833,COURSE_00090,编程开发,168.91,49.97,1,2024-06-19,2026-03-20
USER_003580,COURSE_00040,语言学习,16.12,85.76,1,2024-08-28,2026-03-24
USER_003032,COURSE_00112,产品设计,117.59,63.56,1,2024-05-14,2026-04-05
USER_004165,COURSE_00045,语言学习,69.16,80.24,0,2024-11-29,2026-04-01
USER_002594,COURSE_00077,数据科学,101.08,91.2,1,2024-11-05,2026-04-11
USER_004301,COURSE_00177,人工智能,69.63,68.94,1,2024-07-23,2026-03-21
USER_003819,COURSE_00087,产品设计,85.34,73.91,1,2024-03-08,2026-03-30
USER_004139,COURSE_00148,产品设计,61.23,70.45,0,2024-02-01,2026-03-19
USER_003824,COURSE_00101,职业技能,27.23,100.0,0,2024-07-17,2026-04-04
USER_004043,COURSE_00117,语言学习,47.25,75.98,1,2024-05-10,2026-04-03
USER_001907,COURSE_00092,编程开发,199.26,51.91,1,2024-07-19,2026-04-03
USER_000761,COURSE_00145,数据科学,142.77,75.79,1,2024-11-14,2026-04-10
USER_003446,COURSE_00028,职业技能,36.38,86.86,1,2024-05-25,2026-04-02
USER_000900,COURSE_00169,职业技能,103.95,93.41,1,2024-09-10,2026-03-22
USER_004456,COURSE_00194,职业技能,49.66,85.97,1,2024-08-12,2026-03-26
USER_002948,COURSE_00025,语言学习,32.02,100.0,0,2024-04-16,2026-04-04
USER_001720,COURSE_00058,产品设计,36.74,42.45,1,2024-06-03,2026-04-02
USER_000281,COURSE_00041,人工智能,152.85,100.0,1,2024-03-27,2026-04-01
USER_003267,COURSE_00134,产品设计,66.28,93.1,1,2024-12-22,2026-03-31
USER_001888,COURSE_00075,市场营销,28.91,74.22,1,2024-08-21,2026-04-11
USER_003267,COURSE_00038,人工智能,124.74,58.02,1,2024-01-07,2026-03-29
USER_000667,COURSE_00134,职业技能,52.64,75.22,1,2024-07-04,2026-04-15
USER_004189,COURSE_00173,人工智能,192.46,83.69,1,2024-07-21,2026-04-04
USER_000672,COURSE_00075,产品设计,122.69,74.61,1,2024-11-05,2026-04-12
USER_001970,COURSE_00142,编程开发,155.31,100.0,0,2024-07-24,2026-04-11
USER_004157,COURSE_00066,职业技能,83.1,56.67,0,2024-08-24,2026-03-19
USER_003123,COURSE_00168,人工智能,99.23,72.05,1,2024-08-07,2026-04-11
USER_004700,COURSE_00003,市场营销,59.07,88.92,1,2024-10-20,2026-04-02
USER_004778,COURSE_00117,语言学习,102.42,100.0,0,2024-08-31,2026-04-02
USER_003901,COURSE_00099,编程开发,33.55,76.71,1,2024-04-22,2026-03-28
USER_000524,COURSE_00152,编程开发,170.9,78.26,1,2024-12-24,2026-03-29
USER_002394,COURSE_00019,编程开发,162.25,80.96,1,2024-09-25,2026-03-28
USER_003118,COURSE_00146,人工智能,81.82,82.6,1,2024-09-24,2026-04-07
USER_002594,COURSE_00192,编程开发,118.39,67.47,1,2024-01-06,2026-04-15
USER_001969,COURSE_00116,产品设计,113.47,95.64,1,2024-01-10,2026-04-07
USER_001754,COURSE_00125,编程开发,60.32,63.74,1,2024-02-11,2026-04-05
USER_002297,COURSE_00088,市场营销,81.05,78.19,1,2024-10-24,2026-04-15
USER_002262,COURSE_00035,职业技能,38.3,95.08,1,2024-12-09,2026-03-31
USER_002287,COURSE_00190,职业技能,41.46,63.11,0,2024-06-25,2026-04-08
USER_004203,COURSE_00001,数据科学,109.18,75.24,1,2024-03-06,2026-04-09
USER_002879,COURSE_00153,市场营销,41.02,56.27,0,2024-09-28,2026-03-31
USER_004144,COURSE_00173,人工智能,122.39,48.39,1,2024-08-02,2026-04-06
USER_003645,COURSE_00177,编程开发,81.9,64.77,1,2024-08-07,2026-03-25
USER_004433,COURSE_00126,编程开发,108.2,73.54,1,2024-09-20,2026-04-03
USER_002056,COURSE_00089,产品设计,125.43,61.62,0,2024-01-31,2026-04-11
USER_004721,COURSE_00144,语言学习,55.57,87.9,1,2024-10-29,2026-03-24
USER_001277,COURSE_00147,编程开发,164.75,71.1,0,2024-11-01,2026-04-13
USER_002767,COURSE_00151,商业管理,75.67,64.15,1,2024-07-30,2026-04-12
USER_000303,COURSE_00025,市场营销,75.17,93.74,0,2024-10-06,2026-04-02
USER_000639,COURSE_00016,人工智能,80.57,63.39,1,2024-08-19,2026-04-14
USER_000056,COURSE_00182,职业技能,32.8,74.74,0,2024-04-29,2026-04-01
USER_004822,COURSE_00073,数据科学,146.93,48.08,0,2024-10-20,2026-03-26
USER_000526,COURSE_00129,编程开发,107.82,81.58,1,2024-01-04,2026-03-18
USER_004570,COURSE_00042,数据科学,42.46,76.9,1,2024-04-21,2026-03-27
USER_004124,COURSE_00147,编程开发,120.06,100.0,1,2024-05-16,2026-03-25
USER_002126,COURSE_00162,人工智能,186.09,68.3,1,2024-02-11,2026-04-08
USER_003288,COURSE_00080,语言学习,73.08,88.19,1,2024-10-24,2026-04-14
USER_000365,COURSE_00104,市场营销,21.57,91.47,0,2024-12-25,2026-03-26
USER_004622,COURSE_00183,职业技能,108.75,78.37,1,2024-04-15,2026-03-31
USER_004979,COURSE_00146,人工智能,110.82,82.48,1,2024-11-24,2026-04-11
USER_001647,COURSE_00034,数据科学,48.43,82.21,1,2024-12-21,2026-03-30
USER_000919,COURSE_00089,编程开发,95.24,100.0,0,2024-11-04,2026-03-28
USER_002798,COURSE_00125,数据科学,75.56,85.91,0,2024-11-26,2026-03-30
USER_001532,COURSE_00045,市场营销,42.77,63.84,1,2024-01-02,2026-03-28
USER_003346,COURSE_00134,商业管理,120.29,57.28,1,2024-08-17,2026-03-22
USER_001907,COURSE_00021,职业技能,57.43,100.0,0,2024-02-05,2026-04-15
USER_003087,COURSE_00122,人工智能,121.5,72.72,1,2024-01-15,2026-04-08
USER_004581,COURSE_00070,数据科学,171.57,84.85,1,2024-01-18,2026-04-07
USER_002076,COURSE_00096,数据科学,119.53,62.52,1,2024-05-20,2026-03-28
USER_000714,COURSE_00105,市场营销,69.35,95.53,1,2024-10-16,2026-03-25
USER_001063,COURSE_00048,商业管理,126.24,47.78,0,2024-03-16,2026-03-29
USER_001977,COURSE_00039,编程开发,180.75,79.3,1,2024-01-12,2026-04-02
USER_001297,COURSE_00031,商业管理,112.52,57.39,0,2024-11-16,2026-03-22
USER_000126,COURSE_00010,数据科学,191.61,84.06,1,2024-02-07,2026-04-05
USER_004633,COURSE_00030,市场营销,70.93,82.89,1,2024-06-12,2026-04-12
USER_003597,COURSE_00018,编程开发,81.39,84.82,1,2024-09-05,2026-03-27
USER_003284,COURSE_00188,商业管理,146.96,81.56,1,2024-06-23,2026-04-04
USER_001604,COURSE_00088,职业技能,74.04,77.99,0,2024-08-06,2026-03-30
USER_000067,COURSE_00125,商业管理,72.51,96.91,0,2024-01-15,2026-04-03
USER_000233,COURSE_00073,职业技能,41.92,80.26,0,2024-03-17,2026-04-09
USER_002157,COURSE_00015,商业管理,17.6,86.87,0,2024-03-31,2026-04-09
USER_001170,COURSE_00004,语言学习,72.56,90.91,1,2024-02-04,2026-03-30
USER_002159,COURSE_00191,编程开发,133.31,78.0,0,2024-02-01,2026-04-09
USER_004207,COURSE_00168,商业管理,82.31,93.29,1,2024-08-21,2026-03-22
USER_001494,COURSE_00009,语言学习,73.89,75.87,1,2024-06-08,2026-04-04
USER_004719,COURSE_00109,人工智能,167.93,70.72,1,2024-06-08,2026-04-09
USER_004008,COURSE_00137,市场营销,92.5,74.29,0,2024-01-17,2026-03-30
USER_002473,COURSE_00154,商业管理,126.45,81.59,1,2024-04-01,2026-04-03
USER_002661,COURSE_00132,职业技能,21.81,62.45,1,2024-04-26,2026-03-23
USER_002740,COURSE_00016,编程开发,127.78,90.2,1,2024-08-25,2026-04-09
USER_001762,COURSE_00143,职业技能,65.75,100.0,1,2024-09-11,2026-04-03
USER_003515,COURSE_00099,语言学习,59.61,60.67,0,2024-08-16,2026-03-30
USER_001976,COURSE_00121,语言学习,50.31,60.02,0,2024-03-29,2026-03-31
USER_002363,COURSE_00052,人工智能,177.36,61.7,1,2024-09-03,2026-04-08
USER_000877,COURSE_00069,职业技能,95.11,88.68,1,2024-02-13,2026-04-11
USER_003813,COURSE_00005,产品设计,110.33,79.88,0,2024-08-09,2026-03-23
USER_003449,COURSE_00020,市场营销,19.65,100.0,0,2024-01-26,2026-03-20
USER_001313,COURSE_00079,职业技能,44.89,61.47,1,2024-04-11,2026-04-01
USER_001461,COURSE_00146,产品设计,95.48,96.82,0,2024-08-15,2026-03-29
USER_002710,COURSE_00111,编程开发,113.3,68.93,0,2024-01-25,2026-04-13
USER_002325,COURSE_00002,市场营销,52.5,99.99,1,2024-08-18,2026-03-30
USER_001734,COURSE_00093,职业技能,79.38,89.86,0,2024-02-17,2026-03-25
USER_001606,COURSE_00013,人工智能,88.28,70.35,0,2024-08-12,2026-04-02
USER_002564,COURSE_00004,编程开发,131.53,59.23,1,2024-06-04,2026-03-24
USER_003422,COURSE_00170,市场营销,96.39,58.26,0,2024-04-26,2026-03-22
USER_003518,COURSE_00109,职业技能,94.0,83.95,0,2024-09-19,2026-03-24
USER_002398,COURSE_00074,职业技能,98.46,74.0,1,2024-02-20,2026-04-06
USER_003736,COURSE_00189,市场营销,92.37,100.0,1,2024-10-22,2026-04-14
USER_002871,COURSE_00095,产品设计,115.19,84.51,1,2024-12-03,2026-04-03
USER_001161,COURSE_00105,编程开发,102.6,52.83,0,2024-12-08,2026-04-16
USER_004855,COURSE_00008,人工智能,28.35,58.37,0,2024-05-11,2026-03-19
USER_000243,COURSE_00067,人工智能,99.27,66.93,1,2024-12-02,2026-03-29
USER_002591,COURSE_00191,编程开发,180.33,60.0,1,2024-06-17,2026-03-21
USER_001064,COURSE_00110,编程开发,158.88,77.15,1,2024-09-24,2026-03-20
USER_004325,COURSE_00009,语言学习,92.26,86.98,0,2024-01-21,2026-03-20
USER_002596,COURSE_00117,数据科学,100.15,70.22,1,2024-12-27,2026-04-13
USER_000920,COURSE_00011,职业技能,34.86,100.0,1,2024-08-05,2026-03-24
USER_000006,COURSE_00099,产品设计,127.64,98.77,0,2024-01-16,2026-04-07
USER_000468,COURSE_00042,编程开发,85.63,64.09,0,2024-11-30,2026-04-11
USER_004171,COURSE_00141,编程开发,151.79,100.0,1,2024-09-08,2026-03-18
USER_000004,COURSE_00164,数据科学,155.15,95.23,1,2024-03-18,2026-03-24
USER_000646,COURSE_00120,数据科学,57.11,70.39,1,2024-12-30,2026-04-01
USER_000118,COURSE_00141,市场营销,,86.12,1,2024-06-05,2026-03-22
USER_002929,COURSE_00012,商业管理,67.77,92.12,1,2024-07-24,2026-04-07
USER_002552,COURSE_00037,人工智能,162.3,73.79,1,2024-11-24,2026-03-19
USER_004290,COURSE_00074,产品设计,115.42,92.05,0,2024-05-16,2026-04-14
USER_000847,COURSE_00073,市场营销,36.08,89.46,0,2024-01-09,2026-03-29
USER_002763,COURSE_00052,编程开发,135.53,72.56,0,2024-05-26,2026-04-10
USER_001142,COURSE_00199,职业技能,96.9,85.94,1,2024-03-28,2026-03-19
USER_001811,COURSE_00130,数据科学,71.49,29.85,0,2024-09-13,2026-03-20
USER_000724,COURSE_00056,语言学习,35.39,100.0,1,2024-06-25,2026-04-12
USER_000225,COURSE_00060,人工智能,101.61,69.91,0,2024-07-15,2026-03-20
USER_004628,COURSE_00023,市场营销,59.89,100.0,1,2024-03-03,2026-04-15
USER_004209,COURSE_00103,语言学习,20.66,90.58,0,2024-04-13,2026-03-18
USER_004655,COURSE_00040,人工智能,75.39,70.83,0,2024-04-18,2026-04-08
USER_002049,COURSE_00064,商业管理,73.42,71.07,1,2024-05-25,2026-03-21
USER_004750,COURSE_00085,商业管理,87.82,67.25,0,2024-02-17,2026-04-04
USER_004416,COURSE_00151,语言学习,47.05,92.66,1,2024-03-28,2026-03-23
USER_001574,COURSE_00157,数据科学,129.78,73.54,0,2024-06-18,2026-04-04
USER_001829,COURSE_00179,市场营销,33.39,81.7,1,2024-07-12,2026-04-06
USER_001918,COURSE_00197,市场营销,50.47,81.89,0,2024-07-17,2026-04-10
USER_004235,COURSE_00089,商业管理,124.87,93.52,1,2024-04-07,2026-04-01
USER_002027,COURSE_00031,人工智能,164.86,86.26,1,2024-02-11,2026-03-30
USER_003745,COURSE_00178,语言学习,84.87,76.99,1,2024-06-15,2026-04-02
USER_000902,COURSE_00020,数据科学,119.51,70.08,1,2024-05-24,2026-03-23
USER_004786,COURSE_00183,编程开发,118.0,97.08,1,2024-10-22,2026-03-18
USER_002040,COURSE_00130,市场营销,42.22,93.93,1,2024-01-04,2026-03-30
USER_000010,COURSE_00153,职业技能,77.22,94.15,0,2024-11-01,2026-04-04
USER_000261,COURSE_00013,编程开发,176.76,45.76,0,2024-10-16,2026-04-14
USER_001674,COURSE_00122,数据科学,66.45,61.71,1,2024-02-02,2026-03-31
USER_002220,COURSE_00103,商业管理,75.55,83.64,0,2024-11-10,2026-03-31
USER_002061,COURSE_00106,职业技能,600.0,72.33,0,2024-11-17,2026-03-25
USER_003714,COURSE_00119,市场营销,62.07,92.1,0,2024-10-16,2026-04-14
USER_001620,COURSE_00070,市场营销,62.39,78.13,1,2024-10-13,2026-04-03
USER_000321,COURSE_00195,语言学习,44.86,,1,2024-06-24,2026-04-14
USER_001343,COURSE_00186,职业技能,5.0,68.01,0,2024-10-13,2026-03-26
USER_002377,COURSE_00099,编程开发,112.95,77.22,1,2024-01-18,2026-04-02
USER_002833,COURSE_00082,商业管理,79.32,96.32,1,2024-05-23,2026-03-20
USER_002825,COURSE_00075,语言学习,31.42,86.8,1,2024-12-21,2026-03-18
USER_001995,COURSE_00118,产品设计,92.16,100.0,1,2024-02-15,2026-03-31
USER_002959,COURSE_00084,编程开发,80.83,,1,2024-03-28,2026-03-23
USER_002039,COURSE_00192,编程开发,118.15,77.73,1,2024-03-11,2026-04-12
USER_003491,COURSE_00069,产品设计,77.79,100.0,1,2024-07-03,2026-04-02
USER_003678,COURSE_00059,数据科学,129.91,58.95,0,2024-07-31,2026-03-25
USER_001119,COURSE_00188,职业技能,77.17,79.03,1,2024-02-03,2026-03-18
USER_001605,COURSE_00126,职业技能,94.03,85.7,0,2024-08-08,2026-03-24
USER_004028,COURSE_00111,数据科学,99.34,85.48,1,2024-08-08,2026-04-12
USER_000236,COURSE_00062,市场营销,57.3,80.84,1,2024-07-23,2026-04-16
USER_001970,COURSE_00144,人工智能,135.11,100.0,1,2024-02-21,2026-04-16
USER_004430,COURSE_00128,语言学习,53.84,91.38,1,2024-08-30,2026-04-05
USER_001909,COURSE_00105,人工智能,204.11,76.39,1,2024-12-27,2026-03-26
USER_000376,COURSE_00068,市场营销,56.38,67.58,1,2024-07-30,2026-04-03
USER_003531,COURSE_00015,职业技能,20.03,79.19,0,2024-01-25,2026-04-01
USER_002636,COURSE_00183,人工智能,130.26,80.83,1,2024-04-21,2026-03-22
USER_001571,COURSE_00035,编程开发,150.1,66.18,1,2024-08-08,2026-03-20
USER_002561,COURSE_00183,编程开发,169.38,34.23,1,2024-09-14,2026-03-29
USER_003392,COURSE_00014,产品设计,109.53,100.0,1,2024-09-12,2026-03-28
USER_002966,COURSE_00177,产品设计,91.86,65.25,0,2024-05-05,2026-03-27
USER_003644,COURSE_00102,市场营销,57.57,96.68,1,2024-05-18,2026-04-15
USER_003851,COURSE_00100,市场营销,45.13,78.66,1,2024-10-30,2026-04-12
USER_000873,COURSE_00007,商业管理,90.75,78.81,1,2024-11-17,2026-04-11
USER_001253,COURSE_00030,市场营销,78.76,79.26,1,2024-11-15,2026-03-23
USER_001315,COURSE_00049,编程开发,138.03,71.53,0,2024-08-16,2026-03-21
USER_004821,COURSE_00144,人工智能,114.07,81.99,1,2024-09-30,2026-04-03
USER_002899,COURSE_00111,语言学习,32.99,76.87,0,2024-10-13,2026-03-29
USER_000078,COURSE_00179,商业管理,78.27,82.97,0,2024-10-01,2026-03-27
USER_002622,COURSE_00072,商业管理,54.63,58.77,1,2024-02-02,2026-03-28
USER_004228,COURSE_00080,职业技能,79.08,98.84,0,2024-11-02,2026-04-11
USER_000601,COURSE_00083,商业管理,93.73,100.0,1,2024-08-01,2026-04-15
USER_001066,COURSE_00042,市场营销,81.19,96.95,1,2024-08-21,2026-03-26
USER_002137,COURSE_00017,市场营销,48.4,86.64,0,2024-04-04,2026-04-07
USER_002450,COURSE_00191,编程开发,85.43,71.62,0,2024-01-31,2026-04-15
USER_002344,COURSE_00173,语言学习,87.6,100.0,0,2024-07-24,2026-04-16
USER_001864,COURSE_00007,编程开发,69.59,80.67,1,2024-07-13,2026-04-13
USER_001319,COURSE_00155,语言学习,59.89,97.89,1,2024-09-24,2026-03-26
USER_004712,COURSE_00010,编程开发,49.71,75.32,0,2024-10-22,2026-03-22
USER_003598,COURSE_00034,人工智能,124.77,78.26,1,2024-10-23,2026-04-07
USER_003763,COURSE_00036,职业技能,64.26,71.29,1,2024-06-07,2026-03-24
USER_004671,COURSE_00153,市场营销,105.92,76.71,1,2024-05-12,2026-03-19
USER_002191,COURSE_00006,数据科学,160.49,100.0,1,2024-12-27,2026-03-25
USER_000993,COURSE_00152,数据科学,114.59,56.34,1,2024-08-21,2026-04-14
USER_002713,COURSE_00146,职业技能,39.51,84.67,1,2024-02-26,2026-04-01
USER_002193,COURSE_00134,市场营销,104.82,61.91,0,2024-10-28,2026-04-07
USER_001249,COURSE_00029,商业管理,89.01,75.26,1,2024-06-01,2026-03-26
USER_003055,COURSE_00126,市场营销,45.2,81.59,1,2024-01-23,2026-04-12
USER_004599,COURSE_00153,市场营销,98.93,69.36,1,2024-09-11,2026-03-26
USER_004034,COURSE_00183,职业技能,59.3,100.0,0,2024-01-17,2026-03-24
USER_001998,COURSE_00081,市场营销,60.41,92.94,1,2024-06-21,2026-03-21
USER_004917,COURSE_00174,商业管理,62.87,71.47,1,2024-06-30,2026-04-09
USER_003688,COURSE_00152,语言学习,76.76,78.8,1,2024-11-01,2026-03-31
USER_002152,COURSE_00075,职业技能,90.52,100.0,1,2024-07-29,2026-03-30
USER_004019,COURSE_00026,人工智能,67.44,78.97,0,2024-07-29,2026-03-18
USER_003111,COURSE_00127,数据科学,83.32,87.64,0,2024-03-17,2026-04-13
USER_001971,COURSE_00115,职业技能,12.72,93.0,1,2024-02-15,2026-03-29
USER_000198,COURSE_00126,产品设计,146.44,83.53,0,2024-09-21,2026-03-20
USER_002627,COURSE_00028,数据科学,50.87,56.27,0,2024-11-25,2026-04-14
USER_001203,COURSE_00131,数据科学,156.74,54.49,1,2024-05-28,2026-03-20
USER_002036,COURSE_00075,商业管理,9.83,72.83,1,2024-06-14,2026-03-31
USER_000478,COURSE_00166,编程开发,117.63,63.37,1,2024-02-02,2026-04-06
USER_001255,COURSE_00189,市场营销,56.67,69.19,1,2024-04-09,2026-03-25
USER_000923,COURSE_00078,市场营销,23.1,81.79,1,2024-07-27,2026-03-26
USER_000420,COURSE_00179,市场营销,21.93,55.72,1,2024-12-11,2026-04-04
USER_002205,COURSE_00090,编程开发,75.81,57.85,1,2024-08-15,2026-04-14
USER_002598,COURSE_00176,商业管理,129.75,65.41,1,2024-03-15,2026-04-11
USER_001121,COURSE_00021,职业技能,95.42,100.0,1,2024-02-25,2026-04-08
USER_003069,COURSE_00054,人工智能,103.11,70.96,0,2024-09-22,2026-04-08
USER_000951,COURSE_00184,人工智能,130.48,89.0,0,2024-01-19,2026-03-31
USER_002337,COURSE_00103,商业管理,79.15,82.68,1,2024-11-16,2026-04-06
USER_002244,COURSE_00059,产品设计,76.0,74.47,1,2024-11-04,2026-03-24
USER_002646,COURSE_00072,人工智能,131.27,75.9,1,2024-05-17,2026-03-18
USER_001858,COURSE_00179,商业管理,113.06,89.94,1,2024-12-30,2026-03-28
USER_004613,COURSE_00020,职业技能,30.86,100.0,1,2024-10-08,2026-04-13
USER_001866,COURSE_00112,人工智能,151.31,88.86,1,2024-12-16,2026-03-31
USER_002913,COURSE_00059,市场营销,69.18,85.84,1,2024-11-29,2026-04-05
USER_002854,COURSE_00071,语言学习,38.29,71.42,1,2024-11-08,2026-03-18
USER_004911,COURSE_00137,商业管理,109.26,74.25,1,2024-12-28,2026-04-11
USER_003229,COURSE_00109,数据科学,116.95,50.08,0,2024-05-02,2026-03-31
USER_003720,COURSE_00129,人工智能,130.32,89.67,1,2024-04-22,2026-04-08
USER_003229,COURSE_00157,人工智能,78.92,92.63,1,2024-10-13,2026-03-21
USER_002372,COURSE_00191,编程开发,76.58,54.95,0,2024-09-22,2026-03-21
USER_002892,COURSE_00200,产品设计,50.59,80.59,0,2024-05-22,2026-04-05
USER_003757,COURSE_00056,语言学习,54.6,100.0,0,2024-07-17,2026-04-13
USER_004226,COURSE_00196,职业技能,92.43,83.81,0,2024-11-27,2026-03-28
USER_000095,COURSE_00035,编程开发,94.2,88.03,0,2024-07-17,2026-04-09
USER_002675,COURSE_00123,市场营销,57.39,100.0,0,2024-10-30,2026-03-29
USER_001956,COURSE_00131,数据科学,120.06,45.93,1,2024-09-24,2026-04-10
USER_000794,COURSE_00104,产品设计,122.1,96.6,1,2024-03-04,2026-04-06
USER_001835,COURSE_00007,编程开发,132.65,95.49,0,2024-04-24,2026-04-10
USER_002117,COURSE_00027,商业管理,122.84,98.55,1,2024-03-28,2026-03-21
USER_004107,COURSE_00001,人工智能,91.26,86.75,0,2024-06-23,2026-04-10
USER_003326,COURSE_00199,人工智能,74.07,68.17,1,2024-11-25,2026-04-16
USER_002920,COURSE_00172,产品设计,90.01,77.15,0,2024-03-31,2026-03-29
USER_002598,COURSE_00087,人工智能,93.58,78.57,1,2024-09-25,2026-04-04
USER_003206,COURSE_00041,商业管理,92.66,81.71,1,2024-08-12,2026-04-05
USER_004808,COURSE_00123,编程开发,130.29,94.3,1,2024-09-23,2026-03-18
USER_000815,COURSE_00075,编程开发,167.09,100.0,0,2024-05-05,2026-03-31
USER_000346,COURSE_00042,人工智能,49.14,56.55,1,2024-12-12,2026-03-30
USER_002350,COURSE_00117,人工智能,88.47,59.13,0,2024-07-01,2026-04-11
USER_000363,COURSE_00161,市场营销,10.94,77.89,1,2024-10-30,2026-03-21
USER_002444,COURSE_00178,数据科学,68.6,70.3,1,2024-11-30,2026-03-30
USER_002266,COURSE_00063,职业技能,17.01,80.09,1,2024-09-04,2026-04-16
USER_002189,COURSE_00165,产品设计,105.91,56.64,1,2024-05-02,2026-03-22
USER_003006,COURSE_00187,编程开发,141.26,100.0,0,2024-02-16,2026-03-23
USER_003282,COURSE_00127,产品设计,115.78,67.85,0,2024-06-08,2026-03-18
USER_000985,COURSE_00176,市场营销,70.33,78.66,1,2024-03-06,2026-03-29
USER_001640,COURSE_00133,编程开发,71.7,91.03,1,2024-02-18,2026-03-29
USER_000828,COURSE_00048,市场营销,18.27,95.68,1,2024-12-09,2026-04-01
USER_002731,COURSE_00003,市场营销,69.78,91.28,1,2024-10-23,2026-04-14
USER_003532,COURSE_00116,语言学习,61.8,100.0,1,2024-02-09,2026-04-04
USER_004452,COURSE_00175,人工智能,65.69,90.13,0,2024-09-14,2026-04-11
USER_002936,COURSE_00190,商业管理,69.89,67.63,1,2024-10-22,2026-03-23
USER_003877,COURSE_00099,语言学习,65.81,76.84,1,2024-09-11,2026-04-05
USER_000127,COURSE_00116,职业技能,66.22,71.75,1,2024-02-20,2026-04-01
USER_003178,COURSE_00014,产品设计,112.03,100.0,0,2024-05-17,2026-04-10
USER_003057,COURSE_00191,商业管理,91.6,89.42,1,2024-06-22,2026-03-22
USER_000604,COURSE_00112,产品设计,129.89,71.16,0,2024-11-02,2026-04-11
USER_003450,COURSE_00061,人工智能,85.54,76.46,0,2024-06-30,2026-04-10
USER_004147,COURSE_00159,商业管理,83.2,89.74,0,2024-01-31,2026-04-06
USER_003534,COURSE_00095,语言学习,27.76,100.0,1,2024-09-25,2026-04-13
USER_003368,COURSE_00017,产品设计,97.14,76.18,1,2024-12-22,2026-04-14
USER_003369,COURSE_00124,语言学习,59.79,99.64,1,2024-02-01,2026-03-31
USER_003798,COURSE_00024,人工智能,115.86,55.84,0,2024-09-24,2026-03-27
USER_001793,COURSE_00116,商业管理,141.66,57.46,1,2024-03-22,2026-03-19
USER_002862,COURSE_00151,商业管理,100.91,95.24,0,2024-01-22,2026-04-03
USER_003477,COURSE_00082,编程开发,141.01,39.17,0,2024-09-27,2026-04-12
USER_003418,COURSE_00050,市场营销,39.14,74.63,1,2024-08-11,2026-03-30
USER_001646,COURSE_00079,市场营销,63.26,79.87,0,2024-10-23,2026-04-12
USER_001206,COURSE_00079,语言学习,45.87,89.67,1,2024-03-25,2026-04-03
USER_003031,COURSE_00070,商业管理,52.54,69.76,1,2024-12-12,2026-04-08
USER_002873,COURSE_00027,产品设计,124.56,62.32,0,2024-10-30,2026-04-01
USER_003073,COURSE_00015,语言学习,100.46,80.23,0,2024-10-13,2026-04-16
USER_001855,COURSE_00050,语言学习,47.11,85.4,1,2024-11-13,2026-04-10
USER_004022,COURSE_00036,数据科学,143.65,72.16,1,2024-06-25,2026-04-06
USER_004663,COURSE_00008,职业技能,84.93,79.93,1,2024-11-26,2026-04-14
USER_002709,COURSE_00079,商业管理,60.83,57.79,1,2024-03-17,2026-03-26
USER_003503,COURSE_00131,市场营销,125.77,92.17,1,2024-09-23,2026-04-06
USER_001333,COURSE_00190,商业管理,75.95,100.0,1,2024-07-09,2026-04-16
USER_000202,COURSE_00047,人工智能,165.43,100.0,1,2024-02-06,2026-03-18
USER_003508,COURSE_00105,语言学习,30.15,66.89,0,2024-05-21,2026-03-18
USER_004213,COURSE_00098,数据科学,94.57,50.4,1,2024-04-10,2026-04-13
USER_000575,COURSE_00096,数据科学,173.16,100.0,1,2024-01-04,2026-04-16
USER_000537,COURSE_00189,市场营销,61.78,88.2,0,2024-05-17,2026-03-30
USER_001626,COURSE_00160,市场营销,105.69,54.5,1,2024-08-03,2026-03-23
USER_002123,COURSE_00116,市场营销,89.52,82.89,0,2024-12-26,2026-03-18
USER_000386,COURSE_00013,人工智能,98.94,58.76,0,2024-12-25,2026-03-23
USER_003282,COURSE_00001,数据科学,70.03,69.76,0,2024-08-26,2026-03-20
USER_000475,COURSE_00034,产品设计,56.61,76.87,1,2024-09-30,2026-04-04
USER_000418,COURSE_00190,人工智能,110.5,72.27,1,2024-04-26,2026-03-26
USER_003601,COURSE_00079,编程开发,163.41,,1,2024-05-11,2026-04-06
USER_000955,COURSE_00078,职业技能,40.59,100.0,0,2024-11-16,2026-03-19
USER_004972,COURSE_00121,职业技能,79.39,78.62,1,2024-02-28,2026-04-01
USER_004859,COURSE_00093,语言学习,,100.0,1,2024-04-07,2026-04-05
USER_001206,COURSE_00098,职业技能,68.53,100.0,0,2024-05-19,2026-04-04
USER_004760,COURSE_00082,市场营销,59.0,100.0,0,2024-02-29,2026-03-19
USER_004121,COURSE_00199,数据科学,153.76,70.74,1,2024-07-08,2026-04-08
USER_001991,COURSE_00159,职业技能,82.31,65.83,1,2024-10-14,2026-04-11
USER_004806,COURSE_00192,语言学习,44.15,93.59,0,2024-06-30,2026-04-05
USER_003573,COURSE_00153,职业技能,45.34,72.77,1,2024-04-16,2026-03-20
USER_004381,COURSE_00038,商业管理,105.22,100.0,0,2024-10-16,2026-03-29
USER_004159,COURSE_00014,人工智能,171.12,82.87,1,2024-01-07,2026-03-22
USER_004758,COURSE_00136,编程开发,76.03,100.0,1,2024-09-28,2026-04-02
USER_002714,COURSE_00091,商业管理,80.34,67.91,0,2024-10-19,2026-04-03
USER_002204,COURSE_00054,人工智能,167.04,92.02,1,2024-09-04,2026-04-05
USER_003121,COURSE_00130,人工智能,137.21,82.63,1,2024-04-28,2026-04-11
USER_000967,COURSE_00101,产品设计,54.63,74.9,1,2024-12-21,2026-04-11
USER_004945,COURSE_00089,职业技能,51.72,90.92,0,2024-09-08,2026-04-13
USER_003433,COURSE_00056,语言学习,42.5,88.17,0,2024-11-09,2026-04-02
USER_000689,COURSE_00094,产品设计,74.67,100.0,0,2024-07-21,2026-03-22
USER_004244,COURSE_00093,人工智能,73.83,91.43,1,2024-07-24,2026-04-10
USER_003702,COURSE_00084,职业技能,53.93,83.43,0,2024-06-27,2026-04-03
USER_000342,COURSE_00085,编程开发,140.89,67.11,1,2024-05-12,2026-04-09
USER_001725,COURSE_00189,数据科学,82.95,60.16,1,2024-02-15,2026-04-09
USER_004423,COURSE_00022,数据科学,213.32,94.44,0,2024-07-11,2026-03-23
USER_001793,COURSE_00035,职业技能,19.08,100.0,1,2024-07-13,2026-04-11
USER_001760,COURSE_00016,商业管理,72.29,,1,2024-07-20,2026-04-15
USER_003213,COURSE_00050,语言学习,59.2,88.79,1,2024-04-07,2026-03-24
USER_000990,COURSE_00122,市场营销,88.6,61.33,1,2024-09-06,2026-04-15
USER_002263,COURSE_00128,市场营销,67.65,82.25,0,2024-10-28,2026-03-23
USER_002483,COURSE_00113,数据科学,150.74,75.54,0,2024-09-01,2026-04-15
USER_000952,COURSE_00171,人工智能,138.38,100.0,1,2024-05-15,2026-03-25
USER_000723,COURSE_00017,人工智能,44.93,63.01,0,2024-05-17,2026-04-07
USER_003390,COURSE_00080,产品设计,108.15,73.56,0,2024-05-05,2026-03-25
USER_002080,COURSE_00186,职业技能,19.7,100.0,1,2024-08-19,2026-04-05
USER_002718,COURSE_00130,语言学习,38.96,77.64,1,2024-11-12,2026-04-01
USER_002333,COURSE_00132,职业技能,59.64,100.0,1,2024-05-24,2026-03-23
USER_003377,COURSE_00085,职业技能,61.92,77.19,1,2024-03-23,2026-04-10
USER_004525,COURSE_00167,产品设计,179.03,86.44,1,2024-07-12,2026-04-03
USER_001501,COURSE_00094,市场营销,65.14,62.22,0,2024-11-14,2026-04-10
USER_000286,COURSE_00134,职业技能,72.11,100.0,0,2024-03-17,2026-03-30
USER_003496,COURSE_00081,数据科学,123.55,79.97,1,2024-07-18,2026-04-14
USER_002066,COURSE_00069,商业管理,107.31,77.76,0,2024-12-02,2026-03-18
USER_000769,COURSE_00069,职业技能,12.32,90.54,1,2024-07-06,2026-03-28
USER_003058,COURSE_00148,人工智能,77.01,84.69,0,2024-10-25,2026-04-08
USER_004290,COURSE_00192,职业技能,50.67,66.27,0,2024-04-30,2026-04-12
USER_002162,COURSE_00016,数据科学,49.63,82.26,0,2024-03-26,2026-04-01
USER_003294,COURSE_00051,编程开发,93.5,79.35,1,2024-12-08,2026-04-15
USER_000947,COURSE_00105,数据科学,108.9,83.19,0,2024-06-04,2026-04-13
USER_004927,COURSE_00165,编程开发,75.83,60.63,1,2024-12-05,2026-03-22
USER_003336,COURSE_00197,产品设计,,81.17,1,2024-03-09,2026-03-31
USER_004151,COURSE_00170,产品设计,123.42,38.0,0,2024-09-11,2026-04-13
USER_004896,COURSE_00185,市场营销,45.71,100.0,1,2024-07-13,2026-03-21
USER_004874,COURSE_00066,数据科学,158.93,77.43,1,2024-02-21,2026-04-10
USER_001482,COURSE_00009,数据科学,173.71,80.36,0,2024-12-30,2026-04-01
USER_001902,COURSE_00107,编程开发,121.03,77.0,1,2024-08-22,2026-03-23
USER_003452,COURSE_00100,产品设计,117.49,92.67,1,2024-01-22,2026-03-29
USER_004065,COURSE_00086,编程开发,120.51,92.06,1,2024-10-23,2026-03-20
USER_000055,COURSE_00064,产品设计,75.29,91.69,1,2024-06-24,2026-03-27
USER_001824,COURSE_00022,编程开发,164.22,88.6,1,2024-08-29,2026-03-31
USER_003463,COURSE_00162,产品设计,60.16,76.61,1,2024-07-27,2026-03-27
USER_003080,COURSE_00183,编程开发,100.47,70.26,0,2024-10-22,2026-03-29
USER_000833,COURSE_00157,商业管理,80.09,98.41,1,2024-04-29,2026-04-16
USER_004409,COURSE_00166,产品设计,75.0,87.98,1,2024-05-22,2026-03-24
USER_002807,COURSE_00110,语言学习,38.35,84.81,0,2024-03-16,2026-04-14
USER_002491,COURSE_00097,编程开发,93.74,61.68,1,2024-12-17,2026-03-29
USER_000328,COURSE_00018,数据科学,97.67,59.53,1,2024-04-02,2026-03-24
USER_003311,COURSE_00071,市场营销,33.26,81.6,1,2024-04-09,2026-04-16
USER_003301,COURSE_00193,语言学习,76.53,71.43,0,2024-06-24,2026-04-16
USER_003676,COURSE_00127,语言学习,47.02,85.11,1,2024-12-05,2026-03-22
USER_003055,COURSE_00097,编程开发,186.74,79.59,1,2024-05-22,2026-04-16
USER_002144,COURSE_00001,市场营销,45.02,100.0,0,2024-07-23,2026-04-05
USER_001312,COURSE_00132,数据科学,136.55,78.64,0,2024-01-08,2026-03-25
USER_003192,COURSE_00004,语言学习,16.56,86.28,0,2024-08-01,2026-03-18
USER_002539,COURSE_00125,数据科学,112.49,59.42,1,2024-06-01,2026-03-22
USER_003984,COURSE_00082,产品设计,32.24,90.91,1,2024-06-06,2026-03-30
USER_004548,COURSE_00027,职业技能,74.48,92.01,1,2024-06-04,2026-04-13
USER_000165,COURSE_00171,商业管理,47.07,78.95,1,2024-08-26,2026-04-01
USER_004278,COURSE_00059,职业技能,58.0,75.83,1,2024-07-23,2026-04-05
USER_000823,COURSE_00032,职业技能,31.59,88.47,0,2024-11-14,2026-03-27
USER_000944,COURSE_00161,市场营销,50.77,97.31,1,2024-12-23,2026-03-18
USER_004426,COURSE_00028,商业管理,55.75,91.54,1,2024-09-27,2026-03-29
USER_000775,COURSE_00106,人工智能,110.21,62.37,0,2024-08-02,2026-04-14
USER_002199,COURSE_00105,产品设计,62.4,53.89,0,2024-07-11,2026-04-10
USER_003157,COURSE_00183,市场营销,23.29,84.47,1,2024-08-05,2026-03-20
USER_004243,COURSE_00188,编程开发,186.83,100.0,1,2024-06-01,2026-04-02
USER_003696,COURSE_00070,商业管理,74.09,50.18,1,2024-06-06,2026-04-06
USER_003453,COURSE_00062,编程开发,168.33,77.44,1,2024-07-21,2026-04-12
USER_000915,COURSE_00034,数据科学,126.03,89.52,1,2024-05-10,2026-04-09
USER_001309,COURSE_00087,职业技能,25.4,88.37,1,2024-09-01,2026-03-21
USER_004178,COURSE_00114,语言学习,45.78,86.24,0,2024-10-06,2026-03-20
USER_000514,COURSE_00106,商业管理,80.75,85.55,0,2024-11-13,2026-04-06
USER_001921,COURSE_00056,人工智能,132.76,99.71,1,2024-08-01,2026-03-23
USER_003595,COURSE_00113,编程开发,114.18,73.83,1,2024-01-24,2026-03-21
USER_004842,COURSE_00013,市场营销,71.0,100.0,0,2024-08-25,2026-04-02
USER_001410,COURSE_00184,商业管理,55.97,73.11,0,2024-09-18,2026-03-28
USER_004803,COURSE_00018,商业管理,79.23,90.48,1,2024-10-14,2026-04-07
USER_004567,COURSE_00182,语言学习,95.47,65.44,0,2024-12-20,2026-03-21
USER_003191,COURSE_00113,语言学习,64.79,96.03,0,2024-09-20,2026-03-31
USER_004492,COURSE_00171,市场营销,87.37,83.75,1,2024-09-14,2026-03-25
USER_001556,COURSE_00039,语言学习,93.94,98.3,1,2024-12-24,2026-04-15
USER_000805,COURSE_00189,编程开发,38.95,63.55,1,2024-02-24,2026-04-13
USER_001280,COURSE_00170,市场营销,58.29,85.68,0,2024-12-21,2026-04-09
USER_003578,COURSE_00079,职业技能,44.53,91.29,0,2024-07-10,2026-04-15
USER_002902,COURSE_00146,市场营销,51.97,84.39,1,2024-03-28,2026-04-12
USER_001388,COURSE_00151,数据科学,105.51,71.47,0,2024-06-21,2026-04-16
USER_004689,COURSE_00182,人工智能,79.81,,0,2024-07-14,2026-03-20
USER_002762,COURSE_00030,商业管理,106.64,60.04,1,2024-05-17,2026-04-03
USER_002680,COURSE_00098,数据科学,87.07,66.44,0,2024-08-20,2026-04-12
USER_002107,COURSE_00058,人工智能,127.4,89.72,0,2024-12-15,2026-03-28
USER_004224,COURSE_00196,市场营销,66.79,63.5,1,2024-11-18,2026-03-30
USER_004832,COURSE_00067,商业管理,148.63,99.39,1,2024-04-27,2026-03-22
USER_002769,COURSE_00071,语言学习,98.81,59.96,1,2024-02-01,2026-04-05
USER_003954,COURSE_00146,人工智能,196.46,84.99,1,2024-06-03,2026-04-02
USER_003187,COURSE_00106,市场营销,86.93,87.67,0,2024-11-15,2026-03-20
USER_003281,COURSE_00007,市场营销,125.86,67.77,1,2024-07-27,2026-04-14
USER_002574,COURSE_00040,数据科学,52.11,71.68,0,2024-02-23,2026-03-19
USER_004617,COURSE_00070,数据科学,81.85,66.99,1,2024-07-21,2026-04-13
USER_002600,COURSE_00193,语言学习,10.18,72.94,1,2024-06-28,2026-04-15
USER_004034,COURSE_00068,职业技能,84.99,98.1,1,2024-08-13,2026-04-09
USER_000237,COURSE_00049,产品设计,131.93,60.88,0,2024-04-20,2026-04-06
USER_001305,COURSE_00052,编程开发,151.67,66.42,0,2024-12-29,2026-04-02
USER_003431,COURSE_00114,产品设计,70.77,100.0,0,2024-07-02,2026-03-31
USER_001302,COURSE_00107,产品设计,119.54,91.86,0,2024-02-06,2026-04-11
USER_002542,COURSE_00029,商业管理,141.24,96.81,1,2024-10-23,2026-04-02
USER_002052,COURSE_00149,职业技能,11.69,63.26,1,2024-02-22,2026-03-26
USER_000442,COURSE_00078,商业管理,55.27,97.05,0,2024-12-01,2026-04-15
USER_002077,COURSE_00009,语言学习,58.24,68.95,0,2024-11-19,2026-03-29
USER_003181,COURSE_00175,商业管理,131.55,85.95,1,2024-06-12,2026-04-13
USER_002658,COURSE_00076,人工智能,86.67,90.99,0,2024-09-03,2026-03-22
USER_003799,COURSE_00042,语言学习,29.93,70.15,1,2024-10-18,2026-03-24
USER_000805,COURSE_00179,语言学习,46.99,73.09,1,2024-08-20,2026-03-31
USER_000075,COURSE_00184,市场营销,40.18,100.0,1,2024-04-12,2026-04-16
USER_002176,COURSE_00179,市场营销,69.53,85.62,1,2024-09-23,2026-03-26
USER_003925,COURSE_00198,市场营销,72.75,93.68,0,2024-08-03,2026-04-04
USER_002090,COURSE_00128,编程开发,128.14,53.84,0,2024-03-08,2026-03-30
USER_000041,COURSE_00020,人工智能,66.83,70.73,1,2024-12-26,2026-04-08
USER_002082,COURSE_00155,人工智能,79.02,76.88,0,2024-08-28,2026-03-19
USER_004684,COURSE_00166,市场营销,81.87,75.7,1,2024-01-31,2026-04-13
USER_001623,COURSE_00072,产品设计,111.92,72.28,1,2024-07-19,2026-04-02
USER_000342,COURSE_00065,编程开发,,82.07,0,2024-12-05,2026-03-24
USER_004053,COURSE_00182,产品设计,22.14,99.98,1,2024-02-22,2026-03-28
USER_002075,COURSE_00113,数据科学,81.97,73.7,1,2024-02-11,2026-04-04
USER_000646,COURSE_00024,人工智能,56.89,100.0,1,2024-06-21,2026-03-29
USER_004827,COURSE_00128,人工智能,57.36,100.0,0,2024-09-26,2026-04-10
USER_004264,COURSE_00175,产品设计,105.43,72.22,1,2024-04-16,2026-04-02
USER_000610,COURSE_00199,编程开发,102.11,61.54,1,2024-03-17,2026-04-16
USER_000455,COURSE_00083,人工智能,135.82,76.41,1,2024-05-22,2026-03-21
USER_002954,COURSE_00063,产品设计,93.18,90.54,1,2024-01-05,2026-03-18
USER_001709,COURSE_00185,语言学习,84.81,91.76,0,2024-10-07,2026-04-05
USER_003473,COURSE_00183,语言学习,80.44,94.9,1,2024-01-20,2026-04-14
USER_002970,COURSE_00060,商业管理,111.99,69.56,1,2024-02-19,2026-04-13
USER_003029,COURSE_00099,编程开发,133.08,73.48,0,2024-12-16,2026-03-19
USER_004798,COURSE_00062,产品设计,87.06,92.15,1,2024-05-08,2026-03-27
USER_002682,COURSE_00030,商业管理,99.77,88.82,0,2024-09-13,2026-03-27
USER_003630,COURSE_00022,语言学习,72.9,98.04,0,2024-03-03,2026-04-02
USER_004226,COURSE_00126,编程开发,128.37,77.24,1,2024-04-20,2026-04-02
USER_003068,COURSE_00157,职业技能,47.32,98.9,1,2024-10-23,2026-04-16
USER_001387,COURSE_00169,商业管理,,89.61,1,2024-07-26,2026-03-19
USER_003777,COURSE_00042,职业技能,25.87,87.83,1,2024-12-27,2026-03-31
USER_002867,COURSE_00098,市场营销,85.15,71.66,1,2024-11-29,2026-03-24
USER_004789,COURSE_00193,编程开发,103.54,36.67,0,2024-09-22,2026-03-31
USER_003364,COURSE_00031,数据科学,132.95,71.38,0,2024-08-07,2026-04-10
USER_004890,COURSE_00158,市场营销,9.48,93.9,1,2024-07-09,2026-04-15
USER_004125,COURSE_00112,商业管理,55.88,87.66,0,2024-01-06,2026-03-18
USER_000149,COURSE_00146,产品设计,123.77,68.91,1,2024-08-03,2026-04-02
USER_003851,COURSE_00122,市场营销,25.96,66.73,1,2024-06-11,2026-03-25
USER_002059,COURSE_00017,市场营销,,84.2,0,2024-04-12,2026-04-10
USER_001137,COURSE_00038,商业管理,45.5,85.25,0,2024-07-11,2026-04-07
USER_000187,COURSE_00142,产品设计,156.61,77.38,0,2024-12-17,2026-03-18
USER_002855,COURSE_00110,产品设计,105.67,100.0,0,2024-03-14,2026-03-23
USER_001251,COURSE_00184,语言学习,77.95,79.97,1,2024-11-08,2026-03-18
USER_001334,COURSE_00022,数据科学,156.21,60.85,1,2024-06-27,2026-04-08
USER_004194,COURSE_00195,产品设计,87.36,62.38,0,2024-12-15,2026-04-02
USER_004151,COURSE_00056,人工智能,137.52,90.36,1,2024-11-18,2026-04-13
USER_002712,COURSE_00119,人工智能,128.62,72.51,1,2024-09-11,2026-04-01
USER_004854,COURSE_00147,数据科学,154.6,77.72,0,2024-11-27,2026-03-26
USER_004502,COURSE_00057,编程开发,157.82,73.81,1,2024-07-02,2026-03-19
USER_001786,COURSE_00172,商业管理,116.96,70.88,0,2024-09-25,2026-03-21
USER_000751,COURSE_00035,编程开发,166.92,67.14,1,2024-06-03,2026-03-25
USER_001763,COURSE_00114,人工智能,119.89,59.52,0,2024-08-18,2026-03-25
USER_003921,COURSE_00125,产品设计,79.34,57.44,0,2024-05-07,2026-04-11
USER_004461,COURSE_00129,数据科学,163.56,62.48,1,2024-01-21,2026-04-02
USER_000482,COURSE_00052,编程开发,164.07,58.42,0,2024-02-24,2026-04-02
USER_000154,COURSE_00085,编程开发,102.76,37.6,1,2024-05-25,2026-04-11
USER_001525,COURSE_00198,职业技能,34.02,95.23,0,2024-04-25,2026-04-05
USER_002121,COURSE_00165,商业管理,150.26,97.63,1,2024-10-30,2026-04-03
USER_002344,COURSE_00065,市场营销,65.88,85.85,1,2024-10-03,2026-04-08
USER_001241,COURSE_00179,人工智能,55.71,55.62,0,2024-06-27,2026-03-24
USER_000061,COURSE_00129,产品设计,87.89,94.14,1,2024-08-25,2026-04-05
USER_000939,COURSE_00021,数据科学,155.8,82.89,1,2024-12-19,2026-03-26
USER_001640,COURSE_00181,编程开发,119.87,78.34,1,2024-12-18,2026-04-11
USER_004121,COURSE_00016,商业管理,82.7,85.36,1,2024-08-10,2026-04-07
USER_004227,COURSE_00123,市场营销,65.77,92.16,0,2024-04-13,2026-03-25
USER_003570,COURSE_00061,人工智能,172.49,51.27,0,2024-06-13,2026-03-28
USER_001253,COURSE_00054,人工智能,88.92,76.74,0,2024-03-14,2026-03-26
USER_004204,COURSE_00168,商业管理,94.23,78.25,1,2024-11-10,2026-04-04
USER_000172,COURSE_00026,职业技能,70.07,66.94,1,2024-09-05,2026-03-25
USER_001459,COURSE_00080,数据科学,158.47,89.45,0,2024-05-16,2026-03-20
USER_003550,COURSE_00065,编程开发,111.05,65.95,0,2024-09-25,2026-04-08
USER_004198,COURSE_00100,数据科学,171.54,64.07,1,2024-12-30,2026-04-09
USER_002323,COURSE_00074,商业管理,71.73,65.76,0,2024-08-24,2026-03-31
USER_001637,COURSE_00192,商业管理,118.19,83.26,1,2024-08-19,2026-03-30
USER_003116,COURSE_00171,数据科学,133.16,52.33,0,2024-04-27,2026-03-24
USER_004091,COURSE_00017,语言学习,52.87,73.24,0,2024-09-24,2026-04-06
USER_003005,COURSE_00121,市场营销,67.1,100.0,1,2024-10-18,2026-03-19
USER_000330,COURSE_00187,人工智能,124.78,92.84,1,2024-04-23,2026-04-02
USER_003641,COURSE_00023,语言学习,99.06,100.0,1,2024-12-29,2026-04-01
USER_003895,COURSE_00135,产品设计,103.59,76.01,1,2024-03-04,2026-04-10
USER_004108,COURSE_00172,人工智能,214.73,87.84,1,2024-04-19,2026-04-03
USER_001342,COURSE_00181,人工智能,203.79,72.9,1,2024-09-21,2026-04-08
USER_003664,COURSE_00071,市场营销,85.35,97.3,1,2024-07-04,2026-04-11
USER_000216,COURSE_00108,产品设计,131.58,71.76,0,2024-07-20,2026-04-16
USER_000339,COURSE_00079,编程开发,113.38,98.01,1,2024-10-11,2026-03-25
USER_004063,COURSE_00162,产品设计,72.43,88.81,1,2024-09-19,2026-04-03
USER_002709,COURSE_00046,编程开发,126.04,85.63,1,2024-07-13,2026-03-23
USER_003153,COURSE_00196,职业技能,53.04,87.29,0,2024-01-03,2026-04-14
USER_001751,COURSE_00078,职业技能,67.77,86.62,1,2024-03-23,2026-04-08
USER_002422,COURSE_00016,产品设计,89.98,70.3,1,2024-10-23,2026-04-11
USER_000710,COURSE_00071,数据科学,186.57,56.07,0,2024-08-02,2026-04-13
USER_003727,COURSE_00096,商业管理,,84.01,1,2024-01-10,2026-03-25
USER_003643,COURSE_00147,产品设计,70.7,82.42,1,2024-06-17,2026-04-15
USER_003994,COURSE_00002,语言学习,34.36,81.92,1,2024-05-09,2026-04-01
USER_000489,COURSE_00010,语言学习,47.57,100.0,0,2024-10-01,2026-04-07
USER_000047,COURSE_00178,市场营销,105.97,89.79,1,2024-06-21,2026-03-23
USER_003360,COURSE_00125,商业管理,99.38,79.78,0,2024-02-26,2026-03-30
USER_004874,COURSE_00081,商业管理,90.91,85.73,1,2024-07-20,2026-04-07
USER_004807,COURSE_00140,编程开发,43.78,49.28,0,2024-08-14,2026-04-12
USER_000401,COURSE_00070,人工智能,192.09,71.94,1,2024-12-13,2026-04-11
USER_003991,COURSE_00150,市场营销,55.7,70.9,1,2024-02-06,2026-03-29
USER_003158,COURSE_00032,语言学习,37.93,100.0,1,2024-08-15,2026-04-05
USER_004346,COURSE_00105,语言学习,53.67,100.0,1,2024-07-06,2026-03-30
USER_000391,COURSE_00084,职业技能,88.11,50.01,0,2024-08-04,2026-03-30
USER_003854,COURSE_00129,编程开发,66.13,87.4,1,2024-11-16,2026-04-12
USER_004431,COURSE_00182,语言学习,75.05,92.2,1,2024-08-25,2026-03-21
USER_000629,COURSE_00058,语言学习,47.04,100.0,1,2024-07-11,2026-04-14
USER_004233,COURSE_00198,编程开发,182.9,85.56,1,2024-04-25,2026-03-28
USER_002931,COURSE_00146,语言学习,30.91,85.84,0,2024-07-17,2026-03-21
USER_001522,COURSE_00134,人工智能,113.67,84.56,1,2024-12-02,2026-04-08
USER_000827,COURSE_00045,数据科学,150.0,49.7,0,2024-05-31,2026-04-01
USER_004823,COURSE_00097,市场营销,69.94,65.29,1,2024-11-21,2026-04-10
USER_001501,COURSE_00023,人工智能,107.94,68.55,0,2024-12-02,2026-04-14
USER_003295,COURSE_00023,人工智能,154.04,55.82,1,2024-10-09,2026-04-01
USER_002420,COURSE_00154,数据科学,138.21,86.59,1,2024-08-20,2026-03-27
USER_000935,COURSE_00135,职业技能,42.93,79.58,1,2024-09-11,2026-04-01
USER_003043,COURSE_00079,商业管理,80.14,58.9,1,2024-01-19,2026-03-26
USER_004498,COURSE_00044,市场营销,90.71,100.0,1,2024-03-13,2026-04-02
USER_001467,COURSE_00027,职业技能,93.39,73.37,1,2024-04-16,2026-04-08
USER_003562,COURSE_00026,职业技能,82.84,72.71,1,2024-10-28,2026-04-09
USER_000615,COURSE_00097,人工智能,70.59,69.45,1,2024-11-06,2026-03-21
USER_001183,COURSE_00036,语言学习,120.9,75.87,1,2024-10-27,2026-03-30
USER_003224,COURSE_00109,职业技能,33.46,77.47,1,2024-04-20,2026-04-09
USER_002668,COURSE_00055,数据科学,159.44,98.6,1,2024-01-09,2026-03-28
USER_000131,COURSE_00192,商业管理,46.98,74.26,1,2024-05-23,2026-04-13
USER_002984,COURSE_00185,市场营销,98.63,100.0,0,2024-04-14,2026-04-14
USER_004279,COURSE_00069,产品设计,119.57,78.26,0,2024-01-17,2026-03-18
USER_004460,COURSE_00061,编程开发,133.41,86.6,1,2024-07-16,2026-04-10
USER_000039,COURSE_00130,语言学习,109.99,75.14,0,2024-05-07,2026-03-28
USER_003960,COURSE_00055,数据科学,123.28,200.0,1,2024-09-05,2026-03-18
USER_003588,COURSE_00122,编程开发,129.22,85.09,1,2024-10-30,2026-03-19
USER_000921,COURSE_00097,商业管理,98.84,70.3,1,2024-10-09,2026-04-02
USER_002770,COURSE_00080,商业管理,61.87,97.79,0,2024-12-01,2026-03-22
USER_004112,COURSE_00087,产品设计,106.23,74.78,1,2024-07-03,2026-03-28
USER_000493,COURSE_00038,职业技能,64.54,91.21,1,2024-01-02,2026-03-18
USER_001132,COURSE_00119,人工智能,48.27,74.28,1,2024-03-02,2026-04-06
USER_003522,COURSE_00078,人工智能,81.37,72.57,1,2024-07-09,2026-04-01
USER_000311,COURSE_00157,市场营销,52.75,91.33,1,2024-09-30,2026-04-04
USER_000739,COURSE_00154,数据科学,181.05,86.51,1,2024-08-01,2026-03-30
USER_003242,COURSE_00035,数据科学,150.32,71.74,1,2024-08-27,2026-04-03
USER_000546,COURSE_00079,职业技能,95.26,65.87,0,2024-03-27,2026-04-12
USER_002462,COURSE_00067,商业管理,104.72,87.39,1,2024-07-15,2026-04-10
USER_004347,COURSE_00087,市场营销,49.42,78.89,0,2024-11-16,2026-03-27
USER_004855,COURSE_00157,职业技能,66.41,80.27,1,2024-08-06,2026-03-31
USER_001805,COURSE_00034,编程开发,148.23,74.89,0,2024-01-13,2026-04-05
USER_003213,COURSE_00097,人工智能,102.26,73.03,1,2024-05-05,2026-04-06
USER_003811,COURSE_00169,人工智能,98.34,81.34,1,2024-03-18,2026-04-16
USER_000814,COURSE_00169,商业管理,61.4,86.78,0,2024-11-19,2026-04-15
USER_004125,COURSE_00151,数据科学,150.97,68.1,1,2024-10-26,2026-03-18
USER_002033,COURSE_00071,商业管理,64.19,79.83,0,2024-07-24,2026-04-09
USER_004573,COURSE_00003,职业技能,70.49,60.95,1,2024-11-11,2026-03-30
USER_004414,COURSE_00058,数据科学,68.6,57.49,1,2024-05-19,2026-03-18
USER_000245,COURSE_00032,市场营销,5.0,100.0,0,2024-05-23,2026-03-28
USER_004844,COURSE_00031,职业技能,10.28,85.46,1,2024-06-05,2026-04-03
USER_004793,COURSE_00082,产品设计,109.2,64.88,1,2024-08-25,2026-04-16
USER_000272,COURSE_00043,编程开发,166.93,75.01,1,2024-05-04,2026-03-27
USER_003512,COURSE_00135,语言学习,100.8,71.1,0,2024-09-12,2026-04-08
USER_001772,COURSE_00105,产品设计,132.01,58.25,1,2024-09-09,2026-03-19
USER_001263,COURSE_00001,职业技能,43.73,73.63,0,2024-12-05,2026-03-27
USER_002425,COURSE_00061,产品设计,83.14,82.52,0,2024-09-18,2026-04-04
USER_004362,COURSE_00014,数据科学,82.17,73.0,1,2024-05-13,2026-03-24
USER_000921,COURSE_00180,数据科学,171.09,42.1,1,2024-12-30,2026-03-23
USER_003431,COURSE_00006,数据科学,103.84,87.84,1,2024-04-05,2026-03-21
USER_004436,COURSE_00103,产品设计,112.06,75.08,1,2024-03-05,2026-03-30
USER_004485,COURSE_00010,商业管理,56.92,73.48,1,2024-01-28,2026-04-01
USER_002625,COURSE_00071,编程开发,76.22,93.93,1,2024-02-23,2026-03-30
USER_003761,COURSE_00090,商业管理,43.13,84.13,0,2024-07-23,2026-04-03
USER_002051,COURSE_00158,数据科学,102.87,64.42,1,2024-09-15,2026-03-30
USER_003501,COURSE_00149,职业技能,65.6,91.49,1,2024-04-03,2026-03-19
USER_001166,COURSE_00126,职业技能,30.92,100.0,1,2024-09-14,2026-03-21
USER_000376,COURSE_00188,人工智能,63.19,83.12,1,2024-06-02,2026-04-01
USER_002034,COURSE_00097,商业管理,87.26,73.44,0,2024-11-23,2026-04-11
USER_000146,COURSE_00074,编程开发,101.21,72.12,1,2024-05-24,2026-04-11
USER_004389,COURSE_00115,职业技能,28.75,74.38,0,2024-03-01,2026-04-04
USER_000432,COURSE_00191,人工智能,48.74,84.23,1,2024-03-25,2026-04-11
USER_000705,COURSE_00170,编程开发,212.19,100.0,1,2024-12-06,2026-03-30
USER_002633,COURSE_00051,数据科学,130.95,62.68,1,2024-09-05,2026-04-12
USER_004495,COURSE_00192,商业管理,97.15,100.0,1,2024-07-09,2026-04-15
USER_000964,COURSE_00056,语言学习,81.46,78.67,1,2024-03-29,2026-03-22
USER_002235,COURSE_00041,市场营销,50.72,57.83,1,2024-03-01,2026-04-08
USER_002042,COURSE_00032,数据科学,119.54,82.66,1,2024-02-27,2026-04-09
USER_001829,COURSE_00015,职业技能,93.44,81.18,1,2024-09-03,2026-04-11
USER_002109,COURSE_00062,产品设计,74.87,,1,2024-10-16,2026-04-02
USER_004069,COURSE_00155,语言学习,57.05,74.26,0,2024-10-30,2026-03-31
USER_000939,COURSE_00028,产品设计,43.38,66.19,1,2024-11-02,2026-04-08
USER_004806,COURSE_00064,编程开发,72.59,78.22,0,2024-12-24,2026-04-09
USER_000807,COURSE_00187,产品设计,116.17,63.9,1,2024-10-18,2026-03-30
USER_001464,COURSE_00186,语言学习,64.02,100.0,1,2024-01-01,2026-04-09
USER_003416,COURSE_00130,语言学习,71.83,94.25,1,2024-01-25,2026-03-21
USER_000011,COURSE_00127,数据科学,104.0,74.17,1,2024-02-02,2026-04-09
USER_001869,COURSE_00036,人工智能,105.33,65.47,1,2024-05-09,2026-04-14
USER_004868,COURSE_00114,数据科学,117.69,76.55,1,2024-07-25,2026-03-29
USER_000885,COURSE_00199,编程开发,128.52,64.01,0,2024-04-10,2026-03-21
USER_003565,COURSE_00013,职业技能,111.22,96.39,1,2024-01-21,2026-04-07
USER_001390,COURSE_00015,产品设计,63.28,75.11,1,2024-05-12,2026-04-16
USER_003402,COURSE_00089,人工智能,117.68,57.6,0,2024-06-08,2026-03-20
USER_004322,COURSE_00188,商业管理,110.63,56.34,0,2024-01-11,2026-03-22
USER_000825,COURSE_00022,市场营销,5.0,82.9,1,2024-05-23,2026-04-10
USER_002266,COURSE_00191,语言学习,49.87,86.94,1,2024-01-29,2026-03-27
USER_000937,COURSE_00074,人工智能,106.77,44.58,0,2024-02-20,2026-04-09
USER_002801,COURSE_00025,职业技能,73.45,100.0,1,2024-08-27,2026-03-24
USER_002554,COURSE_00101,商业管理,26.93,45.74,1,2024-12-30,2026-03-27
USER_003846,COURSE_00176,人工智能,87.38,58.29,0,2024-02-26,2026-03-31
USER_001797,COURSE_00171,数据科学,149.64,60.25,1,2024-08-20,2026-03-26
USER_000054,COURSE_00117,商业管理,63.0,90.05,1,2024-05-30,2026-03-29
USER_000727,COURSE_00166,市场营销,35.45,83.16,0,2024-06-07,2026-04-10
USER_002737,COURSE_00041,职业技能,53.85,68.19,0,2024-04-05,2026-04-14
USER_003171,COURSE_00173,语言学习,59.38,93.07,1,2024-03-04,2026-03-18
USER_001914,COURSE_00088,职业技能,34.94,100.0,0,2024-04-14,2026-03-30
USER_001597,COURSE_00168,编程开发,199.26,100.0,1,2024-01-04,2026-04-02
USER_001915,COURSE_00110,编程开发,48.11,66.77,1,2024-03-27,2026-04-07
USER_002467,COURSE_00120,人工智能,127.75,54.11,1,2024-12-17,2026-04-05
USER_002738,COURSE_00097,商业管理,50.66,52.08,0,2024-07-12,2026-04-04
USER_000850,COURSE_00145,人工智能,118.71,78.9,1,2024-09-09,2026-03-27
USER_002110,COURSE_00057,产品设计,118.33,86.18,0,2024-11-24,2026-03-20
USER_000003,COURSE_00130,市场营销,74.39,60.05,1,2024-01-17,2026-04-08
USER_004256,COURSE_00096,语言学习,500.0,65.19,1,2024-03-10,2026-04-05
USER_004070,COURSE_00121,人工智能,136.88,62.63,1,2024-09-20,2026-04-07
USER_004877,COURSE_00062,产品设计,124.8,100.0,1,2024-09-26,2026-04-12
USER_000893,COURSE_00137,商业管理,95.71,84.16,1,2024-11-26,2026-04-16
USER_002031,COURSE_00068,市场营销,84.94,57.96,0,2024-11-17,2026-04-02
USER_003161,COURSE_00081,语言学习,63.96,69.72,1,2024-10-22,2026-03-19
USER_002377,COURSE_00017,编程开发,85.3,63.56,1,2024-02-10,2026-03-27
USER_004676,COURSE_00117,产品设计,42.12,84.25,0,2024-11-14,2026-03-25
USER_001934,COURSE_00050,商业管理,101.99,69.79,0,2024-12-08,2026-04-12
USER_001381,COURSE_00112,市场营销,50.78,99.19,1,2024-01-24,2026-03-26
USER_003682,COURSE_00094,产品设计,101.55,77.99,1,2024-01-26,2026-03-20
USER_001291,COURSE_00168,人工智能,123.94,81.34,1,2024-03-10,2026-04-08
USER_001641,COURSE_00186,数据科学,81.55,77.03,0,2024-06-02,2026-03-20
USER_002683,COURSE_00085,编程开发,120.3,100.0,1,2024-12-18,2026-04-12
USER_000988,COURSE_00149,人工智能,75.89,68.72,0,2024-02-14,2026-03-22
USER_001219,COURSE_00146,人工智能,81.59,48.67,1,2024-03-22,2026-03-31
USER_001356,COURSE_00183,商业管理,54.33,62.72,0,2024-06-27,2026-04-08
USER_004266,COURSE_00157,商业管理,133.06,95.23,1,2024-04-21,2026-04-10
USER_004617,COURSE_00152,市场营销,15.09,66.63,0,2024-06-27,2026-04-09
USER_004136,COURSE_00074,商业管理,93.01,81.74,1,2024-08-11,2026-03-23
USER_001561,COURSE_00109,产品设计,85.79,83.98,0,2024-07-21,2026-04-06
USER_001419,COURSE_00145,编程开发,138.37,58.5,1,2024-03-09,2026-04-11
USER_000955,COURSE_00018,人工智能,139.86,58.81,0,2024-11-26,2026-04-13
USER_000984,COURSE_00042,市场营销,,91.22,0,2024-04-20,2026-04-12
USER_000975,COURSE_00101,职业技能,41.65,96.07,0,2024-05-11,2026-04-07
USER_004134,COURSE_00045,职业技能,80.01,66.85,0,2024-06-27,2026-03-18
USER_003973,COURSE_00082,编程开发,65.97,98.25,1,2024-10-26,2026-03-19
USER_000914,COURSE_00017,商业管理,41.03,90.8,1,2024-08-02,2026-03-22
USER_004550,COURSE_00073,商业管理,144.35,62.09,0,2024-03-02,2026-03-29
USER_000037,COURSE_00014,产品设计,68.19,70.87,1,2024-12-06,2026-03-22
USER_003388,COURSE_00177,商业管理,62.65,92.16,1,2024-02-05,2026-03-22
USER_001712,COURSE_00157,职业技能,66.08,87.45,1,2024-02-24,2026-04-06
USER_003021,COURSE_00132,人工智能,172.93,86.03,0,2024-03-08,2026-04-01
USER_000796,COURSE_00082,职业技能,66.87,91.06,1,2024-11-16,2026-04-02
USER_004037,COURSE_00148,语言学习,80.69,97.65,1,2024-12-02,2026-04-10
USER_004689,COURSE_00120,人工智能,78.93,77.56,1,2024-10-04,2026-03-19
USER_003112,COURSE_00120,人工智能,113.56,89.28,1,2024-06-06,2026-03-28
USER_001325,COURSE_00047,商业管理,43.49,70.59,1,2024-12-23,2026-04-10
USER_000318,COURSE_00107,编程开发,171.87,64.0,0,2024-09-01,2026-04-16
USER_002397,COURSE_00108,商业管理,81.66,94.61,1,2024-06-09,2026-03-27
USER_002163,COURSE_00009,编程开发,76.5,52.2,0,2024-11-12,2026-03-22
USER_002746,COURSE_00079,编程开发,108.54,73.93,0,2024-02-10,2026-04-12
USER_001592,COURSE_00155,职业技能,49.79,62.38,1,2024-06-20,2026-04-03
USER_003112,COURSE_00015,编程开发,122.82,58.38,0,2024-11-19,2026-04-05
USER_003931,COURSE_00019,市场营销,41.85,66.02,0,2024-01-06,2026-04-02
USER_001997,COURSE_00090,数据科学,70.18,73.63,1,2024-07-02,2026-03-28
USER_001313,COURSE_00180,商业管理,104.6,76.1,1,2024-11-15,2026-03-26
USER_001286,COURSE_00026,市场营销,28.31,69.4,0,2024-08-19,2026-04-04
USER_004312,COURSE_00154,人工智能,119.29,53.61,0,2024-10-14,2026-04-02
USER_002384,COURSE_00154,市场营销,92.87,99.4,0,2024-04-06,2026-03-30
USER_003240,COURSE_00174,产品设计,102.72,78.67,1,2024-06-08,2026-04-08
USER_002140,COURSE_00092,语言学习,5.0,84.73,1,2024-04-09,2026-04-08
USER_001705,COURSE_00177,编程开发,167.9,76.93,1,2024-01-05,2026-04-02
USER_000363,COURSE_00082,商业管理,84.99,150.0,1,2024-06-18,2026-03-26
USER_002605,COURSE_00181,产品设计,121.04,97.34,1,2024-06-15,2026-03-28
USER_001717,COURSE_00131,商业管理,122.34,80.0,1,2024-06-04,2026-04-04
USER_004452,COURSE_00194,职业技能,57.74,73.86,1,2024-01-19,2026-04-06
USER_004287,COURSE_00042,语言学习,54.29,88.47,1,2024-04-09,2026-04-12
USER_003739,COURSE_00019,产品设计,124.39,91.86,1,2024-11-18,2026-03-29
USER_002470,COURSE_00017,商业管理,105.74,66.82,1,2024-12-22,2026-04-09
USER_004796,COURSE_00161,人工智能,141.24,63.52,1,2024-01-28,2026-04-10
USER_000557,COURSE_00076,编程开发,51.86,83.01,1,2024-07-04,2026-03-29
USER_000826,COURSE_00177,产品设计,66.05,52.82,1,2024-08-05,2026-04-05
USER_002809,COURSE_00184,人工智能,41.04,57.84,0,2024-01-14,2026-04-13
USER_004522,COURSE_00063,编程开发,60.54,75.37,1,2024-11-23,2026-04-10
USER_002720,COURSE_00131,数据科学,115.61,78.93,1,2024-01-29,2026-03-20
USER_003509,COURSE_00107,人工智能,87.38,69.75,1,2024-10-21,2026-04-01
USER_003742,COURSE_00049,市场营销,86.96,70.03,1,2024-06-22,2026-03-27
USER_001575,COURSE_00055,商业管理,70.26,60.34,0,2024-04-23,2026-04-16
USER_003999,COURSE_00154,职业技能,51.47,81.19,0,2024-04-09,2026-03-30
USER_002130,COURSE_00099,编程开发,21.15,48.52,0,2024-07-16,2026-04-09
USER_002404,COURSE_00200,产品设计,80.31,56.56,1,2024-12-09,2026-03-27
USER_003330,COURSE_00052,语言学习,30.95,71.13,1,2024-02-28,2026-04-04
USER_000589,COURSE_00100,产品设计,,97.01,0,2024-04-21,2026-03-21
USER_002013,COURSE_00117,市场营销,88.89,92.56,0,2024-08-30,2026-04-07
USER_001548,COURSE_00118,商业管理,18.56,70.67,1,2024-09-09,2026-04-10
USER_000295,COURSE_00007,市场营销,40.78,67.78,0,2024-01-20,2026-03-18
USER_001986,COURSE_00046,产品设计,125.83,81.37,1,2024-11-01,2026-04-08
USER_003118,COURSE_00046,职业技能,34.7,85.93,1,2024-05-12,2026-04-02
USER_001691,COURSE_00100,商业管理,125.73,59.05,1,2024-09-10,2026-03-20
USER_001137,COURSE_00144,语言学习,79.54,97.5,1,2024-06-14,2026-04-16
USER_002065,COURSE_00152,编程开发,122.09,88.41,1,2024-01-03,2026-04-03
USER_004456,COURSE_00189,商业管理,58.76,62.08,1,2024-10-28,2026-04-07
USER_004796,COURSE_00054,人工智能,101.41,79.32,0,2024-04-19,2026-04-12
USER_004544,COURSE_00062,商业管理,147.63,80.72,1,2024-05-17,2026-03-27
USER_004771,COURSE_00129,市场营销,48.66,100.0,0,2024-06-12,2026-03-21
USER_001008,COURSE_00049,市场营销,26.59,62.37,0,2024-03-25,2026-03-21
USER_002515,COURSE_00025,市场营销,108.64,72.86,1,2024-04-08,2026-04-04
USER_003527,COURSE_00010,语言学习,96.59,100.0,0,2024-01-23,2026-03-25
USER_004682,COURSE_00118,商业管理,118.33,97.13,0,2024-03-20,2026-04-07
USER_001248,COURSE_00144,职业技能,114.18,100.0,0,2024-07-20,2026-04-10
USER_003903,COURSE_00186,职业技能,57.97,99.91,1,2024-10-26,2026-04-13
USER_001436,COURSE_00200,商业管理,66.65,60.66,1,2024-08-20,2026-03-22
USER_000572,COURSE_00157,职业技能,30.89,97.38,0,2024-11-18,2026-04-05
USER_002383,COURSE_00092,数据科学,164.2,49.53,1,2024-03-21,2026-04-11
USER_001246,COURSE_00134,语言学习,18.64,92.24,1,2024-01-30,2026-04-02
USER_002085,COURSE_00144,编程开发,174.74,69.02,1,2024-01-04,2026-03-25
USER_000278,COURSE_00148,编程开发,137.19,85.77,0,2024-04-01,2026-03-27
USER_001888,COURSE_00080,编程开发,213.14,68.16,1,2024-02-13,2026-03-28
USER_004580,COURSE_00071,编程开发,82.18,69.42,1,2024-02-24,2026-03-19
USER_001266,COURSE_00078,编程开发,117.64,70.94,0,2024-03-06,2026-04-09
USER_004827,COURSE_00043,职业技能,130.02,92.37,1,2024-12-26,2026-04-13
USER_001041,COURSE_00154,产品设计,52.87,89.83,1,2024-11-10,2026-04-15
USER_000918,COURSE_00090,市场营销,67.22,92.95,1,2024-08-22,2026-03-31
USER_000886,COURSE_00078,语言学习,84.39,95.38,1,2024-09-28,2026-03-25
USER_002753,COURSE_00199,产品设计,43.66,97.28,1,2024-11-19,2026-04-06
USER_000022,COURSE_00161,语言学习,55.19,73.59,1,2024-04-16,2026-03-28
USER_004570,COURSE_00026,数据科学,88.35,95.84,1,2024-08-29,2026-04-01
USER_003192,COURSE_00121,商业管理,79.77,72.79,1,2024-12-12,2026-03-26
USER_002354,COURSE_00045,人工智能,104.55,85.25,1,2024-01-25,2026-04-13
USER_004800,COURSE_00063,市场营销,102.42,41.04,1,2024-01-19,2026-04-16
USER_000687,COURSE_00195,数据科学,87.79,96.35,1,2024-12-25,2026-04-03
USER_000285,COURSE_00180,产品设计,64.84,97.69,1,2024-12-20,2026-04-08
USER_004812,COURSE_00068,人工智能,114.12,78.97,1,2024-12-17,2026-04-01
USER_003748,COURSE_00154,商业管理,77.65,94.9,1,2024-06-02,2026-03-19
USER_000763,COURSE_00002,数据科学,115.66,96.1,0,2024-09-24,2026-03-26
USER_002429,COURSE_00142,商业管理,134.63,66.09,0,2024-04-18,2026-03-21
USER_002508,COURSE_00108,商业管理,43.87,76.65,1,2024-09-09,2026-04-04
USER_000029,COURSE_00030,职业技能,74.7,76.0,1,2024-12-08,2026-04-06
USER_000907,COURSE_00049,语言学习,44.72,96.16,1,2024-02-12,2026-04-07
USER_003105,COURSE_00140,人工智能,71.55,74.44,1,2024-06-10,2026-04-01
USER_004000,COURSE_00044,语言学习,71.67,74.19,1,2024-08-19,2026-03-24
USER_002995,COURSE_00161,商业管理,93.45,60.32,0,2024-02-17,2026-03-30
USER_002507,COURSE_00013,职业技能,19.88,87.54,0,2024-01-19,2026-04-15
USER_004666,COURSE_00078,数据科学,146.37,61.14,1,2024-10-10,2026-04-15
USER_003610,COURSE_00126,商业管理,84.09,66.6,0,2024-04-30,2026-04-06
USER_003554,COURSE_00098,产品设计,132.13,65.91,1,2024-05-25,2026-03-20
USER_001454,COURSE_00026,商业管理,113.0,56.37,1,2024-06-11,2026-03-31
USER_004834,COURSE_00149,语言学习,62.5,93.17,1,2024-03-14,2026-03-22
USER_003357,COURSE_00156,人工智能,83.67,68.67,1,2024-02-08,2026-03-25
USER_000516,COURSE_00048,数据科学,194.2,80.67,0,2024-04-09,2026-04-03
USER_000039,COURSE_00168,语言学习,75.32,83.76,0,2024-07-16,2026-03-21
USER_003343,COURSE_00066,商业管理,128.28,81.03,0,2024-05-16,2026-04-08
USER_000887,COURSE_00087,产品设计,91.09,69.13,0,2024-05-23,2026-03-27
USER_002845,COURSE_00079,市场营销,76.56,100.0,0,2024-10-30,2026-04-09
USER_002205,COURSE_00023,职业技能,67.68,78.62,1,2024-12-11,2026-04-02
USER_001099,COURSE_00081,产品设计,92.02,73.52,0,2024-05-11,2026-04-08
USER_001824,COURSE_00048,商业管理,97.64,64.77,0,2024-05-16,2026-04-15
USER_003202,COURSE_00124,产品设计,68.83,76.88,0,2024-07-27,2026-03-18
USER_003156,COURSE_00130,职业技能,57.89,87.71,1,2024-10-30,2026-03-31
USER_003094,COURSE_00084,市场营销,52.87,100.0,0,2024-08-30,2026-04-16
USER_003531,COURSE_00020,产品设计,61.3,99.73,1,2024-08-04,2026-04-11
USER_003779,COURSE_00187,市场营销,82.63,81.23,1,2024-02-27,2026-03-21
USER_002897,COURSE_00046,商业管理,92.22,71.21,1,2024-12-24,2026-04-01
USER_003454,COURSE_00131,市场营销,93.28,89.34,1,2024-12-05,2026-03-20
USER_003512,COURSE_00183,语言学习,56.47,72.15,1,2024-02-16,2026-04-05
USER_000989,COURSE_00012,语言学习,98.06,91.57,1,2024-11-11,2026-04-15
USER_004117,COURSE_00040,市场营销,81.5,90.35,0,2024-03-14,2026-04-12
USER_004965,COURSE_00066,数据科学,137.68,80.59,1,2024-01-17,2026-03-28
USER_004027,COURSE_00100,人工智能,171.34,100.0,1,2024-03-27,2026-04-11
USER_004180,COURSE_00078,数据科学,108.54,79.52,1,2024-06-21,2026-03-30
USER_001683,COURSE_00016,市场营销,86.29,83.73,1,2024-07-17,2026-03-19
USER_004666,COURSE_00083,人工智能,125.27,80.44,0,2024-04-05,2026-03-22
USER_003964,COURSE_00162,语言学习,5.0,74.46,1,2024-05-18,2026-03-26
USER_000934,COURSE_00044,人工智能,169.75,82.63,0,2024-04-07,2026-04-01
USER_003599,COURSE_00134,市场营销,60.47,,0,2024-10-08,2026-04-14
USER_003234,COURSE_00192,语言学习,44.1,77.4,1,2024-07-19,2026-04-13
USER_001981,COURSE_00100,人工智能,113.76,100.0,1,2024-03-13,2026-04-03
USER_001856,COURSE_00022,人工智能,110.61,54.56,0,2024-06-13,2026-04-10
USER_003057,COURSE_00018,数据科学,117.9,81.58,0,2024-09-03,2026-04-01
USER_000793,COURSE_00012,人工智能,135.16,93.07,0,2024-07-01,2026-04-02
USER_000792,COURSE_00180,商业管理,101.33,84.27,0,2024-09-27,2026-03-31
USER_001810,COURSE_00123,市场营销,58.4,100.0,1,2024-07-01,2026-03-21
USER_002256,COURSE_00117,编程开发,196.95,74.61,1,2024-03-14,2026-03-25
USER_003611,COURSE_00051,编程开发,164.66,59.11,1,2024-02-01,2026-03-29
USER_001608,COURSE_00071,编程开发,120.61,60.2,1,2024-09-08,2026-03-21
USER_000985,COURSE_00048,市场营销,59.47,100.0,1,2024-05-18,2026-04-03
USER_003677,COURSE_00019,编程开发,107.61,80.54,1,2024-02-03,2026-03-23
USER_003381,COURSE_00006,数据科学,166.95,82.08,1,2024-12-23,2026-04-10
USER_000520,COURSE_00084,市场营销,72.92,66.08,1,2024-10-17,2026-03-28
USER_000591,COURSE_00155,商业管理,63.45,81.58,1,2024-02-13,2026-04-01
USER_001051,COURSE_00053,语言学习,111.35,91.89,1,2024-05-22,2026-03-25
USER_003634,COURSE_00107,商业管理,160.6,94.67,1,2024-02-24,2026-04-10
USER_004445,COURSE_00101,市场营销,61.97,81.64,1,2024-10-16,2026-04-08
USER_000960,COURSE_00048,市场营销,82.84,76.33,1,2024-06-09,2026-04-10
USER_000693,COURSE_00135,人工智能,106.01,65.33,0,2024-06-14,2026-04-13
USER_003900,COURSE_00187,人工智能,142.62,80.67,1,2024-09-29,2026-04-04
USER_004474,COURSE_00069,人工智能,103.55,74.6,0,2024-09-20,2026-03-30
USER_002947,COURSE_00011,职业技能,68.68,91.09,1,2024-02-09,2026-03-22
USER_000527,COURSE_00143,职业技能,47.27,97.97,0,2024-03-17,2026-04-02
USER_003225,COURSE_00192,产品设计,143.07,85.24,0,2024-12-26,2026-03-22
USER_002254,COURSE_00131,职业技能,30.67,78.32,0,2024-09-02,2026-04-13
USER_003345,COURSE_00122,数据科学,83.24,83.45,1,2024-06-22,2026-04-08
USER_003966,COURSE_00069,市场营销,82.8,65.02,1,2024-01-30,2026-04-03
USER_001876,COURSE_00023,商业管理,75.34,100.0,1,2024-11-12,2026-04-16
USER_001764,COURSE_00181,市场营销,47.31,85.94,1,2024-07-08,2026-03-23
USER_000521,COURSE_00037,人工智能,121.18,72.21,0,2024-10-28,2026-03-26
USER_001017,COURSE_00009,市场营销,49.89,99.55,1,2024-03-02,2026-03-23
USER_000117,COURSE_00015,语言学习,72.75,96.36,1,2024-11-27,2026-03-19
USER_002434,COURSE_00131,职业技能,13.06,90.72,1,2024-01-30,2026-04-08
USER_000584,COURSE_00093,市场营销,63.71,93.3,0,2024-12-05,2026-03-19
USER_000395,COURSE_00198,商业管理,129.58,81.56,1,2024-02-06,2026-04-01
USER_003789,COURSE_00017,编程开发,52.45,65.86,1,2024-03-27,2026-04-09
USER_002769,COURSE_00154,语言学习,39.36,96.39,1,2024-03-06,2026-03-20
USER_004168,COURSE_00149,语言学习,67.0,88.98,1,2024-11-03,2026-04-10
USER_003861,COURSE_00072,市场营销,80.74,98.9,0,2024-04-07,2026-04-03
USER_000274,COURSE_00149,产品设计,22.26,78.54,1,2024-05-26,2026-03-28
USER_002014,COURSE_00121,人工智能,93.68,67.83,1,2024-12-16,2026-04-14
USER_004434,COURSE_00011,数据科学,133.49,67.34,1,2024-05-08,2026-03-28
USER_001390,COURSE_00166,数据科学,227.61,66.46,1,2024-11-26,2026-04-06
USER_003567,COURSE_00072,编程开发,171.12,69.41,0,2024-12-09,2026-03-18
USER_004703,COURSE_00106,数据科学,64.79,84.38,0,2024-03-24,2026-03-26
USER_000166,COURSE_00125,数据科学,116.5,72.15,1,2024-09-02,2026-03-21
USER_001568,COURSE_00035,人工智能,149.33,73.48,1,2024-09-01,2026-04-14
USER_000729,COURSE_00119,职业技能,44.19,65.41,1,2024-01-22,2026-03-29
USER_002044,COURSE_00014,人工智能,123.33,74.89,1,2024-06-15,2026-03-21
USER_004198,COURSE_00014,产品设计,119.34,72.66,1,2024-08-26,2026-04-03
USER_003497,COURSE_00010,商业管理,102.82,52.9,0,2024-05-26,2026-03-30
USER_000779,COURSE_00140,编程开发,120.45,75.48,0,2024-11-02,2026-04-12
USER_000214,COURSE_00038,数据科学,99.33,50.52,1,2024-07-01,2026-04-10
USER_003763,COURSE_00108,产品设计,73.14,100.0,1,2024-05-07,2026-04-11
USER_001577,COURSE_00119,编程开发,122.04,77.56,1,2024-11-05,2026-04-02
USER_002449,COURSE_00034,语言学习,42.97,75.11,1,2024-06-25,2026-03-29
USER_002937,COURSE_00169,数据科学,98.5,67.17,0,2024-05-02,2026-04-13
USER_003118,COURSE_00010,数据科学,73.33,72.87,1,2024-03-18,2026-03-22
USER_000592,COURSE_00122,人工智能,111.13,79.42,1,2024-08-24,2026-03-20
USER_002721,COURSE_00145,市场营销,70.69,86.83,1,2024-06-13,2026-03-27
USER_000714,COURSE_00145,编程开发,114.54,90.47,1,2024-06-22,2026-04-02
USER_000936,COURSE_00195,数据科学,87.36,86.77,1,2024-01-31,2026-04-13
USER_004338,COURSE_00190,职业技能,21.3,80.0,1,2024-02-13,2026-03-31
USER_000002,COURSE_00115,编程开发,137.66,69.07,1,2024-12-22,2026-04-14
USER_002849,COURSE_00001,商业管理,114.9,83.19,1,2024-02-09,2026-04-04
USER_004045,COURSE_00012,职业技能,82.72,96.94,0,2024-01-13,2026-03-25
USER_001950,COURSE_00103,产品设计,100.57,71.04,1,2024-11-25,2026-03-31
USER_000918,COURSE_00004,职业技能,43.57,77.95,1,2024-09-22,2026-04-14
USER_003175,COURSE_00170,产品设计,108.16,87.95,0,2024-09-11,2026-03-22
USER_002242,COURSE_00141,市场营销,23.35,100.0,1,2024-05-09,2026-04-06
USER_000090,COURSE_00098,数据科学,96.14,65.42,0,2024-07-21,2026-03-30
USER_001710,COURSE_00106,职业技能,91.41,84.0,1,2024-09-22,2026-04-06
USER_002170,COURSE_00085,商业管理,122.89,88.49,1,2024-04-12,2026-03-31
USER_004239,COURSE_00121,人工智能,134.91,55.44,0,2024-10-24,2026-04-15
USER_003042,COURSE_00132,数据科学,98.51,52.74,1,2024-01-15,2026-04-10
USER_000106,COURSE_00082,编程开发,108.26,69.01,1,2024-03-16,2026-03-18
USER_000887,COURSE_00197,语言学习,44.17,100.0,1,2024-10-09,2026-03-28
USER_000428,COURSE_00019,产品设计,113.05,65.89,1,2024-01-02,2026-04-03
USER_001896,COURSE_00130,编程开发,96.2,85.78,0,2024-06-07,2026-04-12
USER_000317,COURSE_00012,市场营销,64.24,88.01,1,2024-07-23,2026-03-31
USER_000635,COURSE_00081,产品设计,136.76,47.1,1,2024-10-24,2026-04-04
USER_001926,COURSE_00074,人工智能,145.17,50.56,1,2024-02-13,2026-04-05
USER_002057,COURSE_00098,产品设计,189.03,100.0,1,2024-03-29,2026-03-30
USER_003145,COURSE_00006,语言学习,81.18,88.47,1,2024-05-17,2026-03-19
USER_002271,COURSE_00136,职业技能,60.11,77.57,0,2024-05-13,2026-04-16
USER_001440,COURSE_00125,商业管理,115.95,69.56,1,2024-05-17,2026-04-05
USER_000553,COURSE_00051,职业技能,31.44,90.72,0,2024-04-17,2026-04-11
USER_000716,COURSE_00011,数据科学,91.36,83.31,1,2024-12-10,2026-04-03
USER_003912,COURSE_00191,语言学习,82.69,100.0,0,2024-08-28,2026-03-30
USER_001714,COURSE_00185,商业管理,149.05,69.67,1,2024-09-21,2026-04-14
USER_003390,COURSE_00127,语言学习,38.7,89.44,0,2024-08-15,2026-03-22
USER_001108,COURSE_00140,数据科学,81.53,81.52,1,2024-12-22,2026-04-01
USER_004207,COURSE_00073,产品设计,105.65,97.28,1,2024-08-09,2026-03-27
USER_000251,COURSE_00002,市场营销,73.72,76.38,0,2024-12-14,2026-03-31
USER_002431,COURSE_00008,数据科学,92.12,54.97,0,2024-04-12,2026-04-03
USER_002055,COURSE_00139,数据科学,151.99,66.2,1,2024-07-07,2026-03-26
USER_000459,COURSE_00124,商业管理,63.58,73.96,1,2024-09-04,2026-04-11
USER_000208,COURSE_00053,人工智能,77.07,79.31,0,2024-06-11,2026-03-28
USER_000900,COURSE_00010,职业技能,46.01,93.07,0,2024-09-21,2026-03-21
USER_003462,COURSE_00112,产品设计,76.7,100.0,0,2024-05-09,2026-03-31
USER_003386,COURSE_00008,数据科学,78.67,81.34,0,2024-05-05,2026-03-25
USER_000022,COURSE_00036,市场营销,106.96,77.35,1,2024-06-18,2026-03-23
USER_000410,COURSE_00106,编程开发,116.3,46.97,1,2024-01-26,2026-04-01
USER_000895,COURSE_00014,产品设计,68.04,61.36,1,2024-04-28,2026-04-08
USER_000515,COURSE_00182,人工智能,107.21,59.73,1,2024-07-07,2026-04-03
USER_004905,COURSE_00086,语言学习,36.89,90.53,1,2024-05-19,2026-03-29
USER_004970,COURSE_00149,数据科学,83.86,92.14,1,2024-01-09,2026-03-19
USER_004110,COURSE_00050,市场营销,49.48,86.35,1,2024-04-05,2026-03-29
USER_002135,COURSE_00167,产品设计,151.35,,0,2024-05-19,2026-04-08
USER_003596,COURSE_00020,市场营销,10.04,81.93,0,2024-07-26,2026-04-13
USER_002957,COURSE_00087,市场营销,5.0,64.93,1,2024-11-06,2026-03-19
USER_001561,COURSE_00135,职业技能,5.0,98.09,0,2024-03-12,2026-04-07
USER_001267,COURSE_00137,商业管理,90.88,100.0,1,2024-03-13,2026-03-28
USER_002170,COURSE_00129,语言学习,70.32,74.31,1,2024-08-17,2026-04-02
USER_003639,COURSE_00154,人工智能,92.51,91.47,1,2024-04-18,2026-04-06
USER_000750,COURSE_00166,职业技能,80.46,80.59,0,2024-06-29,2026-03-26
USER_003428,COURSE_00038,产品设计,117.19,83.16,1,2024-02-03,2026-03-30
USER_004781,COURSE_00189,数据科学,103.92,86.18,1,2024-06-30,2026-04-16
USER_001928,COURSE_00044,人工智能,124.44,48.96,1,2024-07-28,2026-03-25
USER_003805,COURSE_00086,数据科学,149.85,74.47,1,2024-11-09,2026-04-03
USER_003703,COURSE_00044,编程开发,134.58,56.52,1,2024-05-22,2026-04-05
USER_002357,COURSE_00074,市场营销,37.93,84.38,1,2024-08-03,2026-03-24
USER_004791,COURSE_00119,编程开发,65.09,86.28,1,2024-04-26,2026-03-30
USER_002336,COURSE_00190,商业管理,50.63,48.78,1,2024-12-10,2026-03-30
USER_000307,COURSE_00122,市场营销,99.26,72.42,1,2024-03-24,2026-04-15
USER_003666,COURSE_00134,语言学习,84.71,94.9,1,2024-12-19,2026-03-21
USER_001990,COURSE_00145,人工智能,120.94,90.41,1,2024-02-29,2026-03-31
USER_000662,COURSE_00051,数据科学,176.54,94.82,1,2024-08-19,2026-03-25
USER_004645,COURSE_00038,职业技能,65.84,86.5,1,2024-07-26,2026-03-20
USER_000312,COURSE_00152,商业管理,99.74,100.0,0,2024-10-08,2026-03-28
USER_002921,COURSE_00051,语言学习,59.26,100.0,0,2024-03-11,2026-04-01
USER_001083,COURSE_00010,数据科学,110.45,61.82,0,2024-10-24,2026-03-27
USER_002972,COURSE_00120,人工智能,90.02,55.72,1,2024-11-07,2026-03-26
USER_000755,COURSE_00200,产品设计,93.43,85.6,1,2024-01-05,2026-04-03
USER_004131,COURSE_00149,商业管理,97.12,73.62,1,2024-06-23,2026-03-20
USER_004541,COURSE_00070,编程开发,126.74,78.55,0,2024-03-23,2026-03-24
USER_000353,COURSE_00085,编程开发,121.08,77.43,1,2024-07-20,2026-04-05
USER_000903,COURSE_00057,职业技能,37.33,83.25,0,2024-08-09,2026-04-02
USER_003889,COURSE_00126,数据科学,27.45,75.31,1,2024-07-31,2026-04-02
USER_000159,COURSE_00039,数据科学,73.81,61.79,0,2024-04-21,2026-04-10
USER_001978,COURSE_00033,数据科学,175.3,54.83,1,2024-08-20,2026-04-05
USER_000957,COURSE_00187,商业管理,72.53,73.07,0,2024-03-08,2026-04-01
USER_002072,COURSE_00018,人工智能,139.21,82.25,0,2024-01-25,2026-04-09
USER_000404,COURSE_00184,产品设计,90.6,63.98,1,2024-11-27,2026-03-23
USER_004612,COURSE_00057,编程开发,118.13,63.0,1,2024-06-11,2026-03-21
USER_002780,COURSE_00096,语言学习,94.31,73.43,1,2024-03-21,2026-04-14
USER_001388,COURSE_00048,市场营销,47.21,94.63,1,2024-10-02,2026-04-01
USER_003454,COURSE_00042,商业管理,72.93,90.84,0,2024-08-08,2026-04-11
USER_000956,COURSE_00027,商业管理,5.0,58.33,0,2024-04-03,2026-03-25
USER_001713,COURSE_00074,人工智能,156.11,79.85,1,2024-11-21,2026-03-19
USER_004704,COURSE_00110,编程开发,205.93,66.2,1,2024-09-30,2026-03-29
USER_001274,COURSE_00180,职业技能,93.05,84.29,1,2024-10-27,2026-03-27
USER_003812,COURSE_00170,产品设计,96.24,74.02,1,2024-01-07,2026-03-21
USER_002626,COURSE_00032,人工智能,78.51,63.23,1,2024-01-18,2026-04-16
USER_002383,COURSE_00026,语言学习,75.3,71.52,1,2024-06-14,2026-04-13
USER_001442,COURSE_00025,编程开发,5.0,67.15,0,2024-11-16,2026-03-30
USER_002980,COURSE_00075,人工智能,85.34,80.24,1,2024-07-21,2026-04-04
USER_001798,COURSE_00023,编程开发,150.52,91.6,1,2024-08-28,2026-03-27
USER_004391,COURSE_00057,编程开发,127.13,60.36,1,2024-01-30,2026-03-21
USER_004010,COURSE_00180,职业技能,65.51,74.16,1,2024-07-04,2026-04-16
USER_004851,COURSE_00126,商业管理,112.23,94.77,1,2024-07-28,2026-04-02
USER_001395,COURSE_00087,产品设计,103.56,91.81,0,2024-12-01,2026-03-23
USER_004282,COURSE_00031,商业管理,98.7,99.82,0,2024-04-11,2026-03-21
USER_001270,COURSE_00064,市场营销,48.09,100.0,1,2024-07-04,2026-03-23
USER_004733,COURSE_00199,产品设计,80.09,63.31,0,2024-12-12,2026-04-09
USER_003715,COURSE_00033,编程开发,130.73,58.05,1,2024-07-25,2026-04-10
USER_000530,COURSE_00002,人工智能,145.36,81.11,1,2024-04-25,2026-04-13
USER_003624,COURSE_00018,语言学习,84.66,73.92,0,2024-08-05,2026-04-15
USER_002959,COURSE_00175,职业技能,52.55,94.27,1,2024-06-15,2026-04-12
USER_002915,COURSE_00161,产品设计,95.73,81.61,1,2024-10-15,2026-03-19
USER_004890,COURSE_00084,市场营销,,79.91,1,2024-06-09,2026-04-14
USER_003592,COURSE_00035,编程开发,97.67,96.71,1,2024-05-03,2026-03-26
USER_002148,COURSE_00179,语言学习,74.26,100.0,0,2024-05-13,2026-04-16
USER_004574,COURSE_00114,产品设计,77.48,94.86,1,2024-11-22,2026-04-03
USER_003370,COURSE_00146,商业管理,72.18,74.36,1,2024-08-23,2026-03-20
USER_000940,COURSE_00110,商业管理,108.57,54.39,1,2024-06-29,2026-03-31
USER_000526,COURSE_00088,产品设计,38.57,60.96,0,2024-12-01,2026-04-13
USER_000002,COURSE_00072,产品设计,123.53,87.53,1,2024-09-22,2026-04-01
USER_000375,COURSE_00125,产品设计,74.35,66.33,1,2024-04-12,2026-04-03
USER_002341,COURSE_00030,语言学习,74.51,98.21,0,2024-10-17,2026-04-07
USER_004006,COURSE_00172,商业管理,113.95,87.79,1,2024-11-01,2026-04-12
USER_003053,COURSE_00053,人工智能,108.7,77.44,1,2024-05-01,2026-04-14
USER_004649,COURSE_00138,市场营销,44.9,79.98,0,2024-04-02,2026-04-01
USER_002366,COURSE_00087,市场营销,58.05,99.16,1,2024-08-01,2026-04-09
USER_001526,COURSE_00180,职业技能,113.76,69.93,1,2024-10-30,2026-04-07
USER_004477,COURSE_00177,编程开发,85.16,63.83,0,2024-10-22,2026-03-22
USER_001647,COURSE_00139,数据科学,146.79,60.84,1,2024-03-02,2026-03-26
USER_000014,COURSE_00194,人工智能,115.55,71.85,1,2024-02-29,2026-04-03
USER_004600,COURSE_00186,商业管理,76.99,88.39,0,2024-09-25,2026-04-05
USER_002279,COURSE_00164,编程开发,91.26,100.0,1,2024-04-06,2026-03-29
USER_003156,COURSE_00161,职业技能,45.28,77.29,1,2024-10-30,2026-04-09
USER_000130,COURSE_00175,编程开发,108.13,99.78,1,2024-05-21,2026-04-06
USER_003815,COURSE_00013,产品设计,132.09,74.83,0,2024-10-11,2026-03-30
USER_004934,COURSE_00040,数据科学,125.3,66.89,1,2024-07-02,2026-04-01
USER_003217,COURSE_00089,商业管理,67.88,100.0,1,2024-03-04,2026-03-24
USER_002939,COURSE_00068,数据科学,192.76,82.01,1,2024-06-28,2026-03-30
USER_003929,COURSE_00042,人工智能,88.5,67.95,0,2024-06-28,2026-04-15
USER_002041,COURSE_00147,数据科学,110.56,67.65,1,2024-01-05,2026-04-05
USER_000028,COURSE_00094,编程开发,141.75,99.03,1,2024-07-19,2026-03-28
USER_002114,COURSE_00019,数据科学,12.8,70.6,1,2024-04-29,2026-03-26
USER_001253,COURSE_00186,数据科学,205.74,71.15,1,2024-12-01,2026-03-20
USER_004357,COURSE_00023,市场营销,67.18,55.31,0,2024-10-12,2026-04-08
USER_002047,COURSE_00054,商业管理,130.78,64.7,0,2024-12-24,2026-03-30
USER_004556,COURSE_00065,商业管理,103.27,67.02,1,2024-06-10,2026-04-07
USER_004024,COURSE_00140,编程开发,24.32,80.2,1,2024-09-08,2026-04-04
USER_004397,COURSE_00024,语言学习,79.1,84.33,1,2024-10-03,2026-04-16
USER_003375,COURSE_00034,数据科学,69.4,72.88,1,2024-06-28,2026-03-25
USER_003467,COURSE_00053,数据科学,93.19,100.0,1,2024-04-05,2026-04-06
USER_003082,COURSE_00136,产品设计,102.42,87.95,1,2024-10-13,2026-03-31
USER_003779,COURSE_00018,商业管理,121.74,75.31,0,2024-12-27,2026-03-19
USER_000630,COURSE_00057,数据科学,78.29,78.05,0,2024-05-08,2026-04-01
USER_000270,COURSE_00112,商业管理,76.48,100.0,0,2024-11-20,2026-04-14
USER_002640,COURSE_00005,数据科学,68.2,96.88,1,2024-06-14,2026-04-13
USER_001994,COURSE_00154,市场营销,20.29,71.97,1,2024-01-13,2026-03-21
USER_002892,COURSE_00158,编程开发,169.22,80.96,1,2024-09-16,2026-03-23
USER_004958,COURSE_00182,商业管理,58.98,97.57,0,2024-04-26,2026-04-15
USER_003433,COURSE_00013,人工智能,84.83,64.3,1,2024-06-12,2026-04-13
USER_001281,COURSE_00083,编程开发,138.97,81.16,1,2024-09-11,2026-03-20
USER_002361,COURSE_00029,产品设计,73.07,82.74,0,2024-03-20,2026-03-25
USER_000576,COURSE_00003,编程开发,138.86,61.68,0,2024-02-19,2026-03-24
USER_001308,COURSE_00090,数据科学,73.14,73.1,0,2024-01-25,2026-03-28
USER_003193,COURSE_00104,产品设计,85.56,100.0,1,2024-04-17,2026-04-16
USER_003179,COURSE_00123,编程开发,188.71,80.12,1,2024-10-07,2026-03-19
USER_002735,COURSE_00186,职业技能,83.44,100.0,0,2024-01-21,2026-03-19
USER_002213,COURSE_00076,产品设计,111.97,81.4,1,2024-06-18,2026-04-04
USER_002353,COURSE_00130,职业技能,36.55,79.4,1,2024-08-03,2026-03-18
USER_003569,COURSE_00108,人工智能,123.5,100.0,1,2024-04-03,2026-03-31
USER_001656,COURSE_00156,编程开发,144.0,70.36,1,2024-06-03,2026-03-29
USER_001580,COURSE_00082,商业管理,104.87,83.0,0,2024-09-23,2026-03-21
USER_002204,COURSE_00077,商业管理,134.95,96.87,1,2024-12-28,2026-03-20
USER_001391,COURSE_00002,语言学习,59.5,76.85,0,2024-08-08,2026-04-03
USER_001743,COURSE_00127,数据科学,143.24,100.0,0,2024-03-16,2026-03-29
USER_001926,COURSE_00135,职业技能,82.29,91.66,1,2024-06-20,2026-03-28
USER_000620,COURSE_00026,产品设计,104.42,86.91,0,2024-05-06,2026-03-28
USER_001275,COURSE_00088,语言学习,78.71,89.83,1,2024-09-03,2026-04-07
USER_000957,COURSE_00016,语言学习,50.0,76.48,1,2024-02-09,2026-03-18
USER_001940,COURSE_00151,市场营销,97.7,92.67,1,2024-10-30,2026-03-21
USER_003954,COURSE_00168,职业技能,42.23,100.0,0,2024-11-24,2026-03-29
USER_002382,COURSE_00188,产品设计,78.46,70.87,0,2024-01-27,2026-04-04
USER_000969,COURSE_00073,语言学习,30.83,100.0,1,2024-11-14,2026-04-08
USER_001317,COURSE_00032,市场营销,5.75,70.67,1,2024-01-13,2026-03-27
USER_001044,COURSE_00015,语言学习,34.24,88.07,1,2024-07-19,2026-04-01
USER_000282,COURSE_00141,数据科学,96.23,33.53,1,2024-06-27,2026-04-08
USER_002845,COURSE_00005,人工智能,62.76,74.46,0,2024-02-05,2026-04-02
USER_001059,COURSE_00074,职业技能,61.66,54.5,0,2024-03-27,2026-03-22
USER_004294,COURSE_00052,市场营销,57.96,97.85,0,2024-09-18,2026-04-08
USER_002533,COURSE_00077,人工智能,126.0,63.52,1,2024-08-23,2026-03-30
USER_003829,COURSE_00169,产品设计,88.28,84.41,1,2024-01-07,2026-03-30
USER_001009,COURSE_00181,数据科学,168.6,81.51,1,2024-02-02,2026-04-02
USER_001230,COURSE_00110,市场营销,37.56,96.86,1,2024-11-23,2026-04-10
USER_001036,COURSE_00178,产品设计,81.72,69.83,1,2024-10-19,2026-03-27
USER_004586,COURSE_00143,语言学习,119.47,83.91,1,2024-01-16,2026-04-05
USER_000276,COURSE_00106,商业管理,133.93,97.77,1,2024-03-09,2026-03-25
USER_002741,COURSE_00127,编程开发,81.56,65.77,0,2024-05-24,2026-03-31
USER_002290,COURSE_00007,产品设计,110.31,96.63,1,2024-06-22,2026-04-10
USER_001240,COURSE_00040,人工智能,147.21,90.86,1,2024-03-17,2026-04-13
USER_000126,COURSE_00156,数据科学,171.76,48.6,1,2024-02-05,2026-04-11
USER_004066,COURSE_00160,数据科学,110.84,81.38,1,2024-06-22,2026-03-21
USER_004313,COURSE_00099,产品设计,113.8,74.63,1,2024-01-01,2026-04-02
USER_003869,COURSE_00143,语言学习,44.67,79.92,1,2024-02-08,2026-04-12
USER_001209,COURSE_00085,编程开发,178.01,58.17,1,2024-09-12,2026-04-02
USER_003250,COURSE_00198,职业技能,100.45,100.0,0,2024-02-20,2026-04-05
USER_000919,COURSE_00065,人工智能,115.84,60.17,0,2024-04-16,2026-03-23
USER_003924,COURSE_00132,产品设计,105.02,72.76,1,2024-08-14,2026-03-28
USER_004404,COURSE_00011,产品设计,53.22,71.31,1,2024-12-21,2026-04-07
USER_001970,COURSE_00108,商业管理,71.46,90.19,1,2024-08-10,2026-03-23
USER_002794,COURSE_00026,数据科学,82.8,68.92,1,2024-07-10,2026-03-23
USER_000892,COURSE_00189,人工智能,111.93,62.72,1,2024-03-17,2026-03-30
USER_004471,COURSE_00165,编程开发,80.52,69.31,1,2024-03-04,2026-04-01
USER_002034,COURSE_00151,数据科学,181.08,83.55,1,2024-09-16,2026-04-14
USER_001365,COURSE_00085,产品设计,60.43,96.0,1,2024-06-10,2026-03-20
USER_000129,COURSE_00168,数据科学,119.4,76.94,1,2024-01-02,2026-04-16
USER_001015,COURSE_00151,数据科学,143.23,86.21,1,2024-07-22,2026-04-06
USER_001800,COURSE_00123,市场营销,53.8,64.12,0,2024-06-15,2026-03-31
USER_004613,COURSE_00144,数据科学,98.39,86.94,1,2024-10-04,2026-03-19
USER_001519,COURSE_00189,语言学习,5.0,73.28,0,2024-12-11,2026-04-10
USER_004182,COURSE_00068,数据科学,119.42,76.44,1,2024-03-09,2026-04-11
USER_001199,COURSE_00104,职业技能,68.8,62.18,1,2024-10-16,2026-04-02
USER_003874,COURSE_00080,语言学习,57.87,86.34,1,2024-03-10,2026-04-12
USER_002475,COURSE_00159,人工智能,91.64,85.33,1,2024-04-08,2026-04-08
USER_003486,COURSE_00053,数据科学,77.15,87.04,0,2024-01-10,2026-04-07
USER_004050,COURSE_00106,编程开发,,58.04,1,2024-03-06,2026-04-11
USER_003720,COURSE_00153,语言学习,55.28,72.91,0,2024-02-14,2026-03-26
USER_000303,COURSE_00044,语言学习,32.98,87.36,1,2024-10-12,2026-04-07
USER_003953,COURSE_00140,产品设计,103.39,70.4,1,2024-05-29,2026-03-28
USER_004684,COURSE_00090,人工智能,125.66,73.11,1,2024-03-06,2026-04-07
USER_000987,COURSE_00101,数据科学,121.52,90.05,0,2024-12-19,2026-04-10
USER_001864,COURSE_00097,商业管理,32.3,71.47,1,2024-05-03,2026-04-05
USER_004441,COURSE_00009,编程开发,100.92,65.75,0,2024-12-30,2026-04-04
USER_004910,COURSE_00012,产品设计,109.26,67.82,0,2024-12-17,2026-04-05
USER_003073,COURSE_00069,人工智能,109.9,66.56,0,2024-11-15,2026-04-05
USER_003125,COURSE_00182,职业技能,100.9,89.94,1,2024-01-17,2026-04-06
USER_001328,COURSE_00182,语言学习,42.25,94.78,1,2024-02-14,2026-03-24
USER_002409,COURSE_00028,编程开发,174.7,72.9,0,2024-04-14,2026-03-19
USER_003674,COURSE_00056,职业技能,79.92,95.77,0,2024-12-20,2026-04-16
USER_003292,COURSE_00099,数据科学,141.56,70.17,0,2024-06-21,2026-03-22
USER_004034,COURSE_00197,商业管理,95.16,71.17,1,2024-03-03,2026-04-04
USER_000704,COURSE_00110,市场营销,,80.77,1,2024-06-13,2026-04-03
USER_000575,COURSE_00077,市场营销,80.67,99.57,1,2024-11-22,2026-03-24
USER_003233,COURSE_00103,人工智能,194.5,91.2,1,2024-08-26,2026-04-05
USER_004784,COURSE_00106,商业管理,99.57,97.81,1,2024-05-14,2026-04-05
USER_002633,COURSE_00109,编程开发,82.43,75.6,0,2024-05-01,2026-03-27
USER_003829,COURSE_00112,产品设计,67.94,93.59,1,2024-02-23,2026-03-30
USER_003231,COURSE_00058,编程开发,122.83,87.21,1,2024-06-24,2026-03-20
USER_000489,COURSE_00078,商业管理,123.25,63.09,1,2024-08-19,2026-04-11
USER_001348,COURSE_00075,职业技能,35.06,91.85,1,2024-06-03,2026-03-29
USER_003682,COURSE_00042,语言学习,108.75,97.55,1,2024-06-19,2026-03-28
USER_003174,COURSE_00166,市场营销,40.54,87.59,0,2024-04-05,2026-03-31
USER_004590,COURSE_00068,人工智能,116.89,76.69,0,2024-08-17,2026-04-11
USER_001668,COURSE_00181,数据科学,151.18,89.93,1,2024-08-11,2026-03-24
USER_001638,COURSE_00033,编程开发,134.74,71.54,0,2024-08-05,2026-03-28
USER_004115,COURSE_00071,市场营销,36.12,80.12,0,2024-04-07,2026-04-06
USER_003554,COURSE_00056,产品设计,129.64,55.79,1,2024-11-10,2026-03-26
USER_001001,COURSE_00105,人工智能,93.13,83.43,1,2024-06-24,2026-04-08
USER_000851,COURSE_00200,数据科学,146.78,70.58,1,2024-02-14,2026-03-27
USER_001389,COURSE_00101,编程开发,123.13,69.45,0,2024-06-16,2026-04-11
USER_003713,COURSE_00051,产品设计,96.54,81.48,1,2024-07-04,2026-03-20
USER_001368,COURSE_00074,数据科学,106.74,89.97,0,2024-12-04,2026-03-27
USER_000822,COURSE_00171,语言学习,73.39,81.47,0,2024-06-17,2026-03-23
USER_000455,COURSE_00121,市场营销,69.76,76.78,0,2024-05-20,2026-04-11
USER_001625,COURSE_00143,语言学习,92.3,94.91,1,2024-02-07,2026-04-06
USER_002773,COURSE_00166,市场营销,76.6,62.98,1,2024-07-29,2026-04-10
USER_003727,COURSE_00143,产品设计,97.34,100.0,1,2024-02-06,2026-04-04
USER_003148,COURSE_00005,职业技能,29.76,97.69,1,2024-03-09,2026-03-30
USER_004090,COURSE_00083,语言学习,101.58,69.89,0,2024-12-16,2026-04-10
USER_004807,COURSE_00182,市场营销,94.89,73.58,1,2024-04-28,2026-03-31
USER_002191,COURSE_00051,人工智能,130.66,74.21,1,2024-01-13,2026-04-13
USER_000917,COURSE_00010,产品设计,34.07,100.0,0,2024-02-12,2026-04-13
USER_003987,COURSE_00140,市场营销,49.01,100.0,0,2024-10-10,2026-04-04
USER_002876,COURSE_00004,编程开发,97.44,71.9,1,2024-03-31,2026-03-28
USER_001441,COURSE_00095,市场营销,68.91,90.88,1,2024-04-15,2026-04-16
USER_004401,COURSE_00146,语言学习,111.12,88.38,1,2024-07-11,2026-04-02
USER_000736,COURSE_00080,人工智能,168.92,60.42,1,2024-11-27,2026-03-29
USER_003569,COURSE_00036,数据科学,107.37,84.02,0,2024-11-06,2026-03-18
USER_003339,COURSE_00025,职业技能,66.95,61.84,0,2024-07-06,2026-03-31
USER_003016,COURSE_00098,数据科学,127.19,82.14,1,2024-02-08,2026-04-14
USER_002890,COURSE_00164,市场营销,60.54,100.0,1,2024-03-07,2026-04-16
USER_000962,COURSE_00101,数据科学,188.06,87.67,0,2024-05-20,2026-04-01
USER_002990,COURSE_00195,市场营销,39.06,89.72,1,2024-02-10,2026-04-01
USER_003849,COURSE_00009,人工智能,133.35,82.65,0,2024-04-13,2026-04-15
USER_001027,COURSE_00061,数据科学,72.25,75.36,1,2024-05-05,2026-04-04
USER_003866,COURSE_00053,语言学习,126.03,85.93,1,2024-09-25,2026-04-08
USER_002864,COURSE_00146,语言学习,83.67,91.37,1,2024-02-21,2026-03-27
USER_002502,COURSE_00171,编程开发,118.85,65.2,1,2024-01-19,2026-04-05
USER_001948,COURSE_00163,市场营销,41.32,93.94,1,2024-08-23,2026-04-02
USER_001178,COURSE_00063,数据科学,168.13,66.76,0,2024-11-27,2026-04-09
USER_004761,COURSE_00121,语言学习,33.23,99.49,1,2024-07-12,2026-04-03
USER_000012,COURSE_00105,商业管理,64.58,100.0,1,2024-02-18,2026-03-25
USER_004400,COURSE_00004,人工智能,152.39,75.88,1,2024-04-20,2026-04-12
USER_003365,COURSE_00093,职业技能,94.76,77.69,1,2024-06-24,2026-04-13
USER_003023,COURSE_00169,人工智能,111.2,86.09,1,2024-08-26,2026-04-13
USER_003372,COURSE_00173,商业管理,60.01,100.0,1,2024-09-05,2026-04-05
USER_002831,COURSE_00178,商业管理,73.93,84.8,1,2024-10-12,2026-04-02
USER_000043,COURSE_00028,编程开发,94.21,46.85,1,2024-04-18,2026-04-03
USER_000944,COURSE_00170,人工智能,106.35,100.0,0,2024-10-22,2026-04-07
USER_002391,COURSE_00080,人工智能,117.78,96.17,1,2024-12-21,2026-04-13
USER_002546,COURSE_00076,数据科学,54.18,74.05,1,2024-09-19,2026-04-16
USER_002412,COURSE_00116,市场营销,49.92,92.13,0,2024-09-15,2026-03-19
USER_004987,COURSE_00069,产品设计,82.21,61.03,0,2024-09-16,2026-04-04
USER_001005,COURSE_00098,职业技能,32.14,80.38,1,2024-03-07,2026-03-18
USER_000021,COURSE_00001,人工智能,98.38,75.43,1,2024-09-13,2026-04-01
USER_000407,COURSE_00167,职业技能,79.31,57.57,1,2024-01-19,2026-04-03
USER_001015,COURSE_00096,职业技能,89.07,82.79,1,2024-05-13,2026-03-29
USER_004432,COURSE_00017,职业技能,85.42,94.41,1,2024-12-15,2026-03-29
USER_001839,COURSE_00112,人工智能,89.05,78.35,1,2024-07-30,2026-04-13
USER_003189,COURSE_00091,产品设计,86.91,62.86,1,2024-09-04,2026-03-29
USER_000715,COURSE_00088,人工智能,160.99,92.18,1,2024-04-19,2026-04-10
USER_004147,COURSE_00163,数据科学,161.09,70.65,1,2024-05-07,2026-03-21
USER_003855,COURSE_00174,数据科学,89.66,94.74,0,2024-12-13,2026-03-27
USER_004420,COURSE_00170,产品设计,28.76,86.67,0,2024-12-26,2026-03-26
USER_004885,COURSE_00167,语言学习,56.0,77.21,0,2024-05-03,2026-04-12
USER_000141,COURSE_00090,人工智能,103.89,60.56,1,2024-12-25,2026-03-18
USER_004566,COURSE_00049,语言学习,77.86,97.06,1,2024-05-09,2026-03-31
USER_004883,COURSE_00190,职业技能,48.58,78.84,0,2024-11-13,2026-03-18
USER_000964,COURSE_00038,人工智能,82.55,100.0,0,2024-04-09,2026-03-20
USER_000373,COURSE_00151,市场营销,90.71,94.37,1,2024-10-18,2026-03-28
USER_003636,COURSE_00150,人工智能,140.55,65.08,1,2024-05-08,2026-03-30
USER_002542,COURSE_00132,数据科学,90.82,68.87,0,2024-10-20,2026-04-05
USER_003611,COURSE_00177,编程开发,90.6,61.46,1,2024-07-10,2026-03-24
USER_001693,COURSE_00059,商业管理,56.09,66.53,0,2024-11-12,2026-03-23
USER_000106,COURSE_00068,编程开发,96.84,58.73,0,2024-10-30,2026-04-13
USER_001682,COURSE_00199,编程开发,112.54,93.89,0,2024-06-28,2026-04-02
USER_004098,COURSE_00130,编程开发,,80.22,1,2024-04-04,2026-03-21
USER_004017,COURSE_00049,商业管理,99.44,92.09,1,2024-11-27,2026-04-14
USER_002637,COURSE_00126,语言学习,51.52,69.0,0,2024-02-25,2026-03-31
USER_002138,COURSE_00159,商业管理,63.98,81.36,1,2024-05-25,2026-03-23
USER_003417,COURSE_00111,语言学习,38.38,70.81,0,2024-07-21,2026-04-03
USER_004446,COURSE_00168,商业管理,99.58,93.86,0,2024-01-21,2026-04-12
USER_003531,COURSE_00048,商业管理,84.99,78.55,1,2024-04-09,2026-03-21
USER_001287,COURSE_00051,人工智能,100.13,64.59,0,2024-08-27,2026-04-16
USER_003180,COURSE_00043,语言学习,49.13,59.26,0,2024-05-21,2026-03-25
USER_003655,COURSE_00098,人工智能,179.94,87.91,0,2024-08-26,2026-04-07
USER_002360,COURSE_00183,市场营销,80.23,89.44,1,2024-05-10,2026-03-19
USER_000445,COURSE_00177,人工智能,,90.45,0,2024-01-01,2026-04-04
USER_000036,COURSE_00124,编程开发,142.7,73.05,1,2024-09-12,2026-04-06
USER_001476,COURSE_00080,产品设计,148.74,92.73,0,2024-08-30,2026-04-04
USER_003958,COURSE_00185,产品设计,91.84,80.25,0,2024-01-08,2026-03-24
USER_001799,COURSE_00111,数据科学,33.19,61.27,0,2024-02-06,2026-03-29
USER_001846,COURSE_00143,数据科学,53.93,67.18,0,2024-04-05,2026-04-15
USER_001409,COURSE_00027,职业技能,71.33,75.31,1,2024-08-10,2026-04-13
USER_001709,COURSE_00196,人工智能,104.39,74.23,1,2024-03-10,2026-03-20
USER_002939,COURSE_00192,商业管理,31.13,,1,2024-01-16,2026-03-30
USER_001301,COURSE_00158,商业管理,74.95,76.34,1,2024-08-02,2026-03-25
USER_001244,COURSE_00164,产品设计,46.06,96.99,0,2024-03-28,2026-04-03
USER_003977,COURSE_00195,编程开发,171.62,62.62,0,2024-01-22,2026-04-07
USER_003098,COURSE_00113,语言学习,124.88,91.04,1,2024-04-04,2026-03-20
USER_004617,COURSE_00086,编程开发,180.75,69.05,0,2024-12-29,2026-03-29
USER_000010,COURSE_00114,职业技能,80.59,84.74,1,2024-08-04,2026-03-22
USER_002426,COURSE_00124,编程开发,171.31,71.33,0,2024-02-11,2026-04-11
USER_001661,COURSE_00049,人工智能,110.87,50.45,1,2024-10-04,2026-04-06
USER_002632,COURSE_00076,人工智能,174.74,90.23,1,2024-02-27,2026-04-04
USER_004816,COURSE_00055,市场营销,39.14,83.06,1,2024-12-11,2026-04-05
USER_001073,COURSE_00056,职业技能,99.35,92.25,1,2024-01-13,2026-04-10
USER_003226,COURSE_00196,编程开发,178.44,83.14,1,2024-03-07,2026-04-08
USER_004955,COURSE_00095,商业管理,87.09,80.16,1,2024-01-16,2026-04-05
USER_001317,COURSE_00044,商业管理,119.9,68.78,0,2024-01-18,2026-03-29
USER_004146,COURSE_00159,职业技能,,77.47,0,2024-12-10,2026-04-13
USER_003684,COURSE_00186,编程开发,145.16,73.09,1,2024-08-30,2026-04-08
USER_003274,COURSE_00087,人工智能,123.94,71.99,1,2024-03-27,2026-04-15
USER_000146,COURSE_00181,人工智能,132.47,84.68,1,2024-01-20,2026-04-16
USER_003041,COURSE_00084,市场营销,92.35,80.63,1,2024-03-19,2026-04-12
USER_001463,COURSE_00151,市场营销,36.0,90.48,0,2024-04-13,2026-03-18
USER_004677,COURSE_00156,数据科学,72.23,70.21,1,2024-02-12,2026-03-28
USER_001585,COURSE_00016,职业技能,24.21,100.0,1,2024-03-27,2026-04-05
USER_000483,COURSE_00165,产品设计,124.3,95.55,1,2024-09-11,2026-03-26
USER_003180,COURSE_00149,编程开发,174.04,88.7,1,2024-04-01,2026-03-20
USER_001250,COURSE_00145,职业技能,6.02,89.96,1,2024-05-03,2026-04-13
USER_004769,COURSE_00037,商业管理,117.39,85.78,1,2024-01-13,2026-04-10
USER_000631,COURSE_00077,编程开发,111.03,62.72,1,2024-10-29,2026-04-12
USER_000662,COURSE_00147,市场营销,89.67,86.38,1,2024-02-13,2026-04-12
USER_003504,COURSE_00158,市场营销,90.92,78.06,1,2024-04-15,2026-04-15
USER_002853,COURSE_00045,数据科学,106.8,98.32,1,2024-04-18,2026-03-19
USER_002467,COURSE_00146,产品设计,114.6,94.19,1,2024-01-23,2026-04-03
USER_000988,COURSE_00062,数据科学,80.4,71.84,1,2024-04-26,2026-04-13
USER_001547,COURSE_00164,商业管理,110.52,82.02,1,2024-09-08,2026-03-29
USER_000650,COURSE_00100,产品设计,105.01,61.28,1,2024-11-19,2026-03-18
USER_000969,COURSE_00052,语言学习,62.35,96.11,0,2024-04-04,2026-04-09
USER_002638,COURSE_00019,编程开发,94.35,74.42,0,2024-10-26,2026-04-16
USER_001101,COURSE_00109,数据科学,79.84,67.01,1,2024-02-24,2026-04-01
USER_000441,COURSE_00044,市场营销,52.07,79.2,1,2024-11-29,2026-04-12
USER_000770,COURSE_00007,数据科学,,68.32,1,2024-11-10,2026-03-18
USER_001344,COURSE_00172,语言学习,,95.35,0,2024-02-08,2026-03-19
USER_004359,COURSE_00117,数据科学,128.84,,0,2024-03-12,2026-04-11
USER_003730,COURSE_00068,编程开发,122.55,77.88,1,2024-10-18,2026-04-14
USER_003907,COURSE_00034,语言学习,95.19,70.84,0,2024-07-09,2026-03-21
USER_001578,COURSE_00194,职业技能,59.29,98.4,1,2024-07-20,2026-04-05
USER_004009,COURSE_00069,职业技能,102.47,77.88,1,2024-10-14,2026-03-29
USER_003352,COURSE_00055,职业技能,74.12,77.67,0,2024-11-12,2026-04-11
USER_004796,COURSE_00010,市场营销,63.84,88.11,0,2024-07-23,2026-04-06
USER_002350,COURSE_00042,市场营销,600.0,89.79,1,2024-05-20,2026-03-28
USER_003603,COURSE_00041,职业技能,86.54,66.48,0,2024-03-20,2026-04-05
USER_001242,COURSE_00197,职业技能,17.57,100.0,1,2024-02-03,2026-04-04
USER_001126,COURSE_00122,职业技能,60.33,100.0,1,2024-12-25,2026-03-21
USER_002602,COURSE_00138,人工智能,59.29,55.52,1,2024-09-01,2026-04-07
USER_001191,COURSE_00010,职业技能,65.72,65.61,0,2024-12-04,2026-04-03
USER_004132,COURSE_00102,语言学习,73.28,99.46,0,2024-07-09,2026-04-12
USER_004840,COURSE_00188,人工智能,90.71,40.65,1,2024-05-07,2026-04-09
USER_004449,COURSE_00128,人工智能,178.92,53.7,1,2024-01-19,2026-04-05
USER_000073,COURSE_00179,编程开发,144.05,100.0,1,2024-04-25,2026-04-07
USER_001915,COURSE_00149,数据科学,123.16,85.54,1,2024-11-13,2026-04-01
USER_002473,COURSE_00136,市场营销,45.12,89.94,1,2024-11-01,2026-03-20
USER_003047,COURSE_00193,市场营销,70.68,67.17,1,2024-08-24,2026-03-30
USER_000708,COURSE_00092,数据科学,99.52,78.13,1,2024-08-12,2026-03-18
USER_001805,COURSE_00113,市场营销,41.42,79.1,1,2024-10-06,2026-04-08
USER_003714,COURSE_00078,数据科学,146.48,89.59,1,2024-12-07,2026-03-19
USER_002565,COURSE_00085,语言学习,51.65,100.0,0,2024-12-17,2026-03-18
USER_002476,COURSE_00030,编程开发,170.79,77.51,1,2024-12-07,2026-04-03
USER_003611,COURSE_00049,职业技能,75.8,93.43,1,2024-04-11,2026-03-31
USER_004256,COURSE_00009,编程开发,167.29,89.76,0,2024-09-22,2026-04-04
USER_002824,COURSE_00145,商业管理,115.67,100.0,1,2024-06-19,2026-04-14
USER_001736,COURSE_00069,编程开发,118.09,83.61,1,2024-03-08,2026-03-25
USER_001586,COURSE_00058,数据科学,145.01,85.15,1,2024-04-17,2026-04-10
USER_000067,COURSE_00185,商业管理,92.24,70.19,0,2024-10-11,2026-04-11
USER_003062,COURSE_00062,数据科学,125.86,95.39,1,2024-02-25,2026-04-01
USER_002429,COURSE_00052,职业技能,57.22,99.05,1,2024-03-29,2026-04-07
USER_004154,COURSE_00189,产品设计,120.0,74.18,0,2024-05-11,2026-04-12
USER_000342,COURSE_00040,商业管理,50.88,74.4,0,2024-07-22,2026-04-01
USER_002775,COURSE_00166,职业技能,31.88,77.57,1,2024-05-04,2026-03-20
USER_002818,COURSE_00171,职业技能,87.44,79.28,0,2024-10-26,2026-03-29
USER_002662,COURSE_00063,市场营销,75.89,67.08,1,2024-12-15,2026-04-08
USER_001233,COURSE_00147,市场营销,,90.81,1,2024-11-04,2026-03-27
USER_003875,COURSE_00050,产品设计,122.46,57.7,0,2024-04-03,2026-04-16
USER_002402,COURSE_00161,产品设计,102.91,69.25,1,2024-01-09,2026-04-04
USER_001495,COURSE_00141,编程开发,109.88,60.31,0,2024-03-11,2026-04-13
USER_004212,COURSE_00078,职业技能,56.84,78.43,1,2024-01-19,2026-03-20
USER_000662,COURSE_00097,产品设计,69.43,71.14,0,2024-08-01,2026-04-02
USER_003884,COURSE_00190,数据科学,144.3,67.68,1,2024-07-16,2026-04-12
USER_003620,COURSE_00043,职业技能,7.57,63.74,1,2024-07-06,2026-04-06
USER_001869,COURSE_00177,人工智能,131.44,55.92,1,2024-10-29,2026-03-28
USER_002335,COURSE_00036,数据科学,93.58,85.86,0,2024-06-06,2026-04-15
USER_003375,COURSE_00122,商业管理,89.94,60.73,0,2024-05-24,2026-04-06
USER_001017,COURSE_00108,产品设计,77.1,89.69,0,2024-09-20,2026-04-16
USER_004407,COURSE_00010,市场营销,69.11,100.0,1,2024-05-25,2026-04-04
USER_000208,COURSE_00095,数据科学,128.5,88.21,0,2024-05-28,2026-03-31
USER_002666,COURSE_00006,市场营销,43.46,67.89,1,2024-05-12,2026-04-07
USER_002494,COURSE_00057,数据科学,103.42,81.27,1,2024-02-01,2026-03-24
USER_000633,COURSE_00129,市场营销,33.88,87.8,1,2024-10-11,2026-04-15
USER_002103,COURSE_00071,语言学习,25.62,-20.0,0,2024-11-24,2026-04-04
USER_002960,COURSE_00186,数据科学,90.52,74.86,1,2024-06-16,2026-04-01
USER_003084,COURSE_00021,商业管理,63.53,92.16,1,2024-07-27,2026-04-09
USER_004753,COURSE_00092,市场营销,55.04,69.0,0,2024-06-11,2026-04-04
USER_001932,COURSE_00127,人工智能,166.07,50.65,0,2024-03-25,2026-04-02
USER_003720,COURSE_00080,商业管理,93.78,61.38,1,2024-03-14,2026-04-12
USER_002563,COURSE_00056,编程开发,113.03,64.12,0,2024-07-19,2026-04-05
USER_001680,COURSE_00116,数据科学,113.51,69.87,1,2024-09-21,2026-03-30
USER_000237,COURSE_00148,人工智能,,60.45,1,2024-06-08,2026-03-23
USER_004444,COURSE_00182,编程开发,143.58,83.14,1,2024-03-07,2026-03-20
USER_004726,COURSE_00025,数据科学,115.32,57.7,1,2024-01-08,2026-04-05
USER_001541,COURSE_00156,人工智能,68.82,67.36,0,2024-12-30,2026-04-11
USER_003944,COURSE_00005,人工智能,112.4,75.52,0,2024-07-14,2026-03-30
USER_000364,COURSE_00120,商业管理,102.26,35.96,1,2024-10-30,2026-04-10
USER_002369,COURSE_00021,语言学习,50.45,89.42,1,2024-08-03,2026-03-31
USER_000286,COURSE_00018,人工智能,173.98,81.77,1,2024-07-12,2026-04-05
USER_000149,COURSE_00175,语言学习,95.29,72.89,1,2024-01-13,2026-03-27
USER_004038,COURSE_00198,产品设计,118.45,90.91,1,2024-05-24,2026-04-09
USER_004552,COURSE_00057,商业管理,,51.95,1,2024-08-11,2026-03-19
USER_001767,COURSE_00093,职业技能,60.37,74.92,1,2024-07-14,2026-04-15
USER_004896,COURSE_00019,市场营销,140.4,71.88,1,2024-02-22,2026-03-28
USER_001013,COURSE_00128,商业管理,5.0,73.29,1,2024-02-23,2026-04-10
USER_002832,COURSE_00097,编程开发,178.28,58.14,0,2024-06-09,2026-04-02
USER_002508,COURSE_00193,市场营销,34.14,89.22,1,2024-02-26,2026-04-10
USER_001524,COURSE_00131,市场营销,57.79,86.51,1,2024-04-28,2026-04-01
USER_002786,COURSE_00170,职业技能,60.18,96.92,1,2024-10-10,2026-04-03
USER_002557,COURSE_00021,语言学习,45.83,75.45,0,2024-11-10,2026-04-06
USER_003726,COURSE_00040,职业技能,5.0,83.38,0,2024-05-01,2026-04-16
USER_004577,COURSE_00067,职业技能,57.11,79.66,0,2024-03-27,2026-04-16
USER_001602,COURSE_00153,市场营销,62.34,82.26,1,2024-08-05,2026-03-29
USER_002409,COURSE_00127,人工智能,122.51,100.0,0,2024-07-11,2026-03-31
USER_000341,COURSE_00055,语言学习,51.78,93.79,1,2024-02-06,2026-03-25
USER_002818,COURSE_00180,市场营销,57.59,90.25,1,2024-06-07,2026-04-08
USER_002497,COURSE_00172,语言学习,94.88,88.05,0,2024-02-18,2026-03-22
USER_004931,COURSE_00109,产品设计,78.65,92.96,1,2024-08-11,2026-03-28
USER_001726,COURSE_00098,语言学习,40.77,70.99,0,2024-04-18,2026-03-20
USER_001690,COURSE_00184,数据科学,55.48,76.04,0,2024-01-25,2026-03-22
USER_003268,COURSE_00183,人工智能,97.25,89.49,1,2024-08-03,2026-04-12
USER_004407,COURSE_00112,编程开发,192.52,60.91,1,2024-02-28,2026-03-22
USER_000262,COURSE_00198,数据科学,140.6,71.99,0,2024-05-25,2026-04-03
USER_001443,COURSE_00115,数据科学,173.64,60.99,1,2024-10-22,2026-03-26
USER_000406,COURSE_00117,职业技能,102.63,97.67,1,2024-06-29,2026-03-21
USER_002191,COURSE_00087,职业技能,50.88,83.96,1,2024-06-20,2026-04-02
USER_004438,COURSE_00081,数据科学,155.53,88.14,1,2024-10-29,2026-04-06
USER_000244,COURSE_00066,市场营销,62.38,96.72,0,2024-02-01,2026-03-28
USER_004586,COURSE_00019,语言学习,81.1,79.73,1,2024-06-11,2026-03-18
USER_004108,COURSE_00135,语言学习,101.29,83.2,1,2024-06-28,2026-04-05
USER_000561,COURSE_00118,商业管理,62.39,82.5,1,2024-05-15,2026-03-22
USER_004138,COURSE_00191,市场营销,71.24,66.41,1,2024-11-27,2026-04-10
USER_002726,COURSE_00042,人工智能,142.11,96.82,1,2024-03-01,2026-04-13
USER_000594,COURSE_00042,市场营销,78.49,83.58,1,2024-02-04,2026-04-11
USER_001827,COURSE_00059,市场营销,62.33,82.55,1,2024-01-15,2026-03-31
USER_003230,COURSE_00020,市场营销,46.14,69.79,0,2024-04-07,2026-03-21
USER_003288,COURSE_00073,人工智能,106.84,81.04,0,2024-02-19,2026-03-28
USER_004074,COURSE_00017,商业管理,123.75,98.68,1,2024-06-08,2026-04-07
USER_000134,COURSE_00027,人工智能,113.09,70.92,0,2024-03-18,2026-04-06
USER_003139,COURSE_00175,产品设计,108.35,66.88,1,2024-01-15,2026-04-03
USER_003920,COURSE_00002,商业管理,63.63,92.69,0,2024-07-15,2026-03-24
USER_000073,COURSE_00063,产品设计,39.0,84.1,0,2024-08-20,2026-04-03
USER_004495,COURSE_00062,产品设计,77.73,72.8,1,2024-12-08,2026-04-05
USER_004226,COURSE_00100,产品设计,145.14,86.33,0,2024-10-13,2026-04-16
USER_002979,COURSE_00019,语言学习,53.78,97.52,0,2024-07-05,2026-04-14
USER_004362,COURSE_00017,数据科学,118.21,,0,2024-05-24,2026-04-12
USER_001986,COURSE_00069,数据科学,58.07,86.64,0,2024-06-17,2026-03-28
USER_000793,COURSE_00167,产品设计,94.15,100.0,1,2024-09-15,2026-03-20
USER_004260,COURSE_00117,产品设计,63.78,71.28,0,2024-01-16,2026-03-27
USER_000095,COURSE_00199,编程开发,80.24,100.0,1,2024-08-14,2026-04-06
USER_001134,COURSE_00081,职业技能,5.0,88.22,0,2024-08-10,2026-03-22
USER_004918,COURSE_00039,数据科学,109.53,59.74,1,2024-09-14,2026-04-03
USER_000238,COURSE_00036,职业技能,61.91,99.62,1,2024-01-19,2026-03-18
USER_002947,COURSE_00168,职业技能,67.47,100.0,1,2024-03-18,2026-04-01
USER_002531,COURSE_00173,编程开发,197.94,72.3,1,2024-12-29,2026-03-26
USER_001961,COURSE_00132,职业技能,46.9,100.0,0,2024-11-12,2026-04-09
USER_001049,COURSE_00153,商业管理,103.88,79.57,1,2024-12-08,2026-03-22
USER_002530,COURSE_00197,编程开发,175.75,50.32,1,2024-09-20,2026-03-31
USER_002965,COURSE_00158,职业技能,58.75,84.15,0,2024-05-26,2026-04-11
USER_000964,COURSE_00196,职业技能,89.48,100.0,1,2024-12-23,2026-04-09
USER_000537,COURSE_00029,市场营销,103.89,75.35,1,2024-03-20,2026-03-28
USER_004224,COURSE_00196,职业技能,77.36,63.59,0,2024-04-11,2026-03-30
USER_003680,COURSE_00051,语言学习,58.49,82.24,0,2024-02-09,2026-03-21
USER_004188,COURSE_00152,商业管理,85.47,87.99,0,2024-10-09,2026-04-04
USER_003725,COURSE_00014,人工智能,70.38,87.79,1,2024-02-25,2026-03-29
USER_000543,COURSE_00069,数据科学,162.77,56.38,1,2024-10-18,2026-03-30
USER_000846,COURSE_00146,产品设计,101.56,61.83,0,2024-05-21,2026-04-12
USER_003604,COURSE_00170,职业技能,40.4,79.68,1,2024-05-03,2026-04-04
USER_003037,COURSE_00057,商业管理,47.67,45.58,1,2024-06-10,2026-03-27
USER_002495,COURSE_00012,产品设计,148.17,74.68,1,2024-11-04,2026-03-28
USER_004486,COURSE_00017,人工智能,111.02,51.04,0,2024-01-17,2026-03-23
USER_002720,COURSE_00030,商业管理,5.0,78.23,1,2024-10-17,2026-04-12
USER_001885,COURSE_00088,数据科学,196.99,79.29,1,2024-07-01,2026-03-31
USER_004139,COURSE_00099,商业管理,36.13,61.56,0,2024-02-22,2026-04-09
USER_004350,COURSE_00023,产品设计,48.37,62.78,1,2024-09-17,2026-03-23
USER_003202,COURSE_00129,产品设计,48.71,74.09,1,2024-06-11,2026-03-18
USER_002711,COURSE_00079,市场营销,88.56,70.25,0,2024-01-21,2026-04-02
USER_001954,COURSE_00032,职业技能,34.99,66.95,1,2024-11-05,2026-03-25
USER_004738,COURSE_00009,编程开发,129.33,69.66,1,2024-06-15,2026-03-22
USER_003851,COURSE_00015,商业管理,95.39,100.0,1,2024-06-23,2026-04-06
USER_000690,COURSE_00156,产品设计,121.68,57.36,1,2024-02-01,2026-03-18
USER_001951,COURSE_00152,语言学习,113.57,100.0,1,2024-01-08,2026-03-21
USER_000457,COURSE_00188,数据科学,83.73,78.94,1,2024-10-07,2026-04-11
USER_002131,COURSE_00163,语言学习,63.74,75.78,0,2024-11-20,2026-04-14
USER_003977,COURSE_00027,人工智能,72.9,81.94,1,2024-10-07,2026-04-16
USER_004245,COURSE_00109,商业管理,165.81,74.62,1,2024-01-04,2026-04-15
USER_001180,COURSE_00076,市场营销,57.19,85.44,1,2024-04-09,2026-03-25
USER_004286,COURSE_00148,数据科学,107.74,83.8,1,2024-07-29,2026-03-25
USER_003566,COURSE_00065,市场营销,88.55,77.09,1,2024-03-03,2026-04-09
USER_000883,COURSE_00177,编程开发,120.69,85.86,1,2024-11-03,2026-04-03
USER_000400,COURSE_00109,产品设计,64.31,62.5,0,2024-09-19,2026-04-11
USER_000609,COURSE_00129,职业技能,71.24,95.8,0,2024-02-06,2026-04-03
USER_001639,COURSE_00010,数据科学,121.59,56.36,1,2024-09-19,2026-03-24
USER_002149,COURSE_00047,人工智能,97.06,92.05,1,2024-04-01,2026-04-13
USER_001383,COURSE_00123,职业技能,57.24,85.73,1,2024-08-25,2026-04-03
USER_001404,COURSE_00059,商业管理,47.87,71.24,1,2024-03-31,2026-03-29
USER_000820,COURSE_00096,编程开发,103.29,61.9,1,2024-04-20,2026-03-24
USER_003293,COURSE_00190,编程开发,81.6,78.3,1,2024-01-28,2026-04-10
USER_000820,COURSE_00103,市场营销,79.0,100.0,1,2024-09-23,2026-03-28
USER_000420,COURSE_00124,编程开发,109.94,92.62,1,2024-06-01,2026-04-01
USER_004220,COURSE_00086,数据科学,55.48,68.33,1,2024-03-06,2026-04-13
USER_004518,COURSE_00146,市场营销,57.19,50.59,1,2024-05-06,2026-04-14
USER_003303,COURSE_00112,职业技能,60.16,66.26,0,2024-08-30,2026-04-02
USER_001509,COURSE_00174,编程开发,98.65,88.89,1,2024-07-28,2026-03-25
USER_000768,COURSE_00160,商业管理,94.01,74.35,1,2024-09-30,2026-04-12
USER_002045,COURSE_00027,职业技能,54.39,82.19,1,2024-11-04,2026-03-20
USER_002140,COURSE_00018,人工智能,132.73,100.0,1,2024-07-17,2026-04-08
USER_003030,COURSE_00167,商业管理,40.78,64.16,1,2024-02-01,2026-03-24
USER_001550,COURSE_00177,语言学习,54.06,78.97,1,2024-09-12,2026-03-31
USER_001765,COURSE_00082,数据科学,120.74,61.45,1,2024-07-14,2026-04-13
USER_002646,COURSE_00172,人工智能,71.03,54.63,0,2024-03-27,2026-04-15
USER_003717,COURSE_00072,人工智能,125.61,65.15,0,2024-03-20,2026-04-02
USER_004606,COURSE_00054,市场营销,51.04,75.91,0,2024-10-26,2026-03-26
USER_004482,COURSE_00162,产品设计,69.87,84.69,1,2024-02-17,2026-03-30
USER_002294,COURSE_00071,市场营销,32.29,75.57,1,2024-12-30,2026-04-13
USER_004838,COURSE_00164,数据科学,149.61,63.93,1,2024-03-23,2026-04-06
USER_002709,COURSE_00146,数据科学,182.93,98.18,1,2024-08-12,2026-03-31
USER_000901,COURSE_00038,市场营销,70.83,89.7,1,2024-06-07,2026-04-04
USER_003085,COURSE_00187,产品设计,74.43,83.55,1,2024-05-27,2026-03-27
USER_002010,COURSE_00137,商业管理,91.53,86.92,1,2024-05-12,2026-04-05
USER_000242,COURSE_00200,市场营销,33.16,100.0,0,2024-07-18,2026-04-02
USER_002386,COURSE_00179,数据科学,108.57,56.91,0,2024-10-08,2026-04-04
USER_004269,COURSE_00035,产品设计,85.61,75.92,1,2024-04-14,2026-04-05
USER_000672,COURSE_00082,数据科学,86.51,90.35,0,2024-05-16,2026-04-03
USER_000164,COURSE_00133,产品设计,131.66,74.67,1,2024-05-03,2026-03-24
USER_000465,COURSE_00142,产品设计,135.29,86.51,1,2024-02-24,2026-04-16
USER_003043,COURSE_00158,职业技能,57.79,81.94,1,2024-12-07,2026-04-15
USER_004593,COURSE_00004,市场营销,46.99,68.94,0,2024-10-04,2026-03-23
USER_004796,COURSE_00167,市场营销,68.8,75.34,1,2024-10-01,2026-04-03
USER_002443,COURSE_00192,市场营销,64.71,87.1,1,2024-05-13,2026-04-15
USER_004799,COURSE_00153,产品设计,96.79,81.36,0,2024-12-04,2026-03-18
USER_002356,COURSE_00156,产品设计,75.91,79.99,1,2024-09-07,2026-04-09
USER_004279,COURSE_00194,数据科学,107.42,78.48,0,2024-10-23,2026-04-08
USER_004725,COURSE_00150,人工智能,60.95,81.67,0,2024-05-21,2026-03-28
USER_002558,COURSE_00159,市场营销,76.05,73.61,0,2024-06-09,2026-04-02
USER_000546,COURSE_00023,职业技能,49.32,97.31,1,2024-06-17,2026-04-06
USER_004720,COURSE_00048,语言学习,70.15,100.0,1,2024-03-24,2026-03-19
USER_003836,COURSE_00148,数据科学,144.85,61.45,1,2024-06-23,2026-03-24
USER_000594,COURSE_00125,数据科学,170.49,60.68,1,2024-02-29,2026-03-19
USER_004840,COURSE_00166,编程开发,197.16,86.02,0,2024-11-07,2026-04-12
USER_003805,COURSE_00055,市场营销,44.54,75.23,0,2024-01-25,2026-03-26
USER_001460,COURSE_00068,商业管理,103.04,81.4,0,2024-03-10,2026-04-02
USER_003494,COURSE_00088,数据科学,63.17,73.04,1,2024-12-08,2026-04-07
USER_002602,COURSE_00001,编程开发,195.15,74.94,1,2024-09-16,2026-03-28
USER_002445,COURSE_00135,语言学习,104.03,66.86,1,2024-06-23,2026-03-22
USER_002673,COURSE_00185,职业技能,74.53,86.89,1,2024-01-18,2026-03-26
USER_004201,COURSE_00095,语言学习,56.67,80.34,1,2024-06-14,2026-03-28
USER_000017,COURSE_00140,商业管理,104.32,95.47,1,2024-10-09,2026-04-06
USER_003192,COURSE_00106,市场营销,59.93,100.0,0,2024-04-03,2026-03-28
USER_000393,COURSE_00133,产品设计,37.72,93.6,1,2024-01-24,2026-04-09
USER_000425,COURSE_00108,编程开发,175.04,59.96,0,2024-06-28,2026-03-24
USER_000572,COURSE_00178,产品设计,153.47,96.58,1,2024-04-02,2026-04-02
USER_003632,COURSE_00042,语言学习,55.51,79.62,0,2024-01-29,2026-03-29
USER_001121,COURSE_00102,语言学习,49.89,82.37,1,2024-11-19,2026-03-27
USER_000242,COURSE_00124,人工智能,121.79,78.29,0,2024-11-23,2026-03-31
USER_003898,COURSE_00140,人工智能,136.88,89.11,0,2024-03-22,2026-04-07
USER_004096,COURSE_00103,职业技能,51.32,81.15,0,2024-12-30,2026-03-23
USER_002280,COURSE_00146,商业管理,71.57,59.12,0,2024-05-18,2026-03-19
USER_000789,COURSE_00194,人工智能,177.59,60.47,1,2024-06-24,2026-04-09
USER_000715,COURSE_00074,人工智能,106.23,84.11,1,2024-08-24,2026-04-16
USER_004855,COURSE_00108,商业管理,169.05,98.46,1,2024-02-26,2026-04-06
USER_002850,COURSE_00122,数据科学,139.09,55.6,0,2024-10-11,2026-04-16
USER_000776,COURSE_00017,人工智能,184.95,100.0,1,2024-03-12,2026-04-09
USER_004027,COURSE_00196,数据科学,145.13,78.88,0,2024-05-09,2026-03-22
USER_002248,COURSE_00071,数据科学,132.7,46.15,1,2024-06-21,2026-04-12
USER_000079,COURSE_00062,市场营销,63.32,76.74,0,2024-07-15,2026-03-24
USER_003927,COURSE_00041,数据科学,163.27,71.06,0,2024-02-11,2026-04-16
USER_000856,COURSE_00119,数据科学,211.41,150.0,0,2024-07-17,2026-03-24
USER_002149,COURSE_00162,人工智能,157.08,64.39,1,2024-03-23,2026-03-25
USER_001032,COURSE_00198,数据科学,88.26,78.0,1,2024-08-30,2026-04-10
USER_004941,COURSE_00045,产品设计,132.13,73.48,1,2024-04-23,2026-03-25
USER_003272,COURSE_00058,商业管理,144.73,99.66,1,2024-05-15,2026-04-12
USER_003577,COURSE_00179,人工智能,111.27,87.92,1,2024-01-22,2026-03-26
USER_004183,COURSE_00126,商业管理,97.78,80.28,0,2024-08-10,2026-03-31
USER_003457,COURSE_00162,编程开发,140.69,84.44,1,2024-01-11,2026-03-28
USER_003507,COURSE_00044,人工智能,78.18,60.05,0,2024-01-22,2026-04-10
USER_000408,COURSE_00015,数据科学,140.33,95.16,1,2024-03-12,2026-03-27
USER_002712,COURSE_00078,产品设计,110.55,71.11,1,2024-03-29,2026-03-20
USER_003089,COURSE_00070,商业管理,124.32,73.73,1,2024-02-10,2026-04-12
USER_001669,COURSE_00178,人工智能,131.68,100.0,0,2024-03-30,2026-04-11
USER_000148,COURSE_00101,产品设计,113.65,80.62,1,2024-05-02,2026-03-19
USER_004328,COURSE_00160,商业管理,101.5,49.66,1,2024-01-07,2026-03-24
USER_003898,COURSE_00195,编程开发,92.25,88.19,1,2024-04-29,2026-04-14
USER_001951,COURSE_00003,语言学习,66.42,96.15,1,2024-05-04,2026-03-21
USER_000366,COURSE_00086,职业技能,47.34,61.7,0,2024-04-01,2026-03-27
USER_001675,COURSE_00074,职业技能,61.99,100.0,0,2024-03-29,2026-04-12
USER_004532,COURSE_00051,编程开发,114.89,87.57,1,2024-04-04,2026-04-06
USER_004495,COURSE_00067,语言学习,47.9,97.07,1,2024-11-23,2026-04-05
USER_002547,COURSE_00076,市场营销,97.88,96.46,1,2024-12-13,2026-04-10
USER_000563,COURSE_00093,语言学习,63.32,88.18,1,2024-08-26,2026-03-25
USER_003563,COURSE_00176,市场营销,35.24,80.28,1,2024-01-22,2026-03-26
USER_002490,COURSE_00145,人工智能,86.74,89.16,1,2024-09-18,2026-03-25
USER_000773,COURSE_00007,市场营销,62.42,44.95,0,2024-04-17,2026-03-29
USER_002038,COURSE_00013,职业技能,62.3,64.28,1,2024-08-25,2026-04-03
USER_003424,COURSE_00120,职业技能,43.21,56.61,0,2024-05-26,2026-04-15
USER_002568,COURSE_00066,产品设计,124.58,71.85,1,2024-07-07,2026-04-14
USER_001574,COURSE_00004,市场营销,61.38,77.46,0,2024-05-25,2026-03-24
USER_003695,COURSE_00138,产品设计,76.13,54.18,1,2024-07-09,2026-03-25
USER_003292,COURSE_00088,职业技能,29.87,90.54,1,2024-10-01,2026-03-29
USER_001247,COURSE_00017,商业管理,95.17,69.02,1,2024-08-21,2026-04-08
USER_003720,COURSE_00052,商业管理,128.55,77.66,1,2024-12-30,2026-04-13
USER_003840,COURSE_00134,语言学习,69.48,77.01,0,2024-10-20,2026-03-18
USER_000360,COURSE_00069,语言学习,54.95,70.94,0,2024-04-26,2026-03-22
USER_002377,COURSE_00137,语言学习,102.13,54.7,1,2024-02-05,2026-04-11
USER_003010,COURSE_00021,市场营销,83.1,76.74,1,2024-10-26,2026-03-21
USER_002994,COURSE_00024,语言学习,36.48,64.18,0,2024-03-14,2026-04-10
USER_000963,COURSE_00004,市场营销,63.49,96.74,0,2024-01-03,2026-03-29
USER_003633,COURSE_00152,市场营销,35.13,82.51,1,2024-02-21,2026-03-29
USER_001828,COURSE_00187,数据科学,176.25,85.97,1,2024-01-17,2026-04-02
USER_001614,COURSE_00003,数据科学,94.86,100.0,1,2024-08-24,2026-03-18
USER_001641,COURSE_00068,市场营销,102.48,94.44,1,2024-06-04,2026-04-03
USER_002217,COURSE_00101,商业管理,90.93,100.0,1,2024-03-15,2026-04-09
USER_004313,COURSE_00168,产品设计,80.32,90.6,1,2024-03-22,2026-03-19
USER_000378,COURSE_00176,职业技能,74.87,74.81,1,2024-12-09,2026-03-29
USER_004215,COURSE_00054,职业技能,84.75,90.61,1,2024-12-16,2026-03-23
USER_004286,COURSE_00035,人工智能,130.61,64.45,1,2024-05-10,2026-03-23
USER_000370,COURSE_00056,编程开发,89.89,100.0,1,2024-06-21,2026-04-15
USER_002197,COURSE_00108,数据科学,124.52,100.0,1,2024-11-23,2026-04-01
USER_003748,COURSE_00040,市场营销,,94.22,1,2024-01-01,2026-03-18
USER_000652,COURSE_00068,编程开发,121.18,57.3,0,2024-10-06,2026-04-15
USER_000770,COURSE_00046,数据科学,123.04,78.56,1,2024-07-19,2026-04-07
USER_002422,COURSE_00078,人工智能,111.04,97.27,1,2024-08-21,2026-04-01
USER_000781,COURSE_00141,职业技能,27.73,99.87,1,2024-09-01,2026-03-27
USER_001717,COURSE_00155,产品设计,104.78,75.44,1,2024-06-25,2026-04-13
USER_003984,COURSE_00006,市场营销,37.54,80.94,1,2024-09-16,2026-04-15
USER_001312,COURSE_00017,人工智能,155.04,100.0,0,2024-08-22,2026-04-07
USER_003360,COURSE_00164,职业技能,85.88,74.98,1,2024-02-01,2026-04-01
USER_000523,COURSE_00099,商业管理,75.29,93.62,1,2024-11-11,2026-04-03
USER_000522,COURSE_00081,数据科学,92.96,85.69,0,2024-06-20,2026-04-15
USER_004879,COURSE_00002,市场营销,63.8,74.71,0,2024-02-23,2026-04-10
USER_002321,COURSE_00077,编程开发,105.91,73.94,1,2024-06-20,2026-03-28
USER_000936,COURSE_00180,商业管理,75.64,38.24,1,2024-12-04,2026-04-16
USER_002231,COURSE_00066,职业技能,102.22,76.22,1,2024-01-26,2026-04-04
USER_004041,COURSE_00052,商业管理,70.19,68.31,1,2024-01-13,2026-04-01
USER_004584,COURSE_00092,语言学习,78.45,79.28,0,2024-05-09,2026-03-20
USER_004942,COURSE_00171,产品设计,55.7,85.84,0,2024-08-04,2026-04-10
USER_003698,COURSE_00022,职业技能,55.28,87.41,0,2024-06-01,2026-04-09
USER_002838,COURSE_00111,商业管理,89.8,91.03,1,2024-09-12,2026-03-30
USER_004084,COURSE_00107,数据科学,85.57,83.43,1,2024-03-15,2026-04-16
USER_002462,COURSE_00183,产品设计,155.37,69.47,1,2024-02-06,2026-04-06
USER_003244,COURSE_00067,市场营销,66.2,57.54,1,2024-11-06,2026-04-01
USER_003360,COURSE_00188,语言学习,77.13,94.86,1,2024-04-16,2026-04-02
USER_000686,COURSE_00186,职业技能,62.97,97.14,1,2024-09-30,2026-04-05
USER_002161,COURSE_00140,人工智能,38.68,95.85,0,2024-01-12,2026-03-28
USER_003989,COURSE_00069,产品设计,63.92,100.0,1,2024-02-25,2026-04-07
USER_004067,COURSE_00084,编程开发,142.07,70.81,1,2024-08-20,2026-03-19
USER_001568,COURSE_00103,数据科学,63.64,59.29,0,2024-07-11,2026-04-04
USER_000039,COURSE_00039,职业技能,60.83,82.49,0,2024-04-04,2026-04-08
USER_002545,COURSE_00013,编程开发,146.73,91.41,1,2024-04-25,2026-03-24
USER_004876,COURSE_00041,产品设计,74.37,89.2,1,2024-08-26,2026-03-26
USER_001257,COURSE_00057,职业技能,84.98,83.14,1,2024-06-21,2026-04-16
USER_002991,COURSE_00181,语言学习,102.41,83.25,1,2024-03-23,2026-03-28
USER_002197,COURSE_00012,人工智能,137.74,67.59,1,2024-11-06,2026-03-21
USER_003469,COURSE_00013,人工智能,113.21,86.61,1,2024-11-29,2026-03-24
USER_002709,COURSE_00120,编程开发,136.39,59.18,0,2024-11-17,2026-04-06
USER_000302,COURSE_00097,市场营销,49.43,79.45,1,2024-09-02,2026-04-11
USER_000647,COURSE_00057,市场营销,27.27,100.0,1,2024-12-03,2026-03-29
USER_004759,COURSE_00040,语言学习,27.9,100.0,1,2024-12-22,2026-03-22
USER_001760,COURSE_00118,人工智能,73.78,36.45,1,2024-02-28,2026-04-07
USER_004352,COURSE_00080,编程开发,183.91,87.86,1,2024-11-28,2026-03-31
USER_000598,COURSE_00128,编程开发,142.65,89.5,0,2024-01-27,2026-04-04
USER_000662,COURSE_00173,职业技能,68.87,83.77,1,2024-03-17,2026-03-28
USER_004331,COURSE_00035,职业技能,53.21,75.0,1,2024-10-11,2026-03-26
USER_001369,COURSE_00003,编程开发,112.56,71.53,0,2024-09-09,2026-04-10
USER_002582,COURSE_00120,职业技能,83.1,100.0,1,2024-08-08,2026-03-23
USER_003869,COURSE_00005,产品设计,110.23,66.6,0,2024-11-29,2026-03-19
USER_003538,COURSE_00011,职业技能,18.62,83.7,1,2024-04-30,2026-04-08
USER_004866,COURSE_00126,语言学习,23.0,87.98,1,2024-12-20,2026-03-26
USER_004309,COURSE_00071,市场营销,115.21,74.3,1,2024-06-04,2026-04-01
USER_004559,COURSE_00117,市场营销,99.24,60.21,1,2024-01-04,2026-04-16
USER_000283,COURSE_00184,产品设计,62.98,75.21,1,2024-03-11,2026-03-23
USER_003679,COURSE_00138,数据科学,79.63,100.0,1,2024-04-04,2026-04-06
USER_001487,COURSE_00106,产品设计,117.59,100.0,0,2024-10-04,2026-04-16
USER_004083,COURSE_00116,语言学习,47.45,71.41,0,2024-06-28,2026-04-11
USER_004184,COURSE_00162,编程开发,151.85,76.88,1,2024-02-24,2026-04-10
USER_000461,COURSE_00067,产品设计,62.13,54.4,0,2024-03-02,2026-04-03
USER_002326,COURSE_00200,编程开发,180.15,37.62,0,2024-05-05,2026-04-04
USER_003755,COURSE_00031,语言学习,49.49,61.05,1,2024-09-20,2026-03-26
USER_002469,COURSE_00075,商业管理,83.37,66.39,0,2024-08-21,2026-03-18
USER_001725,COURSE_00071,语言学习,32.73,100.0,1,2024-10-11,2026-04-06
USER_001377,COURSE_00066,人工智能,141.27,65.45,1,2024-08-07,2026-04-13
USER_002744,COURSE_00070,编程开发,89.48,96.77,1,2024-01-31,2026-04-10
USER_000515,COURSE_00041,市场营销,83.22,100.0,1,2024-02-20,2026-04-08
USER_000703,COURSE_00191,产品设计,93.83,93.62,1,2024-05-30,2026-04-07
USER_001654,COURSE_00160,商业管理,100.22,85.59,1,2024-03-05,2026-04-16
USER_002067,COURSE_00020,语言学习,47.52,68.81,1,2024-03-03,2026-04-16
USER_000023,COURSE_00185,编程开发,149.24,68.85,1,2024-11-07,2026-04-02
USER_002461,COURSE_00178,商业管理,51.98,69.96,0,2024-12-18,2026-04-06
USER_001305,COURSE_00153,数据科学,206.43,69.87,1,2024-06-02,2026-04-03
USER_003301,COURSE_00140,人工智能,129.08,74.33,1,2024-06-25,2026-03-20
USER_000362,COURSE_00199,数据科学,191.46,,0,2024-03-12,2026-04-07
USER_003728,COURSE_00039,语言学习,80.11,100.0,1,2024-02-12,2026-04-05
USER_001285,COURSE_00145,数据科学,107.24,78.3,0,2024-07-03,2026-04-01
USER_000515,COURSE_00045,数据科学,165.57,60.71,0,2024-07-28,2026-04-14
USER_000449,COURSE_00139,人工智能,177.75,59.61,1,2024-12-08,2026-04-01
USER_001856,COURSE_00070,人工智能,136.51,64.11,0,2024-01-24,2026-04-04
USER_004970,COURSE_00125,职业技能,5.0,66.23,1,2024-12-18,2026-04-11
USER_003563,COURSE_00151,人工智能,116.56,73.25,1,2024-04-19,2026-03-28
USER_002521,COURSE_00091,商业管理,111.44,73.9,0,2024-03-24,2026-03-20
USER_003082,COURSE_00070,职业技能,81.17,100.0,1,2024-08-07,2026-04-02
USER_001429,COURSE_00166,人工智能,107.24,67.64,0,2024-01-22,2026-03-30
USER_003968,COURSE_00130,数据科学,92.71,88.9,0,2024-09-29,2026-04-07
USER_000923,COURSE_00084,市场营销,66.44,85.29,0,2024-02-18,2026-03-21
USER_003138,COURSE_00089,市场营销,48.87,98.15,1,2024-02-03,2026-04-08
USER_002160,COURSE_00079,职业技能,31.8,93.72,0,2024-12-05,2026-04-11
USER_002548,COURSE_00113,人工智能,151.22,78.63,0,2024-09-14,2026-04-01
USER_002980,COURSE_00093,商业管理,62.15,100.0,0,2024-11-01,2026-04-04
USER_002282,COURSE_00072,产品设计,86.52,90.85,0,2024-10-26,2026-03-30
USER_002650,COURSE_00165,编程开发,174.48,91.79,1,2024-05-04,2026-04-02
USER_000314,COURSE_00049,语言学习,52.56,91.66,0,2024-06-25,2026-04-02
USER_002614,COURSE_00052,商业管理,68.07,66.01,1,2024-12-19,2026-03-29
USER_003084,COURSE_00033,产品设计,104.67,77.03,1,2024-06-08,2026-04-04
USER_002257,COURSE_00022,语言学习,39.48,68.41,0,2024-02-23,2026-03-18
USER_001038,COURSE_00114,产品设计,84.38,70.79,0,2024-09-16,2026-04-08
USER_003490,COURSE_00133,产品设计,81.85,92.71,1,2024-05-07,2026-03-18
USER_002635,COURSE_00018,职业技能,62.13,81.97,0,2024-12-30,2026-04-01
USER_003984,COURSE_00166,市场营销,53.26,88.79,1,2024-09-28,2026-03-25
USER_001779,COURSE_00118,编程开发,2.0,92.47,1,2024-03-07,2026-03-21
USER_003896,COURSE_00117,产品设计,162.76,78.81,1,2024-11-13,2026-04-06
USER_001125,COURSE_00037,人工智能,115.31,81.99,1,2024-04-17,2026-03-19
USER_000698,COURSE_00064,语言学习,73.68,81.54,0,2024-11-22,2026-04-16
USER_002180,COURSE_00138,商业管理,115.5,58.67,1,2024-12-20,2026-04-15
USER_001405,COURSE_00079,市场营销,69.23,90.37,0,2024-05-30,2026-03-25
USER_001044,COURSE_00170,语言学习,87.76,92.45,0,2024-07-15,2026-03-26
USER_001930,COURSE_00123,职业技能,90.36,97.84,1,2024-03-22,2026-03-18
USER_001014,COURSE_00176,人工智能,98.64,66.11,1,2024-07-11,2026-04-07
USER_000227,COURSE_00044,人工智能,134.24,100.0,0,2024-01-01,2026-04-16
USER_001829,COURSE_00082,产品设计,85.51,85.45,1,2024-10-18,2026-03-27
USER_004918,COURSE_00087,人工智能,151.9,75.21,1,2024-10-24,2026-04-10
USER_002024,COURSE_00016,编程开发,212.56,70.31,1,2024-12-04,2026-04-08
USER_004967,COURSE_00054,职业技能,39.19,100.0,1,2024-10-22,2026-03-29
USER_002453,COURSE_00102,人工智能,189.38,82.78,1,2024-03-01,2026-03-25
USER_002086,COURSE_00163,产品设计,101.84,72.11,0,2024-11-13,2026-03-26
USER_004284,COURSE_00098,语言学习,79.39,100.0,1,2024-10-24,2026-04-03
USER_001081,COURSE_00156,职业技能,68.33,100.0,1,2024-03-27,2026-04-07
USER_002321,COURSE_00002,人工智能,98.43,89.05,1,2024-02-08,2026-03-18
USER_003191,COURSE_00094,市场营销,82.17,93.95,1,2024-12-22,2026-04-06
USER_002631,COURSE_00141,职业技能,76.11,86.11,1,2024-10-22,2026-04-04
USER_002564,COURSE_00169,职业技能,70.37,69.86,1,2024-05-09,2026-04-01
USER_003293,COURSE_00059,商业管理,117.77,58.09,0,2024-12-25,2026-03-23
USER_004622,COURSE_00069,市场营销,52.78,73.06,0,2024-06-17,2026-04-01
USER_003587,COURSE_00119,市场营销,82.33,67.79,0,2024-05-14,2026-04-14
USER_004432,COURSE_00092,语言学习,43.45,100.0,0,2024-07-03,2026-04-12
USER_002948,COURSE_00181,数据科学,119.62,78.65,1,2024-10-23,2026-04-07
USER_003960,COURSE_00045,商业管理,48.4,61.74,1,2024-11-07,2026-04-10
USER_002814,COURSE_00148,市场营销,67.37,71.21,0,2024-02-29,2026-04-09
USER_002584,COURSE_00024,市场营销,61.56,93.26,0,2024-01-23,2026-04-01
USER_000162,COURSE_00189,数据科学,71.38,36.85,1,2024-12-05,2026-04-07
USER_000594,COURSE_00091,语言学习,96.95,100.0,1,2024-11-12,2026-03-31
USER_003260,COURSE_00094,商业管理,118.54,56.45,1,2024-07-26,2026-03-24
USER_004156,COURSE_00058,市场营销,78.7,66.57,1,2024-07-16,2026-03-21
USER_002963,COURSE_00155,产品设计,45.77,89.55,0,2024-06-05,2026-04-09
USER_003889,COURSE_00154,语言学习,41.91,86.9,1,2024-01-24,2026-04-12
USER_003391,COURSE_00128,商业管理,111.85,91.76,1,2024-01-02,2026-04-13
USER_004502,COURSE_00007,市场营销,67.54,46.3,0,2024-05-09,2026-03-22
USER_000664,COURSE_00170,市场营销,70.06,86.65,1,2024-10-10,2026-03-20
USER_001133,COURSE_00047,数据科学,60.77,82.23,0,2024-04-19,2026-04-08
USER_000542,COURSE_00053,商业管理,72.82,67.34,0,2024-03-26,2026-04-10
USER_002975,COURSE_00187,产品设计,46.69,72.76,1,2024-01-07,2026-03-18
USER_000868,COURSE_00038,语言学习,67.25,89.17,1,2024-09-07,2026-03-28
USER_002067,COURSE_00197,人工智能,103.91,57.66,0,2024-04-08,2026-04-16
USER_000432,COURSE_00053,编程开发,70.12,57.03,1,2024-05-22,2026-04-06
USER_004836,COURSE_00143,产品设计,127.99,73.93,1,2024-06-27,2026-03-22
USER_004279,COURSE_00154,人工智能,195.74,95.53,1,2024-10-26,2026-03-21
USER_001207,COURSE_00048,产品设计,27.27,79.57,0,2024-11-22,2026-03-28
USER_002529,COURSE_00095,商业管理,57.69,90.59,1,2024-11-17,2026-04-15
USER_001170,COURSE_00147,人工智能,126.48,70.78,1,2024-09-01,2026-03-19
USER_000831,COURSE_00137,商业管理,89.19,62.59,1,2024-07-12,2026-03-30
USER_001652,COURSE_00064,人工智能,94.14,83.63,1,2024-07-10,2026-04-05
USER_001137,COURSE_00093,产品设计,110.86,77.88,1,2024-01-02,2026-03-24
USER_002811,COURSE_00182,数据科学,160.76,75.21,1,2024-06-28,2026-03-22
USER_000476,COURSE_00125,产品设计,85.33,75.15,1,2024-06-24,2026-04-06
USER_002811,COURSE_00179,商业管理,80.8,80.08,1,2024-08-06,2026-04-09
USER_001327,COURSE_00039,产品设计,59.11,59.03,1,2024-10-04,2026-03-27
USER_001020,COURSE_00004,职业技能,47.03,92.76,0,2024-11-03,2026-04-06
USER_001837,COURSE_00126,职业技能,48.93,88.58,1,2024-12-28,2026-04-16
USER_004257,COURSE_00003,人工智能,129.82,90.83,1,2024-02-20,2026-03-25
USER_002449,COURSE_00064,职业技能,96.88,77.67,0,2024-07-18,2026-03-25
USER_004294,COURSE_00029,编程开发,51.42,77.68,1,2024-11-14,2026-03-30
USER_001284,COURSE_00116,人工智能,68.46,53.77,1,2024-04-03,2026-03-21
USER_000660,COURSE_00011,职业技能,117.04,63.84,1,2024-03-14,2026-03-24
USER_002011,COURSE_00097,市场营销,31.56,97.2,0,2024-06-17,2026-04-04
USER_000399,COURSE_00102,产品设计,65.1,100.0,1,2024-03-27,2026-04-10
USER_001734,COURSE_00186,语言学习,61.61,86.16,1,2024-01-29,2026-04-06
USER_002126,COURSE_00155,产品设计,69.85,72.06,0,2024-04-19,2026-04-10
USER_002172,COURSE_00021,职业技能,55.01,100.0,0,2024-03-27,2026-04-04
USER_000075,COURSE_00039,数据科学,103.33,69.15,0,2024-10-04,2026-04-06
USER_004698,COURSE_00102,商业管理,93.26,63.97,1,2024-02-24,2026-04-08
USER_003472,COURSE_00046,语言学习,26.22,72.42,1,2024-09-08,2026-04-03
USER_000837,COURSE_00066,人工智能,119.15,-20.0,1,2024-02-04,2026-04-12
USER_000500,COURSE_00091,数据科学,73.77,75.24,0,2024-05-26,2026-04-04
USER_000138,COURSE_00164,产品设计,100.78,69.74,0,2024-08-30,2026-04-04
USER_002098,COURSE_00111,职业技能,48.73,82.78,1,2024-12-07,2026-03-22
USER_003697,COURSE_00082,人工智能,146.1,85.24,0,2024-01-12,2026-04-01
USER_001886,COURSE_00123,人工智能,110.13,68.84,0,2024-05-20,2026-03-21
USER_002758,COURSE_00193,市场营销,83.16,58.5,1,2024-10-14,2026-04-14
USER_003921,COURSE_00191,市场营销,62.77,45.59,0,2024-01-24,2026-03-31
USER_001901,COURSE_00099,职业技能,57.52,86.11,0,2024-03-08,2026-03-19
USER_002611,COURSE_00035,职业技能,62.98,80.04,1,2024-07-24,2026-04-10
USER_003987,COURSE_00159,编程开发,175.96,84.31,1,2024-12-03,2026-04-08
USER_001450,COURSE_00156,市场营销,74.36,84.99,1,2024-02-22,2026-04-01
USER_000547,COURSE_00103,商业管理,104.92,80.49,0,2024-08-20,2026-04-10
USER_004677,COURSE_00129,语言学习,55.1,97.46,1,2024-01-16,2026-03-22
USER_002004,COURSE_00025,人工智能,120.56,100.0,1,2024-06-22,2026-03-19
USER_002097,COURSE_00043,市场营销,25.7,87.18,0,2024-12-24,2026-04-13
USER_000704,COURSE_00084,职业技能,17.91,95.96,0,2024-11-15,2026-04-03
USER_002404,COURSE_00195,编程开发,65.99,,0,2024-01-13,2026-03-27
USER_001626,COURSE_00191,职业技能,42.88,72.87,1,2024-02-17,2026-04-12
USER_003332,COURSE_00051,职业技能,43.66,82.91,0,2024-01-03,2026-03-24
USER_004734,COURSE_00130,职业技能,30.1,65.58,1,2024-10-24,2026-03-28
USER_002979,COURSE_00126,产品设计,107.6,50.1,0,2024-07-03,2026-04-07
USER_004737,COURSE_00192,语言学习,66.49,57.14,0,2024-06-19,2026-04-03
USER_002840,COURSE_00069,市场营销,62.65,73.05,0,2024-12-18,2026-04-02
USER_003385,COURSE_00009,人工智能,91.87,67.77,0,2024-07-16,2026-04-02
USER_002660,COURSE_00002,产品设计,102.72,100.0,0,2024-06-05,2026-03-19
USER_001862,COURSE_00162,职业技能,74.19,60.02,1,2024-07-19,2026-03-26
USER_002857,COURSE_00188,商业管理,85.76,67.66,1,2024-09-29,2026-04-14
USER_000686,COURSE_00189,人工智能,154.73,75.73,1,2024-09-06,2026-04-04
USER_004284,COURSE_00159,产品设计,71.12,53.27,0,2024-03-12,2026-04-07
USER_001620,COURSE_00010,商业管理,91.92,66.4,1,2024-07-31,2026-04-16
USER_004644,COURSE_00114,商业管理,103.08,90.01,0,2024-09-26,2026-04-12
USER_001432,COURSE_00076,语言学习,52.69,95.06,0,2024-10-20,2026-04-16
USER_000876,COURSE_00164,人工智能,80.65,69.89,1,2024-09-09,2026-03-26
USER_004714,COURSE_00085,市场营销,49.79,77.21,1,2024-07-04,2026-03-22
USER_002462,COURSE_00049,市场营销,68.54,80.63,1,2024-01-31,2026-04-13
USER_001366,COURSE_00070,编程开发,118.17,90.67,1,2024-10-13,2026-04-01
USER_001244,COURSE_00177,产品设计,139.18,89.89,1,2024-10-30,2026-03-20
USER_004999,COURSE_00131,编程开发,104.54,80.64,1,2024-06-06,2026-04-16
USER_000163,COURSE_00133,数据科学,43.35,74.48,0,2024-01-29,2026-03-30
USER_001975,COURSE_00189,市场营销,52.11,99.2,0,2024-04-24,2026-04-09
USER_003292,COURSE_00090,产品设计,100.35,66.02,0,2024-03-22,2026-04-16
USER_000270,COURSE_00026,语言学习,82.89,100.0,0,2024-09-29,2026-03-19
USER_000632,COURSE_00072,编程开发,135.11,71.71,1,2024-10-25,2026-03-22
USER_000906,COURSE_00005,语言学习,47.02,100.0,1,2024-12-25,2026-03-29
USER_003472,COURSE_00015,语言学习,61.83,84.7,0,2024-03-28,2026-03-31
USER_003254,COURSE_00123,职业技能,64.53,68.46,0,2024-01-22,2026-04-12
USER_002015,COURSE_00144,职业技能,48.56,94.37,1,2024-03-31,2026-04-01
USER_001642,COURSE_00001,语言学习,82.18,100.0,0,2024-02-13,2026-03-18
USER_000205,COURSE_00144,编程开发,155.24,91.29,1,2024-01-30,2026-03-22
USER_000582,COURSE_00165,职业技能,40.69,79.13,0,2024-07-27,2026-04-15
USER_000841,COURSE_00003,数据科学,99.05,,0,2024-05-02,2026-04-11
USER_001720,COURSE_00180,商业管理,68.93,88.96,1,2024-06-17,2026-03-23
USER_002644,COURSE_00047,商业管理,67.27,84.16,0,2024-06-30,2026-04-12
USER_002298,COURSE_00095,职业技能,80.2,100.0,1,2024-12-02,2026-03-25
USER_000875,COURSE_00013,编程开发,132.7,78.78,1,2024-03-25,2026-03-21
USER_000690,COURSE_00120,商业管理,132.93,91.39,1,2024-12-04,2026-03-20
USER_004001,COURSE_00055,人工智能,121.24,77.58,1,2024-08-11,2026-03-20
USER_003142,COURSE_00149,商业管理,99.18,84.1,0,2024-10-23,2026-04-14
USER_001423,COURSE_00066,市场营销,62.41,53.48,0,2024-08-28,2026-03-23
USER_000672,COURSE_00182,编程开发,156.71,46.1,1,2024-06-23,2026-04-15
USER_001172,COURSE_00155,职业技能,44.03,,1,2024-04-20,2026-03-31
USER_003727,COURSE_00166,职业技能,42.15,93.18,1,2024-10-14,2026-03-24
USER_000944,COURSE_00090,商业管理,99.72,65.05,1,2024-05-14,2026-03-31
USER_001450,COURSE_00186,编程开发,164.92,73.81,1,2024-12-16,2026-03-26
USER_003738,COURSE_00062,数据科学,101.71,77.34,0,2024-10-21,2026-03-27
USER_002540,COURSE_00102,人工智能,18.87,58.96,0,2024-05-23,2026-04-16
USER_003960,COURSE_00174,职业技能,86.77,83.01,1,2024-08-26,2026-04-09
USER_004992,COURSE_00139,编程开发,139.22,67.8,1,2024-12-27,2026-03-26
USER_004261,COURSE_00200,职业技能,109.81,95.4,0,2024-09-26,2026-03-24
USER_002362,COURSE_00008,职业技能,51.5,87.73,1,2024-08-05,2026-04-11
USER_003653,COURSE_00097,市场营销,93.99,84.33,1,2024-10-03,2026-04-10
USER_003671,COURSE_00117,商业管理,61.5,69.96,1,2024-05-11,2026-04-02
USER_001754,COURSE_00199,市场营销,29.97,86.13,0,2024-04-14,2026-03-28
USER_002353,COURSE_00064,商业管理,69.96,74.69,0,2024-02-04,2026-03-19
USER_001939,COURSE_00021,职业技能,81.8,85.74,0,2024-10-11,2026-04-11
USER_000371,COURSE_00200,编程开发,192.64,94.1,1,2024-06-02,2026-03-23
USER_004949,COURSE_00115,语言学习,24.32,92.93,1,2024-10-19,2026-03-19
USER_004480,COURSE_00191,商业管理,77.39,83.34,0,2024-08-23,2026-04-01
USER_001932,COURSE_00085,语言学习,77.56,73.54,1,2024-04-13,2026-04-15
USER_000425,COURSE_00192,人工智能,162.19,65.1,1,2024-03-31,2026-03-22
USER_004725,COURSE_00020,市场营销,78.85,54.12,1,2024-08-29,2026-04-16
USER_000895,COURSE_00008,语言学习,69.92,79.51,1,2024-07-06,2026-03-30
USER_000598,COURSE_00058,市场营销,77.69,70.85,0,2024-08-12,2026-04-16
USER_003063,COURSE_00046,商业管理,87.99,67.51,0,2024-09-25,2026-03-24
USER_002337,COURSE_00031,商业管理,113.84,58.23,1,2024-08-12,2026-04-08
USER_004689,COURSE_00093,人工智能,68.87,75.6,0,2024-04-18,2026-04-02
USER_001688,COURSE_00009,商业管理,66.51,88.42,0,2024-10-02,2026-04-05
USER_000573,COURSE_00015,职业技能,37.98,57.04,1,2024-07-07,2026-04-13
USER_002091,COURSE_00094,人工智能,174.9,65.38,1,2024-02-23,2026-03-30
USER_003670,COURSE_00154,语言学习,39.43,80.74,0,2024-09-16,2026-03-23
USER_004273,COURSE_00138,商业管理,102.08,88.31,1,2024-12-13,2026-04-04
USER_004625,COURSE_00029,编程开发,188.94,69.46,1,2024-06-01,2026-04-03
USER_001634,COURSE_00080,产品设计,82.16,53.76,0,2024-11-23,2026-03-25
USER_001518,COURSE_00036,数据科学,143.0,62.69,0,2024-12-08,2026-04-09
USER_004294,COURSE_00084,职业技能,108.66,78.41,1,2024-04-14,2026-04-12
USER_002658,COURSE_00109,产品设计,69.69,90.95,1,2024-03-18,2026-03-29
USER_003649,COURSE_00118,产品设计,89.52,84.23,0,2024-05-18,2026-04-01
USER_004949,COURSE_00037,市场营销,9.96,77.81,0,2024-08-03,2026-03-28
USER_003589,COURSE_00086,职业技能,40.36,61.53,0,2024-09-18,2026-04-16
USER_001538,COURSE_00071,职业技能,36.78,82.93,1,2024-07-10,2026-04-08
USER_003138,COURSE_00151,人工智能,183.32,80.63,1,2024-12-03,2026-04-16
USER_000098,COURSE_00169,市场营销,40.54,68.9,1,2024-12-28,2026-04-07
USER_003216,COURSE_00093,语言学习,61.03,100.0,1,2024-01-01,2026-03-28
USER_004531,COURSE_00080,数据科学,67.71,96.21,1,2024-04-26,2026-04-05
USER_004733,COURSE_00102,语言学习,53.3,86.14,1,2024-04-14,2026-03-30
USER_003751,COURSE_00156,编程开发,95.67,86.37,1,2024-12-09,2026-04-12
USER_003158,COURSE_00176,数据科学,61.97,68.71,0,2024-04-09,2026-03-23
USER_004684,COURSE_00166,市场营销,61.52,98.17,0,2024-12-27,2026-03-26
USER_000344,COURSE_00159,商业管理,84.63,82.13,0,2024-01-30,2026-04-16
USER_004667,COURSE_00014,商业管理,52.12,78.29,1,2024-11-01,2026-04-15
USER_000611,COURSE_00117,市场营销,104.52,100.0,1,2024-11-14,2026-03-19
USER_001728,COURSE_00073,语言学习,85.03,83.65,1,2024-06-10,2026-03-22
USER_002291,COURSE_00091,市场营销,38.95,78.34,1,2024-07-22,2026-04-05
USER_001855,COURSE_00090,市场营销,42.54,67.92,1,2024-07-30,2026-03-28
USER_002609,COURSE_00029,产品设计,63.46,82.27,1,2024-05-19,2026-04-01
USER_002080,COURSE_00179,编程开发,97.07,92.35,1,2024-03-27,2026-03-29
USER_002325,COURSE_00049,职业技能,112.43,89.54,0,2024-04-09,2026-03-28
USER_004628,COURSE_00171,商业管理,54.65,63.56,1,2024-05-05,2026-03-29
USER_001178,COURSE_00072,产品设计,70.43,82.69,0,2024-03-24,2026-03-29
USER_001092,COURSE_00133,市场营销,5.0,79.55,0,2024-11-11,2026-04-11
USER_004980,COURSE_00042,人工智能,159.48,63.99,0,2024-12-30,2026-03-28
USER_002792,COURSE_00135,产品设计,76.54,82.56,1,2024-04-03,2026-04-12
USER_001750,COURSE_00042,市场营销,62.09,79.77,1,2024-03-21,2026-04-03
USER_002676,COURSE_00164,商业管理,137.62,61.22,1,2024-08-24,2026-03-27
USER_000782,COURSE_00105,职业技能,89.03,100.0,1,2024-12-24,2026-04-11
USER_003049,COURSE_00027,市场营销,54.12,94.54,1,2024-09-13,2026-04-05
USER_002106,COURSE_00058,编程开发,154.94,59.11,0,2024-07-22,2026-03-27
USER_003868,COURSE_00046,语言学习,89.79,74.28,1,2024-09-29,2026-03-31
USER_004977,COURSE_00066,数据科学,124.98,74.71,0,2024-09-24,2026-04-02
USER_004543,COURSE_00025,产品设计,96.12,90.16,1,2024-04-13,2026-04-05
USER_002114,COURSE_00073,产品设计,129.17,95.13,0,2024-09-11,2026-03-27
USER_003971,COURSE_00117,产品设计,127.23,92.7,1,2024-05-25,2026-03-20
USER_001992,COURSE_00155,市场营销,23.42,88.65,0,2024-08-18,2026-04-06
USER_001068,COURSE_00129,职业技能,85.78,100.0,1,2024-09-05,2026-04-01
USER_001578,COURSE_00087,编程开发,164.56,66.13,1,2024-08-16,2026-04-04
USER_001012,COURSE_00074,职业技能,8.23,,1,2024-05-08,2026-03-20
USER_002275,COURSE_00170,市场营销,89.79,,0,2024-03-04,2026-04-02
USER_004870,COURSE_00180,市场营销,64.88,79.33,1,2024-04-15,2026-04-15
USER_001815,COURSE_00153,语言学习,59.03,98.91,1,2024-01-11,2026-03-31
USER_002427,COURSE_00182,人工智能,162.72,86.27,1,2024-07-19,2026-04-12
USER_004403,COURSE_00125,编程开发,128.51,69.69,0,2024-09-11,2026-03-26
USER_004875,COURSE_00067,产品设计,106.65,89.7,1,2024-06-05,2026-04-01
USER_002552,COURSE_00006,数据科学,205.53,88.43,1,2024-12-09,2026-04-16
USER_003658,COURSE_00125,产品设计,99.54,95.5,0,2024-12-23,2026-04-01
USER_000008,COURSE_00058,职业技能,89.04,100.0,0,2024-08-05,2026-03-30
USER_002556,COURSE_00070,市场营销,22.2,78.79,0,2024-08-01,2026-03-20
USER_000476,COURSE_00053,编程开发,175.46,96.46,1,2024-08-03,2026-04-16
USER_002212,COURSE_00066,商业管理,69.81,85.31,1,2024-04-15,2026-04-04
USER_000485,COURSE_00058,编程开发,129.85,63.15,1,2024-11-18,2026-04-09
USER_004655,COURSE_00082,编程开发,109.03,70.14,1,2024-08-18,2026-04-03
USER_002286,COURSE_00087,人工智能,57.36,86.72,0,2024-07-11,2026-03-25
USER_004564,COURSE_00002,产品设计,53.41,49.95,0,2024-12-16,2026-04-07
USER_003526,COURSE_00150,人工智能,67.68,48.07,1,2024-09-15,2026-03-26
USER_003340,COURSE_00037,商业管理,101.91,62.03,1,2024-01-15,2026-04-11
USER_002823,COURSE_00148,商业管理,117.76,78.42,1,2024-07-03,2026-03-28
USER_004944,COURSE_00103,语言学习,60.11,38.95,0,2024-04-10,2026-04-10
USER_002925,COURSE_00024,职业技能,7.76,85.66,1,2024-04-20,2026-03-23
USER_000259,COURSE_00112,数据科学,118.57,96.35,1,2024-06-23,2026-03-23
USER_000283,COURSE_00065,语言学习,48.54,45.28,0,2024-12-24,2026-04-14
USER_001899,COURSE_00193,市场营销,61.16,71.14,1,2024-08-12,2026-04-08
USER_004136,COURSE_00129,人工智能,116.47,93.58,0,2024-02-28,2026-03-19
USER_002977,COURSE_00117,人工智能,124.32,75.19,0,2024-09-27,2026-04-16
USER_002268,COURSE_00116,语言学习,43.07,82.4,1,2024-01-19,2026-03-25
USER_003201,COURSE_00105,市场营销,76.94,94.1,1,2024-09-13,2026-03-23
USER_000613,COURSE_00003,编程开发,149.41,63.51,1,2024-01-22,2026-03-22
USER_000688,COURSE_00046,市场营销,5.0,60.23,0,2024-07-15,2026-04-04
USER_003691,COURSE_00055,产品设计,87.52,94.14,1,2024-10-10,2026-03-27
USER_000613,COURSE_00075,语言学习,35.48,99.27,0,2024-02-21,2026-03-21
USER_002308,COURSE_00192,职业技能,76.12,88.29,1,2024-12-15,2026-04-10
USER_003014,COURSE_00045,市场营销,62.86,,1,2024-09-12,2026-04-14
USER_001782,COURSE_00154,编程开发,138.45,76.84,1,2024-02-20,2026-04-07
USER_002592,COURSE_00077,市场营销,52.77,73.52,1,2024-12-16,2026-04-16
USER_002697,COURSE_00193,人工智能,152.79,74.23,0,2024-02-17,2026-04-16
USER_003959,COURSE_00024,数据科学,116.85,77.16,1,2024-01-10,2026-03-23
USER_000575,COURSE_00035,人工智能,138.52,80.56,0,2024-11-19,2026-03-28
USER_001911,COURSE_00024,职业技能,8.2,100.0,1,2024-02-12,2026-03-25
USER_003605,COURSE_00028,商业管理,114.87,73.59,0,2024-01-24,2026-03-31
USER_000670,COURSE_00016,数据科学,193.93,74.77,1,2024-01-08,2026-03-24
USER_004365,COURSE_00059,商业管理,83.36,59.81,0,2024-11-01,2026-03-31
USER_001284,COURSE_00182,市场营销,31.98,84.79,0,2024-06-25,2026-04-15
USER_000924,COURSE_00144,产品设计,83.71,100.0,1,2024-12-24,2026-04-08
USER_001126,COURSE_00015,职业技能,29.89,88.15,1,2024-12-21,2026-04-14
USER_001530,COURSE_00011,市场营销,88.03,79.95,1,2024-03-13,2026-03-18
USER_001595,COURSE_00193,编程开发,60.19,56.43,1,2024-08-13,2026-04-15
USER_000247,COURSE_00079,市场营销,71.5,68.93,0,2024-10-22,2026-03-19
USER_003712,COURSE_00115,数据科学,79.59,71.67,1,2024-12-10,2026-04-10
USER_001561,COURSE_00068,人工智能,101.62,78.33,1,2024-12-03,2026-04-13
USER_002401,COURSE_00043,产品设计,136.41,98.37,0,2024-07-03,2026-04-16
USER_002244,COURSE_00069,商业管理,38.51,84.18,1,2024-06-29,2026-03-29
USER_003865,COURSE_00141,市场营销,52.38,82.76,0,2024-10-16,2026-04-10
USER_001940,COURSE_00138,市场营销,23.7,70.29,1,2024-02-11,2026-04-12
USER_003070,COURSE_00075,人工智能,125.49,87.49,1,2024-11-21,2026-03-19
USER_000227,COURSE_00103,产品设计,146.59,79.47,1,2024-05-07,2026-03-27
USER_003548,COURSE_00041,语言学习,54.86,92.74,0,2024-01-26,2026-04-02
USER_000265,COURSE_00178,商业管理,119.01,73.55,0,2024-08-20,2026-03-24
USER_001396,COURSE_00199,市场营销,62.85,84.01,1,2024-06-08,2026-03-30
USER_003558,COURSE_00059,市场营销,28.22,81.19,1,2024-07-21,2026-04-02
USER_000646,COURSE_00039,语言学习,26.05,76.65,1,2024-09-28,2026-04-05
USER_002991,COURSE_00003,商业管理,46.34,93.05,1,2024-01-24,2026-04-11
USER_001900,COURSE_00007,数据科学,64.4,41.93,0,2024-05-07,2026-03-18
USER_002505,COURSE_00049,数据科学,86.7,90.83,0,2024-02-21,2026-03-29
USER_002773,COURSE_00026,职业技能,40.48,45.06,0,2024-03-20,2026-03-25
USER_001155,COURSE_00161,职业技能,81.24,72.0,1,2024-01-25,2026-04-02
USER_000588,COURSE_00101,编程开发,112.27,88.26,1,2024-02-16,2026-04-09
USER_004572,COURSE_00176,人工智能,75.58,67.68,0,2024-01-21,2026-04-02
USER_001822,COURSE_00079,产品设计,76.37,72.36,0,2024-01-01,2026-04-01
USER_000986,COURSE_00002,市场营销,64.87,100.0,0,2024-02-27,2026-03-18
USER_004080,COURSE_00127,商业管理,109.5,76.1,0,2024-08-10,2026-04-03
USER_003349,COURSE_00199,市场营销,98.47,98.67,1,2024-12-22,2026-03-25
USER_003832,COURSE_00160,职业技能,46.91,100.0,1,2024-07-08,2026-04-12
USER_001242,COURSE_00132,编程开发,131.14,91.68,1,2024-06-19,2026-03-18
USER_000190,COURSE_00020,商业管理,103.65,100.0,1,2024-07-26,2026-03-31
USER_000981,COURSE_00117,商业管理,59.22,77.3,0,2024-04-16,2026-04-04
USER_001699,COURSE_00164,市场营销,75.93,87.54,0,2024-08-04,2026-04-08
USER_001716,COURSE_00032,人工智能,85.66,100.0,1,2024-12-23,2026-04-14
USER_002594,COURSE_00028,编程开发,152.94,,1,2024-12-05,2026-04-15
USER_004137,COURSE_00077,人工智能,142.06,80.71,1,2024-02-05,2026-03-29
USER_004434,COURSE_00001,编程开发,76.62,74.92,1,2024-01-19,2026-03-29
USER_001099,COURSE_00188,市场营销,80.9,99.93,1,2024-09-17,2026-04-01
USER_002327,COURSE_00056,编程开发,155.87,64.96,1,2024-03-10,2026-04-05
USER_003248,COURSE_00035,数据科学,58.41,57.08,0,2024-11-16,2026-04-01
USER_000896,COURSE_00112,商业管理,152.97,71.09,0,2024-11-23,2026-03-19
USER_001675,COURSE_00030,产品设计,100.36,80.15,1,2024-09-01,2026-04-04
USER_002910,COURSE_00054,市场营销,45.07,99.21,1,2024-06-06,2026-04-16
USER_000931,COURSE_00036,语言学习,72.99,67.6,1,2024-05-13,2026-04-12
USER_004385,COURSE_00183,产品设计,91.41,100.0,1,2024-07-05,2026-04-11
USER_000724,COURSE_00080,市场营销,50.02,91.01,1,2024-06-09,2026-04-04
USER_002941,COURSE_00058,产品设计,48.55,55.82,1,2024-03-31,2026-03-20
USER_001090,COURSE_00083,数据科学,112.57,58.31,1,2024-03-25,2026-04-01
USER_004579,COURSE_00065,产品设计,82.44,86.81,1,2024-06-22,2026-03-26
USER_000936,COURSE_00069,编程开发,156.06,48.54,0,2024-09-07,2026-03-31
USER_002296,COURSE_00128,职业技能,79.53,100.0,1,2024-08-10,2026-04-06
USER_000156,COURSE_00051,产品设计,73.19,80.8,0,2024-09-09,2026-03-30
USER_001071,COURSE_00022,市场营销,73.06,79.72,0,2024-02-16,2026-03-28
USER_001959,COURSE_00107,语言学习,28.35,81.49,0,2024-02-28,2026-04-12
USER_002502,COURSE_00109,语言学习,73.87,69.0,1,2024-01-03,2026-03-20
USER_004220,COURSE_00116,职业技能,5.0,100.0,1,2024-07-13,2026-03-29
USER_003831,COURSE_00101,人工智能,118.94,74.6,1,2024-07-26,2026-04-08
USER_000855,COURSE_00181,职业技能,20.9,88.37,1,2024-11-29,2026-04-12
USER_000640,COURSE_00100,商业管理,111.54,100.0,1,2024-11-04,2026-03-30
USER_002239,COURSE_00164,产品设计,95.66,94.09,0,2024-11-05,2026-03-19
USER_001603,COURSE_00068,语言学习,46.97,96.99,1,2024-06-08,2026-03-21
USER_000442,COURSE_00036,职业技能,51.27,63.78,0,2024-04-19,2026-03-18
USER_004629,COURSE_00180,产品设计,122.55,97.71,0,2024-01-22,2026-04-14
USER_001337,COURSE_00181,商业管理,30.48,76.09,1,2024-12-16,2026-04-05
USER_003701,COURSE_00178,语言学习,77.59,79.48,1,2024-08-07,2026-03-27
USER_000949,COURSE_00169,商业管理,111.86,67.28,0,2024-01-06,2026-04-10
USER_003374,COURSE_00146,产品设计,112.42,58.05,1,2024-04-08,2026-03-28
USER_000460,COURSE_00022,市场营销,69.08,81.2,0,2024-10-29,2026-04-03
USER_004647,COURSE_00066,产品设计,135.79,67.03,1,2024-05-06,2026-03-25
USER_000393,COURSE_00021,职业技能,64.67,68.7,1,2024-10-05,2026-04-02
USER_003939,COURSE_00100,商业管理,52.23,95.89,1,2024-08-24,2026-03-27
USER_001788,COURSE_00128,市场营销,73.21,90.66,1,2024-02-20,2026-03-23
USER_004941,COURSE_00044,市场营销,111.62,81.9,0,2024-12-16,2026-04-08
USER_002258,COURSE_00103,人工智能,118.07,64.25,1,2024-08-03,2026-04-09
USER_001139,COURSE_00047,语言学习,89.73,100.0,0,2024-10-28,2026-03-26
USER_003809,COURSE_00039,编程开发,145.09,71.39,0,2024-04-26,2026-04-03
USER_004742,COURSE_00029,市场营销,81.27,69.19,0,2024-01-05,2026-04-05
USER_002455,COURSE_00054,商业管理,65.9,100.0,1,2024-06-20,2026-03-30
USER_001467,COURSE_00090,语言学习,47.1,74.57,0,2024-01-16,2026-04-12
USER_003675,COURSE_00085,数据科学,181.1,91.64,1,2024-03-30,2026-03-24
USER_001378,COURSE_00017,产品设计,78.39,68.05,1,2024-10-14,2026-03-24
USER_002598,COURSE_00080,职业技能,25.87,70.7,0,2024-06-03,2026-04-02
USER_000142,COURSE_00188,商业管理,51.11,85.53,0,2024-02-19,2026-04-04
USER_002660,COURSE_00159,数据科学,100.33,68.81,1,2024-12-18,2026-04-12
USER_004597,COURSE_00073,商业管理,151.09,100.0,0,2024-01-30,2026-03-21
USER_000840,COURSE_00049,产品设计,135.77,100.0,1,2024-12-09,2026-04-13
USER_003619,COURSE_00101,人工智能,140.26,78.66,1,2024-04-20,2026-04-01
USER_003918,COURSE_00002,商业管理,83.03,,0,2024-08-31,2026-03-19
USER_000596,COURSE_00176,市场营销,51.66,100.0,1,2024-08-02,2026-04-02
USER_001905,COURSE_00142,编程开发,171.92,40.16,0,2024-04-08,2026-03-22
USER_000281,COURSE_00059,市场营销,61.81,100.0,1,2024-07-22,2026-04-11
USER_000424,COURSE_00097,产品设计,109.74,79.18,0,2024-08-08,2026-04-14
USER_004366,COURSE_00099,商业管理,88.57,97.97,1,2024-07-23,2026-04-09
USER_004250,COURSE_00186,编程开发,183.95,87.72,1,2024-12-22,2026-04-12
USER_001751,COURSE_00103,市场营销,64.72,92.46,1,2024-02-03,2026-03-28
USER_004758,COURSE_00186,编程开发,94.25,46.65,1,2024-04-29,2026-04-07
USER_001968,COURSE_00179,职业技能,42.19,89.92,1,2024-11-04,2026-03-22
USER_004089,COURSE_00002,产品设计,98.16,100.0,1,2024-06-11,2026-04-02
USER_004179,COURSE_00041,人工智能,151.42,91.38,1,2024-01-26,2026-03-19
USER_002947,COURSE_00123,人工智能,111.41,52.56,1,2024-09-17,2026-03-31
USER_001450,COURSE_00082,商业管理,62.32,57.16,1,2024-02-27,2026-04-15
USER_002332,COURSE_00144,市场营销,55.3,80.14,1,2024-12-27,2026-03-18
USER_002221,COURSE_00132,数据科学,120.03,74.07,1,2024-08-05,2026-04-02
USER_003790,COURSE_00140,产品设计,103.27,66.17,1,2024-05-26,2026-03-24
USER_002811,COURSE_00029,市场营销,116.1,86.1,1,2024-08-04,2026-04-16
USER_004729,COURSE_00135,市场营销,55.46,93.27,1,2024-12-15,2026-03-21
USER_001532,COURSE_00014,人工智能,103.9,63.12,1,2024-02-18,2026-04-14
USER_004883,COURSE_00012,商业管理,46.9,83.88,1,2024-02-20,2026-04-02
USER_002991,COURSE_00099,编程开发,146.82,57.91,1,2024-11-13,2026-04-16
USER_004494,COURSE_00133,产品设计,141.2,37.51,0,2024-05-10,2026-03-29
USER_001144,COURSE_00081,职业技能,42.2,79.76,1,2024-07-30,2026-04-14
USER_000934,COURSE_00106,编程开发,154.12,91.92,0,2024-09-02,2026-03-30
USER_001461,COURSE_00032,语言学习,82.32,98.39,1,2024-09-01,2026-04-11
USER_002724,COURSE_00074,语言学习,96.74,91.63,1,2024-12-12,2026-03-31
USER_002513,COURSE_00171,产品设计,102.71,84.73,1,2024-07-31,2026-04-12
USER_000286,COURSE_00081,商业管理,76.04,56.45,0,2024-10-06,2026-04-09
USER_000265,COURSE_00069,数据科学,101.76,68.91,1,2024-11-09,2026-04-16
USER_002368,COURSE_00045,语言学习,50.25,89.17,1,2024-02-06,2026-04-01
USER_003448,COURSE_00106,人工智能,51.73,62.42,1,2024-04-06,2026-04-08
USER_004917,COURSE_00137,数据科学,96.62,95.07,1,2024-03-16,2026-03-25
USER_001763,COURSE_00177,市场营销,44.49,73.75,1,2024-12-08,2026-04-06
USER_003049,COURSE_00161,语言学习,39.6,72.26,1,2024-12-21,2026-03-26
USER_002382,COURSE_00100,人工智能,184.04,100.0,1,2024-01-29,2026-03-25
USER_002270,COURSE_00146,市场营销,81.47,93.14,1,2024-10-16,2026-03-23
USER_000041,COURSE_00009,数据科学,90.07,68.7,1,2024-02-12,2026-03-21
USER_000068,COURSE_00062,产品设计,145.41,94.43,1,2024-06-21,2026-03-25
USER_000988,COURSE_00185,市场营销,69.55,97.34,1,2024-12-29,2026-03-22
USER_004009,COURSE_00029,编程开发,18.88,62.49,0,2024-11-24,2026-03-20
USER_003199,COURSE_00125,产品设计,40.49,65.27,0,2024-05-07,2026-03-28
USER_004791,COURSE_00114,产品设计,101.33,86.66,0,2024-07-09,2026-04-07
USER_002525,COURSE_00153,数据科学,133.54,77.9,0,2024-02-25,2026-04-08
USER_001086,COURSE_00143,数据科学,122.23,84.97,1,2024-02-01,2026-04-02
USER_002480,COURSE_00134,人工智能,,98.17,1,2024-08-03,2026-04-03
USER_001694,COURSE_00120,人工智能,110.93,85.09,0,2024-09-09,2026-04-02
USER_002316,COURSE_00170,编程开发,135.91,77.78,1,2024-11-24,2026-03-27
USER_000779,COURSE_00157,产品设计,,92.61,1,2024-09-18,2026-03-22
USER_004590,COURSE_00079,职业技能,79.34,64.93,0,2024-06-25,2026-03-19
USER_001586,COURSE_00093,商业管理,72.04,100.0,1,2024-03-11,2026-04-09
USER_001493,COURSE_00004,编程开发,163.25,97.87,1,2024-07-05,2026-03-18
USER_000661,COURSE_00082,编程开发,125.14,72.16,1,2024-11-11,2026-04-04
USER_001349,COURSE_00185,商业管理,147.24,98.01,0,2024-04-13,2026-03-19
USER_001300,COURSE_00177,商业管理,69.41,81.0,1,2024-05-11,2026-03-25
USER_003941,COURSE_00172,商业管理,116.12,83.69,1,2024-09-10,2026-03-19
USER_001987,COURSE_00075,数据科学,156.31,75.26,1,2024-05-12,2026-03-19
USER_002045,COURSE_00014,编程开发,179.51,83.43,1,2024-01-17,2026-03-31
USER_003517,COURSE_00131,编程开发,161.91,80.48,1,2024-08-04,2026-04-13
USER_001059,COURSE_00114,市场营销,24.93,98.22,1,2024-03-18,2026-03-26
USER_000977,COURSE_00062,商业管理,48.27,77.74,1,2024-05-16,2026-03-29
USER_004578,COURSE_00106,商业管理,41.83,79.34,1,2024-02-23,2026-04-02
USER_000728,COURSE_00064,人工智能,146.72,68.1,1,2024-04-14,2026-04-02
USER_002528,COURSE_00102,人工智能,189.61,82.11,1,2024-10-30,2026-03-30
USER_003137,COURSE_00173,产品设计,75.44,86.84,1,2024-03-01,2026-04-04
USER_000343,COURSE_00106,人工智能,85.58,76.85,1,2024-09-14,2026-04-11
USER_001448,COURSE_00186,语言学习,45.72,70.42,1,2024-06-12,2026-03-20
USER_002380,COURSE_00020,产品设计,102.8,100.0,0,2024-10-09,2026-03-27
USER_003660,COURSE_00058,职业技能,110.45,67.19,0,2024-10-26,2026-03-21
USER_000527,COURSE_00112,商业管理,115.63,99.38,1,2024-05-04,2026-04-13
USER_001897,COURSE_00057,市场营销,122.66,79.75,0,2024-10-20,2026-04-14
USER_004755,COURSE_00196,人工智能,119.23,85.53,1,2024-04-02,2026-03-30
USER_002074,COURSE_00119,市场营销,35.08,97.02,0,2024-09-25,2026-03-22
USER_004916,COURSE_00097,人工智能,143.5,75.91,0,2024-09-13,2026-04-10
USER_000406,COURSE_00092,人工智能,147.65,66.14,1,2024-07-30,2026-04-02
USER_001574,COURSE_00052,市场营销,16.97,70.26,0,2024-05-13,2026-04-11
USER_004601,COURSE_00037,编程开发,84.15,63.83,1,2024-11-01,2026-03-20
USER_003741,COURSE_00008,编程开发,151.16,52.72,1,2024-06-07,2026-04-02
USER_004275,COURSE_00044,编程开发,70.74,71.34,1,2024-01-26,2026-03-19
USER_004228,COURSE_00098,语言学习,112.52,84.5,1,2024-06-29,2026-03-27
USER_001847,COURSE_00133,编程开发,126.4,83.94,0,2024-02-16,2026-04-15
USER_001479,COURSE_00118,人工智能,108.36,78.41,1,2024-05-31,2026-03-24
USER_002396,COURSE_00069,商业管理,119.13,58.94,1,2024-02-10,2026-04-09
USER_000772,COURSE_00159,数据科学,70.73,83.69,1,2024-12-03,2026-03-22
USER_000579,COURSE_00045,市场营销,78.02,50.72,0,2024-07-17,2026-04-05
USER_002902,COURSE_00137,商业管理,45.35,78.06,1,2024-02-07,2026-04-06
USER_000194,COURSE_00032,数据科学,77.06,57.4,0,2024-11-10,2026-03-19
USER_002008,COURSE_00033,商业管理,109.27,69.56,0,2024-12-30,2026-03-27
USER_001186,COURSE_00126,语言学习,50.28,66.07,1,2024-03-16,2026-03-31
USER_002395,COURSE_00067,数据科学,125.57,65.5,0,2024-09-08,2026-04-13
USER_002999,COURSE_00030,职业技能,44.58,97.7,0,2024-12-08,2026-04-13
USER_001793,COURSE_00114,产品设计,82.99,97.83,1,2024-12-20,2026-03-30
USER_001111,COURSE_00029,编程开发,113.89,64.29,0,2024-07-27,2026-04-04
USER_004006,COURSE_00131,职业技能,72.31,82.4,1,2024-07-20,2026-04-05
USER_002262,COURSE_00185,语言学习,37.62,,0,2024-08-12,2026-03-26
USER_003737,COURSE_00030,商业管理,94.38,55.74,1,2024-12-17,2026-04-05
USER_003794,COURSE_00137,人工智能,189.24,76.77,1,2024-05-20,2026-04-05
USER_001937,COURSE_00154,编程开发,115.01,86.27,0,2024-09-25,2026-03-23
USER_004876,COURSE_00130,职业技能,14.25,88.45,0,2024-06-03,2026-04-04
USER_004358,COURSE_00062,编程开发,151.96,64.57,1,2024-12-28,2026-04-02
USER_000730,COURSE_00003,数据科学,108.98,69.91,1,2024-05-06,2026-04-06
USER_004379,COURSE_00174,产品设计,50.82,69.74,1,2024-06-16,2026-04-02
USER_003452,COURSE_00068,编程开发,90.66,61.65,1,2024-06-30,2026-04-08
USER_004458,COURSE_00025,商业管理,93.63,76.92,0,2024-03-25,2026-04-10
USER_004537,COURSE_00179,商业管理,114.52,87.34,1,2024-12-23,2026-04-04
USER_002141,COURSE_00141,市场营销,103.07,39.84,1,2024-03-05,2026-03-26
USER_001645,COURSE_00044,市场营销,38.76,97.02,1,2024-06-16,2026-03-22
USER_002801,COURSE_00163,编程开发,105.15,60.85,0,2024-12-29,2026-04-01
USER_004963,COURSE_00055,数据科学,205.43,64.99,1,2024-09-21,2026-04-09
USER_000142,COURSE_00137,数据科学,162.9,76.41,1,2024-06-16,2026-03-21
USER_001456,COURSE_00130,人工智能,136.71,62.1,1,2024-01-24,2026-04-08
USER_004797,COURSE_00189,语言学习,78.12,90.9,1,2024-09-04,2026-04-11
USER_002097,COURSE_00041,语言学习,74.4,100.0,1,2024-08-07,2026-04-12
USER_001326,COURSE_00172,职业技能,53.24,77.44,0,2024-02-07,2026-03-26
USER_004977,COURSE_00064,语言学习,75.64,88.27,1,2024-09-14,2026-04-08
USER_001214,COURSE_00031,产品设计,,82.03,0,2024-08-31,2026-04-13
USER_001160,COURSE_00047,数据科学,117.36,68.03,0,2024-04-10,2026-03-18
USER_004651,COURSE_00130,人工智能,199.9,67.94,1,2024-08-26,2026-03-25
USER_004500,COURSE_00096,市场营销,51.05,81.6,0,2024-11-11,2026-03-19
USER_004988,COURSE_00077,商业管理,89.41,75.29,0,2024-10-23,2026-03-19
USER_004698,COURSE_00110,语言学习,63.14,80.55,0,2024-01-24,2026-04-09
USER_000341,COURSE_00069,市场营销,112.79,92.84,1,2024-05-10,2026-04-12
USER_003829,COURSE_00058,市场营销,43.74,100.0,1,2024-12-19,2026-04-02
USER_001969,COURSE_00106,编程开发,187.78,73.44,1,2024-02-24,2026-04-12
USER_000704,COURSE_00044,产品设计,72.49,74.08,1,2024-07-29,2026-04-15
USER_004414,COURSE_00074,人工智能,67.44,78.07,0,2024-07-30,2026-03-19
USER_002430,COURSE_00056,产品设计,81.75,86.88,1,2024-03-24,2026-03-28
USER_001801,COURSE_00171,编程开发,128.43,90.69,1,2024-09-27,2026-03-24
USER_004913,COURSE_00127,人工智能,122.79,79.62,0,2024-11-04,2026-03-26
USER_004649,COURSE_00162,人工智能,20.55,91.8,0,2024-10-11,2026-03-28
USER_000856,COURSE_00030,数据科学,5.0,94.26,1,2024-12-27,2026-04-11
USER_001813,COURSE_00071,产品设计,136.57,68.08,1,2024-12-30,2026-03-26
USER_002867,COURSE_00198,产品设计,95.08,88.98,0,2024-02-15,2026-04-09
USER_003643,COURSE_00118,数据科学,171.79,84.04,1,2024-05-18,2026-03-19
USER_000183,COURSE_00055,职业技能,74.55,92.34,1,2024-09-07,2026-03-22
USER_003113,COURSE_00067,市场营销,86.84,71.81,1,2024-09-24,2026-04-05
USER_004493,COURSE_00141,编程开发,73.33,70.64,1,2024-03-14,2026-03-21
USER_001518,COURSE_00003,产品设计,121.45,85.33,1,2024-04-30,2026-04-06
USER_001357,COURSE_00026,数据科学,187.18,70.49,1,2024-07-18,2026-04-15
USER_002175,COURSE_00057,商业管理,74.21,59.04,1,2024-02-09,2026-03-30
USER_003630,COURSE_00126,职业技能,77.97,100.0,1,2024-07-20,2026-03-31
USER_003629,COURSE_00152,人工智能,149.77,74.41,1,2024-08-30,2026-03-29
USER_004097,COURSE_00053,语言学习,38.1,95.89,0,2024-07-07,2026-04-03
USER_003240,COURSE_00198,商业管理,64.24,86.5,1,2024-02-17,2026-03-23
USER_003692,COURSE_00043,数据科学,105.97,67.86,1,2024-09-01,2026-03-26
USER_000019,COURSE_00188,语言学习,14.21,71.48,1,2024-12-04,2026-03-27
USER_003404,COURSE_00186,市场营销,44.65,86.34,0,2024-01-26,2026-04-05
USER_004680,COURSE_00049,编程开发,84.51,83.15,1,2024-10-15,2026-03-21
USER_004552,COURSE_00042,语言学习,89.58,77.41,1,2024-08-13,2026-04-13
USER_003005,COURSE_00194,职业技能,47.33,100.0,0,2024-11-27,2026-04-07
USER_001133,COURSE_00011,市场营销,62.92,45.7,0,2024-08-31,2026-04-06
USER_003340,COURSE_00103,语言学习,82.39,84.45,1,2024-12-03,2026-04-11
USER_003312,COURSE_00098,人工智能,89.13,73.51,0,2024-11-26,2026-03-19
USER_003373,COURSE_00146,人工智能,116.12,60.15,1,2024-07-21,2026-04-06
USER_000988,COURSE_00085,职业技能,52.1,78.04,1,2024-10-29,2026-04-03
USER_003322,COURSE_00100,人工智能,124.7,82.83,0,2024-01-10,2026-03-20
USER_004616,COURSE_00104,人工智能,143.72,63.72,1,2024-11-22,2026-04-16
USER_004955,COURSE_00180,数据科学,88.34,57.27,0,2024-11-29,2026-04-14
USER_000174,COURSE_00046,人工智能,129.2,56.31,1,2024-04-25,2026-03-25
USER_003742,COURSE_00044,商业管理,108.62,100.0,1,2024-08-31,2026-03-31
USER_003053,COURSE_00022,人工智能,130.95,97.9,1,2024-06-06,2026-04-01
USER_000727,COURSE_00181,商业管理,49.43,88.0,0,2024-11-19,2026-04-06
USER_003761,COURSE_00187,数据科学,161.9,73.09,0,2024-09-15,2026-03-31
USER_001876,COURSE_00114,人工智能,112.6,46.11,0,2024-06-01,2026-04-09
USER_004034,COURSE_00125,职业技能,37.45,86.61,1,2024-04-07,2026-04-09
USER_000990,COURSE_00124,市场营销,81.59,62.79,1,2024-02-06,2026-04-07
USER_003745,COURSE_00030,职业技能,40.93,90.86,1,2024-07-05,2026-03-20
USER_002687,COURSE_00008,市场营销,93.51,88.76,1,2024-09-01,2026-04-15
USER_000420,COURSE_00098,产品设计,126.99,74.95,1,2024-10-03,2026-03-30
USER_000594,COURSE_00057,市场营销,62.63,75.51,0,2024-01-12,2026-03-23
USER_001775,COURSE_00111,编程开发,99.02,81.62,1,2024-12-13,2026-04-04
USER_002460,COURSE_00073,编程开发,150.33,200.0,1,2024-05-02,2026-03-19
USER_000936,COURSE_00115,编程开发,50.75,67.52,1,2024-04-11,2026-03-24
USER_003809,COURSE_00020,数据科学,75.03,66.16,1,2024-07-22,2026-03-23
USER_000332,COURSE_00025,职业技能,89.73,88.02,1,2024-11-04,2026-04-13
USER_003450,COURSE_00019,市场营销,20.1,92.98,1,2024-02-04,2026-04-06
USER_002703,COURSE_00005,职业技能,39.13,83.8,0,2024-07-17,2026-04-15
USER_004007,COURSE_00075,商业管理,18.65,74.96,1,2024-08-28,2026-04-07
USER_003869,COURSE_00128,编程开发,138.48,96.77,1,2024-10-06,2026-04-02
USER_004201,COURSE_00072,产品设计,65.86,84.56,0,2024-05-29,2026-03-18
USER_000202,COURSE_00155,数据科学,94.73,99.89,0,2024-02-09,2026-03-25
USER_002498,COURSE_00040,产品设计,112.62,87.62,0,2024-12-15,2026-04-13
USER_001843,COURSE_00026,市场营销,21.75,58.97,1,2024-04-13,2026-04-15
USER_001867,COURSE_00027,人工智能,147.01,30.36,1,2024-06-05,2026-04-16
USER_001997,COURSE_00190,产品设计,42.97,81.51,0,2024-12-28,2026-04-04
USER_000910,COURSE_00083,人工智能,81.58,80.93,1,2024-03-20,2026-03-24
USER_004306,COURSE_00128,数据科学,126.09,87.48,1,2024-09-16,2026-04-10
USER_004659,COURSE_00178,产品设计,89.61,88.81,1,2024-03-14,2026-04-02
USER_003190,COURSE_00170,产品设计,86.02,68.98,0,2024-04-12,2026-04-14
USER_000771,COURSE_00157,语言学习,48.11,94.19,1,2024-08-24,2026-03-18
USER_003156,COURSE_00167,数据科学,119.7,89.15,0,2024-01-10,2026-04-07
USER_002502,COURSE_00188,数据科学,,62.39,1,2024-08-28,2026-03-24
USER_002715,COURSE_00169,编程开发,127.48,66.92,0,2024-07-20,2026-03-19
USER_004725,COURSE_00033,市场营销,65.99,100.0,1,2024-07-26,2026-03-24
USER_003586,COURSE_00097,产品设计,126.47,64.19,0,2024-02-09,2026-04-12
USER_001629,COURSE_00111,职业技能,76.9,94.02,1,2024-10-06,2026-04-08
USER_000387,COURSE_00016,产品设计,71.05,74.01,1,2024-04-14,2026-03-31
USER_003422,COURSE_00023,商业管理,86.17,96.19,1,2024-12-05,2026-03-25
USER_004009,COURSE_00135,数据科学,147.01,70.41,0,2024-05-29,2026-04-16
USER_004094,COURSE_00026,职业技能,96.2,80.81,1,2024-08-23,2026-03-18
USER_004364,COURSE_00096,数据科学,148.22,77.33,1,2024-01-28,2026-03-21
USER_002467,COURSE_00012,市场营销,10.03,72.53,0,2024-10-26,2026-03-25
USER_002283,COURSE_00072,数据科学,147.42,83.32,0,2024-06-19,2026-04-11
USER_001857,COURSE_00133,人工智能,131.45,100.0,0,2024-01-12,2026-03-23
USER_001999,COURSE_00106,人工智能,154.96,,1,2024-09-10,2026-04-11
USER_001237,COURSE_00117,语言学习,9.71,98.94,1,2024-08-04,2026-03-23
USER_004670,COURSE_00197,人工智能,60.68,74.92,1,2024-03-09,2026-04-12
USER_004145,COURSE_00177,人工智能,61.07,82.3,1,2024-01-17,2026-03-19
USER_001151,COURSE_00026,市场营销,88.77,83.7,0,2024-05-16,2026-04-12
USER_004319,COURSE_00133,产品设计,152.35,87.58,0,2024-09-02,2026-03-18
USER_001432,COURSE_00022,人工智能,135.85,77.91,0,2024-02-21,2026-04-08
USER_001820,COURSE_00013,职业技能,88.77,64.02,1,2024-03-29,2026-03-26
USER_002325,COURSE_00156,语言学习,75.36,83.72,1,2024-09-07,2026-04-12
USER_001131,COURSE_00161,数据科学,197.22,66.82,1,2024-12-20,2026-04-08
USER_002659,COURSE_00107,人工智能,126.19,64.79,0,2024-03-28,2026-04-08
USER_003501,COURSE_00023,语言学习,75.28,68.01,1,2024-10-15,2026-04-07
USER_000375,COURSE_00097,市场营销,17.59,65.52,0,2024-05-04,2026-04-06
USER_002121,COURSE_00018,商业管理,106.29,88.32,0,2024-06-29,2026-03-25
USER_004021,COURSE_00117,商业管理,38.79,67.49,0,2024-04-05,2026-03-24
USER_002022,COURSE_00030,商业管理,79.79,53.26,0,2024-09-07,2026-04-14
USER_003706,COURSE_00026,数据科学,85.74,60.58,0,2024-11-23,2026-03-26
USER_003260,COURSE_00144,语言学习,71.17,61.09,0,2024-03-11,2026-04-16
USER_003436,COURSE_00039,人工智能,236.31,85.82,1,2024-09-06,2026-03-18
USER_001890,COURSE_00161,产品设计,58.41,67.72,0,2024-01-04,2026-04-02
USER_001824,COURSE_00154,数据科学,115.95,46.64,1,2024-02-05,2026-03-22
USER_001475,COURSE_00176,数据科学,123.56,150.0,1,2024-11-10,2026-03-18
USER_002243,COURSE_00193,商业管理,56.78,93.46,1,2024-02-01,2026-03-25
USER_003244,COURSE_00166,产品设计,81.45,50.02,0,2024-04-10,2026-04-16
USER_003135,COURSE_00130,商业管理,72.03,69.81,0,2024-04-12,2026-03-31
USER_002071,COURSE_00113,数据科学,114.29,90.35,0,2024-12-28,2026-04-16
USER_000360,COURSE_00134,人工智能,166.85,90.58,0,2024-08-16,2026-04-14
USER_002042,COURSE_00046,商业管理,109.31,100.0,1,2024-12-18,2026-04-14
USER_001142,COURSE_00050,商业管理,108.76,80.93,1,2024-03-23,2026-04-13
USER_001636,COURSE_00166,职业技能,20.22,88.92,1,2024-02-18,2026-04-02
USER_004001,COURSE_00106,商业管理,78.05,79.41,1,2024-10-14,2026-04-12
USER_001944,COURSE_00146,数据科学,166.19,86.34,1,2024-12-03,2026-03-25
USER_004775,COURSE_00155,人工智能,143.22,70.28,1,2024-01-08,2026-03-29
USER_003362,COURSE_00169,产品设计,102.41,100.0,0,2024-01-25,2026-03-27
USER_002981,COURSE_00072,编程开发,188.66,61.19,1,2024-12-08,2026-03-21
USER_000007,COURSE_00074,产品设计,113.98,78.16,0,2024-06-06,2026-04-04
USER_003268,COURSE_00017,人工智能,153.35,77.42,0,2024-05-10,2026-03-22
USER_001592,COURSE_00190,市场营销,94.13,74.76,1,2024-07-30,2026-04-11
USER_004929,COURSE_00157,商业管理,115.06,99.91,1,2024-10-26,2026-03-25
USER_003265,COURSE_00186,产品设计,138.46,100.0,0,2024-11-20,2026-04-05
USER_002607,COURSE_00070,市场营销,80.42,96.81,0,2024-11-11,2026-04-04
USER_003220,COURSE_00150,市场营销,97.25,74.93,1,2024-02-06,2026-04-16
USER_003274,COURSE_00006,人工智能,116.72,100.0,0,2024-01-22,2026-04-08
USER_000914,COURSE_00026,人工智能,113.36,78.3,0,2024-08-24,2026-04-11
USER_002012,COURSE_00167,职业技能,71.02,73.85,0,2024-07-03,2026-04-14
USER_001443,COURSE_00140,商业管理,86.26,79.01,0,2024-09-29,2026-04-02
USER_003055,COURSE_00099,编程开发,74.5,71.51,1,2024-01-05,2026-03-28
USER_003547,COURSE_00142,语言学习,32.84,92.37,1,2024-07-05,2026-04-12
USER_004222,COURSE_00022,数据科学,148.59,47.13,1,2024-08-20,2026-04-13
USER_004913,COURSE_00051,产品设计,54.83,53.77,0,2024-07-02,2026-03-28
USER_002929,COURSE_00151,人工智能,171.28,66.79,0,2024-05-10,2026-03-19
USER_001830,COURSE_00176,产品设计,94.15,85.47,1,2024-04-18,2026-04-10
USER_000576,COURSE_00199,语言学习,85.87,92.54,1,2024-07-07,2026-03-20
USER_000930,COURSE_00104,语言学习,68.78,55.01,0,2024-07-14,2026-04-07
USER_003760,COURSE_00178,商业管理,67.22,80.17,1,2024-07-17,2026-03-26
USER_003700,COURSE_00089,市场营销,,82.14,1,2024-01-12,2026-04-02
USER_001464,COURSE_00141,商业管理,67.03,68.35,0,2024-01-26,2026-04-03
USER_003276,COURSE_00138,数据科学,157.75,70.74,1,2024-01-30,2026-04-04
USER_004929,COURSE_00183,编程开发,124.72,70.9,1,2024-03-26,2026-03-21
USER_001055,COURSE_00009,产品设计,137.98,87.69,1,2024-09-28,2026-04-12
USER_001901,COURSE_00079,数据科学,145.35,67.61,0,2024-12-05,2026-03-19
USER_001458,COURSE_00052,职业技能,29.92,82.49,1,2024-06-11,2026-04-13
USER_001400,COURSE_00130,编程开发,43.32,52.79,0,2024-02-19,2026-03-27
USER_003416,COURSE_00153,产品设计,74.06,94.75,1,2024-11-25,2026-04-06
USER_000443,COURSE_00013,数据科学,114.49,63.26,1,2024-03-20,2026-04-08
USER_003651,COURSE_00051,人工智能,104.45,80.12,1,2024-05-21,2026-04-02
USER_004653,COURSE_00186,产品设计,163.76,89.35,1,2024-06-22,2026-04-05
USER_001179,COURSE_00034,数据科学,68.28,59.74,0,2024-04-28,2026-04-08
USER_004459,COURSE_00035,语言学习,35.43,80.39,1,2024-01-29,2026-03-29
USER_001258,COURSE_00131,编程开发,121.44,100.0,1,2024-03-08,2026-04-14
USER_003635,COURSE_00120,数据科学,117.97,80.3,1,2024-06-02,2026-04-06
USER_001842,COURSE_00187,人工智能,117.93,73.29,1,2024-02-21,2026-03-29
USER_002310,COURSE_00070,商业管理,118.33,88.16,1,2024-08-06,2026-04-03
USER_000911,COURSE_00176,产品设计,74.58,94.23,1,2024-04-08,2026-03-27
USER_004341,COURSE_00192,职业技能,71.2,91.31,1,2024-03-22,2026-03-18
USER_004638,COURSE_00147,产品设计,87.07,63.04,0,2024-06-26,2026-03-30
USER_004010,COURSE_00067,产品设计,115.66,100.0,1,2024-08-18,2026-04-16
USER_002170,COURSE_00103,人工智能,165.09,80.31,1,2024-04-03,2026-03-19
USER_002173,COURSE_00073,编程开发,103.75,77.8,1,2024-12-21,2026-03-21
USER_000124,COURSE_00116,产品设计,52.1,73.48,0,2024-11-28,2026-04-10
USER_003159,COURSE_00133,编程开发,67.44,63.39,0,2024-04-13,2026-04-05
USER_000786,COURSE_00067,数据科学,176.99,63.16,1,2024-12-08,2026-03-31
USER_002417,COURSE_00139,语言学习,49.42,92.39,0,2024-05-02,2026-03-31
USER_000797,COURSE_00121,职业技能,100.68,100.0,1,2024-02-16,2026-04-04
USER_004173,COURSE_00094,语言学习,70.99,87.92,1,2024-09-01,2026-04-09
USER_004155,COURSE_00196,编程开发,88.31,68.82,1,2024-06-06,2026-03-18
USER_001937,COURSE_00197,编程开发,182.51,82.17,0,2024-06-23,2026-04-05
USER_002157,COURSE_00129,语言学习,29.49,72.89,1,2024-08-26,2026-04-16
USER_003808,COURSE_00091,产品设计,44.87,84.41,0,2024-02-07,2026-03-31
USER_001302,COURSE_00092,市场营销,76.24,77.37,1,2024-05-09,2026-03-27
USER_004164,COURSE_00063,市场营销,86.86,99.91,0,2024-12-06,2026-03-21
USER_003141,COURSE_00029,人工智能,160.71,69.85,1,2024-11-17,2026-04-12
USER_003237,COURSE_00012,职业技能,55.62,100.0,1,2024-06-21,2026-03-26
USER_002353,COURSE_00077,商业管理,84.19,74.0,1,2024-12-23,2026-03-20
USER_001933,COURSE_00041,语言学习,66.65,96.89,1,2024-12-16,2026-03-25
USER_002722,COURSE_00130,语言学习,74.16,89.12,0,2024-08-21,2026-03-21
USER_000365,COURSE_00037,人工智能,42.13,60.05,1,2024-06-23,2026-04-07
USER_004917,COURSE_00173,职业技能,73.24,68.97,1,2024-04-27,2026-04-08
USER_002391,COURSE_00176,市场营销,50.37,62.06,1,2024-09-03,2026-03-23
USER_000947,COURSE_00024,数据科学,110.3,94.46,1,2024-07-02,2026-03-19
USER_001378,COURSE_00099,产品设计,90.56,84.09,1,2024-03-14,2026-04-04
USER_001440,COURSE_00150,产品设计,114.32,71.47,1,2024-12-09,2026-04-14
USER_003181,COURSE_00100,数据科学,122.42,74.36,0,2024-09-20,2026-03-23
USER_004858,COURSE_00139,数据科学,98.37,73.92,1,2024-09-23,2026-04-11
USER_000341,COURSE_00058,职业技能,84.44,79.75,1,2024-05-21,2026-03-29
USER_002990,COURSE_00174,市场营销,60.71,84.47,0,2024-03-11,2026-03-27
USER_000383,COURSE_00029,人工智能,176.91,90.62,1,2024-05-09,2026-03-20
USER_001557,COURSE_00163,数据科学,198.72,57.09,1,2024-04-06,2026-04-02
USER_000300,COURSE_00143,人工智能,116.66,62.97,0,2024-05-11,2026-04-15
USER_000139,COURSE_00060,职业技能,84.42,88.16,1,2024-11-08,2026-03-30
USER_000359,COURSE_00095,商业管理,67.61,92.45,1,2024-11-21,2026-03-31
USER_004932,COURSE_00042,编程开发,158.48,70.85,1,2024-10-06,2026-03-29
USER_001523,COURSE_00043,产品设计,108.32,80.69,1,2024-02-05,2026-03-20
USER_003457,COURSE_00074,市场营销,52.48,80.9,1,2024-06-02,2026-04-09
USER_001628,COURSE_00177,产品设计,71.72,83.35,1,2024-01-04,2026-04-11
USER_001304,COURSE_00192,市场营销,57.83,93.14,1,2024-12-07,2026-04-14
USER_001135,COURSE_00160,职业技能,5.0,93.67,1,2024-07-21,2026-04-07
USER_002187,COURSE_00064,编程开发,192.91,63.98,0,2024-08-14,2026-03-27
USER_003171,COURSE_00002,产品设计,63.88,69.77,1,2024-10-25,2026-04-16
USER_003836,COURSE_00152,编程开发,60.98,62.6,0,2024-04-22,2026-03-28
USER_002152,COURSE_00066,职业技能,84.76,88.74,1,2024-09-11,2026-04-07
USER_001238,COURSE_00166,市场营销,105.57,83.96,1,2024-09-23,2026-04-01
USER_003736,COURSE_00031,数据科学,128.21,69.14,1,2024-11-03,2026-04-08
USER_002835,COURSE_00115,商业管理,69.68,83.14,1,2024-01-25,2026-04-09
USER_004261,COURSE_00026,产品设计,69.6,87.55,0,2024-07-21,2026-03-29
USER_000999,COURSE_00029,编程开发,116.13,68.57,0,2024-03-17,2026-04-11
USER_002568,COURSE_00195,语言学习,39.55,100.0,0,2024-07-13,2026-04-03
USER_001308,COURSE_00078,产品设计,39.05,75.67,1,2024-01-27,2026-03-21
USER_000657,COURSE_00025,产品设计,92.89,100.0,0,2024-07-21,2026-04-08
USER_002661,COURSE_00048,产品设计,108.14,59.3,1,2024-03-07,2026-04-01
USER_002212,COURSE_00065,人工智能,56.17,95.55,0,2024-11-21,2026-03-21
USER_001910,COURSE_00181,编程开发,172.8,85.85,1,2024-04-03,2026-03-19
USER_003731,COURSE_00067,编程开发,92.75,65.22,1,2024-12-04,2026-04-03
USER_002047,COURSE_00090,产品设计,43.04,92.98,0,2024-02-27,2026-04-06
USER_003163,COURSE_00146,职业技能,31.75,89.82,0,2024-11-09,2026-04-04
USER_001141,COURSE_00137,职业技能,55.9,89.68,1,2024-05-10,2026-04-05
USER_000267,COURSE_00038,数据科学,100.82,78.85,0,2024-06-22,2026-04-01
USER_001846,COURSE_00087,产品设计,118.62,77.34,1,2024-03-12,2026-03-25
USER_001709,COURSE_00149,人工智能,132.58,90.8,1,2024-01-26,2026-03-24
USER_003631,COURSE_00065,市场营销,48.7,76.35,1,2024-07-12,2026-04-13
USER_003212,COURSE_00149,人工智能,154.67,45.71,0,2024-03-09,2026-04-08
USER_002294,COURSE_00027,职业技能,63.11,82.24,1,2024-04-05,2026-03-21
USER_003733,COURSE_00106,数据科学,168.69,71.81,0,2024-01-14,2026-03-18
USER_003830,COURSE_00123,职业技能,39.61,73.75,1,2024-08-29,2026-04-10
USER_001511,COURSE_00198,职业技能,6.1,88.99,0,2024-04-28,2026-03-24
USER_000476,COURSE_00044,职业技能,54.82,74.34,0,2024-01-17,2026-04-06
USER_000977,COURSE_00100,产品设计,115.4,87.32,1,2024-10-31,2026-04-11
USER_001208,COURSE_00028,职业技能,45.37,100.0,1,2024-08-02,2026-04-12
USER_001961,COURSE_00173,编程开发,195.1,63.47,1,2024-02-20,2026-03-27
USER_000558,COURSE_00017,商业管理,84.01,100.0,1,2024-03-16,2026-03-26
USER_000883,COURSE_00127,语言学习,40.86,86.63,1,2024-08-14,2026-03-20
USER_002195,COURSE_00123,产品设计,101.36,89.45,1,2024-12-10,2026-04-10
USER_004762,COURSE_00168,数据科学,196.66,94.79,1,2024-09-06,2026-03-30
USER_002668,COURSE_00131,编程开发,113.92,80.08,0,2024-08-31,2026-03-21
USER_004960,COURSE_00076,人工智能,159.05,77.24,1,2024-11-19,2026-04-02
USER_004678,COURSE_00194,职业技能,41.9,85.15,1,2024-03-08,2026-04-01
USER_004791,COURSE_00046,市场营销,71.16,83.42,0,2024-11-02,2026-04-05
USER_001611,COURSE_00158,市场营销,62.43,72.29,1,2024-07-24,2026-03-29
USER_003489,COURSE_00069,商业管理,94.76,78.69,1,2024-08-15,2026-04-05
USER_002455,COURSE_00137,产品设计,69.47,99.03,0,2024-06-11,2026-03-22
USER_004495,COURSE_00085,人工智能,110.61,89.18,1,2024-02-11,2026-04-12
USER_001947,COURSE_00011,商业管理,111.0,84.46,1,2024-01-01,2026-04-15
USER_004811,COURSE_00069,语言学习,53.99,96.97,1,2024-11-17,2026-03-18
USER_004800,COURSE_00099,语言学习,65.24,100.0,1,2024-06-10,2026-03-28
USER_002809,COURSE_00091,商业管理,54.56,79.01,1,2024-06-08,2026-03-24
USER_003826,COURSE_00194,数据科学,70.51,72.73,1,2024-10-14,2026-03-19
USER_003537,COURSE_00159,市场营销,63.48,74.35,1,2024-03-31,2026-04-03
USER_003803,COURSE_00161,人工智能,58.67,48.88,1,2024-01-01,2026-04-04
USER_004178,COURSE_00167,产品设计,60.7,53.0,0,2024-12-03,2026-03-28
USER_004700,COURSE_00094,职业技能,69.63,89.13,1,2024-02-23,2026-04-04
USER_001971,COURSE_00174,编程开发,202.53,70.82,0,2024-05-06,2026-03-18
USER_003823,COURSE_00165,产品设计,117.36,84.73,1,2024-07-08,2026-04-07
USER_002820,COURSE_00115,产品设计,85.65,78.47,1,2024-07-16,2026-03-20
USER_000903,COURSE_00188,人工智能,114.99,100.0,1,2024-03-30,2026-03-24
USER_000365,COURSE_00031,市场营销,21.32,66.86,0,2024-04-24,2026-03-18
USER_004259,COURSE_00011,人工智能,122.23,86.01,0,2024-01-09,2026-04-06
USER_003120,COURSE_00087,编程开发,85.26,78.11,1,2024-11-06,2026-03-22
USER_002559,COURSE_00121,商业管理,87.41,76.9,1,2024-10-11,2026-03-18
USER_001864,COURSE_00130,人工智能,77.36,89.29,0,2024-08-23,2026-03-27
USER_000116,COURSE_00105,数据科学,143.61,97.12,1,2024-07-05,2026-03-26
USER_002385,COURSE_00027,产品设计,83.82,95.54,1,2024-08-19,2026-04-07
USER_004977,COURSE_00002,市场营销,73.62,62.58,1,2024-04-18,2026-04-10
USER_003936,COURSE_00103,职业技能,79.07,92.91,1,2024-02-25,2026-04-14
USER_004936,COURSE_00101,语言学习,16.08,100.0,1,2024-12-04,2026-03-23
USER_002491,COURSE_00021,编程开发,136.35,71.56,1,2024-07-27,2026-04-08
USER_000943,COURSE_00058,语言学习,51.18,100.0,0,2024-07-27,2026-04-04
USER_001725,COURSE_00133,产品设计,82.99,88.47,1,2024-04-27,2026-04-08
USER_002335,COURSE_00180,人工智能,109.91,96.81,1,2024-05-02,2026-03-19
USER_002768,COURSE_00173,语言学习,88.31,70.12,1,2024-09-02,2026-03-27
USER_001138,COURSE_00085,数据科学,127.18,89.96,1,2024-08-30,2026-03-19
USER_002528,COURSE_00093,人工智能,201.27,53.59,1,2024-05-02,2026-04-09
USER_004118,COURSE_00020,产品设计,78.99,65.97,1,2024-12-26,2026-03-22
USER_003421,COURSE_00061,语言学习,47.76,90.51,0,2024-07-25,2026-03-23
USER_004779,COURSE_00038,职业技能,37.98,94.37,0,2024-03-15,2026-03-30
USER_003907,COURSE_00148,商业管理,175.19,85.34,0,2024-11-06,2026-04-02
USER_003638,COURSE_00025,编程开发,154.47,85.4,1,2024-10-12,2026-03-23
USER_002954,COURSE_00130,语言学习,67.66,81.1,0,2024-04-05,2026-04-16
USER_002368,COURSE_00121,职业技能,35.69,100.0,1,2024-12-15,2026-04-16
USER_004222,COURSE_00160,商业管理,73.99,91.55,1,2024-07-18,2026-03-28
USER_000277,COURSE_00026,商业管理,82.65,68.93,0,2024-09-26,2026-03-26
USER_002000,COURSE_00198,语言学习,58.84,78.42,0,2024-11-11,2026-04-08
USER_001228,COURSE_00169,市场营销,98.85,76.26,1,2024-01-04,2026-03-21
USER_003753,COURSE_00067,语言学习,89.96,99.72,1,2024-09-19,2026-04-07
USER_003736,COURSE_00001,产品设计,19.99,89.18,0,2024-07-12,2026-04-09
USER_000696,COURSE_00051,商业管理,96.82,70.03,0,2024-05-12,2026-03-23
USER_001310,COURSE_00005,编程开发,187.88,68.27,0,2024-02-12,2026-03-26
USER_004153,COURSE_00013,产品设计,113.07,77.2,1,2024-04-24,2026-03-31
USER_003235,COURSE_00147,数据科学,158.13,69.49,0,2024-04-29,2026-03-22
USER_004115,COURSE_00140,人工智能,227.25,76.02,0,2024-10-19,2026-04-03
USER_002312,COURSE_00048,语言学习,74.37,74.94,1,2024-03-07,2026-03-23
USER_002842,COURSE_00153,市场营销,95.4,100.0,1,2024-06-22,2026-03-25
USER_004209,COURSE_00057,编程开发,154.1,80.89,0,2024-07-28,2026-04-04
USER_003560,COURSE_00115,市场营销,,89.29,1,2024-03-04,2026-03-29
USER_003399,COURSE_00035,市场营销,26.99,100.0,1,2024-07-23,2026-04-16
USER_000542,COURSE_00076,市场营销,25.06,100.0,0,2024-12-05,2026-03-20
USER_002695,COURSE_00094,语言学习,46.65,100.0,0,2024-08-09,2026-03-19
USER_004675,COURSE_00005,编程开发,125.62,80.14,1,2024-05-31,2026-04-11
USER_001089,COURSE_00022,编程开发,166.17,73.15,1,2024-11-29,2026-04-07
USER_003364,COURSE_00103,商业管理,149.94,65.38,1,2024-09-14,2026-04-10
USER_000025,COURSE_00185,市场营销,87.99,77.83,1,2024-10-06,2026-04-16
USER_001573,COURSE_00175,商业管理,118.12,,1,2024-05-02,2026-04-10
USER_002959,COURSE_00182,商业管理,49.63,94.27,1,2024-07-16,2026-03-27
USER_004237,COURSE_00131,人工智能,125.99,85.11,1,2024-03-14,2026-03-20
USER_001768,COURSE_00124,语言学习,67.45,91.91,1,2024-04-10,2026-03-26
USER_004744,COURSE_00053,语言学习,82.47,81.95,1,2024-01-11,2026-03-29
USER_002236,COURSE_00159,产品设计,101.65,66.94,0,2024-04-03,2026-03-25
USER_000201,COURSE_00069,职业技能,82.55,78.44,1,2024-08-08,2026-03-19
USER_003199,COURSE_00104,商业管理,68.62,80.1,1,2024-02-27,2026-04-08
USER_000257,COURSE_00161,语言学习,80.04,69.91,1,2024-03-03,2026-03-28
USER_003748,COURSE_00200,市场营销,15.83,74.19,0,2024-04-04,2026-04-08
USER_004643,COURSE_00178,职业技能,32.82,84.76,1,2024-03-17,2026-03-19
USER_002242,COURSE_00016,数据科学,162.0,75.74,0,2024-01-29,2026-03-22
USER_003176,COURSE_00116,市场营销,84.97,41.33,1,2024-04-19,2026-03-23
USER_003607,COURSE_00076,编程开发,67.55,88.2,1,2024-03-30,2026-03-21
USER_003337,COURSE_00109,语言学习,29.22,89.89,1,2024-04-15,2026-04-14
USER_004898,COURSE_00039,职业技能,76.78,63.84,1,2024-02-01,2026-04-11
USER_000414,COURSE_00089,语言学习,87.45,81.22,1,2024-02-29,2026-04-14
USER_002015,COURSE_00174,产品设计,62.84,96.92,1,2024-05-26,2026-03-31
USER_001382,COURSE_00112,商业管理,89.42,51.06,1,2024-06-06,2026-03-19
USER_001099,COURSE_00047,数据科学,146.36,51.58,1,2024-06-21,2026-04-16
USER_003427,COURSE_00172,语言学习,46.43,89.42,1,2024-10-30,2026-03-24
USER_003656,COURSE_00137,产品设计,68.04,71.65,1,2024-08-08,2026-04-03
USER_000910,COURSE_00128,产品设计,52.07,83.72,0,2024-09-19,2026-03-18
USER_000188,COURSE_00178,数据科学,,60.29,0,2024-11-06,2026-04-03
USER_004045,COURSE_00077,市场营销,58.05,94.41,1,2024-06-20,2026-04-11
USER_003757,COURSE_00188,市场营销,95.18,80.9,1,2024-08-19,2026-04-10
USER_002016,COURSE_00015,市场营销,121.65,88.8,1,2024-12-27,2026-03-27
USER_002093,COURSE_00036,人工智能,122.07,77.01,0,2024-06-07,2026-03-30
USER_003645,COURSE_00063,商业管理,82.23,59.16,0,2024-08-26,2026-04-11
USER_002131,COURSE_00069,职业技能,100.87,51.09,0,2024-11-18,2026-04-16
USER_000358,COURSE_00169,商业管理,42.27,90.29,1,2024-12-16,2026-04-08
USER_002423,COURSE_00074,市场营销,70.35,71.78,0,2024-10-27,2026-04-15
USER_004258,COURSE_00024,数据科学,134.55,68.06,0,2024-08-27,2026-04-11
USER_004546,COURSE_00049,人工智能,151.01,93.06,1,2024-09-29,2026-03-24
USER_001498,COURSE_00146,商业管理,114.56,100.0,0,2024-07-01,2026-04-04
USER_002159,COURSE_00007,市场营销,,69.72,1,2024-09-29,2026-04-16
USER_002556,COURSE_00004,人工智能,90.18,73.92,0,2024-02-06,2026-04-14
USER_002343,COURSE_00090,职业技能,22.24,100.0,1,2024-04-03,2026-04-13
USER_002952,COURSE_00197,数据科学,107.56,52.84,0,2024-09-27,2026-03-22
USER_001239,COURSE_00060,市场营销,60.2,77.29,0,2024-12-09,2026-04-11
USER_000974,COURSE_00055,职业技能,5.0,100.0,1,2024-09-12,2026-03-31
USER_004728,COURSE_00016,编程开发,99.55,63.07,0,2024-10-26,2026-03-25
USER_003966,COURSE_00029,职业技能,13.32,79.85,1,2024-04-17,2026-04-10
USER_001051,COURSE_00151,语言学习,40.08,100.0,0,2024-06-07,2026-04-13
USER_003702,COURSE_00014,数据科学,113.65,70.69,1,2024-02-01,2026-03-23
USER_002781,COURSE_00079,职业技能,46.16,71.12,1,2024-02-17,2026-04-10
USER_001589,COURSE_00177,职业技能,50.44,100.0,1,2024-07-10,2026-04-05
USER_003879,COURSE_00033,产品设计,57.9,100.0,0,2024-12-09,2026-03-18
USER_002369,COURSE_00153,产品设计,90.23,76.45,1,2024-05-30,2026-04-14
USER_000437,COURSE_00021,职业技能,86.7,98.68,1,2024-05-25,2026-03-19
USER_002829,COURSE_00145,职业技能,114.83,94.69,1,2024-03-18,2026-04-16
USER_001557,COURSE_00023,数据科学,94.32,62.49,1,2024-07-08,2026-04-16
USER_003859,COURSE_00057,产品设计,44.48,77.18,0,2024-08-22,2026-03-27
USER_001305,COURSE_00186,商业管理,84.07,99.89,1,2024-12-30,2026-03-19
USER_002385,COURSE_00142,数据科学,153.95,80.94,1,2024-01-10,2026-03-23
USER_000183,COURSE_00093,编程开发,129.17,97.41,1,2024-02-02,2026-04-08
USER_001590,COURSE_00020,数据科学,50.03,93.82,1,2024-02-25,2026-03-23
USER_001588,COURSE_00158,市场营销,67.47,100.0,1,2024-06-23,2026-04-01
USER_000660,COURSE_00019,市场营销,48.27,100.0,0,2024-12-02,2026-04-01
USER_000160,COURSE_00181,人工智能,117.59,67.35,1,2024-05-07,2026-04-12
USER_003954,COURSE_00103,产品设计,122.13,72.61,1,2024-05-15,2026-04-04
USER_001012,COURSE_00184,职业技能,77.64,69.04,1,2024-03-19,2026-03-22
USER_000053,COURSE_00077,语言学习,52.13,93.32,1,2024-11-03,2026-03-23
USER_002308,COURSE_00151,产品设计,115.32,60.58,1,2024-07-16,2026-04-12
USER_001229,COURSE_00190,商业管理,98.08,100.0,0,2024-01-14,2026-04-04
USER_001036,COURSE_00033,数据科学,231.44,89.73,1,2024-07-02,2026-04-08
USER_003703,COURSE_00018,语言学习,116.96,81.78,1,2024-04-10,2026-04-15
USER_004046,COURSE_00073,语言学习,99.13,92.5,1,2024-08-25,2026-04-05
USER_004946,COURSE_00161,职业技能,67.68,85.66,1,2024-12-09,2026-04-03
USER_004450,COURSE_00160,职业技能,63.22,100.0,1,2024-09-21,2026-04-05
USER_001265,COURSE_00189,产品设计,,53.07,0,2024-05-22,2026-04-02
USER_001885,COURSE_00182,语言学习,51.87,79.09,1,2024-06-09,2026-03-25
USER_001810,COURSE_00017,语言学习,50.36,92.36,0,2024-10-26,2026-03-22
USER_003168,COURSE_00019,市场营销,43.63,88.07,1,2024-12-29,2026-03-24
USER_003798,COURSE_00070,编程开发,79.54,78.91,1,2024-11-21,2026-04-07
USER_002342,COURSE_00120,职业技能,94.24,70.34,1,2024-02-27,2026-04-07
USER_003415,COURSE_00101,数据科学,11.35,58.65,0,2024-04-14,2026-03-23
USER_000818,COURSE_00034,产品设计,87.5,54.79,1,2024-04-12,2026-03-30
USER_002438,COURSE_00084,职业技能,61.72,94.44,1,2024-03-27,2026-04-12
USER_000889,COURSE_00153,市场营销,48.07,100.0,0,2024-06-30,2026-04-10
USER_000668,COURSE_00196,商业管理,88.42,78.14,1,2024-08-21,2026-03-22
USER_004729,COURSE_00074,职业技能,62.58,100.0,1,2024-02-25,2026-04-10
USER_002625,COURSE_00088,商业管理,66.69,84.06,0,2024-05-28,2026-03-23
USER_004233,COURSE_00085,人工智能,115.68,93.14,0,2024-01-30,2026-03-22
USER_004524,COURSE_00011,语言学习,17.71,78.9,0,2024-08-15,2026-04-04
USER_000819,COURSE_00091,语言学习,66.09,100.0,1,2024-04-04,2026-04-07
USER_002189,COURSE_00144,产品设计,70.94,65.55,1,2024-04-27,2026-04-13
USER_001107,COURSE_00189,编程开发,180.78,85.95,1,2024-06-24,2026-04-13
USER_002225,COURSE_00127,编程开发,159.89,73.21,1,2024-08-24,2026-04-05
USER_000198,COURSE_00113,产品设计,67.5,67.29,1,2024-04-14,2026-04-07
USER_002672,COURSE_00080,产品设计,28.33,95.87,1,2024-03-27,2026-03-31
USER_003493,COURSE_00007,市场营销,62.79,100.0,1,2024-11-04,2026-03-27
USER_002449,COURSE_00016,商业管理,600.0,61.19,1,2024-09-29,2026-04-11
USER_000471,COURSE_00016,产品设计,65.49,-20.0,0,2024-05-06,2026-04-07
USER_001949,COURSE_00168,商业管理,164.25,81.12,1,2024-06-06,2026-04-03
USER_003900,COURSE_00012,职业技能,56.72,79.85,0,2024-07-15,2026-03-24
USER_002011,COURSE_00035,职业技能,71.44,87.08,1,2024-05-07,2026-03-31
USER_003801,COURSE_00021,人工智能,136.71,76.4,1,2024-01-25,2026-03-20
USER_004119,COURSE_00178,商业管理,68.57,,1,2024-12-19,2026-03-23
USER_003797,COURSE_00171,市场营销,27.45,69.88,0,2024-07-22,2026-03-31
USER_003989,COURSE_00017,职业技能,34.01,100.0,0,2024-02-09,2026-04-07
USER_000235,COURSE_00032,语言学习,45.84,100.0,0,2024-02-11,2026-03-18
USER_000929,COURSE_00041,语言学习,87.75,74.98,1,2024-06-03,2026-04-14
USER_003608,COURSE_00134,职业技能,73.74,87.44,0,2024-05-28,2026-04-10
USER_000523,COURSE_00027,职业技能,53.73,63.15,0,2024-05-05,2026-04-10
USER_003524,COURSE_00148,职业技能,62.7,92.06,1,2024-10-20,2026-03-22
USER_004527,COURSE_00153,商业管理,86.05,71.13,1,2024-05-03,2026-03-28
USER_004889,COURSE_00066,语言学习,119.02,98.16,1,2024-02-08,2026-03-28
USER_001630,COURSE_00137,语言学习,55.79,90.88,1,2024-11-06,2026-04-09
USER_004629,COURSE_00092,数据科学,115.16,63.94,0,2024-10-10,2026-03-18
USER_001317,COURSE_00181,职业技能,17.59,92.17,1,2024-03-29,2026-04-03
USER_002858,COURSE_00061,人工智能,55.88,76.47,1,2024-09-01,2026-03-18
USER_001125,COURSE_00166,职业技能,60.48,80.64,1,2024-09-25,2026-03-25
USER_002588,COURSE_00003,市场营销,31.99,75.94,0,2024-10-05,2026-04-07
USER_001024,COURSE_00198,市场营销,85.53,88.47,1,2024-04-26,2026-04-14
USER_001379,COURSE_00103,语言学习,64.64,90.06,1,2024-10-06,2026-03-23
USER_003375,COURSE_00055,职业技能,50.16,73.5,1,2024-07-18,2026-04-05
USER_001520,COURSE_00001,编程开发,103.88,76.31,1,2024-02-18,2026-03-19
USER_000227,COURSE_00101,市场营销,63.77,73.46,0,2024-05-01,2026-04-12
USER_004969,COURSE_00198,职业技能,6.61,79.75,0,2024-05-06,2026-03-23
USER_000892,COURSE_00045,人工智能,121.6,45.74,1,2024-02-19,2026-04-12
USER_004073,COURSE_00175,产品设计,91.93,96.11,0,2024-02-27,2026-04-05
USER_002258,COURSE_00026,职业技能,49.47,95.12,0,2024-03-18,2026-03-20
USER_002789,COURSE_00121,人工智能,123.83,68.37,1,2024-02-28,2026-03-19
USER_000397,COURSE_00142,语言学习,53.54,97.86,0,2024-06-12,2026-04-09
USER_002079,COURSE_00182,语言学习,47.33,71.07,1,2024-06-27,2026-04-06
USER_004745,COURSE_00199,数据科学,121.62,66.86,1,2024-04-03,2026-04-06
USER_004425,COURSE_00046,商业管理,,89.65,0,2024-09-27,2026-04-04
USER_003238,COURSE_00122,市场营销,57.6,72.7,0,2024-04-07,2026-04-08
USER_003894,COURSE_00031,商业管理,62.27,76.45,0,2024-10-10,2026-04-11
USER_002006,COURSE_00059,职业技能,102.96,65.27,0,2024-02-28,2026-04-09
USER_002017,COURSE_00029,商业管理,85.8,100.0,0,2024-05-25,2026-03-25
USER_003172,COURSE_00106,市场营销,58.26,100.0,0,2024-09-02,2026-03-26
USER_002669,COURSE_00017,市场营销,38.94,100.0,1,2024-02-26,2026-04-16
USER_001879,COURSE_00142,职业技能,43.43,76.17,0,2024-10-14,2026-04-13
USER_001197,COURSE_00164,语言学习,59.71,84.45,0,2024-05-04,2026-03-31
USER_001773,COURSE_00186,市场营销,36.05,99.78,1,2024-01-01,2026-04-14
USER_000162,COURSE_00024,编程开发,127.55,74.1,0,2024-09-17,2026-03-20
USER_003977,COURSE_00109,编程开发,96.38,,1,2024-02-07,2026-03-28
USER_001752,COURSE_00191,产品设计,52.96,95.13,0,2024-05-16,2026-04-10
USER_000776,COURSE_00091,市场营销,39.71,,0,2024-04-14,2026-03-28
USER_000940,COURSE_00025,数据科学,79.83,56.93,1,2024-04-11,2026-03-28
USER_003221,COURSE_00187,产品设计,89.55,100.0,0,2024-01-29,2026-04-12
USER_000540,COURSE_00032,语言学习,74.85,92.22,0,2024-07-28,2026-04-11
USER_004918,COURSE_00116,市场营销,84.27,71.39,1,2024-12-15,2026-03-30
USER_001462,COURSE_00082,编程开发,146.97,91.67,1,2024-09-25,2026-03-26
USER_000356,COURSE_00110,数据科学,152.57,88.34,1,2024-01-24,2026-03-20
USER_003605,COURSE_00146,职业技能,54.14,74.52,1,2024-05-25,2026-03-19
USER_003324,COURSE_00037,产品设计,56.84,92.88,0,2024-02-21,2026-03-23
USER_000235,COURSE_00026,数据科学,147.2,100.0,1,2024-05-16,2026-04-10
USER_001549,COURSE_00137,市场营销,102.07,94.78,1,2024-09-05,2026-04-02
USER_002097,COURSE_00064,人工智能,110.72,71.81,1,2024-09-27,2026-03-21
USER_004214,COURSE_00072,数据科学,39.57,62.26,0,2024-07-31,2026-04-01
USER_002102,COURSE_00148,数据科学,115.97,79.75,0,2024-08-30,2026-04-04
USER_001674,COURSE_00182,语言学习,133.8,92.37,1,2024-01-13,2026-04-16
USER_002101,COURSE_00106,编程开发,85.01,60.38,1,2024-05-29,2026-03-19
USER_003658,COURSE_00086,职业技能,23.65,86.37,1,2024-09-06,2026-04-05
USER_004654,COURSE_00158,市场营销,72.74,100.0,1,2024-12-27,2026-04-04
USER_003597,COURSE_00053,数据科学,152.27,91.91,1,2024-11-23,2026-03-28
USER_003749,COURSE_00092,市场营销,88.82,88.09,1,2024-09-25,2026-04-05
USER_003174,COURSE_00099,编程开发,87.24,59.78,1,2024-11-04,2026-04-12
USER_001816,COURSE_00191,语言学习,80.3,93.53,1,2024-03-20,2026-04-14
USER_003842,COURSE_00011,市场营销,63.56,96.75,1,2024-03-15,2026-03-21
USER_002006,COURSE_00031,商业管理,75.89,75.73,1,2024-06-03,2026-04-08
USER_004494,COURSE_00177,编程开发,107.19,52.89,1,2024-05-28,2026-03-24
USER_000675,COURSE_00100,编程开发,114.61,75.92,1,2024-11-09,2026-04-09
USER_000387,COURSE_00087,职业技能,46.63,83.65,0,2024-02-25,2026-04-05
USER_002159,COURSE_00147,产品设计,89.33,90.78,1,2024-02-18,2026-03-29
USER_002662,COURSE_00140,语言学习,79.34,100.0,0,2024-07-17,2026-04-14
USER_002065,COURSE_00015,语言学习,48.37,100.0,0,2024-10-03,2026-04-02
USER_003852,COURSE_00159,职业技能,86.57,71.59,1,2024-11-13,2026-04-12
USER_003254,COURSE_00171,商业管理,104.37,82.73,1,2024-01-14,2026-03-23
USER_004980,COURSE_00101,市场营销,54.83,74.26,1,2024-06-14,2026-03-21
USER_004637,COURSE_00165,人工智能,88.04,87.23,0,2024-12-22,2026-04-02
USER_004267,COURSE_00029,商业管理,20.17,86.79,1,2024-05-14,2026-04-06
USER_000740,COURSE_00114,产品设计,107.46,88.65,1,2024-05-10,2026-04-16
USER_001402,COURSE_00107,语言学习,49.93,100.0,1,2024-10-14,2026-03-31
USER_003260,COURSE_00154,编程开发,135.9,86.32,1,2024-09-10,2026-04-03
USER_002278,COURSE_00108,语言学习,52.81,100.0,1,2024-05-11,2026-03-30
USER_003905,COURSE_00130,商业管理,145.1,65.63,1,2024-08-14,2026-03-28
USER_003924,COURSE_00084,人工智能,106.24,80.99,1,2024-12-27,2026-03-24
USER_004215,COURSE_00015,数据科学,115.63,80.63,1,2024-09-06,2026-03-26
USER_003228,COURSE_00132,数据科学,2.0,76.76,0,2024-12-01,2026-04-11
USER_002832,COURSE_00050,职业技能,63.72,79.96,0,2024-02-11,2026-04-07
USER_003759,COURSE_00166,语言学习,106.84,71.6,1,2024-04-05,2026-04-15
USER_002513,COURSE_00023,语言学习,49.49,100.0,1,2024-01-20,2026-04-16
USER_002152,COURSE_00059,产品设计,111.85,77.87,1,2024-08-24,2026-04-13
USER_003676,COURSE_00090,语言学习,90.43,62.17,1,2024-05-09,2026-03-20
USER_002746,COURSE_00115,人工智能,185.42,85.74,0,2024-04-16,2026-03-21
USER_003867,COURSE_00075,语言学习,55.6,96.68,0,2024-08-21,2026-03-18
USER_003765,COURSE_00156,市场营销,39.69,80.31,0,2024-07-21,2026-04-03
USER_002223,COURSE_00194,商业管理,68.02,59.79,0,2024-09-19,2026-04-09
USER_002793,COURSE_00123,职业技能,76.56,17.82,0,2024-06-18,2026-04-05
USER_001698,COURSE_00136,人工智能,76.37,68.33,1,2024-03-26,2026-03-21
USER_003463,COURSE_00157,产品设计,89.47,93.39,1,2024-09-01,2026-03-23
USER_004064,COURSE_00139,市场营销,66.17,71.63,1,2024-08-28,2026-04-16
USER_001525,COURSE_00018,市场营销,14.8,94.33,0,2024-08-13,2026-03-28
USER_004761,COURSE_00183,商业管理,54.12,96.22,0,2024-06-07,2026-03-20
USER_000033,COURSE_00050,数据科学,110.01,72.57,1,2024-08-07,2026-03-28
USER_004026,COURSE_00142,人工智能,5.0,92.89,1,2024-04-22,2026-04-06
USER_002567,COURSE_00118,商业管理,58.0,77.94,0,2024-12-15,2026-03-20
USER_002804,COURSE_00137,市场营销,61.37,73.11,0,2024-05-19,2026-03-21
USER_003897,COURSE_00139,产品设计,107.99,95.91,1,2024-11-05,2026-04-04
USER_003710,COURSE_00191,商业管理,37.69,90.64,0,2024-02-01,2026-03-21
USER_000720,COURSE_00108,数据科学,43.62,63.15,0,2024-09-08,2026-04-11
USER_004580,COURSE_00067,市场营销,46.34,77.22,0,2024-03-26,2026-04-10
USER_000973,COURSE_00181,商业管理,71.79,59.6,1,2024-08-12,2026-03-18
USER_003719,COURSE_00167,人工智能,161.37,70.55,1,2024-01-09,2026-04-16
USER_004403,COURSE_00078,数据科学,106.65,83.25,1,2024-07-13,2026-03-30
USER_004553,COURSE_00184,人工智能,144.62,81.23,1,2024-09-20,2026-04-07
USER_002208,COURSE_00156,人工智能,64.42,93.11,1,2024-01-19,2026-03-30
USER_004427,COURSE_00075,人工智能,55.22,55.89,1,2024-05-31,2026-04-06
USER_004321,COURSE_00039,商业管理,77.42,72.52,1,2024-03-30,2026-03-31
USER_003031,COURSE_00025,数据科学,132.74,98.44,1,2024-09-19,2026-04-15
USER_003576,COURSE_00021,商业管理,95.23,76.58,1,2024-10-21,2026-03-26
USER_003117,COURSE_00138,商业管理,110.62,100.0,0,2024-12-13,2026-03-19
USER_003286,COURSE_00171,商业管理,55.36,62.61,1,2024-11-22,2026-04-11
USER_000644,COURSE_00015,市场营销,48.88,58.96,1,2024-06-04,2026-03-30
USER_004712,COURSE_00048,语言学习,101.32,100.0,1,2024-02-09,2026-03-27
USER_000195,COURSE_00086,编程开发,112.26,73.43,1,2024-05-29,2026-04-03
USER_003997,COURSE_00149,市场营销,68.65,73.35,0,2024-10-11,2026-04-16
USER_000489,COURSE_00188,数据科学,106.38,64.32,1,2024-01-07,2026-03-26
USER_002205,COURSE_00116,编程开发,122.34,76.28,0,2024-10-09,2026-03-20
USER_002658,COURSE_00050,编程开发,73.46,72.48,0,2024-06-20,2026-03-19
USER_003277,COURSE_00151,编程开发,181.02,98.3,1,2024-04-21,2026-04-02
USER_001103,COURSE_00141,语言学习,95.08,91.4,0,2024-01-12,2026-04-15
USER_001242,COURSE_00069,商业管理,83.37,50.76,1,2024-07-10,2026-03-25
USER_000516,COURSE_00004,职业技能,35.49,84.02,1,2024-07-22,2026-04-07
USER_000393,COURSE_00078,产品设计,112.53,87.8,1,2024-03-10,2026-04-05
USER_000631,COURSE_00200,数据科学,71.42,68.13,1,2024-05-23,2026-04-16
USER_003717,COURSE_00009,职业技能,76.84,99.37,1,2024-11-06,2026-04-05
USER_001848,COURSE_00121,语言学习,8.01,62.06,0,2024-02-21,2026-03-29
USER_002656,COURSE_00115,语言学习,33.12,65.91,1,2024-03-01,2026-04-09
USER_000980,COURSE_00163,产品设计,77.88,55.31,0,2024-03-23,2026-04-13
USER_004530,COURSE_00101,编程开发,118.17,68.5,1,2024-03-16,2026-03-30
USER_003403,COURSE_00149,商业管理,183.44,90.83,1,2024-04-15,2026-04-11
USER_003872,COURSE_00186,产品设计,102.28,51.35,1,2024-04-24,2026-04-03
USER_000278,COURSE_00146,职业技能,35.75,42.96,0,2024-03-26,2026-03-27
USER_000233,COURSE_00097,职业技能,60.71,59.17,1,2024-11-17,2026-03-28
USER_001553,COURSE_00200,产品设计,74.35,92.05,0,2024-12-01,2026-04-02
USER_003271,COURSE_00081,语言学习,45.96,94.86,1,2024-04-02,2026-03-21
USER_002410,COURSE_00043,数据科学,118.24,80.91,1,2024-02-15,2026-03-30
USER_003513,COURSE_00095,人工智能,80.9,56.89,1,2024-07-21,2026-03-28
USER_000026,COURSE_00006,商业管理,119.96,74.66,1,2024-11-12,2026-03-25
USER_000461,COURSE_00067,职业技能,38.83,75.72,0,2024-07-01,2026-03-21
USER_003765,COURSE_00140,职业技能,80.47,100.0,1,2024-11-18,2026-04-11
USER_003432,COURSE_00100,产品设计,89.12,80.69,0,2024-08-04,2026-03-18
USER_003484,COURSE_00012,商业管理,114.2,78.4,0,2024-02-29,2026-03-21
USER_001995,COURSE_00066,产品设计,85.44,83.06,1,2024-05-05,2026-04-03
USER_000491,COURSE_00002,编程开发,96.84,65.89,0,2024-06-24,2026-04-16
USER_001073,COURSE_00143,商业管理,73.61,80.57,1,2024-09-17,2026-04-02
USER_003174,COURSE_00151,编程开发,212.46,73.88,1,2024-01-21,2026-04-14
USER_000216,COURSE_00157,职业技能,38.48,68.7,0,2024-05-25,2026-04-14
USER_001724,COURSE_00081,语言学习,85.89,90.17,1,2024-09-07,2026-04-16
USER_001593,COURSE_00135,编程开发,160.96,89.58,1,2024-09-29,2026-03-27
USER_002607,COURSE_00156,商业管理,65.0,92.46,1,2024-06-18,2026-03-18
USER_000159,COURSE_00142,市场营销,40.37,67.1,1,2024-08-22,2026-04-02
USER_004782,COURSE_00172,商业管理,84.32,56.58,0,2024-10-01,2026-04-07
USER_003314,COURSE_00158,产品设计,101.86,98.19,1,2024-06-30,2026-03-27
USER_002842,COURSE_00160,编程开发,162.78,70.1,1,2024-02-19,2026-03-24
USER_001777,COURSE_00070,数据科学,80.22,84.72,1,2024-08-03,2026-04-15
USER_002053,COURSE_00115,市场营销,80.96,93.4,0,2024-10-24,2026-03-18
USER_002296,COURSE_00088,语言学习,30.18,100.0,0,2024-07-03,2026-04-16
USER_001697,COURSE_00006,人工智能,105.08,57.83,0,2024-02-29,2026-04-10
USER_002994,COURSE_00027,产品设计,89.79,96.78,1,2024-10-24,2026-04-12
USER_002470,COURSE_00082,产品设计,52.31,60.43,0,2024-02-24,2026-04-02
USER_001947,COURSE_00088,数据科学,142.41,66.82,0,2024-08-05,2026-04-08
USER_003810,COURSE_00120,人工智能,196.32,78.89,1,2024-12-26,2026-04-05
USER_002784,COURSE_00024,职业技能,83.37,88.37,0,2024-04-06,2026-04-10
USER_003645,COURSE_00102,人工智能,70.61,61.71,0,2024-11-28,2026-03-19
USER_002501,COURSE_00034,语言学习,40.85,91.84,0,2024-04-08,2026-03-20
USER_003646,COURSE_00168,语言学习,58.96,58.68,0,2024-07-12,2026-03-25
USER_002646,COURSE_00047,市场营销,76.17,100.0,1,2024-01-22,2026-04-07
USER_002350,COURSE_00024,职业技能,32.95,70.71,1,2024-10-18,2026-04-06
USER_001933,COURSE_00065,产品设计,70.12,77.62,0,2024-08-05,2026-03-29
USER_003295,COURSE_00018,编程开发,155.88,68.05,1,2024-02-05,2026-04-11
USER_001758,COURSE_00044,语言学习,60.7,72.6,0,2024-05-25,2026-03-24
USER_001117,COURSE_00076,数据科学,78.62,62.52,1,2024-07-04,2026-03-23
USER_002568,COURSE_00057,数据科学,107.21,79.16,1,2024-06-20,2026-03-22
USER_003500,COURSE_00107,数据科学,114.03,92.48,1,2024-07-07,2026-03-30
USER_000493,COURSE_00156,商业管理,79.55,72.32,1,2024-06-11,2026-03-27
USER_003307,COURSE_00124,职业技能,68.68,100.0,0,2024-11-03,2026-04-08
USER_000620,COURSE_00199,职业技能,70.7,78.53,1,2024-05-12,2026-04-03
USER_003233,COURSE_00151,语言学习,57.72,100.0,1,2024-02-22,2026-04-11
USER_003824,COURSE_00162,语言学习,93.16,55.78,1,2024-01-15,2026-04-16
USER_002381,COURSE_00139,数据科学,186.96,78.25,1,2024-08-12,2026-04-08
USER_001547,COURSE_00163,职业技能,84.29,80.52,1,2024-07-25,2026-04-12
USER_004959,COURSE_00116,职业技能,31.5,65.36,0,2024-11-02,2026-04-12
USER_003564,COURSE_00093,语言学习,80.47,77.47,1,2024-08-03,2026-04-14
USER_001606,COURSE_00042,商业管理,75.2,98.18,0,2024-09-04,2026-04-13
USER_003753,COURSE_00028,编程开发,120.86,71.72,1,2024-01-22,2026-04-11
USER_004676,COURSE_00123,编程开发,120.12,63.11,1,2024-02-08,2026-03-30
USER_001891,COURSE_00024,市场营销,31.54,64.69,1,2024-01-12,2026-04-11
USER_001276,COURSE_00136,职业技能,60.78,84.74,1,2024-02-17,2026-04-10
USER_002744,COURSE_00106,产品设计,127.13,74.31,0,2024-01-29,2026-04-01
USER_002494,COURSE_00118,编程开发,117.57,86.52,1,2024-02-29,2026-04-01
USER_000357,COURSE_00053,市场营销,93.86,100.0,1,2024-08-26,2026-04-05
USER_000870,COURSE_00200,人工智能,149.89,78.65,1,2024-03-15,2026-03-25
USER_000886,COURSE_00132,产品设计,111.2,87.65,0,2024-01-07,2026-04-04
USER_002002,COURSE_00100,职业技能,47.94,82.48,0,2024-08-29,2026-03-20
USER_001284,COURSE_00005,编程开发,91.69,96.0,0,2024-12-21,2026-03-18
USER_000620,COURSE_00049,商业管理,35.77,99.33,1,2024-09-25,2026-04-16
USER_000883,COURSE_00098,人工智能,128.75,,1,2024-08-09,2026-04-01
USER_000797,COURSE_00030,市场营销,34.48,72.76,0,2024-10-19,2026-03-26
USER_003643,COURSE_00072,编程开发,103.19,89.99,1,2024-06-20,2026-03-21
USER_003426,COURSE_00103,职业技能,53.72,74.42,0,2024-10-24,2026-04-02
USER_001297,COURSE_00063,编程开发,11.56,59.85,0,2024-06-26,2026-04-04
USER_004715,COURSE_00175,语言学习,62.41,82.72,1,2024-11-09,2026-04-09
USER_000245,COURSE_00026,人工智能,186.5,84.31,1,2024-01-23,2026-04-15
USER_002896,COURSE_00185,编程开发,179.98,60.86,1,2024-07-02,2026-04-16
USER_000930,COURSE_00037,数据科学,122.85,51.53,0,2024-05-12,2026-03-27
USER_000520,COURSE_00007,商业管理,101.73,64.28,1,2024-05-17,2026-04-15
USER_003213,COURSE_00127,语言学习,32.26,70.56,1,2024-06-03,2026-04-10
USER_002410,COURSE_00168,语言学习,51.62,91.56,1,2024-01-14,2026-04-04
USER_000008,COURSE_00092,编程开发,166.58,69.09,0,2024-08-19,2026-03-31
USER_002526,COURSE_00167,商业管理,76.34,75.78,1,2024-05-19,2026-03-20
USER_003424,COURSE_00190,语言学习,72.78,66.93,1,2024-01-28,2026-03-20
USER_002020,COURSE_00103,产品设计,74.69,65.32,0,2024-04-15,2026-04-07
USER_004591,COURSE_00053,人工智能,101.79,100.0,1,2024-12-16,2026-04-10
USER_004283,COURSE_00132,产品设计,91.78,69.8,1,2024-07-04,2026-03-28
USER_003668,COURSE_00108,市场营销,66.94,97.99,0,2024-10-28,2026-04-16
USER_003672,COURSE_00112,产品设计,101.65,79.26,1,2024-10-11,2026-04-16
USER_002802,COURSE_00153,商业管理,84.94,89.38,1,2024-07-31,2026-04-11
USER_000086,COURSE_00007,数据科学,132.71,83.4,1,2024-07-18,2026-04-09
USER_003116,COURSE_00156,语言学习,73.34,92.87,1,2024-09-07,2026-03-24
USER_004233,COURSE_00197,商业管理,,100.0,0,2024-07-07,2026-03-21
USER_002469,COURSE_00067,语言学习,40.13,79.69,1,2024-07-28,2026-04-14
USER_003620,COURSE_00108,职业技能,82.01,78.51,1,2024-05-31,2026-04-07
USER_001637,COURSE_00111,数据科学,182.13,88.8,1,2024-01-09,2026-03-29
USER_003584,COURSE_00148,语言学习,83.93,87.29,1,2024-08-29,2026-03-20
USER_004010,COURSE_00083,产品设计,93.3,80.85,1,2024-03-09,2026-03-25
USER_003327,COURSE_00124,职业技能,43.79,79.15,1,2024-07-25,2026-03-27
USER_002219,COURSE_00139,职业技能,63.85,96.71,0,2024-01-15,2026-03-28
USER_002218,COURSE_00104,市场营销,32.14,61.27,0,2024-08-23,2026-04-12
USER_004968,COURSE_00067,职业技能,60.08,69.35,0,2024-05-27,2026-03-19
USER_002370,COURSE_00007,职业技能,77.72,72.07,1,2024-12-02,2026-03-30
USER_003639,COURSE_00151,编程开发,129.17,76.79,1,2024-08-16,2026-04-12
USER_002504,COURSE_00189,数据科学,136.93,45.49,0,2024-10-10,2026-03-30
USER_000944,COURSE_00199,产品设计,72.89,72.81,1,2024-08-31,2026-03-23
USER_002838,COURSE_00110,商业管理,96.93,85.0,1,2024-10-17,2026-04-14
USER_002661,COURSE_00034,产品设计,131.42,64.49,1,2024-03-23,2026-04-09
USER_002937,COURSE_00106,产品设计,98.81,77.57,1,2024-04-24,2026-03-23
USER_004445,COURSE_00147,编程开发,118.15,70.86,0,2024-10-20,2026-04-03
USER_003948,COURSE_00058,人工智能,148.34,89.34,1,2024-07-21,2026-03-26
USER_001677,COURSE_00009,语言学习,,100.0,1,2024-04-20,2026-04-10
USER_001197,COURSE_00048,语言学习,62.48,88.23,0,2024-11-09,2026-04-06
USER_004106,COURSE_00115,商业管理,121.56,94.89,1,2024-06-19,2026-03-23
USER_002788,COURSE_00041,职业技能,17.49,75.53,1,2024-02-18,2026-03-21
USER_001462,COURSE_00048,市场营销,56.46,88.56,1,2024-10-05,2026-03-29
USER_003319,COURSE_00173,商业管理,79.91,100.0,1,2024-10-08,2026-04-10
USER_000667,COURSE_00025,人工智能,166.89,81.02,1,2024-06-18,2026-03-29
USER_002177,COURSE_00116,语言学习,44.64,100.0,1,2024-05-17,2026-04-02
USER_003744,COURSE_00078,市场营销,70.08,100.0,0,2024-01-12,2026-04-09
USER_000601,COURSE_00108,商业管理,60.95,95.78,1,2024-01-08,2026-04-16
USER_002653,COURSE_00025,市场营销,88.19,100.0,1,2024-08-25,2026-03-24
USER_004423,COURSE_00147,产品设计,124.62,83.29,0,2024-07-15,2026-03-28
USER_003825,COURSE_00039,数据科学,101.6,86.02,1,2024-09-07,2026-04-09
USER_003907,COURSE_00119,产品设计,78.55,84.0,1,2024-02-04,2026-03-19
USER_000980,COURSE_00079,编程开发,99.94,73.41,0,2024-02-12,2026-03-18
USER_002452,COURSE_00080,职业技能,30.53,94.96,1,2024-12-08,2026-03-27
USER_000629,COURSE_00027,语言学习,,62.89,1,2024-11-20,2026-04-15
USER_001630,COURSE_00104,市场营销,90.34,57.3,1,2024-07-18,2026-04-11
USER_003697,COURSE_00074,商业管理,105.96,92.88,0,2024-07-30,2026-03-21
USER_003431,COURSE_00191,职业技能,39.82,80.0,1,2024-06-20,2026-03-29
USER_003675,COURSE_00068,数据科学,91.83,83.36,0,2024-12-17,2026-04-08
USER_003930,COURSE_00147,商业管理,125.3,91.29,1,2024-11-07,2026-03-27
USER_002766,COURSE_00028,语言学习,22.61,91.78,0,2024-03-01,2026-03-31
USER_004370,COURSE_00123,市场营销,85.89,67.57,0,2024-07-16,2026-04-01
USER_004781,COURSE_00161,市场营销,40.11,87.12,0,2024-07-25,2026-03-24
USER_000116,COURSE_00138,产品设计,123.15,77.17,1,2024-06-28,2026-03-23
USER_004957,COURSE_00083,数据科学,155.12,56.52,1,2024-05-30,2026-04-05
USER_002004,COURSE_00030,数据科学,111.3,83.89,1,2024-05-05,2026-03-19
USER_000693,COURSE_00022,语言学习,97.96,93.84,1,2024-01-07,2026-03-24
USER_003163,COURSE_00003,市场营销,12.03,77.44,1,2024-02-12,2026-03-29
USER_001106,COURSE_00101,职业技能,14.43,71.69,0,2024-04-23,2026-03-23
USER_003009,COURSE_00105,数据科学,95.36,94.29,1,2024-09-30,2026-03-22
USER_002162,COURSE_00176,数据科学,102.77,83.58,1,2024-12-27,2026-03-20
USER_000154,COURSE_00002,商业管理,131.83,77.79,1,2024-09-01,2026-03-31
USER_003700,COURSE_00054,语言学习,47.79,77.3,0,2024-10-18,2026-03-24
USER_004411,COURSE_00006,产品设计,75.68,100.0,0,2024-02-29,2026-04-14
USER_003787,COURSE_00107,商业管理,93.26,64.5,0,2024-06-14,2026-03-24
USER_001065,COURSE_00168,商业管理,98.84,72.08,0,2024-04-16,2026-04-04
USER_004201,COURSE_00123,人工智能,59.9,52.48,0,2024-07-25,2026-03-25
USER_001914,COURSE_00002,编程开发,157.41,200.0,1,2024-06-02,2026-04-13
USER_001217,COURSE_00111,人工智能,100.97,68.02,1,2024-02-12,2026-04-08
USER_002402,COURSE_00002,数据科学,147.83,63.48,1,2024-03-23,2026-03-31
USER_001773,COURSE_00093,市场营销,43.4,71.64,1,2024-03-22,2026-03-21
USER_001961,COURSE_00183,编程开发,183.09,67.42,1,2024-06-26,2026-04-02
USER_002781,COURSE_00200,编程开发,126.91,43.21,0,2024-04-04,2026-03-21
USER_004805,COURSE_00101,市场营销,5.0,66.46,1,2024-12-15,2026-04-15
USER_004747,COURSE_00188,编程开发,159.62,76.58,1,2024-06-03,2026-03-19
USER_002872,COURSE_00097,市场营销,102.55,100.0,1,2024-12-24,2026-04-05
USER_000661,COURSE_00111,编程开发,116.28,68.8,1,2024-09-21,2026-04-02
USER_002636,COURSE_00006,商业管理,130.27,75.05,1,2024-02-24,2026-03-27
USER_002330,COURSE_00127,职业技能,48.68,81.15,1,2024-09-02,2026-04-04
USER_003955,COURSE_00104,语言学习,95.57,81.23,1,2024-11-16,2026-03-21
USER_002451,COURSE_00147,语言学习,53.16,77.89,1,2024-07-13,2026-04-16
USER_001133,COURSE_00155,人工智能,126.84,66.35,1,2024-12-26,2026-04-04
USER_000700,COURSE_00001,商业管理,109.52,83.13,1,2024-04-10,2026-03-29
USER_002039,COURSE_00033,编程开发,142.31,58.71,1,2024-10-11,2026-03-27
USER_004648,COURSE_00040,产品设计,164.06,89.32,1,2024-03-31,2026-03-20
USER_004501,COURSE_00032,市场营销,79.28,100.0,1,2024-01-05,2026-03-28
USER_004558,COURSE_00197,商业管理,152.4,81.39,1,2024-07-31,2026-03-25
USER_002180,COURSE_00017,编程开发,80.79,42.09,0,2024-05-06,2026-04-03
USER_002839,COURSE_00126,语言学习,40.58,100.0,1,2024-08-05,2026-03-30
USER_000874,COURSE_00008,语言学习,27.84,64.58,1,2024-07-04,2026-04-08
USER_000084,COURSE_00057,市场营销,56.71,79.67,1,2024-04-13,2026-04-14
USER_001423,COURSE_00042,产品设计,77.07,63.61,1,2024-12-10,2026-03-30
USER_002676,COURSE_00098,编程开发,114.21,99.01,1,2024-12-25,2026-03-30
USER_003181,COURSE_00137,编程开发,111.86,92.62,1,2024-11-04,2026-04-05
USER_004317,COURSE_00120,产品设计,61.6,75.48,0,2024-04-12,2026-04-15
USER_003976,COURSE_00087,产品设计,62.05,86.87,0,2024-06-16,2026-04-08
USER_001392,COURSE_00163,产品设计,126.71,62.02,1,2024-11-30,2026-03-28
USER_003219,COURSE_00199,语言学习,84.18,100.0,1,2024-09-16,2026-03-30
USER_004208,COURSE_00181,市场营销,50.49,100.0,0,2024-02-15,2026-04-15
USER_000615,COURSE_00054,商业管理,46.99,96.82,1,2024-11-21,2026-03-28
USER_002972,COURSE_00084,职业技能,91.89,70.36,1,2024-02-04,2026-03-25
USER_003566,COURSE_00025,产品设计,88.8,71.12,0,2024-07-20,2026-03-29
USER_003577,COURSE_00067,市场营销,36.93,84.97,1,2024-04-05,2026-04-16
USER_004571,COURSE_00190,人工智能,166.01,84.46,1,2024-09-02,2026-04-10
USER_000271,COURSE_00183,编程开发,162.89,78.33,1,2024-11-12,2026-04-12
USER_004067,COURSE_00174,编程开发,191.73,80.27,1,2024-06-28,2026-04-02
USER_002469,COURSE_00152,职业技能,114.19,76.63,0,2024-02-26,2026-03-27
USER_001391,COURSE_00046,职业技能,35.5,93.93,1,2024-12-26,2026-04-16
USER_003355,COURSE_00022,数据科学,114.99,90.96,0,2024-01-16,2026-04-04
USER_004136,COURSE_00139,人工智能,121.22,35.13,0,2024-01-30,2026-04-10
USER_003608,COURSE_00176,商业管理,97.74,85.6,1,2024-01-30,2026-03-20
USER_002584,COURSE_00008,职业技能,88.15,73.74,1,2024-05-01,2026-03-20
USER_004074,COURSE_00039,产品设计,75.52,69.19,1,2024-07-12,2026-03-18
USER_003076,COURSE_00163,产品设计,131.66,98.06,1,2024-02-16,2026-03-26
USER_003907,COURSE_00049,商业管理,74.22,52.18,0,2024-12-24,2026-03-25
USER_000290,COURSE_00046,语言学习,5.0,80.92,0,2024-04-01,2026-03-19
USER_002481,COURSE_00038,人工智能,117.33,85.79,0,2024-09-04,2026-04-02
USER_003253,COURSE_00136,产品设计,57.64,83.9,1,2024-04-03,2026-03-26
USER_000279,COURSE_00054,职业技能,60.94,76.57,1,2024-03-15,2026-04-08
USER_002925,COURSE_00165,数据科学,130.05,74.11,1,2024-02-01,2026-03-28
USER_000581,COURSE_00092,市场营销,33.41,98.0,1,2024-01-16,2026-04-10
USER_004959,COURSE_00040,编程开发,98.95,81.88,1,2024-09-01,2026-04-02
USER_000254,COURSE_00034,人工智能,111.35,82.64,1,2024-02-28,2026-04-09
USER_004277,COURSE_00096,编程开发,147.36,86.63,1,2024-03-29,2026-03-27
USER_004777,COURSE_00079,市场营销,60.25,100.0,1,2024-06-02,2026-04-09
USER_000825,COURSE_00127,人工智能,149.68,67.18,0,2024-01-18,2026-04-09
USER_003833,COURSE_00017,职业技能,,100.0,1,2024-12-11,2026-03-23
USER_000700,COURSE_00161,市场营销,68.24,95.8,1,2024-10-22,2026-04-13
USER_001381,COURSE_00175,产品设计,105.44,84.82,1,2024-10-21,2026-04-09
USER_003897,COURSE_00110,商业管理,99.56,63.55,0,2024-10-19,2026-04-06
USER_001674,COURSE_00052,产品设计,87.41,71.78,0,2024-08-08,2026-04-11
USER_002728,COURSE_00118,职业技能,5.0,74.88,0,2024-11-09,2026-04-07
USER_003157,COURSE_00009,商业管理,117.52,61.04,0,2024-06-18,2026-03-24
USER_003389,COURSE_00033,产品设计,131.69,77.63,1,2024-03-27,2026-03-31
USER_004308,COURSE_00188,市场营销,57.89,75.21,1,2024-06-22,2026-04-03
USER_000384,COURSE_00113,市场营销,30.75,95.17,1,2024-09-17,2026-03-22
USER_000342,COURSE_00149,市场营销,32.24,67.59,1,2024-12-20,2026-04-02
USER_001988,COURSE_00186,编程开发,144.42,77.44,1,2024-01-08,2026-03-25
USER_004060,COURSE_00085,职业技能,21.63,100.0,0,2024-06-05,2026-03-26
USER_004940,COURSE_00197,市场营销,73.79,79.05,1,2024-11-25,2026-03-26
USER_003110,COURSE_00010,产品设计,,61.88,1,2024-06-12,2026-04-09
USER_004083,COURSE_00006,数据科学,135.13,76.23,1,2024-10-05,2026-03-19
USER_004516,COURSE_00115,职业技能,69.22,76.06,1,2024-09-15,2026-03-18
USER_002799,COURSE_00121,市场营销,64.88,85.95,1,2024-10-08,2026-04-14
USER_003241,COURSE_00141,数据科学,157.54,96.34,1,2024-01-10,2026-03-27
USER_001989,COURSE_00065,商业管理,115.87,99.26,1,2024-04-13,2026-04-10
USER_003415,COURSE_00020,产品设计,126.16,100.0,0,2024-11-29,2026-03-24
USER_001850,COURSE_00057,市场营销,91.44,93.88,0,2024-12-13,2026-03-23
USER_000306,COURSE_00046,编程开发,56.47,100.0,0,2024-08-01,2026-03-27
USER_003614,COURSE_00136,编程开发,92.61,71.07,1,2024-11-26,2026-04-07
USER_002750,COURSE_00010,商业管理,51.31,97.99,0,2024-03-27,2026-04-16
USER_004965,COURSE_00113,数据科学,80.57,81.58,1,2024-02-07,2026-04-14
USER_001136,COURSE_00195,语言学习,51.15,98.16,1,2024-03-27,2026-04-14
USER_000206,COURSE_00139,编程开发,191.97,78.01,1,2024-09-01,2026-04-05
USER_004592,COURSE_00012,职业技能,50.82,70.94,1,2024-10-21,2026-03-28
USER_003451,COURSE_00138,编程开发,121.93,69.17,1,2024-12-05,2026-04-12
USER_003812,COURSE_00153,编程开发,65.28,74.37,1,2024-09-21,2026-04-10
USER_003623,COURSE_00177,产品设计,79.33,96.04,1,2024-02-12,2026-04-07
USER_003600,COURSE_00177,编程开发,136.92,75.67,1,2024-05-07,2026-04-12
USER_002552,COURSE_00011,人工智能,169.68,100.0,1,2024-08-25,2026-04-13
USER_004309,COURSE_00190,市场营销,60.82,83.52,1,2024-07-13,2026-03-20
USER_000310,COURSE_00118,商业管理,61.04,94.63,1,2024-11-30,2026-04-14
USER_002709,COURSE_00164,编程开发,99.01,69.05,1,2024-06-16,2026-03-25
USER_001992,COURSE_00039,语言学习,90.76,54.24,1,2024-03-16,2026-04-07
USER_000272,COURSE_00053,职业技能,43.55,99.23,0,2024-10-04,2026-04-11
USER_003643,COURSE_00056,语言学习,52.99,93.41,1,2024-03-29,2026-03-22
USER_004087,COURSE_00104,编程开发,92.28,49.71,0,2024-07-08,2026-04-05
USER_001823,COURSE_00129,编程开发,168.23,65.84,1,2024-04-26,2026-04-12
USER_003274,COURSE_00056,人工智能,166.7,85.84,1,2024-01-14,2026-03-23
USER_004539,COURSE_00118,编程开发,142.06,88.51,1,2024-06-26,2026-03-28
USER_004350,COURSE_00132,编程开发,103.82,92.66,1,2024-01-13,2026-03-31
USER_000521,COURSE_00030,市场营销,102.66,100.0,1,2024-11-20,2026-04-12
USER_000977,COURSE_00012,语言学习,38.5,77.39,1,2024-05-11,2026-03-30
USER_003723,COURSE_00035,人工智能,114.25,29.2,1,2024-04-14,2026-04-15
USER_003552,COURSE_00077,语言学习,68.7,86.97,1,2024-11-16,2026-03-25
USER_004106,COURSE_00180,人工智能,71.67,65.04,0,2024-06-19,2026-03-25
USER_002774,COURSE_00159,语言学习,49.46,61.78,1,2024-09-28,2026-04-15
USER_002553,COURSE_00102,编程开发,162.77,64.55,1,2024-02-04,2026-03-29
USER_002833,COURSE_00087,语言学习,84.5,83.92,1,2024-06-01,2026-03-27
USER_003908,COURSE_00196,语言学习,66.49,100.0,1,2024-05-21,2026-04-12
USER_000153,COURSE_00052,人工智能,147.15,83.28,1,2024-11-06,2026-04-05
USER_002965,COURSE_00080,商业管理,79.46,86.48,1,2024-07-05,2026-04-08
USER_002917,COURSE_00135,数据科学,176.56,76.17,1,2024-10-28,2026-03-21
USER_002801,COURSE_00022,人工智能,178.06,61.37,1,2024-11-08,2026-03-29
USER_001753,COURSE_00075,人工智能,141.63,64.58,1,2024-10-18,2026-04-10
USER_002611,COURSE_00184,人工智能,106.86,98.83,1,2024-07-30,2026-04-03
USER_003876,COURSE_00058,产品设计,121.98,90.34,1,2024-06-16,2026-04-12
USER_001105,COURSE_00093,商业管理,47.62,84.55,1,2024-11-20,2026-04-07
USER_002537,COURSE_00192,产品设计,147.66,80.26,1,2024-06-29,2026-03-31
USER_004991,COURSE_00103,产品设计,91.88,86.73,1,2024-03-30,2026-03-24
USER_004200,COURSE_00140,人工智能,76.2,65.2,0,2024-10-02,2026-04-01
USER_003855,COURSE_00007,数据科学,97.69,57.98,0,2024-09-30,2026-04-13
USER_003495,COURSE_00128,人工智能,185.94,86.33,1,2024-03-22,2026-03-27
USER_001915,COURSE_00055,编程开发,153.33,69.93,1,2024-11-30,2026-04-08
USER_003073,COURSE_00106,数据科学,125.64,68.69,1,2024-06-26,2026-04-04
USER_001007,COURSE_00062,产品设计,83.43,81.02,0,2024-05-11,2026-03-24
USER_000407,COURSE_00090,职业技能,55.95,85.83,0,2024-12-03,2026-04-14
USER_000167,COURSE_00098,语言学习,22.03,68.84,1,2024-12-10,2026-04-14
USER_000509,COURSE_00077,语言学习,5.89,91.51,1,2024-11-20,2026-03-29
USER_001662,COURSE_00183,商业管理,30.69,86.88,1,2024-12-03,2026-03-19
USER_003665,COURSE_00119,职业技能,56.49,80.95,1,2024-11-04,2026-04-12
USER_003490,COURSE_00036,市场营销,64.74,80.49,0,2024-01-16,2026-04-04
USER_004859,COURSE_00089,商业管理,73.93,100.0,1,2024-11-17,2026-03-18
USER_000681,COURSE_00152,数据科学,147.7,77.36,0,2024-09-23,2026-03-27
USER_002525,COURSE_00172,产品设计,77.6,99.85,1,2024-04-21,2026-04-07
USER_002121,COURSE_00145,数据科学,160.0,82.95,1,2024-05-10,2026-04-06
USER_004678,COURSE_00130,数据科学,91.16,79.66,1,2024-03-28,2026-03-22
USER_004358,COURSE_00141,语言学习,42.63,70.18,0,2024-09-09,2026-04-08
USER_001364,COURSE_00159,人工智能,144.67,90.84,0,2024-11-08,2026-03-25
USER_001332,COURSE_00093,编程开发,41.59,67.08,1,2024-08-07,2026-04-13
USER_002293,COURSE_00114,市场营销,38.03,64.96,1,2024-04-01,2026-04-10
USER_001539,COURSE_00028,产品设计,79.94,60.97,1,2024-11-16,2026-03-23
USER_003409,COURSE_00188,数据科学,120.35,63.33,1,2024-12-17,2026-03-18
USER_000561,COURSE_00155,市场营销,76.32,84.79,0,2024-03-07,2026-04-15
USER_001100,COURSE_00143,数据科学,174.33,79.06,1,2024-10-11,2026-03-23
USER_001904,COURSE_00033,职业技能,32.13,95.2,1,2024-05-25,2026-04-06
USER_000175,COURSE_00020,语言学习,58.51,78.31,1,2024-03-28,2026-04-06
USER_002157,COURSE_00170,编程开发,105.13,84.59,1,2024-01-06,2026-04-10
USER_002231,COURSE_00140,语言学习,79.25,74.1,1,2024-12-17,2026-03-26
USER_004288,COURSE_00101,市场营销,84.28,98.16,1,2024-03-11,2026-03-18
USER_004161,COURSE_00023,产品设计,134.12,90.99,0,2024-09-13,2026-03-19
USER_003921,COURSE_00200,数据科学,121.84,79.94,0,2024-03-12,2026-04-15
USER_001498,COURSE_00112,编程开发,175.09,74.99,1,2024-01-08,2026-04-02
USER_003855,COURSE_00014,职业技能,83.02,97.05,0,2024-04-01,2026-03-20
USER_003172,COURSE_00091,语言学习,102.42,72.32,1,2024-01-18,2026-03-18
USER_001568,COURSE_00153,职业技能,56.8,61.39,0,2024-11-29,2026-03-30
USER_001152,COURSE_00077,市场营销,88.2,94.55,1,2024-09-26,2026-03-31
USER_000369,COURSE_00085,语言学习,39.13,74.8,0,2024-04-30,2026-03-18
USER_004947,COURSE_00109,数据科学,104.63,100.0,1,2024-10-16,2026-04-15
USER_000043,COURSE_00031,数据科学,115.08,59.55,1,2024-05-24,2026-03-19
USER_001908,COURSE_00122,职业技能,40.36,85.28,1,2024-05-27,2026-03-24
USER_003491,COURSE_00107,产品设计,72.91,96.71,1,2024-06-22,2026-04-04
USER_002536,COURSE_00054,编程开发,185.34,59.38,1,2024-11-02,2026-03-26
USER_004174,COURSE_00133,人工智能,125.33,98.12,1,2024-03-10,2026-04-01
USER_002874,COURSE_00141,语言学习,47.31,61.73,1,2024-08-23,2026-03-19
USER_001825,COURSE_00156,数据科学,113.18,100.0,1,2024-09-11,2026-03-20
USER_001294,COURSE_00043,市场营销,43.7,86.74,0,2024-04-07,2026-03-21
USER_004770,COURSE_00089,语言学习,39.38,79.04,1,2024-11-21,2026-03-19
USER_004797,COURSE_00115,产品设计,124.39,67.93,0,2024-01-31,2026-04-14
USER_004855,COURSE_00099,产品设计,34.08,99.69,0,2024-10-17,2026-04-01
USER_003387,COURSE_00047,数据科学,191.33,66.56,1,2024-09-11,2026-04-07
USER_002973,COURSE_00071,数据科学,77.66,89.23,1,2024-05-28,2026-04-08
USER_003923,COURSE_00166,职业技能,65.38,71.15,0,2024-10-19,2026-04-11
USER_004998,COURSE_00067,数据科学,118.75,68.76,0,2024-04-02,2026-04-04
USER_000993,COURSE_00062,职业技能,71.5,99.84,1,2024-07-27,2026-03-18
USER_002387,COURSE_00109,商业管理,160.75,79.87,1,2024-12-28,2026-04-15
USER_002241,COURSE_00167,人工智能,103.6,74.13,1,2024-10-18,2026-04-03
USER_001477,COURSE_00037,数据科学,150.28,80.17,1,2024-12-01,2026-04-09
USER_003408,COURSE_00119,语言学习,78.93,92.5,1,2024-06-01,2026-04-10
USER_000390,COURSE_00086,语言学习,32.53,100.0,1,2024-12-12,2026-03-23
USER_001000,COURSE_00126,职业技能,113.02,83.61,0,2024-07-20,2026-04-04
USER_004621,COURSE_00136,商业管理,121.36,88.87,1,2024-06-29,2026-04-06
USER_001856,COURSE_00052,商业管理,107.92,44.9,1,2024-03-13,2026-03-25
USER_000659,COURSE_00091,编程开发,87.2,67.0,1,2024-08-02,2026-04-02
USER_002764,COURSE_00033,市场营销,46.18,79.23,1,2024-11-28,2026-04-03
USER_003664,COURSE_00081,数据科学,141.89,78.37,1,2024-05-24,2026-04-04
USER_004987,COURSE_00042,职业技能,20.27,100.0,1,2024-04-03,2026-04-14
USER_001482,COURSE_00112,语言学习,78.4,89.39,0,2024-05-10,2026-04-07
USER_003732,COURSE_00126,商业管理,89.85,85.15,0,2024-05-23,2026-03-18
USER_000452,COURSE_00155,语言学习,64.48,73.53,0,2024-10-23,2026-03-29
USER_002476,COURSE_00136,语言学习,91.94,88.18,0,2024-11-26,2026-04-03
USER_003223,COURSE_00151,商业管理,118.86,63.98,0,2024-09-03,2026-04-12
USER_001538,COURSE_00106,人工智能,131.59,62.9,0,2024-10-05,2026-04-13
USER_003094,COURSE_00125,商业管理,97.04,89.02,1,2024-03-24,2026-04-06
USER_000883,COURSE_00113,商业管理,55.35,79.44,0,2024-05-14,2026-03-26
USER_004409,COURSE_00064,市场营销,33.14,100.0,1,2024-01-20,2026-04-14
USER_004069,COURSE_00123,职业技能,61.52,73.49,0,2024-06-06,2026-03-19
USER_004936,COURSE_00114,职业技能,46.43,78.87,0,2024-09-11,2026-04-04
USER_002567,COURSE_00020,商业管理,98.48,100.0,1,2024-12-06,2026-03-27
USER_003278,COURSE_00016,产品设计,115.8,56.16,0,2024-09-22,2026-04-06
USER_000375,COURSE_00145,职业技能,65.66,60.01,1,2024-03-19,2026-04-06
USER_004547,COURSE_00019,职业技能,85.59,98.61,1,2024-04-29,2026-04-01
USER_003698,COURSE_00120,职业技能,64.26,77.3,1,2024-03-21,2026-03-25
USER_003063,COURSE_00136,商业管理,110.95,80.66,1,2024-01-05,2026-03-30
USER_004691,COURSE_00166,语言学习,76.47,60.87,1,2024-09-18,2026-04-13
USER_003251,COURSE_00038,数据科学,112.68,64.6,0,2024-03-03,2026-03-23
USER_004596,COURSE_00181,语言学习,71.88,100.0,1,2024-10-14,2026-04-14
USER_004560,COURSE_00093,市场营销,84.17,100.0,1,2024-06-08,2026-03-28
USER_000113,COURSE_00105,产品设计,121.03,77.12,0,2024-05-11,2026-03-19
USER_003198,COURSE_00100,商业管理,62.69,56.75,1,2024-01-11,2026-03-27
USER_002379,COURSE_00090,人工智能,143.03,80.89,1,2024-02-03,2026-04-05
USER_001925,COURSE_00159,编程开发,83.46,200.0,1,2024-01-25,2026-04-04
USER_000140,COURSE_00044,商业管理,122.51,74.14,0,2024-08-15,2026-03-24
USER_001425,COURSE_00188,数据科学,183.9,80.72,1,2024-09-13,2026-04-14
USER_002950,COURSE_00076,编程开发,151.64,82.02,1,2024-07-05,2026-03-26
USER_003169,COURSE_00145,人工智能,42.0,81.75,1,2024-05-25,2026-03-31
USER_000517,COURSE_00079,市场营销,66.47,75.11,0,2024-06-21,2026-04-13
USER_002617,COURSE_00073,市场营销,53.33,76.92,0,2024-06-03,2026-04-13
USER_000888,COURSE_00167,人工智能,103.33,77.52,1,2024-02-26,2026-03-23
USER_003105,COURSE_00170,语言学习,82.28,90.22,0,2024-03-25,2026-03-24
USER_000050,COURSE_00176,人工智能,59.03,100.0,0,2024-11-17,2026-03-27
USER_003952,COURSE_00140,职业技能,51.86,74.46,0,2024-03-09,2026-03-28
USER_003561,COURSE_00096,职业技能,71.83,76.87,1,2024-09-27,2026-04-16
USER_000019,COURSE_00089,商业管理,133.94,78.79,0,2024-05-19,2026-04-04
USER_004822,COURSE_00103,数据科学,102.84,81.35,1,2024-06-26,2026-03-19
USER_001474,COURSE_00146,职业技能,85.79,78.96,0,2024-04-04,2026-03-23
USER_004062,COURSE_00006,产品设计,70.25,100.0,1,2024-08-19,2026-04-12
USER_002607,COURSE_00122,商业管理,69.74,78.02,1,2024-01-05,2026-04-16
USER_000452,COURSE_00171,商业管理,59.55,67.71,1,2024-04-26,2026-03-20
USER_003766,COURSE_00116,商业管理,149.5,84.24,1,2024-10-09,2026-04-05
USER_002439,COURSE_00163,编程开发,106.34,93.54,1,2024-03-27,2026-03-26
USER_004311,COURSE_00182,编程开发,107.26,85.91,1,2024-06-11,2026-03-23
USER_001550,COURSE_00062,市场营销,35.33,85.35,1,2024-01-03,2026-03-24
USER_003475,COURSE_00197,商业管理,107.66,76.64,1,2024-06-08,2026-04-16
USER_000128,COURSE_00144,语言学习,72.59,80.49,1,2024-02-22,2026-03-23
USER_004856,COURSE_00136,职业技能,25.48,98.81,1,2024-06-08,2026-03-24
USER_002762,COURSE_00089,市场营销,62.77,93.1,1,2024-01-20,2026-04-02
USER_004457,COURSE_00096,数据科学,74.43,65.62,0,2024-05-08,2026-03-20
USER_004665,COURSE_00126,人工智能,,70.35,1,2024-04-27,2026-03-19
USER_001416,COURSE_00090,编程开发,148.2,98.3,1,2024-10-12,2026-03-23
USER_000202,COURSE_00086,商业管理,165.11,46.89,1,2024-12-18,2026-03-29
USER_002370,COURSE_00159,数据科学,150.03,45.47,1,2024-02-06,2026-04-11
USER_000518,COURSE_00138,市场营销,36.2,96.7,0,2024-11-29,2026-04-09
USER_001342,COURSE_00184,市场营销,46.17,89.51,0,2024-01-15,2026-04-13
USER_004777,COURSE_00121,编程开发,192.6,66.04,1,2024-10-05,2026-03-18
USER_001989,COURSE_00076,市场营销,47.75,96.19,1,2024-09-22,2026-04-09
USER_003546,COURSE_00092,语言学习,65.36,60.35,1,2024-10-30,2026-04-09
USER_004521,COURSE_00070,市场营销,114.91,85.43,1,2024-11-27,2026-04-08
USER_003803,COURSE_00148,产品设计,69.84,58.72,1,2024-10-18,2026-04-06
USER_003276,COURSE_00133,职业技能,84.83,100.0,1,2024-02-10,2026-04-02
USER_003655,COURSE_00023,人工智能,97.27,61.14,0,2024-08-25,2026-03-20
USER_002435,COURSE_00137,市场营销,40.27,85.96,0,2024-06-06,2026-04-05
USER_004874,COURSE_00058,职业技能,25.2,77.83,1,2024-11-02,2026-04-14
USER_000208,COURSE_00187,职业技能,73.39,88.9,1,2024-09-10,2026-03-28
USER_002634,COURSE_00182,产品设计,57.41,94.25,1,2024-11-18,2026-03-27
USER_004118,COURSE_00046,数据科学,113.11,93.38,0,2024-01-12,2026-03-21
USER_000154,COURSE_00022,市场营销,45.08,76.79,1,2024-11-14,2026-04-02
USER_003367,COURSE_00192,语言学习,82.87,,0,2024-01-17,2026-03-20
USER_004315,COURSE_00008,数据科学,142.31,,1,2024-11-18,2026-04-01
USER_004765,COURSE_00123,职业技能,42.51,78.44,1,2024-08-03,2026-03-28
USER_001519,COURSE_00020,职业技能,72.57,50.64,0,2024-06-04,2026-04-11
USER_002601,COURSE_00179,商业管理,109.6,72.36,0,2024-02-19,2026-04-07
USER_002196,COURSE_00078,市场营销,93.62,75.17,1,2024-06-29,2026-04-12
USER_004499,COURSE_00039,编程开发,93.33,53.47,1,2024-01-31,2026-04-16
USER_004692,COURSE_00037,产品设计,92.94,100.0,1,2024-02-16,2026-03-31
USER_003555,COURSE_00178,产品设计,75.17,94.37,1,2024-10-25,2026-04-14
USER_002415,COURSE_00162,编程开发,160.28,59.31,1,2024-06-27,2026-03-29
USER_002850,COURSE_00075,人工智能,147.38,56.1,1,2024-08-24,2026-03-23
USER_001743,COURSE_00118,职业技能,71.38,62.14,0,2024-02-09,2026-04-08
USER_001307,COURSE_00104,商业管理,57.08,99.46,1,2024-12-19,2026-04-09
USER_003850,COURSE_00161,语言学习,26.72,100.0,1,2024-10-03,2026-03-23
USER_004169,COURSE_00031,产品设计,124.6,70.69,1,2024-01-09,2026-03-30
USER_004577,COURSE_00123,数据科学,108.94,86.11,1,2024-06-10,2026-03-21
USER_004656,COURSE_00054,职业技能,38.86,100.0,0,2024-01-14,2026-03-25
USER_004841,COURSE_00172,语言学习,34.93,150.0,1,2024-10-30,2026-04-08
USER_004196,COURSE_00034,产品设计,136.39,96.81,1,2024-03-22,2026-04-04
USER_002556,COURSE_00199,商业管理,64.74,65.46,0,2024-11-13,2026-04-02
USER_002306,COURSE_00122,人工智能,107.85,79.2,0,2024-05-29,2026-04-03
USER_004509,COURSE_00113,商业管理,108.43,80.22,0,2024-04-19,2026-04-02
USER_001089,COURSE_00062,数据科学,105.13,91.48,1,2024-02-09,2026-04-12
USER_002643,COURSE_00023,商业管理,90.96,82.63,0,2024-11-15,2026-03-19
USER_001178,COURSE_00046,语言学习,44.89,100.0,1,2024-06-02,2026-03-21
USER_004917,COURSE_00056,职业技能,44.4,72.67,0,2024-03-30,2026-04-14
USER_004758,COURSE_00135,数据科学,147.28,91.38,1,2024-05-29,2026-03-26
USER_002995,COURSE_00118,职业技能,33.57,82.63,0,2024-03-16,2026-03-29
USER_000560,COURSE_00189,编程开发,123.39,71.79,1,2024-06-02,2026-04-04
USER_002965,COURSE_00131,市场营销,40.45,100.0,0,2024-01-14,2026-03-18
USER_001272,COURSE_00166,编程开发,130.35,70.49,0,2024-06-12,2026-04-11
USER_001814,COURSE_00162,语言学习,115.98,82.99,1,2024-06-28,2026-03-23
USER_002916,COURSE_00113,市场营销,77.59,74.16,0,2024-01-12,2026-04-05
USER_000610,COURSE_00044,编程开发,126.79,65.98,1,2024-11-29,2026-03-27
USER_002462,COURSE_00128,市场营销,60.39,100.0,1,2024-06-05,2026-03-21
USER_004121,COURSE_00108,产品设计,98.96,98.84,1,2024-05-13,2026-04-05
USER_000284,COURSE_00158,商业管理,128.93,75.32,0,2024-06-09,2026-03-27
USER_002929,COURSE_00017,数据科学,182.53,80.53,1,2024-01-18,2026-04-07
USER_004397,COURSE_00059,市场营销,67.34,75.72,0,2024-01-18,2026-04-09
USER_001092,COURSE_00138,产品设计,112.14,82.16,0,2024-10-08,2026-03-25
USER_000817,COURSE_00099,商业管理,96.08,43.68,0,2024-02-02,2026-03-24
USER_000083,COURSE_00084,商业管理,68.79,72.91,0,2024-09-20,2026-03-27
USER_001921,COURSE_00146,人工智能,115.79,76.77,0,2024-07-12,2026-04-12
USER_003492,COURSE_00045,职业技能,86.45,90.04,1,2024-06-24,2026-04-15
USER_003145,COURSE_00108,编程开发,100.51,64.08,1,2024-07-29,2026-04-02
USER_002094,COURSE_00187,人工智能,127.14,80.01,0,2024-01-03,2026-03-24
USER_004714,COURSE_00062,职业技能,101.62,100.0,1,2024-08-26,2026-03-18
USER_000176,COURSE_00059,职业技能,34.55,85.93,0,2024-12-16,2026-03-22
USER_002705,COURSE_00177,语言学习,53.0,67.77,1,2024-10-29,2026-03-26
USER_004938,COURSE_00191,产品设计,72.51,84.08,0,2024-07-01,2026-04-03
USER_000370,COURSE_00160,人工智能,166.29,84.66,1,2024-10-11,2026-04-06
USER_001819,COURSE_00138,人工智能,146.02,89.76,1,2024-03-31,2026-03-24
USER_002102,COURSE_00011,职业技能,69.58,79.0,0,2024-01-29,2026-04-01
USER_004786,COURSE_00102,商业管理,77.35,79.18,1,2024-04-21,2026-03-21
USER_003491,COURSE_00070,产品设计,113.37,79.61,1,2024-04-27,2026-04-13
USER_001780,COURSE_00123,商业管理,51.81,80.81,1,2024-09-01,2026-03-24
USER_001365,COURSE_00190,数据科学,142.57,77.64,0,2024-02-08,2026-04-15
USER_004463,COURSE_00175,市场营销,47.83,77.31,1,2024-04-28,2026-04-04
USER_003343,COURSE_00034,语言学习,85.14,97.51,1,2024-06-04,2026-04-16
USER_004740,COURSE_00101,语言学习,46.2,100.0,0,2024-02-15,2026-03-20
USER_003677,COURSE_00145,编程开发,95.59,72.37,0,2024-08-24,2026-04-09
USER_002427,COURSE_00104,商业管理,88.79,79.53,1,2024-03-16,2026-03-19
USER_000073,COURSE_00182,市场营销,64.37,70.45,0,2024-01-18,2026-03-28
USER_002963,COURSE_00040,职业技能,106.41,96.4,0,2024-06-30,2026-03-28
USER_000860,COURSE_00019,编程开发,145.05,60.08,0,2024-06-15,2026-03-21
USER_003857,COURSE_00067,语言学习,19.11,88.12,0,2024-07-01,2026-04-03
USER_004139,COURSE_00082,市场营销,72.65,64.62,0,2024-08-23,2026-04-15
USER_002425,COURSE_00181,人工智能,154.77,81.1,1,2024-09-10,2026-04-05
USER_001065,COURSE_00064,数据科学,122.37,71.07,0,2024-07-23,2026-04-16
USER_002218,COURSE_00083,职业技能,63.06,96.74,0,2024-06-05,2026-04-09
USER_004018,COURSE_00047,人工智能,202.29,100.0,1,2024-03-28,2026-04-11
USER_002260,COURSE_00006,数据科学,147.16,49.52,1,2024-11-05,2026-03-24
USER_003752,COURSE_00016,职业技能,104.73,88.4,0,2024-02-24,2026-04-16
USER_002087,COURSE_00200,商业管理,49.82,78.17,1,2024-10-12,2026-04-05
USER_000369,COURSE_00146,产品设计,10.48,72.08,0,2024-10-12,2026-04-07
USER_002805,COURSE_00180,编程开发,179.68,87.23,0,2024-05-22,2026-04-01
USER_000151,COURSE_00176,编程开发,168.6,84.98,1,2024-06-18,2026-03-31
USER_001135,COURSE_00171,产品设计,62.85,71.8,1,2024-02-18,2026-04-08
USER_002785,COURSE_00039,市场营销,40.24,95.93,1,2024-07-28,2026-04-06
USER_004165,COURSE_00177,产品设计,102.79,,0,2024-01-05,2026-04-15
USER_002347,COURSE_00113,商业管理,123.12,84.68,1,2024-04-24,2026-04-13
USER_004898,COURSE_00140,语言学习,35.59,77.41,1,2024-04-20,2026-03-27
USER_002251,COURSE_00138,产品设计,124.4,39.26,0,2024-03-27,2026-04-11
USER_000061,COURSE_00071,数据科学,177.38,57.94,1,2024-10-27,2026-04-02
USER_003011,COURSE_00110,语言学习,30.13,91.5,1,2024-07-07,2026-03-28
USER_003902,COURSE_00055,产品设计,69.99,50.67,0,2024-11-18,2026-04-02
USER_001338,COURSE_00129,编程开发,156.69,74.34,0,2024-10-18,2026-03-27
USER_001185,COURSE_00049,人工智能,74.52,54.68,0,2024-09-28,2026-03-24
USER_004427,COURSE_00164,数据科学,116.46,98.2,1,2024-03-13,2026-04-10
USER_001552,COURSE_00021,商业管理,56.12,72.91,0,2024-08-10,2026-03-30
USER_004434,COURSE_00037,数据科学,184.59,64.79,1,2024-10-29,2026-04-03
USER_001630,COURSE_00116,职业技能,38.22,75.98,1,2024-07-07,2026-03-20
USER_001328,COURSE_00024,市场营销,56.12,60.97,1,2024-02-24,2026-03-30
USER_001527,COURSE_00055,人工智能,82.71,93.26,1,2024-06-19,2026-04-01
USER_001674,COURSE_00025,数据科学,131.03,67.04,1,2024-07-29,2026-03-28
USER_001362,COURSE_00135,职业技能,22.16,88.79,0,2024-06-03,2026-04-11
USER_001574,COURSE_00127,产品设计,39.9,94.17,1,2024-05-30,2026-04-06
USER_002687,COURSE_00093,数据科学,120.97,88.7,1,2024-09-01,2026-04-11
USER_004371,COURSE_00094,数据科学,89.28,75.66,1,2024-09-22,2026-03-18
USER_002367,COURSE_00071,数据科学,64.45,88.13,0,2024-05-30,2026-04-13
USER_003758,COURSE_00199,市场营销,52.4,88.34,0,2024-03-08,2026-03-21
USER_002435,COURSE_00122,数据科学,101.01,77.94,1,2024-09-22,2026-03-19
USER_001994,COURSE_00024,数据科学,50.82,80.06,1,2024-03-29,2026-04-10
USER_000870,COURSE_00011,市场营销,5.0,69.05,0,2024-01-05,2026-03-24
USER_001015,COURSE_00073,职业技能,108.83,100.0,1,2024-01-26,2026-04-06
USER_001912,COURSE_00012,语言学习,48.79,98.47,0,2024-05-07,2026-04-05
USER_000603,COURSE_00035,人工智能,39.6,94.05,1,2024-04-28,2026-03-30
USER_003822,COURSE_00191,职业技能,88.31,100.0,1,2024-07-20,2026-03-24
USER_000691,COURSE_00196,商业管理,59.9,94.83,1,2024-08-17,2026-04-01
USER_000494,COURSE_00185,语言学习,60.7,69.09,1,2024-09-01,2026-03-28
USER_000490,COURSE_00141,编程开发,48.5,87.33,1,2024-09-07,2026-03-28
USER_002557,COURSE_00023,市场营销,54.73,100.0,1,2024-11-17,2026-04-05
USER_004486,COURSE_00083,市场营销,77.39,72.09,1,2024-08-30,2026-03-29
USER_000295,COURSE_00167,数据科学,142.47,81.08,0,2024-12-13,2026-03-24
USER_004028,COURSE_00088,数据科学,200.6,78.56,1,2024-01-18,2026-03-21
USER_002844,COURSE_00080,商业管理,105.96,85.54,1,2024-01-14,2026-03-28
USER_002913,COURSE_00097,编程开发,79.96,63.47,1,2024-03-08,2026-04-12
USER_001718,COURSE_00140,数据科学,76.65,63.26,0,2024-01-18,2026-04-05
USER_002597,COURSE_00034,产品设计,74.8,76.97,0,2024-07-13,2026-03-30
USER_004745,COURSE_00199,数据科学,111.46,83.64,1,2024-05-28,2026-03-31
USER_001874,COURSE_00075,数据科学,132.0,100.0,1,2024-10-07,2026-04-08
USER_004664,COURSE_00159,产品设计,97.33,79.83,1,2024-12-27,2026-04-07
USER_003259,COURSE_00128,编程开发,90.76,54.82,0,2024-07-20,2026-04-16
USER_002818,COURSE_00190,产品设计,120.45,82.26,0,2024-01-15,2026-03-23
USER_000445,COURSE_00141,市场营销,42.46,80.15,1,2024-07-04,2026-04-02
USER_003642,COURSE_00031,产品设计,90.42,71.63,1,2024-07-13,2026-04-16
USER_004459,COURSE_00130,人工智能,111.44,58.56,1,2024-03-21,2026-03-22
USER_000742,COURSE_00103,市场营销,19.9,72.66,1,2024-01-14,2026-03-25
USER_002042,COURSE_00015,数据科学,191.11,93.07,1,2024-06-26,2026-03-20
USER_000680,COURSE_00057,商业管理,103.23,73.99,1,2024-07-16,2026-03-20
USER_002468,COURSE_00075,市场营销,56.52,100.0,1,2024-01-26,2026-04-07
USER_003698,COURSE_00034,编程开发,157.84,69.88,1,2024-09-18,2026-03-31
USER_001359,COURSE_00103,编程开发,144.16,100.0,1,2024-03-12,2026-03-22
USER_000063,COURSE_00196,产品设计,2.0,76.24,1,2024-02-29,2026-04-12
USER_002560,COURSE_00075,市场营销,52.69,92.91,1,2024-02-04,2026-03-25
USER_003770,COURSE_00029,数据科学,99.52,71.9,0,2024-11-09,2026-03-27
USER_004352,COURSE_00194,编程开发,90.89,93.64,1,2024-12-14,2026-03-20
USER_000135,COURSE_00016,语言学习,80.91,92.15,1,2024-06-04,2026-04-07
USER_003645,COURSE_00167,数据科学,141.08,57.77,1,2024-09-18,2026-03-19
USER_004971,COURSE_00077,语言学习,34.62,85.53,0,2024-01-25,2026-04-10
USER_004918,COURSE_00037,人工智能,118.42,93.94,1,2024-04-22,2026-04-11
USER_002136,COURSE_00081,语言学习,56.17,68.46,1,2024-04-06,2026-03-23
USER_003279,COURSE_00149,职业技能,61.81,99.91,1,2024-07-07,2026-03-30
USER_000823,COURSE_00172,编程开发,206.0,84.0,1,2024-04-14,2026-03-19
USER_003075,COURSE_00124,产品设计,127.96,63.29,0,2024-08-27,2026-04-03
USER_002982,COURSE_00019,人工智能,144.96,67.5,0,2024-01-27,2026-04-02
USER_000121,COURSE_00199,市场营销,91.99,78.9,1,2024-04-18,2026-04-09
USER_001638,COURSE_00102,数据科学,161.42,98.47,1,2024-07-28,2026-03-30
USER_000925,COURSE_00136,编程开发,91.3,86.06,1,2024-11-13,2026-03-25
USER_000645,COURSE_00077,人工智能,71.28,77.11,1,2024-07-08,2026-04-16
USER_002033,COURSE_00194,人工智能,191.35,62.09,1,2024-03-04,2026-03-30
USER_002762,COURSE_00041,职业技能,24.8,89.76,1,2024-05-22,2026-04-13
USER_002069,COURSE_00198,编程开发,92.08,94.08,1,2024-10-24,2026-04-03
USER_000242,COURSE_00061,市场营销,101.09,79.36,0,2024-10-05,2026-03-19
USER_002669,COURSE_00026,市场营销,64.12,92.11,1,2024-02-05,2026-03-21
USER_000803,COURSE_00071,产品设计,2.0,91.6,0,2024-02-27,2026-04-10
USER_004165,COURSE_00103,商业管理,120.98,90.8,1,2024-03-08,2026-04-15
USER_000196,COURSE_00070,语言学习,45.98,100.0,1,2024-10-04,2026-04-12
USER_002188,COURSE_00107,市场营销,57.6,55.09,1,2024-04-07,2026-04-08
USER_003516,COURSE_00157,职业技能,71.87,76.4,1,2024-02-20,2026-04-13
USER_002331,COURSE_00107,产品设计,110.29,78.97,1,2024-06-05,2026-03-18
USER_002360,COURSE_00103,语言学习,27.33,92.42,0,2024-02-19,2026-03-26
USER_004842,COURSE_00194,人工智能,73.36,64.69,1,2024-09-02,2026-03-22
USER_003607,COURSE_00019,编程开发,179.77,74.01,0,2024-03-07,2026-03-29
USER_000277,COURSE_00068,市场营销,56.51,71.4,1,2024-07-23,2026-03-26
USER_000061,COURSE_00186,产品设计,70.12,54.0,1,2024-11-09,2026-04-08
USER_003391,COURSE_00070,人工智能,129.44,72.76,1,2024-05-14,2026-03-28
USER_001914,COURSE_00113,市场营销,73.48,79.44,0,2024-10-30,2026-04-05
USER_003928,COURSE_00057,数据科学,113.04,61.94,1,2024-03-22,2026-03-22
USER_002592,COURSE_00165,商业管理,26.02,78.72,0,2024-03-12,2026-04-10
USER_000567,COURSE_00061,人工智能,119.45,66.5,1,2024-05-12,2026-03-22
USER_003936,COURSE_00092,职业技能,74.08,100.0,1,2024-01-11,2026-04-09
USER_001572,COURSE_00030,职业技能,34.54,99.02,1,2024-06-15,2026-03-31
USER_004718,COURSE_00199,市场营销,70.31,90.65,0,2024-02-11,2026-03-19
USER_001201,COURSE_00153,职业技能,56.57,92.96,0,2024-09-28,2026-04-08
USER_004410,COURSE_00127,人工智能,190.59,74.02,1,2024-09-09,2026-04-05
USER_002855,COURSE_00193,编程开发,199.58,54.05,1,2024-03-04,2026-03-22
USER_002896,COURSE_00115,编程开发,138.34,78.27,0,2024-10-27,2026-04-09
USER_001237,COURSE_00006,商业管理,66.25,77.29,1,2024-08-09,2026-04-16
USER_000137,COURSE_00018,编程开发,105.12,53.7,0,2024-04-08,2026-03-20
USER_001030,COURSE_00010,语言学习,60.54,70.22,0,2024-05-24,2026-04-11
USER_002157,COURSE_00092,数据科学,109.72,98.64,1,2024-11-21,2026-03-27
USER_002595,COURSE_00139,编程开发,76.68,78.83,0,2024-09-05,2026-04-13
USER_000662,COURSE_00193,职业技能,29.38,68.05,0,2024-06-13,2026-04-08
USER_002473,COURSE_00077,数据科学,62.39,100.0,1,2024-08-07,2026-04-04
USER_002678,COURSE_00101,编程开发,178.37,,1,2024-02-21,2026-03-18
USER_002309,COURSE_00084,语言学习,110.57,89.03,1,2024-04-09,2026-03-31
USER_000087,COURSE_00193,职业技能,49.68,80.53,1,2024-02-07,2026-04-14
USER_002513,COURSE_00052,人工智能,119.14,96.59,1,2024-01-13,2026-04-03
USER_002943,COURSE_00195,市场营销,32.95,78.71,1,2024-11-14,2026-03-24
USER_002774,COURSE_00031,市场营销,13.24,84.83,1,2024-03-23,2026-03-20
USER_002505,COURSE_00145,编程开发,149.1,89.4,1,2024-05-14,2026-04-03
USER_003311,COURSE_00183,市场营销,25.08,87.95,1,2024-07-01,2026-04-15
USER_001701,COURSE_00110,编程开发,88.23,91.42,0,2024-04-09,2026-03-26
USER_003671,COURSE_00093,编程开发,233.89,81.05,1,2024-04-17,2026-04-05
USER_002701,COURSE_00164,职业技能,5.0,80.71,1,2024-11-22,2026-03-26
USER_003630,COURSE_00154,商业管理,76.99,77.28,1,2024-12-09,2026-04-10
USER_004591,COURSE_00053,产品设计,132.03,86.53,0,2024-09-17,2026-03-19
USER_001648,COURSE_00145,产品设计,103.66,86.4,1,2024-02-22,2026-04-05
USER_003319,COURSE_00086,商业管理,94.25,70.2,0,2024-09-06,2026-04-01
USER_003688,COURSE_00153,产品设计,96.47,84.1,0,2024-08-15,2026-04-08
USER_000597,COURSE_00002,数据科学,191.29,55.05,1,2024-01-06,2026-04-04
USER_004546,COURSE_00086,产品设计,112.26,100.0,1,2024-09-09,2026-04-09
USER_000485,COURSE_00133,编程开发,94.73,87.67,0,2024-11-19,2026-04-10
USER_000646,COURSE_00004,语言学习,49.47,83.25,1,2024-09-03,2026-04-04
USER_003090,COURSE_00164,语言学习,1.0,100.0,1,2024-06-07,2026-04-12
USER_004758,COURSE_00006,人工智能,205.9,67.47,1,2024-09-05,2026-03-27
USER_004854,COURSE_00149,职业技能,34.26,100.0,0,2024-08-24,2026-03-28
USER_004385,COURSE_00118,产品设计,69.33,83.65,0,2024-04-30,2026-03-21
USER_000721,COURSE_00089,语言学习,73.49,67.36,0,2024-05-13,2026-03-22
USER_004734,COURSE_00154,产品设计,113.62,68.35,1,2024-10-08,2026-03-26
USER_000499,COURSE_00183,职业技能,94.36,87.89,1,2024-05-03,2026-04-11
USER_004730,COURSE_00167,人工智能,133.73,66.45,1,2024-09-24,2026-04-10
USER_001674,COURSE_00161,语言学习,59.0,100.0,0,2024-11-13,2026-03-29
USER_003068,COURSE_00014,编程开发,176.19,89.18,0,2024-08-11,2026-03-20
USER_000115,COURSE_00056,数据科学,69.02,100.0,1,2024-03-25,2026-04-12
USER_002980,COURSE_00081,商业管理,92.97,78.39,0,2024-11-24,2026-04-01
USER_004770,COURSE_00149,商业管理,122.91,86.69,1,2024-06-12,2026-04-10
USER_001737,COURSE_00046,商业管理,41.21,89.71,0,2024-04-09,2026-03-24
USER_003612,COURSE_00144,产品设计,67.73,59.44,1,2024-01-03,2026-04-01
USER_002254,COURSE_00016,语言学习,107.61,100.0,1,2024-08-28,2026-03-24
USER_002295,COURSE_00120,职业技能,29.98,84.07,1,2024-07-12,2026-03-31
USER_003631,COURSE_00084,职业技能,68.95,64.87,1,2024-09-27,2026-03-19
USER_000147,COURSE_00157,语言学习,40.6,100.0,0,2024-10-12,2026-03-24
USER_003983,COURSE_00008,人工智能,27.92,87.69,1,2024-01-12,2026-03-24
USER_003454,COURSE_00088,编程开发,119.1,76.02,1,2024-09-19,2026-04-02
USER_004508,COURSE_00131,市场营销,47.4,71.47,1,2024-08-07,2026-04-05
USER_002411,COURSE_00019,语言学习,78.45,51.89,1,2024-11-14,2026-03-20
USER_000137,COURSE_00097,数据科学,98.58,86.32,1,2024-10-26,2026-03-19
USER_003361,COURSE_00066,人工智能,67.93,77.7,0,2024-01-07,2026-03-26
USER_003006,COURSE_00079,语言学习,77.67,93.58,1,2024-07-19,2026-03-21
USER_003553,COURSE_00086,语言学习,62.73,73.08,1,2024-01-09,2026-03-29
USER_000019,COURSE_00124,人工智能,133.28,76.16,0,2024-01-26,2026-04-05
USER_002243,COURSE_00150,人工智能,122.11,73.77,0,2024-11-22,2026-03-31
USER_000449,COURSE_00046,产品设计,110.84,73.05,1,2024-11-10,2026-04-02
USER_001949,COURSE_00113,语言学习,50.64,78.03,1,2024-06-02,2026-03-18
USER_000946,COURSE_00091,市场营销,60.99,80.04,1,2024-11-14,2026-03-25
USER_004237,COURSE_00141,数据科学,52.91,79.38,1,2024-01-23,2026-03-22
USER_001921,COURSE_00033,编程开发,118.59,78.99,0,2024-10-31,2026-04-10
USER_002978,COURSE_00133,编程开发,126.14,60.02,1,2024-07-01,2026-03-31
USER_004189,COURSE_00077,市场营销,40.93,100.0,1,2024-04-14,2026-03-27
USER_004016,COURSE_00155,职业技能,23.34,100.0,0,2024-05-18,2026-03-24
USER_000239,COURSE_00121,人工智能,79.42,67.05,1,2024-02-20,2026-04-02
USER_000205,COURSE_00128,人工智能,96.25,76.12,0,2024-04-01,2026-04-07
USER_002608,COURSE_00078,职业技能,52.4,77.67,0,2024-12-20,2026-04-13
USER_004341,COURSE_00152,人工智能,138.37,69.95,0,2024-07-21,2026-03-27
USER_004928,COURSE_00067,职业技能,69.02,100.0,1,2024-07-01,2026-03-20
USER_003389,COURSE_00115,语言学习,67.7,62.78,0,2024-08-09,2026-03-28
USER_002973,COURSE_00063,职业技能,54.4,94.85,0,2024-06-22,2026-03-21
USER_004391,COURSE_00113,人工智能,166.49,95.48,1,2024-03-18,2026-03-23
USER_002688,COURSE_00094,人工智能,107.16,66.32,1,2024-07-11,2026-03-19
USER_004952,COURSE_00048,语言学习,32.37,90.29,1,2024-05-24,2026-03-21
USER_004167,COURSE_00191,职业技能,50.38,63.86,0,2024-12-24,2026-04-16
USER_001349,COURSE_00012,语言学习,58.07,72.7,1,2024-05-20,2026-03-19
USER_004401,COURSE_00156,市场营销,72.17,95.11,1,2024-04-07,2026-04-11
USER_000817,COURSE_00172,产品设计,74.7,51.52,1,2024-09-30,2026-04-04
USER_000821,COURSE_00171,语言学习,70.77,62.86,1,2024-12-12,2026-03-24
USER_000193,COURSE_00145,数据科学,150.98,76.77,1,2024-10-14,2026-04-04
USER_001777,COURSE_00040,人工智能,94.48,94.43,1,2024-12-25,2026-04-14
USER_003646,COURSE_00177,产品设计,78.48,81.93,1,2024-07-12,2026-04-11
USER_004625,COURSE_00085,编程开发,98.49,75.35,1,2024-07-25,2026-03-29
USER_000251,COURSE_00057,市场营销,72.63,78.04,0,2024-03-10,2026-03-28
USER_001789,COURSE_00087,职业技能,55.09,96.32,1,2024-07-20,2026-04-03
USER_003701,COURSE_00084,产品设计,34.64,92.31,1,2024-04-05,2026-03-24
USER_002464,COURSE_00192,语言学习,85.65,69.71,0,2024-02-08,2026-04-07
USER_001168,COURSE_00185,人工智能,115.68,65.28,1,2024-03-12,2026-04-01
USER_003894,COURSE_00121,人工智能,108.85,92.09,1,2024-04-14,2026-04-15
USER_001097,COURSE_00074,人工智能,80.33,88.65,1,2024-01-31,2026-03-24
USER_002680,COURSE_00107,产品设计,148.44,81.05,1,2024-07-04,2026-04-04
USER_001848,COURSE_00124,人工智能,182.09,64.11,0,2024-11-04,2026-03-25
USER_003905,COURSE_00198,语言学习,53.97,91.62,0,2024-05-03,2026-03-30
USER_000505,COURSE_00100,职业技能,99.69,79.24,1,2024-02-10,2026-03-19
USER_001622,COURSE_00043,产品设计,105.8,100.0,1,2024-06-24,2026-03-25
USER_002473,COURSE_00119,人工智能,145.82,60.24,1,2024-09-08,2026-04-10
USER_002547,COURSE_00023,编程开发,55.29,62.81,1,2024-06-25,2026-03-31
USER_001388,COURSE_00155,编程开发,112.98,100.0,1,2024-09-29,2026-04-05
USER_002995,COURSE_00186,数据科学,159.63,68.99,1,2024-11-04,2026-03-20
USER_003817,COURSE_00037,人工智能,82.54,60.81,1,2024-10-07,2026-04-15
USER_000718,COURSE_00134,人工智能,,59.14,1,2024-03-04,2026-03-20
USER_003485,COURSE_00065,产品设计,114.2,91.19,1,2024-06-21,2026-03-30
USER_004435,COURSE_00134,产品设计,137.59,70.93,1,2024-07-05,2026-04-02
USER_000659,COURSE_00178,商业管理,68.04,100.0,1,2024-02-17,2026-04-13
USER_004009,COURSE_00022,职业技能,85.47,69.65,1,2024-06-09,2026-04-09
USER_004525,COURSE_00105,人工智能,47.16,83.39,1,2024-08-30,2026-03-31
USER_004995,COURSE_00088,数据科学,74.47,85.96,1,2024-01-04,2026-04-15
USER_004235,COURSE_00153,职业技能,46.63,100.0,0,2024-04-05,2026-03-19
USER_003765,COURSE_00125,人工智能,120.77,74.56,1,2024-05-04,2026-04-02
USER_002990,COURSE_00079,职业技能,111.05,100.0,0,2024-07-06,2026-04-14
USER_004638,COURSE_00090,语言学习,76.3,100.0,0,2024-01-31,2026-04-01
USER_002105,COURSE_00200,产品设计,140.42,100.0,0,2024-11-15,2026-03-23
USER_001256,COURSE_00051,人工智能,500.0,74.18,1,2024-12-11,2026-03-27
USER_002483,COURSE_00176,职业技能,69.22,74.63,0,2024-11-06,2026-03-18
USER_000384,COURSE_00102,产品设计,82.18,83.3,0,2024-01-07,2026-03-24
USER_002608,COURSE_00198,人工智能,110.55,65.75,1,2024-07-16,2026-04-06
USER_000194,COURSE_00106,市场营销,57.59,100.0,1,2024-03-07,2026-04-01
USER_003808,COURSE_00193,产品设计,152.6,68.22,1,2024-03-03,2026-03-24
USER_003720,COURSE_00060,职业技能,56.76,73.71,0,2024-09-16,2026-03-23
USER_002582,COURSE_00046,数据科学,119.71,64.86,1,2024-08-16,2026-03-20
USER_002566,COURSE_00036,市场营销,101.03,77.13,1,2024-09-20,2026-04-13
USER_002764,COURSE_00186,语言学习,73.35,100.0,1,2024-09-23,2026-03-31
USER_002799,COURSE_00166,人工智能,104.38,55.39,1,2024-10-11,2026-03-23
USER_002340,COURSE_00011,商业管理,63.21,100.0,0,2024-07-28,2026-03-19
USER_003407,COURSE_00012,语言学习,44.85,68.2,1,2024-10-26,2026-03-22
USER_000732,COURSE_00170,产品设计,122.78,51.5,1,2024-02-23,2026-03-29
USER_002873,COURSE_00039,市场营销,55.14,100.0,1,2024-07-22,2026-04-16
USER_003121,COURSE_00199,语言学习,48.87,66.13,1,2024-08-05,2026-04-08
USER_004781,COURSE_00139,数据科学,110.94,100.0,1,2024-11-10,2026-04-02
USER_004178,COURSE_00036,商业管理,105.32,51.16,0,2024-07-12,2026-03-22
USER_002605,COURSE_00052,产品设计,96.71,85.76,1,2024-03-30,2026-04-11
USER_002383,COURSE_00031,市场营销,35.66,74.82,0,2024-10-26,2026-04-01
USER_000532,COURSE_00033,语言学习,63.84,87.73,0,2024-03-08,2026-04-06
USER_004317,COURSE_00141,市场营销,77.89,83.16,1,2024-08-06,2026-03-25
USER_000635,COURSE_00146,市场营销,60.35,94.8,1,2024-12-09,2026-03-24
USER_001770,COURSE_00169,语言学习,74.32,97.22,1,2024-06-01,2026-04-05
USER_003805,COURSE_00058,编程开发,218.74,-20.0,1,2024-01-10,2026-04-06
USER_002371,COURSE_00184,人工智能,141.12,60.29,1,2024-04-13,2026-04-12
USER_000003,COURSE_00152,职业技能,8.97,86.69,1,2024-09-11,2026-03-23
USER_000206,COURSE_00128,产品设计,110.51,94.02,1,2024-09-12,2026-03-24
USER_004136,COURSE_00031,产品设计,105.94,75.21,1,2024-12-30,2026-04-15
USER_002622,COURSE_00055,商业管理,92.75,68.77,1,2024-01-03,2026-04-05
USER_004740,COURSE_00010,商业管理,81.27,97.7,1,2024-10-31,2026-04-01
USER_002891,COURSE_00188,商业管理,82.29,88.2,0,2024-10-22,2026-03-28
USER_003194,COURSE_00130,产品设计,88.08,82.39,1,2024-02-13,2026-03-30
USER_002667,COURSE_00015,市场营销,82.78,68.62,1,2024-08-18,2026-04-03
USER_003307,COURSE_00003,商业管理,60.18,57.08,1,2024-03-30,2026-04-03
USER_000898,COURSE_00043,语言学习,58.75,75.57,0,2024-02-29,2026-03-21
USER_001086,COURSE_00159,人工智能,116.3,57.53,1,2024-06-03,2026-03-28
USER_001280,COURSE_00198,数据科学,89.04,100.0,1,2024-01-30,2026-03-22
USER_000671,COURSE_00067,产品设计,131.25,83.76,1,2024-09-29,2026-03-19
USER_001506,COURSE_00056,语言学习,40.07,65.06,0,2024-12-20,2026-03-20
USER_003576,COURSE_00063,人工智能,500.0,73.39,1,2024-08-09,2026-03-19
USER_004815,COURSE_00015,人工智能,177.78,76.29,1,2024-04-06,2026-04-09
USER_001956,COURSE_00109,编程开发,99.71,84.19,0,2024-07-29,2026-03-19
USER_000250,COURSE_00116,职业技能,52.61,90.75,1,2024-01-11,2026-04-05
USER_001893,COURSE_00092,语言学习,85.27,94.27,1,2024-02-15,2026-03-18
USER_003440,COURSE_00138,产品设计,70.89,75.93,1,2024-05-09,2026-03-31
USER_001854,COURSE_00166,商业管理,78.21,53.2,0,2024-02-12,2026-03-22
USER_002855,COURSE_00047,市场营销,57.7,81.77,0,2024-04-08,2026-04-08
USER_001504,COURSE_00057,商业管理,81.06,77.99,1,2024-12-03,2026-04-04
USER_003386,COURSE_00050,人工智能,112.83,62.62,1,2024-10-20,2026-04-08
USER_003572,COURSE_00071,人工智能,100.71,79.65,0,2024-06-25,2026-04-06
USER_003793,COURSE_00143,数据科学,203.94,54.51,0,2024-05-28,2026-04-03
USER_003427,COURSE_00146,商业管理,91.9,,1,2024-09-25,2026-04-15
USER_000044,COURSE_00082,职业技能,102.83,85.33,1,2024-09-11,2026-04-02
USER_003613,COURSE_00116,职业技能,52.57,96.71,0,2024-12-07,2026-04-08
USER_002619,COURSE_00105,编程开发,91.99,82.65,0,2024-08-21,2026-04-15
USER_004679,COURSE_00088,职业技能,77.94,70.12,0,2024-05-08,2026-03-26
USER_003164,COURSE_00002,人工智能,115.68,78.15,1,2024-07-07,2026-04-16
USER_001289,COURSE_00104,人工智能,179.42,74.47,1,2024-09-23,2026-03-28
USER_002943,COURSE_00084,职业技能,60.81,81.51,1,2024-06-28,2026-03-26
USER_000220,COURSE_00043,市场营销,80.97,67.5,0,2024-11-24,2026-04-16
USER_001926,COURSE_00154,市场营销,38.56,86.42,1,2024-08-01,2026-04-04
USER_002973,COURSE_00071,职业技能,,77.34,1,2024-03-24,2026-04-02
USER_003514,COURSE_00166,数据科学,82.07,100.0,1,2024-03-17,2026-04-05
USER_002449,COURSE_00094,语言学习,52.63,71.25,1,2024-04-30,2026-04-06
USER_003472,COURSE_00042,数据科学,30.11,73.25,1,2024-04-29,2026-04-14
USER_002775,COURSE_00133,数据科学,133.53,86.82,0,2024-07-02,2026-04-13
USER_000991,COURSE_00139,职业技能,10.43,99.31,0,2024-06-16,2026-03-28
USER_002947,COURSE_00065,市场营销,73.95,51.62,1,2024-01-07,2026-04-03
USER_001813,COURSE_00034,商业管理,,90.91,1,2024-08-03,2026-03-23
USER_004954,COURSE_00120,商业管理,41.19,98.94,1,2024-04-23,2026-04-11
USER_000804,COURSE_00001,职业技能,10.97,59.7,1,2024-06-30,2026-04-06
USER_000490,COURSE_00130,商业管理,30.83,68.93,1,2024-08-10,2026-03-27
USER_003557,COURSE_00148,语言学习,77.78,200.0,1,2024-12-17,2026-03-18
USER_001494,COURSE_00061,市场营销,86.05,100.0,1,2024-05-13,2026-04-01
USER_003646,COURSE_00149,职业技能,60.21,100.0,1,2024-12-27,2026-03-18
USER_002892,COURSE_00088,编程开发,122.48,94.06,0,2024-11-15,2026-03-21
USER_001706,COURSE_00068,产品设计,41.98,47.84,1,2024-03-20,2026-03-27
USER_003517,COURSE_00127,产品设计,63.59,77.62,0,2024-01-18,2026-03-27
USER_003341,COURSE_00140,职业技能,59.54,100.0,1,2024-09-20,2026-04-05
USER_000054,COURSE_00022,职业技能,67.48,93.9,0,2024-05-16,2026-04-03
USER_002576,COURSE_00148,编程开发,133.33,99.71,1,2024-10-07,2026-03-30
USER_003592,COURSE_00082,商业管理,119.89,97.67,1,2024-03-15,2026-03-18
USER_000616,COURSE_00129,产品设计,51.3,63.0,0,2024-11-07,2026-03-27
USER_000955,COURSE_00030,语言学习,77.48,93.66,1,2024-10-28,2026-03-30
USER_002434,COURSE_00126,职业技能,27.07,83.35,1,2024-07-21,2026-04-07
USER_001630,COURSE_00097,市场营销,59.88,85.45,1,2024-03-02,2026-04-11
USER_002782,COURSE_00024,产品设计,153.25,100.0,1,2024-07-16,2026-03-23
USER_000650,COURSE_00014,语言学习,109.28,100.0,1,2024-10-14,2026-04-06
USER_002348,COURSE_00036,市场营销,76.94,88.98,1,2024-04-20,2026-04-12
USER_004491,COURSE_00197,职业技能,86.54,86.62,1,2024-03-03,2026-03-22
USER_003279,COURSE_00024,语言学习,40.16,89.76,1,2024-07-12,2026-04-10
USER_002641,COURSE_00188,编程开发,77.84,44.12,1,2024-03-30,2026-04-09
USER_003802,COURSE_00095,职业技能,41.95,100.0,0,2024-01-18,2026-03-25
USER_002562,COURSE_00055,数据科学,194.18,52.0,1,2024-05-08,2026-04-10
USER_003250,COURSE_00024,编程开发,157.39,99.59,1,2024-11-02,2026-04-06
USER_000371,COURSE_00152,产品设计,73.26,59.52,0,2024-01-14,2026-03-22
USER_000858,COURSE_00182,市场营销,61.71,66.26,0,2024-04-07,2026-03-28
USER_004887,COURSE_00026,语言学习,62.17,59.88,0,2024-11-01,2026-04-12
USER_004754,COURSE_00194,产品设计,72.97,100.0,1,2024-07-21,2026-03-27
USER_000384,COURSE_00080,产品设计,104.95,95.5,1,2024-08-13,2026-04-09
USER_003878,COURSE_00166,职业技能,30.0,84.33,0,2024-04-29,2026-03-21
USER_002553,COURSE_00065,数据科学,69.26,75.09,1,2024-09-16,2026-04-03
USER_004335,COURSE_00075,商业管理,59.44,70.88,1,2024-03-15,2026-04-03
USER_004291,COURSE_00179,产品设计,96.17,48.26,1,2024-03-30,2026-04-12
USER_002726,COURSE_00163,数据科学,117.49,57.47,0,2024-11-02,2026-03-18
USER_004035,COURSE_00043,市场营销,50.0,51.81,0,2024-06-01,2026-04-13
USER_003294,COURSE_00029,市场营销,90.34,93.14,1,2024-02-05,2026-04-03
USER_004252,COURSE_00165,语言学习,,73.47,0,2024-10-11,2026-04-12
USER_003989,COURSE_00081,商业管理,98.91,96.21,1,2024-12-14,2026-03-24
USER_000923,COURSE_00186,数据科学,137.62,85.14,1,2024-08-06,2026-04-08
USER_002916,COURSE_00054,编程开发,147.97,76.31,0,2024-11-04,2026-04-06
USER_002951,COURSE_00039,市场营销,26.72,69.63,0,2024-11-21,2026-04-14
USER_003047,COURSE_00042,职业技能,75.84,95.9,1,2024-05-09,2026-03-20
USER_000975,COURSE_00156,商业管理,28.85,-20.0,1,2024-03-19,2026-03-27
USER_001231,COURSE_00029,语言学习,59.32,100.0,0,2024-12-07,2026-03-21
USER_002436,COURSE_00171,编程开发,127.95,100.0,0,2024-10-21,2026-04-15
USER_001815,COURSE_00131,市场营销,58.92,81.62,1,2024-07-17,2026-04-01
USER_002935,COURSE_00138,市场营销,35.64,80.35,1,2024-01-12,2026-04-10
USER_004934,COURSE_00187,语言学习,81.27,74.55,0,2024-05-14,2026-03-30
USER_001364,COURSE_00142,语言学习,52.7,72.08,1,2024-09-11,2026-03-20
USER_003941,COURSE_00175,人工智能,110.68,62.8,0,2024-06-15,2026-04-03
USER_000204,COURSE_00042,职业技能,111.84,79.45,0,2024-06-28,2026-04-10
USER_000161,COURSE_00094,产品设计,60.35,60.35,1,2024-04-11,2026-03-28
USER_004488,COURSE_00160,产品设计,65.65,75.67,0,2024-08-31,2026-04-02
USER_000769,COURSE_00032,编程开发,147.2,77.91,1,2024-01-18,2026-04-11
USER_003749,COURSE_00170,产品设计,57.11,85.43,1,2024-08-20,2026-04-09
USER_002582,COURSE_00160,编程开发,165.36,100.0,1,2024-01-26,2026-03-18
USER_001094,COURSE_00026,商业管理,65.64,70.13,1,2024-01-10,2026-03-23
USER_004501,COURSE_00115,市场营销,104.31,64.35,0,2024-11-09,2026-04-09
USER_000608,COURSE_00129,人工智能,182.68,100.0,1,2024-08-09,2026-04-13
USER_001541,COURSE_00056,人工智能,67.5,57.21,1,2024-10-25,2026-04-08
USER_002876,COURSE_00122,职业技能,75.39,52.98,1,2024-01-07,2026-03-27
USER_003192,COURSE_00106,职业技能,63.16,73.77,1,2024-03-02,2026-04-03
USER_001838,COURSE_00130,市场营销,93.39,79.73,1,2024-03-15,2026-04-15
USER_000690,COURSE_00081,语言学习,73.63,92.16,1,2024-04-04,2026-04-04
USER_003760,COURSE_00158,职业技能,48.05,73.33,0,2024-05-09,2026-04-09
USER_002950,COURSE_00120,职业技能,55.51,97.37,0,2024-12-14,2026-03-27
USER_002104,COURSE_00199,数据科学,104.65,72.56,1,2024-07-27,2026-04-11
USER_000366,COURSE_00052,数据科学,114.4,83.43,1,2024-09-19,2026-03-20
USER_003576,COURSE_00091,产品设计,90.15,70.6,1,2024-05-18,2026-03-21
USER_004551,COURSE_00137,语言学习,43.57,100.0,1,2024-05-13,2026-04-01
USER_004200,COURSE_00022,编程开发,155.32,83.31,0,2024-01-22,2026-04-16
USER_004173,COURSE_00034,商业管理,105.62,98.33,0,2024-10-23,2026-03-29
USER_004326,COURSE_00110,人工智能,149.27,67.06,1,2024-03-09,2026-03-18
USER_002379,COURSE_00049,产品设计,91.0,58.65,0,2024-08-06,2026-03-24
USER_001206,COURSE_00129,职业技能,51.16,76.96,1,2024-11-30,2026-04-11
USER_004989,COURSE_00073,市场营销,87.81,92.67,1,2024-06-20,2026-04-08
USER_003840,COURSE_00084,语言学习,71.32,88.59,1,2024-03-26,2026-04-09
USER_002736,COURSE_00053,职业技能,36.0,98.31,1,2024-11-05,2026-03-18
USER_003348,COURSE_00100,人工智能,115.4,76.14,0,2024-07-03,2026-04-12
USER_001676,COURSE_00124,编程开发,123.17,53.1,1,2024-05-31,2026-03-21
USER_000299,COURSE_00168,编程开发,205.08,76.95,0,2024-08-16,2026-03-18
USER_000957,COURSE_00045,数据科学,154.93,74.82,1,2024-02-25,2026-03-23
USER_001115,COURSE_00196,产品设计,116.62,98.85,0,2024-01-28,2026-04-03
USER_002506,COURSE_00137,职业技能,48.32,68.59,0,2024-06-17,2026-04-07
USER_001475,COURSE_00105,市场营销,74.29,94.23,1,2024-04-28,2026-04-15
USER_004461,COURSE_00150,人工智能,126.25,75.24,1,2024-06-11,2026-04-08
USER_004447,COURSE_00146,职业技能,69.87,72.58,0,2024-01-20,2026-03-24
USER_003727,COURSE_00106,商业管理,151.13,74.04,1,2024-12-18,2026-04-11
USER_003472,COURSE_00043,编程开发,142.55,89.4,1,2024-01-22,2026-04-16
USER_002829,COURSE_00167,职业技能,54.26,97.42,1,2024-06-26,2026-04-05
USER_002851,COURSE_00134,人工智能,176.36,81.86,1,2024-04-28,2026-04-04
USER_002507,COURSE_00048,市场营销,41.27,72.01,1,2024-07-12,2026-03-29
USER_003771,COURSE_00126,人工智能,198.36,67.61,1,2024-04-12,2026-04-03
USER_002965,COURSE_00007,产品设计,111.57,100.0,1,2024-11-19,2026-04-10
USER_004595,COURSE_00197,数据科学,112.13,65.03,1,2024-11-21,2026-04-13
USER_000950,COURSE_00016,人工智能,115.73,79.33,0,2024-07-25,2026-03-24
USER_004604,COURSE_00129,语言学习,93.83,97.74,1,2024-02-22,2026-03-30
USER_002851,COURSE_00115,职业技能,43.52,82.16,1,2024-03-13,2026-03-28
USER_000166,COURSE_00037,数据科学,161.97,62.77,1,2024-02-12,2026-03-29
USER_003487,COURSE_00165,市场营销,61.07,85.48,1,2024-01-25,2026-04-09
USER_002510,COURSE_00125,数据科学,155.41,,1,2024-04-17,2026-04-07
USER_000920,COURSE_00081,人工智能,85.62,57.59,0,2024-08-28,2026-03-25
USER_000114,COURSE_00192,人工智能,106.52,56.25,1,2024-07-08,2026-03-25
USER_003505,COURSE_00062,语言学习,57.95,82.96,0,2024-07-11,2026-03-30
USER_000992,COURSE_00072,编程开发,139.91,63.36,0,2024-07-11,2026-03-30
USER_003840,COURSE_00189,职业技能,36.45,72.88,1,2024-01-01,2026-04-02
USER_001259,COURSE_00125,语言学习,84.95,92.86,1,2024-02-15,2026-04-04
USER_003427,COURSE_00161,人工智能,92.17,50.68,1,2024-12-05,2026-04-09
USER_000515,COURSE_00066,商业管理,86.67,77.99,1,2024-01-06,2026-03-25
USER_004805,COURSE_00030,数据科学,107.97,69.5,0,2024-04-01,2026-03-25
USER_003197,COURSE_00020,语言学习,95.34,76.85,0,2024-07-06,2026-03-28
USER_004435,COURSE_00188,语言学习,72.79,74.14,0,2024-08-11,2026-04-14
USER_002585,COURSE_00082,职业技能,70.71,73.94,1,2024-08-17,2026-03-23
USER_000068,COURSE_00107,商业管理,64.39,100.0,1,2024-11-12,2026-03-26
USER_001597,COURSE_00152,商业管理,88.73,75.08,1,2024-08-15,2026-03-19
USER_004479,COURSE_00132,商业管理,98.06,73.91,0,2024-03-21,2026-03-20
USER_000019,COURSE_00037,职业技能,44.65,78.49,1,2024-04-06,2026-03-21
USER_002731,COURSE_00132,编程开发,109.37,89.69,0,2024-03-05,2026-04-15
USER_003522,COURSE_00077,人工智能,120.13,94.2,1,2024-04-30,2026-04-04
USER_000573,COURSE_00089,人工智能,169.32,49.06,0,2024-02-04,2026-03-21
USER_002259,COURSE_00146,市场营销,77.66,61.64,0,2024-03-14,2026-03-28
USER_002903,COURSE_00088,职业技能,90.01,94.7,1,2024-01-03,2026-04-02
USER_000651,COURSE_00194,编程开发,70.84,70.34,1,2024-07-25,2026-04-11
USER_002588,COURSE_00176,市场营销,41.15,70.89,1,2024-05-11,2026-04-08
USER_003263,COURSE_00033,市场营销,105.89,99.84,1,2024-10-10,2026-03-24
USER_001339,COURSE_00058,市场营销,63.78,100.0,1,2024-07-21,2026-04-03
USER_004997,COURSE_00028,职业技能,66.43,87.87,0,2024-01-01,2026-04-15
USER_003635,COURSE_00035,产品设计,131.16,87.87,1,2024-06-26,2026-03-27
USER_002828,COURSE_00125,市场营销,60.32,77.71,0,2024-08-09,2026-03-26
USER_002218,COURSE_00138,语言学习,37.2,51.83,0,2024-08-09,2026-04-12
USER_003540,COURSE_00065,数据科学,146.17,91.75,1,2024-03-15,2026-04-09
USER_001038,COURSE_00042,语言学习,41.58,84.37,1,2024-03-07,2026-03-18
USER_004384,COURSE_00085,语言学习,56.08,64.74,1,2024-04-30,2026-04-06
USER_003979,COURSE_00137,人工智能,82.95,83.59,1,2024-01-08,2026-03-25
USER_002962,COURSE_00188,产品设计,52.17,95.87,0,2024-05-24,2026-03-26
USER_003227,COURSE_00111,职业技能,55.72,81.38,1,2024-05-29,2026-03-18
USER_001099,COURSE_00015,市场营销,29.14,61.4,1,2024-09-21,2026-03-18
USER_002325,COURSE_00185,人工智能,146.75,55.03,1,2024-07-17,2026-03-31
USER_000940,COURSE_00069,编程开发,137.38,84.73,1,2024-11-04,2026-04-09
USER_003717,COURSE_00105,编程开发,165.59,80.97,1,2024-10-01,2026-04-12
USER_003415,COURSE_00150,职业技能,11.7,93.71,1,2024-03-19,2026-03-29
USER_001449,COURSE_00064,人工智能,117.78,70.96,1,2024-11-28,2026-03-21
USER_000571,COURSE_00041,数据科学,141.06,74.31,1,2024-01-20,2026-04-13
USER_002905,COURSE_00071,职业技能,82.08,93.15,1,2024-11-10,2026-03-28
USER_002506,COURSE_00056,人工智能,96.6,48.24,0,2024-10-23,2026-04-11
USER_000918,COURSE_00151,人工智能,87.06,96.51,0,2024-04-11,2026-04-10
USER_001875,COURSE_00025,产品设计,55.07,92.4,1,2024-06-17,2026-04-10
USER_004929,COURSE_00105,职业技能,97.31,100.0,1,2024-01-31,2026-04-01
USER_001679,COURSE_00134,编程开发,148.0,52.1,1,2024-05-14,2026-03-26
USER_000616,COURSE_00119,编程开发,104.24,87.9,1,2024-07-01,2026-04-06
USER_004502,COURSE_00162,市场营销,67.99,96.97,0,2024-11-24,2026-03-18
USER_001750,COURSE_00191,语言学习,59.97,100.0,0,2024-07-14,2026-04-14
USER_003826,COURSE_00009,职业技能,73.24,95.08,1,2024-04-29,2026-04-16
USER_004189,COURSE_00060,人工智能,121.88,79.49,0,2024-04-24,2026-04-04
USER_002478,COURSE_00125,职业技能,80.21,93.73,1,2024-10-05,2026-03-29
USER_004750,COURSE_00049,人工智能,131.03,95.46,1,2024-02-06,2026-04-01
USER_003506,COURSE_00051,数据科学,152.86,54.22,0,2024-07-25,2026-04-08
USER_003476,COURSE_00188,职业技能,65.06,69.34,0,2024-04-15,2026-03-22
USER_004530,COURSE_00070,商业管理,84.42,73.84,0,2024-11-04,2026-04-11
USER_001136,COURSE_00037,商业管理,78.7,79.42,0,2024-12-15,2026-03-25
USER_004001,COURSE_00031,编程开发,117.51,100.0,0,2024-05-26,2026-04-05
USER_000375,COURSE_00169,数据科学,190.83,80.8,0,2024-10-16,2026-03-27
USER_000207,COURSE_00062,产品设计,51.23,96.13,1,2024-12-06,2026-04-14
USER_004876,COURSE_00093,市场营销,49.55,47.96,1,2024-04-08,2026-04-07
USER_001320,COURSE_00186,数据科学,143.01,60.02,1,2024-02-27,2026-03-29
USER_001142,COURSE_00014,编程开发,106.26,69.01,1,2024-04-17,2026-03-19
USER_004628,COURSE_00164,产品设计,75.57,64.39,1,2024-02-25,2026-03-24
USER_002691,COURSE_00164,人工智能,130.79,79.61,0,2024-08-23,2026-03-24
USER_003256,COURSE_00079,产品设计,76.73,86.75,1,2024-01-05,2026-04-12
USER_000090,COURSE_00008,语言学习,62.9,86.38,1,2024-05-25,2026-03-22
USER_004109,COURSE_00154,职业技能,62.85,82.03,1,2024-06-29,2026-03-26
USER_003021,COURSE_00036,数据科学,110.61,55.33,1,2024-06-17,2026-04-08
USER_001858,COURSE_00048,编程开发,130.4,78.64,0,2024-10-08,2026-03-23
USER_000805,COURSE_00085,数据科学,191.74,99.87,0,2024-01-05,2026-03-23
USER_000945,COURSE_00028,人工智能,112.98,49.93,1,2024-05-17,2026-03-25
USER_002790,COURSE_00196,商业管理,108.62,80.64,1,2024-12-17,2026-04-02
USER_003876,COURSE_00190,人工智能,132.06,79.92,1,2024-09-02,2026-03-29
USER_001611,COURSE_00051,编程开发,119.73,85.6,1,2024-06-12,2026-03-30
USER_002924,COURSE_00104,语言学习,86.88,66.96,1,2024-08-26,2026-03-18
USER_003883,COURSE_00170,市场营销,47.04,69.22,1,2024-06-15,2026-04-10
USER_003222,COURSE_00101,职业技能,107.61,76.17,0,2024-04-25,2026-04-13
USER_004392,COURSE_00029,职业技能,100.71,82.9,1,2024-02-16,2026-03-31
USER_004736,COURSE_00127,产品设计,157.41,60.33,0,2024-08-25,2026-03-19
USER_002388,COURSE_00082,产品设计,81.32,100.0,0,2024-01-24,2026-03-19
USER_004724,COURSE_00010,人工智能,89.33,100.0,1,2024-10-18,2026-03-19
USER_000942,COURSE_00106,数据科学,160.52,82.57,1,2024-11-01,2026-03-24
USER_004926,COURSE_00167,商业管理,112.19,100.0,1,2024-10-07,2026-04-15
USER_002567,COURSE_00001,数据科学,108.97,68.05,1,2024-12-12,2026-04-07
USER_000976,COURSE_00039,语言学习,97.4,91.18,1,2024-01-04,2026-03-25
USER_000955,COURSE_00021,市场营销,82.05,78.34,0,2024-09-29,2026-03-22
USER_001263,COURSE_00065,职业技能,92.29,87.38,1,2024-04-30,2026-04-10
USER_000944,COURSE_00015,数据科学,125.85,69.16,1,2024-11-01,2026-03-20
USER_002203,COURSE_00132,职业技能,81.92,79.5,0,2024-11-25,2026-04-07
USER_003328,COURSE_00188,产品设计,66.77,72.97,0,2024-09-08,2026-04-02
USER_004275,COURSE_00061,职业技能,67.31,75.08,1,2024-02-12,2026-03-29
USER_002260,COURSE_00148,商业管理,128.84,100.0,1,2024-06-14,2026-03-21
USER_001829,COURSE_00138,职业技能,109.79,74.69,1,2024-09-22,2026-04-15
USER_001258,COURSE_00087,数据科学,194.38,62.59,1,2024-05-14,2026-03-29
USER_000465,COURSE_00105,商业管理,61.78,66.71,1,2024-06-07,2026-03-29
USER_003295,COURSE_00034,职业技能,61.32,81.11,1,2024-05-22,2026-04-09
USER_001231,COURSE_00124,市场营销,20.2,81.09,1,2024-09-28,2026-04-01
USER_002655,COURSE_00110,产品设计,63.68,86.82,1,2024-02-06,2026-03-22
USER_000885,COURSE_00176,职业技能,71.1,76.55,1,2024-10-28,2026-04-08
USER_003806,COURSE_00033,商业管理,126.55,74.4,1,2024-08-12,2026-04-06
USER_003857,COURSE_00098,数据科学,104.17,81.07,1,2024-04-23,2026-03-27
USER_003136,COURSE_00061,产品设计,95.19,62.0,1,2024-08-19,2026-04-08
USER_000925,COURSE_00010,人工智能,117.67,76.78,1,2024-09-13,2026-04-12
USER_004590,COURSE_00182,人工智能,99.93,51.83,0,2024-03-28,2026-04-16
USER_001547,COURSE_00084,语言学习,55.44,100.0,0,2024-01-02,2026-04-09
USER_001095,COURSE_00065,人工智能,82.17,54.05,1,2024-04-03,2026-03-23
USER_002412,COURSE_00077,数据科学,200.88,62.95,1,2024-07-26,2026-04-15
USER_002618,COURSE_00001,市场营销,51.08,100.0,1,2024-11-10,2026-03-31
USER_000763,COURSE_00133,产品设计,94.34,94.42,0,2024-07-29,2026-03-22
USER_002324,COURSE_00080,商业管理,61.67,59.68,1,2024-11-28,2026-03-24
USER_004146,COURSE_00015,编程开发,77.85,85.75,1,2024-10-28,2026-04-04
USER_002776,COURSE_00028,人工智能,71.7,81.31,0,2024-09-12,2026-04-11
USER_004660,COURSE_00023,人工智能,86.0,83.47,1,2024-09-04,2026-04-05
USER_004879,COURSE_00109,编程开发,149.57,70.38,1,2024-07-24,2026-04-05
USER_003156,COURSE_00107,商业管理,96.4,100.0,0,2024-10-16,2026-03-27
USER_003971,COURSE_00145,商业管理,56.08,49.74,0,2024-02-14,2026-03-28
USER_002041,COURSE_00113,编程开发,74.13,68.41,1,2024-04-05,2026-04-04
USER_000584,COURSE_00098,商业管理,89.64,89.14,1,2024-07-05,2026-04-03
USER_004332,COURSE_00141,数据科学,99.94,71.02,0,2024-08-01,2026-03-30
USER_002104,COURSE_00142,商业管理,108.85,83.24,0,2024-09-18,2026-04-02
USER_001943,COURSE_00139,产品设计,102.15,92.79,1,2024-03-15,2026-03-28
USER_004456,COURSE_00028,商业管理,111.99,100.0,0,2024-04-15,2026-03-18
USER_000110,COURSE_00042,职业技能,52.4,85.94,1,2024-11-20,2026-03-27
USER_000192,COURSE_00099,职业技能,88.21,61.74,1,2024-03-13,2026-03-22
USER_000904,COURSE_00061,人工智能,146.16,64.16,0,2024-03-08,2026-04-10
USER_000862,COURSE_00123,市场营销,68.85,71.3,0,2024-10-21,2026-03-31
USER_001084,COURSE_00064,数据科学,158.26,83.46,0,2024-06-23,2026-04-02
USER_000650,COURSE_00031,数据科学,153.94,82.59,1,2024-09-15,2026-04-16
USER_004135,COURSE_00081,商业管理,87.29,100.0,0,2024-07-21,2026-03-18
USER_003612,COURSE_00010,市场营销,78.98,80.64,1,2024-03-09,2026-03-23
USER_000637,COURSE_00008,市场营销,39.79,100.0,0,2024-11-02,2026-04-08
USER_001037,COURSE_00149,语言学习,72.88,94.86,0,2024-09-01,2026-03-30
USER_004132,COURSE_00059,市场营销,57.79,100.0,0,2024-01-26,2026-03-22
USER_002149,COURSE_00178,商业管理,108.01,77.22,1,2024-10-01,2026-04-16
USER_003866,COURSE_00197,商业管理,86.36,86.38,1,2024-01-21,2026-04-03
USER_003158,COURSE_00198,编程开发,129.97,100.0,1,2024-10-02,2026-04-16
USER_003588,COURSE_00030,人工智能,203.27,71.67,1,2024-08-08,2026-04-02
USER_003295,COURSE_00145,职业技能,35.72,86.47,0,2024-02-23,2026-03-25
USER_004262,COURSE_00020,语言学习,38.1,100.0,1,2024-04-21,2026-03-25
USER_002431,COURSE_00048,商业管理,60.07,87.22,1,2024-10-22,2026-04-11
USER_001880,COURSE_00130,编程开发,106.7,52.13,0,2024-07-16,2026-04-09
USER_003967,COURSE_00037,语言学习,42.11,97.65,1,2024-02-23,2026-04-14
USER_003714,COURSE_00129,人工智能,158.47,52.72,1,2024-11-05,2026-03-20
USER_004127,COURSE_00132,语言学习,24.1,80.94,1,2024-10-19,2026-03-31
USER_004107,COURSE_00100,编程开发,143.11,44.07,0,2024-06-13,2026-03-20
USER_002012,COURSE_00054,产品设计,144.96,75.05,1,2024-12-16,2026-03-30
USER_003374,COURSE_00122,职业技能,60.01,76.15,0,2024-04-02,2026-04-09
USER_002144,COURSE_00025,商业管理,41.52,87.9,1,2024-01-24,2026-03-24
USER_002501,COURSE_00131,职业技能,111.73,73.43,1,2024-10-19,2026-04-01
USER_004582,COURSE_00009,人工智能,154.66,79.91,1,2024-11-11,2026-03-22
USER_001290,COURSE_00034,数据科学,64.61,64.77,0,2024-11-17,2026-04-03
USER_001448,COURSE_00043,人工智能,117.45,,0,2024-01-29,2026-04-01
USER_003200,COURSE_00074,人工智能,189.02,74.64,0,2024-11-14,2026-03-31
USER_001944,COURSE_00094,人工智能,51.37,49.23,1,2024-02-19,2026-03-27
USER_003184,COURSE_00022,产品设计,71.75,94.02,1,2024-11-01,2026-04-06
USER_003217,COURSE_00070,商业管理,135.41,88.54,0,2024-08-17,2026-03-23
USER_003137,COURSE_00130,编程开发,113.41,76.27,1,2024-11-15,2026-04-10
USER_003319,COURSE_00094,商业管理,600.0,93.06,1,2024-01-14,2026-03-22
USER_002783,COURSE_00194,数据科学,118.64,86.66,0,2024-04-17,2026-04-05
USER_000991,COURSE_00032,编程开发,142.04,83.95,1,2024-09-13,2026-04-08
USER_004921,COURSE_00106,语言学习,66.48,85.37,1,2024-03-27,2026-04-14
USER_002154,COURSE_00144,语言学习,46.78,98.84,1,2024-06-20,2026-04-13
USER_000226,COURSE_00001,语言学习,45.35,82.31,0,2024-03-12,2026-04-16
USER_000777,COURSE_00072,编程开发,86.66,100.0,1,2024-02-25,2026-04-10
USER_002838,COURSE_00176,市场营销,37.32,73.94,0,2024-07-21,2026-04-06
USER_000688,COURSE_00050,产品设计,125.01,100.0,1,2024-08-01,2026-03-21
USER_000530,COURSE_00141,市场营销,68.84,65.64,1,2024-02-10,2026-03-30
USER_003443,COURSE_00015,商业管理,92.91,59.49,1,2024-03-18,2026-03-30
USER_002154,COURSE_00053,语言学习,80.04,79.45,1,2024-10-08,2026-03-20
USER_001295,COURSE_00172,产品设计,61.15,67.87,0,2024-10-08,2026-04-11
USER_001527,COURSE_00008,编程开发,110.65,67.86,0,2024-12-07,2026-03-26
USER_004775,COURSE_00074,语言学习,100.36,100.0,1,2024-02-25,2026-04-10
USER_002897,COURSE_00046,编程开发,87.6,71.81,1,2024-02-17,2026-04-07
USER_003104,COURSE_00069,产品设计,59.17,70.3,1,2024-10-12,2026-04-08
USER_002441,COURSE_00114,编程开发,91.47,80.63,0,2024-06-23,2026-04-10
USER_004136,COURSE_00147,编程开发,170.92,76.61,1,2024-12-28,2026-03-22
USER_003803,COURSE_00166,数据科学,107.14,57.93,1,2024-04-04,2026-03-20
USER_000845,COURSE_00123,商业管理,54.97,98.5,0,2024-06-08,2026-03-29
USER_000447,COURSE_00139,市场营销,63.94,85.52,1,2024-11-09,2026-04-02
USER_003916,COURSE_00117,职业技能,90.96,76.41,1,2024-11-14,2026-03-27
USER_003110,COURSE_00043,市场营销,16.63,73.53,0,2024-12-03,2026-04-01
USER_001235,COURSE_00020,市场营销,77.49,94.16,0,2024-07-24,2026-04-06
USER_000227,COURSE_00148,人工智能,157.09,71.88,1,2024-06-08,2026-03-31
USER_004144,COURSE_00021,数据科学,167.03,67.55,1,2024-06-15,2026-04-01
USER_002960,COURSE_00082,职业技能,87.74,73.91,1,2024-08-03,2026-04-04
USER_001831,COURSE_00057,语言学习,88.53,84.12,1,2024-11-15,2026-04-09
USER_003780,COURSE_00178,语言学习,97.77,87.21,1,2024-02-01,2026-03-31
USER_000187,COURSE_00074,语言学习,24.0,90.65,1,2024-12-02,2026-04-05
USER_002878,COURSE_00098,市场营销,35.8,92.47,1,2024-10-02,2026-04-03
USER_002536,COURSE_00154,商业管理,,62.13,1,2024-12-24,2026-04-01
USER_001933,COURSE_00158,市场营销,40.29,64.25,0,2024-07-29,2026-03-19
USER_002925,COURSE_00110,职业技能,68.21,79.92,1,2024-09-25,2026-04-15
USER_000849,COURSE_00115,商业管理,66.56,91.85,0,2024-08-15,2026-04-11
USER_002033,COURSE_00159,数据科学,113.91,62.45,1,2024-04-17,2026-04-13
USER_001253,COURSE_00042,商业管理,159.28,84.0,1,2024-05-11,2026-04-09
USER_001882,COURSE_00068,职业技能,36.17,60.31,0,2024-04-04,2026-04-15
USER_000270,COURSE_00189,编程开发,145.43,59.9,1,2024-03-31,2026-04-04
USER_001631,COURSE_00189,市场营销,106.71,86.23,0,2024-05-14,2026-04-14
USER_004406,COURSE_00070,语言学习,62.57,100.0,0,2024-04-27,2026-03-25
USER_003204,COURSE_00078,编程开发,98.8,90.33,1,2024-05-28,2026-04-04
USER_001575,COURSE_00196,市场营销,73.87,74.79,1,2024-06-21,2026-03-28
USER_002893,COURSE_00090,产品设计,49.27,89.33,1,2024-10-20,2026-03-31
USER_001696,COURSE_00111,人工智能,142.1,70.73,1,2024-02-29,2026-04-04
USER_003259,COURSE_00112,市场营销,10.27,95.23,0,2024-05-25,2026-04-06
USER_003263,COURSE_00103,产品设计,87.65,89.21,1,2024-03-23,2026-03-21
USER_001446,COURSE_00145,职业技能,19.76,64.8,0,2024-08-06,2026-04-15
USER_000220,COURSE_00019,数据科学,158.41,70.33,0,2024-02-06,2026-04-12
USER_000053,COURSE_00179,产品设计,104.58,68.65,0,2024-08-11,2026-03-23
USER_001758,COURSE_00070,数据科学,107.03,69.72,1,2024-09-06,2026-03-22
USER_001667,COURSE_00063,市场营销,5.0,82.6,1,2024-08-16,2026-04-01
USER_002786,COURSE_00075,数据科学,234.68,80.68,0,2024-09-16,2026-04-08
USER_000720,COURSE_00158,产品设计,61.56,92.49,0,2024-09-07,2026-03-27
USER_000406,COURSE_00153,商业管理,107.49,65.84,1,2024-06-10,2026-04-16
USER_002295,COURSE_00104,人工智能,135.98,65.17,1,2024-08-29,2026-03-26
USER_000072,COURSE_00075,编程开发,101.44,79.24,1,2024-08-07,2026-03-21
USER_002054,COURSE_00128,编程开发,106.31,36.92,1,2024-09-02,2026-04-13
USER_001230,COURSE_00199,人工智能,,75.16,1,2024-05-15,2026-04-10
USER_001568,COURSE_00154,语言学习,45.53,84.19,1,2024-10-17,2026-04-08
USER_003683,COURSE_00056,编程开发,116.06,62.74,0,2024-08-27,2026-04-14
USER_002954,COURSE_00022,职业技能,22.98,88.43,0,2024-08-01,2026-03-27
USER_004483,COURSE_00089,市场营销,38.16,74.33,1,2024-06-08,2026-03-24
USER_000699,COURSE_00019,语言学习,61.29,92.7,1,2024-07-16,2026-04-07
USER_000827,COURSE_00159,市场营销,34.61,85.32,1,2024-12-16,2026-03-26
USER_000349,COURSE_00026,产品设计,69.71,42.25,0,2024-02-14,2026-03-22
USER_003909,COURSE_00170,职业技能,50.63,100.0,1,2024-08-22,2026-04-09
USER_000308,COURSE_00169,产品设计,91.05,80.76,1,2024-04-09,2026-04-15
USER_003417,COURSE_00023,语言学习,70.65,71.19,0,2024-12-12,2026-03-22
USER_002335,COURSE_00047,语言学习,42.79,86.21,0,2024-07-14,2026-03-31
USER_004862,COURSE_00013,职业技能,100.57,95.44,1,2024-12-23,2026-03-31
USER_004821,COURSE_00066,职业技能,79.09,100.0,0,2024-12-25,2026-03-19
USER_002810,COURSE_00194,语言学习,83.34,94.7,1,2024-02-16,2026-04-01
USER_003559,COURSE_00144,语言学习,55.61,53.55,1,2024-02-06,2026-03-21
USER_004479,COURSE_00073,数据科学,149.86,66.53,1,2024-03-18,2026-04-06
USER_003478,COURSE_00156,商业管理,97.29,80.14,1,2024-11-15,2026-03-21
USER_004621,COURSE_00077,语言学习,24.84,90.57,0,2024-07-30,2026-04-09
USER_002687,COURSE_00163,职业技能,91.98,80.01,1,2024-12-23,2026-03-31
USER_002986,COURSE_00169,商业管理,125.84,100.0,1,2024-01-28,2026-03-22
USER_000276,COURSE_00031,语言学习,52.91,92.28,1,2024-03-19,2026-04-16
USER_002548,COURSE_00085,产品设计,120.86,74.21,1,2024-09-16,2026-04-09
USER_002765,COURSE_00160,市场营销,74.86,75.13,1,2024-06-06,2026-04-05
USER_000337,COURSE_00182,商业管理,95.49,75.86,1,2024-12-04,2026-04-05
USER_001974,COURSE_00200,产品设计,97.75,150.0,1,2024-04-07,2026-03-22
USER_002980,COURSE_00059,编程开发,90.43,73.91,0,2024-02-14,2026-04-09
USER_004577,COURSE_00041,职业技能,62.71,100.0,1,2024-04-13,2026-03-24
USER_003969,COURSE_00112,数据科学,86.57,49.29,0,2024-09-24,2026-03-26
USER_000911,COURSE_00194,数据科学,144.21,53.5,1,2024-02-21,2026-03-27
USER_001997,COURSE_00096,市场营销,43.37,100.0,1,2024-11-29,2026-03-28
USER_003130,COURSE_00182,语言学习,39.28,65.46,1,2024-04-04,2026-03-19
USER_004205,COURSE_00168,产品设计,68.12,62.64,0,2024-01-17,2026-04-01
USER_003758,COURSE_00122,编程开发,64.48,70.59,0,2024-07-31,2026-03-23
USER_000328,COURSE_00156,产品设计,129.23,58.49,0,2024-10-30,2026-04-03
USER_001800,COURSE_00165,职业技能,71.23,93.21,0,2024-03-23,2026-03-31
USER_000315,COURSE_00105,职业技能,55.3,96.93,1,2024-05-18,2026-03-22
USER_003546,COURSE_00193,语言学习,95.93,51.55,1,2024-06-20,2026-04-08
USER_001135,COURSE_00074,语言学习,26.85,81.18,0,2024-02-19,2026-03-23
USER_002747,COURSE_00183,职业技能,26.7,74.02,0,2024-09-07,2026-03-28
USER_004877,COURSE_00132,人工智能,98.73,58.64,0,2024-08-08,2026-04-06
USER_001521,COURSE_00099,职业技能,86.64,67.47,1,2024-02-28,2026-04-13
USER_000156,COURSE_00126,产品设计,103.09,78.39,1,2024-04-21,2026-03-28
USER_001725,COURSE_00138,市场营销,94.27,59.44,1,2024-10-17,2026-04-05
USER_003344,COURSE_00175,产品设计,97.51,62.39,1,2024-08-13,2026-04-09
USER_000887,COURSE_00075,数据科学,138.07,75.6,0,2024-04-02,2026-04-16
USER_003074,COURSE_00014,编程开发,125.83,87.09,1,2024-10-25,2026-03-22
USER_002806,COURSE_00038,商业管理,134.35,64.9,1,2024-01-11,2026-04-02
USER_000722,COURSE_00140,市场营销,43.99,91.31,1,2024-05-02,2026-04-10
USER_000913,COURSE_00045,人工智能,88.77,46.12,1,2024-08-23,2026-03-22
USER_003358,COURSE_00145,编程开发,160.99,61.66,1,2024-10-15,2026-04-06
USER_000871,COURSE_00163,编程开发,74.28,84.05,1,2024-09-26,2026-03-29
USER_004109,COURSE_00194,商业管理,77.09,94.77,1,2024-07-29,2026-03-24
USER_000498,COURSE_00075,数据科学,163.72,85.91,1,2024-06-21,2026-04-15
USER_001757,COURSE_00169,数据科学,83.36,74.78,1,2024-04-18,2026-03-25
USER_001118,COURSE_00195,数据科学,132.35,80.64,1,2024-01-11,2026-04-15
USER_003410,COURSE_00029,市场营销,99.12,98.97,1,2024-01-12,2026-03-21
USER_002829,COURSE_00018,产品设计,85.3,92.62,0,2024-07-16,2026-04-15
USER_001648,COURSE_00020,编程开发,99.68,95.42,0,2024-08-28,2026-04-08
USER_002984,COURSE_00014,产品设计,71.07,84.23,1,2024-01-28,2026-04-01
USER_000143,COURSE_00162,产品设计,106.84,68.6,1,2024-01-22,2026-04-15
USER_002762,COURSE_00177,数据科学,132.18,63.68,1,2024-05-08,2026-03-20
USER_003436,COURSE_00054,产品设计,83.86,53.73,1,2024-06-25,2026-03-23
USER_004661,COURSE_00031,编程开发,121.06,,1,2024-01-19,2026-03-28
USER_002432,COURSE_00058,编程开发,84.8,77.93,1,2024-02-10,2026-04-15
USER_004513,COURSE_00104,语言学习,78.07,89.96,0,2024-11-11,2026-03-18
USER_001849,COURSE_00170,人工智能,163.43,89.78,1,2024-05-25,2026-04-14
USER_002697,COURSE_00186,市场营销,78.12,100.0,1,2024-05-04,2026-04-05
USER_001718,COURSE_00128,产品设计,80.05,56.45,1,2024-10-28,2026-04-04
USER_003073,COURSE_00158,市场营销,48.02,93.38,0,2024-11-14,2026-03-30
USER_001068,COURSE_00025,市场营销,45.59,66.12,1,2024-11-27,2026-03-21
USER_002787,COURSE_00191,市场营销,73.01,71.63,0,2024-02-26,2026-04-04
USER_003792,COURSE_00019,商业管理,42.82,100.0,0,2024-09-01,2026-04-14
USER_001289,COURSE_00200,职业技能,64.98,75.61,0,2024-03-27,2026-03-31
USER_003872,COURSE_00136,语言学习,100.92,79.86,1,2024-05-12,2026-03-21
USER_001807,COURSE_00003,市场营销,89.35,98.84,0,2024-05-04,2026-04-14
USER_001505,COURSE_00195,职业技能,85.48,52.82,0,2024-05-21,2026-04-05
USER_003309,COURSE_00086,职业技能,30.81,65.29,0,2024-05-11,2026-03-31
USER_002952,COURSE_00145,语言学习,32.8,61.33,1,2024-11-24,2026-04-05
USER_000072,COURSE_00142,编程开发,53.15,66.24,0,2024-03-17,2026-03-25
USER_001691,COURSE_00009,商业管理,106.85,92.09,1,2024-12-13,2026-03-24
USER_001345,COURSE_00190,产品设计,126.97,58.06,1,2024-01-18,2026-04-14
USER_003304,COURSE_00094,语言学习,72.16,69.91,0,2024-04-01,2026-04-01
USER_003114,COURSE_00149,人工智能,92.96,67.26,0,2024-03-31,2026-03-28
USER_000883,COURSE_00165,职业技能,54.88,77.1,0,2024-05-12,2026-04-05
USER_004235,COURSE_00139,市场营销,87.23,100.0,1,2024-08-10,2026-03-26
USER_002663,COURSE_00020,职业技能,20.06,80.2,1,2024-07-09,2026-04-10
USER_001505,COURSE_00035,商业管理,46.54,81.78,0,2024-01-22,2026-04-13
USER_002464,COURSE_00053,人工智能,156.19,67.96,0,2024-09-17,2026-04-13
USER_002554,COURSE_00175,编程开发,168.64,63.8,1,2024-04-12,2026-03-19
USER_000733,COURSE_00110,编程开发,127.97,48.67,0,2024-02-04,2026-04-03
USER_001749,COURSE_00180,数据科学,107.01,73.85,0,2024-11-14,2026-03-31
USER_003925,COURSE_00136,市场营销,53.95,72.62,1,2024-12-28,2026-03-25
USER_000424,COURSE_00004,数据科学,130.97,88.62,0,2024-03-10,2026-03-23
USER_003479,COURSE_00155,商业管理,38.93,67.43,1,2024-11-13,2026-04-04
USER_001592,COURSE_00172,人工智能,170.05,74.61,0,2024-12-29,2026-04-08
USER_004486,COURSE_00168,职业技能,79.88,100.0,0,2024-08-11,2026-04-05
USER_004438,COURSE_00102,产品设计,78.09,95.75,1,2024-06-20,2026-03-20
USER_004710,COURSE_00047,数据科学,105.11,76.6,0,2024-08-23,2026-03-19
USER_000493,COURSE_00094,编程开发,50.65,50.39,0,2024-08-09,2026-03-26
USER_000192,COURSE_00172,市场营销,75.78,84.78,1,2024-09-08,2026-03-20
USER_000499,COURSE_00048,职业技能,76.23,87.97,1,2024-03-10,2026-03-24
USER_004918,COURSE_00091,人工智能,154.18,93.06,0,2024-08-31,2026-03-23
USER_001257,COURSE_00180,语言学习,74.3,74.54,0,2024-03-23,2026-03-25
USER_001969,COURSE_00084,商业管理,90.05,66.91,0,2024-05-28,2026-04-03
USER_004323,COURSE_00068,商业管理,61.38,73.86,1,2024-02-28,2026-03-22
USER_002187,COURSE_00139,编程开发,172.01,75.36,1,2024-05-24,2026-04-09
USER_000817,COURSE_00125,语言学习,42.21,86.41,1,2024-02-13,2026-03-28
USER_003221,COURSE_00073,商业管理,81.18,70.8,0,2024-10-26,2026-03-18
USER_001474,COURSE_00004,产品设计,84.33,92.81,0,2024-06-09,2026-04-11
USER_001087,COURSE_00076,职业技能,99.24,96.52,0,2024-08-29,2026-03-29
USER_004200,COURSE_00073,市场营销,69.93,72.19,0,2024-11-15,2026-04-16
USER_001875,COURSE_00077,职业技能,51.55,100.0,1,2024-11-10,2026-03-24
USER_000871,COURSE_00048,产品设计,89.84,85.63,1,2024-10-24,2026-04-10
USER_004764,COURSE_00154,商业管理,127.79,79.88,1,2024-10-20,2026-03-28
USER_002043,COURSE_00102,产品设计,112.96,59.66,1,2024-02-16,2026-03-29
USER_000273,COURSE_00106,职业技能,51.29,97.83,1,2024-07-12,2026-04-15
USER_001030,COURSE_00077,商业管理,119.05,65.32,1,2024-09-06,2026-03-21
USER_003219,COURSE_00039,市场营销,44.53,98.77,0,2024-07-06,2026-04-08
USER_004070,COURSE_00058,市场营销,47.68,,1,2024-11-04,2026-03-20
USER_001052,COURSE_00019,语言学习,54.8,56.86,1,2024-04-19,2026-03-21
USER_004034,COURSE_00088,产品设计,140.15,89.5,1,2024-07-11,2026-03-29
USER_001574,COURSE_00113,人工智能,119.94,57.98,0,2024-04-06,2026-03-24
USER_003191,COURSE_00077,语言学习,31.66,69.46,0,2024-07-04,2026-03-28
USER_004389,COURSE_00077,市场营销,105.16,89.45,1,2024-02-13,2026-04-16
USER_003798,COURSE_00186,编程开发,43.67,76.34,1,2024-09-04,2026-04-09
USER_003290,COURSE_00028,商业管理,87.57,72.72,1,2024-01-26,2026-04-08
USER_003748,COURSE_00066,语言学习,101.12,99.34,1,2024-10-21,2026-04-13
USER_002106,COURSE_00010,数据科学,98.52,59.59,0,2024-04-13,2026-04-10
USER_000308,COURSE_00126,人工智能,140.53,74.0,1,2024-02-26,2026-03-21
USER_003360,COURSE_00058,商业管理,118.87,94.29,1,2024-03-24,2026-04-02
USER_003177,COURSE_00142,语言学习,18.28,87.0,0,2024-03-01,2026-03-23
USER_001252,COURSE_00125,市场营销,75.11,65.29,1,2024-04-11,2026-04-10
USER_002748,COURSE_00112,职业技能,65.85,80.82,1,2024-08-05,2026-03-28
USER_001518,COURSE_00084,市场营销,18.69,81.51,1,2024-07-28,2026-03-24
USER_001379,COURSE_00143,人工智能,27.66,67.96,1,2024-08-28,2026-03-21
USER_004892,COURSE_00096,数据科学,146.02,100.0,1,2024-12-04,2026-03-20
USER_004993,COURSE_00033,语言学习,49.45,100.0,1,2024-12-06,2026-04-11
USER_001962,COURSE_00145,职业技能,57.68,70.0,1,2024-12-23,2026-04-11
USER_004306,COURSE_00152,语言学习,98.72,,1,2024-09-19,2026-04-15
USER_002864,COURSE_00158,产品设计,37.62,91.14,1,2024-11-15,2026-03-30
USER_002657,COURSE_00190,编程开发,210.53,89.33,1,2024-06-30,2026-03-22
USER_002495,COURSE_00141,市场营销,73.58,94.16,1,2024-08-23,2026-04-02
USER_004568,COURSE_00190,语言学习,5.0,51.19,0,2024-05-12,2026-03-22
USER_004006,COURSE_00047,语言学习,61.05,92.18,1,2024-05-22,2026-03-21
USER_003564,COURSE_00112,商业管理,111.75,78.94,0,2024-05-25,2026-04-03
USER_000923,COURSE_00144,商业管理,76.24,70.46,0,2024-12-04,2026-03-18
USER_004233,COURSE_00194,语言学习,55.68,80.97,1,2024-05-08,2026-04-03
USER_004463,COURSE_00043,数据科学,198.38,78.75,1,2024-07-03,2026-04-12
USER_002960,COURSE_00008,编程开发,154.15,44.48,0,2024-05-13,2026-03-19
USER_000184,COURSE_00003,语言学习,63.25,59.98,1,2024-10-31,2026-03-21
USER_003359,COURSE_00125,人工智能,133.13,78.51,1,2024-12-26,2026-03-29
USER_001399,COURSE_00012,市场营销,66.38,89.41,1,2024-01-09,2026-03-20
USER_002797,COURSE_00084,产品设计,59.44,96.27,1,2024-03-10,2026-03-21
USER_000537,COURSE_00016,商业管理,103.2,84.74,0,2024-01-03,2026-03-21
USER_001274,COURSE_00078,人工智能,69.28,49.01,1,2024-04-06,2026-04-13
USER_002968,COURSE_00059,市场营销,23.11,80.11,1,2024-01-07,2026-04-12
USER_003050,COURSE_00177,职业技能,40.09,87.68,1,2024-04-22,2026-04-05
USER_001097,COURSE_00063,商业管理,102.3,49.02,0,2024-06-26,2026-04-13
USER_001306,COURSE_00190,数据科学,146.81,80.16,1,2024-07-01,2026-04-12
USER_000916,COURSE_00049,商业管理,71.52,95.45,1,2024-08-06,2026-03-26
USER_003082,COURSE_00051,编程开发,82.55,84.76,0,2024-01-18,2026-04-11
USER_004248,COURSE_00033,编程开发,143.44,71.35,1,2024-01-10,2026-03-24
USER_001029,COURSE_00030,市场营销,102.77,75.02,1,2024-08-15,2026-03-21
USER_001978,COURSE_00187,人工智能,73.09,75.75,1,2024-06-29,2026-04-10
USER_003355,COURSE_00076,产品设计,105.63,90.46,1,2024-03-02,2026-03-19
USER_002512,COURSE_00015,数据科学,129.2,69.85,0,2024-04-02,2026-04-14
USER_000271,COURSE_00082,市场营销,44.21,73.62,1,2024-09-08,2026-03-28
USER_001187,COURSE_00092,职业技能,49.22,84.96,0,2024-09-18,2026-04-15
USER_004556,COURSE_00023,数据科学,139.63,73.11,1,2024-06-17,2026-04-10
USER_004201,COURSE_00094,编程开发,95.84,63.99,0,2024-01-30,2026-04-13
USER_003765,COURSE_00045,语言学习,78.15,68.85,1,2024-12-06,2026-03-21
USER_002399,COURSE_00062,语言学习,42.94,62.71,1,2024-09-14,2026-03-20
USER_004530,COURSE_00199,产品设计,88.44,65.81,1,2024-05-29,2026-04-03
USER_004236,COURSE_00015,数据科学,105.42,80.42,1,2024-03-05,2026-03-24
USER_004183,COURSE_00046,市场营销,61.26,70.68,0,2024-01-04,2026-03-28
USER_001712,COURSE_00064,产品设计,58.1,52.12,1,2024-03-30,2026-04-16
USER_002231,COURSE_00174,商业管理,70.08,58.91,1,2024-04-28,2026-03-31
USER_000129,COURSE_00184,商业管理,116.64,71.64,1,2024-09-10,2026-04-02
USER_001270,COURSE_00172,职业技能,75.97,79.72,1,2024-09-25,2026-04-10
USER_003673,COURSE_00075,人工智能,193.36,100.0,1,2024-01-10,2026-04-09
USER_001602,COURSE_00157,语言学习,35.7,84.4,1,2024-07-10,2026-04-10
USER_004766,COURSE_00190,市场营销,44.93,100.0,1,2024-09-21,2026-03-21
USER_003971,COURSE_00052,数据科学,109.45,,1,2024-10-17,2026-04-10
USER_004245,COURSE_00182,产品设计,111.21,65.88,1,2024-09-08,2026-04-15
USER_004948,COURSE_00088,市场营销,41.46,100.0,1,2024-04-08,2026-03-25
USER_000628,COURSE_00057,产品设计,102.83,76.46,0,2024-02-14,2026-04-03
USER_003798,COURSE_00083,产品设计,80.27,81.13,0,2024-07-21,2026-04-08
USER_002045,COURSE_00066,产品设计,73.5,87.29,1,2024-11-14,2026-04-07
USER_003553,COURSE_00150,数据科学,163.68,41.6,0,2024-03-30,2026-03-20
USER_004980,COURSE_00020,市场营销,67.28,97.21,1,2024-08-02,2026-03-18
USER_002342,COURSE_00033,编程开发,161.87,87.09,1,2024-03-17,2026-04-11
USER_003215,COURSE_00072,编程开发,149.82,75.28,0,2024-04-22,2026-03-19
USER_000250,COURSE_00025,数据科学,148.49,77.33,1,2024-01-31,2026-04-03
USER_002926,COURSE_00046,商业管理,64.42,53.73,1,2024-03-08,2026-03-25
USER_000975,COURSE_00073,数据科学,94.84,70.36,1,2024-09-01,2026-04-03
USER_001326,COURSE_00098,语言学习,23.51,100.0,1,2024-01-02,2026-04-08
USER_000984,COURSE_00057,产品设计,115.2,100.0,0,2024-10-20,2026-04-16
USER_000889,COURSE_00087,市场营销,68.09,93.56,1,2024-08-19,2026-04-09
USER_002938,COURSE_00133,市场营销,47.84,100.0,0,2024-02-03,2026-03-27
USER_002118,COURSE_00055,人工智能,117.13,74.38,1,2024-10-05,2026-03-25
USER_002673,COURSE_00061,人工智能,116.09,96.84,1,2024-06-08,2026-04-16
USER_004971,COURSE_00089,职业技能,46.68,89.36,1,2024-07-03,2026-03-18
USER_001327,COURSE_00008,编程开发,101.0,71.67,0,2024-04-15,2026-03-28
USER_000471,COURSE_00016,人工智能,99.84,84.68,0,2024-06-04,2026-04-11
USER_001988,COURSE_00176,人工智能,117.96,74.96,1,2024-01-13,2026-03-19
USER_000091,COURSE_00116,编程开发,133.5,48.42,1,2024-11-14,2026-04-08
USER_000530,COURSE_00061,语言学习,93.18,83.85,0,2024-04-25,2026-04-11
USER_004757,COURSE_00015,商业管理,89.42,73.68,1,2024-07-09,2026-03-23
USER_004060,COURSE_00193,编程开发,138.12,58.0,1,2024-12-05,2026-03-30
USER_004835,COURSE_00150,商业管理,66.57,81.52,1,2024-11-06,2026-04-13
USER_002774,COURSE_00131,职业技能,33.02,62.89,1,2024-01-06,2026-04-02
USER_004968,COURSE_00102,人工智能,55.38,100.0,0,2024-04-28,2026-03-22
USER_001687,COURSE_00054,市场营销,81.4,85.89,0,2024-05-22,2026-03-26
USER_000192,COURSE_00014,人工智能,134.6,62.69,0,2024-05-24,2026-04-14
USER_001987,COURSE_00036,产品设计,128.72,100.0,1,2024-10-28,2026-04-01
USER_003624,COURSE_00105,职业技能,73.15,80.32,0,2024-08-17,2026-03-28
USER_002186,COURSE_00082,商业管理,81.4,85.56,1,2024-04-07,2026-04-10
USER_004441,COURSE_00067,商业管理,86.46,71.88,1,2024-03-21,2026-03-20
USER_001009,COURSE_00010,产品设计,120.82,87.23,1,2024-07-09,2026-04-16
USER_003784,COURSE_00049,产品设计,97.04,73.74,1,2024-05-07,2026-04-12
USER_004299,COURSE_00111,语言学习,91.25,65.49,0,2024-04-23,2026-03-20
USER_004669,COURSE_00065,数据科学,94.59,72.9,1,2024-04-28,2026-04-01
USER_004288,COURSE_00057,产品设计,128.73,88.29,1,2024-12-22,2026-03-28
USER_002053,COURSE_00027,商业管理,76.8,86.57,1,2024-04-10,2026-03-28
USER_003309,COURSE_00113,市场营销,56.67,83.87,0,2024-11-15,2026-04-03
USER_001717,COURSE_00133,商业管理,72.51,81.27,0,2024-12-23,2026-04-13
USER_000311,COURSE_00071,商业管理,55.49,69.51,0,2024-03-12,2026-03-20
USER_004539,COURSE_00083,语言学习,48.72,62.08,0,2024-03-08,2026-04-14
USER_001261,COURSE_00057,数据科学,201.53,84.72,1,2024-05-11,2026-03-31
USER_004966,COURSE_00120,数据科学,128.25,62.71,0,2024-04-22,2026-03-19
USER_003933,COURSE_00093,产品设计,121.21,88.07,1,2024-07-26,2026-03-28
USER_003269,COURSE_00015,职业技能,62.0,100.0,1,2024-09-03,2026-04-11
USER_000585,COURSE_00111,人工智能,190.48,93.44,1,2024-11-29,2026-04-09
USER_002800,COURSE_00101,商业管理,126.13,83.09,0,2024-10-15,2026-04-02
USER_000360,COURSE_00119,编程开发,167.45,44.53,0,2024-07-19,2026-04-10
USER_002867,COURSE_00076,人工智能,179.86,87.43,1,2024-02-04,2026-04-06
USER_002012,COURSE_00158,人工智能,197.7,90.2,1,2024-01-08,2026-04-06
USER_004940,COURSE_00020,数据科学,163.68,69.88,1,2024-02-29,2026-04-07
USER_004007,COURSE_00165,数据科学,95.33,79.64,1,2024-11-07,2026-04-11
USER_001626,COURSE_00131,语言学习,70.52,83.85,1,2024-11-29,2026-04-06
USER_002765,COURSE_00073,语言学习,65.9,84.44,1,2024-08-03,2026-03-29
USER_000891,COURSE_00122,数据科学,146.17,91.06,1,2024-05-26,2026-03-28
USER_000732,COURSE_00041,市场营销,100.75,74.64,0,2024-07-24,2026-04-08
USER_003962,COURSE_00167,市场营销,110.31,86.86,1,2024-07-21,2026-04-12
USER_004702,COURSE_00154,编程开发,102.74,50.96,1,2024-11-13,2026-03-25
USER_002505,COURSE_00130,数据科学,161.69,78.8,1,2024-12-12,2026-03-22
USER_000615,COURSE_00023,产品设计,150.5,72.74,1,2024-07-25,2026-04-02
USER_003807,COURSE_00023,语言学习,91.88,100.0,1,2024-01-11,2026-03-20
USER_001720,COURSE_00144,数据科学,32.41,86.76,0,2024-02-17,2026-04-06
USER_004770,COURSE_00009,市场营销,106.63,69.64,1,2024-01-14,2026-03-25
USER_001588,COURSE_00013,数据科学,140.3,72.02,1,2024-08-05,2026-03-31
USER_001612,COURSE_00156,市场营销,84.87,100.0,1,2024-04-05,2026-03-24
USER_000897,COURSE_00155,数据科学,129.02,81.98,1,2024-07-19,2026-03-26
USER_000278,COURSE_00051,商业管理,88.79,64.04,1,2024-04-06,2026-03-30
USER_004648,COURSE_00064,产品设计,101.46,100.0,1,2024-04-13,2026-03-29
USER_001637,COURSE_00052,职业技能,54.89,83.58,0,2024-05-23,2026-03-20
USER_002159,COURSE_00038,编程开发,116.71,51.49,1,2024-07-17,2026-03-21
USER_002433,COURSE_00100,商业管理,42.35,51.97,1,2024-07-24,2026-03-20
USER_003905,COURSE_00193,产品设计,82.04,,1,2024-05-21,2026-03-24
USER_004857,COURSE_00146,市场营销,56.73,73.64,1,2024-10-21,2026-04-10
USER_003263,COURSE_00191,语言学习,49.84,81.41,1,2024-02-08,2026-04-09
USER_001450,COURSE_00051,语言学习,35.91,88.96,0,2024-02-19,2026-04-10
USER_004501,COURSE_00137,人工智能,24.07,86.51,0,2024-09-05,2026-03-29
USER_001233,COURSE_00141,产品设计,142.71,71.07,1,2024-07-07,2026-04-02
USER_004118,COURSE_00168,数据科学,97.63,59.02,1,2024-06-07,2026-03-20
USER_000678,COURSE_00055,编程开发,157.39,73.41,1,2024-06-02,2026-04-13
USER_002659,COURSE_00109,数据科学,92.37,87.83,1,2024-10-10,2026-03-22
USER_002029,COURSE_00171,数据科学,145.72,90.87,1,2024-01-09,2026-03-19
USER_003759,COURSE_00044,产品设计,44.85,100.0,1,2024-01-05,2026-04-14
USER_004625,COURSE_00110,职业技能,67.91,100.0,1,2024-09-14,2026-04-13
USER_002038,COURSE_00196,编程开发,152.29,96.57,0,2024-05-11,2026-04-02
USER_002650,COURSE_00161,人工智能,57.45,61.15,0,2024-09-28,2026-04-15
USER_000657,COURSE_00152,商业管理,41.38,100.0,0,2024-03-04,2026-04-09
USER_000166,COURSE_00164,数据科学,81.43,86.67,1,2024-04-04,2026-04-07
USER_004945,COURSE_00128,编程开发,163.78,73.17,1,2024-08-22,2026-03-18
USER_004592,COURSE_00105,人工智能,85.15,51.06,0,2024-02-17,2026-03-29
USER_000590,COURSE_00010,商业管理,2.0,81.35,0,2024-11-07,2026-03-22
USER_004525,COURSE_00100,数据科学,122.26,100.0,1,2024-07-27,2026-03-20
USER_002822,COURSE_00148,编程开发,73.03,88.2,1,2024-01-16,2026-04-10
USER_004259,COURSE_00109,商业管理,71.0,83.99,1,2024-07-10,2026-03-31
USER_001263,COURSE_00108,产品设计,84.57,76.37,1,2024-01-01,2026-04-11
USER_000072,COURSE_00140,职业技能,72.29,70.47,0,2024-10-10,2026-04-04
USER_003517,COURSE_00190,语言学习,42.81,69.21,1,2024-11-22,2026-04-03
USER_004751,COURSE_00146,语言学习,96.98,96.12,1,2024-09-14,2026-03-21
USER_003581,COURSE_00094,数据科学,171.37,53.88,1,2024-03-07,2026-04-08
USER_000269,COURSE_00063,数据科学,129.26,62.11,0,2024-02-10,2026-03-20
USER_001777,COURSE_00084,商业管理,111.69,65.01,1,2024-03-01,2026-04-10
USER_002463,COURSE_00025,编程开发,127.82,64.73,1,2024-06-10,2026-03-31
USER_001269,COURSE_00012,语言学习,5.0,78.27,1,2024-02-28,2026-04-08
USER_001016,COURSE_00149,数据科学,75.75,68.0,1,2024-04-15,2026-04-02
USER_002723,COURSE_00025,人工智能,109.7,,0,2024-07-26,2026-03-27
USER_001084,COURSE_00011,数据科学,176.1,76.24,1,2024-07-19,2026-04-15
USER_004102,COURSE_00064,语言学习,23.63,100.0,0,2024-05-28,2026-04-12
USER_000407,COURSE_00126,市场营销,88.38,100.0,1,2024-03-20,2026-03-19
USER_003077,COURSE_00050,职业技能,58.88,87.82,0,2024-08-25,2026-04-07
USER_000986,COURSE_00190,语言学习,31.76,91.46,0,2024-04-05,2026-03-18
USER_003604,COURSE_00089,人工智能,114.5,58.59,1,2024-12-30,2026-04-11
USER_004486,COURSE_00099,编程开发,81.76,88.92,0,2024-07-10,2026-04-07
USER_000710,COURSE_00116,人工智能,116.45,76.87,0,2024-05-27,2026-04-13
USER_002619,COURSE_00096,市场营销,81.68,86.45,0,2024-12-09,2026-04-01
USER_004850,COURSE_00177,市场营销,56.86,100.0,1,2024-10-27,2026-04-15
USER_001412,COURSE_00014,数据科学,81.49,89.72,1,2024-12-28,2026-03-30
USER_004622,COURSE_00001,数据科学,86.44,74.33,1,2024-10-09,2026-04-02
USER_001486,COURSE_00025,语言学习,62.3,54.01,0,2024-11-02,2026-04-02
USER_002951,COURSE_00187,产品设计,135.63,88.61,1,2024-02-07,2026-04-16
USER_004652,COURSE_00072,职业技能,39.67,83.67,1,2024-06-16,2026-03-29
USER_002935,COURSE_00069,人工智能,118.49,50.83,1,2024-07-20,2026-04-16
USER_004115,COURSE_00133,语言学习,68.07,85.8,1,2024-12-05,2026-04-02
USER_004671,COURSE_00105,产品设计,9.88,88.44,1,2024-08-02,2026-03-31
USER_001004,COURSE_00147,语言学习,21.2,85.73,0,2024-08-24,2026-03-27
USER_002467,COURSE_00023,职业技能,49.38,100.0,0,2024-08-07,2026-03-19
USER_002467,COURSE_00009,职业技能,48.09,100.0,0,2024-12-08,2026-03-30
USER_001939,COURSE_00118,市场营销,75.18,100.0,0,2024-02-23,2026-04-09
USER_001940,COURSE_00094,数据科学,72.76,87.2,0,2024-09-06,2026-04-01
USER_001636,COURSE_00178,数据科学,103.02,89.77,1,2024-11-02,2026-04-16
USER_001699,COURSE_00144,职业技能,42.02,100.0,1,2024-07-29,2026-04-02
USER_004528,COURSE_00033,语言学习,69.1,81.7,1,2024-08-20,2026-03-19
USER_002092,COURSE_00130,职业技能,54.39,76.27,1,2024-02-25,2026-03-26
USER_001896,COURSE_00014,数据科学,98.19,56.16,0,2024-08-29,2026-03-29
USER_004241,COURSE_00001,编程开发,154.25,90.56,1,2024-08-16,2026-03-29
USER_003399,COURSE_00090,语言学习,17.39,93.4,1,2024-12-13,2026-04-09
USER_001074,COURSE_00186,市场营销,61.87,61.43,0,2024-08-09,2026-03-29
USER_002403,COURSE_00089,商业管理,86.86,82.84,1,2024-02-27,2026-03-23
USER_004896,COURSE_00144,语言学习,77.81,88.28,1,2024-01-15,2026-04-09
USER_003213,COURSE_00090,语言学习,76.4,76.74,1,2024-08-06,2026-04-10
USER_004038,COURSE_00175,数据科学,57.83,99.67,1,2024-04-01,2026-04-11
USER_001152,COURSE_00172,市场营销,43.53,55.53,1,2024-07-24,2026-03-29
USER_002446,COURSE_00014,语言学习,73.06,91.34,0,2024-06-07,2026-03-27
USER_001957,COURSE_00152,数据科学,77.35,35.09,0,2024-02-21,2026-04-06
USER_004559,COURSE_00111,职业技能,58.44,77.79,0,2024-12-08,2026-03-24
USER_003908,COURSE_00183,人工智能,80.35,68.05,0,2024-09-05,2026-04-09
USER_000808,COURSE_00143,市场营销,102.31,82.55,1,2024-07-15,2026-03-18
USER_000187,COURSE_00083,产品设计,107.27,100.0,0,2024-07-11,2026-03-31
USER_004828,COURSE_00072,编程开发,102.9,87.05,1,2024-04-20,2026-04-03
USER_004525,COURSE_00162,产品设计,95.06,73.89,1,2024-08-21,2026-04-09
USER_001308,COURSE_00130,商业管理,71.35,74.02,1,2024-10-07,2026-04-09
USER_002285,COURSE_00027,职业技能,42.89,89.13,1,2024-04-09,2026-03-30
USER_004867,COURSE_00074,市场营销,57.85,98.17,0,2024-05-16,2026-03-21
USER_000758,COURSE_00099,语言学习,95.0,71.83,1,2024-02-24,2026-03-25
USER_004232,COURSE_00072,数据科学,141.77,93.23,1,2024-09-12,2026-03-26
USER_004888,COURSE_00023,商业管理,98.52,-20.0,0,2024-09-05,2026-03-26
USER_003855,COURSE_00068,市场营销,66.44,100.0,1,2024-10-19,2026-03-28
USER_004267,COURSE_00142,编程开发,181.59,55.75,1,2024-01-17,2026-04-01
USER_002207,COURSE_00191,市场营销,102.39,100.0,1,2024-09-14,2026-04-02
USER_003559,COURSE_00117,商业管理,96.3,87.39,1,2024-02-14,2026-04-02
USER_001581,COURSE_00106,数据科学,123.34,54.77,1,2024-04-04,2026-04-12
USER_000962,COURSE_00093,产品设计,79.38,80.5,0,2024-05-29,2026-04-12
USER_003848,COURSE_00065,人工智能,100.98,90.98,1,2024-05-18,2026-04-13
USER_003576,COURSE_00068,产品设计,22.3,69.17,0,2024-05-12,2026-04-01
USER_000876,COURSE_00128,数据科学,71.86,83.31,1,2024-12-14,2026-04-11
USER_002419,COURSE_00063,商业管理,71.72,99.74,1,2024-04-04,2026-04-13
USER_004199,COURSE_00113,数据科学,118.8,53.29,1,2024-05-19,2026-04-04
USER_001002,COURSE_00090,职业技能,47.87,87.48,0,2024-08-07,2026-04-04
USER_003385,COURSE_00081,编程开发,48.13,78.22,1,2024-01-29,2026-04-04
USER_004067,COURSE_00103,市场营销,54.83,81.37,1,2024-06-23,2026-03-22
USER_002846,COURSE_00192,职业技能,64.78,82.77,0,2024-09-17,2026-03-21
USER_001482,COURSE_00160,市场营销,59.02,69.24,0,2024-12-16,2026-04-06
USER_003302,COURSE_00116,产品设计,85.12,77.27,0,2024-01-22,2026-03-23
USER_000658,COURSE_00013,商业管理,63.16,100.0,1,2024-04-16,2026-04-09
USER_002781,COURSE_00194,人工智能,168.53,57.27,1,2024-03-28,2026-04-01
USER_000423,COURSE_00124,人工智能,140.88,81.45,1,2024-07-30,2026-03-28
USER_003682,COURSE_00147,编程开发,105.42,61.67,1,2024-12-02,2026-03-21
USER_004267,COURSE_00152,数据科学,145.32,51.97,1,2024-12-10,2026-03-28
USER_002711,COURSE_00088,编程开发,116.23,85.57,1,2024-05-16,2026-03-19
USER_000453,COURSE_00011,市场营销,47.72,87.78,1,2024-08-02,2026-04-10
USER_002398,COURSE_00187,语言学习,105.43,100.0,1,2024-09-27,2026-03-31
USER_001976,COURSE_00015,语言学习,49.75,95.49,0,2024-01-06,2026-03-20
USER_001658,COURSE_00010,语言学习,73.55,100.0,1,2024-07-22,2026-03-26
USER_002542,COURSE_00041,数据科学,148.77,71.37,1,2024-10-04,2026-04-05
USER_003076,COURSE_00155,编程开发,117.75,85.96,1,2024-06-27,2026-03-25
USER_003165,COURSE_00188,职业技能,53.82,95.48,1,2024-10-12,2026-04-05
USER_002967,COURSE_00073,商业管理,34.2,,1,2024-09-25,2026-03-19
USER_002054,COURSE_00052,产品设计,79.45,89.04,1,2024-04-13,2026-04-01
USER_000288,COURSE_00128,市场营销,51.84,90.05,1,2024-02-08,2026-04-12
USER_003218,COURSE_00028,语言学习,,89.1,1,2024-02-12,2026-04-13
USER_003855,COURSE_00065,商业管理,143.58,80.49,0,2024-07-06,2026-04-01
USER_001448,COURSE_00017,人工智能,148.0,63.56,0,2024-05-14,2026-03-25
USER_000608,COURSE_00095,职业技能,36.53,60.37,0,2024-02-08,2026-03-28
USER_004553,COURSE_00172,编程开发,146.64,,1,2024-11-23,2026-04-14
USER_001765,COURSE_00138,市场营销,12.36,100.0,1,2024-06-22,2026-03-20
USER_001226,COURSE_00063,市场营销,100.64,81.48,1,2024-09-14,2026-04-16
USER_001236,COURSE_00175,人工智能,101.07,55.79,0,2024-11-12,2026-04-16
USER_001030,COURSE_00038,职业技能,100.47,83.89,1,2024-01-27,2026-04-05
USER_002672,COURSE_00070,人工智能,53.98,59.81,0,2024-06-13,2026-04-15
USER_003963,COURSE_00104,人工智能,101.69,78.09,1,2024-10-02,2026-04-06
USER_004543,COURSE_00053,语言学习,75.26,76.21,0,2024-03-24,2026-03-20
USER_004931,COURSE_00172,职业技能,88.82,70.23,0,2024-12-07,2026-04-10
USER_003178,COURSE_00119,语言学习,22.33,67.03,0,2024-03-08,2026-04-16
USER_003723,COURSE_00074,编程开发,64.78,72.37,0,2024-11-11,2026-03-18
USER_004907,COURSE_00054,人工智能,146.99,59.85,1,2024-01-20,2026-04-06
USER_001476,COURSE_00020,产品设计,53.38,99.48,0,2024-05-10,2026-04-06
USER_002897,COURSE_00079,市场营销,72.24,91.07,1,2024-06-09,2026-04-01
USER_000809,COURSE_00031,职业技能,83.67,89.78,0,2024-08-12,2026-04-09
USER_000979,COURSE_00135,人工智能,139.3,89.57,1,2024-02-28,2026-04-16
USER_002464,COURSE_00058,职业技能,64.58,88.75,0,2024-08-08,2026-03-26
USER_000726,COURSE_00105,市场营销,64.76,86.65,1,2024-02-22,2026-04-03
USER_002502,COURSE_00010,数据科学,118.46,82.53,1,2024-02-14,2026-04-09
USER_003363,COURSE_00010,商业管理,131.38,92.82,1,2024-11-25,2026-04-02
USER_001217,COURSE_00039,数据科学,166.57,70.05,1,2024-03-01,2026-04-15
USER_004052,COURSE_00156,人工智能,135.13,77.04,1,2024-05-18,2026-03-26
USER_002198,COURSE_00158,市场营销,47.41,91.51,1,2024-08-12,2026-04-07
USER_002807,COURSE_00037,商业管理,69.68,76.9,1,2024-08-22,2026-03-22
USER_000779,COURSE_00119,数据科学,97.98,82.7,1,2024-12-22,2026-03-24
USER_000973,COURSE_00067,人工智能,60.51,43.61,1,2024-06-14,2026-04-01
USER_002811,COURSE_00043,市场营销,51.65,65.85,0,2024-06-17,2026-04-16
USER_002124,COURSE_00052,人工智能,2.0,95.0,1,2024-02-29,2026-03-29
USER_000599,COURSE_00101,语言学习,73.92,62.21,0,2024-01-17,2026-03-24
USER_003342,COURSE_00056,市场营销,91.08,85.27,1,2024-07-12,2026-03-25
USER_000225,COURSE_00076,数据科学,134.89,85.62,1,2024-09-28,2026-04-13
USER_000841,COURSE_00068,人工智能,88.74,79.65,0,2024-11-04,2026-03-25
USER_001815,COURSE_00137,职业技能,26.79,85.71,1,2024-03-03,2026-03-24
USER_004810,COURSE_00106,数据科学,90.28,63.52,1,2024-01-16,2026-04-11
USER_001107,COURSE_00125,人工智能,133.1,52.65,0,2024-01-04,2026-03-20
USER_000125,COURSE_00092,职业技能,32.03,85.25,1,2024-03-15,2026-04-13
USER_003247,COURSE_00023,职业技能,63.61,100.0,1,2024-06-15,2026-04-08
USER_002932,COURSE_00191,编程开发,110.31,71.24,0,2024-12-03,2026-03-29
USER_004126,COURSE_00109,职业技能,55.51,96.11,1,2024-09-18,2026-03-21
USER_002972,COURSE_00061,数据科学,84.36,57.1,0,2024-11-18,2026-03-31
USER_002018,COURSE_00168,数据科学,104.13,86.28,1,2024-10-17,2026-03-29
USER_002416,COURSE_00044,产品设计,105.95,94.99,0,2024-06-17,2026-04-08
USER_004591,COURSE_00152,商业管理,122.07,76.02,1,2024-09-22,2026-03-18
USER_003097,COURSE_00179,语言学习,54.32,67.3,0,2024-11-04,2026-04-14
USER_001610,COURSE_00186,数据科学,119.42,70.28,0,2024-02-13,2026-03-25
USER_000718,COURSE_00161,市场营销,29.76,81.81,1,2024-04-19,2026-04-03
USER_003562,COURSE_00016,商业管理,79.49,100.0,1,2024-11-26,2026-03-30
USER_001017,COURSE_00022,职业技能,7.37,92.22,1,2024-04-13,2026-03-19
USER_003566,COURSE_00057,人工智能,93.28,70.66,1,2024-12-27,2026-04-15
USER_004702,COURSE_00062,编程开发,154.61,60.66,1,2024-09-03,2026-04-14
USER_004471,COURSE_00107,市场营销,92.3,83.92,0,2024-09-18,2026-04-04
USER_001961,COURSE_00071,商业管理,104.12,85.87,1,2024-04-29,2026-04-11
USER_001049,COURSE_00090,市场营销,93.09,92.72,0,2024-01-01,2026-04-04
USER_001358,COURSE_00072,市场营销,81.44,95.58,0,2024-03-02,2026-04-04
USER_003427,COURSE_00070,市场营销,58.24,76.66,0,2024-07-14,2026-04-15
USER_000116,COURSE_00030,商业管理,129.54,85.14,0,2024-10-23,2026-03-24
USER_002096,COURSE_00103,编程开发,149.88,88.74,1,2024-02-07,2026-03-20
USER_001802,COURSE_00151,职业技能,77.39,86.89,0,2024-10-23,2026-03-26
USER_002147,COURSE_00032,产品设计,59.08,69.7,0,2024-05-17,2026-03-31
USER_001621,COURSE_00086,语言学习,35.94,66.21,1,2024-02-15,2026-03-21
USER_004781,COURSE_00057,职业技能,5.0,100.0,1,2024-07-12,2026-03-18
USER_002951,COURSE_00109,数据科学,110.83,91.06,1,2024-11-07,2026-04-10
USER_003793,COURSE_00009,商业管理,72.76,67.48,1,2024-07-21,2026-03-24
USER_002942,COURSE_00031,市场营销,25.6,80.26,1,2024-07-11,2026-04-07
USER_004906,COURSE_00071,职业技能,34.63,81.89,0,2024-11-03,2026-04-15
USER_000978,COURSE_00137,数据科学,42.25,76.36,0,2024-02-29,2026-03-26
USER_003067,COURSE_00013,商业管理,105.59,78.64,1,2024-06-27,2026-04-14
USER_000784,COURSE_00186,数据科学,91.96,70.05,1,2024-08-27,2026-04-08
USER_000241,COURSE_00131,市场营销,113.58,72.91,1,2024-01-18,2026-04-03
USER_001554,COURSE_00035,产品设计,83.49,82.66,1,2024-03-20,2026-03-26
USER_004579,COURSE_00021,商业管理,142.23,77.75,1,2024-11-03,2026-03-20
USER_001013,COURSE_00064,数据科学,108.34,54.86,1,2024-05-29,2026-04-10
USER_000187,COURSE_00095,人工智能,136.61,64.72,0,2024-02-10,2026-03-18
USER_001882,COURSE_00180,数据科学,124.84,78.46,1,2024-08-26,2026-03-18
USER_004587,COURSE_00034,语言学习,50.58,83.69,0,2024-05-03,2026-03-26
USER_000431,COURSE_00121,市场营销,34.09,89.83,1,2024-03-20,2026-04-01
USER_000239,COURSE_00163,编程开发,112.62,72.49,0,2024-09-05,2026-04-14
USER_002346,COURSE_00015,数据科学,113.96,74.15,0,2024-06-13,2026-04-02
USER_000076,COURSE_00120,产品设计,93.9,72.35,1,2024-09-30,2026-04-02
USER_001357,COURSE_00096,人工智能,84.11,81.49,1,2024-01-02,2026-03-19
USER_004923,COURSE_00006,人工智能,145.04,73.48,1,2024-03-23,2026-04-07
USER_002331,COURSE_00109,编程开发,112.76,90.31,1,2024-04-19,2026-04-06
USER_004687,COURSE_00097,职业技能,62.89,95.91,0,2024-05-20,2026-03-24
USER_001903,COURSE_00032,语言学习,24.25,74.92,0,2024-06-22,2026-03-29
USER_004014,COURSE_00180,编程开发,185.31,72.31,1,2024-09-10,2026-03-31
USER_004671,COURSE_00083,语言学习,45.94,79.76,1,2024-07-30,2026-04-05
USER_004988,COURSE_00156,数据科学,182.85,72.41,1,2024-06-05,2026-04-07
USER_002060,COURSE_00118,市场营销,81.11,88.42,1,2024-03-27,2026-03-18
USER_000141,COURSE_00192,产品设计,77.74,73.77,1,2024-10-10,2026-03-26
USER_001790,COURSE_00079,人工智能,109.1,89.31,1,2024-04-14,2026-04-07
USER_003627,COURSE_00078,编程开发,87.96,77.84,0,2024-08-14,2026-04-04
USER_000017,COURSE_00147,产品设计,94.25,65.7,1,2024-04-01,2026-03-20
USER_004349,COURSE_00107,语言学习,64.02,100.0,0,2024-02-14,2026-04-01
USER_000465,COURSE_00126,市场营销,74.53,77.03,0,2024-04-24,2026-03-20
USER_004472,COURSE_00015,人工智能,114.35,84.79,1,2024-08-09,2026-03-21
USER_001828,COURSE_00134,人工智能,136.22,55.23,1,2024-06-28,2026-04-12
USER_003029,COURSE_00073,语言学习,64.83,83.37,1,2024-09-25,2026-03-31
USER_000520,COURSE_00101,市场营销,52.04,80.86,1,2024-07-26,2026-03-29
USER_000090,COURSE_00098,人工智能,110.44,83.64,1,2024-04-23,2026-04-11
USER_004816,COURSE_00166,市场营销,77.66,81.3,1,2024-12-08,2026-04-04
USER_002852,COURSE_00026,人工智能,134.25,92.1,0,2024-11-21,2026-04-16
USER_002844,COURSE_00092,数据科学,156.28,52.88,1,2024-09-20,2026-04-12
USER_004726,COURSE_00125,语言学习,35.59,83.56,1,2024-02-10,2026-04-07
USER_001885,COURSE_00179,市场营销,41.95,77.67,1,2024-02-03,2026-03-22
USER_004172,COURSE_00073,产品设计,90.22,80.69,1,2024-12-28,2026-03-22
USER_000926,COURSE_00123,职业技能,35.4,81.42,0,2024-02-23,2026-04-11
USER_003735,COURSE_00053,数据科学,157.33,97.89,1,2024-08-15,2026-03-30
USER_000970,COURSE_00184,商业管理,139.72,88.44,1,2024-05-22,2026-03-31
USER_001095,COURSE_00187,产品设计,106.11,79.29,1,2024-03-21,2026-04-16
USER_003196,COURSE_00198,语言学习,59.25,86.76,0,2024-08-04,2026-04-12
USER_001405,COURSE_00078,人工智能,91.73,70.75,1,2024-09-10,2026-04-11
USER_003365,COURSE_00092,商业管理,71.48,82.86,1,2024-01-11,2026-04-07
USER_004291,COURSE_00186,产品设计,143.34,80.95,1,2024-05-26,2026-03-20
USER_003983,COURSE_00088,数据科学,70.06,,1,2024-03-05,2026-04-15
USER_004324,COURSE_00013,商业管理,112.75,76.85,1,2024-06-01,2026-04-09
USER_004014,COURSE_00043,商业管理,102.32,51.23,1,2024-01-24,2026-04-16
USER_004557,COURSE_00076,市场营销,41.49,93.62,1,2024-07-27,2026-04-14
USER_004714,COURSE_00051,编程开发,61.19,58.41,1,2024-09-22,2026-04-16
USER_003093,COURSE_00019,产品设计,63.99,73.62,1,2024-09-22,2026-03-22
USER_004160,COURSE_00149,编程开发,222.66,87.98,1,2024-11-19,2026-04-09
USER_002075,COURSE_00122,语言学习,42.44,71.1,0,2024-08-15,2026-04-16
USER_000285,COURSE_00024,产品设计,52.48,58.49,1,2024-10-14,2026-04-03
USER_004934,COURSE_00026,产品设计,72.02,78.02,0,2024-01-08,2026-03-22
USER_004927,COURSE_00173,市场营销,70.96,94.57,0,2024-11-14,2026-04-06
USER_001188,COURSE_00156,人工智能,119.98,54.04,0,2024-04-07,2026-03-22
USER_003970,COURSE_00120,数据科学,135.57,85.98,1,2024-08-29,2026-03-20
USER_002966,COURSE_00082,数据科学,133.96,71.98,1,2024-01-18,2026-04-14
USER_004320,COURSE_00100,数据科学,117.54,85.86,1,2024-07-18,2026-04-07
USER_000784,COURSE_00157,职业技能,75.05,80.02,1,2024-08-03,2026-03-20
USER_000950,COURSE_00017,语言学习,91.2,85.71,1,2024-09-24,2026-03-28
USER_003940,COURSE_00068,商业管理,96.07,74.31,0,2024-03-09,2026-03-24
USER_000045,COURSE_00044,人工智能,57.28,61.03,1,2024-08-28,2026-04-14
USER_001811,COURSE_00061,编程开发,120.71,,1,2024-08-09,2026-04-16
USER_004567,COURSE_00123,数据科学,125.63,60.9,1,2024-05-24,2026-03-22
USER_002082,COURSE_00093,职业技能,67.22,57.05,1,2024-11-14,2026-04-06
USER_003499,COURSE_00196,编程开发,118.29,63.42,0,2024-12-03,2026-03-18
USER_000830,COURSE_00074,人工智能,87.09,77.36,1,2024-07-16,2026-03-23
USER_001910,COURSE_00153,语言学习,38.53,100.0,1,2024-08-20,2026-03-22
USER_002582,COURSE_00067,人工智能,183.78,90.08,1,2024-03-23,2026-04-15
USER_000692,COURSE_00111,市场营销,102.83,88.22,0,2024-02-14,2026-04-07
USER_004020,COURSE_00002,商业管理,97.56,94.44,0,2024-02-12,2026-04-02
USER_000932,COURSE_00089,数据科学,143.83,85.96,1,2024-06-27,2026-04-02
USER_004937,COURSE_00177,语言学习,83.77,77.0,1,2024-08-11,2026-03-18
USER_003407,COURSE_00198,市场营销,40.36,90.27,0,2024-10-09,2026-03-25
USER_000148,COURSE_00026,数据科学,56.96,57.26,1,2024-10-27,2026-03-26
USER_001033,COURSE_00200,人工智能,118.44,70.45,1,2024-08-22,2026-03-30
USER_001312,COURSE_00099,人工智能,100.13,64.56,0,2024-02-03,2026-04-16
USER_000388,COURSE_00027,职业技能,85.4,100.0,1,2024-08-27,2026-04-03
USER_003122,COURSE_00089,产品设计,94.77,99.17,1,2024-06-12,2026-03-24
USER_001874,COURSE_00146,产品设计,51.26,95.38,0,2024-05-02,2026-04-07
USER_003589,COURSE_00182,人工智能,83.9,57.66,0,2024-01-06,2026-04-14
USER_000916,COURSE_00001,人工智能,105.39,79.12,0,2024-06-29,2026-03-19
USER_001879,COURSE_00189,编程开发,86.95,75.42,1,2024-01-30,2026-03-23
USER_003749,COURSE_00103,职业技能,41.22,,0,2024-05-17,2026-04-07
USER_000278,COURSE_00131,商业管理,95.61,76.32,1,2024-07-20,2026-04-01
USER_001978,COURSE_00196,编程开发,125.34,56.99,0,2024-11-07,2026-04-07
USER_001860,COURSE_00041,商业管理,109.81,72.6,1,2024-10-01,2026-03-30
USER_003037,COURSE_00165,市场营销,70.98,61.97,0,2024-02-01,2026-04-02
USER_003372,COURSE_00051,产品设计,52.63,82.59,1,2024-09-06,2026-04-08
USER_004714,COURSE_00015,产品设计,92.36,75.81,1,2024-01-02,2026-04-16
USER_002183,COURSE_00008,职业技能,54.52,77.33,1,2024-09-18,2026-03-22
USER_004676,COURSE_00038,人工智能,161.83,35.08,0,2024-03-11,2026-03-27
USER_001171,COURSE_00114,人工智能,137.6,72.78,1,2024-03-05,2026-03-22
USER_000490,COURSE_00083,市场营销,57.68,80.28,0,2024-07-14,2026-04-09
USER_002526,COURSE_00056,语言学习,81.78,82.75,1,2024-08-10,2026-03-27
USER_001183,COURSE_00175,语言学习,69.01,83.44,0,2024-04-25,2026-04-10
USER_004480,COURSE_00103,职业技能,62.12,72.3,0,2024-04-28,2026-04-07
USER_004259,COURSE_00138,语言学习,42.98,100.0,0,2024-08-12,2026-04-01
USER_002489,COURSE_00102,产品设计,61.65,89.24,0,2024-12-30,2026-03-23
USER_001877,COURSE_00078,编程开发,188.37,70.89,0,2024-03-17,2026-04-06
USER_002463,COURSE_00177,语言学习,17.91,87.03,1,2024-09-21,2026-04-03
USER_001631,COURSE_00169,数据科学,207.33,78.93,1,2024-10-25,2026-03-20
USER_000288,COURSE_00083,职业技能,72.77,79.37,0,2024-10-11,2026-03-29
USER_004283,COURSE_00030,市场营销,80.14,100.0,1,2024-02-18,2026-03-23
USER_001908,COURSE_00005,语言学习,86.4,100.0,1,2024-01-27,2026-03-20
USER_001162,COURSE_00119,数据科学,84.48,89.47,1,2024-11-14,2026-04-13
USER_000130,COURSE_00199,语言学习,5.72,86.48,0,2024-06-09,2026-04-07
USER_002364,COURSE_00031,编程开发,154.16,79.19,1,2024-06-21,2026-04-12
USER_000144,COURSE_00180,编程开发,134.58,62.4,1,2024-04-24,2026-04-03
USER_000016,COURSE_00023,语言学习,78.59,72.6,1,2024-09-24,2026-03-19
USER_000245,COURSE_00048,职业技能,55.38,92.75,1,2024-11-25,2026-03-24
USER_000927,COURSE_00109,职业技能,80.45,71.63,0,2024-08-20,2026-04-04
USER_003179,COURSE_00040,数据科学,135.77,48.27,1,2024-08-05,2026-03-26
USER_002177,COURSE_00006,市场营销,66.45,70.85,1,2024-09-11,2026-04-04
USER_000887,COURSE_00038,数据科学,179.2,68.98,0,2024-06-03,2026-03-22
USER_000341,COURSE_00169,市场营销,45.93,93.92,1,2024-01-25,2026-04-14
USER_002052,COURSE_00100,语言学习,85.91,90.3,1,2024-04-27,2026-03-20
USER_003399,COURSE_00027,市场营销,41.38,100.0,1,2024-10-17,2026-04-02
USER_003951,COURSE_00069,人工智能,119.35,79.81,1,2024-05-03,2026-04-14
USER_000306,COURSE_00057,产品设计,39.42,81.46,1,2024-10-31,2026-04-14
USER_000908,COURSE_00017,商业管理,106.49,85.63,0,2024-05-13,2026-04-07
