date,city,temperature,humidity,precipitation,wind_speed,pressure,year,month,day,dayofyear,weekofyear,quarter,season
2020-01-01,北京,4.49,67.28,2.63,1.21,1017.78,2020,1,1,1,1,1,冬季
2020-01-02,北京,9.91,76.33,0.04,2.05,1005.12,2020,1,2,2,1,1,冬季
2020-01-03,北京,3.22,49.53,1.13,5.92,990.14,2020,1,3,3,1,1,冬季
2020-01-04,北京,-2.53,54.54,1.22,1.96,1021.97,2020,1,4,4,1,1,冬季
2020-01-05,北京,-0.71,69.77,1.87,2.01,1027.21,2020,1,5,5,1,1,冬季
2020-01-06,北京,-1.0,87.18,0.26,2.14,1012.92,2020,1,6,6,2,1,冬季
2020-01-07,北京,6.12,56.45,0.75,3.21,1030.9,2020,1,7,7,2,1,冬季
2020-01-08,北京,5.7,70.37,0.19,1.35,989.25,2020,1,8,8,2,1,冬季
2020-01-09,北京,-0.29,79.23,0.66,1.18,1015.02,2020,1,9,9,2,1,冬季
2020-01-10,北京,-1.37,74.78,0.01,5.07,1026.32,2020,1,10,10,2,1,冬季
2020-01-11,北京,-2.19,65.57,3.98,0.76,1029.49,2020,1,11,11,2,1,冬季
2020-01-12,北京,-3.52,56.7,2.62,5.99,1017.45,2020,1,12,12,2,1,冬季
2020-01-13,北京,3.82,62.21,2.86,8.88,1018.07,2020,1,13,13,3,1,冬季
2020-01-14,北京,-11.09,76.88,0.05,0.85,1028.64,2020,1,14,14,3,1,冬季
2020-01-15,北京,0.91,72.23,1.06,1.68,1024.16,2020,1,15,15,3,1,冬季
2020-01-16,北京,-2.03,63.64,5.31,4.8,1030.37,2020,1,16,16,3,1,冬季
2020-01-17,北京,-0.64,73.79,4.46,8.28,1015.63,2020,1,17,17,3,1,冬季
2020-01-18,北京,-1.5,65.38,0.52,7.82,1008.62,2020,1,18,18,3,1,冬季
2020-01-19,北京,2.04,66.31,1.08,2.41,1008.66,2020,1,19,19,3,1,冬季
2020-01-20,北京,1.2,72.7,1.46,1.44,1034.06,2020,1,20,20,4,1,冬季
2020-01-21,北京,-7.58,68.4,0.67,3.6,1006.51,2020,1,21,21,4,1,冬季
2020-01-22,北京,1.05,71.68,0.31,4.29,1012.89,2020,1,22,22,4,1,冬季
2020-01-23,北京,7.72,76.18,0.54,1.66,1033.76,2020,1,23,23,4,1,冬季
2020-01-24,北京,4.94,90.56,0.19,2.21,1026.85,2020,1,24,24,4,1,冬季
2020-01-25,北京,2.51,63.63,2.26,3.36,1007.52,2020,1,25,25,4,1,冬季
2020-01-26,北京,-3.3,73.4,2.35,5.21,1010.59,2020,1,26,26,4,1,冬季
2020-01-27,北京,-1.91,65.44,5.17,2.49,1021.34,2020,1,27,27,5,1,冬季
2020-01-28,北京,3.15,81.73,1.51,2.56,1009.91,2020,1,28,28,5,1,冬季
2020-01-29,北京,3.31,76.48,0.83,7.94,999.99,2020,1,29,29,5,1,冬季
2020-01-30,北京,3.26,72.12,2.05,3.95,1025.71,2020,1,30,30,5,1,冬季
2020-01-31,北京,3.47,61.52,0.01,3.81,994.75,2020,1,31,31,5,1,冬季
2020-02-01,北京,1.54,71.57,2.49,1.75,996.04,2020,2,1,32,5,1,冬季
2020-02-02,北京,12.32,69.13,2.14,1.56,1015.19,2020,2,2,33,5,1,冬季
2020-02-03,北京,3.05,56.84,7.22,6.16,1009.41,2020,2,3,34,6,1,冬季
2020-02-04,北京,7.57,79.54,1.72,0.86,1012.48,2020,2,4,35,6,1,冬季
2020-02-05,北京,2.15,69.82,5.64,3.02,1024.11,2020,2,5,36,6,1,冬季
2020-02-06,北京,3.27,49.85,3.81,1.47,1005.31,2020,2,6,37,6,1,冬季
2020-02-07,北京,8.37,68.85,1.69,3.97,1000.87,2020,2,7,38,6,1,冬季
2020-02-08,北京,7.79,53.57,4.2,6.13,1028.99,2020,2,8,39,6,1,冬季
2020-02-09,北京,0.61,55.62,3.31,4.18,1016.86,2020,2,9,40,6,1,冬季
2020-02-10,北京,10.08,95.0,3.2,8.09,1027.82,2020,2,10,41,7,1,冬季
2020-02-11,北京,5.92,72.59,0.94,3.78,1000.16,2020,2,11,42,7,1,冬季
2020-02-12,北京,19.07,46.33,0.68,2.37,1014.2,2020,2,12,43,7,1,冬季
2020-02-13,北京,5.14,75.89,0.27,9.2,1014.93,2020,2,13,44,7,1,冬季
2020-02-14,北京,3.85,67.16,0.11,3.21,1040.65,2020,2,14,45,7,1,冬季
2020-02-15,北京,-2.63,66.86,3.17,2.31,987.96,2020,2,15,46,7,1,冬季
2020-02-16,北京,10.02,73.66,1.05,2.54,1008.23,2020,2,16,47,7,1,冬季
2020-02-17,北京,16.33,69.05,2.16,4.41,1037.77,2020,2,17,48,8,1,冬季
2020-02-18,北京,-0.1,60.16,0.88,2.76,1041.08,2020,2,18,49,8,1,冬季
2020-02-19,北京,-8.71,54.76,0.38,0.38,993.5,2020,2,19,50,8,1,冬季
2020-02-20,北京,5.3,66.31,0.94,3.49,1048.22,2020,2,20,51,8,1,冬季
2020-02-21,北京,2.59,69.62,0.15,2.84,1013.91,2020,2,21,52,8,1,冬季
2020-02-22,北京,8.07,71.62,0.98,1.98,1044.67,2020,2,22,53,8,1,冬季
2020-02-23,北京,6.74,70.88,6.5,2.23,1016.11,2020,2,23,54,8,1,冬季
2020-02-24,北京,4.55,73.5,0.25,6.45,1034.79,2020,2,24,55,9,1,冬季
2020-02-25,北京,11.56,71.3,0.66,4.97,1002.35,2020,2,25,56,9,1,冬季
2020-02-26,北京,7.4,66.17,0.93,1.89,1030.43,2020,2,26,57,9,1,冬季
2020-02-27,北京,6.41,75.99,2.78,2.39,1016.92,2020,2,27,58,9,1,冬季
2020-02-28,北京,14.03,65.21,0.77,2.75,1025.81,2020,2,28,59,9,1,冬季
2020-02-29,北京,9.12,63.7,6.02,3.21,1028.98,2020,2,29,60,9,1,冬季
2020-03-01,北京,9.97,47.86,2.23,5.75,1023.01,2020,3,1,61,9,1,春季
2020-03-02,北京,14.94,51.03,0.12,10.31,1022.21,2020,3,2,62,10,1,春季
2020-03-03,北京,21.79,55.67,3.45,3.89,1030.32,2020,3,3,63,10,1,春季
2020-03-04,北京,12.61,53.36,0.17,8.22,982.44,2020,3,4,64,10,1,春季
2020-03-05,北京,22.85,56.98,1.26,3.32,1032.07,2020,3,5,65,10,1,春季
2020-03-06,北京,18.85,64.93,0.94,3.57,1007.85,2020,3,6,66,10,1,春季
2020-03-07,北京,17.29,60.7,1.89,6.57,1020.1,2020,3,7,67,10,1,春季
2020-03-08,北京,15.27,82.76,2.38,4.5,1031.01,2020,3,8,68,10,1,春季
2020-03-09,北京,24.08,58.89,1.94,6.54,1010.63,2020,3,9,69,11,1,春季
2020-03-10,北京,8.22,70.33,0.16,0.43,1018.44,2020,3,10,70,11,1,春季
2020-03-11,北京,10.51,64.92,4.84,5.64,1035.15,2020,3,11,71,11,1,春季
2020-03-12,北京,20.9,55.31,8.73,4.16,996.54,2020,3,12,72,11,1,春季
2020-03-13,北京,14.43,72.38,1.07,3.06,1012.17,2020,3,13,73,11,1,春季
2020-03-14,北京,15.03,60.47,2.93,2.59,989.01,2020,3,14,74,11,1,春季
2020-03-15,北京,15.6,65.14,0.52,6.89,1036.12,2020,3,15,75,11,1,春季
2020-03-16,北京,16.66,52.52,1.47,3.64,1036.27,2020,3,16,76,12,1,春季
2020-03-17,北京,25.3,77.55,4.19,1.33,1008.96,2020,3,17,77,12,1,春季
2020-03-18,北京,18.23,73.69,2.44,2.33,1007.87,2020,3,18,78,12,1,春季
2020-03-19,北京,20.29,42.41,1.0,6.18,1010.94,2020,3,19,79,12,1,春季
2020-03-20,北京,22.51,60.74,1.01,6.56,1017.96,2020,3,20,80,12,1,春季
2020-03-21,北京,6.48,59.44,1.23,3.32,1019.05,2020,3,21,81,12,1,春季
2020-03-22,北京,8.48,66.7,0.16,1.22,1020.32,2020,3,22,82,12,1,春季
2020-03-23,北京,14.69,69.55,2.2,2.31,1005.86,2020,3,23,83,13,1,春季
2020-03-24,北京,12.35,52.07,0.39,0.83,1010.13,2020,3,24,84,13,1,春季
2020-03-25,北京,24.82,60.35,0.08,4.85,1031.07,2020,3,25,85,13,1,春季
2020-03-26,北京,14.44,57.79,3.28,1.77,1021.69,2020,3,26,86,13,1,春季
2020-03-27,北京,13.62,36.98,1.93,1.96,980.12,2020,3,27,87,13,1,春季
2020-03-28,北京,17.88,63.11,1.43,1.4,1014.19,2020,3,28,88,13,1,春季
2020-03-29,北京,6.97,62.03,0.63,2.87,1012.28,2020,3,29,89,13,1,春季
2020-03-30,北京,11.77,49.18,0.26,3.93,1026.66,2020,3,30,90,14,1,春季
2020-03-31,北京,14.96,74.8,0.18,3.21,1028.22,2020,3,31,91,14,1,春季
2020-04-01,北京,17.31,53.1,0.67,8.39,993.36,2020,4,1,92,14,2,春季
2020-04-02,北京,15.51,60.63,0.21,2.28,1003.61,2020,4,2,93,14,2,春季
2020-04-03,北京,19.54,46.36,0.38,5.43,1018.85,2020,4,3,94,14,2,春季
2020-04-04,北京,22.08,57.37,0.6,4.09,1020.92,2020,4,4,95,14,2,春季
2020-04-05,北京,23.54,75.43,0.66,9.51,1004.53,2020,4,5,96,14,2,春季
2020-04-06,北京,17.49,57.8,0.56,0.08,990.14,2020,4,6,97,15,2,春季
2020-04-07,北京,26.49,43.61,1.31,4.07,1010.77,2020,4,7,98,15,2,春季
2020-04-08,北京,20.46,48.98,2.29,5.71,1002.15,2020,4,8,99,15,2,春季
2020-04-09,北京,34.67,37.3,5.31,1.31,1015.55,2020,4,9,100,15,2,春季
2020-04-10,北京,22.95,59.88,3.69,9.3,1004.08,2020,4,10,101,15,2,春季
2020-04-11,北京,25.44,51.82,3.37,2.58,979.88,2020,4,11,102,15,2,春季
2020-04-12,北京,24.3,52.3,3.39,6.43,1002.85,2020,4,12,103,15,2,春季
2020-04-13,北京,11.35,65.52,1.4,1.6,1009.41,2020,4,13,104,16,2,春季
2020-04-14,北京,26.62,63.92,1.96,3.59,1015.48,2020,4,14,105,16,2,春季
2020-04-15,北京,25.34,46.25,3.16,2.4,1027.49,2020,4,15,106,16,2,春季
2020-04-16,北京,22.91,50.13,0.75,4.49,1035.65,2020,4,16,107,16,2,春季
2020-04-17,北京,24.51,51.52,3.44,5.97,1032.3,2020,4,17,108,16,2,春季
2020-04-18,北京,20.28,50.73,2.56,2.1,1033.79,2020,4,18,109,16,2,春季
2020-04-19,北京,27.54,38.68,0.85,4.11,1015.56,2020,4,19,110,16,2,春季
2020-04-20,北京,26.68,46.09,5.89,0.21,1015.71,2020,4,20,111,17,2,春季
2020-04-21,北京,35.72,52.97,4.11,3.46,1039.73,2020,4,21,112,17,2,春季
2020-04-22,北京,25.45,57.17,0.33,4.61,992.88,2020,4,22,113,17,2,春季
2020-04-23,北京,31.93,56.84,5.2,3.6,1051.08,2020,4,23,114,17,2,春季
2020-04-24,北京,25.12,49.12,0.82,3.0,1025.78,2020,4,24,115,17,2,春季
2020-04-25,北京,10.9,52.7,0.85,5.23,990.46,2020,4,25,116,17,2,春季
2020-04-26,北京,21.2,43.75,0.39,2.96,1025.07,2020,4,26,117,17,2,春季
2020-04-27,北京,21.71,65.8,2.0,0.48,997.74,2020,4,27,118,18,2,春季
2020-04-28,北京,25.08,47.01,1.89,2.93,1002.84,2020,4,28,119,18,2,春季
2020-04-29,北京,23.25,47.17,4.57,5.4,1051.55,2020,4,29,120,18,2,春季
2020-04-30,北京,16.96,68.89,1.16,0.1,995.34,2020,4,30,121,18,2,春季
2020-05-01,北京,29.01,54.24,5.84,2.72,1025.5,2020,5,1,122,18,2,春季
2020-05-02,北京,21.36,47.72,0.34,3.16,1011.66,2020,5,2,123,18,2,春季
2020-05-03,北京,28.14,44.3,2.23,1.78,1014.48,2020,5,3,124,18,2,春季
2020-05-04,北京,27.34,56.34,0.54,1.29,1025.21,2020,5,4,125,19,2,春季
2020-05-05,北京,23.29,53.69,1.01,4.03,1003.14,2020,5,5,126,19,2,春季
2020-05-06,北京,23.3,34.64,4.46,10.28,994.38,2020,5,6,127,19,2,春季
2020-05-07,北京,23.91,64.5,0.62,0.55,1031.7,2020,5,7,128,19,2,春季
2020-05-08,北京,17.14,33.81,5.93,2.12,1027.58,2020,5,8,129,19,2,春季
2020-05-09,北京,27.84,47.98,0.05,8.16,1045.33,2020,5,9,130,19,2,春季
2020-05-10,北京,31.35,45.11,3.6,2.37,993.67,2020,5,10,131,19,2,春季
2020-05-11,北京,28.49,35.04,1.62,4.97,1005.96,2020,5,11,132,20,2,春季
2020-05-12,北京,30.63,67.55,2.19,9.25,1010.63,2020,5,12,133,20,2,春季
2020-05-13,北京,32.02,55.18,0.1,0.19,1007.78,2020,5,13,134,20,2,春季
2020-05-14,北京,28.98,37.0,0.99,5.07,1033.12,2020,5,14,135,20,2,春季
2020-05-15,北京,23.57,57.08,1.29,0.55,1014.43,2020,5,15,136,20,2,春季
2020-05-16,北京,28.89,57.42,0.11,0.75,987.66,2020,5,16,137,20,2,春季
2020-05-17,北京,32.93,47.82,0.16,4.0,1042.63,2020,5,17,138,20,2,春季
2020-05-18,北京,27.75,35.76,3.42,2.4,996.68,2020,5,18,139,21,2,春季
2020-05-19,北京,32.64,33.71,0.19,7.25,993.21,2020,5,19,140,21,2,春季
2020-05-20,北京,26.86,61.99,2.64,3.65,1032.29,2020,5,20,141,21,2,春季
2020-05-21,北京,33.3,46.8,1.34,5.25,1025.28,2020,5,21,142,21,2,春季
2020-05-22,北京,28.66,55.81,7.08,2.81,1029.94,2020,5,22,143,21,2,春季
2020-05-23,北京,27.59,46.69,3.53,6.19,991.92,2020,5,23,144,21,2,春季
2020-05-24,北京,30.5,40.91,2.58,7.84,1019.19,2020,5,24,145,21,2,春季
2020-05-25,北京,18.34,44.83,1.97,6.82,992.76,2020,5,25,146,22,2,春季
2020-05-26,北京,30.92,58.47,3.21,3.46,1031.35,2020,5,26,147,22,2,春季
2020-05-27,北京,24.57,46.24,1.98,0.6,986.62,2020,5,27,148,22,2,春季
2020-05-28,北京,25.89,48.52,0.88,1.35,997.24,2020,5,28,149,22,2,春季
2020-05-29,北京,27.82,53.68,0.97,1.26,1023.24,2020,5,29,150,22,2,春季
2020-05-30,北京,32.91,49.2,5.79,3.21,1003.04,2020,5,30,151,22,2,春季
2020-05-31,北京,28.82,56.26,1.87,0.7,1014.11,2020,5,31,152,22,2,春季
2020-06-01,北京,26.88,44.45,1.89,2.21,1010.48,2020,6,1,153,23,2,夏季
2020-06-02,北京,37.1,44.29,1.89,4.3,1007.35,2020,6,2,154,23,2,夏季
2020-06-03,北京,31.01,34.84,7.19,1.6,1015.47,2020,6,3,155,23,2,夏季
2020-06-04,北京,26.94,46.12,1.89,4.94,1029.25,2020,6,4,156,23,2,夏季
2020-06-05,北京,29.12,42.02,3.73,6.18,998.74,2020,6,5,157,23,2,夏季
2020-06-06,北京,27.41,52.24,1.89,1.55,1032.86,2020,6,6,158,23,2,夏季
2020-06-07,北京,24.34,33.61,1.89,4.68,1026.99,2020,6,7,159,23,2,夏季
2020-06-08,北京,32.11,54.06,1.89,5.54,1028.13,2020,6,8,160,24,2,夏季
2020-06-09,北京,37.66,43.51,1.89,4.73,1007.45,2020,6,9,161,24,2,夏季
2020-06-10,北京,25.83,43.1,1.89,4.78,1009.61,2020,6,10,162,24,2,夏季
2020-06-11,北京,30.02,58.18,1.89,0.78,1024.3,2020,6,11,163,24,2,夏季
2020-06-12,北京,23.25,64.95,0.91,3.92,1021.07,2020,6,12,164,24,2,夏季
2020-06-13,北京,30.24,62.09,1.89,0.82,1015.63,2020,6,13,165,24,2,夏季
2020-06-14,北京,32.04,48.14,1.89,2.39,985.85,2020,6,14,166,24,2,夏季
2020-06-15,北京,34.83,45.2,1.89,3.67,1018.51,2020,6,15,167,25,2,夏季
2020-06-16,北京,27.37,48.69,1.89,0.36,987.49,2020,6,16,168,25,2,夏季
2020-06-17,北京,27.97,37.7,1.89,2.9,1029.83,2020,6,17,169,25,2,夏季
2020-06-18,北京,36.55,47.78,1.89,1.16,994.59,2020,6,18,170,25,2,夏季
2020-06-19,北京,38.3,58.98,2.09,2.83,1014.11,2020,6,19,171,25,2,夏季
2020-06-20,北京,28.85,59.51,5.13,2.52,1017.05,2020,6,20,172,25,2,夏季
2020-06-21,北京,28.85,57.08,1.89,5.57,998.83,2020,6,21,173,25,2,夏季
2020-06-22,北京,31.62,62.49,5.25,4.77,1018.62,2020,6,22,174,26,2,夏季
2020-06-23,北京,26.21,36.42,5.41,2.58,989.13,2020,6,23,175,26,2,夏季
2020-06-24,北京,32.82,43.65,4.86,6.62,1010.4,2020,6,24,176,26,2,夏季
2020-06-25,北京,26.56,74.72,2.76,2.21,1018.58,2020,6,25,177,26,2,夏季
2020-06-26,北京,32.39,49.76,0.89,2.07,1049.03,2020,6,26,178,26,2,夏季
2020-06-27,北京,29.89,55.25,0.08,10.37,999.86,2020,6,27,179,26,2,夏季
2020-06-28,北京,30.19,47.31,0.65,3.12,1015.93,2020,6,28,180,26,2,夏季
2020-06-29,北京,24.69,59.89,1.79,5.22,1017.13,2020,6,29,181,27,2,夏季
2020-06-30,北京,26.01,68.12,1.89,4.35,1004.31,2020,6,30,182,27,2,夏季
2020-07-01,北京,33.44,52.49,1.89,6.44,1019.02,2020,7,1,183,27,3,夏季
2020-07-02,北京,38.9,47.64,0.5,3.89,997.53,2020,7,2,184,27,3,夏季
2020-07-03,北京,25.34,57.53,5.52,7.18,999.0,2020,7,3,185,27,3,夏季
2020-07-04,北京,31.76,40.06,9.12,5.01,1029.37,2020,7,4,186,27,3,夏季
2020-07-05,北京,27.44,60.67,4.43,6.13,989.57,2020,7,5,187,27,3,夏季
2020-07-06,北京,38.0,50.29,1.89,10.37,988.51,2020,7,6,188,28,3,夏季
2020-07-07,北京,25.13,59.34,1.89,3.82,1033.65,2020,7,7,189,28,3,夏季
2020-07-08,北京,31.88,55.36,1.89,1.86,1017.86,2020,7,8,190,28,3,夏季
2020-07-09,北京,26.53,34.83,1.89,3.2,979.48,2020,7,9,191,28,3,夏季
2020-07-10,北京,29.17,39.78,3.97,4.23,1025.11,2020,7,10,192,28,3,夏季
2020-07-11,北京,21.76,62.42,1.12,1.82,989.66,2020,7,11,193,28,3,夏季
2020-07-12,北京,26.63,30.39,1.89,4.03,1022.73,2020,7,12,194,28,3,夏季
2020-07-13,北京,21.03,42.96,1.47,4.87,1025.71,2020,7,13,195,29,3,夏季
2020-07-14,北京,34.1,63.48,1.89,3.11,1008.45,2020,7,14,196,29,3,夏季
2020-07-15,北京,29.89,48.07,0.47,2.1,1011.04,2020,7,15,197,29,3,夏季
2020-07-16,北京,22.82,49.44,5.66,4.63,1015.09,2020,7,16,198,29,3,夏季
2020-07-17,北京,30.25,50.0,5.8,7.0,999.93,2020,7,17,199,29,3,夏季
2020-07-18,北京,30.01,41.96,8.95,5.29,1017.15,2020,7,18,200,29,3,夏季
2020-07-19,北京,24.74,62.07,1.56,2.93,1012.54,2020,7,19,201,29,3,夏季
2020-07-20,北京,38.01,60.97,6.76,4.19,1015.96,2020,7,20,202,30,3,夏季
2020-07-21,北京,30.24,40.57,8.6,5.37,1001.43,2020,7,21,203,30,3,夏季
2020-07-22,北京,29.47,61.39,1.89,2.72,1021.47,2020,7,22,204,30,3,夏季
2020-07-23,北京,29.77,34.49,8.81,1.46,1023.82,2020,7,23,205,30,3,夏季
2020-07-24,北京,31.17,64.24,1.02,2.7,993.83,2020,7,24,206,30,3,夏季
2020-07-25,北京,19.77,42.49,4.76,9.16,993.6,2020,7,25,207,30,3,夏季
2020-07-26,北京,24.99,53.04,8.83,1.83,979.26,2020,7,26,208,30,3,夏季
2020-07-27,北京,24.58,51.93,5.22,7.17,995.65,2020,7,27,209,31,3,夏季
2020-07-28,北京,20.33,65.79,6.1,0.49,1023.2,2020,7,28,210,31,3,夏季
2020-07-29,北京,30.87,48.81,1.89,4.45,1010.17,2020,7,29,211,31,3,夏季
2020-07-30,北京,30.76,51.0,2.37,1.43,1027.56,2020,7,30,212,31,3,夏季
2020-07-31,北京,24.9,32.22,7.54,4.47,1003.95,2020,7,31,213,31,3,夏季
2020-08-01,北京,14.57,53.66,9.14,2.94,1040.7,2020,8,1,214,31,3,夏季
2020-08-02,北京,23.61,56.6,2.37,1.45,1033.96,2020,8,2,215,31,3,夏季
2020-08-03,北京,22.12,49.21,8.02,3.5,1031.09,2020,8,3,216,32,3,夏季
2020-08-04,北京,24.42,52.16,1.91,4.48,1030.24,2020,8,4,217,32,3,夏季
2020-08-05,北京,21.0,52.25,2.16,5.67,1025.04,2020,8,5,218,32,3,夏季
2020-08-06,北京,19.7,73.2,0.8,1.62,1046.34,2020,8,6,219,32,3,夏季
2020-08-07,北京,16.31,60.24,1.89,1.77,1031.37,2020,8,7,220,32,3,夏季
2020-08-08,北京,30.62,39.63,3.97,4.07,1017.72,2020,8,8,221,32,3,夏季
2020-08-09,北京,22.49,59.15,4.14,1.71,1027.65,2020,8,9,222,32,3,夏季
2020-08-10,北京,28.02,58.03,6.91,2.14,996.49,2020,8,10,223,33,3,夏季
2020-08-11,北京,18.94,49.13,5.86,2.85,1003.67,2020,8,11,224,33,3,夏季
2020-08-12,北京,26.01,65.31,8.42,3.62,995.41,2020,8,12,225,33,3,夏季
2020-08-13,北京,16.33,61.95,1.89,3.21,1014.45,2020,8,13,226,33,3,夏季
2020-08-14,北京,19.1,45.09,6.14,5.24,1036.75,2020,8,14,227,33,3,夏季
2020-08-15,北京,20.97,68.14,1.89,1.08,1004.99,2020,8,15,228,33,3,夏季
2020-08-16,北京,15.46,55.73,1.89,5.78,1001.76,2020,8,16,229,33,3,夏季
2020-08-17,北京,23.63,49.73,1.89,4.36,996.94,2020,8,17,230,34,3,夏季
2020-08-18,北京,18.05,47.96,1.89,2.75,1000.28,2020,8,18,231,34,3,夏季
2020-08-19,北京,14.49,76.56,5.8,1.18,1016.77,2020,8,19,232,34,3,夏季
2020-08-20,北京,22.49,51.15,1.89,4.68,1006.42,2020,8,20,233,34,3,夏季
2020-08-21,北京,28.33,60.68,2.91,5.13,995.18,2020,8,21,234,34,3,夏季
2020-08-22,北京,20.73,44.63,1.89,8.0,1009.62,2020,8,22,235,34,3,夏季
2020-08-23,北京,23.49,79.65,1.89,2.62,975.11,2020,8,23,236,34,3,夏季
2020-08-24,北京,22.82,51.28,0.56,1.37,1020.62,2020,8,24,237,35,3,夏季
2020-08-25,北京,22.77,36.98,5.64,1.93,1017.25,2020,8,25,238,35,3,夏季
2020-08-26,北京,18.53,60.4,8.4,1.0,1002.67,2020,8,26,239,35,3,夏季
2020-08-27,北京,22.19,49.36,1.04,2.38,1017.54,2020,8,27,240,35,3,夏季
2020-08-28,北京,19.36,55.16,1.89,1.78,989.99,2020,8,28,241,35,3,夏季
2020-08-29,北京,27.06,60.0,4.44,3.21,1011.07,2020,8,29,242,35,3,夏季
2020-08-30,北京,27.45,49.93,4.28,1.13,1026.18,2020,8,30,243,35,3,夏季
2020-08-31,北京,26.31,54.7,5.25,2.9,1025.95,2020,8,31,244,36,3,夏季
2020-09-01,北京,11.02,61.09,0.48,1.2,998.09,2020,9,1,245,36,3,秋季
2020-09-02,北京,14.85,40.4,3.72,3.21,995.1,2020,9,2,246,36,3,秋季
2020-09-03,北京,14.8,71.68,1.29,1.56,999.88,2020,9,3,247,36,3,秋季
2020-09-04,北京,3.62,62.85,6.22,3.9,1030.13,2020,9,4,248,36,3,秋季
2020-09-05,北京,9.4,44.01,3.68,2.39,1011.67,2020,9,5,249,36,3,秋季
2020-09-06,北京,19.61,74.11,4.51,7.56,1003.39,2020,9,6,250,36,3,秋季
2020-09-07,北京,15.84,48.09,2.67,3.5,1009.57,2020,9,7,251,37,3,秋季
2020-09-08,北京,15.45,62.37,0.15,2.29,1000.96,2020,9,8,252,37,3,秋季
2020-09-09,北京,21.49,50.19,2.98,0.95,1006.23,2020,9,9,253,37,3,秋季
2020-09-10,北京,12.82,62.83,2.89,1.82,1022.11,2020,9,10,254,37,3,秋季
2020-09-11,北京,21.56,47.47,0.26,2.2,1022.63,2020,9,11,255,37,3,秋季
2020-09-12,北京,21.12,54.17,6.91,3.43,1034.83,2020,9,12,256,37,3,秋季
2020-09-13,北京,24.0,67.46,2.14,5.11,1021.35,2020,9,13,257,37,3,秋季
2020-09-14,北京,13.95,54.05,1.13,1.0,1021.69,2020,9,14,258,38,3,秋季
2020-09-15,北京,15.74,55.16,0.44,2.55,992.89,2020,9,15,259,38,3,秋季
2020-09-16,北京,19.57,63.04,3.75,4.07,1025.56,2020,9,16,260,38,3,秋季
2020-09-17,北京,10.93,72.14,2.61,2.98,997.42,2020,9,17,261,38,3,秋季
2020-09-18,北京,17.51,63.26,5.54,3.41,1011.58,2020,9,18,262,38,3,秋季
2020-09-19,北京,14.57,68.13,0.48,5.06,1020.42,2020,9,19,263,38,3,秋季
2020-09-20,北京,18.62,83.0,1.42,6.95,1040.17,2020,9,20,264,38,3,秋季
2020-09-21,北京,18.12,63.29,2.86,6.24,1009.24,2020,9,21,265,39,3,秋季
2020-09-22,北京,14.9,68.28,1.89,1.47,1032.32,2020,9,22,266,39,3,秋季
2020-09-23,北京,12.89,62.61,2.64,0.87,1005.28,2020,9,23,267,39,3,秋季
2020-09-24,北京,9.45,62.78,0.01,8.68,991.25,2020,9,24,268,39,3,秋季
2020-09-25,北京,9.47,55.46,4.19,1.63,1000.74,2020,9,25,269,39,3,秋季
2020-09-26,北京,4.53,65.89,1.8,4.29,1038.22,2020,9,26,270,39,3,秋季
2020-09-27,北京,11.25,71.67,0.2,2.06,1046.21,2020,9,27,271,39,3,秋季
2020-09-28,北京,13.52,61.26,1.65,1.85,1037.46,2020,9,28,272,40,3,秋季
2020-09-29,北京,19.78,53.75,3.49,5.96,1029.74,2020,9,29,273,40,3,秋季
2020-09-30,北京,11.75,69.48,1.46,5.42,1006.52,2020,9,30,274,40,3,秋季
2020-10-01,北京,3.07,56.57,0.5,3.0,1015.85,2020,10,1,275,40,4,秋季
2020-10-02,北京,10.38,83.62,3.08,1.25,1030.21,2020,10,2,276,40,4,秋季
2020-10-03,北京,5.98,76.99,1.77,0.42,991.84,2020,10,3,277,40,4,秋季
2020-10-04,北京,1.63,59.72,1.46,5.75,1028.49,2020,10,4,278,40,4,秋季
2020-10-05,北京,6.53,61.31,3.25,4.48,996.33,2020,10,5,279,41,4,秋季
2020-10-06,北京,7.24,67.06,1.37,2.45,1026.5,2020,10,6,280,41,4,秋季
2020-10-07,北京,11.39,68.55,0.29,1.23,1018.3,2020,10,7,281,41,4,秋季
2020-10-08,北京,8.11,55.24,0.57,1.52,1000.4,2020,10,8,282,41,4,秋季
2020-10-09,北京,2.89,61.96,3.0,9.24,1005.11,2020,10,9,283,41,4,秋季
2020-10-10,北京,7.43,66.02,1.06,1.18,1016.71,2020,10,10,284,41,4,秋季
2020-10-11,北京,7.94,72.02,0.11,3.59,1026.27,2020,10,11,285,41,4,秋季
2020-10-12,北京,2.9,53.9,1.67,5.02,1014.2,2020,10,12,286,42,4,秋季
2020-10-13,北京,9.24,56.92,0.33,2.58,1022.49,2020,10,13,287,42,4,秋季
2020-10-14,北京,5.25,75.18,0.24,2.63,1015.28,2020,10,14,288,42,4,秋季
2020-10-15,北京,3.36,65.86,1.23,1.02,1012.13,2020,10,15,289,42,4,秋季
2020-10-16,北京,9.68,74.04,1.24,10.31,997.48,2020,10,16,290,42,4,秋季
2020-10-17,北京,7.6,57.72,3.28,1.93,1012.12,2020,10,17,291,42,4,秋季
2020-10-18,北京,4.27,57.01,0.36,7.32,1001.47,2020,10,18,292,42,4,秋季
2020-10-19,北京,9.12,62.48,4.23,2.49,1020.67,2020,10,19,293,43,4,秋季
2020-10-20,北京,11.92,64.22,1.55,1.4,1012.92,2020,10,20,294,43,4,秋季
2020-10-21,北京,5.37,76.48,2.99,0.49,1016.01,2020,10,21,295,43,4,秋季
2020-10-22,北京,16.87,75.8,3.2,5.73,1010.12,2020,10,22,296,43,4,秋季
2020-10-23,北京,9.92,56.54,3.15,5.98,1006.58,2020,10,23,297,43,4,秋季
2020-10-24,北京,5.83,60.96,0.41,4.16,1024.41,2020,10,24,298,43,4,秋季
2020-10-25,北京,17.81,54.32,0.17,3.85,1016.62,2020,10,25,299,43,4,秋季
2020-10-26,北京,7.1,69.52,8.28,7.27,1034.49,2020,10,26,300,44,4,秋季
2020-10-27,北京,6.56,74.86,0.35,3.42,1009.0,2020,10,27,301,44,4,秋季
2020-10-28,北京,10.4,68.26,0.17,1.66,1021.95,2020,10,28,302,44,4,秋季
2020-10-29,北京,8.34,78.18,2.48,2.61,983.67,2020,10,29,303,44,4,秋季
2020-10-30,北京,-3.11,58.92,1.36,2.21,1027.89,2020,10,30,304,44,4,秋季
2020-10-31,北京,11.7,70.47,0.21,2.08,1006.84,2020,10,31,305,44,4,秋季
2020-11-01,北京,10.09,65.44,2.11,0.75,1031.66,2020,11,1,306,44,4,秋季
2020-11-02,北京,4.03,68.42,2.01,4.39,1001.15,2020,11,2,307,45,4,秋季
2020-11-03,北京,-0.31,70.67,0.38,2.4,1020.86,2020,11,3,308,45,4,秋季
2020-11-04,北京,6.37,55.2,2.37,0.42,1014.89,2020,11,4,309,45,4,秋季
2020-11-05,北京,4.58,70.46,4.1,5.57,1023.01,2020,11,5,310,45,4,秋季
2020-11-06,北京,4.06,66.25,2.22,1.41,1015.25,2020,11,6,311,45,4,秋季
2020-11-07,北京,7.55,67.46,1.58,4.03,1012.05,2020,11,7,312,45,4,秋季
2020-11-08,北京,-0.67,67.75,2.69,2.79,1019.33,2020,11,8,313,45,4,秋季
2020-11-09,北京,4.58,66.06,2.8,6.19,1005.1,2020,11,9,314,46,4,秋季
2020-11-10,北京,3.85,87.04,0.2,0.45,1008.56,2020,11,10,315,46,4,秋季
2020-11-11,北京,-3.26,57.98,2.72,4.57,1026.49,2020,11,11,316,46,4,秋季
2020-11-12,北京,1.49,66.97,3.17,3.55,1005.99,2020,11,12,317,46,4,秋季
2020-11-13,北京,2.36,80.28,0.13,4.31,1030.45,2020,11,13,318,46,4,秋季
2020-11-14,北京,6.89,73.67,4.22,5.32,1053.31,2020,11,14,319,46,4,秋季
2020-11-15,北京,-1.26,50.35,2.97,6.18,1016.45,2020,11,15,320,46,4,秋季
2020-11-16,北京,10.07,81.81,1.79,1.34,1024.74,2020,11,16,321,47,4,秋季
2020-11-17,北京,0.78,60.23,1.34,4.55,1015.15,2020,11,17,322,47,4,秋季
2020-11-18,北京,2.23,85.61,2.01,3.07,1010.23,2020,11,18,323,47,4,秋季
2020-11-19,北京,-1.05,68.29,0.3,2.8,981.98,2020,11,19,324,47,4,秋季
2020-11-20,北京,-5.51,76.26,0.46,2.83,1013.1,2020,11,20,325,47,4,秋季
2020-11-21,北京,0.46,61.14,3.24,4.73,1053.96,2020,11,21,326,47,4,秋季
2020-11-22,北京,1.21,75.37,0.18,1.53,1017.03,2020,11,22,327,47,4,秋季
2020-11-23,北京,7.39,68.87,1.36,2.41,1003.21,2020,11,23,328,48,4,秋季
2020-11-24,北京,-7.01,52.82,4.76,5.75,1035.97,2020,11,24,329,48,4,秋季
2020-11-25,北京,-0.41,70.13,0.6,3.72,1003.78,2020,11,25,330,48,4,秋季
2020-11-26,北京,0.67,59.75,1.22,1.53,1008.4,2020,11,26,331,48,4,秋季
2020-11-27,北京,1.35,69.43,0.17,4.84,1010.48,2020,11,27,332,48,4,秋季
2020-11-28,北京,-3.44,82.77,1.8,3.9,1024.38,2020,11,28,333,48,4,秋季
2020-11-29,北京,-1.05,72.28,4.65,3.49,1001.83,2020,11,29,334,48,4,秋季
2020-11-30,北京,1.84,66.58,0.7,3.21,1005.72,2020,11,30,335,49,4,秋季
2020-12-01,北京,0.8,59.72,0.84,6.07,1032.31,2020,12,1,336,49,4,冬季
2020-12-02,北京,-3.23,87.75,2.24,1.44,996.58,2020,12,2,337,49,4,冬季
2020-12-03,北京,6.96,67.5,3.46,0.5,1002.6,2020,12,3,338,49,4,冬季
2020-12-04,北京,6.52,53.38,2.45,1.38,1035.23,2020,12,4,339,49,4,冬季
2020-12-05,北京,-5.53,67.85,4.42,1.41,1006.55,2020,12,5,340,49,4,冬季
2020-12-06,北京,6.55,83.96,0.83,2.96,1002.29,2020,12,6,341,49,4,冬季
2020-12-07,北京,4.82,86.16,0.91,3.21,1006.07,2020,12,7,342,50,4,冬季
2020-12-08,北京,-2.37,69.86,1.41,3.08,1019.14,2020,12,8,343,50,4,冬季
2020-12-09,北京,-0.44,66.3,0.35,0.51,1007.68,2020,12,9,344,50,4,冬季
2020-12-10,北京,3.48,66.66,1.85,0.73,990.71,2020,12,10,345,50,4,冬季
2020-12-11,北京,-5.97,71.43,1.61,9.27,1016.76,2020,12,11,346,50,4,冬季
2020-12-12,北京,-9.01,64.57,0.6,1.02,1000.02,2020,12,12,347,50,4,冬季
2020-12-13,北京,-9.9,77.48,1.74,2.91,996.38,2020,12,13,348,50,4,冬季
2020-12-14,北京,-12.65,67.14,1.89,4.15,1026.49,2020,12,14,349,51,4,冬季
2020-12-15,北京,-6.15,74.97,1.01,3.26,1004.48,2020,12,15,350,51,4,冬季
2020-12-16,北京,1.27,74.68,1.52,2.48,1017.2,2020,12,16,351,51,4,冬季
2020-12-17,北京,3.11,66.3,5.77,3.02,995.41,2020,12,17,352,51,4,冬季
2020-12-18,北京,5.63,69.49,1.78,0.82,1000.36,2020,12,18,353,51,4,冬季
2020-12-19,北京,-2.98,83.74,1.43,2.68,1030.91,2020,12,19,354,51,4,冬季
2020-12-20,北京,-1.68,74.15,6.25,8.86,1030.49,2020,12,20,355,51,4,冬季
2020-12-21,北京,-1.02,68.65,1.43,6.65,1042.36,2020,12,21,356,52,4,冬季
2020-12-22,北京,-1.21,79.52,0.29,7.06,1030.18,2020,12,22,357,52,4,冬季
2020-12-23,北京,-2.66,61.06,6.31,1.86,1004.97,2020,12,23,358,52,4,冬季
2020-12-24,北京,4.28,75.15,0.31,5.54,1023.46,2020,12,24,359,52,4,冬季
2020-12-25,北京,5.91,75.85,1.9,4.63,1000.7,2020,12,25,360,52,4,冬季
2020-12-26,北京,-0.12,53.6,0.14,0.65,1014.6,2020,12,26,361,52,4,冬季
2020-12-27,北京,-0.67,70.3,0.71,5.16,1034.83,2020,12,27,362,52,4,冬季
2020-12-28,北京,0.02,68.21,0.15,3.55,998.03,2020,12,28,363,53,4,冬季
2020-12-29,北京,-3.82,78.73,5.3,1.96,1008.82,2020,12,29,364,53,4,冬季
2020-12-30,北京,3.17,54.59,2.05,3.0,988.21,2020,12,30,365,53,4,冬季
2020-12-31,北京,6.02,61.45,4.39,4.28,1045.81,2020,12,31,366,53,4,冬季
2021-01-01,北京,-4.44,62.17,2.3,3.85,1025.65,2021,1,1,1,53,1,冬季
2021-01-02,北京,4.81,71.03,1.47,8.27,1001.92,2021,1,2,2,53,1,冬季
2021-01-03,北京,6.46,50.33,0.29,3.26,1003.61,2021,1,3,3,53,1,冬季
2021-01-04,北京,2.09,78.21,0.13,1.31,1000.12,2021,1,4,4,1,1,冬季
2021-01-05,北京,7.64,65.93,0.63,1.7,1028.41,2021,1,5,5,1,1,冬季
2021-01-06,北京,-1.31,67.06,4.81,6.42,1012.02,2021,1,6,6,1,1,冬季
2021-01-07,北京,11.92,84.35,2.43,0.95,1020.83,2021,1,7,7,1,1,冬季
2021-01-08,北京,-2.07,70.58,2.86,3.51,997.17,2021,1,8,8,1,1,冬季
2021-01-09,北京,7.3,70.69,2.07,2.65,1019.12,2021,1,9,9,1,1,冬季
2021-01-10,北京,1.38,40.34,1.22,3.38,991.93,2021,1,10,10,1,1,冬季
2021-01-11,北京,-5.07,81.01,3.8,2.57,1007.44,2021,1,11,11,2,1,冬季
2021-01-12,北京,12.53,65.93,2.27,4.37,1001.87,2021,1,12,12,2,1,冬季
2021-01-13,北京,-0.08,81.41,0.76,5.89,1036.22,2021,1,13,13,2,1,冬季
2021-01-14,北京,-1.8,70.58,0.68,2.97,986.84,2021,1,14,14,2,1,冬季
2021-01-15,北京,2.6,53.41,0.04,1.18,1009.73,2021,1,15,15,2,1,冬季
2021-01-16,北京,-11.18,76.45,1.81,0.18,1021.07,2021,1,16,16,2,1,冬季
2021-01-17,北京,1.8,88.84,0.75,3.92,1014.81,2021,1,17,17,2,1,冬季
2021-01-18,北京,9.75,66.28,0.62,3.85,1027.71,2021,1,18,18,3,1,冬季
2021-01-19,北京,-1.7,47.04,0.93,4.04,1027.83,2021,1,19,19,3,1,冬季
2021-01-20,北京,-4.75,75.36,1.22,5.4,1007.06,2021,1,20,20,3,1,冬季
2021-01-21,北京,1.11,61.23,1.32,1.67,1002.57,2021,1,21,21,3,1,冬季
2021-01-22,北京,1.8,74.03,0.16,3.47,1003.07,2021,1,22,22,3,1,冬季
2021-01-23,北京,-0.98,72.05,3.04,1.37,1017.89,2021,1,23,23,3,1,冬季
2021-01-24,北京,0.16,55.68,2.24,9.29,1022.58,2021,1,24,24,3,1,冬季
2021-01-25,北京,0.83,66.03,4.42,0.49,996.66,2021,1,25,25,4,1,冬季
2021-01-26,北京,1.23,69.04,0.55,5.08,1005.05,2021,1,26,26,4,1,冬季
2021-01-27,北京,3.13,77.08,1.23,1.98,1004.54,2021,1,27,27,4,1,冬季
2021-01-28,北京,1.59,66.65,0.47,1.06,1019.72,2021,1,28,28,4,1,冬季
2021-01-29,北京,3.87,69.14,0.6,4.27,1002.25,2021,1,29,29,4,1,冬季
2021-01-30,北京,2.79,70.29,0.42,3.44,1013.4,2021,1,30,30,4,1,冬季
2021-01-31,北京,4.87,67.81,2.53,1.04,1033.89,2021,1,31,31,4,1,冬季
2021-02-01,北京,13.38,67.32,2.95,1.09,1022.28,2021,2,1,32,5,1,冬季
2021-02-02,北京,6.46,71.29,0.5,1.01,1020.04,2021,2,2,33,5,1,冬季
2021-02-03,北京,11.07,63.46,0.06,1.55,1001.06,2021,2,3,34,5,1,冬季
2021-02-04,北京,9.19,57.42,5.04,0.93,988.95,2021,2,4,35,5,1,冬季
2021-02-05,北京,-1.83,75.08,3.1,4.5,989.31,2021,2,5,36,5,1,冬季
2021-02-06,北京,1.44,72.31,0.43,0.74,1013.49,2021,2,6,37,5,1,冬季
2021-02-07,北京,5.46,71.86,6.01,0.73,1042.75,2021,2,7,38,5,1,冬季
2021-02-08,北京,15.59,66.04,0.66,5.78,1008.64,2021,2,8,39,6,1,冬季
2021-02-09,北京,6.55,74.22,3.03,2.49,1012.48,2021,2,9,40,6,1,冬季
2021-02-10,北京,1.24,68.64,0.81,2.47,1019.66,2021,2,10,41,6,1,冬季
2021-02-11,北京,-5.52,66.99,3.33,2.24,1027.37,2021,2,11,42,6,1,冬季
2021-02-12,北京,10.9,76.93,0.33,3.62,1028.79,2021,2,12,43,6,1,冬季
2021-02-13,北京,4.98,64.18,0.27,5.45,974.62,2021,2,13,44,6,1,冬季
2021-02-14,北京,2.06,54.14,0.52,7.57,1025.31,2021,2,14,45,6,1,冬季
2021-02-15,北京,-1.13,58.22,0.79,6.1,1021.69,2021,2,15,46,7,1,冬季
2021-02-16,北京,11.42,62.48,3.29,8.7,987.2,2021,2,16,47,7,1,冬季
2021-02-17,北京,7.93,56.92,2.47,4.73,1004.46,2021,2,17,48,7,1,冬季
2021-02-18,北京,10.75,49.97,0.7,6.52,1025.05,2021,2,18,49,7,1,冬季
2021-02-19,北京,17.48,95.0,0.92,6.98,1027.93,2021,2,19,50,7,1,冬季
2021-02-20,北京,8.65,69.98,2.61,2.36,1023.15,2021,2,20,51,7,1,冬季
2021-02-21,北京,4.71,54.0,0.82,6.88,1027.06,2021,2,21,52,7,1,冬季
2021-02-22,北京,7.47,71.69,0.96,4.65,1004.98,2021,2,22,53,8,1,冬季
2021-02-23,北京,6.03,64.28,3.65,3.18,1019.82,2021,2,23,54,8,1,冬季
2021-02-24,北京,11.95,70.75,1.58,3.21,1013.6,2021,2,24,55,8,1,冬季
2021-02-25,北京,9.96,59.74,1.61,1.37,1008.8,2021,2,25,56,8,1,冬季
2021-02-26,北京,5.11,56.37,0.69,4.4,1025.15,2021,2,26,57,8,1,冬季
2021-02-27,北京,10.92,51.34,1.7,3.52,1003.4,2021,2,27,58,8,1,冬季
2021-02-28,北京,2.35,51.47,1.94,7.57,999.97,2021,2,28,59,8,1,冬季
2021-03-01,北京,12.32,42.93,2.31,2.34,1010.55,2021,3,1,60,9,1,春季
2021-03-02,北京,15.8,65.02,2.23,1.11,1020.81,2021,3,2,61,9,1,春季
2021-03-03,北京,12.93,62.6,0.65,2.19,987.97,2021,3,3,62,9,1,春季
2021-03-04,北京,15.16,52.42,0.4,8.97,1003.8,2021,3,4,63,9,1,春季
2021-03-05,北京,5.77,50.7,1.01,1.62,1003.06,2021,3,5,64,9,1,春季
2021-03-06,北京,10.39,49.96,2.14,3.56,1018.94,2021,3,6,65,9,1,春季
2021-03-07,北京,12.27,57.28,1.83,8.89,1031.72,2021,3,7,66,9,1,春季
2021-03-08,北京,19.06,48.52,2.45,0.7,1026.89,2021,3,8,67,10,1,春季
2021-03-09,北京,20.09,62.71,5.86,2.81,1017.15,2021,3,9,68,10,1,春季
2021-03-10,北京,20.24,71.7,1.05,3.45,1009.16,2021,3,10,69,10,1,春季
2021-03-11,北京,17.86,59.38,1.02,2.43,1019.31,2021,3,11,70,10,1,春季
2021-03-12,北京,14.88,58.26,0.19,4.22,1015.84,2021,3,12,71,10,1,春季
2021-03-13,北京,12.82,43.93,2.57,3.37,1011.7,2021,3,13,72,10,1,春季
2021-03-14,北京,8.54,66.9,2.5,4.35,1021.52,2021,3,14,73,10,1,春季
2021-03-15,北京,11.08,53.09,0.63,9.96,1008.49,2021,3,15,74,11,1,春季
2021-03-16,北京,12.1,62.39,6.05,4.5,1019.79,2021,3,16,75,11,1,春季
2021-03-17,北京,15.38,67.43,0.45,8.49,1023.22,2021,3,17,76,11,1,春季
2021-03-18,北京,11.18,60.38,0.93,3.75,1024.5,2021,3,18,77,11,1,春季
2021-03-19,北京,11.07,46.19,4.51,7.09,1022.62,2021,3,19,78,11,1,春季
2021-03-20,北京,8.31,66.93,2.44,0.66,982.47,2021,3,20,79,11,1,春季
2021-03-21,北京,12.25,68.6,1.17,1.85,1013.06,2021,3,21,80,11,1,春季
2021-03-22,北京,12.53,74.44,2.13,1.83,1005.61,2021,3,22,81,12,1,春季
2021-03-23,北京,18.95,63.4,3.37,1.84,1017.95,2021,3,23,82,12,1,春季
2021-03-24,北京,9.57,51.75,1.45,0.3,1020.99,2021,3,24,83,12,1,春季
2021-03-25,北京,17.41,65.47,0.74,1.16,992.55,2021,3,25,84,12,1,春季
2021-03-26,北京,13.85,51.49,1.61,0.87,1013.21,2021,3,26,85,12,1,春季
2021-03-27,北京,19.61,64.83,3.91,2.43,1036.86,2021,3,27,86,12,1,春季
2021-03-28,北京,17.37,50.74,0.4,1.31,1024.16,2021,3,28,87,12,1,春季
2021-03-29,北京,19.88,69.18,1.45,2.66,1019.37,2021,3,29,88,13,1,春季
2021-03-30,北京,13.91,56.92,1.46,0.85,1022.0,2021,3,30,89,13,1,春季
2021-03-31,北京,8.11,54.35,0.5,3.63,1019.68,2021,3,31,90,13,1,春季
2021-04-01,北京,14.57,36.2,1.56,7.0,1028.83,2021,4,1,91,13,2,春季
2021-04-02,北京,9.32,55.03,4.09,4.96,1046.29,2021,4,2,92,13,2,春季
2021-04-03,北京,17.87,57.55,0.82,4.58,1000.91,2021,4,3,93,13,2,春季
2021-04-04,北京,26.79,52.65,0.46,0.1,1016.89,2021,4,4,94,13,2,春季
2021-04-05,北京,35.6,43.88,1.98,1.23,1025.57,2021,4,5,95,14,2,春季
2021-04-06,北京,23.9,72.59,3.62,4.36,1018.08,2021,4,6,96,14,2,春季
2021-04-07,北京,27.98,48.74,1.2,4.27,1008.54,2021,4,7,97,14,2,春季
2021-04-08,北京,18.5,54.36,0.98,2.67,1027.11,2021,4,8,98,14,2,春季
2021-04-09,北京,19.47,57.11,0.94,2.63,1033.19,2021,4,9,99,14,2,春季
2021-04-10,北京,13.12,61.2,0.5,1.03,990.94,2021,4,10,100,14,2,春季
2021-04-11,北京,19.48,32.94,2.57,7.89,1027.52,2021,4,11,101,14,2,春季
2021-04-12,北京,25.76,43.62,1.32,4.08,1035.7,2021,4,12,102,15,2,春季
2021-04-13,北京,24.79,69.56,3.05,5.67,1022.36,2021,4,13,103,15,2,春季
2021-04-14,北京,24.55,46.39,1.94,1.8,1020.93,2021,4,14,104,15,2,春季
2021-04-15,北京,23.98,59.63,4.78,4.94,1034.63,2021,4,15,105,15,2,春季
2021-04-16,北京,23.45,64.41,2.0,3.1,994.74,2021,4,16,106,15,2,春季
2021-04-17,北京,18.26,48.48,0.75,1.73,1002.69,2021,4,17,107,15,2,春季
2021-04-18,北京,22.58,64.02,0.42,3.94,1005.81,2021,4,18,108,15,2,春季
2021-04-19,北京,25.05,65.31,3.18,6.34,996.52,2021,4,19,109,16,2,春季
2021-04-20,北京,23.36,60.53,0.78,1.64,1003.86,2021,4,20,110,16,2,春季
2021-04-21,北京,24.82,41.33,0.61,6.82,1021.06,2021,4,21,111,16,2,春季
2021-04-22,北京,19.02,60.82,0.19,1.43,1034.52,2021,4,22,112,16,2,春季
2021-04-23,北京,24.25,39.35,0.08,1.05,1030.47,2021,4,23,113,16,2,春季
2021-04-24,北京,20.85,62.32,4.62,2.26,1022.67,2021,4,24,114,16,2,春季
2021-04-25,北京,26.28,61.12,3.9,3.09,1005.44,2021,4,25,115,16,2,春季
2021-04-26,北京,22.3,53.66,3.06,0.5,1022.61,2021,4,26,116,17,2,春季
2021-04-27,北京,25.61,68.29,2.87,6.94,1043.3,2021,4,27,117,17,2,春季
2021-04-28,北京,23.75,65.45,1.74,10.3,1005.62,2021,4,28,118,17,2,春季
2021-04-29,北京,25.0,41.01,5.27,2.83,1021.41,2021,4,29,119,17,2,春季
2021-04-30,北京,25.63,63.85,1.8,3.17,1003.2,2021,4,30,120,17,2,春季
2021-05-01,北京,22.7,66.16,5.68,3.34,993.85,2021,5,1,121,17,2,春季
2021-05-02,北京,33.05,64.75,0.64,4.49,997.67,2021,5,2,122,17,2,春季
2021-05-03,北京,30.8,42.54,1.21,6.45,1020.11,2021,5,3,123,18,2,春季
2021-05-04,北京,35.76,59.88,3.64,1.39,1012.48,2021,5,4,124,18,2,春季
2021-05-05,北京,29.2,39.83,0.65,3.74,1024.48,2021,5,5,125,18,2,春季
2021-05-06,北京,25.66,49.83,0.06,1.65,1010.76,2021,5,6,126,18,2,春季
2021-05-07,北京,22.34,57.57,3.98,2.92,1016.18,2021,5,7,127,18,2,春季
2021-05-08,北京,32.47,45.02,1.89,4.14,1014.12,2021,5,8,128,18,2,春季
2021-05-09,北京,25.41,49.38,7.41,4.3,1017.63,2021,5,9,129,18,2,春季
2021-05-10,北京,26.96,43.87,0.15,1.9,1002.43,2021,5,10,130,19,2,春季
2021-05-11,北京,25.53,48.49,0.37,0.59,1006.06,2021,5,11,131,19,2,春季
2021-05-12,北京,21.97,40.92,0.53,2.44,1004.3,2021,5,12,132,19,2,春季
2021-05-13,北京,25.71,53.15,0.47,2.45,1017.98,2021,5,13,133,19,2,春季
2021-05-14,北京,27.83,42.86,0.72,8.18,1017.23,2021,5,14,134,19,2,春季
2021-05-15,北京,28.91,78.27,0.31,0.84,1024.72,2021,5,15,135,19,2,春季
2021-05-16,北京,27.59,43.01,0.73,1.11,978.17,2021,5,16,136,19,2,春季
2021-05-17,北京,37.15,59.48,3.0,2.37,1025.09,2021,5,17,137,20,2,春季
2021-05-18,北京,26.6,59.79,0.43,9.95,1011.88,2021,5,18,138,20,2,春季
2021-05-19,北京,34.22,50.72,0.9,2.68,1028.82,2021,5,19,139,20,2,春季
2021-05-20,北京,35.8,48.6,0.27,4.06,994.17,2021,5,20,140,20,2,春季
2021-05-21,北京,39.08,49.75,0.52,0.32,1025.96,2021,5,21,141,20,2,春季
2021-05-22,北京,29.07,40.37,0.41,1.49,1002.27,2021,5,22,142,20,2,春季
2021-05-23,北京,25.25,59.67,5.24,3.51,1019.68,2021,5,23,143,20,2,春季
2021-05-24,北京,34.08,46.21,0.92,3.64,1000.33,2021,5,24,144,21,2,春季
2021-05-25,北京,25.33,56.18,2.23,1.86,1002.85,2021,5,25,145,21,2,春季
2021-05-26,北京,23.8,42.47,0.0,4.16,1018.63,2021,5,26,146,21,2,春季
2021-05-27,北京,24.8,55.92,1.23,1.81,1009.07,2021,5,27,147,21,2,春季
2021-05-28,北京,23.31,44.66,0.54,3.16,1026.35,2021,5,28,148,21,2,春季
2021-05-29,北京,24.96,55.92,1.34,0.87,1030.57,2021,5,29,149,21,2,春季
2021-05-30,北京,26.16,45.35,1.43,1.21,1013.32,2021,5,30,150,21,2,春季
2021-05-31,北京,32.42,44.83,0.07,3.34,1030.99,2021,5,31,151,22,2,春季
2021-06-01,北京,28.91,34.47,0.41,2.61,1016.74,2021,6,1,152,22,2,夏季
2021-06-02,北京,25.53,41.85,3.82,2.11,1034.44,2021,6,2,153,22,2,夏季
2021-06-03,北京,26.93,53.25,2.16,2.31,1024.14,2021,6,3,154,22,2,夏季
2021-06-04,北京,30.57,43.6,0.15,2.92,1036.01,2021,6,4,155,22,2,夏季
2021-06-05,北京,30.69,42.97,0.24,1.09,1020.58,2021,6,5,156,22,2,夏季
2021-06-06,北京,30.98,56.95,9.08,0.8,1017.97,2021,6,6,157,22,2,夏季
2021-06-07,北京,32.67,40.37,1.89,1.39,1027.87,2021,6,7,158,23,2,夏季
2021-06-08,北京,35.19,39.12,0.66,1.0,1000.7,2021,6,8,159,23,2,夏季
2021-06-09,北京,23.74,45.32,1.89,1.15,996.57,2021,6,9,160,23,2,夏季
2021-06-10,北京,31.49,49.45,5.57,4.75,1044.13,2021,6,10,161,23,2,夏季
2021-06-11,北京,28.14,58.25,6.9,5.92,1021.49,2021,6,11,162,23,2,夏季
2021-06-12,北京,33.5,56.35,4.24,1.2,1008.95,2021,6,12,163,23,2,夏季
2021-06-13,北京,32.97,38.96,1.69,6.33,1000.46,2021,6,13,164,23,2,夏季
2021-06-14,北京,20.58,52.29,2.72,10.0,1024.71,2021,6,14,165,24,2,夏季
2021-06-15,北京,21.88,37.91,0.99,2.76,1008.84,2021,6,15,166,24,2,夏季
2021-06-16,北京,33.58,58.52,1.89,7.72,1041.64,2021,6,16,167,24,2,夏季
2021-06-17,北京,34.05,47.83,3.17,6.08,1020.0,2021,6,17,168,24,2,夏季
2021-06-18,北京,32.53,51.77,4.99,1.49,1015.23,2021,6,18,169,24,2,夏季
2021-06-19,北京,26.6,54.23,0.87,3.21,986.84,2021,6,19,170,24,2,夏季
2021-06-20,北京,32.91,49.34,3.42,4.64,1014.94,2021,6,20,171,24,2,夏季
2021-06-21,北京,28.49,34.79,7.61,2.77,985.02,2021,6,21,172,25,2,夏季
2021-06-22,北京,35.14,54.3,5.19,4.58,1030.3,2021,6,22,173,25,2,夏季
2021-06-23,北京,27.41,39.22,0.71,1.94,1031.51,2021,6,23,174,25,2,夏季
2021-06-24,北京,29.68,44.44,1.89,0.98,1001.12,2021,6,24,175,25,2,夏季
2021-06-25,北京,18.82,54.11,1.01,2.87,1018.04,2021,6,25,176,25,2,夏季
2021-06-26,北京,39.79,49.73,4.19,2.17,1015.41,2021,6,26,177,25,2,夏季
2021-06-27,北京,30.27,67.23,0.57,4.8,1017.0,2021,6,27,178,25,2,夏季
2021-06-28,北京,25.46,51.8,0.64,4.76,980.22,2021,6,28,179,26,2,夏季
2021-06-29,北京,35.72,54.03,7.57,4.56,1006.02,2021,6,29,180,26,2,夏季
2021-06-30,北京,28.56,39.31,9.01,0.52,1010.52,2021,6,30,181,26,2,夏季
2021-07-01,北京,24.59,47.57,1.89,2.51,995.0,2021,7,1,182,26,3,夏季
2021-07-02,北京,26.53,52.87,2.11,6.71,1018.3,2021,7,2,183,26,3,夏季
2021-07-03,北京,26.71,65.04,4.13,8.55,1042.85,2021,7,3,184,26,3,夏季
2021-07-04,北京,29.75,67.6,1.89,2.2,1015.28,2021,7,4,185,26,3,夏季
2021-07-05,北京,34.26,49.02,3.81,7.34,1022.82,2021,7,5,186,27,3,夏季
2021-07-06,北京,25.62,74.84,2.95,2.78,1011.72,2021,7,6,187,27,3,夏季
2021-07-07,北京,27.52,55.54,1.89,7.98,995.32,2021,7,7,188,27,3,夏季
2021-07-08,北京,27.34,57.14,1.89,3.53,1007.95,2021,7,8,189,27,3,夏季
2021-07-09,北京,24.34,54.95,1.89,4.61,995.72,2021,7,9,190,27,3,夏季
2021-07-10,北京,30.24,32.64,4.32,2.56,1007.92,2021,7,10,191,27,3,夏季
2021-07-11,北京,29.94,53.85,0.7,1.6,1009.63,2021,7,11,192,27,3,夏季
2021-07-12,北京,33.23,67.89,1.42,2.46,1005.39,2021,7,12,193,28,3,夏季
2021-07-13,北京,27.29,58.74,0.42,3.55,1005.2,2021,7,13,194,28,3,夏季
2021-07-14,北京,28.35,47.22,0.09,1.87,1028.07,2021,7,14,195,28,3,夏季
2021-07-15,北京,19.33,66.29,1.89,0.56,1018.11,2021,7,15,196,28,3,夏季
2021-07-16,北京,30.36,48.66,3.76,1.96,1014.05,2021,7,16,197,28,3,夏季
2021-07-17,北京,30.15,56.04,2.03,5.26,1004.77,2021,7,17,198,28,3,夏季
2021-07-18,北京,27.44,42.37,3.29,5.41,1001.37,2021,7,18,199,28,3,夏季
2021-07-19,北京,13.46,47.59,3.26,5.39,977.45,2021,7,19,200,29,3,夏季
2021-07-20,北京,34.63,54.47,1.89,2.91,1010.45,2021,7,20,201,29,3,夏季
2021-07-21,北京,22.22,33.82,9.11,9.24,1000.11,2021,7,21,202,29,3,夏季
2021-07-22,北京,21.4,59.1,1.89,2.59,1022.15,2021,7,22,203,29,3,夏季
2021-07-23,北京,20.66,46.33,8.93,4.85,1027.59,2021,7,23,204,29,3,夏季
2021-07-24,北京,22.47,48.03,1.89,8.42,995.87,2021,7,24,205,29,3,夏季
2021-07-25,北京,32.46,69.64,1.89,2.66,985.61,2021,7,25,206,29,3,夏季
2021-07-26,北京,20.32,32.54,3.21,7.25,1016.15,2021,7,26,207,30,3,夏季
2021-07-27,北京,28.92,55.59,1.89,8.75,1017.43,2021,7,27,208,30,3,夏季
2021-07-28,北京,23.23,44.57,1.89,5.09,1007.06,2021,7,28,209,30,3,夏季
2021-07-29,北京,32.49,55.85,3.14,6.25,1038.33,2021,7,29,210,30,3,夏季
2021-07-30,北京,31.67,69.16,4.48,6.31,1001.51,2021,7,30,211,30,3,夏季
2021-07-31,北京,22.74,58.91,7.85,1.65,1023.65,2021,7,31,212,30,3,夏季
2021-08-01,北京,23.92,45.12,1.89,2.65,981.28,2021,8,1,213,30,3,夏季
2021-08-02,北京,20.41,34.74,0.11,2.88,1008.17,2021,8,2,214,31,3,夏季
2021-08-03,北京,17.15,74.11,6.36,2.11,999.95,2021,8,3,215,31,3,夏季
2021-08-04,北京,23.42,64.38,6.64,1.71,1013.01,2021,8,4,216,31,3,夏季
2021-08-05,北京,14.16,65.59,1.89,1.27,1008.81,2021,8,5,217,31,3,夏季
2021-08-06,北京,23.64,36.42,1.89,3.63,1015.29,2021,8,6,218,31,3,夏季
2021-08-07,北京,24.34,56.48,2.81,5.32,995.93,2021,8,7,219,31,3,夏季
2021-08-08,北京,21.31,55.46,1.89,7.34,994.32,2021,8,8,220,31,3,夏季
2021-08-09,北京,18.11,51.22,0.79,1.73,1017.31,2021,8,9,221,32,3,夏季
2021-08-10,北京,26.91,62.21,1.01,0.98,1001.63,2021,8,10,222,32,3,夏季
2021-08-11,北京,28.35,56.34,1.89,5.16,1012.48,2021,8,11,223,32,3,夏季
2021-08-12,北京,11.74,63.76,7.47,0.88,1004.07,2021,8,12,224,32,3,夏季
2021-08-13,北京,19.36,52.12,1.56,3.25,1017.12,2021,8,13,225,32,3,夏季
2021-08-14,北京,28.88,58.38,3.17,1.64,988.51,2021,8,14,226,32,3,夏季
2021-08-15,北京,16.73,66.37,1.14,1.48,1017.9,2021,8,15,227,32,3,夏季
2021-08-16,北京,28.0,65.61,1.89,3.33,1029.25,2021,8,16,228,33,3,夏季
2021-08-17,北京,16.59,59.49,0.21,2.28,986.93,2021,8,17,229,33,3,夏季
2021-08-18,北京,20.69,59.16,1.07,3.21,1003.37,2021,8,18,230,33,3,夏季
2021-08-19,北京,23.48,45.96,6.29,5.34,993.94,2021,8,19,231,33,3,夏季
2021-08-20,北京,22.49,49.11,1.89,1.6,996.81,2021,8,20,232,33,3,夏季
2021-08-21,北京,30.45,60.74,3.63,2.16,1045.46,2021,8,21,233,33,3,夏季
2021-08-22,北京,25.01,72.96,3.55,2.46,1010.67,2021,8,22,234,33,3,夏季
2021-08-23,北京,17.37,67.3,9.01,8.54,1004.31,2021,8,23,235,34,3,夏季
2021-08-24,北京,25.89,53.63,2.31,3.93,998.32,2021,8,24,236,34,3,夏季
2021-08-25,北京,19.53,53.34,3.32,1.03,1013.33,2021,8,25,237,34,3,夏季
2021-08-26,北京,16.73,38.13,0.98,2.81,1027.4,2021,8,26,238,34,3,夏季
2021-08-27,北京,18.95,74.53,8.36,3.8,1020.66,2021,8,27,239,34,3,夏季
2021-08-28,北京,22.11,43.05,7.37,0.51,1035.36,2021,8,28,240,34,3,夏季
2021-08-29,北京,21.1,45.35,1.42,1.6,1023.15,2021,8,29,241,34,3,夏季
2021-08-30,北京,33.33,66.91,1.89,0.48,1026.8,2021,8,30,242,35,3,夏季
2021-08-31,北京,18.42,55.78,6.67,2.83,1025.06,2021,8,31,243,35,3,夏季
2021-09-01,北京,14.63,59.24,1.13,1.74,1015.59,2021,9,1,244,35,3,秋季
2021-09-02,北京,17.53,74.89,3.53,3.22,1000.53,2021,9,2,245,35,3,秋季
2021-09-03,北京,17.46,65.7,0.65,5.0,1000.8,2021,9,3,246,35,3,秋季
2021-09-04,北京,17.18,34.68,1.74,3.84,1020.09,2021,9,4,247,35,3,秋季
2021-09-05,北京,11.63,55.97,1.16,1.02,1035.94,2021,9,5,248,35,3,秋季
2021-09-06,北京,19.2,62.08,0.97,2.63,991.26,2021,9,6,249,36,3,秋季
2021-09-07,北京,17.13,64.18,1.77,7.23,1004.61,2021,9,7,250,36,3,秋季
2021-09-08,北京,17.22,71.01,3.07,10.18,992.84,2021,9,8,251,36,3,秋季
2021-09-09,北京,17.53,71.03,0.41,3.21,1034.01,2021,9,9,252,36,3,秋季
2021-09-10,北京,17.77,44.56,2.2,3.69,994.76,2021,9,10,253,36,3,秋季
2021-09-11,北京,13.95,54.83,0.98,2.11,1017.29,2021,9,11,254,36,3,秋季
2021-09-12,北京,2.51,36.24,3.65,2.53,1002.08,2021,9,12,255,36,3,秋季
2021-09-13,北京,15.05,61.27,1.67,1.77,1021.2,2021,9,13,256,37,3,秋季
2021-09-14,北京,15.34,81.04,0.09,5.12,1005.68,2021,9,14,257,37,3,秋季
2021-09-15,北京,19.1,43.62,0.89,3.65,1017.79,2021,9,15,258,37,3,秋季
2021-09-16,北京,15.66,56.66,1.62,1.34,996.3,2021,9,16,259,37,3,秋季
2021-09-17,北京,23.85,33.59,0.05,2.57,1014.66,2021,9,17,260,37,3,秋季
2021-09-18,北京,17.54,50.84,1.0,7.2,1022.31,2021,9,18,261,37,3,秋季
2021-09-19,北京,20.2,45.96,5.11,3.21,999.54,2021,9,19,262,37,3,秋季
2021-09-20,北京,8.44,65.03,3.55,2.51,990.09,2021,9,20,263,38,3,秋季
2021-09-21,北京,6.49,54.03,2.63,6.96,1031.02,2021,9,21,264,38,3,秋季
2021-09-22,北京,16.41,63.4,0.12,4.12,1009.25,2021,9,22,265,38,3,秋季
2021-09-23,北京,9.65,37.9,1.47,4.47,1000.57,2021,9,23,266,38,3,秋季
2021-09-24,北京,12.09,48.26,2.21,0.11,1005.18,2021,9,24,267,38,3,秋季
2021-09-25,北京,22.49,78.58,0.35,3.21,992.63,2021,9,25,268,38,3,秋季
2021-09-26,北京,18.39,51.88,0.05,7.51,1003.64,2021,9,26,269,38,3,秋季
2021-09-27,北京,19.4,49.23,1.68,5.33,1025.42,2021,9,27,270,39,3,秋季
2021-09-28,北京,9.44,59.64,0.61,3.21,990.89,2021,9,28,271,39,3,秋季
2021-09-29,北京,5.8,59.68,2.65,3.5,1007.6,2021,9,29,272,39,3,秋季
2021-09-30,北京,14.43,47.01,0.19,6.05,1044.81,2021,9,30,273,39,3,秋季
2021-10-01,北京,12.29,65.52,0.44,6.38,1015.77,2021,10,1,274,39,4,秋季
2021-10-02,北京,6.01,78.12,2.77,3.72,1025.4,2021,10,2,275,39,4,秋季
2021-10-03,北京,3.34,58.62,0.57,4.87,985.48,2021,10,3,276,39,4,秋季
2021-10-04,北京,17.1,52.77,0.17,0.78,1014.41,2021,10,4,277,40,4,秋季
2021-10-05,北京,13.7,61.04,0.03,8.11,1030.74,2021,10,5,278,40,4,秋季
2021-10-06,北京,19.02,50.21,2.18,4.73,1015.98,2021,10,6,279,40,4,秋季
2021-10-07,北京,2.63,75.07,4.24,2.67,1019.76,2021,10,7,280,40,4,秋季
2021-10-08,北京,17.75,65.01,0.55,5.82,1024.79,2021,10,8,281,40,4,秋季
2021-10-09,北京,0.75,60.85,7.51,5.0,1015.81,2021,10,9,282,40,4,秋季
2021-10-10,北京,10.96,72.35,2.35,3.09,1019.25,2021,10,10,283,40,4,秋季
2021-10-11,北京,13.47,73.95,1.71,3.39,991.09,2021,10,11,284,41,4,秋季
2021-10-12,北京,16.99,55.52,2.73,2.2,991.73,2021,10,12,285,41,4,秋季
2021-10-13,北京,10.48,58.66,4.8,8.14,1002.61,2021,10,13,286,41,4,秋季
2021-10-14,北京,5.8,68.7,6.26,0.76,995.65,2021,10,14,287,41,4,秋季
2021-10-15,北京,2.55,64.65,0.57,6.6,1004.2,2021,10,15,288,41,4,秋季
2021-10-16,北京,11.41,60.69,3.89,2.08,1019.35,2021,10,16,289,41,4,秋季
2021-10-17,北京,8.25,68.64,0.81,3.21,1013.13,2021,10,17,290,41,4,秋季
2021-10-18,北京,5.7,57.72,3.24,3.01,1018.11,2021,10,18,291,42,4,秋季
2021-10-19,北京,11.16,70.9,5.83,5.92,1006.61,2021,10,19,292,42,4,秋季
2021-10-20,北京,12.65,73.72,2.26,4.98,1007.49,2021,10,20,293,42,4,秋季
2021-10-21,北京,7.87,63.5,1.29,2.51,1028.75,2021,10,21,294,42,4,秋季
2021-10-22,北京,8.39,77.29,0.42,3.57,1040.1,2021,10,22,295,42,4,秋季
2021-10-23,北京,13.88,63.48,3.54,2.02,1017.72,2021,10,23,296,42,4,秋季
2021-10-24,北京,13.59,75.57,0.9,4.36,1022.12,2021,10,24,297,42,4,秋季
2021-10-25,北京,12.17,62.77,0.1,3.52,1015.81,2021,10,25,298,43,4,秋季
2021-10-26,北京,2.92,56.63,5.7,6.63,1002.06,2021,10,26,299,43,4,秋季
2021-10-27,北京,9.62,65.39,0.92,0.9,994.2,2021,10,27,300,43,4,秋季
2021-10-28,北京,12.56,63.42,1.41,1.17,1013.37,2021,10,28,301,43,4,秋季
2021-10-29,北京,6.59,63.94,2.18,0.72,1039.19,2021,10,29,302,43,4,秋季
2021-10-30,北京,4.39,70.83,3.43,1.37,1040.41,2021,10,30,303,43,4,秋季
2021-10-31,北京,11.79,56.72,1.44,6.23,987.92,2021,10,31,304,43,4,秋季
2021-11-01,北京,5.98,67.44,0.85,0.86,1006.87,2021,11,1,305,44,4,秋季
2021-11-02,北京,-1.56,73.87,0.26,3.73,1008.67,2021,11,2,306,44,4,秋季
2021-11-03,北京,-2.97,66.85,1.44,1.06,990.66,2021,11,3,307,44,4,秋季
2021-11-04,北京,-0.92,71.95,0.07,3.07,1006.19,2021,11,4,308,44,4,秋季
2021-11-05,北京,-1.45,48.97,2.25,7.22,1013.42,2021,11,5,309,44,4,秋季
2021-11-06,北京,3.4,68.44,1.32,4.02,988.62,2021,11,6,310,44,4,秋季
2021-11-07,北京,-2.87,81.7,0.01,0.85,1005.24,2021,11,7,311,44,4,秋季
2021-11-08,北京,7.02,63.68,0.0,1.27,1001.15,2021,11,8,312,45,4,秋季
2021-11-09,北京,-6.85,73.38,1.08,6.32,1008.48,2021,11,9,313,45,4,秋季
2021-11-10,北京,-8.37,67.8,0.23,1.28,997.12,2021,11,10,314,45,4,秋季
2021-11-11,北京,4.33,63.15,0.26,1.52,1017.79,2021,11,11,315,45,4,秋季
2021-11-12,北京,2.91,81.69,0.16,2.84,1016.31,2021,11,12,316,45,4,秋季
2021-11-13,北京,2.05,65.4,2.93,1.94,999.64,2021,11,13,317,45,4,秋季
2021-11-14,北京,-4.93,52.66,1.57,4.76,999.98,2021,11,14,318,45,4,秋季
2021-11-15,北京,2.18,48.98,3.18,5.82,1032.51,2021,11,15,319,46,4,秋季
2021-11-16,北京,-2.27,69.64,0.95,2.19,1011.58,2021,11,16,320,46,4,秋季
2021-11-17,北京,0.1,67.42,0.39,4.99,1010.99,2021,11,17,321,46,4,秋季
2021-11-18,北京,0.01,71.35,7.95,8.01,1004.52,2021,11,18,322,46,4,秋季
2021-11-19,北京,-3.87,73.54,0.32,4.11,1025.93,2021,11,19,323,46,4,秋季
2021-11-20,北京,1.0,63.38,0.75,0.87,1032.8,2021,11,20,324,46,4,秋季
2021-11-21,北京,8.2,72.46,0.96,2.67,1007.94,2021,11,21,325,46,4,秋季
2021-11-22,北京,6.9,54.94,1.84,1.38,1034.07,2021,11,22,326,47,4,秋季
2021-11-23,北京,1.26,54.33,3.23,2.56,1025.02,2021,11,23,327,47,4,秋季
2021-11-24,北京,0.18,67.15,1.88,2.0,992.25,2021,11,24,328,47,4,秋季
2021-11-25,北京,-0.25,60.77,0.19,1.28,1012.32,2021,11,25,329,47,4,秋季
2021-11-26,北京,3.61,85.2,4.32,9.13,1049.21,2021,11,26,330,47,4,秋季
2021-11-27,北京,-3.48,53.89,2.85,4.42,1010.96,2021,11,27,331,47,4,秋季
2021-11-28,北京,6.76,71.09,0.1,2.75,987.95,2021,11,28,332,47,4,秋季
2021-11-29,北京,3.52,70.42,1.1,4.16,1011.47,2021,11,29,333,48,4,秋季
2021-11-30,北京,-8.97,67.04,4.81,8.97,1018.97,2021,11,30,334,48,4,秋季
2021-12-01,北京,-4.0,50.92,3.77,7.46,1004.67,2021,12,1,335,48,4,冬季
2021-12-02,北京,6.97,77.11,3.27,2.55,1029.41,2021,12,2,336,48,4,冬季
2021-12-03,北京,8.35,60.57,1.2,1.76,1032.37,2021,12,3,337,48,4,冬季
2021-12-04,北京,2.93,62.63,1.58,1.91,999.04,2021,12,4,338,48,4,冬季
2021-12-05,北京,-7.5,69.08,6.84,1.53,974.17,2021,12,5,339,48,4,冬季
2021-12-06,北京,9.28,72.24,0.58,1.31,1010.8,2021,12,6,340,49,4,冬季
2021-12-07,北京,4.8,74.62,1.6,4.71,1002.19,2021,12,7,341,49,4,冬季
2021-12-08,北京,4.44,77.61,7.41,0.47,1025.96,2021,12,8,342,49,4,冬季
2021-12-09,北京,-1.75,62.27,3.38,0.63,1035.58,2021,12,9,343,49,4,冬季
2021-12-10,北京,-2.06,79.13,4.08,3.59,1010.84,2021,12,10,344,49,4,冬季
2021-12-11,北京,-1.4,57.21,0.36,4.21,1040.57,2021,12,11,345,49,4,冬季
2021-12-12,北京,-2.9,63.89,0.08,5.24,984.85,2021,12,12,346,49,4,冬季
2021-12-13,北京,-3.66,88.9,6.12,4.27,1015.55,2021,12,13,347,50,4,冬季
2021-12-14,北京,-3.04,73.63,0.72,3.21,1031.79,2021,12,14,348,50,4,冬季
2021-12-15,北京,-1.99,58.98,1.92,3.54,1014.86,2021,12,15,349,50,4,冬季
2021-12-16,北京,2.84,59.5,1.95,2.73,1050.52,2021,12,16,350,50,4,冬季
2021-12-17,北京,1.21,49.18,0.44,2.16,1020.6,2021,12,17,351,50,4,冬季
2021-12-18,北京,9.62,62.25,1.15,4.61,987.47,2021,12,18,352,50,4,冬季
2021-12-19,北京,-10.33,70.28,2.67,3.26,1004.81,2021,12,19,353,50,4,冬季
2021-12-20,北京,8.22,73.61,1.33,3.21,1018.66,2021,12,20,354,51,4,冬季
2021-12-21,北京,-13.52,63.7,0.16,1.81,1003.85,2021,12,21,355,51,4,冬季
2021-12-22,北京,-4.92,71.99,0.07,7.39,1009.81,2021,12,22,356,51,4,冬季
2021-12-23,北京,-2.59,69.12,1.19,9.85,1040.66,2021,12,23,357,51,4,冬季
2021-12-24,北京,-3.39,66.82,0.91,3.93,1008.1,2021,12,24,358,51,4,冬季
2021-12-25,北京,7.99,78.02,0.67,1.78,1045.23,2021,12,25,359,51,4,冬季
2021-12-26,北京,-4.05,79.57,0.77,6.14,1012.54,2021,12,26,360,51,4,冬季
2021-12-27,北京,-8.08,73.0,0.84,3.86,1030.17,2021,12,27,361,52,4,冬季
2021-12-28,北京,-0.52,73.93,1.85,3.98,1004.9,2021,12,28,362,52,4,冬季
2021-12-29,北京,-5.1,72.06,1.74,2.2,1034.4,2021,12,29,363,52,4,冬季
2021-12-30,北京,3.75,72.79,1.95,2.41,1001.49,2021,12,30,364,52,4,冬季
2021-12-31,北京,0.95,72.97,2.26,1.49,1004.36,2021,12,31,365,52,4,冬季
2022-01-01,北京,-5.68,67.21,1.92,3.1,1009.31,2022,1,1,1,52,1,冬季
2022-01-02,北京,0.07,65.6,0.46,2.39,1035.07,2022,1,2,2,52,1,冬季
2022-01-03,北京,8.57,66.42,4.33,3.54,1000.11,2022,1,3,3,1,1,冬季
2022-01-04,北京,7.71,64.79,0.29,3.78,1019.26,2022,1,4,4,1,1,冬季
2022-01-05,北京,1.44,70.88,0.81,6.71,1024.55,2022,1,5,5,1,1,冬季
2022-01-06,北京,4.99,62.76,2.68,2.93,1003.63,2022,1,6,6,1,1,冬季
2022-01-07,北京,8.76,77.52,7.51,7.54,1005.6,2022,1,7,7,1,1,冬季
2022-01-08,北京,1.01,70.98,5.9,1.87,996.58,2022,1,8,8,1,1,冬季
2022-01-09,北京,9.8,53.36,1.18,1.6,1024.25,2022,1,9,9,1,1,冬季
2022-01-10,北京,0.8,49.76,0.37,1.15,987.78,2022,1,10,10,2,1,冬季
2022-01-11,北京,6.8,70.74,0.33,9.85,1028.0,2022,1,11,11,2,1,冬季
2022-01-12,北京,-1.67,85.22,1.4,2.66,1014.48,2022,1,12,12,2,1,冬季
2022-01-13,北京,1.73,72.04,1.39,4.04,1020.25,2022,1,13,13,2,1,冬季
2022-01-14,北京,3.92,71.78,1.22,2.17,1001.51,2022,1,14,14,2,1,冬季
2022-01-15,北京,1.84,46.67,4.2,8.03,1016.35,2022,1,15,15,2,1,冬季
2022-01-16,北京,8.32,50.04,1.27,3.63,998.73,2022,1,16,16,2,1,冬季
2022-01-17,北京,-1.01,64.73,3.03,1.8,1004.04,2022,1,17,17,3,1,冬季
2022-01-18,北京,-0.43,73.26,0.84,2.9,993.06,2022,1,18,18,3,1,冬季
2022-01-19,北京,1.7,67.67,2.47,6.54,998.42,2022,1,19,19,3,1,冬季
2022-01-20,北京,6.92,67.68,1.86,1.21,1010.6,2022,1,20,20,3,1,冬季
2022-01-21,北京,6.69,51.58,0.99,2.6,1024.02,2022,1,21,21,3,1,冬季
2022-01-22,北京,-13.03,74.37,0.65,0.63,1022.07,2022,1,22,22,3,1,冬季
2022-01-23,北京,2.56,62.4,0.17,2.83,995.4,2022,1,23,23,3,1,冬季
2022-01-24,北京,-2.27,57.4,0.18,2.94,1019.45,2022,1,24,24,4,1,冬季
2022-01-25,北京,2.24,74.24,0.03,2.53,988.36,2022,1,25,25,4,1,冬季
2022-01-26,北京,3.63,50.62,1.52,1.13,1007.97,2022,1,26,26,4,1,冬季
2022-01-27,北京,1.98,80.45,1.85,4.0,990.18,2022,1,27,27,4,1,冬季
2022-01-28,北京,3.39,68.75,1.89,7.88,1003.85,2022,1,28,28,4,1,冬季
2022-01-29,北京,-5.81,56.87,1.13,3.12,1035.65,2022,1,29,29,4,1,冬季
2022-01-30,北京,-7.2,77.58,3.32,1.73,1002.18,2022,1,30,30,4,1,冬季
2022-01-31,北京,2.83,90.62,1.18,3.52,1020.07,2022,1,31,31,5,1,冬季
2022-02-01,北京,8.55,54.08,4.05,9.57,1022.33,2022,2,1,32,5,1,冬季
2022-02-02,北京,7.04,56.12,1.0,2.44,1021.19,2022,2,2,33,5,1,冬季
2022-02-03,北京,11.3,62.08,6.8,0.45,1004.05,2022,2,3,34,5,1,冬季
2022-02-04,北京,1.89,74.29,2.67,0.7,994.68,2022,2,4,35,5,1,冬季
2022-02-05,北京,-2.61,63.99,0.43,0.95,981.14,2022,2,5,36,5,1,冬季
2022-02-06,北京,13.3,74.73,1.87,4.06,1003.85,2022,2,6,37,5,1,冬季
2022-02-07,北京,15.05,71.06,0.47,2.99,1031.08,2022,2,7,38,6,1,冬季
2022-02-08,北京,13.53,49.73,1.57,2.44,1002.79,2022,2,8,39,6,1,冬季
2022-02-09,北京,5.38,51.34,2.44,2.04,994.39,2022,2,9,40,6,1,冬季
2022-02-10,北京,4.35,72.32,0.14,1.17,999.61,2022,2,10,41,6,1,冬季
2022-02-11,北京,9.97,68.83,3.73,8.39,997.32,2022,2,11,42,6,1,冬季
2022-02-12,北京,8.27,61.63,0.02,0.57,999.26,2022,2,12,43,6,1,冬季
2022-02-13,北京,3.69,75.36,3.34,2.27,986.18,2022,2,13,44,6,1,冬季
2022-02-14,北京,10.91,53.46,1.88,4.55,1036.35,2022,2,14,45,7,1,冬季
2022-02-15,北京,-2.82,61.83,1.73,3.79,1027.33,2022,2,15,46,7,1,冬季
2022-02-16,北京,4.23,65.27,0.53,0.4,1011.76,2022,2,16,47,7,1,冬季
2022-02-17,北京,-2.68,65.47,0.6,1.22,1011.38,2022,2,17,48,7,1,冬季
2022-02-18,北京,9.52,72.16,0.22,5.31,1021.73,2022,2,18,49,7,1,冬季
2022-02-19,北京,9.04,56.75,3.6,3.21,1027.73,2022,2,19,50,7,1,冬季
2022-02-20,北京,4.87,65.32,2.04,3.02,1000.93,2022,2,20,51,7,1,冬季
2022-02-21,北京,2.04,66.35,2.35,2.2,1019.58,2022,2,21,52,8,1,冬季
2022-02-22,北京,-4.36,85.42,0.23,6.2,1018.42,2022,2,22,53,8,1,冬季
2022-02-23,北京,4.17,66.98,0.24,2.39,1003.75,2022,2,23,54,8,1,冬季
2022-02-24,北京,8.23,70.85,3.6,1.97,1018.08,2022,2,24,55,8,1,冬季
2022-02-25,北京,11.7,51.42,0.83,4.23,1010.53,2022,2,25,56,8,1,冬季
2022-02-26,北京,12.9,74.43,3.62,8.08,1032.82,2022,2,26,57,8,1,冬季
2022-02-27,北京,6.87,73.47,0.08,6.98,1006.15,2022,2,27,58,8,1,冬季
2022-02-28,北京,4.16,64.39,1.11,5.77,1012.16,2022,2,28,59,9,1,冬季
2022-03-01,北京,16.31,40.5,0.14,3.16,1016.45,2022,3,1,60,9,1,春季
2022-03-02,北京,21.85,49.14,2.17,1.37,1026.81,2022,3,2,61,9,1,春季
2022-03-03,北京,16.75,51.56,0.08,6.64,1016.97,2022,3,3,62,9,1,春季
2022-03-04,北京,6.09,37.7,0.16,6.62,1020.94,2022,3,4,63,9,1,春季
2022-03-05,北京,20.87,57.27,4.19,4.2,989.32,2022,3,5,64,9,1,春季
2022-03-06,北京,17.76,66.8,0.1,2.81,1030.68,2022,3,6,65,9,1,春季
2022-03-07,北京,10.61,61.0,2.83,1.01,1018.03,2022,3,7,66,10,1,春季
2022-03-08,北京,20.75,62.97,0.04,3.59,1004.1,2022,3,8,67,10,1,春季
2022-03-09,北京,9.21,46.67,1.81,5.66,1033.98,2022,3,9,68,10,1,春季
2022-03-10,北京,19.22,71.63,0.46,1.55,1007.86,2022,3,10,69,10,1,春季
2022-03-11,北京,19.25,64.18,6.58,1.16,1019.99,2022,3,11,70,10,1,春季
2022-03-12,北京,16.62,72.84,1.93,5.51,1027.69,2022,3,12,71,10,1,春季
2022-03-13,北京,12.69,67.57,2.05,3.88,1011.79,2022,3,13,72,10,1,春季
2022-03-14,北京,9.03,62.86,2.49,2.14,1003.19,2022,3,14,73,11,1,春季
2022-03-15,北京,17.1,54.22,1.39,1.05,1023.13,2022,3,15,74,11,1,春季
2022-03-16,北京,19.28,76.77,2.81,2.19,985.11,2022,3,16,75,11,1,春季
2022-03-17,北京,10.21,46.47,1.66,4.21,1010.19,2022,3,17,76,11,1,春季
2022-03-18,北京,18.45,62.66,0.37,3.21,1020.34,2022,3,18,77,11,1,春季
2022-03-19,北京,9.07,70.58,0.42,2.06,1008.85,2022,3,19,78,11,1,春季
2022-03-20,北京,14.11,50.87,3.18,1.17,1021.12,2022,3,20,79,11,1,春季
2022-03-21,北京,12.56,70.74,2.13,3.21,1019.23,2022,3,21,80,12,1,春季
2022-03-22,北京,8.06,67.64,0.08,6.53,1011.34,2022,3,22,81,12,1,春季
2022-03-23,北京,17.5,51.22,2.24,1.24,1024.91,2022,3,23,82,12,1,春季
2022-03-24,北京,16.08,56.97,4.82,9.02,992.5,2022,3,24,83,12,1,春季
2022-03-25,北京,5.89,54.02,2.87,3.69,1011.28,2022,3,25,84,12,1,春季
2022-03-26,北京,14.5,59.43,0.62,3.97,1023.81,2022,3,26,85,12,1,春季
2022-03-27,北京,19.36,50.34,0.06,8.65,991.61,2022,3,27,86,12,1,春季
2022-03-28,北京,12.31,66.55,2.11,9.56,988.88,2022,3,28,87,13,1,春季
2022-03-29,北京,18.96,54.29,1.89,1.86,1000.35,2022,3,29,88,13,1,春季
2022-03-30,北京,22.26,60.14,0.29,2.19,1000.26,2022,3,30,89,13,1,春季
2022-03-31,北京,19.04,54.16,0.95,2.72,1003.06,2022,3,31,90,13,1,春季
2022-04-01,北京,16.62,73.21,0.36,2.53,1010.42,2022,4,1,91,13,2,春季
2022-04-02,北京,23.55,45.15,5.28,7.62,1012.83,2022,4,2,92,13,2,春季
2022-04-03,北京,27.61,64.19,0.38,8.24,992.32,2022,4,3,93,13,2,春季
2022-04-04,北京,25.23,33.28,1.89,8.15,1011.37,2022,4,4,94,14,2,春季
2022-04-05,北京,24.61,68.1,4.35,10.09,990.84,2022,4,5,95,14,2,春季
2022-04-06,北京,17.04,52.46,0.2,1.78,1002.95,2022,4,6,96,14,2,春季
2022-04-07,北京,22.84,34.8,0.35,2.69,1028.55,2022,4,7,97,14,2,春季
2022-04-08,北京,22.78,51.9,1.22,2.75,1013.13,2022,4,8,98,14,2,春季
2022-04-09,北京,20.23,72.26,2.64,5.39,1004.41,2022,4,9,99,14,2,春季
2022-04-10,北京,19.16,47.67,1.98,2.6,1031.01,2022,4,10,100,14,2,春季
2022-04-11,北京,24.43,63.38,1.19,0.82,1012.11,2022,4,11,101,15,2,春季
2022-04-12,北京,12.41,26.68,1.67,10.19,1007.14,2022,4,12,102,15,2,春季
2022-04-13,北京,15.54,54.65,1.25,4.12,1010.41,2022,4,13,103,15,2,春季
2022-04-14,北京,22.73,61.23,2.0,1.26,1014.87,2022,4,14,104,15,2,春季
2022-04-15,北京,23.73,46.98,1.18,1.85,1023.31,2022,4,15,105,15,2,春季
2022-04-16,北京,26.09,53.42,2.48,4.99,973.67,2022,4,16,106,15,2,春季
2022-04-17,北京,25.76,38.69,0.23,1.03,1023.97,2022,4,17,107,15,2,春季
2022-04-18,北京,25.96,66.06,1.91,1.68,1026.46,2022,4,18,108,16,2,春季
2022-04-19,北京,28.15,48.26,0.66,1.76,993.93,2022,4,19,109,16,2,春季
2022-04-20,北京,16.26,52.06,0.35,4.08,1005.74,2022,4,20,110,16,2,春季
2022-04-21,北京,23.12,40.04,0.92,6.47,1007.02,2022,4,21,111,16,2,春季
2022-04-22,北京,28.72,53.77,2.96,5.09,1020.35,2022,4,22,112,16,2,春季
2022-04-23,北京,25.24,60.66,3.8,2.1,1014.9,2022,4,23,113,16,2,春季
2022-04-24,北京,16.61,73.73,0.03,6.55,1013.56,2022,4,24,114,16,2,春季
2022-04-25,北京,21.13,56.99,3.46,4.86,982.5,2022,4,25,115,17,2,春季
2022-04-26,北京,33.06,47.1,2.31,3.33,1011.68,2022,4,26,116,17,2,春季
2022-04-27,北京,30.44,59.07,0.38,1.42,996.74,2022,4,27,117,17,2,春季
2022-04-28,北京,24.29,55.22,0.15,4.99,1024.53,2022,4,28,118,17,2,春季
2022-04-29,北京,19.38,60.53,2.8,3.68,1042.98,2022,4,29,119,17,2,春季
2022-04-30,北京,32.64,53.35,3.84,1.62,1021.77,2022,4,30,120,17,2,春季
2022-05-01,北京,26.14,55.26,0.21,1.9,1030.76,2022,5,1,121,17,2,春季
2022-05-02,北京,25.04,57.95,0.54,1.02,1016.92,2022,5,2,122,18,2,春季
2022-05-03,北京,33.11,49.34,0.35,1.32,1006.94,2022,5,3,123,18,2,春季
2022-05-04,北京,29.32,64.95,5.5,3.4,1013.76,2022,5,4,124,18,2,春季
2022-05-05,北京,31.17,62.13,1.36,2.56,1031.13,2022,5,5,125,18,2,春季
2022-05-06,北京,27.82,47.95,0.81,7.34,990.42,2022,5,6,126,18,2,春季
2022-05-07,北京,30.08,50.67,0.81,8.68,999.73,2022,5,7,127,18,2,春季
2022-05-08,北京,25.39,32.42,0.07,2.43,1045.24,2022,5,8,128,18,2,春季
2022-05-09,北京,37.16,43.83,6.73,0.35,1000.09,2022,5,9,129,19,2,春季
2022-05-10,北京,23.94,67.17,0.46,2.71,1012.15,2022,5,10,130,19,2,春季
2022-05-11,北京,26.31,44.59,1.66,7.29,1007.67,2022,5,11,131,19,2,春季
2022-05-12,北京,30.06,47.92,2.57,6.11,1012.57,2022,5,12,132,19,2,春季
2022-05-13,北京,21.35,58.14,1.57,2.85,1028.1,2022,5,13,133,19,2,春季
2022-05-14,北京,34.4,47.56,0.24,3.72,1013.76,2022,5,14,134,19,2,春季
2022-05-15,北京,35.44,43.23,0.67,2.27,1016.72,2022,5,15,135,19,2,春季
2022-05-16,北京,36.0,49.35,5.41,1.54,1010.65,2022,5,16,136,20,2,春季
2022-05-17,北京,35.01,43.22,4.17,2.65,1013.71,2022,5,17,137,20,2,春季
2022-05-18,北京,21.6,74.72,5.84,2.76,1003.45,2022,5,18,138,20,2,春季
2022-05-19,北京,28.28,44.57,3.62,4.53,997.3,2022,5,19,139,20,2,春季
2022-05-20,北京,23.85,37.69,1.34,1.81,1004.99,2022,5,20,140,20,2,春季
2022-05-21,北京,28.74,51.79,1.5,7.75,1006.2,2022,5,21,141,20,2,春季
2022-05-22,北京,25.52,60.03,0.47,0.6,1021.76,2022,5,22,142,20,2,春季
2022-05-23,北京,31.06,43.89,0.31,2.37,1031.09,2022,5,23,143,21,2,春季
2022-05-24,北京,31.04,53.05,0.34,4.45,1006.63,2022,5,24,144,21,2,春季
2022-05-25,北京,30.49,53.35,1.03,2.36,1002.6,2022,5,25,145,21,2,春季
2022-05-26,北京,29.26,41.21,0.11,0.6,1009.19,2022,5,26,146,21,2,春季
2022-05-27,北京,23.16,63.43,3.25,1.9,992.35,2022,5,27,147,21,2,春季
2022-05-28,北京,20.74,55.15,2.46,2.31,1000.82,2022,5,28,148,21,2,春季
2022-05-29,北京,26.62,42.38,8.53,4.18,1032.98,2022,5,29,149,21,2,春季
2022-05-30,北京,18.69,52.47,0.38,6.07,1019.31,2022,5,30,150,22,2,春季
2022-05-31,北京,33.0,60.24,4.49,4.37,1014.47,2022,5,31,151,22,2,春季
2022-06-01,北京,25.5,58.65,7.47,5.89,1022.79,2022,6,1,152,22,2,夏季
2022-06-02,北京,34.41,49.25,1.53,1.57,1012.23,2022,6,2,153,22,2,夏季
2022-06-03,北京,28.77,71.45,8.71,6.22,1007.49,2022,6,3,154,22,2,夏季
2022-06-04,北京,28.62,48.16,1.89,3.84,1018.84,2022,6,4,155,22,2,夏季
2022-06-05,北京,30.0,47.09,8.13,2.02,1046.08,2022,6,5,156,22,2,夏季
2022-06-06,北京,36.0,37.41,3.63,5.81,1020.33,2022,6,6,157,23,2,夏季
2022-06-07,北京,27.72,65.29,1.89,4.37,1028.88,2022,6,7,158,23,2,夏季
2022-06-08,北京,30.99,54.79,4.81,3.16,1020.85,2022,6,8,159,23,2,夏季
2022-06-09,北京,29.36,58.01,1.89,2.42,1016.33,2022,6,9,160,23,2,夏季
2022-06-10,北京,27.94,60.34,4.68,1.85,1004.69,2022,6,10,161,23,2,夏季
2022-06-11,北京,36.54,29.28,3.66,1.43,1005.34,2022,6,11,162,23,2,夏季
2022-06-12,北京,35.7,70.43,2.51,4.14,1015.17,2022,6,12,163,23,2,夏季
2022-06-13,北京,31.4,68.58,0.24,6.52,1012.48,2022,6,13,164,24,2,夏季
2022-06-14,北京,33.13,43.31,1.72,2.79,999.84,2022,6,14,165,24,2,夏季
2022-06-15,北京,17.98,53.13,5.69,10.38,1002.4,2022,6,15,166,24,2,夏季
2022-06-16,北京,32.61,48.28,2.7,0.91,1033.16,2022,6,16,167,24,2,夏季
2022-06-17,北京,36.47,46.89,0.61,7.61,1013.86,2022,6,17,168,24,2,夏季
2022-06-18,北京,31.42,44.45,6.74,3.39,1013.64,2022,6,18,169,24,2,夏季
2022-06-19,北京,32.47,56.67,8.96,3.17,989.09,2022,6,19,170,24,2,夏季
2022-06-20,北京,28.95,25.28,6.98,0.61,1013.21,2022,6,20,171,25,2,夏季
2022-06-21,北京,23.69,54.91,3.3,6.59,1016.49,2022,6,21,172,25,2,夏季
2022-06-22,北京,34.51,45.31,2.27,3.41,1026.75,2022,6,22,173,25,2,夏季
2022-06-23,北京,40.29,41.26,6.66,6.49,1035.62,2022,6,23,174,25,2,夏季
2022-06-24,北京,27.4,49.85,3.2,0.51,1019.44,2022,6,24,175,25,2,夏季
2022-06-25,北京,34.16,47.78,1.89,4.13,1008.11,2022,6,25,176,25,2,夏季
2022-06-26,北京,33.7,51.29,1.89,0.39,1027.1,2022,6,26,177,25,2,夏季
2022-06-27,北京,28.05,37.3,4.42,2.32,1015.14,2022,6,27,178,26,2,夏季
2022-06-28,北京,31.13,53.06,5.01,3.34,1006.44,2022,6,28,179,26,2,夏季
2022-06-29,北京,21.87,42.28,7.15,6.2,1036.16,2022,6,29,180,26,2,夏季
2022-06-30,北京,30.43,67.42,0.98,3.21,987.0,2022,6,30,181,26,2,夏季
2022-07-01,北京,29.1,52.2,6.2,2.35,1001.97,2022,7,1,182,26,3,夏季
2022-07-02,北京,27.86,63.39,1.89,3.83,1022.4,2022,7,2,183,26,3,夏季
2022-07-03,北京,26.61,55.86,4.16,1.08,993.85,2022,7,3,184,26,3,夏季
2022-07-04,北京,23.84,54.47,2.5,3.68,1013.86,2022,7,4,185,27,3,夏季
2022-07-05,北京,24.63,58.4,1.89,7.45,1013.49,2022,7,5,186,27,3,夏季
2022-07-06,北京,32.02,52.09,1.09,1.33,1048.09,2022,7,6,187,27,3,夏季
2022-07-07,北京,26.32,57.79,3.87,3.3,1024.24,2022,7,7,188,27,3,夏季
2022-07-08,北京,35.74,43.99,1.96,2.56,998.94,2022,7,8,189,27,3,夏季
2022-07-09,北京,31.44,44.5,1.8,3.2,1000.56,2022,7,9,190,27,3,夏季
2022-07-10,北京,28.74,52.32,1.89,2.54,1015.07,2022,7,10,191,27,3,夏季
2022-07-11,北京,29.95,55.88,5.68,5.08,1006.24,2022,7,11,192,28,3,夏季
2022-07-12,北京,24.53,44.75,1.89,2.35,1028.87,2022,7,12,193,28,3,夏季
2022-07-13,北京,32.53,52.57,1.89,5.85,995.35,2022,7,13,194,28,3,夏季
2022-07-14,北京,39.37,42.82,1.67,3.23,986.68,2022,7,14,195,28,3,夏季
2022-07-15,北京,28.68,80.52,1.25,0.42,1002.89,2022,7,15,196,28,3,夏季
2022-07-16,北京,27.53,51.5,1.89,1.54,1034.06,2022,7,16,197,28,3,夏季
2022-07-17,北京,24.16,40.06,1.62,1.16,1016.84,2022,7,17,198,28,3,夏季
2022-07-18,北京,30.74,69.35,3.91,9.17,983.07,2022,7,18,199,29,3,夏季
2022-07-19,北京,29.08,46.88,1.89,1.69,992.08,2022,7,19,200,29,3,夏季
2022-07-20,北京,26.15,53.48,8.85,1.66,976.18,2022,7,20,201,29,3,夏季
2022-07-21,北京,30.77,45.43,4.84,1.52,990.16,2022,7,21,202,29,3,夏季
2022-07-22,北京,23.76,60.6,1.0,4.06,1010.67,2022,7,22,203,29,3,夏季
2022-07-23,北京,39.9,59.61,3.65,3.61,1033.82,2022,7,23,204,29,3,夏季
2022-07-24,北京,28.53,40.55,1.89,5.71,1007.09,2022,7,24,205,29,3,夏季
2022-07-25,北京,29.45,46.27,1.78,3.41,978.06,2022,7,25,206,30,3,夏季
2022-07-26,北京,26.87,42.05,5.31,8.04,1015.54,2022,7,26,207,30,3,夏季
2022-07-27,北京,30.99,60.92,6.49,1.77,1038.01,2022,7,27,208,30,3,夏季
2022-07-28,北京,29.53,72.02,8.16,5.4,1008.96,2022,7,28,209,30,3,夏季
2022-07-29,北京,27.48,42.92,1.89,3.26,1034.84,2022,7,29,210,30,3,夏季
2022-07-30,北京,24.99,35.75,1.89,4.2,1022.92,2022,7,30,211,30,3,夏季
2022-07-31,北京,23.16,45.95,2.19,0.74,1005.45,2022,7,31,212,30,3,夏季
2022-08-01,北京,20.44,47.61,6.79,0.39,1001.76,2022,8,1,213,31,3,夏季
2022-08-02,北京,23.86,59.17,3.23,1.91,1019.94,2022,8,2,214,31,3,夏季
2022-08-03,北京,27.96,49.52,2.26,4.36,1027.52,2022,8,3,215,31,3,夏季
2022-08-04,北京,28.95,80.88,8.52,4.85,1007.35,2022,8,4,216,31,3,夏季
2022-08-05,北京,15.15,42.37,6.27,5.41,996.81,2022,8,5,217,31,3,夏季
2022-08-06,北京,30.59,59.16,8.67,7.15,1005.14,2022,8,6,218,31,3,夏季
2022-08-07,北京,30.37,59.57,3.81,2.43,984.98,2022,8,7,219,31,3,夏季
2022-08-08,北京,22.9,62.59,8.67,5.72,998.29,2022,8,8,220,32,3,夏季
2022-08-09,北京,21.21,65.82,0.75,0.77,1007.8,2022,8,9,221,32,3,夏季
2022-08-10,北京,21.14,67.34,7.25,2.71,1003.15,2022,8,10,222,32,3,夏季
2022-08-11,北京,14.95,52.79,1.89,1.38,1006.23,2022,8,11,223,32,3,夏季
2022-08-12,北京,27.92,57.1,5.19,0.67,1002.54,2022,8,12,224,32,3,夏季
2022-08-13,北京,19.81,52.45,0.01,7.6,1010.25,2022,8,13,225,32,3,夏季
2022-08-14,北京,18.64,50.02,1.43,6.29,1002.97,2022,8,14,226,32,3,夏季
2022-08-15,北京,20.76,62.71,0.96,4.28,1026.72,2022,8,15,227,33,3,夏季
2022-08-16,北京,13.99,49.39,1.89,4.05,1012.63,2022,8,16,228,33,3,夏季
2022-08-17,北京,21.13,32.99,5.6,7.21,999.31,2022,8,17,229,33,3,夏季
2022-08-18,北京,23.34,66.62,1.89,1.62,988.93,2022,8,18,230,33,3,夏季
2022-08-19,北京,13.46,52.25,1.89,1.96,1008.61,2022,8,19,231,33,3,夏季
2022-08-20,北京,21.55,40.03,4.54,5.28,1025.06,2022,8,20,232,33,3,夏季
2022-08-21,北京,16.29,43.74,1.89,3.05,1034.63,2022,8,21,233,33,3,夏季
2022-08-22,北京,24.66,62.4,5.27,4.62,1013.29,2022,8,22,234,34,3,夏季
2022-08-23,北京,25.54,49.43,1.76,5.34,996.9,2022,8,23,235,34,3,夏季
2022-08-24,北京,26.71,55.23,1.89,2.4,997.55,2022,8,24,236,34,3,夏季
2022-08-25,北京,15.85,33.22,7.31,7.02,990.85,2022,8,25,237,34,3,夏季
2022-08-26,北京,23.7,62.33,0.6,3.5,1000.81,2022,8,26,238,34,3,夏季
2022-08-27,北京,16.56,51.03,6.9,3.34,1021.89,2022,8,27,239,34,3,夏季
2022-08-28,北京,14.84,66.5,1.89,0.94,1008.74,2022,8,28,240,34,3,夏季
2022-08-29,北京,18.68,63.76,1.89,1.95,997.31,2022,8,29,241,35,3,夏季
2022-08-30,北京,19.65,43.21,1.29,5.77,1010.44,2022,8,30,242,35,3,夏季
2022-08-31,北京,10.47,40.43,1.78,2.36,993.29,2022,8,31,243,35,3,夏季
2022-09-01,北京,18.97,64.19,1.32,4.35,1002.54,2022,9,1,244,35,3,秋季
2022-09-02,北京,10.23,55.85,4.83,1.19,1023.21,2022,9,2,245,35,3,秋季
2022-09-03,北京,14.31,79.99,0.08,7.23,1033.07,2022,9,3,246,35,3,秋季
2022-09-04,北京,20.04,45.9,0.2,7.0,983.31,2022,9,4,247,35,3,秋季
2022-09-05,北京,13.66,59.88,0.74,9.34,1018.84,2022,9,5,248,36,3,秋季
2022-09-06,北京,19.13,60.86,2.88,2.04,1019.19,2022,9,6,249,36,3,秋季
2022-09-07,北京,13.54,33.81,0.01,0.99,1022.3,2022,9,7,250,36,3,秋季
2022-09-08,北京,4.35,71.84,6.25,6.79,1020.93,2022,9,8,251,36,3,秋季
2022-09-09,北京,14.42,46.26,0.27,6.51,1034.11,2022,9,9,252,36,3,秋季
2022-09-10,北京,8.96,45.89,1.84,2.99,1031.12,2022,9,10,253,36,3,秋季
2022-09-11,北京,3.77,75.81,3.52,2.39,1024.03,2022,9,11,254,36,3,秋季
2022-09-12,北京,15.31,62.96,0.72,4.14,994.71,2022,9,12,255,37,3,秋季
2022-09-13,北京,14.48,52.13,0.17,1.69,1039.99,2022,9,13,256,37,3,秋季
2022-09-14,北京,19.29,57.48,1.94,5.39,1019.62,2022,9,14,257,37,3,秋季
2022-09-15,北京,12.91,53.15,0.95,7.6,1002.98,2022,9,15,258,37,3,秋季
2022-09-16,北京,11.09,53.79,0.43,6.09,1007.25,2022,9,16,259,37,3,秋季
2022-09-17,北京,17.71,57.8,2.75,1.93,1019.92,2022,9,17,260,37,3,秋季
2022-09-18,北京,21.5,54.22,8.31,3.31,1019.61,2022,9,18,261,37,3,秋季
2022-09-19,北京,10.41,66.47,1.77,0.65,1005.35,2022,9,19,262,38,3,秋季
2022-09-20,北京,18.65,76.98,2.18,9.62,995.28,2022,9,20,263,38,3,秋季
2022-09-21,北京,14.14,66.39,2.62,6.87,1012.46,2022,9,21,264,38,3,秋季
2022-09-22,北京,14.85,67.75,1.35,3.91,1009.04,2022,9,22,265,38,3,秋季
2022-09-23,北京,15.16,66.9,2.26,2.31,1018.06,2022,9,23,266,38,3,秋季
2022-09-24,北京,14.99,54.67,0.34,2.25,996.16,2022,9,24,267,38,3,秋季
2022-09-25,北京,11.66,61.93,1.4,4.16,993.88,2022,9,25,268,38,3,秋季
2022-09-26,北京,23.22,63.91,0.82,2.44,1035.59,2022,9,26,269,39,3,秋季
2022-09-27,北京,20.93,75.4,0.74,3.95,1020.53,2022,9,27,270,39,3,秋季
2022-09-28,北京,20.62,42.57,3.61,0.82,1023.3,2022,9,28,271,39,3,秋季
2022-09-29,北京,13.93,69.7,2.55,2.92,1024.53,2022,9,29,272,39,3,秋季
2022-09-30,北京,19.49,60.38,3.26,3.83,1006.78,2022,9,30,273,39,3,秋季
2022-10-01,北京,12.69,65.93,1.06,1.7,1012.51,2022,10,1,274,39,4,秋季
2022-10-02,北京,9.45,63.46,0.66,3.21,1006.17,2022,10,2,275,39,4,秋季
2022-10-03,北京,16.08,64.02,4.03,8.84,1029.67,2022,10,3,276,40,4,秋季
2022-10-04,北京,3.8,73.65,5.42,6.45,1025.39,2022,10,4,277,40,4,秋季
2022-10-05,北京,17.92,54.92,2.94,2.57,1021.14,2022,10,5,278,40,4,秋季
2022-10-06,北京,-6.67,78.59,0.76,9.4,1021.45,2022,10,6,279,40,4,秋季
2022-10-07,北京,14.74,74.39,2.48,0.6,1008.57,2022,10,7,280,40,4,秋季
2022-10-08,北京,12.55,64.56,0.95,2.42,1016.63,2022,10,8,281,40,4,秋季
2022-10-09,北京,7.54,50.21,0.53,8.34,1006.29,2022,10,9,282,40,4,秋季
2022-10-10,北京,-1.15,78.34,1.39,7.4,1044.05,2022,10,10,283,41,4,秋季
2022-10-11,北京,0.91,65.2,3.35,1.24,1014.84,2022,10,11,284,41,4,秋季
2022-10-12,北京,2.74,61.58,1.46,2.06,1001.93,2022,10,12,285,41,4,秋季
2022-10-13,北京,13.78,60.02,1.22,2.13,1001.64,2022,10,13,286,41,4,秋季
2022-10-14,北京,9.16,54.53,1.67,4.13,1015.1,2022,10,14,287,41,4,秋季
2022-10-15,北京,5.5,57.55,4.51,2.93,1012.62,2022,10,15,288,41,4,秋季
2022-10-16,北京,7.79,58.96,0.83,3.21,1004.72,2022,10,16,289,41,4,秋季
2022-10-17,北京,3.63,83.99,3.42,0.51,1017.01,2022,10,17,290,42,4,秋季
2022-10-18,北京,11.78,68.98,0.36,4.36,1017.8,2022,10,18,291,42,4,秋季
2022-10-19,北京,9.75,62.38,0.77,1.96,1014.1,2022,10,19,292,42,4,秋季
2022-10-20,北京,5.33,82.22,0.59,5.02,997.49,2022,10,20,293,42,4,秋季
2022-10-21,北京,5.26,52.85,1.33,0.9,996.4,2022,10,21,294,42,4,秋季
2022-10-22,北京,6.78,65.43,1.12,2.45,1023.74,2022,10,22,295,42,4,秋季
2022-10-23,北京,10.4,79.12,1.69,1.04,1020.84,2022,10,23,296,42,4,秋季
2022-10-24,北京,-1.35,68.67,5.93,4.77,1024.32,2022,10,24,297,43,4,秋季
2022-10-25,北京,7.41,55.24,0.35,0.24,1009.86,2022,10,25,298,43,4,秋季
2022-10-26,北京,6.52,54.58,0.64,6.5,1002.86,2022,10,26,299,43,4,秋季
2022-10-27,北京,7.65,70.17,0.72,2.04,1010.21,2022,10,27,300,43,4,秋季
2022-10-28,北京,8.04,61.81,1.17,0.71,1012.48,2022,10,28,301,43,4,秋季
2022-10-29,北京,10.99,56.64,0.42,0.86,1018.46,2022,10,29,302,43,4,秋季
2022-10-30,北京,7.65,71.98,0.87,6.04,993.88,2022,10,30,303,43,4,秋季
2022-10-31,北京,6.81,70.91,2.37,3.21,977.14,2022,10,31,304,44,4,秋季
2022-11-01,北京,-6.12,43.59,2.45,2.91,1019.65,2022,11,1,305,44,4,秋季
2022-11-02,北京,17.5,66.08,0.37,4.41,1023.43,2022,11,2,306,44,4,秋季
2022-11-03,北京,7.9,70.03,1.31,3.02,977.93,2022,11,3,307,44,4,秋季
2022-11-04,北京,7.53,83.08,0.21,1.44,1016.9,2022,11,4,308,44,4,秋季
2022-11-05,北京,-10.17,75.5,1.78,2.98,1000.36,2022,11,5,309,44,4,秋季
2022-11-06,北京,2.18,71.35,2.33,1.92,1008.8,2022,11,6,310,44,4,秋季
2022-11-07,北京,-0.97,51.92,2.1,0.54,1017.37,2022,11,7,311,45,4,秋季
2022-11-08,北京,-3.51,76.87,0.14,5.39,1039.56,2022,11,8,312,45,4,秋季
2022-11-09,北京,-4.13,62.75,2.21,0.81,1040.99,2022,11,9,313,45,4,秋季
2022-11-10,北京,5.61,63.21,1.33,0.46,1019.23,2022,11,10,314,45,4,秋季
2022-11-11,北京,3.23,63.96,0.44,1.5,1036.58,2022,11,11,315,45,4,秋季
2022-11-12,北京,-9.11,63.48,0.21,6.98,994.12,2022,11,12,316,45,4,秋季
2022-11-13,北京,0.34,50.72,0.43,2.94,1016.26,2022,11,13,317,45,4,秋季
2022-11-14,北京,-1.26,64.79,2.04,0.91,1031.42,2022,11,14,318,46,4,秋季
2022-11-15,北京,-6.08,72.47,2.1,3.59,997.77,2022,11,15,319,46,4,秋季
2022-11-16,北京,5.37,53.66,4.1,0.88,1005.76,2022,11,16,320,46,4,秋季
2022-11-17,北京,-9.32,65.15,4.9,0.88,991.29,2022,11,17,321,46,4,秋季
2022-11-18,北京,4.26,78.73,1.9,6.73,1005.0,2022,11,18,322,46,4,秋季
2022-11-19,北京,2.2,79.58,1.02,3.21,1012.47,2022,11,19,323,46,4,秋季
2022-11-20,北京,1.25,79.26,0.84,2.88,996.53,2022,11,20,324,46,4,秋季
2022-11-21,北京,10.37,59.65,1.09,3.6,1020.04,2022,11,21,325,47,4,秋季
2022-11-22,北京,0.83,59.73,0.82,7.01,1016.14,2022,11,22,326,47,4,秋季
2022-11-23,北京,5.24,57.67,1.57,3.77,997.06,2022,11,23,327,47,4,秋季
2022-11-24,北京,-6.75,60.05,1.87,4.03,999.54,2022,11,24,328,47,4,秋季
2022-11-25,北京,-2.82,60.7,3.09,2.94,1004.96,2022,11,25,329,47,4,秋季
2022-11-26,北京,10.38,73.08,0.88,8.21,1039.88,2022,11,26,330,47,4,秋季
2022-11-27,北京,-4.59,76.37,0.18,2.63,1006.94,2022,11,27,331,47,4,秋季
2022-11-28,北京,4.47,77.0,3.11,1.23,987.24,2022,11,28,332,48,4,秋季
2022-11-29,北京,2.69,68.91,0.37,5.5,1005.08,2022,11,29,333,48,4,秋季
2022-11-30,北京,1.39,74.69,2.17,3.21,1004.08,2022,11,30,334,48,4,秋季
2022-12-01,北京,0.17,56.24,1.5,5.15,1024.93,2022,12,1,335,48,4,冬季
2022-12-02,北京,1.69,64.08,1.39,3.06,1007.33,2022,12,2,336,48,4,冬季
2022-12-03,北京,2.23,63.61,0.02,4.15,994.98,2022,12,3,337,48,4,冬季
2022-12-04,北京,1.2,74.86,2.23,3.58,997.45,2022,12,4,338,48,4,冬季
2022-12-05,北京,7.95,64.31,1.48,4.79,1024.31,2022,12,5,339,49,4,冬季
2022-12-06,北京,-4.99,75.19,1.74,2.65,1022.6,2022,12,6,340,49,4,冬季
2022-12-07,北京,2.34,58.3,0.82,1.9,997.59,2022,12,7,341,49,4,冬季
2022-12-08,北京,-1.07,78.37,0.56,0.44,1004.77,2022,12,8,342,49,4,冬季
2022-12-09,北京,-0.29,74.47,3.95,1.12,1016.39,2022,12,9,343,49,4,冬季
2022-12-10,北京,10.89,71.94,4.41,6.26,1010.98,2022,12,10,344,49,4,冬季
2022-12-11,北京,12.46,67.25,0.79,3.06,1008.63,2022,12,11,345,49,4,冬季
2022-12-12,北京,-9.83,64.13,1.15,1.79,1005.32,2022,12,12,346,50,4,冬季
2022-12-13,北京,-7.13,70.69,0.77,1.81,1015.3,2022,12,13,347,50,4,冬季
2022-12-14,北京,4.1,78.17,2.52,2.66,1043.8,2022,12,14,348,50,4,冬季
2022-12-15,北京,0.55,65.84,3.01,0.25,1013.08,2022,12,15,349,50,4,冬季
2022-12-16,北京,6.89,80.2,4.1,7.42,1002.62,2022,12,16,350,50,4,冬季
2022-12-17,北京,0.37,80.26,1.46,9.09,1020.21,2022,12,17,351,50,4,冬季
2022-12-18,北京,0.25,77.22,1.91,1.5,1012.41,2022,12,18,352,50,4,冬季
2022-12-19,北京,-4.18,80.97,0.73,2.53,1021.02,2022,12,19,353,51,4,冬季
2022-12-20,北京,0.92,74.53,1.07,1.26,1032.54,2022,12,20,354,51,4,冬季
2022-12-21,北京,-6.68,83.37,0.1,3.48,1005.85,2022,12,21,355,51,4,冬季
2022-12-22,北京,6.11,71.34,0.07,0.98,1003.14,2022,12,22,356,51,4,冬季
2022-12-23,北京,1.32,69.6,1.62,4.47,1016.68,2022,12,23,357,51,4,冬季
2022-12-24,北京,-0.81,61.29,5.43,9.65,1051.12,2022,12,24,358,51,4,冬季
2022-12-25,北京,1.17,62.82,4.92,5.22,996.48,2022,12,25,359,51,4,冬季
2022-12-26,北京,-5.67,73.5,2.66,2.52,984.92,2022,12,26,360,52,4,冬季
2022-12-27,北京,2.67,62.73,0.72,1.43,1019.8,2022,12,27,361,52,4,冬季
2022-12-28,北京,-1.03,59.69,0.57,1.59,1026.25,2022,12,28,362,52,4,冬季
2022-12-29,北京,-0.57,71.48,1.9,2.84,1001.42,2022,12,29,363,52,4,冬季
2022-12-30,北京,5.86,84.98,0.66,1.63,1009.21,2022,12,30,364,52,4,冬季
2022-12-31,北京,9.34,70.35,0.57,1.13,994.39,2022,12,31,365,52,4,冬季
2023-01-01,北京,7.46,62.95,4.55,0.06,1030.39,2023,1,1,1,52,1,冬季
2023-01-02,北京,1.93,75.49,0.84,8.07,1046.14,2023,1,2,2,1,1,冬季
2023-01-03,北京,11.47,59.82,2.6,2.22,1003.76,2023,1,3,3,1,1,冬季
2023-01-04,北京,5.63,73.15,0.59,0.78,1007.36,2023,1,4,4,1,1,冬季
2023-01-05,北京,2.73,77.38,0.88,0.96,986.41,2023,1,5,5,1,1,冬季
2023-01-06,北京,7.69,67.12,5.77,5.53,984.17,2023,1,6,6,1,1,冬季
2023-01-07,北京,0.1,55.46,0.46,3.21,998.92,2023,1,7,7,1,1,冬季
2023-01-08,北京,6.83,65.61,1.68,1.79,1011.48,2023,1,8,8,1,1,冬季
2023-01-09,北京,4.09,80.33,3.57,1.31,1012.76,2023,1,9,9,2,1,冬季
2023-01-10,北京,7.42,57.9,3.12,3.23,984.62,2023,1,10,10,2,1,冬季
2023-01-11,北京,-5.14,63.89,0.29,6.73,994.04,2023,1,11,11,2,1,冬季
2023-01-12,北京,-4.84,69.54,1.57,6.53,1036.7,2023,1,12,12,2,1,冬季
2023-01-13,北京,-4.05,90.26,4.38,0.47,1005.44,2023,1,13,13,2,1,冬季
2023-01-14,北京,4.81,52.61,1.02,1.47,1034.32,2023,1,14,14,2,1,冬季
2023-01-15,北京,2.09,64.03,3.78,0.59,1012.0,2023,1,15,15,2,1,冬季
2023-01-16,北京,-5.12,72.6,0.63,2.29,1032.27,2023,1,16,16,3,1,冬季
2023-01-17,北京,0.9,78.35,1.54,5.82,996.22,2023,1,17,17,3,1,冬季
2023-01-18,北京,0.93,59.27,2.09,1.58,1021.44,2023,1,18,18,3,1,冬季
2023-01-19,北京,-1.01,73.64,3.45,4.82,1034.1,2023,1,19,19,3,1,冬季
2023-01-20,北京,-0.84,65.08,1.43,0.51,1029.4,2023,1,20,20,3,1,冬季
2023-01-21,北京,8.96,55.21,4.63,2.43,996.54,2023,1,21,21,3,1,冬季
2023-01-22,北京,9.09,76.39,5.37,3.74,1003.4,2023,1,22,22,3,1,冬季
2023-01-23,北京,2.38,78.35,2.21,2.66,1016.96,2023,1,23,23,4,1,冬季
2023-01-24,北京,0.2,76.08,0.28,3.21,1001.49,2023,1,24,24,4,1,冬季
2023-01-25,北京,6.56,66.82,8.11,1.31,1019.32,2023,1,25,25,4,1,冬季
2023-01-26,北京,-4.04,69.23,5.1,5.89,1026.51,2023,1,26,26,4,1,冬季
2023-01-27,北京,-0.96,62.5,2.33,2.58,991.16,2023,1,27,27,4,1,冬季
2023-01-28,北京,0.8,83.33,3.14,4.64,1027.82,2023,1,28,28,4,1,冬季
2023-01-29,北京,-2.64,57.32,0.25,1.55,1002.8,2023,1,29,29,4,1,冬季
2023-01-30,北京,6.8,79.94,0.2,3.67,1024.67,2023,1,30,30,5,1,冬季
2023-01-31,北京,-2.04,77.23,2.37,3.21,1001.21,2023,1,31,31,5,1,冬季
2023-02-01,北京,13.01,72.16,1.28,1.64,1046.06,2023,2,1,32,5,1,冬季
2023-02-02,北京,13.67,64.92,3.23,0.84,1005.91,2023,2,2,33,5,1,冬季
2023-02-03,北京,4.92,71.19,1.49,2.13,1029.85,2023,2,3,34,5,1,冬季
2023-02-04,北京,5.28,62.11,3.16,2.66,1005.63,2023,2,4,35,5,1,冬季
2023-02-05,北京,8.2,64.55,7.8,2.34,1040.11,2023,2,5,36,5,1,冬季
2023-02-06,北京,6.78,63.35,6.45,6.53,1022.36,2023,2,6,37,6,1,冬季
2023-02-07,北京,1.65,57.79,1.31,3.21,1025.33,2023,2,7,38,6,1,冬季
2023-02-08,北京,-2.89,62.65,1.19,0.56,1041.52,2023,2,8,39,6,1,冬季
2023-02-09,北京,11.99,76.25,3.58,5.22,991.62,2023,2,9,40,6,1,冬季
2023-02-10,北京,6.27,41.99,0.75,2.47,1006.1,2023,2,10,41,6,1,冬季
2023-02-11,北京,13.09,77.74,6.02,0.88,1009.15,2023,2,11,42,6,1,冬季
2023-02-12,北京,0.81,77.57,8.89,4.28,994.0,2023,2,12,43,6,1,冬季
2023-02-13,北京,9.69,82.02,2.94,3.24,998.44,2023,2,13,44,7,1,冬季
2023-02-14,北京,16.14,74.73,0.55,1.47,985.5,2023,2,14,45,7,1,冬季
2023-02-15,北京,8.8,56.21,2.13,4.16,1024.06,2023,2,15,46,7,1,冬季
2023-02-16,北京,3.97,68.6,0.94,3.55,1010.72,2023,2,16,47,7,1,冬季
2023-02-17,北京,4.3,65.45,0.68,4.91,1027.49,2023,2,17,48,7,1,冬季
2023-02-18,北京,14.29,69.94,0.04,2.99,1009.5,2023,2,18,49,7,1,冬季
2023-02-19,北京,10.24,67.28,3.47,0.63,1021.59,2023,2,19,50,7,1,冬季
2023-02-20,北京,3.2,50.83,3.06,2.81,997.75,2023,2,20,51,8,1,冬季
2023-02-21,北京,0.09,51.61,0.11,1.96,1040.44,2023,2,21,52,8,1,冬季
2023-02-22,北京,10.03,70.28,1.33,6.46,992.06,2023,2,22,53,8,1,冬季
2023-02-23,北京,11.42,56.02,0.08,2.32,1004.07,2023,2,23,54,8,1,冬季
2023-02-24,北京,-3.76,68.36,4.13,0.64,997.39,2023,2,24,55,8,1,冬季
2023-02-25,北京,-0.03,54.96,2.26,5.19,987.77,2023,2,25,56,8,1,冬季
2023-02-26,北京,5.6,52.31,5.53,8.96,996.03,2023,2,26,57,8,1,冬季
2023-02-27,北京,3.25,60.17,0.38,0.34,1027.9,2023,2,27,58,9,1,冬季
2023-02-28,北京,-1.65,71.16,0.7,5.18,1018.78,2023,2,28,59,9,1,冬季
2023-03-01,北京,18.47,39.72,0.89,3.99,998.06,2023,3,1,60,9,1,春季
2023-03-02,北京,13.86,45.93,3.19,1.58,1015.87,2023,3,2,61,9,1,春季
2023-03-03,北京,19.79,66.64,1.98,4.71,1001.29,2023,3,3,62,9,1,春季
2023-03-04,北京,14.67,56.42,0.81,1.22,1022.89,2023,3,4,63,9,1,春季
2023-03-05,北京,20.33,57.42,0.58,3.46,1016.13,2023,3,5,64,9,1,春季
2023-03-06,北京,8.88,74.25,1.89,1.31,1032.39,2023,3,6,65,10,1,春季
2023-03-07,北京,15.73,52.96,1.47,3.51,1038.51,2023,3,7,66,10,1,春季
2023-03-08,北京,13.26,59.25,0.82,6.22,986.89,2023,3,8,67,10,1,春季
2023-03-09,北京,13.3,59.59,0.15,4.8,1013.17,2023,3,9,68,10,1,春季
2023-03-10,北京,17.89,64.6,1.92,2.79,1014.02,2023,3,10,69,10,1,春季
2023-03-11,北京,11.57,68.2,2.47,2.15,1005.62,2023,3,11,70,10,1,春季
2023-03-12,北京,16.4,33.25,1.3,0.72,1036.5,2023,3,12,71,10,1,春季
2023-03-13,北京,16.96,65.82,3.9,1.22,1012.78,2023,3,13,72,11,1,春季
2023-03-14,北京,13.6,45.97,0.13,2.99,1014.82,2023,3,14,73,11,1,春季
2023-03-15,北京,14.46,71.12,2.73,7.57,1020.2,2023,3,15,74,11,1,春季
2023-03-16,北京,14.03,74.72,5.66,1.24,993.58,2023,3,16,75,11,1,春季
2023-03-17,北京,16.1,65.03,2.8,3.24,1012.47,2023,3,17,76,11,1,春季
2023-03-18,北京,12.45,70.43,0.1,4.68,992.28,2023,3,18,77,11,1,春季
2023-03-19,北京,16.1,48.49,1.51,1.41,1018.62,2023,3,19,78,11,1,春季
2023-03-20,北京,12.96,56.35,1.21,2.2,1008.37,2023,3,20,79,12,1,春季
2023-03-21,北京,22.72,65.17,0.24,7.79,982.49,2023,3,21,80,12,1,春季
2023-03-22,北京,8.79,65.14,0.98,9.15,1019.02,2023,3,22,81,12,1,春季
2023-03-23,北京,7.74,65.22,0.37,2.31,1022.78,2023,3,23,82,12,1,春季
2023-03-24,北京,10.95,61.88,1.86,6.31,1023.31,2023,3,24,83,12,1,春季
2023-03-25,北京,8.87,81.97,3.91,3.33,1022.01,2023,3,25,84,12,1,春季
2023-03-26,北京,20.45,83.65,1.21,3.49,988.66,2023,3,26,85,12,1,春季
2023-03-27,北京,16.83,59.61,0.86,1.24,1010.87,2023,3,27,86,13,1,春季
2023-03-28,北京,16.87,74.55,2.86,3.97,995.97,2023,3,28,87,13,1,春季
2023-03-29,北京,13.03,52.38,0.25,2.67,1007.91,2023,3,29,88,13,1,春季
2023-03-30,北京,13.01,59.59,2.05,0.69,1004.13,2023,3,30,89,13,1,春季
2023-03-31,北京,10.11,77.98,0.4,5.21,1040.15,2023,3,31,90,13,1,春季
2023-04-01,北京,23.79,51.56,2.24,4.31,1002.72,2023,4,1,91,13,2,春季
2023-04-02,北京,16.15,70.36,6.28,3.97,1011.72,2023,4,2,92,13,2,春季
2023-04-03,北京,26.67,48.7,1.89,2.39,989.17,2023,4,3,93,14,2,春季
2023-04-04,北京,18.9,45.76,1.17,3.62,1011.59,2023,4,4,94,14,2,春季
2023-04-05,北京,23.7,48.34,2.12,3.72,1011.73,2023,4,5,95,14,2,春季
2023-04-06,北京,27.18,62.77,0.19,0.7,1014.22,2023,4,6,96,14,2,春季
2023-04-07,北京,20.92,57.68,1.26,1.04,1016.16,2023,4,7,97,14,2,春季
2023-04-08,北京,13.72,48.05,0.66,5.76,1015.69,2023,4,8,98,14,2,春季
2023-04-09,北京,25.1,44.2,2.49,1.2,1030.45,2023,4,9,99,14,2,春季
2023-04-10,北京,28.46,53.53,1.2,1.15,1009.17,2023,4,10,100,15,2,春季
2023-04-11,北京,20.43,55.32,1.17,5.43,1029.05,2023,4,11,101,15,2,春季
2023-04-12,北京,29.67,57.85,1.56,1.62,1006.97,2023,4,12,102,15,2,春季
2023-04-13,北京,27.74,54.19,1.76,6.78,1021.88,2023,4,13,103,15,2,春季
2023-04-14,北京,24.17,30.07,3.25,0.89,989.59,2023,4,14,104,15,2,春季
2023-04-15,北京,17.28,72.84,1.04,2.26,1015.92,2023,4,15,105,15,2,春季
2023-04-16,北京,25.57,60.1,0.37,4.14,1024.09,2023,4,16,106,15,2,春季
2023-04-17,北京,37.18,44.72,5.03,3.03,1026.8,2023,4,17,107,16,2,春季
2023-04-18,北京,14.66,40.08,0.68,5.34,1006.66,2023,4,18,108,16,2,春季
2023-04-19,北京,17.73,60.18,0.84,3.1,1010.37,2023,4,19,109,16,2,春季
2023-04-20,北京,21.18,58.66,1.25,6.93,1011.72,2023,4,20,110,16,2,春季
2023-04-21,北京,32.82,56.58,3.76,3.33,1012.83,2023,4,21,111,16,2,春季
2023-04-22,北京,23.99,71.67,1.51,4.14,980.7,2023,4,22,112,16,2,春季
2023-04-23,北京,30.75,48.71,3.95,2.92,995.16,2023,4,23,113,16,2,春季
2023-04-24,北京,17.02,63.22,2.04,2.81,1027.89,2023,4,24,114,17,2,春季
2023-04-25,北京,28.51,55.09,0.04,0.74,1023.71,2023,4,25,115,17,2,春季
2023-04-26,北京,27.38,43.68,2.24,0.66,1002.53,2023,4,26,116,17,2,春季
2023-04-27,北京,21.5,68.99,1.87,7.35,1018.58,2023,4,27,117,17,2,春季
2023-04-28,北京,17.76,45.93,1.54,0.33,986.58,2023,4,28,118,17,2,春季
2023-04-29,北京,17.95,61.95,0.44,0.84,1006.15,2023,4,29,119,17,2,春季
2023-04-30,北京,18.31,33.93,1.54,2.26,1006.94,2023,4,30,120,17,2,春季
2023-05-01,北京,18.17,36.53,0.07,3.21,1011.33,2023,5,1,121,18,2,春季
2023-05-02,北京,23.65,56.91,0.58,3.31,996.1,2023,5,2,122,18,2,春季
2023-05-03,北京,27.13,46.98,0.31,4.15,1040.39,2023,5,3,123,18,2,春季
2023-05-04,北京,29.92,39.57,0.82,0.57,1024.98,2023,5,4,124,18,2,春季
2023-05-05,北京,24.81,45.69,1.12,1.04,1025.55,2023,5,5,125,18,2,春季
2023-05-06,北京,40.2,55.71,6.59,1.68,1049.91,2023,5,6,126,18,2,春季
2023-05-07,北京,22.39,43.79,0.61,9.9,1013.46,2023,5,7,127,18,2,春季
2023-05-08,北京,28.75,48.41,3.28,6.53,994.26,2023,5,8,128,19,2,春季
2023-05-09,北京,37.66,53.91,4.3,0.39,1012.32,2023,5,9,129,19,2,春季
2023-05-10,北京,25.36,38.12,4.02,1.89,1036.34,2023,5,10,130,19,2,春季
2023-05-11,北京,21.25,42.35,0.39,1.57,1025.68,2023,5,11,131,19,2,春季
2023-05-12,北京,28.93,50.9,0.99,9.89,1036.18,2023,5,12,132,19,2,春季
2023-05-13,北京,24.82,50.37,1.45,1.11,1013.24,2023,5,13,133,19,2,春季
2023-05-14,北京,21.77,55.84,0.58,2.38,1021.12,2023,5,14,134,19,2,春季
2023-05-15,北京,27.78,36.59,0.04,4.1,1043.63,2023,5,15,135,20,2,春季
2023-05-16,北京,30.1,46.68,3.14,2.69,998.3,2023,5,16,136,20,2,春季
2023-05-17,北京,23.69,42.43,1.62,5.11,1011.24,2023,5,17,137,20,2,春季
2023-05-18,北京,24.56,62.97,0.31,2.34,1025.1,2023,5,18,138,20,2,春季
2023-05-19,北京,22.55,76.94,1.37,2.38,1016.46,2023,5,19,139,20,2,春季
2023-05-20,北京,30.15,44.17,1.15,1.31,1008.88,2023,5,20,140,20,2,春季
2023-05-21,北京,27.65,40.59,2.88,3.0,987.56,2023,5,21,141,20,2,春季
2023-05-22,北京,32.39,56.15,1.07,2.73,1008.23,2023,5,22,142,21,2,春季
2023-05-23,北京,25.85,60.99,2.13,5.41,1037.69,2023,5,23,143,21,2,春季
2023-05-24,北京,18.8,60.32,0.18,6.68,993.03,2023,5,24,144,21,2,春季
2023-05-25,北京,20.67,44.66,0.84,9.4,1003.29,2023,5,25,145,21,2,春季
2023-05-26,北京,41.32,52.31,5.06,3.59,1004.1,2023,5,26,146,21,2,春季
2023-05-27,北京,30.48,47.92,0.04,3.96,1014.85,2023,5,27,147,21,2,春季
2023-05-28,北京,25.1,50.56,5.05,2.24,1012.55,2023,5,28,148,21,2,春季
2023-05-29,北京,22.66,50.82,0.48,3.65,1002.6,2023,5,29,149,22,2,春季
2023-05-30,北京,34.74,51.58,3.95,1.8,1038.64,2023,5,30,150,22,2,春季
2023-05-31,北京,21.41,64.43,4.98,4.45,1000.47,2023,5,31,151,22,2,春季
2023-06-01,北京,28.62,43.28,3.74,4.51,992.32,2023,6,1,152,22,2,夏季
2023-06-02,北京,29.89,49.42,1.89,7.11,1027.09,2023,6,2,153,22,2,夏季
2023-06-03,北京,26.85,47.02,2.54,2.66,1012.95,2023,6,3,154,22,2,夏季
2023-06-04,北京,33.93,32.22,0.62,2.94,1020.91,2023,6,4,155,22,2,夏季
2023-06-05,北京,33.54,57.77,7.47,8.7,1033.11,2023,6,5,156,23,2,夏季
2023-06-06,北京,31.46,50.32,1.89,4.6,1017.88,2023,6,6,157,23,2,夏季
2023-06-07,北京,29.82,41.46,5.77,2.81,1031.79,2023,6,7,158,23,2,夏季
2023-06-08,北京,27.22,50.33,7.64,2.55,1017.77,2023,6,8,159,23,2,夏季
2023-06-09,北京,24.22,53.23,1.05,3.19,1016.8,2023,6,9,160,23,2,夏季
2023-06-10,北京,32.5,40.18,7.52,1.84,1016.64,2023,6,10,161,23,2,夏季
2023-06-11,北京,22.14,40.68,4.96,6.65,1008.45,2023,6,11,162,23,2,夏季
2023-06-12,北京,33.83,45.86,1.89,0.65,1021.34,2023,6,12,163,24,2,夏季
2023-06-13,北京,30.06,49.07,3.31,7.14,992.47,2023,6,13,164,24,2,夏季
2023-06-14,北京,35.25,53.25,2.46,0.07,1029.47,2023,6,14,165,24,2,夏季
2023-06-15,北京,39.77,56.87,7.17,4.75,1037.13,2023,6,15,166,24,2,夏季
2023-06-16,北京,31.18,40.61,2.57,3.0,1001.18,2023,6,16,167,24,2,夏季
2023-06-17,北京,36.03,40.63,8.26,7.39,1001.42,2023,6,17,168,24,2,夏季
2023-06-18,北京,34.0,70.6,0.09,1.46,1035.21,2023,6,18,169,24,2,夏季
2023-06-19,北京,31.71,62.43,2.32,2.02,996.38,2023,6,19,170,25,2,夏季
2023-06-20,北京,30.69,31.14,1.45,10.31,1015.99,2023,6,20,171,25,2,夏季
2023-06-21,北京,22.7,61.91,2.87,3.17,1053.84,2023,6,21,172,25,2,夏季
2023-06-22,北京,25.61,35.93,0.7,1.03,1026.19,2023,6,22,173,25,2,夏季
2023-06-23,北京,20.33,48.51,5.83,7.04,982.8,2023,6,23,174,25,2,夏季
2023-06-24,北京,36.57,40.51,3.62,2.91,1031.71,2023,6,24,175,25,2,夏季
2023-06-25,北京,25.8,56.87,1.26,2.62,988.21,2023,6,25,176,25,2,夏季
2023-06-26,北京,36.71,30.66,1.89,8.11,1014.05,2023,6,26,177,26,2,夏季
2023-06-27,北京,29.63,48.15,6.86,1.81,1002.59,2023,6,27,178,26,2,夏季
2023-06-28,北京,27.36,63.53,5.62,0.63,1009.42,2023,6,28,179,26,2,夏季
2023-06-29,北京,31.55,54.76,4.4,4.18,1024.81,2023,6,29,180,26,2,夏季
2023-06-30,北京,34.66,43.96,5.08,1.22,1001.34,2023,6,30,181,26,2,夏季
2023-07-01,北京,33.8,48.46,1.89,1.32,995.17,2023,7,1,182,26,3,夏季
2023-07-02,北京,37.93,51.12,1.89,1.7,1007.15,2023,7,2,183,26,3,夏季
2023-07-03,北京,31.43,63.2,1.89,0.45,1002.51,2023,7,3,184,27,3,夏季
2023-07-04,北京,30.06,43.75,1.89,2.31,1016.02,2023,7,4,185,27,3,夏季
2023-07-05,北京,28.48,76.41,4.94,10.15,1049.4,2023,7,5,186,27,3,夏季
2023-07-06,北京,25.12,72.22,1.89,2.35,1011.65,2023,7,6,187,27,3,夏季
2023-07-07,北京,30.46,67.09,1.89,5.7,1015.12,2023,7,7,188,27,3,夏季
2023-07-08,北京,36.36,60.11,6.43,1.78,1009.79,2023,7,8,189,27,3,夏季
2023-07-09,北京,17.89,37.56,1.77,9.93,1039.09,2023,7,9,190,27,3,夏季
2023-07-10,北京,28.42,33.64,4.18,1.24,1043.4,2023,7,10,191,28,3,夏季
2023-07-11,北京,38.29,40.13,5.48,3.31,1037.59,2023,7,11,192,28,3,夏季
2023-07-12,北京,33.38,59.43,8.13,2.86,1019.06,2023,7,12,193,28,3,夏季
2023-07-13,北京,27.41,54.52,1.51,4.13,998.05,2023,7,13,194,28,3,夏季
2023-07-14,北京,23.33,49.46,1.78,2.5,1017.38,2023,7,14,195,28,3,夏季
2023-07-15,北京,34.88,51.23,4.19,3.14,1030.86,2023,7,15,196,28,3,夏季
2023-07-16,北京,33.18,61.02,0.0,6.38,1019.55,2023,7,16,197,28,3,夏季
2023-07-17,北京,30.0,53.79,1.89,2.37,1022.5,2023,7,17,198,29,3,夏季
2023-07-18,北京,28.49,72.39,5.18,1.08,1013.03,2023,7,18,199,29,3,夏季
2023-07-19,北京,23.93,61.53,7.0,5.32,1008.13,2023,7,19,200,29,3,夏季
2023-07-20,北京,27.66,55.67,1.89,0.37,1026.09,2023,7,20,201,29,3,夏季
2023-07-21,北京,40.12,56.14,1.89,2.66,1009.13,2023,7,21,202,29,3,夏季
2023-07-22,北京,32.33,49.6,1.05,10.01,1038.3,2023,7,22,203,29,3,夏季
2023-07-23,北京,26.34,50.53,0.85,3.28,996.69,2023,7,23,204,29,3,夏季
2023-07-24,北京,34.24,62.24,1.89,6.94,1012.66,2023,7,24,205,30,3,夏季
2023-07-25,北京,32.3,37.45,2.94,2.77,993.12,2023,7,25,206,30,3,夏季
2023-07-26,北京,31.51,61.63,3.17,1.76,1020.43,2023,7,26,207,30,3,夏季
2023-07-27,北京,25.01,50.0,5.66,1.26,1030.25,2023,7,27,208,30,3,夏季
2023-07-28,北京,30.46,50.92,2.63,3.1,997.88,2023,7,28,209,30,3,夏季
2023-07-29,北京,22.41,72.2,3.84,4.11,994.23,2023,7,29,210,30,3,夏季
2023-07-30,北京,23.1,47.12,0.67,3.43,1014.32,2023,7,30,211,30,3,夏季
2023-07-31,北京,28.87,58.36,1.89,8.75,1013.99,2023,7,31,212,31,3,夏季
2023-08-01,北京,14.86,72.83,6.66,2.68,1006.04,2023,8,1,213,31,3,夏季
2023-08-02,北京,22.59,67.11,1.89,2.38,1003.98,2023,8,2,214,31,3,夏季
2023-08-03,北京,20.24,44.82,2.46,8.06,998.68,2023,8,3,215,31,3,夏季
2023-08-04,北京,17.92,56.26,1.89,8.65,993.95,2023,8,4,216,31,3,夏季
2023-08-05,北京,24.03,52.69,7.66,1.0,1008.7,2023,8,5,217,31,3,夏季
2023-08-06,北京,18.7,61.64,3.3,5.12,1027.15,2023,8,6,218,31,3,夏季
2023-08-07,北京,31.14,50.31,3.91,5.01,994.65,2023,8,7,219,32,3,夏季
2023-08-08,北京,20.53,35.91,8.97,7.51,1015.18,2023,8,8,220,32,3,夏季
2023-08-09,北京,25.36,58.97,8.43,6.03,1007.87,2023,8,9,221,32,3,夏季
2023-08-10,北京,20.92,58.14,1.89,3.91,1042.51,2023,8,10,222,32,3,夏季
2023-08-11,北京,15.96,51.55,2.68,4.93,1034.11,2023,8,11,223,32,3,夏季
2023-08-12,北京,24.54,63.16,4.21,1.28,1023.08,2023,8,12,224,32,3,夏季
2023-08-13,北京,13.92,61.3,1.89,2.67,987.42,2023,8,13,225,32,3,夏季
2023-08-14,北京,26.41,45.88,3.8,1.51,1012.48,2023,8,14,226,33,3,夏季
2023-08-15,北京,16.83,65.29,6.57,1.56,1005.24,2023,8,15,227,33,3,夏季
2023-08-16,北京,23.51,39.43,1.77,1.06,1013.45,2023,8,16,228,33,3,夏季
2023-08-17,北京,20.25,57.94,5.05,3.76,1002.56,2023,8,17,229,33,3,夏季
2023-08-18,北京,31.32,82.92,1.89,3.21,1032.59,2023,8,18,230,33,3,夏季
2023-08-19,北京,26.38,50.16,4.53,4.48,1019.12,2023,8,19,231,33,3,夏季
2023-08-20,北京,17.18,65.22,2.82,6.84,998.81,2023,8,20,232,33,3,夏季
2023-08-21,北京,19.42,41.52,5.17,1.41,1030.72,2023,8,21,233,34,3,夏季
2023-08-22,北京,33.06,46.39,1.27,4.29,1008.59,2023,8,22,234,34,3,夏季
2023-08-23,北京,27.24,51.94,8.7,7.89,996.34,2023,8,23,235,34,3,夏季
2023-08-24,北京,22.02,72.3,1.89,3.4,1026.4,2023,8,24,236,34,3,夏季
2023-08-25,北京,32.09,51.47,1.89,2.49,1022.34,2023,8,25,237,34,3,夏季
2023-08-26,北京,20.81,48.73,7.62,3.39,978.84,2023,8,26,238,34,3,夏季
2023-08-27,北京,17.2,50.0,8.33,2.36,1012.48,2023,8,27,239,34,3,夏季
2023-08-28,北京,31.13,56.22,6.51,2.88,1022.75,2023,8,28,240,35,3,夏季
2023-08-29,北京,23.53,47.24,2.72,3.76,994.71,2023,8,29,241,35,3,夏季
2023-08-30,北京,23.59,50.35,7.82,3.0,992.53,2023,8,30,242,35,3,夏季
2023-08-31,北京,10.61,61.7,3.11,5.17,1015.3,2023,8,31,243,35,3,夏季
2023-09-01,北京,14.63,52.09,4.43,2.88,1021.84,2023,9,1,244,35,3,秋季
2023-09-02,北京,7.57,39.51,2.01,1.04,1018.58,2023,9,2,245,35,3,秋季
2023-09-03,北京,12.84,38.8,0.81,3.25,1005.24,2023,9,3,246,35,3,秋季
2023-09-04,北京,18.97,73.49,2.07,3.21,1013.7,2023,9,4,247,36,3,秋季
2023-09-05,北京,16.71,79.17,0.95,7.29,990.12,2023,9,5,248,36,3,秋季
2023-09-06,北京,21.57,59.85,1.03,2.98,1005.12,2023,9,6,249,36,3,秋季
2023-09-07,北京,19.86,68.73,0.1,1.79,999.57,2023,9,7,250,36,3,秋季
2023-09-08,北京,13.21,47.75,0.88,3.47,1035.05,2023,9,8,251,36,3,秋季
2023-09-09,北京,11.8,74.84,0.61,3.22,977.63,2023,9,9,252,36,3,秋季
2023-09-10,北京,12.19,45.71,0.04,1.99,1020.59,2023,9,10,253,36,3,秋季
2023-09-11,北京,20.95,66.67,3.36,0.81,1012.52,2023,9,11,254,37,3,秋季
2023-09-12,北京,9.8,68.18,4.67,4.54,1025.12,2023,9,12,255,37,3,秋季
2023-09-13,北京,10.77,66.08,1.17,2.9,1002.84,2023,9,13,256,37,3,秋季
2023-09-14,北京,7.14,49.47,1.81,1.24,1007.55,2023,9,14,257,37,3,秋季
2023-09-15,北京,16.53,52.69,0.67,3.22,1007.89,2023,9,15,258,37,3,秋季
2023-09-16,北京,16.18,60.53,0.78,2.57,998.68,2023,9,16,259,37,3,秋季
2023-09-17,北京,15.81,74.95,1.78,1.93,999.41,2023,9,17,260,37,3,秋季
2023-09-18,北京,10.98,52.68,1.47,5.3,1014.37,2023,9,18,261,38,3,秋季
2023-09-19,北京,20.51,64.92,1.64,1.57,999.68,2023,9,19,262,38,3,秋季
2023-09-20,北京,20.36,51.47,0.1,5.53,998.46,2023,9,20,263,38,3,秋季
2023-09-21,北京,24.26,55.82,0.98,2.54,996.18,2023,9,21,264,38,3,秋季
2023-09-22,北京,4.66,60.89,1.42,3.93,1032.46,2023,9,22,265,38,3,秋季
2023-09-23,北京,10.01,49.41,0.97,1.12,990.16,2023,9,23,266,38,3,秋季
2023-09-24,北京,16.47,62.2,3.31,9.78,1023.49,2023,9,24,267,38,3,秋季
2023-09-25,北京,10.38,54.27,0.38,7.13,982.24,2023,9,25,268,39,3,秋季
2023-09-26,北京,11.59,46.69,3.93,3.98,1011.37,2023,9,26,269,39,3,秋季
2023-09-27,北京,7.27,45.0,0.63,3.32,1027.08,2023,9,27,270,39,3,秋季
2023-09-28,北京,18.8,77.98,2.66,2.58,1004.59,2023,9,28,271,39,3,秋季
2023-09-29,北京,12.36,57.98,3.06,9.68,1037.12,2023,9,29,272,39,3,秋季
2023-09-30,北京,19.51,48.69,2.33,6.19,1010.07,2023,9,30,273,39,3,秋季
2023-10-01,北京,10.23,64.8,2.93,1.39,999.41,2023,10,1,274,39,4,秋季
2023-10-02,北京,3.44,72.53,0.32,3.69,1021.66,2023,10,2,275,40,4,秋季
2023-10-03,北京,1.35,70.49,0.83,1.9,1033.43,2023,10,3,276,40,4,秋季
2023-10-04,北京,5.68,87.01,1.89,0.34,989.81,2023,10,4,277,40,4,秋季
2023-10-05,北京,14.12,80.76,5.56,1.56,1009.56,2023,10,5,278,40,4,秋季
2023-10-06,北京,8.25,65.11,0.04,0.78,1007.83,2023,10,6,279,40,4,秋季
2023-10-07,北京,7.56,66.03,1.7,1.28,1039.99,2023,10,7,280,40,4,秋季
2023-10-08,北京,4.34,70.99,0.28,5.28,1041.26,2023,10,8,281,40,4,秋季
2023-10-09,北京,11.15,78.92,8.59,1.36,1014.3,2023,10,9,282,41,4,秋季
2023-10-10,北京,11.55,57.75,6.3,5.84,1037.5,2023,10,10,283,41,4,秋季
2023-10-11,北京,0.46,52.02,2.02,5.88,1030.01,2023,10,11,284,41,4,秋季
2023-10-12,北京,14.84,64.7,1.29,9.1,1016.12,2023,10,12,285,41,4,秋季
2023-10-13,北京,11.96,62.96,0.35,5.93,999.33,2023,10,13,286,41,4,秋季
2023-10-14,北京,12.7,54.81,0.25,7.08,1008.56,2023,10,14,287,41,4,秋季
2023-10-15,北京,8.04,91.07,2.08,6.94,1016.28,2023,10,15,288,41,4,秋季
2023-10-16,北京,8.07,57.07,0.81,3.86,1010.13,2023,10,16,289,42,4,秋季
2023-10-17,北京,0.8,61.8,4.83,2.11,1000.47,2023,10,17,290,42,4,秋季
2023-10-18,北京,3.33,58.2,1.83,8.51,1000.66,2023,10,18,291,42,4,秋季
2023-10-19,北京,15.7,45.77,0.91,5.56,1017.79,2023,10,19,292,42,4,秋季
2023-10-20,北京,4.61,56.04,2.52,6.54,1026.96,2023,10,20,293,42,4,秋季
2023-10-21,北京,12.31,76.66,3.55,1.34,1007.49,2023,10,21,294,42,4,秋季
2023-10-22,北京,6.53,72.45,3.73,1.36,1045.9,2023,10,22,295,42,4,秋季
2023-10-23,北京,6.12,61.38,0.06,0.6,1005.5,2023,10,23,296,43,4,秋季
2023-10-24,北京,15.46,79.65,1.52,3.04,999.91,2023,10,24,297,43,4,秋季
2023-10-25,北京,4.25,61.73,1.28,5.8,1018.56,2023,10,25,298,43,4,秋季
2023-10-26,北京,2.5,56.45,0.8,3.56,986.63,2023,10,26,299,43,4,秋季
2023-10-27,北京,17.77,66.48,0.98,1.86,1005.33,2023,10,27,300,43,4,秋季
2023-10-28,北京,11.8,73.1,2.2,4.73,991.33,2023,10,28,301,43,4,秋季
2023-10-29,北京,21.83,55.98,1.35,9.98,1020.79,2023,10,29,302,43,4,秋季
2023-10-30,北京,4.59,68.99,0.14,3.11,1002.67,2023,10,30,303,44,4,秋季
2023-10-31,北京,13.93,64.43,6.02,0.85,1032.52,2023,10,31,304,44,4,秋季
2023-11-01,北京,4.93,65.98,4.09,0.44,1022.44,2023,11,1,305,44,4,秋季
2023-11-02,北京,-7.67,63.17,1.27,2.87,1015.39,2023,11,2,306,44,4,秋季
2023-11-03,北京,-4.69,63.8,0.94,1.36,1005.26,2023,11,3,307,44,4,秋季
2023-11-04,北京,7.57,67.95,0.07,7.74,1023.3,2023,11,4,308,44,4,秋季
2023-11-05,北京,3.68,74.31,5.26,3.44,981.62,2023,11,5,309,44,4,秋季
2023-11-06,北京,0.64,64.09,0.39,4.17,1024.51,2023,11,6,310,45,4,秋季
2023-11-07,北京,-4.27,81.55,4.48,4.88,986.8,2023,11,7,311,45,4,秋季
2023-11-08,北京,3.58,53.81,2.89,0.94,1021.92,2023,11,8,312,45,4,秋季
2023-11-09,北京,1.14,82.26,4.68,5.45,975.56,2023,11,9,313,45,4,秋季
2023-11-10,北京,9.49,65.81,1.5,1.19,1000.19,2023,11,10,314,45,4,秋季
2023-11-11,北京,-5.21,73.11,0.32,8.01,1029.74,2023,11,11,315,45,4,秋季
2023-11-12,北京,6.89,68.75,5.51,4.83,1030.31,2023,11,12,316,45,4,秋季
2023-11-13,北京,0.66,54.76,0.12,3.49,1017.86,2023,11,13,317,46,4,秋季
2023-11-14,北京,1.8,90.25,0.07,8.92,1024.73,2023,11,14,318,46,4,秋季
2023-11-15,北京,-1.89,76.01,0.5,2.4,997.05,2023,11,15,319,46,4,秋季
2023-11-16,北京,-0.01,79.99,1.78,1.44,1025.08,2023,11,16,320,46,4,秋季
2023-11-17,北京,2.41,71.87,7.97,7.78,997.85,2023,11,17,321,46,4,秋季
2023-11-18,北京,2.44,51.5,0.77,2.16,1002.01,2023,11,18,322,46,4,秋季
2023-11-19,北京,1.65,87.55,0.2,1.67,1016.32,2023,11,19,323,46,4,秋季
2023-11-20,北京,3.63,74.47,0.15,3.26,1032.95,2023,11,20,324,47,4,秋季
2023-11-21,北京,10.2,77.74,1.89,5.17,993.22,2023,11,21,325,47,4,秋季
2023-11-22,北京,3.64,60.31,1.67,2.23,1013.83,2023,11,22,326,47,4,秋季
2023-11-23,北京,1.15,75.81,1.96,5.41,1023.02,2023,11,23,327,47,4,秋季
2023-11-24,北京,0.45,78.97,4.39,1.66,998.79,2023,11,24,328,47,4,秋季
2023-11-25,北京,0.12,82.11,0.52,4.2,1009.88,2023,11,25,329,47,4,秋季
2023-11-26,北京,12.61,78.44,1.29,5.69,1010.05,2023,11,26,330,47,4,秋季
2023-11-27,北京,-7.05,59.15,1.38,7.74,1012.48,2023,11,27,331,48,4,秋季
2023-11-28,北京,-6.12,69.49,0.41,3.21,996.45,2023,11,28,332,48,4,秋季
2023-11-29,北京,0.38,88.51,0.98,8.82,993.28,2023,11,29,333,48,4,秋季
2023-11-30,北京,1.0,66.83,1.99,2.71,1018.56,2023,11,30,334,48,4,秋季
2023-12-01,北京,4.77,77.89,0.45,3.67,989.29,2023,12,1,335,48,4,冬季
2023-12-02,北京,-5.4,58.23,0.35,5.18,1003.6,2023,12,2,336,48,4,冬季
2023-12-03,北京,0.4,67.12,7.46,1.7,1007.83,2023,12,3,337,48,4,冬季
2023-12-04,北京,0.53,71.51,1.95,4.59,984.19,2023,12,4,338,49,4,冬季
2023-12-05,北京,5.82,79.26,6.71,3.21,1018.99,2023,12,5,339,49,4,冬季
2023-12-06,北京,-3.09,62.05,1.44,6.1,1006.92,2023,12,6,340,49,4,冬季
2023-12-07,北京,1.8,83.34,2.97,6.53,1005.62,2023,12,7,341,49,4,冬季
2023-12-08,北京,-7.29,72.35,1.29,1.17,999.64,2023,12,8,342,49,4,冬季
2023-12-09,北京,2.2,64.79,8.29,5.35,1010.79,2023,12,9,343,49,4,冬季
2023-12-10,北京,0.21,95.0,4.13,4.02,1004.45,2023,12,10,344,49,4,冬季
2023-12-11,北京,2.18,71.66,3.46,3.24,1004.24,2023,12,11,345,50,4,冬季
2023-12-12,北京,-2.4,51.25,0.97,4.34,1012.24,2023,12,12,346,50,4,冬季
2023-12-13,北京,-0.19,78.19,1.95,2.3,1028.94,2023,12,13,347,50,4,冬季
2023-12-14,北京,-8.78,57.31,5.19,2.91,998.94,2023,12,14,348,50,4,冬季
2023-12-15,北京,-5.07,73.39,1.48,2.88,1043.37,2023,12,15,349,50,4,冬季
2023-12-16,北京,-1.67,78.85,0.09,2.84,1015.62,2023,12,16,350,50,4,冬季
2023-12-17,北京,4.4,60.54,4.77,4.11,1010.29,2023,12,17,351,50,4,冬季
2023-12-18,北京,1.41,88.33,1.3,5.59,998.31,2023,12,18,352,51,4,冬季
2023-12-19,北京,-8.09,73.46,6.23,2.21,990.77,2023,12,19,353,51,4,冬季
2023-12-20,北京,5.42,69.75,2.49,1.62,1015.41,2023,12,20,354,51,4,冬季
2023-12-21,北京,2.34,64.56,0.58,0.5,997.93,2023,12,21,355,51,4,冬季
2023-12-22,北京,0.91,59.64,0.31,4.98,1017.21,2023,12,22,356,51,4,冬季
2023-12-23,北京,3.95,69.78,1.47,3.21,1006.63,2023,12,23,357,51,4,冬季
2023-12-24,北京,-3.77,68.86,3.09,1.65,1009.27,2023,12,24,358,51,4,冬季
2023-12-25,北京,-2.35,81.21,1.84,0.65,1032.19,2023,12,25,359,52,4,冬季
2023-12-26,北京,-16.21,72.97,1.89,0.95,1012.6,2023,12,26,360,52,4,冬季
2023-12-27,北京,2.79,76.32,3.11,1.34,1025.86,2023,12,27,361,52,4,冬季
2023-12-28,北京,-0.35,70.91,0.28,3.21,1021.96,2023,12,28,362,52,4,冬季
2023-12-29,北京,11.03,70.8,1.4,0.98,1012.51,2023,12,29,363,52,4,冬季
2023-12-30,北京,-1.99,65.53,7.22,2.25,1002.33,2023,12,30,364,52,4,冬季
2023-12-31,北京,-5.39,73.43,3.16,1.86,1024.13,2023,12,31,365,52,4,冬季
2024-01-01,北京,-0.52,71.06,1.08,0.95,1016.76,2024,1,1,1,1,1,冬季
2024-01-02,北京,-6.25,78.33,3.04,2.25,1026.72,2024,1,2,2,1,1,冬季
2024-01-03,北京,-0.15,90.52,4.77,0.88,999.61,2024,1,3,3,1,1,冬季
2024-01-04,北京,-8.21,62.87,2.37,5.09,1019.46,2024,1,4,4,1,1,冬季
2024-01-05,北京,6.58,58.79,1.0,2.68,1043.15,2024,1,5,5,1,1,冬季
2024-01-06,北京,1.14,82.05,0.58,2.96,1012.39,2024,1,6,6,1,1,冬季
2024-01-07,北京,18.9,75.43,7.3,1.23,984.65,2024,1,7,7,1,1,冬季
2024-01-08,北京,2.58,82.93,1.7,4.3,1018.91,2024,1,8,8,2,1,冬季
2024-01-09,北京,-0.58,85.84,0.7,3.29,1003.28,2024,1,9,9,2,1,冬季
2024-01-10,北京,6.19,57.98,2.93,3.8,1021.81,2024,1,10,10,2,1,冬季
2024-01-11,北京,-0.65,64.77,1.89,3.62,994.06,2024,1,11,11,2,1,冬季
2024-01-12,北京,-2.31,80.02,3.18,0.75,979.87,2024,1,12,12,2,1,冬季
2024-01-13,北京,-3.01,78.1,0.26,0.43,1022.3,2024,1,13,13,2,1,冬季
2024-01-14,北京,1.57,90.77,1.94,9.75,1017.61,2024,1,14,14,2,1,冬季
2024-01-15,北京,11.88,72.43,4.14,0.41,990.39,2024,1,15,15,3,1,冬季
2024-01-16,北京,-1.6,70.05,4.45,3.68,1004.13,2024,1,16,16,3,1,冬季
2024-01-17,北京,-1.2,66.01,1.65,1.41,1012.23,2024,1,17,17,3,1,冬季
2024-01-18,北京,6.33,76.35,4.72,4.97,1011.35,2024,1,18,18,3,1,冬季
2024-01-19,北京,-2.12,63.73,1.14,8.62,984.95,2024,1,19,19,3,1,冬季
2024-01-20,北京,2.34,85.29,0.22,2.34,1025.12,2024,1,20,20,3,1,冬季
2024-01-21,北京,1.21,66.23,0.1,5.81,1019.92,2024,1,21,21,3,1,冬季
2024-01-22,北京,2.76,75.79,1.99,2.25,1025.16,2024,1,22,22,4,1,冬季
2024-01-23,北京,2.75,66.95,1.05,3.3,1016.9,2024,1,23,23,4,1,冬季
2024-01-24,北京,-7.94,71.98,0.16,3.53,1014.45,2024,1,24,24,4,1,冬季
2024-01-25,北京,4.93,81.5,1.05,5.18,1006.72,2024,1,25,25,4,1,冬季
2024-01-26,北京,12.98,78.22,0.19,0.88,1011.22,2024,1,26,26,4,1,冬季
2024-01-27,北京,5.29,71.23,1.03,5.1,995.64,2024,1,27,27,4,1,冬季
2024-01-28,北京,4.85,72.49,1.54,2.03,1019.19,2024,1,28,28,4,1,冬季
2024-01-29,北京,3.26,44.25,5.29,2.27,997.02,2024,1,29,29,5,1,冬季
2024-01-30,北京,6.06,70.97,6.56,6.61,1019.76,2024,1,30,30,5,1,冬季
2024-01-31,北京,2.63,54.08,1.62,1.62,1023.75,2024,1,31,31,5,1,冬季
2024-02-01,北京,9.48,63.83,1.17,5.9,1025.38,2024,2,1,32,5,1,冬季
2024-02-02,北京,12.13,66.69,1.29,4.61,1015.73,2024,2,2,33,5,1,冬季
2024-02-03,北京,8.67,76.65,0.96,3.06,1023.61,2024,2,3,34,5,1,冬季
2024-02-04,北京,17.76,47.94,1.27,3.21,993.13,2024,2,4,35,5,1,冬季
2024-02-05,北京,4.61,67.95,4.79,1.94,1003.75,2024,2,5,36,6,1,冬季
2024-02-06,北京,8.94,74.44,0.42,2.83,985.69,2024,2,6,37,6,1,冬季
2024-02-07,北京,11.65,55.94,1.16,2.4,985.47,2024,2,7,38,6,1,冬季
2024-02-08,北京,4.32,72.41,2.58,3.92,1010.42,2024,2,8,39,6,1,冬季
2024-02-09,北京,7.38,70.11,2.6,1.17,1005.97,2024,2,9,40,6,1,冬季
2024-02-10,北京,8.44,56.49,1.97,3.21,1020.19,2024,2,10,41,6,1,冬季
2024-02-11,北京,-1.28,69.54,5.63,5.77,996.17,2024,2,11,42,6,1,冬季
2024-02-12,北京,12.54,65.23,2.37,0.65,992.9,2024,2,12,43,7,1,冬季
2024-02-13,北京,9.79,53.95,0.91,4.59,1021.99,2024,2,13,44,7,1,冬季
2024-02-14,北京,1.46,59.34,2.99,0.73,1011.86,2024,2,14,45,7,1,冬季
2024-02-15,北京,9.89,59.23,0.52,8.56,1010.84,2024,2,15,46,7,1,冬季
2024-02-16,北京,12.92,64.58,1.86,2.66,998.43,2024,2,16,47,7,1,冬季
2024-02-17,北京,9.62,54.14,2.78,4.8,1011.5,2024,2,17,48,7,1,冬季
2024-02-18,北京,7.73,81.31,0.51,1.78,1030.94,2024,2,18,49,7,1,冬季
2024-02-19,北京,16.43,62.37,1.82,0.27,1004.12,2024,2,19,50,8,1,冬季
2024-02-20,北京,16.36,58.94,0.01,1.96,1024.69,2024,2,20,51,8,1,冬季
2024-02-21,北京,10.8,73.52,2.45,3.35,1030.24,2024,2,21,52,8,1,冬季
2024-02-22,北京,4.38,75.34,0.28,2.16,998.03,2024,2,22,53,8,1,冬季
2024-02-23,北京,-1.18,77.24,0.2,1.83,1009.15,2024,2,23,54,8,1,冬季
2024-02-24,北京,4.97,77.79,1.81,2.03,1005.88,2024,2,24,55,8,1,冬季
2024-02-25,北京,9.1,70.19,1.72,6.01,998.68,2024,2,25,56,8,1,冬季
2024-02-26,北京,10.7,62.63,0.11,4.45,1001.99,2024,2,26,57,9,1,冬季
2024-02-27,北京,7.91,76.79,0.52,2.58,999.84,2024,2,27,58,9,1,冬季
2024-02-28,北京,10.13,65.08,1.71,4.19,1024.83,2024,2,28,59,9,1,冬季
2024-02-29,北京,7.03,76.63,4.06,1.83,1007.11,2024,2,29,60,9,1,冬季
2024-03-01,北京,19.64,62.08,5.56,3.34,1002.9,2024,3,1,61,9,1,春季
2024-03-02,北京,21.15,65.27,0.66,10.29,1020.21,2024,3,2,62,9,1,春季
2024-03-03,北京,17.05,72.15,5.97,1.74,1008.37,2024,3,3,63,9,1,春季
2024-03-04,北京,3.72,64.31,0.14,7.76,1040.08,2024,3,4,64,10,1,春季
2024-03-05,北京,13.67,65.57,1.19,1.47,1014.52,2024,3,5,65,10,1,春季
2024-03-06,北京,11.5,57.91,0.98,4.29,1050.58,2024,3,6,66,10,1,春季
2024-03-07,北京,14.52,58.02,3.42,7.82,989.31,2024,3,7,67,10,1,春季
2024-03-08,北京,13.08,52.38,1.44,8.19,1019.21,2024,3,8,68,10,1,春季
2024-03-09,北京,7.89,77.52,1.28,7.26,1008.7,2024,3,9,69,10,1,春季
2024-03-10,北京,16.09,58.33,3.92,3.21,1011.37,2024,3,10,70,10,1,春季
2024-03-11,北京,18.47,75.84,0.79,4.95,1006.01,2024,3,11,71,11,1,春季
2024-03-12,北京,20.11,62.11,3.98,1.06,1004.86,2024,3,12,72,11,1,春季
2024-03-13,北京,8.36,57.11,4.7,3.46,1010.11,2024,3,13,73,11,1,春季
2024-03-14,北京,9.44,48.32,0.83,2.4,1015.45,2024,3,14,74,11,1,春季
2024-03-15,北京,17.55,53.84,0.51,2.65,1028.79,2024,3,15,75,11,1,春季
2024-03-16,北京,20.72,61.85,0.76,0.52,1012.48,2024,3,16,76,11,1,春季
2024-03-17,北京,16.23,48.75,2.14,2.31,994.42,2024,3,17,77,11,1,春季
2024-03-18,北京,18.9,48.26,2.7,5.51,1011.74,2024,3,18,78,12,1,春季
2024-03-19,北京,26.53,46.01,2.36,6.52,1016.54,2024,3,19,79,12,1,春季
2024-03-20,北京,10.09,53.13,0.08,7.25,1032.11,2024,3,20,80,12,1,春季
2024-03-21,北京,14.66,71.94,4.09,5.21,1009.93,2024,3,21,81,12,1,春季
2024-03-22,北京,17.12,43.95,1.52,4.06,997.28,2024,3,22,82,12,1,春季
2024-03-23,北京,19.36,63.27,2.25,3.87,979.62,2024,3,23,83,12,1,春季
2024-03-24,北京,17.55,62.02,1.01,3.52,1015.35,2024,3,24,84,12,1,春季
2024-03-25,北京,14.83,69.06,1.23,1.17,1016.24,2024,3,25,85,13,1,春季
2024-03-26,北京,22.96,54.12,3.21,3.71,1021.61,2024,3,26,86,13,1,春季
2024-03-27,北京,23.72,66.64,5.16,1.54,1034.24,2024,3,27,87,13,1,春季
2024-03-28,北京,14.44,55.47,1.04,4.39,999.79,2024,3,28,88,13,1,春季
2024-03-29,北京,18.22,61.46,0.37,6.48,1025.31,2024,3,29,89,13,1,春季
2024-03-30,北京,16.39,63.2,0.07,3.65,981.51,2024,3,30,90,13,1,春季
2024-03-31,北京,17.07,57.67,0.92,3.16,1010.67,2024,3,31,91,13,1,春季
2024-04-01,北京,14.65,48.63,0.28,1.26,989.89,2024,4,1,92,14,2,春季
2024-04-02,北京,18.74,70.2,4.71,0.56,1044.53,2024,4,2,93,14,2,春季
2024-04-03,北京,22.0,52.28,1.27,7.23,997.13,2024,4,3,94,14,2,春季
2024-04-04,北京,25.6,51.24,2.91,8.16,1001.11,2024,4,4,95,14,2,春季
2024-04-05,北京,23.32,69.62,0.69,7.72,1033.65,2024,4,5,96,14,2,春季
2024-04-06,北京,22.18,50.45,1.69,9.55,1015.77,2024,4,6,97,14,2,春季
2024-04-07,北京,18.56,61.57,0.93,5.77,1020.72,2024,4,7,98,14,2,春季
2024-04-08,北京,28.29,53.29,2.99,1.38,995.18,2024,4,8,99,15,2,春季
2024-04-09,北京,16.48,57.25,0.74,4.17,1022.53,2024,4,9,100,15,2,春季
2024-04-10,北京,25.9,47.9,0.04,2.48,1043.38,2024,4,10,101,15,2,春季
2024-04-11,北京,22.82,52.24,0.92,7.46,1008.46,2024,4,11,102,15,2,春季
2024-04-12,北京,28.78,66.88,0.58,6.39,1005.64,2024,4,12,103,15,2,春季
2024-04-13,北京,24.5,34.86,0.13,3.15,991.0,2024,4,13,104,15,2,春季
2024-04-14,北京,24.94,62.67,5.75,4.35,1015.37,2024,4,14,105,15,2,春季
2024-04-15,北京,24.06,55.66,2.06,6.1,994.56,2024,4,15,106,16,2,春季
2024-04-16,北京,27.24,67.43,0.33,9.5,998.87,2024,4,16,107,16,2,春季
2024-04-17,北京,24.04,62.33,0.79,2.18,1035.64,2024,4,17,108,16,2,春季
2024-04-18,北京,14.68,58.75,4.94,3.99,997.82,2024,4,18,109,16,2,春季
2024-04-19,北京,20.86,64.69,0.09,7.78,1006.69,2024,4,19,110,16,2,春季
2024-04-20,北京,14.7,47.21,1.16,3.21,1034.24,2024,4,20,111,16,2,春季
2024-04-21,北京,19.87,53.34,1.1,5.83,1033.88,2024,4,21,112,16,2,春季
2024-04-22,北京,21.09,46.14,1.98,4.02,1012.48,2024,4,22,113,17,2,春季
2024-04-23,北京,28.03,53.95,0.66,6.86,1011.84,2024,4,23,114,17,2,春季
2024-04-24,北京,22.94,42.07,2.97,2.6,993.6,2024,4,24,115,17,2,春季
2024-04-25,北京,15.57,56.76,2.53,7.28,1008.67,2024,4,25,116,17,2,春季
2024-04-26,北京,25.88,63.27,0.64,2.71,1026.18,2024,4,26,117,17,2,春季
2024-04-27,北京,14.78,71.77,4.51,2.29,1002.74,2024,4,27,118,17,2,春季
2024-04-28,北京,20.2,56.32,0.24,1.58,996.99,2024,4,28,119,17,2,春季
2024-04-29,北京,17.61,67.09,2.87,4.47,1001.93,2024,4,29,120,18,2,春季
2024-04-30,北京,12.75,61.97,0.77,9.65,1012.65,2024,4,30,121,18,2,春季
2024-05-01,北京,26.62,55.12,0.48,1.59,1016.33,2024,5,1,122,18,2,春季
2024-05-02,北京,21.08,55.71,0.14,1.75,1012.48,2024,5,2,123,18,2,春季
2024-05-03,北京,31.96,56.28,1.21,8.19,1014.97,2024,5,3,124,18,2,春季
2024-05-04,北京,30.85,36.71,0.1,4.58,1004.42,2024,5,4,125,18,2,春季
2024-05-05,北京,18.71,43.83,1.67,4.85,1017.25,2024,5,5,126,18,2,春季
2024-05-06,北京,26.72,34.99,0.37,0.71,1007.99,2024,5,6,127,19,2,春季
2024-05-07,北京,32.52,48.61,3.97,2.62,1032.4,2024,5,7,128,19,2,春季
2024-05-08,北京,30.1,52.71,1.78,3.96,1035.84,2024,5,8,129,19,2,春季
2024-05-09,北京,25.89,37.98,2.61,1.89,1024.05,2024,5,9,130,19,2,春季
2024-05-10,北京,24.8,59.42,1.2,3.01,989.92,2024,5,10,131,19,2,春季
2024-05-11,北京,27.06,48.01,2.82,0.93,996.16,2024,5,11,132,19,2,春季
2024-05-12,北京,32.85,45.27,3.4,3.27,1011.05,2024,5,12,133,19,2,春季
2024-05-13,北京,27.87,56.07,1.89,1.33,1025.53,2024,5,13,134,20,2,春季
2024-05-14,北京,24.09,40.19,1.58,7.41,1028.28,2024,5,14,135,20,2,春季
2024-05-15,北京,27.36,63.04,1.78,2.68,1015.97,2024,5,15,136,20,2,春季
2024-05-16,北京,41.43,41.89,1.08,2.72,1010.26,2024,5,16,137,20,2,春季
2024-05-17,北京,23.63,56.02,0.94,2.81,1040.92,2024,5,17,138,20,2,春季
2024-05-18,北京,29.37,64.05,0.91,3.64,992.2,2024,5,18,139,20,2,春季
2024-05-19,北京,27.43,53.06,1.25,3.45,984.59,2024,5,19,140,20,2,春季
2024-05-20,北京,45.71,44.43,1.57,6.51,1001.08,2024,5,20,141,21,2,春季
2024-05-21,北京,13.88,48.51,3.96,3.21,1008.96,2024,5,21,142,21,2,春季
2024-05-22,北京,28.34,53.04,0.21,3.24,1021.92,2024,5,22,143,21,2,春季
2024-05-23,北京,26.58,47.7,0.17,4.84,1031.76,2024,5,23,144,21,2,春季
2024-05-24,北京,22.04,41.03,3.9,5.37,1039.27,2024,5,24,145,21,2,春季
2024-05-25,北京,25.1,55.47,2.59,1.11,1018.49,2024,5,25,146,21,2,春季
2024-05-26,北京,33.81,62.2,1.72,0.33,987.54,2024,5,26,147,21,2,春季
2024-05-27,北京,22.72,65.61,1.32,2.12,1002.8,2024,5,27,148,22,2,春季
2024-05-28,北京,19.67,53.67,1.58,8.68,990.2,2024,5,28,149,22,2,春季
2024-05-29,北京,24.63,54.75,0.83,5.65,1006.15,2024,5,29,150,22,2,春季
2024-05-30,北京,23.15,48.25,1.82,3.05,1034.27,2024,5,30,151,22,2,春季
2024-05-31,北京,24.49,37.17,0.3,8.68,1019.57,2024,5,31,152,22,2,春季
2024-06-01,北京,34.18,51.19,1.89,1.78,1015.98,2024,6,1,153,22,2,夏季
2024-06-02,北京,36.06,47.24,1.89,1.41,1051.66,2024,6,2,154,22,2,夏季
2024-06-03,北京,30.87,58.34,1.04,4.87,1012.48,2024,6,3,155,23,2,夏季
2024-06-04,北京,24.68,53.29,1.89,5.98,1021.97,2024,6,4,156,23,2,夏季
2024-06-05,北京,36.1,70.14,1.89,3.0,1014.72,2024,6,5,157,23,2,夏季
2024-06-06,北京,22.38,44.69,1.89,8.05,1008.62,2024,6,6,158,23,2,夏季
2024-06-07,北京,29.99,48.23,0.84,1.63,1027.04,2024,6,7,159,23,2,夏季
2024-06-08,北京,28.76,45.2,1.89,4.51,998.4,2024,6,8,160,23,2,夏季
2024-06-09,北京,34.98,55.76,0.92,4.62,1008.79,2024,6,9,161,23,2,夏季
2024-06-10,北京,36.99,61.91,4.28,2.61,1042.92,2024,6,10,162,24,2,夏季
2024-06-11,北京,23.73,40.01,1.89,3.52,1034.6,2024,6,11,163,24,2,夏季
2024-06-12,北京,33.16,38.49,3.89,2.24,1031.0,2024,6,12,164,24,2,夏季
2024-06-13,北京,24.87,45.42,0.27,5.88,1009.57,2024,6,13,165,24,2,夏季
2024-06-14,北京,29.14,49.34,1.89,3.76,996.27,2024,6,14,166,24,2,夏季
2024-06-15,北京,29.55,66.1,3.36,5.57,1010.94,2024,6,15,167,24,2,夏季
2024-06-16,北京,33.09,53.47,3.08,8.69,990.14,2024,6,16,168,24,2,夏季
2024-06-17,北京,17.56,45.42,1.89,2.71,1032.12,2024,6,17,169,25,2,夏季
2024-06-18,北京,27.55,47.17,3.48,2.77,1012.3,2024,6,18,170,25,2,夏季
2024-06-19,北京,35.26,31.57,0.61,4.92,1014.95,2024,6,19,171,25,2,夏季
2024-06-20,北京,22.74,40.76,1.89,5.21,1022.78,2024,6,20,172,25,2,夏季
2024-06-21,北京,36.03,52.69,1.89,2.38,1004.78,2024,6,21,173,25,2,夏季
2024-06-22,北京,34.69,34.7,6.11,2.09,1006.0,2024,6,22,174,25,2,夏季
2024-06-23,北京,21.16,50.2,1.89,1.84,1012.15,2024,6,23,175,25,2,夏季
2024-06-24,北京,35.89,36.88,2.62,8.74,1018.73,2024,6,24,176,26,2,夏季
2024-06-25,北京,25.81,37.87,4.99,1.39,1012.83,2024,6,25,177,26,2,夏季
2024-06-26,北京,31.92,40.09,1.89,6.88,1017.41,2024,6,26,178,26,2,夏季
2024-06-27,北京,25.97,66.77,1.85,1.79,1010.5,2024,6,27,179,26,2,夏季
2024-06-28,北京,25.82,39.04,1.03,3.28,1029.85,2024,6,28,180,26,2,夏季
2024-06-29,北京,20.37,64.94,1.71,2.08,1018.55,2024,6,29,181,26,2,夏季
2024-06-30,北京,25.33,56.73,2.93,0.98,1033.22,2024,6,30,182,26,2,夏季
2024-07-01,北京,32.54,41.22,4.61,1.12,1014.31,2024,7,1,183,27,3,夏季
2024-07-02,北京,22.95,55.65,1.94,5.32,1033.71,2024,7,2,184,27,3,夏季
2024-07-03,北京,28.17,70.75,0.95,3.58,1006.65,2024,7,3,185,27,3,夏季
2024-07-04,北京,20.2,37.9,0.43,5.64,1008.76,2024,7,4,186,27,3,夏季
2024-07-05,北京,25.88,43.94,6.31,2.43,995.3,2024,7,5,187,27,3,夏季
2024-07-06,北京,33.14,68.59,1.89,4.78,988.15,2024,7,6,188,27,3,夏季
2024-07-07,北京,37.31,62.33,0.05,4.76,1011.12,2024,7,7,189,27,3,夏季
2024-07-08,北京,21.3,48.03,5.18,4.63,995.25,2024,7,8,190,28,3,夏季
2024-07-09,北京,26.07,37.81,1.89,4.29,1004.3,2024,7,9,191,28,3,夏季
2024-07-10,北京,25.75,47.28,2.2,3.21,1022.11,2024,7,10,192,28,3,夏季
2024-07-11,北京,24.0,62.09,1.89,1.69,1041.94,2024,7,11,193,28,3,夏季
2024-07-12,北京,25.12,60.06,3.32,3.19,1004.4,2024,7,12,194,28,3,夏季
2024-07-13,北京,28.15,51.55,6.09,3.86,999.92,2024,7,13,195,28,3,夏季
2024-07-14,北京,28.15,49.72,1.89,2.06,1027.49,2024,7,14,196,28,3,夏季
2024-07-15,北京,31.04,48.02,1.89,4.42,1036.19,2024,7,15,197,29,3,夏季
2024-07-16,北京,17.18,56.17,1.89,4.16,1015.79,2024,7,16,198,29,3,夏季
2024-07-17,北京,26.02,54.43,0.68,3.45,1010.45,2024,7,17,199,29,3,夏季
2024-07-18,北京,27.84,52.73,3.23,7.15,1019.43,2024,7,18,200,29,3,夏季
2024-07-19,北京,26.38,64.7,8.06,3.25,1030.45,2024,7,19,201,29,3,夏季
2024-07-20,北京,25.04,54.65,2.24,4.9,986.3,2024,7,20,202,29,3,夏季
2024-07-21,北京,25.99,52.91,1.06,0.31,1012.85,2024,7,21,203,29,3,夏季
2024-07-22,北京,24.37,55.01,0.54,9.86,1002.65,2024,7,22,204,30,3,夏季
2024-07-23,北京,27.39,66.48,4.5,0.99,1019.72,2024,7,23,205,30,3,夏季
2024-07-24,北京,31.17,46.59,1.89,2.6,1009.93,2024,7,24,206,30,3,夏季
2024-07-25,北京,31.57,47.41,0.03,3.26,1006.98,2024,7,25,207,30,3,夏季
2024-07-26,北京,31.11,69.39,0.65,2.47,996.37,2024,7,26,208,30,3,夏季
2024-07-27,北京,26.04,64.9,0.78,1.52,1012.49,2024,7,27,209,30,3,夏季
2024-07-28,北京,30.78,47.29,1.89,2.19,1027.93,2024,7,28,210,30,3,夏季
2024-07-29,北京,36.66,55.18,1.89,6.17,1020.75,2024,7,29,211,31,3,夏季
2024-07-30,北京,29.45,52.49,5.72,2.27,1025.71,2024,7,30,212,31,3,夏季
2024-07-31,北京,18.1,71.61,1.89,2.69,1006.36,2024,7,31,213,31,3,夏季
2024-08-01,北京,21.09,48.63,3.92,1.27,1018.73,2024,8,1,214,31,3,夏季
2024-08-02,北京,26.63,53.96,5.05,1.85,1006.47,2024,8,2,215,31,3,夏季
2024-08-03,北京,17.64,55.8,3.98,0.69,1022.47,2024,8,3,216,31,3,夏季
2024-08-04,北京,20.59,62.4,1.89,7.08,993.32,2024,8,4,217,31,3,夏季
2024-08-05,北京,26.39,47.68,6.02,3.02,1024.15,2024,8,5,218,32,3,夏季
2024-08-06,北京,24.41,54.59,1.89,5.68,1008.0,2024,8,6,219,32,3,夏季
2024-08-07,北京,25.18,42.5,0.6,2.5,1018.52,2024,8,7,220,32,3,夏季
2024-08-08,北京,29.67,36.4,1.89,3.2,1019.3,2024,8,8,221,32,3,夏季
2024-08-09,北京,24.56,70.76,4.75,3.4,983.55,2024,8,9,222,32,3,夏季
2024-08-10,北京,23.86,70.91,1.89,0.7,1016.92,2024,8,10,223,32,3,夏季
2024-08-11,北京,15.46,57.75,7.81,6.65,1006.79,2024,8,11,224,32,3,夏季
2024-08-12,北京,20.1,57.69,4.03,2.2,1001.56,2024,8,12,225,33,3,夏季
2024-08-13,北京,28.71,62.27,1.89,8.31,1013.66,2024,8,13,226,33,3,夏季
2024-08-14,北京,23.38,44.75,1.89,4.37,1033.48,2024,8,14,227,33,3,夏季
2024-08-15,北京,21.89,62.27,3.22,2.39,983.34,2024,8,15,228,33,3,夏季
2024-08-16,北京,27.4,52.5,1.68,2.37,1013.63,2024,8,16,229,33,3,夏季
2024-08-17,北京,31.74,66.91,0.42,6.12,991.41,2024,8,17,230,33,3,夏季
2024-08-18,北京,27.27,76.72,2.55,2.08,1007.04,2024,8,18,231,33,3,夏季
2024-08-19,北京,16.56,59.42,1.56,4.39,1021.58,2024,8,19,232,34,3,夏季
2024-08-20,北京,14.87,49.03,1.89,1.93,1027.47,2024,8,20,233,34,3,夏季
2024-08-21,北京,18.51,65.19,4.45,3.28,1012.74,2024,8,21,234,34,3,夏季
2024-08-22,北京,26.42,49.31,1.89,3.2,1000.86,2024,8,22,235,34,3,夏季
2024-08-23,北京,25.86,62.46,3.43,1.24,1010.24,2024,8,23,236,34,3,夏季
2024-08-24,北京,24.19,77.8,2.55,1.78,1031.32,2024,8,24,237,34,3,夏季
2024-08-25,北京,18.96,46.5,1.89,3.97,1014.38,2024,8,25,238,34,3,夏季
2024-08-26,北京,23.74,53.95,8.36,0.97,1006.34,2024,8,26,239,35,3,夏季
2024-08-27,北京,14.68,43.65,8.95,3.23,1010.24,2024,8,27,240,35,3,夏季
2024-08-28,北京,18.92,51.27,7.91,1.3,1002.61,2024,8,28,241,35,3,夏季
2024-08-29,北京,16.54,65.06,1.89,4.22,992.5,2024,8,29,242,35,3,夏季
2024-08-30,北京,15.53,53.38,7.44,3.5,1008.35,2024,8,30,243,35,3,夏季
2024-08-31,北京,19.75,56.24,4.27,6.52,1027.99,2024,8,31,244,35,3,夏季
2024-09-01,北京,20.27,62.18,1.14,3.21,987.62,2024,9,1,245,35,3,秋季
2024-09-02,北京,18.98,73.65,0.35,2.79,995.48,2024,9,2,246,36,3,秋季
2024-09-03,北京,20.68,56.19,2.88,4.17,985.61,2024,9,3,247,36,3,秋季
2024-09-04,北京,20.01,65.88,1.42,2.3,1012.48,2024,9,4,248,36,3,秋季
2024-09-05,北京,13.51,53.08,0.16,8.88,1011.84,2024,9,5,249,36,3,秋季
2024-09-06,北京,11.94,57.59,1.6,5.61,991.07,2024,9,6,250,36,3,秋季
2024-09-07,北京,13.92,57.07,1.28,2.63,1023.62,2024,9,7,251,36,3,秋季
2024-09-08,北京,20.62,66.77,2.99,8.52,1015.51,2024,9,8,252,36,3,秋季
2024-09-09,北京,18.03,41.58,1.53,8.66,1005.65,2024,9,9,253,37,3,秋季
2024-09-10,北京,12.04,72.74,0.08,7.88,989.16,2024,9,10,254,37,3,秋季
2024-09-11,北京,15.94,63.88,0.8,8.67,1003.11,2024,9,11,255,37,3,秋季
2024-09-12,北京,9.87,75.89,1.34,0.62,1003.13,2024,9,12,256,37,3,秋季
2024-09-13,北京,11.1,69.92,0.17,3.25,1009.72,2024,9,13,257,37,3,秋季
2024-09-14,北京,14.91,62.93,0.59,3.28,1027.85,2024,9,14,258,37,3,秋季
2024-09-15,北京,13.85,52.03,5.77,0.55,1028.15,2024,9,15,259,37,3,秋季
2024-09-16,北京,13.77,64.47,1.41,5.76,1035.3,2024,9,16,260,38,3,秋季
2024-09-17,北京,8.28,49.25,2.31,2.42,992.07,2024,9,17,261,38,3,秋季
2024-09-18,北京,17.27,59.34,0.3,0.95,1018.79,2024,9,18,262,38,3,秋季
2024-09-19,北京,13.38,62.38,4.86,4.65,994.57,2024,9,19,263,38,3,秋季
2024-09-20,北京,11.25,57.0,0.42,8.71,1013.04,2024,9,20,264,38,3,秋季
2024-09-21,北京,8.61,71.57,0.83,2.36,1043.93,2024,9,21,265,38,3,秋季
2024-09-22,北京,17.09,55.03,0.13,4.99,996.63,2024,9,22,266,38,3,秋季
2024-09-23,北京,10.93,48.35,1.54,5.12,1004.74,2024,9,23,267,39,3,秋季
2024-09-24,北京,14.41,48.43,2.98,7.4,991.39,2024,9,24,268,39,3,秋季
2024-09-25,北京,9.62,63.37,3.55,0.93,999.69,2024,9,25,269,39,3,秋季
2024-09-26,北京,14.37,54.49,0.92,4.73,1009.23,2024,9,26,270,39,3,秋季
2024-09-27,北京,15.74,56.98,1.5,2.63,1022.51,2024,9,27,271,39,3,秋季
2024-09-28,北京,-4.61,62.84,1.22,5.32,1001.71,2024,9,28,272,39,3,秋季
2024-09-29,北京,17.0,61.66,2.18,3.69,1015.24,2024,9,29,273,39,3,秋季
2024-09-30,北京,9.45,63.23,1.53,5.7,1000.43,2024,9,30,274,40,3,秋季
2024-10-01,北京,-0.32,58.99,1.89,2.69,1018.35,2024,10,1,275,40,4,秋季
2024-10-02,北京,8.4,55.44,3.04,3.79,1012.29,2024,10,2,276,40,4,秋季
2024-10-03,北京,6.92,53.17,2.27,2.95,1031.86,2024,10,3,277,40,4,秋季
2024-10-04,北京,11.61,51.88,8.53,4.47,997.81,2024,10,4,278,40,4,秋季
2024-10-05,北京,4.82,71.64,1.91,2.18,1006.31,2024,10,5,279,40,4,秋季
2024-10-06,北京,5.92,65.04,1.89,2.8,1023.95,2024,10,6,280,40,4,秋季
2024-10-07,北京,5.64,59.27,0.32,6.28,975.72,2024,10,7,281,41,4,秋季
2024-10-08,北京,2.3,56.61,2.87,2.12,1002.17,2024,10,8,282,41,4,秋季
2024-10-09,北京,12.42,57.25,0.29,1.83,1036.46,2024,10,9,283,41,4,秋季
2024-10-10,北京,11.51,53.32,0.8,6.7,995.52,2024,10,10,284,41,4,秋季
2024-10-11,北京,4.45,50.85,0.18,1.7,1007.0,2024,10,11,285,41,4,秋季
2024-10-12,北京,10.02,65.81,0.48,2.97,1021.88,2024,10,12,286,41,4,秋季
2024-10-13,北京,10.35,58.83,0.29,1.22,1036.34,2024,10,13,287,41,4,秋季
2024-10-14,北京,8.73,68.97,0.03,4.6,994.96,2024,10,14,288,42,4,秋季
2024-10-15,北京,15.0,60.97,9.13,5.94,1034.88,2024,10,15,289,42,4,秋季
2024-10-16,北京,7.91,53.19,8.59,0.15,1004.29,2024,10,16,290,42,4,秋季
2024-10-17,北京,8.18,69.3,1.04,6.61,1010.32,2024,10,17,291,42,4,秋季
2024-10-18,北京,7.67,59.87,2.12,2.17,1000.29,2024,10,18,292,42,4,秋季
2024-10-19,北京,5.25,83.09,2.55,6.22,1022.41,2024,10,19,293,42,4,秋季
2024-10-20,北京,6.98,57.92,0.21,1.63,1029.46,2024,10,20,294,42,4,秋季
2024-10-21,北京,14.4,64.57,0.29,7.22,1029.5,2024,10,21,295,43,4,秋季
2024-10-22,北京,15.4,84.63,2.03,4.27,1034.05,2024,10,22,296,43,4,秋季
2024-10-23,北京,9.67,73.05,4.65,1.18,1023.86,2024,10,23,297,43,4,秋季
2024-10-24,北京,11.99,66.21,0.28,1.92,1012.12,2024,10,24,298,43,4,秋季
2024-10-25,北京,7.74,67.42,0.85,1.41,979.37,2024,10,25,299,43,4,秋季
2024-10-26,北京,11.66,66.64,3.46,4.07,1000.52,2024,10,26,300,43,4,秋季
2024-10-27,北京,4.13,71.28,2.04,4.34,1001.62,2024,10,27,301,43,4,秋季
2024-10-28,北京,6.84,82.47,1.63,0.34,975.82,2024,10,28,302,44,4,秋季
2024-10-29,北京,-2.72,76.75,1.2,2.39,1008.22,2024,10,29,303,44,4,秋季
2024-10-30,北京,10.2,69.72,2.1,2.72,1033.65,2024,10,30,304,44,4,秋季
2024-10-31,北京,11.31,58.68,0.55,1.37,1015.21,2024,10,31,305,44,4,秋季
2024-11-01,北京,6.08,67.95,0.06,10.04,1039.63,2024,11,1,306,44,4,秋季
2024-11-02,北京,3.55,75.68,3.33,1.51,1004.31,2024,11,2,307,44,4,秋季
2024-11-03,北京,9.45,79.79,1.89,5.68,995.41,2024,11,3,308,44,4,秋季
2024-11-04,北京,0.45,75.1,4.98,1.38,1004.48,2024,11,4,309,45,4,秋季
2024-11-05,北京,-2.22,50.65,0.53,2.43,1013.27,2024,11,5,310,45,4,秋季
2024-11-06,北京,0.89,61.99,1.85,6.0,1002.56,2024,11,6,311,45,4,秋季
2024-11-07,北京,11.97,78.67,2.84,2.29,1015.61,2024,11,7,312,45,4,秋季
2024-11-08,北京,-2.24,67.18,2.8,2.39,1024.73,2024,11,8,313,45,4,秋季
2024-11-09,北京,6.2,76.91,2.75,1.48,1014.62,2024,11,9,314,45,4,秋季
2024-11-10,北京,-5.34,70.83,0.38,5.33,1041.3,2024,11,10,315,45,4,秋季
2024-11-11,北京,-5.49,69.77,3.36,10.13,997.2,2024,11,11,316,46,4,秋季
2024-11-12,北京,3.74,68.29,0.6,1.18,1002.49,2024,11,12,317,46,4,秋季
2024-11-13,北京,4.17,67.23,3.19,3.79,999.12,2024,11,13,318,46,4,秋季
2024-11-14,北京,-0.31,73.47,1.6,1.38,1026.01,2024,11,14,319,46,4,秋季
2024-11-15,北京,7.0,69.58,0.18,1.88,1017.13,2024,11,15,320,46,4,秋季
2024-11-16,北京,4.84,71.28,0.73,7.64,1029.43,2024,11,16,321,46,4,秋季
2024-11-17,北京,-5.36,63.27,1.26,1.78,1024.19,2024,11,17,322,46,4,秋季
2024-11-18,北京,2.79,76.66,1.75,7.46,1007.82,2024,11,18,323,47,4,秋季
2024-11-19,北京,0.95,61.58,0.93,4.95,1009.92,2024,11,19,324,47,4,秋季
2024-11-20,北京,0.87,70.24,3.63,2.3,1008.6,2024,11,20,325,47,4,秋季
2024-11-21,北京,3.93,59.77,1.94,2.31,1033.63,2024,11,21,326,47,4,秋季
2024-11-22,北京,4.99,90.17,5.47,5.74,1033.41,2024,11,22,327,47,4,秋季
2024-11-23,北京,-2.39,56.93,0.94,4.5,994.36,2024,11,23,328,47,4,秋季
2024-11-24,北京,0.45,69.14,1.31,3.54,1017.17,2024,11,24,329,47,4,秋季
2024-11-25,北京,-6.12,68.35,0.89,4.27,1020.34,2024,11,25,330,48,4,秋季
2024-11-26,北京,-0.72,67.63,6.09,4.93,1043.55,2024,11,26,331,48,4,秋季
2024-11-27,北京,0.9,86.35,0.12,0.4,1005.01,2024,11,27,332,48,4,秋季
2024-11-28,北京,5.3,66.51,1.82,0.36,988.44,2024,11,28,333,48,4,秋季
2024-11-29,北京,5.75,69.91,6.51,2.91,995.34,2024,11,29,334,48,4,秋季
2024-11-30,北京,2.22,57.27,1.89,3.77,1022.13,2024,11,30,335,48,4,秋季
2024-12-01,北京,-3.5,69.38,0.23,2.76,1006.52,2024,12,1,336,48,4,冬季
2024-12-02,北京,-5.56,53.06,2.14,1.83,994.15,2024,12,2,337,49,4,冬季
2024-12-03,北京,-2.03,76.92,1.7,2.3,1010.5,2024,12,3,338,49,4,冬季
2024-12-04,北京,-5.82,71.71,4.31,3.12,989.88,2024,12,4,339,49,4,冬季
2024-12-05,北京,0.47,79.84,1.5,2.77,1022.04,2024,12,5,340,49,4,冬季
2024-12-06,北京,-2.93,64.21,0.49,3.21,1013.38,2024,12,6,341,49,4,冬季
2024-12-07,北京,2.87,75.32,3.02,0.16,1017.9,2024,12,7,342,49,4,冬季
2024-12-08,北京,-6.18,82.42,4.27,6.5,1043.0,2024,12,8,343,49,4,冬季
2024-12-09,北京,-5.27,75.55,0.46,3.21,1016.58,2024,12,9,344,50,4,冬季
2024-12-10,北京,6.85,59.84,0.18,3.26,1016.62,2024,12,10,345,50,4,冬季
2024-12-11,北京,-0.5,76.43,1.46,7.23,1012.2,2024,12,11,346,50,4,冬季
2024-12-12,北京,1.02,69.85,4.14,1.39,1034.82,2024,12,12,347,50,4,冬季
2024-12-13,北京,9.4,75.47,4.42,5.13,976.35,2024,12,13,348,50,4,冬季
2024-12-14,北京,-0.02,64.27,1.41,3.72,1007.59,2024,12,14,349,50,4,冬季
2024-12-15,北京,-7.02,68.91,0.89,5.39,1047.11,2024,12,15,350,50,4,冬季
2024-12-16,北京,1.68,67.78,3.4,8.37,1031.7,2024,12,16,351,51,4,冬季
2024-12-17,北京,-6.37,74.6,0.12,10.07,998.02,2024,12,17,352,51,4,冬季
2024-12-18,北京,-4.93,61.83,0.74,6.2,1018.11,2024,12,18,353,51,4,冬季
2024-12-19,北京,-1.26,68.88,3.79,1.61,1003.37,2024,12,19,354,51,4,冬季
2024-12-20,北京,-8.41,66.97,1.89,5.69,1006.68,2024,12,20,355,51,4,冬季
2024-12-21,北京,-7.49,77.63,0.54,8.49,1008.23,2024,12,21,356,51,4,冬季
2024-12-22,北京,0.76,61.9,1.43,5.08,1009.58,2024,12,22,357,51,4,冬季
2024-12-23,北京,3.08,69.86,0.05,2.85,1000.96,2024,12,23,358,52,4,冬季
2024-12-24,北京,0.17,67.4,5.63,1.55,1007.92,2024,12,24,359,52,4,冬季
2024-12-25,北京,4.66,72.64,2.03,1.0,1028.03,2024,12,25,360,52,4,冬季
2024-12-26,北京,2.0,46.62,7.56,7.03,1021.11,2024,12,26,361,52,4,冬季
2024-12-27,北京,9.68,64.54,0.59,2.16,997.23,2024,12,27,362,52,4,冬季
2024-12-28,北京,-9.26,74.27,1.17,3.21,1008.92,2024,12,28,363,52,4,冬季
2024-12-29,北京,6.17,74.32,3.66,3.69,996.9,2024,12,29,364,52,4,冬季
2024-12-30,北京,2.4,73.45,1.46,3.45,1004.98,2024,12,30,365,1,4,冬季
2024-12-31,北京,0.46,54.08,0.07,5.18,1026.02,2024,12,31,366,1,4,冬季
